person_id,positive_product_id,negative_product_id,negative_type,negative_distance,label_positive,label_negative
Alex,jade-kimono-kaleidoscope#Blue,the-boat-neck-top#Black,hard,0.35763269397428876,1,0
Alex,jade-kimono-kaleidoscope#Blue,luxe-shirt#Navy,semi-hard,0.5032754956126603,1,0
Alex,jade-kimono-kaleidoscope#Blue,natural-classic-cardigan#Pebble,random,0.31249288528982017,1,0
Alex,jade-kimono-sweet-blossoms#Blue,manhattan-stretch-tee#Black,hard,0.341821937906708,1,0
Alex,jade-kimono-sweet-blossoms#Blue,always-mine-spliced-cardigan#GreyEmeral,semi-hard,0.5271330132590908,1,0
Alex,jade-kimono-sweet-blossoms#Blue,the-contrast-trim-knit#BlackWhite,random,0.5507662835249043,1,0
Alex,lola-bell-sleeve-top-ditsy-daisies#Blue,pure-merino-fine-rib-polo#BlackStri,hard,0.251496720605916,1,0
Alex,lola-bell-sleeve-top-ditsy-daisies#Blue,natural-waterfall-cardigan#Fallendust,semi-hard,0.5287356321839081,1,0
Alex,lola-bell-sleeve-top-ditsy-daisies#Blue,long-sleeve-softly-swinging-bamboo-tee#Storm,random,0.6296823869111944,1,0
Alex,lola-bell-sleeve-top-entangled-vines#Gold,mila-knit-cardigan#Clay,hard,0.3309924231260438,1,0
Alex,lola-bell-sleeve-top-entangled-vines#Gold,natural-overlay-knit#Greybloss,semi-hard,0.5904063298699315,1,0
Alex,lola-bell-sleeve-top-entangled-vines#Gold,fundamental-split-hoodie-1#Khaki,random,0.6919169375616934,1,0
Alex,the-batwing-tee#Black,eco-78-long-cardigan#DarkGreyM,hard,0.3458925267474118,1,0
Alex,the-batwing-tee#Black,natural-cosy-sweater#Rosered,semi-hard,0.5958918688803747,1,0
Alex,the-batwing-tee#Black,relaxed-top-1#FloraStrip,random,0.6544274159216688,1,0
Alex,the-batwing-tee#FrenchBlue,the-reversible-cowl-neck-top-2#Ocean,hard,0.2757523879111523,1,0
Alex,the-batwing-tee#FrenchBlue,wellington-tee#HeatheGrey,semi-hard,0.5907192065597238,1,0
Alex,the-batwing-tee#FrenchBlue,the-daily-cross-over-top#PinkPrint,random,0.632183908045977,1,0
Alex,the-batwing-tee#Sea,holly-rib-long-sleeve-tee#Khaki,hard,0.2607260469149837,1,0
Alex,the-batwing-tee#Sea,panelled-stripe-top#NavyWhite,semi-hard,0.5162322843716523,1,0
Alex,the-batwing-tee#Sea,millie-top#WhiteBlk,random,0.42041965192108866,1,0
Alex,the-batwing-tee#Stone,merino-boyfriend-cardigan#MelangeStr,hard,0.3713223770695035,1,0
Alex,the-batwing-tee#Stone,the-tie-front-tank#White,semi-hard,0.5738825799440024,1,0
Alex,the-batwing-tee#Stone,the-twist-front-top#Navy,random,0.8140121682985667,1,0
Alex,the-cotton-bamboo-tank#Chambray,elina-lace-frill-blouse#Black,hard,0.31760603500905227,1,0
Alex,the-cotton-bamboo-tank#Chambray,sequin-star-tee#Navy,semi-hard,0.5632150283730744,1,0
Alex,the-cotton-bamboo-tank#Chambray,softly-swinging-bamboo-singlet#Cashew,random,0.6184774858894829,1,0
Alex,the-cotton-bamboo-tank#DarkNavy,leah-knit-cardigan#Black,hard,0.35153366349487036,1,0
Alex,the-cotton-bamboo-tank#DarkNavy,fundamental-rib-long-sleeve-tee#White,semi-hard,0.49513273417727444,1,0
Alex,the-cotton-bamboo-tank#DarkNavy,geneva-v-neck-top#ClaySpot,random,0.5739631138338035,1,0
Alex,the-cotton-bamboo-tank#DuckEgg,manhattan-stretch-tee#NavyWhtStr,hard,0.341821937906708,1,0
Alex,the-cotton-bamboo-tank#DuckEgg,the-zip-front-top#Rose,semi-hard,0.5898158820213418,1,0
Alex,the-cotton-bamboo-tank#DuckEgg,moonlight-kisses-bamboo-tee#Saffron,random,0.6336599972106438,1,0
Alex,the-cotton-bamboo-tank#Moonbeam,falling-for-you-cardi#GreyMarle,hard,0.3333333333333333,1,0
Alex,the-cotton-bamboo-tank#Moonbeam,the-stripe-jersey-top#Pink,semi-hard,0.5377566704793716,1,0
Alex,the-cotton-bamboo-tank#Moonbeam,bird-jumper#Navy,random,0.49650690877343173,1,0
Alex,the-cotton-bamboo-tank#White,bamboo-layer-tank#Black,hard,0.272773712159488,1,0
Alex,the-cotton-bamboo-tank#White,alberta-stripe-top#IvoryStrip,semi-hard,0.5136914556813982,1,0
Alex,the-cotton-bamboo-tank#White,reversible-stripe-vee-scoop-neck-tank#BlackWhite,random,0.416515064862766,1,0
Alex,the-cotton-bamboo-tee#BlueJeans,overlay-tunic-3-pce-set#Emerald,hard,0.2912748702978588,1,0
Alex,the-cotton-bamboo-tee#BlueJeans,wellington-tee#Black,semi-hard,0.5907192065597238,1,0
Alex,the-cotton-bamboo-tee#BlueJeans,cool-breeze-jumper#Dust,random,0.5815240527884207,1,0
Alex,the-cotton-bamboo-tee#DuckEgg,paige-top#Black,hard,0.2543657762168298,1,0
Alex,the-cotton-bamboo-tee#DuckEgg,daisy-top-1#BrightBlue,semi-hard,0.5355893640735595,1,0
Alex,the-cotton-bamboo-tee#DuckEgg,picnic-top#BlackWhite,random,0.4662105601401579,1,0
Alex,the-cotton-bamboo-tee#DustyPink,34-sleeve-shirt-1#SkyWhite,hard,0.3432522139418691,1,0
Alex,the-cotton-bamboo-tee#DustyPink,the-zip-front-top#Blue,semi-hard,0.5898158820213418,1,0
Alex,the-cotton-bamboo-tee#DustyPink,ally-long-sleeve-tee#CosmosPr,random,0.27383017352485745,1,0
Alex,the-cotton-bamboo-tee#White,falling-for-you-cardi#Port,hard,0.3333333333333333,1,0
Alex,the-cotton-bamboo-tee#White,the-tie-front-top#Navy,semi-hard,0.5373415381048283,1,0
Alex,the-cotton-bamboo-tee#White,meredith-78-oversized-pullover-knit#CameoRose,random,1.088450759188307,1,0
Alex,the-cross-over-blouse#Black,everyday-linen-tunic#BotanicalB,hard,0.33180770312595026,1,0
Alex,the-cross-over-blouse#Black,ava-short-sleeve-linen-tee#Blush,semi-hard,0.5007833369004346,1,0
Alex,the-cross-over-blouse#Black,st-helens-henley-tee#White,random,0.4398497548641227,1,0
Alex,the-cross-over-blouse#Blue,falling-for-you-cardi#Dusty,hard,0.3333333333333333,1,0
Alex,the-cross-over-blouse#Blue,the-soft-knit-jumper#NavyStripe,semi-hard,0.5585355470412942,1,0
Alex,the-cross-over-blouse#Blue,fundamental-rib-long-sleeve-tee#Black,random,0.49513273417727444,1,0
Alex,the-cross-over-blouse#Mint,falling-for-you-cardi#Rust,hard,0.3333333333333333,1,0
Alex,the-cross-over-blouse#Mint,on-the-open-road-maxi-shirt#DarkOchre,semi-hard,0.5683267466223645,1,0
Alex,the-cross-over-blouse#Mint,waterfall-cardi-1#Navy,random,0.4862763453819488,1,0
Alex,the-cross-over-blouse#Red,geena-xo-ls-pullover-knit#Allure,hard,0.3687593453667448,1,0
Alex,the-cross-over-blouse#Red,drama-top#BlackGrey,semi-hard,0.5059913047520805,1,0
Alex,the-cross-over-blouse#Red,the-cross-front-spot-blouse#Spot,random,0.8275186476066505,1,0
Alex,the-cross-over-blouse#RoyalBlue,lake-house-top#CoalPrint,hard,0.3638573770578081,1,0
Alex,the-cross-over-blouse#RoyalBlue,chasing-birds-blouse#White,semi-hard,0.605044699872286,1,0
Alex,the-cross-over-blouse#RoyalBlue,clio-knit-jumper#StoneBlack,random,0.7004221654604796,1,0
Alex,the-cross-over-blouse#Silver,magnolia-fields-keyhole-blouse#Magnolia,hard,0.33600946334423343,1,0
Alex,the-cross-over-blouse#Silver,agra-shirt#White,semi-hard,0.5598350537287319,1,0
Alex,the-cross-over-blouse#Silver,rib-tank-2#Navy,random,0.4436045309788126,1,0
Alex,the-cross-over-blouse#Sunshine,mila-knit-cardigan#StoneBlack,hard,0.3309924231260438,1,0
Alex,the-cross-over-blouse#Sunshine,fundamental-sydney-crew#Burgundy,semi-hard,0.5395366028447924,1,0
Alex,the-cross-over-blouse#Sunshine,the-tie-layering-knit#Grey,random,0.859235312899106,1,0
Alex,the-cross-over-blouse#White,cable-knit-sweater#Camel,hard,0.35550432964226064,1,0
Alex,the-cross-over-blouse#White,the-cotton-blend-stripe-jumper#BlueStripe,semi-hard,0.547041294167731,1,0
Alex,the-cross-over-blouse#White,belle-tie-neck-blouse-tee#RoyalBlue,random,0.6209502070673047,1,0
Alex,the-short-sleeve-wrap-jersey-top#Black,falling-for-you-cardi#Navy,hard,0.3333333333333333,1,0
Alex,the-short-sleeve-wrap-jersey-top#Black,not-today-buttoned-cardigan#Almond,semi-hard,0.5323009791400596,1,0
Alex,the-short-sleeve-wrap-jersey-top#Black,the-spotted-tunic#NavySpot,random,0.7899132499976609,1,0
Alex,the-short-sleeve-wrap-jersey-top#Blue,pure-merino-fine-rib-v-neck#Charcoal,hard,0.09406514267625378,1,0
Alex,the-short-sleeve-wrap-jersey-top#Blue,frill-me-tie-throw-on#WhiteBlk,semi-hard,0.5195363301954538,1,0
Alex,the-short-sleeve-wrap-jersey-top#Blue,the-roll-neck-sweater#Natural,random,0.5341576261116491,1,0
Alex,the-short-sleeve-wrap-jersey-top#Emerald,cara-tee-2#Blush,hard,0.3498402406448384,1,0
Alex,the-short-sleeve-wrap-jersey-top#Emerald,the-long-sleeve-scoop-neck-tee#Navy,semi-hard,0.5313963388676033,1,0
Alex,the-short-sleeve-wrap-jersey-top#Emerald,karmen-top#HighRiskRe,random,0.492013445437775,1,0
Alex,the-short-sleeve-wrap-jersey-top#NavyWhite,monaco-knot-top#HeatheGrey,hard,0.24507835050220106,1,0
Alex,the-short-sleeve-wrap-jersey-top#NavyWhite,foil-spot-jumper#SilverDot,semi-hard,0.5107074073489303,1,0
Alex,the-short-sleeve-wrap-jersey-top#NavyWhite,gloria-applique-crew#Charcoal,random,0.3951423536552847,1,0
Alex,the-sleeveless-cross-over-blouse#Black,cara-tee-2#WhiteBlk,hard,0.3498402406448384,1,0
Alex,the-sleeveless-cross-over-blouse#Black,spliced-lace-panel-tee#White,semi-hard,0.5362877508471379,1,0
Alex,the-sleeveless-cross-over-blouse#Black,kimberly-spliced-top#Zebraprint,random,0.45353214659967533,1,0
Alex,the-sleeveless-cross-over-blouse#Chambray,the-long-sleeve-v-neck-tee#Navy,hard,0.3389508234156222,1,0
Alex,the-sleeveless-cross-over-blouse#Chambray,snake-print-johnny-collar-top#BeigeSnake,semi-hard,0.5447784873970218,1,0
Alex,the-sleeveless-cross-over-blouse#Chambray,belle-half-sleeve-forgiver-tunic#Apricot,random,0.5717234968761549,1,0
Alex,the-sleeveless-cross-over-blouse#Cobalt,colourblock-cardi#NavyRed,hard,0.3393604918389401,1,0
Alex,the-sleeveless-cross-over-blouse#Cobalt,natural-textured-poncho#Deeprain,semi-hard,0.5632183908045977,1,0
Alex,the-sleeveless-cross-over-blouse#Cobalt,layer-me-bamboo-rouched-sleeve-tee#Copper,random,0.44162404053747445,1,0
Alex,the-sleeveless-cross-over-blouse#Mint,henson-jumper#Cream,hard,0.2761552583750859,1,0
Alex,the-sleeveless-cross-over-blouse#Mint,geneva-v-neck-top#Black,semi-hard,0.5739631138338035,1,0
Alex,the-sleeveless-cross-over-blouse#Mint,print-tee-3#Cntryhous,random,0.9179929509790621,1,0
Alex,the-sleeveless-cross-over-blouse#Salmon,the-long-sleeve-v-neck-tee#Black,hard,0.3389508234156222,1,0
Alex,the-sleeveless-cross-over-blouse#Salmon,fundamental-sydney-crew#GreyMarle,semi-hard,0.5395366028447924,1,0
Alex,the-sleeveless-cross-over-blouse#Salmon,long-sleeve-softly-swinging-bamboo-tee#TeaRose,random,0.6296823869111944,1,0
Alex,the-sleeveless-cross-over-blouse#Sunshine,monaco-knot-top#Black,hard,0.24507835050220106,1,0
Alex,the-sleeveless-cross-over-blouse#Sunshine,messina-v-neck-tee#White,semi-hard,0.5265125898207795,1,0
Alex,the-sleeveless-cross-over-blouse#Sunshine,ryder-cosy-sweater#Blossom,random,0.5112203243489163,1,0
Alex,the-sleeveless-cross-over-blouse#White,falling-for-you-cardi#Mustard,hard,0.3333333333333333,1,0
Alex,the-sleeveless-cross-over-blouse#White,foil-striped-2-in-1-top#Blue,semi-hard,0.5745052450033293,1,0
Alex,the-sleeveless-cross-over-blouse#White,shell-top-3#PapBlue,random,0.5777636117075773,1,0
Alex,viola-kimono-radiant-floral#Grey,the-uneven-hem-knit-1#Sage,hard,0.36400462962962965,1,0
Alex,viola-kimono-radiant-floral#Grey,the-side-ring-detail-blouse-1#Black,semi-hard,0.5410459873911742,1,0
Alex,viola-kimono-radiant-floral#Grey,the-long-sleeve-v-neck-tee#White,random,0.3389508234156222,1,0
Amanda,the-asymmetrical-hem-sweater#Blush,34-sleeve-shirt-1#SkyWhite,hard,0.31845849794663994,1,0
Amanda,the-asymmetrical-hem-sweater#Blush,belle-half-sleeve-forgiver-tunic#Apricot,semi-hard,0.5388992781064628,1,0
Amanda,the-asymmetrical-hem-sweater#Blush,half-sleeve-fluffy-knit#Ivory,random,0.5526395329337114,1,0
Amanda,the-batwing-tee#Black,merino-boyfriend-cardigan#MelangeStr,hard,0.34452330066417325,1,0
Amanda,the-batwing-tee#Black,luxe-shirt#Black,semi-hard,0.48514937723194845,1,0
Amanda,the-batwing-tee#Black,the-boat-neck-top-1#NavyWhite,random,0.6422190718734522,1,0
Amanda,the-batwing-tee#FrenchBlue,pure-merino-fine-rib-v-neck#Charcoal,hard,0.0635027111632847,1,0
Amanda,the-batwing-tee#FrenchBlue,freya-fringe-blouse#Navy,semi-hard,0.43858883658529935,1,0
Amanda,the-batwing-tee#FrenchBlue,hem-frill-stripe-top#Frilled,random,0.6401881369218709,1,0
Amanda,the-batwing-tee#Sea,aztec-cardigan#BlackIvory,hard,0.3393874629985687,1,0
Amanda,the-batwing-tee#Sea,ruffle-hem-jersey-top#Pink,semi-hard,0.49794956495286824,1,0
Amanda,the-batwing-tee#Sea,softly-swinging-bamboo-tee#Navy,random,0.6171497490337703,1,0
Amanda,the-batwing-tee#Stone,long-sleeve-tee-2#NavyWhite,hard,0.29242928290348624,1,0
Amanda,the-batwing-tee#Stone,falling-for-you-tunic#Rust,semi-hard,0.5321273824241739,1,0
Amanda,the-batwing-tee#Stone,star-and-spot-sweater#SilverMult,random,0.526055052669758,1,0
Amanda,the-bell-sleeve-top#BlkStripe,high-neck-tie-top#Black,hard,0.29030474749326274,1,0
Amanda,the-bell-sleeve-top#BlkStripe,layered-tunic-1#White,semi-hard,0.4465882632824901,1,0
Amanda,the-bell-sleeve-top#BlkStripe,cover-up-slouch-cardi#Alloy,random,0.3904626007667438,1,0
Amanda,the-bell-sleeve-top#Grey,geena-xo-ls-pullover-knit#WhiteCapGr,hard,0.3418044998420492,1,0
Amanda,the-bell-sleeve-top#Grey,spiced-stripe-tee#NavyWhite,semi-hard,0.48772615235814654,1,0
Amanda,the-bell-sleeve-top#Grey,lavaux-bell-sleeve#Mustard,random,1.0008048664438456,1,0
Amanda,the-belle-sleeve-print-top#NavyPrint,faith-jumper#Eventide,hard,0.2954342476278134,1,0
Amanda,the-belle-sleeve-print-top#NavyPrint,great-scot-merino-carcoat#Twilight,semi-hard,0.44088936035786574,1,0
Amanda,the-belle-sleeve-print-top#NavyPrint,rib-tank-2#Khaki,random,0.4155445986685335,1,0
Amanda,the-blouson-sleeve-jumper#Grey,renee-sweater#Sapphire,hard,0.29873171378539753,1,0
Amanda,the-blouson-sleeve-jumper#Grey,the-relaxed-long-sleeve-tee#Navy,semi-hard,0.5307900008710043,1,0
Amanda,the-blouson-sleeve-jumper#Grey,the-cotton-bamboo-tank#DuckEgg,random,0.6158091174646756,1,0
Amanda,the-blouson-sleeve-jumper#Navy,leah-knit-cardigan#WhiteBlk,hard,0.3255448326696801,1,0
Amanda,the-blouson-sleeve-jumper#Navy,willow-knot-top#WhiteBlk,semi-hard,0.47518515340725165,1,0
Amanda,the-blouson-sleeve-jumper#Navy,the-excess-shirt#Pearl,random,0.47196861264620193,1,0
Amanda,the-bonded-cotton-shirt#Pink,colourblock-cardi#NavyRed,hard,0.31290438323147785,1,0
Amanda,the-bonded-cotton-shirt#Pink,snake-print-johnny-collar-top#BeigeSnake,semi-hard,0.5129743885745041,1,0
Amanda,the-bonded-cotton-shirt#Pink,luxe-shirt#Champagne,random,0.48514937723194845,1,0
Amanda,the-bonded-cotton-tunic-dress#Navy,henson-jumper#Cream,hard,0.25464004773623394,1,0
Amanda,the-bonded-cotton-tunic-dress#Navy,wrap-me-up-bamboo-top#Black,semi-hard,0.5386550394096931,1,0
Amanda,the-bonded-cotton-tunic-dress#Navy,heart-spliced-top#Navy,random,0.5373875331989126,1,0
Amanda,the-box-top#Blush,relaxed-v-neck-knit#Silver,hard,0.34573181908591355,1,0
Amanda,the-box-top#Blush,belle-off-the-shoulder-tee#Stripe,semi-hard,0.5565697771919083,1,0
Amanda,the-box-top#Blush,longline-gather-back-shirt#Black,random,0.7132018571891001,1,0
Amanda,the-box-top#Khaki,niue-neck-tie-shirt#LightBlue,hard,0.34524041667804173,1,0
Amanda,the-box-top#Khaki,frost-cardigan#Mauvewoo,semi-hard,0.5142950325456594,1,0
Amanda,the-box-top#Khaki,silver-dot-tie-sleeve-blouse#SilverDotP,random,0.43597582378153654,1,0
Amanda,the-check-pullover#PinkCheck,ally-long-sleeve-tee#CosmosPr,hard,0.25086677924721834,1,0
Amanda,the-check-pullover#PinkCheck,circles-knit#Plum,semi-hard,0.44931632665000054,1,0
Amanda,the-check-pullover#PinkCheck,the-button-up-swing-tunic#Wine,random,0.7986595634318608,1,0
Amanda,the-colour-block-pullover#Sage,rika-top#BatikTile,hard,0.28328227558315033,1,0
Amanda,the-colour-block-pullover#Sage,irena-embroidered-blouse#DustyRose,semi-hard,0.4378843956335386,1,0
Amanda,the-colour-block-pullover#Sage,the-cotton-bamboo-tee#DuckEgg,random,0.3045115421065563,1,0
Amanda,the-contrast-knit-1#Navy,analia-top#White,hard,0.29030474749326274,1,0
Amanda,the-contrast-knit-1#Navy,baobab-sweater#Bark,semi-hard,0.559271840432018,1,0
Amanda,the-contrast-knit-1#Navy,collared-shirt-1#White,random,0.4295412797522708,1,0
Amanda,the-contrast-knit-1#Sage,holly-rib-long-sleeve-tee#Khaki,hard,0.23803035384873386,1,0
Amanda,the-contrast-knit-1#Sage,mauevewood-crew#YellowWhit,semi-hard,0.5234420398659954,1,0
Amanda,the-contrast-knit-1#Sage,ynes#Black,random,0.32569985842930627,1,0
Amanda,the-contrast-trim-knit#BlackWhite,everyday-linen-tunic#BotanicalB,hard,0.30697830419369054,1,0
Amanda,the-contrast-trim-knit#BlackWhite,karmen-top#HighRiskRe,semi-hard,0.44723274144043307,1,0
Amanda,the-contrast-trim-knit#BlackWhite,starry-night-cardi#Chalk,random,0.3485759080219493,1,0
Amanda,the-cosy-cardigan#Blue,natural-classic-cardigan#Pebble,hard,0.30036582179252674,1,0
Amanda,the-cosy-cardigan#Blue,falling-flowers-blouse#DustyPink,semi-hard,0.4354517587136177,1,0
Amanda,the-cosy-cardigan#Blue,grace-oversized-knit#Clay,random,0.6731915611386495,1,0
Amanda,the-cosy-cardigan#Grey,manhattan-stretch-tee#White,hard,0.3173820926722541,1,0
Amanda,the-cosy-cardigan#Grey,jade-kimono-kaleidoscope#Blue,semi-hard,0.5522602560752548,1,0
Amanda,the-cosy-cardigan#Grey,the-relaxed-long-sleeve-tee#Khaki,random,0.5307900008710043,1,0
Amanda,the-cotton-blend-stripe-jumper#BlueStripe,magnolia-fields-keyhole-blouse#Magnolia,hard,0.31503330616320024,1,0
Amanda,the-cotton-blend-stripe-jumper#BlueStripe,the-side-ring-detail-blouse-1#Black,semi-hard,0.511890183261898,1,0
Amanda,the-cotton-blend-stripe-jumper#BlueStripe,icing-sugar-top#Ivory,random,0.5150677238318468,1,0
Amanda,the-cross-front-spot-blouse#NavySpot,high-street-knit#NavyStripe,hard,0.31685802760433524,1,0
Amanda,the-cross-front-spot-blouse#NavySpot,fundamental-sydney-crew#GreyMarle,semi-hard,0.5073564110464142,1,0
Amanda,the-cross-front-spot-blouse#NavySpot,yvette-blouse#Black,random,0.7196042260607076,1,0
Amanda,the-cross-front-spot-blouse#Spot,paige-top#Black,hard,0.28869046458327646,1,0
Amanda,the-cross-front-spot-blouse#Spot,the-contrast-panel-top#BlkStripe,semi-hard,0.5507577737130912,1,0
Amanda,the-cross-front-spot-blouse#Spot,square-nk-fray-trim-top#Denim,random,0.3940369682811446,1,0
Amanda,the-curve-striped-tank#Marine,the-reversible-cowl-neck-top-2#Ocean,hard,0.2520767601761249,1,0
Amanda,the-curve-striped-tank#Marine,the-cape-jersey-top#DarkNavy,semi-hard,0.46771466680186735,1,0
Amanda,the-curve-striped-tank#Marine,sky-shirt#Clouds,random,0.7849617213124345,1,0
Amanda,the-daily-cross-over-top#PinkPrint,overlay-tunic-3-pce-set#Emerald,hard,0.26668818177209064,1,0
Amanda,the-daily-cross-over-top#PinkPrint,long-sleeve-layer-top#White,semi-hard,0.5388402903174225,1,0
Amanda,the-daily-cross-over-top#PinkPrint,belle-v-neck-forgiver-tunic#Charcoal,random,0.569078113482756,1,0
Amanda,the-daily-cross-over-top#SkyBlue,ricki-one-shoulder-top#BlackWhite,hard,0.31762633136902374,1,0
Amanda,the-daily-cross-over-top#SkyBlue,layered-tunic-1#Natural,semi-hard,0.4465882632824901,1,0
Amanda,the-daily-cross-over-top#SkyBlue,milan-stretch-top#SilverMarl,random,0.5999847899254707,1,0
Amanda,the-daily-essential-jumper#Grey,monaco-knot-top#ClaySpot,hard,0.21335737045111522,1,0
Amanda,the-daily-essential-jumper#Grey,tie-back-bell-sleeve-top-5#Summerbud,semi-hard,0.5023463489971101,1,0
Amanda,the-daily-essential-jumper#Grey,belle-nautical-applique-tee#BlueStripe,random,0.6435801785428749,1,0
Amanda,the-dobby-sleeve-tee#InkBlue,geena-xo-ls-pullover-knit#Allure,hard,0.3418044998420492,1,0
Amanda,the-dobby-sleeve-tee#InkBlue,belle-petal-print-top#Petal,semi-hard,0.5598267806512252,1,0
Amanda,the-dobby-sleeve-tee#InkBlue,layer-me-bamboo-rouched-sleeve-tee#Fern,random,0.41379154007854635,1,0
Amanda,the-dobby-sleeve-tee#White,vivid-dreams-blouse#Dusty%20Rose,hard,0.3312949233451244,1,0
Amanda,the-dobby-sleeve-tee#White,the-tie-front-top#Navy,semi-hard,0.5096052595657719,1,0
Amanda,the-dobby-sleeve-tee#White,softly-swinging-bamboo-tee#Copper,random,0.6171497490337703,1,0
Amanda,the-double-layer-top#Black,drapey-stripe-tee#Navy,hard,0.3355566692276792,1,0
Amanda,the-double-layer-top#Black,prickly-cactus-crew#Pink,semi-hard,0.49050247846214445,1,0
Amanda,the-double-layer-top#Black,reversible-scoopv-neck-tank#White,random,0.37736341158071673,1,0
Amanda,the-double-layer-top#White,cable-knit-sweater#Camel,hard,0.32969445300281974,1,0
Amanda,the-double-layer-top#White,fern-print-top#Navy,semi-hard,0.5125824366539397,1,0
Amanda,the-double-layer-top#White,reversible-scoopv-neck-tank#Navy,random,0.37736341158071673,1,0
Amanda,the-essential-layering-tee#Ink,mila-knit-cardigan#Clay,hard,0.304477416939343,1,0
Amanda,the-essential-layering-tee#Ink,sparkly-star-tee#Blue,semi-hard,0.45939202602092755,1,0
Amanda,the-essential-layering-tee#Ink,the-slouch-pocket-tee#Stripe,random,0.631652295096246,1,0
Amanda,the-essential-layering-tee#White,elina-lace-frill-blouse#Black,hard,0.29407801598227834,1,0
Amanda,the-essential-layering-tee#White,the-cross-over-poncho#Navy,semi-hard,0.44423021422804965,1,0
Amanda,the-essential-layering-tee#White,picnic-top#BlackWhite,random,0.43724820501620454,1,0
Amanda,the-essential-pullover#DustyPeach,manhattan-stretch-tee#Navy,hard,0.3173820926722541,1,0
Amanda,the-essential-pullover#DustyPeach,the-side-panel-drape-top#OffWhite,semi-hard,0.5088406933193973,1,0
Amanda,the-essential-pullover#DustyPeach,layer-me-cotton-candy-top#Cream,random,0.6899050930349558,1,0
Amanda,the-essential-pullover#SkyBlue,the-uneven-hem-knit-1#Sage,hard,0.2945157931273863,1,0
Amanda,the-essential-pullover#SkyBlue,true-love-bell-blouse#Jade,semi-hard,0.5155079384888986,1,0
Amanda,the-essential-pullover#SkyBlue,contrast-pocket-tunic#Pinkpocket,random,0.8061313500436151,1,0
Amanda,the-everyday-shirt#Black,bamboo-layer-tank#Black,hard,0.2704687627969377,1,0
Amanda,the-everyday-shirt#Black,you-at-my-shoulder-tunic#Black,semi-hard,0.43918212699242226,1,0
Amanda,the-everyday-shirt#Black,milan-34-sleeve-1#Melange,random,0.5999847899254707,1,0
Amanda,the-everyday-shirt#Cream,manhattan-stretch-tee#Black,hard,0.3173820926722541,1,0
Amanda,the-everyday-shirt#Cream,layered-tee-2#Black,semi-hard,0.47905494736924215,1,0
Amanda,the-everyday-shirt#Cream,cascade-hood-top#Black,random,0.5626684320753171,1,0
Amanda,the-everyday-shirt#Midnight,eco-78-long-cardigan#DarkGreyM,hard,0.31976646685568755,1,0
Amanda,the-everyday-shirt#Midnight,ella-funnel-neck-top#Khaki,semi-hard,0.5399600833044081,1,0
Amanda,the-everyday-shirt#Midnight,amira-sweater#Cream,random,0.38139651884294234,1,0
Amanda,the-everyday-shirt#Pink,the-cotton-bamboo-tee#White,hard,0.3045115421065563,1,0
Amanda,the-everyday-shirt#Pink,rise-top#Ink,semi-hard,0.47077569430090205,1,0
Amanda,the-everyday-shirt#Pink,the-frill-wrap-blouse#Spot,random,0.46431921266414206,1,0
Amanda,the-everyday-shirt#Rose,monaco-knot-top#Black,hard,0.21335737045111522,1,0
Amanda,the-everyday-shirt#Rose,diva-ruffle-jumper#Gold%20Spot,semi-hard,0.48565280469874306,1,0
Amanda,the-everyday-shirt#Rose,cara-tee-4#White,random,0.3586165072208854,1,0
Amanda,the-fleck-roll-neck-knit#Oatmeal,lake-house-top#CoalPrint,hard,0.34235489003896125,1,0
Amanda,the-fleck-roll-neck-knit#Oatmeal,daisy-top-1#BrightBlue,semi-hard,0.5054122515200324,1,0
Amanda,the-fleck-roll-neck-knit#Oatmeal,the-tie-sleeve-blouse#Grey,random,0.49611265595201415,1,0
Amanda,the-frill-detail-blouse#Chambray,back-to-you-top#Rust,hard,0.25494814924593134,1,0
Amanda,the-frill-detail-blouse#Chambray,natural-cosy-sweater#Rosered,semi-hard,0.5551998954794879,1,0
Amanda,the-frill-detail-blouse#Chambray,runaway-top#SoftMint,random,0.5472519815347096,1,0
Amanda,the-high-low-drape-tee#Grey,butterfly-blouse-1#Ivory,hard,0.3474088273032538,1,0
Amanda,the-high-low-drape-tee#Grey,heartmade-sweater#Rust,semi-hard,0.523909067154429,1,0
Amanda,the-high-low-drape-tee#Grey,meredith-78-oversized-pullover-knit#WhiteCapGr,random,1.013377065547621,1,0
Amanda,the-high-low-drape-tee#Sage,cara-tee-2#BlackSpot,hard,0.3372964027523735,1,0
Amanda,the-high-low-drape-tee#Sage,sunshine-in-me-tee-1#White,semi-hard,0.5333159132479749,1,0
Amanda,the-high-low-drape-tee#Sage,raspberry-ls-tee#WhiteRaspb,random,0.4724244273796942,1,0
Amanda,the-layered-cross-over-top#Black,natural-crossover-knit-1#Stormcloud,hard,0.3295950025155123,1,0
Amanda,the-layered-cross-over-top#Black,still-the-one-ruffle-blouse#Spot,semi-hard,0.47624595860519714,1,0
Amanda,the-layered-cross-over-top#Black,for-the-frill-top#Ivory,random,0.6906690092781453,1,0
Amanda,the-layered-cross-over-top#Navy,bamboo-layer-tank#Chalk,hard,0.2704687627969377,1,0
Amanda,the-layered-cross-over-top#Navy,coogee-shirt#White,semi-hard,0.44868013603266654,1,0
Amanda,the-layered-cross-over-top#Navy,printed-v-neck-blouse#NavyWhite,random,0.3787196432262518,1,0
Amanda,the-linen-tie-sleeve-top#GreyMarle,the-cotton-bamboo-tee#BlueJeans,hard,0.3045115421065563,1,0
Amanda,the-linen-tie-sleeve-top#GreyMarle,belle-twist-front-tee-1#Black,semi-hard,0.5266970933157572,1,0
Amanda,the-linen-tie-sleeve-top#GreyMarle,silver-cross-sweater#Silver,random,0.44446665288659915,1,0
Amanda,the-longline-cardi-1#GreyMarle,meadow-cardigan#Cream,hard,0.33223921547215585,1,0
Amanda,the-longline-cardi-1#GreyMarle,bird-jumper#Navy,semi-hard,0.4683913201174686,1,0
Amanda,the-longline-cardi-1#GreyMarle,the-ultimate-tie-cardi#Black,random,0.534391831019972,1,0
Amanda,the-longline-cardi-1#Nude,dream-girl-ruffle-jumper#SoftPink,hard,0.2916609791387978,1,0
Amanda,the-longline-cardi-1#Nude,ember-knit#EmberGlow,semi-hard,0.5051197500867755,1,0
Amanda,the-longline-cardi-1#Nude,cotton-modal-print-top#PinkNavy,random,0.41108687682569645,1,0
Amanda,the-longline-waterfall-cardi#Black,the-relax-blouse#White,hard,0.339681426938992,1,0
Amanda,the-longline-waterfall-cardi#Black,jade-kimono-sweet-blossoms#Blue,semi-hard,0.5522602560752548,1,0
Amanda,the-longline-waterfall-cardi#Black,the-cotton-bamboo-tank#White,random,0.6158091174646756,1,0
Amanda,the-luxe-long-sleeve-tee#GreyMarle,the-long-sleeve-v-neck-tee#Black,hard,0.3111947123540905,1,0
Amanda,the-luxe-long-sleeve-tee#GreyMarle,sequin-star-tee#Navy,semi-hard,0.5339906165540211,1,0
Amanda,the-luxe-long-sleeve-tee#GreyMarle,the-ultimate-tie-cardi#Port,random,0.534391831019972,1,0
Amanda,the-midi-waterfall-cardi#BlueMarle,cara-tee-2#WhiteBlk,hard,0.3372964027523735,1,0
Amanda,the-midi-waterfall-cardi#BlueMarle,layered-tunic-1#PalePink,semi-hard,0.4465882632824901,1,0
Amanda,the-midi-waterfall-cardi#BlueMarle,natural-extra-fine-sweater#Snowgum,random,0.41494643323752284,1,0
Amanda,the-multi-stripe-cardi#Stripe,mila-knit-cardigan#Black,hard,0.304477416939343,1,0
Amanda,the-multi-stripe-cardi#Stripe,celestial-woven-top#White,semi-hard,0.5204214750652278,1,0
Amanda,the-multi-stripe-cardi#Stripe,softly-swinging-bamboo-tee#Black,random,0.6171497490337703,1,0
Amanda,the-on-or-off-the-shoulder-top#FrenchNavy,manhattan-stretch-tee#NavyWhtStr,hard,0.3173820926722541,1,0
Amanda,the-on-or-off-the-shoulder-top#FrenchNavy,lola-bell-sleeve-top-entangled-vines#Gold,semi-hard,0.5560491246407108,1,0
Amanda,the-on-or-off-the-shoulder-top#FrenchNavy,belle-satin-shirt#Black,random,0.6775542200156781,1,0
Amanda,the-on-or-off-the-shoulder-top#Pink,aztec-cardigan#Orange,hard,0.3393874629985687,1,0
Amanda,the-on-or-off-the-shoulder-top#Pink,malibu-cardigan#Wine,semi-hard,0.47923532325308393,1,0
Amanda,the-on-or-off-the-shoulder-top#Pink,the-cotton-bamboo-tank#Chambray,random,0.6158091174646756,1,0
Amanda,the-oversize-knit#GreyMarle,the-long-sleeve-v-neck-tee#White,hard,0.3111947123540905,1,0
Amanda,the-oversize-knit#GreyMarle,the-tie-front-top#Black,semi-hard,0.5096052595657719,1,0
Amanda,the-oversize-knit#GreyMarle,crosses-jumper#xmyheart,random,0.5948088145631915,1,0
Amanda,the-oversize-knit#Ink,mila-knit-cardigan#StoneBlack,hard,0.304477416939343,1,0
Amanda,the-oversize-knit#Ink,alberta-stripe-top#IvoryStrip,semi-hard,0.48395288386913093,1,0
Amanda,the-oversize-knit#Ink,natural-cropped-sleeve-knit#Cloudcover,random,0.39465203379496555,1,0
Amanda,the-panel-hem-top#DenimMarle,monaco-knot-top#Olive,hard,0.21335737045111522,1,0
Amanda,the-panel-hem-top#DenimMarle,sandy-off-the-shoulder-top#Gingham,semi-hard,0.43308298460662453,1,0
Amanda,the-panel-hem-top#DenimMarle,layered-tee-2#White,random,0.47905494736924215,1,0
Amanda,the-panel-hem-top#Khaki,back-to-you-top#BlackMagic,hard,0.25494814924593134,1,0
Amanda,the-panel-hem-top#Khaki,wellington-tee#Black,semi-hard,0.5575418569550992,1,0
Amanda,the-panel-hem-top#Khaki,curve-hem-cable-knit-sweater-1#Sapphire,random,0.42901315216444563,1,0
Amanda,the-panel-luxe-top#BlkWhite,holly-rib-long-sleeve-tee#WhiteGrey,hard,0.23803035384873386,1,0
Amanda,the-panel-luxe-top#BlkWhite,border-stripe-knit#WhitePink,semi-hard,0.44369834912191064,1,0
Amanda,the-panel-luxe-top#BlkWhite,animal-button-up-shirt#KhakiPrint,random,0.38864210434631136,1,0
Amanda,the-panel-luxe-top#SilvWhite,leary-cardigan#Pine,hard,0.31711786637754524,1,0
Amanda,the-panel-luxe-top#SilvWhite,belle-half-sleeve-boat-tee#White,semi-hard,0.48035511624006955,1,0
Amanda,the-panel-luxe-top#SilvWhite,milan-stretch-top#Navy,random,0.5999847899254707,1,0
Amanda,the-printed-v-neck-tee#White,monaco-knot-top#HeatheGrey,hard,0.21335737045111522,1,0
Amanda,the-printed-v-neck-tee#White,wrap-me-up-bamboo-top#BlueJeans,semi-hard,0.5386550394096931,1,0
Amanda,the-printed-v-neck-tee#White,sequin-cross-2-in-1-top#Navy,random,0.4393898030100347,1,0
Amanda,the-printed-v-split-top#Natural,forget-me-knot-tunic#ForgetMeK,hard,0.19491856760098122,1,0
Amanda,the-printed-v-split-top#Natural,the-sleeve-detail-knit#Ivory,semi-hard,0.5501568457685443,1,0
Amanda,the-printed-v-split-top#Natural,heartmade-cardi#DustyRose,random,0.48339615614116505,1,0
Amanda,the-relaxed-batwing-top#Denim%20Blue,endeavor-long-sleeve-tee#Stripe,hard,0.2558139534883721,1,0
Amanda,the-relaxed-batwing-top#Denim%20Blue,the-cross-over-poncho#Grey,semi-hard,0.44423021422804965,1,0
Amanda,the-relaxed-batwing-top#Denim%20Blue,belle-tie-neck-blouse-tee#RoyalBlue,random,0.591954163075399,1,0
Amanda,the-relaxed-batwing-top#PeachRose,mila-knit-cardigan#InkWhite,hard,0.304477416939343,1,0
Amanda,the-relaxed-batwing-top#PeachRose,ruffle-top-4#Black,semi-hard,0.46617025923427025,1,0
Amanda,the-relaxed-batwing-top#PeachRose,cross-over-top-with-pocket#NavyMustrd,random,0.6148107125724916,1,0
Amanda,the-shoulder-tie-top#Black,leah-knit-cardigan#Black,hard,0.3255448326696801,1,0
Amanda,the-shoulder-tie-top#Black,the-cotton-cardi#Navy,semi-hard,0.4604781813430886,1,0
Amanda,the-shoulder-tie-top#Black,soho-ruffle-jumper#OatmealMar,random,0.39526108677932525,1,0
Amanda,the-shoulder-tie-top#Navy,glasgow-top#Melange,hard,0.24054684117952177,1,0
Amanda,the-shoulder-tie-top#Navy,belle-half-sleeve-forgiver-tunic#White,semi-hard,0.5388992781064628,1,0
Amanda,the-shoulder-tie-top#Navy,clovis-shirt#NavyGold,random,0.44925246383707285,1,0
Amanda,the-shoulder-tie-top#White,the-long-sleeve-v-neck-tee#Navy,hard,0.3111947123540905,1,0
Amanda,the-shoulder-tie-top#White,side-buttoned-sweater#Buttoned,semi-hard,0.46034753070290046,1,0
Amanda,the-shoulder-tie-top#White,maui-stretch-tee#Black,random,0.4130822241028981,1,0
Amanda,the-sleeveless-cross-over-blouse#Black,shirt-in-a-box#Silver,hard,0.32592118451380414,1,0
Amanda,the-sleeveless-cross-over-blouse#Black,paradise-cardi#MultiStrip,semi-hard,0.5358026629330483,1,0
Amanda,the-sleeveless-cross-over-blouse#Black,floral-nehru-print-shirt#Pink,random,0.71412713672297,1,0
Amanda,the-sleeveless-cross-over-blouse#Chambray,eco-78-long-cardigan#LightGreyM,hard,0.31976646685568755,1,0
Amanda,the-sleeveless-cross-over-blouse#Chambray,always-mine-v-neck-knit#Terracotta,semi-hard,0.47242442737969415,1,0
Amanda,the-sleeveless-cross-over-blouse#Chambray,kimono-and-me-cardi#DustyPink,random,0.532673385099587,1,0
Amanda,the-sleeveless-cross-over-blouse#Cobalt,pure-merino-fine-rib-polo#BlackStri,hard,0.2232526939382003,1,0
Amanda,the-sleeveless-cross-over-blouse#Cobalt,clara-blouse#DarkFloral,semi-hard,0.4669385629989587,1,0
Amanda,the-sleeveless-cross-over-blouse#Cobalt,the-contrast-panel-top#SageStripe,random,0.5507577737130912,1,0
Amanda,the-sleeveless-cross-over-blouse#Mint,cuddled-longline-cardigan#Sunflower,hard,0.34599165785912345,1,0
Amanda,the-sleeveless-cross-over-blouse#Mint,ava-short-sleeve-linen-tee#Blush,semi-hard,0.47057971834061985,1,0
Amanda,the-sleeveless-cross-over-blouse#Mint,belle-two-in-one-top#Charcoal,random,0.49117133173952554,1,0
Amanda,the-sleeveless-cross-over-blouse#Salmon,holly-rib-long-sleeve-tee#Black,hard,0.23803035384873386,1,0
Amanda,the-sleeveless-cross-over-blouse#Salmon,lilly-layer-stripe-tank#NavyWhite,semi-hard,0.44387872500575254,1,0
Amanda,the-sleeveless-cross-over-blouse#Salmon,belle-drape-tee#Sliver,random,0.5872882777125608,1,0
Amanda,the-sleeveless-cross-over-blouse#Sunshine,cara-tee-2#Blush,hard,0.3372964027523735,1,0
Amanda,the-sleeveless-cross-over-blouse#Sunshine,fundamental-sydney-crew#Burgundy,semi-hard,0.5073564110464142,1,0
Amanda,the-sleeveless-cross-over-blouse#Sunshine,the-short-sleeve-wrap-jersey-top#Blue,random,0.35807976709085876,1,0
Amanda,the-sleeveless-cross-over-blouse#White,the-cotton-bamboo-tee#DustyPink,hard,0.3045115421065563,1,0
Amanda,the-sleeveless-cross-over-blouse#White,fundamental-sydney-crew#Navy,semi-hard,0.5073564110464142,1,0
Amanda,the-sleeveless-cross-over-blouse#White,fundamental-vee-tee#White,random,0.39544146266316704,1,0
Amanda,the-soft-knit-jumper#NavyStripe,the-long-sleeve-scoop-neck-tee#Grey,semi-hard,0.4928142147896525,1,0
Amanda,the-soft-knit-jumper#NavyStripe,the-long-sleeve-scoop-neck-tee#White,random,0.4928142147896525,1,0
Amanda,the-soft-knit-jumper#PinkStripe,bo-cosy-cardigan#Storm,semi-hard,0.46162868698056625,1,0
Amanda,the-soft-knit-jumper#PinkStripe,aigli-top#Navy,random,0.4822276129153033,1,0
Amanda,the-soft-overlay-top#Pink,the-printed-side-ring-detail-blouse#Block,semi-hard,0.511890183261898,1,0
Amanda,the-soft-overlay-top#Pink,the-flutter-sleeve-top#Denim,random,0.6226374009232646,1,0
Amanda,the-spotted-tunic#GreySpot,cooks-shirt#Stripes,semi-hard,0.4392888900155611,1,0
Amanda,the-spotted-tunic#GreySpot,delicado-top#White,random,0.8081180847786155,1,0
Amanda,the-spotted-tunic#NavySpot,neptune-top-1#PrimBlack,semi-hard,0.45614282259983074,1,0
Amanda,the-spotted-tunic#NavySpot,falling-for-you-top#Blue,random,0.7198211646237067,1,0
Amanda,the-stitch-detail-top#Pink,stripe-sweater-2#Blue,semi-hard,0.47562536806430356,1,0
Amanda,the-stitch-detail-top#Pink,st-helens-henley-tee#White,random,0.41229539524743675,1,0
Amanda,the-stitch-detail-top#SkyBlue,geneva-v-neck-top#Olive,semi-hard,0.5409804258040865,1,0
Amanda,the-stitch-detail-top#SkyBlue,messina-knit-1#Shiraz,random,0.7676675740711129,1,0
Amanda,the-stitch-v-neck-knit#DenimMarle,funnel-neck-knit-jumper#BlueMulti,semi-hard,0.49368781907031345,1,0
Amanda,the-stitch-v-neck-knit#DenimMarle,the-cross-over-blouse#Sunshine,random,0.6294591843500033,1,0
Amanda,the-stitch-v-neck-knit#PinkMarle,walk-in-the-park-cardi#Sand,semi-hard,0.532819960817808,1,0
Amanda,the-stitch-v-neck-knit#PinkMarle,block-sweater#Block,random,0.42669816582101255,1,0
Amanda,the-stripe-button-through-top#Coral,the-cotton-cardi#Khaki,semi-hard,0.4604781813430886,1,0
Amanda,the-stripe-button-through-top#Coral,selene-cardigan#Ivy,random,0.9118503055664973,1,0
Amanda,the-stripe-crossover-blouse#Bluestripe,natural-rolled-neck-tunic#BlueDam,semi-hard,0.4750021775106698,1,0
Amanda,the-stripe-crossover-blouse#Bluestripe,the-asymmetrical-tank-top#Indigo,random,0.6642697799219217,1,0
Amanda,the-stripe-jersey-top#Blue,messina-v-neck-tee#White,semi-hard,0.4955325281093878,1,0
Amanda,the-stripe-jersey-top#Blue,the-boat-neck-top-1#Ink,random,0.6422190718734522,1,0
Amanda,the-stripe-jersey-top#Pink,linen-v-neck-cami-2#BlueWhite,semi-hard,0.4565674371804422,1,0
Amanda,the-stripe-jersey-top#Pink,fundamental-stripe-long-sleeve-tee#WhiteBlack,random,0.42877297598758235,1,0
Amanda,the-stripe-tank-1#Hazelnut,panelled-stripe-top#NavyWhite,semi-hard,0.48574933017171784,1,0
Amanda,the-stripe-tank-1#Hazelnut,foil-spot-jumper#SilverDot,random,0.47887457148540025,1,0
Amanda,the-striped-top#BlueStripe,frill-sleeve-top-1#LeafPrint,semi-hard,0.46176080012792065,1,0
Amanda,the-striped-top#BlueStripe,the-oversized-cotton-blend-shirt#Sand,random,0.9149049955344781,1,0
Amanda,the-swing-tank-top#Rose,vivian-blouse#Check,semi-hard,0.43443921625215964,1,0
Amanda,the-swing-tank-top#Rose,adventurous-hoody#Pink,random,0.5539163016898783,1,0
Amanda,the-tie-detail-hoody#FrenchBlue,natural-detailed-sweater#Tinroof,semi-hard,0.5154167755422002,1,0
Amanda,the-tie-detail-hoody#FrenchBlue,natural-overlay-knit#Greybloss,random,0.5720756031704556,1,0
Amanda,the-tie-detail-hoody#Pink,elcos-45-aop-top-jrs#BlackZigZa,semi-hard,0.43822808481761555,1,0
Amanda,the-tie-detail-hoody#Pink,belle-v-neck-forgiver-tunic#ArmyGreen,random,0.569078113482756,1,0
Amanda,the-tie-front-tank#Navy,multi-stripe-jumper#NavyMulti,semi-hard,0.5496033680565034,1,0
Amanda,the-tie-front-tank#Navy,milan-stretch-top#Black,random,0.5999847899254707,1,0
Amanda,the-tie-front-tank#White,off-shoulder-top-2#FloraLace,semi-hard,0.5435719885027437,1,0
Amanda,the-tie-front-tank#White,horizontal-cabel-pullover#EnglishRos,random,0.46151656143115105,1,0
Amanda,the-tie-layering-knit#Grey,the-reversible-cowl-neck-top-1#White,semi-hard,0.48404599682538446,1,0
Amanda,the-tie-layering-knit#Grey,the-ruffle-sleeve-sweat#KhakiMarle,random,0.7041198501872659,1,0
Amanda,the-twist-hem-jumper#DenimMarle,sunshine-in-me-tee-1#GreyMarle,semi-hard,0.5333159132479749,1,0
Amanda,the-twist-hem-jumper#DenimMarle,cross-over-top-with-pocket#Emerald,random,0.6148107125724916,1,0
Amanda,the-v-neck-stripe-top#BlkStripe,foil-spot-tee-1#Navy,semi-hard,0.46607080874696294,1,0
Amanda,the-v-neck-stripe-top#BlkStripe,belle-ls-free-fall-tee#Airforce,random,0.7222879267108409,1,0
Amanda,the-v-split-blouse#Salmon,messina-v-neck-tee#Black,semi-hard,0.4955325281093878,1,0
Amanda,the-v-split-blouse#Salmon,sugar-snaps-layers-tank#Blue,random,0.6551646978070192,1,0
Amanda,the-weekender-shirt#DenimStrip,belle-half-sleeve-forgiver-tunic#FlamPink,semi-hard,0.5388992781064628,1,0
Amanda,the-weekender-shirt#DenimStrip,the-define-flute-sleeve-blouse#Black,random,0.5883490829105062,1,0
Amanda,the-weekender-shirt#GreyStripe,frill-blouse#Rust,semi-hard,0.48952259866073344,1,0
Amanda,the-weekender-shirt#GreyStripe,rib-tank-2#Black,random,0.4155445986685335,1,0
Amanda,the-wrap-jersey-top-1#NavyStripe,hacienda-tunic-pushkar#Cornflower,semi-hard,0.5474476324933992,1,0
Amanda,the-wrap-jersey-top-1#NavyStripe,layer-me-bamboo-rouched-sleeve-tee#Black,random,0.41379154007854635,1,0
Amanda,the-zip-detail-jacket#Grey,belle-half-sleeve-boat-tee#Black,semi-hard,0.48035511624006955,1,0
Amanda,the-zip-detail-jacket#Grey,aida-long-tunic-shirt#AidaStripe,random,0.41482455764033244,1,0
Amanda,the-zip-front-blouse#Khaki,nuzuri-longline-cardi#Forest,semi-hard,0.512455361031269,1,0
Amanda,the-zip-front-blouse#Khaki,the-wrap-jersey-top#PortSpot,random,0.42924877831901376,1,0
Amanda,the-zip-front-blouse#Navy,the-relaxed-long-sleeve-tee#Black,semi-hard,0.5307900008710043,1,0
Amanda,the-zip-front-blouse#Navy,belle-half-sleeve-forgiver-tunic#MutedClay,random,0.5388992781064628,1,0
Amanda,the-zip-front-top#Blue,sequin-cross-2-in-1-top#Khaki,semi-hard,0.4393898030100347,1,0
Amanda,the-zip-front-top#Blue,bella-ls-tee#GreenWhite,random,0.386182329793416,1,0
Amanda,the-zip-front-top#Rose,the-reversible-cowl-neck-top-1#Black,semi-hard,0.48404599682538446,1,0
Amanda,the-zip-front-top#Rose,oregon-safari-embroidered-top#White,random,0.45289361917873394,1,0
Anna,aigli-top#Navy,natural-classic-cardigan#Pebble,hard,0.2694784580498866,1,0
Anna,aigli-top#Navy,belle-tie-neck-blouse-tee#White,semi-hard,0.5308900226757369,1,0
Anna,aigli-top#Navy,the-side-panel-drape-top#OffWhite,random,0.47344671201814065,1,0
Anna,aigli-top#White,meadow-cardigan#Cream,hard,0.28308390022675733,1,0
Anna,aigli-top#White,belle-v-neck-forgiver-tunic#ArmyGreen,semi-hard,0.5103259637188209,1,0
Anna,aigli-top#White,analia-jersey-top#Navy,random,0.3519897959183673,1,0
Anna,bella-ls-tee#GreenWhite,ally-long-sleeve-tee#CosmosPr,hard,0.22929138321995463,1,0
Anna,bella-ls-tee#GreenWhite,fundamental-split-hoodie#Navy,semi-hard,0.45760770975056686,1,0
Anna,bella-ls-tee#GreenWhite,moonlight-kisses-bamboo-tee#Combat,random,0.5392715419501134,1,0
Anna,belle-half-sleeve-forgiver-tunic#Apricot,manhattan-stretch-tee#NavyWhtStr,hard,0.27165532879818594,1,0
Anna,belle-half-sleeve-forgiver-tunic#Apricot,foil-print-top-2#Navy,semi-hard,0.41886054421768715,1,0
Anna,belle-half-sleeve-forgiver-tunic#Apricot,sunshine-in-me-tee-1#GreyMarle,random,0.5473809523809523,1,0
Anna,belle-half-sleeve-forgiver-tunic#Black,cara-tee-4#White,hard,0.3111621315192744,1,0
Anna,belle-half-sleeve-forgiver-tunic#Black,sequin-star-tee#Navy,semi-hard,0.4733673469387755,1,0
Anna,belle-half-sleeve-forgiver-tunic#Black,the-zip-front-blouse#Navy,random,0.6935449735449736,1,0
Anna,belle-half-sleeve-forgiver-tunic#BlueBonnet,leary-cardigan#Pine,hard,0.2701814058956916,1,0
Anna,belle-half-sleeve-forgiver-tunic#BlueBonnet,the-stripe-jersey-top#Pink,semi-hard,0.4552721088435374,1,0
Anna,belle-half-sleeve-forgiver-tunic#BlueBonnet,frill-sleeve-top-1#LeafPrint,random,0.4092913832199546,1,0
Anna,belle-half-sleeve-forgiver-tunic#FlamPink,eco-78-long-cardigan#DarkGreyM,hard,0.2754988662131519,1,0
Anna,belle-half-sleeve-forgiver-tunic#FlamPink,linen-cotton-shirt#White,semi-hard,0.48387755102040814,1,0
Anna,belle-half-sleeve-forgiver-tunic#FlamPink,layered-top-2#Navy,random,0.3192630385487528,1,0
Anna,belle-half-sleeve-forgiver-tunic#MutedClay,the-longline-cardi-1#GreyMarle,hard,0.311343537414966,1,0
Anna,belle-half-sleeve-forgiver-tunic#MutedClay,variegated-rib-knit#Silver,semi-hard,0.4237925170068027,1,0
Anna,belle-half-sleeve-forgiver-tunic#MutedClay,the-midi-waterfall-cardi#BlueMarle,random,0.5221400226757369,1,0
Anna,belle-half-sleeve-forgiver-tunic#White,mila-knit-cardigan#Clay,hard,0.2579365079365079,1,0
Anna,belle-half-sleeve-forgiver-tunic#White,the-dobby-sleeve-tee#White,semi-hard,0.5292063492063492,1,0
Anna,belle-half-sleeve-forgiver-tunic#White,softly-swinging-bamboo-tee#Blush,random,0.549438775510204,1,0
Anna,layer-top-1#Navy,forget-me-knot-tunic#ForgetMeK,hard,0.15039115646258505,1,0
Anna,layer-top-1#Navy,bo-cosy-cardigan#Blossom,semi-hard,0.4079421768707483,1,0
Anna,layer-top-1#Navy,rib-tank-2#Mustard,random,0.36472222222222217,1,0
Anna,layered-tee-2#Black,born-to-run-shirt-jacket#Leopard,hard,0.30526077097505666,1,0
Anna,layered-tee-2#Black,softly-swinging-bamboo-singlet#BlueJean,semi-hard,0.5211592970521542,1,0
Anna,layered-tee-2#Black,to-the-beat-of-the-drum-kimono#Leaf,random,0.5212471655328799,1,0
Anna,layered-tee-2#White,natural-crossover-knit-1#Stormcloud,hard,0.2788888888888889,1,0
Anna,layered-tee-2#White,multi-stripe-jumper#NavyMulti,semi-hard,0.4944557823129252,1,0
Anna,layered-tee-2#White,heartmade-sweater#Rust,random,0.49732426303854876,1,0
Anna,linen-v-neck-cami-2#BlueWhite,high-street-knit#NavyStripe,hard,0.2716666666666666,1,0
Anna,linen-v-neck-cami-2#BlueWhite,luxe-shirt#Black,semi-hard,0.45356009070294784,1,0
Anna,linen-v-neck-cami-2#BlueWhite,the-ruffle-sleeve-top#NavyStripe,random,0.4992743764172336,1,0
Anna,melbourne-stretch-cardigan#Black,mila-knit-cardigan#StoneBlack,hard,0.2579365079365079,1,0
Anna,melbourne-stretch-cardigan#Black,on-the-open-road-maxi-shirt#DarkOchre,semi-hard,0.5085402494331066,1,0
Anna,melbourne-stretch-cardigan#Black,triangle-detail-long-sleeve-tee#Navy,random,0.5654648526077097,1,0
Anna,melbourne-stretch-cardigan#Navy,faith-jumper#Eventide,hard,0.2977664399092971,1,0
Anna,melbourne-stretch-cardigan#Navy,the-tie-front-top#Black,semi-hard,0.4526275510204082,1,0
Anna,melbourne-stretch-cardigan#Navy,ember-knit#EmberGlow,random,0.4510657596371882,1,0
Anna,melbourne-stretch-cardigan#NavyWhtStr,34-sleeve-shirt-1#SkyWhite,hard,0.27088435374149655,1,0
Anna,melbourne-stretch-cardigan#NavyWhtStr,geneva-v-neck-top#ClaySpot,semi-hard,0.4856462585034014,1,0
Anna,melbourne-stretch-cardigan#NavyWhtStr,grace-oversized-knit#Clay,random,0.6075396825396826,1,0
Anna,milan-stretch-top#Black,pure-merino-fine-rib-v-neck#Charcoal,hard,0.040060468631897196,1,0
Anna,milan-stretch-top#Black,the-lace-trim-top#Black,semi-hard,0.5332426303854875,1,0
Anna,milan-stretch-top#Black,the-fleck-roll-neck-knit#Oatmeal,random,0.6690476190476191,1,0
Anna,milan-stretch-top#Navy,hayley-button-down#NavySparro,hard,0.3121768707482993,1,0
Anna,milan-stretch-top#Navy,natural-rolled-neck-tunic#BlueDam,semi-hard,0.44063492063492066,1,0
Anna,milan-stretch-top#Navy,the-french-cuff-shirt#White,random,0.4979903628117914,1,0
Anna,milan-stretch-top#NavyWhtStr,leah-knit-cardigan#WhiteBlk,hard,0.2769160997732426,1,0
Anna,milan-stretch-top#NavyWhtStr,rise-top#Ink,semi-hard,0.4198015873015873,1,0
Anna,milan-stretch-top#NavyWhtStr,the-reversible-cowl-neck-top-1#Black,random,0.4328543083900227,1,0
Anna,milan-stretch-top#SilverMarl,monaco-knot-top#Olive,hard,0.21922902494331065,1,0
Anna,milan-stretch-top#SilverMarl,ava-short-sleeve-linen-tee#Blush,semi-hard,0.41864512471655335,1,0
Anna,milan-stretch-top#SilverMarl,print-shirt-1#Blush,random,0.5031292517006802,1,0
Anna,milan-stretch-top#White,mila-knit-cardigan#InkWhite,hard,0.2579365079365079,1,0
Anna,milan-stretch-top#White,the-excess-shirt#Pearl,semi-hard,0.4128571428571428,1,0
Anna,milan-stretch-top#White,belle-ls-free-fall-tee#Greenland,random,0.6542403628117914,1,0
Anna,paradise-top#Red,holly-rib-long-sleeve-tee#Black,hard,0.22701247165532878,1,0
Anna,paradise-top#Red,belle-two-in-one-top#Charcoal,semi-hard,0.43359410430839007,1,0
Anna,paradise-top#Red,capri-tank-6#Olive,random,0.3797902494331066,1,0
Anna,the-batwing-tee#Black,leah-knit-cardigan#Black,hard,0.2769160997732426,1,0
Anna,the-batwing-tee#Black,long-sleeve-softly-swinging-bamboo-tee#Combat,semi-hard,0.5353259637188208,1,0
Anna,the-batwing-tee#Black,bamboo-layer-tank#Chalk,random,0.26327097505668934,1,0
Anna,the-batwing-tee#FrenchBlue,high-neck-tie-top#Black,hard,0.24478458049886623,1,0
Anna,the-batwing-tee#FrenchBlue,the-panel-hem-top#DenimMarle,semi-hard,0.4510090702947846,1,0
Anna,the-batwing-tee#FrenchBlue,falling-for-you-cardi#Teal,random,0.33714285714285713,1,0
Anna,the-batwing-tee#Sea,monaco-knot-top#Black,hard,0.21922902494331065,1,0
Anna,the-batwing-tee#Sea,belle-tie-neck-blouse-tee#RoyalBlue,semi-hard,0.5308900226757369,1,0
Anna,the-batwing-tee#Sea,fundamental-stripe-long-sleeve-tee#WhiteBlack,random,0.3782936507936508,1,0
Anna,the-batwing-tee#Stone,butterfly-blouse-1#Ivory,hard,0.29286281179138324,1,0
Anna,the-batwing-tee#Stone,the-contrast-trim-knit#BlackWhite,semi-hard,0.5242857142857142,1,0
Anna,the-batwing-tee#Stone,abigail-stripe-shirt#BlackStrip,random,0.5945124716553288,1,0
Anna,the-cotton-bamboo-tank#Chambray,overlay-tunic-3-pce-set#Emerald,hard,0.22010204081632653,1,0
Anna,the-cotton-bamboo-tank#Chambray,luxe-shirt#Navy,semi-hard,0.45356009070294784,1,0
Anna,the-cotton-bamboo-tank#Chambray,merino-boyfriend-cardigan#MelangeStr,random,0.29877551020408166,1,0
Anna,the-cotton-bamboo-tank#DarkNavy,pulkari-emb-top#Pulkari,hard,0.309297052154195,1,0
Anna,the-cotton-bamboo-tank#DarkNavy,the-stripe-pocket-tank#Stripe,semi-hard,0.46645502645502646,1,0
Anna,the-cotton-bamboo-tank#DarkNavy,selene-cardigan#Ivy,random,0.8360317460317461,1,0
Anna,the-cotton-bamboo-tank#DuckEgg,rika-top#BatikTile,hard,0.27117913832199547,1,0
Anna,the-cotton-bamboo-tank#DuckEgg,paradise-cardi#MultiStrip,semi-hard,0.4778968253968254,1,0
Anna,the-cotton-bamboo-tank#DuckEgg,geena-xo-ls-pullover-knit#WhiteCapGr,random,0.30829648526077097,1,0
Anna,the-cotton-bamboo-tank#Moonbeam,the-longline-cardi-1#Nude,hard,0.311343537414966,1,0
Anna,the-cotton-bamboo-tank#Moonbeam,layered-sleeve-top#Moss,semi-hard,0.520827664399093,1,0
Anna,the-cotton-bamboo-tank#Moonbeam,belle-v-neck-forgiver-tunic#DenimMarl,random,0.5103259637188209,1,0
Anna,the-cotton-bamboo-tank#White,back-to-you-top#Rust,hard,0.25386054421768706,1,0
Anna,the-cotton-bamboo-tank#White,jordan-top#PearlBlue,semi-hard,0.45866780045351474,1,0
Anna,the-cotton-bamboo-tank#White,natural-detailed-sweater#Tinroof,random,0.4766893424036281,1,0
Anna,the-cotton-bamboo-tee#BlueJeans,relaxed-v-neck-knit#Silver,hard,0.300578231292517,1,0
Anna,the-cotton-bamboo-tee#BlueJeans,messina-v-neck-tee#Black,semi-hard,0.4418537414965986,1,0
Anna,the-cotton-bamboo-tee#BlueJeans,the-cascade-blouse#Auburn,random,0.5573837868480725,1,0
Anna,the-cotton-bamboo-tee#DuckEgg,cherrington-top#GreyRose,hard,0.3035430839002268,1,0
Anna,the-cotton-bamboo-tee#DuckEgg,belle-half-sleeve-boat-tee#White,semi-hard,0.42770124716553287,1,0
Anna,the-cotton-bamboo-tee#DuckEgg,clio-knit-jumper#Black,random,0.6133333333333333,1,0
Anna,the-cotton-bamboo-tee#DustyPink,eco-78-long-cardigan#LightGreyM,hard,0.2754988662131519,1,0
Anna,the-cotton-bamboo-tee#DustyPink,alberta-stripe-top#IvoryStrip,semi-hard,0.42866213151927435,1,0
Anna,the-cotton-bamboo-tee#DustyPink,back-to-you-top#BlackMagic,random,0.25386054421768706,1,0
Anna,the-cotton-bamboo-tee#White,the-panel-luxe-top#BlkWhite,hard,0.3077154195011338,1,0
Anna,the-cotton-bamboo-tee#White,ponte-spot-top#BlackWhite,semi-hard,0.5242800453514739,1,0
Anna,the-cotton-bamboo-tee#White,arlo-cardigan#Navy,random,0.3131292517006803,1,0
Anna,the-cross-over-blouse#Black,shirt-in-a-box#Silver,hard,0.2796655328798186,1,0
Anna,the-cross-over-blouse#Black,bird-jumper#Navy,semi-hard,0.41350907029478456,1,0
Anna,the-cross-over-blouse#Black,paige-top#Black,random,0.30002645502645503,1,0
Anna,the-cross-over-blouse#Blue,pure-merino-fine-rib-polo#BlackStri,hard,0.22485260770975057,1,0
Anna,the-cross-over-blouse#Blue,the-weekender-shirt#DenimStrip,semi-hard,0.533015873015873,1,0
Anna,the-cross-over-blouse#Blue,jade-kimono-sweet-blossoms#Blue,random,0.5180498866213151,1,0
Anna,the-cross-over-blouse#Mint,cara-tee-4#Black,hard,0.3111621315192744,1,0
Anna,the-cross-over-blouse#Mint,runaway-top#JetBlack,semi-hard,0.5090702947845805,1,0
Anna,the-cross-over-blouse#Mint,the-blouson-sleeve-jumper#Navy,random,0.5956613756613757,1,0
Anna,the-cross-over-blouse#Red,glasgow-top#Melange,hard,0.23098072562358277,1,0
Anna,the-cross-over-blouse#Red,not-today-buttoned-cardigan#Almond,semi-hard,0.4576719576719577,1,0
Anna,the-cross-over-blouse#Red,long-sleeve-softly-swinging-bamboo-tee#White,random,0.5353259637188208,1,0
Anna,the-cross-over-blouse#RoyalBlue,niue-neck-tie-shirt#LightBlue,hard,0.2841609977324263,1,0
Anna,the-cross-over-blouse#RoyalBlue,malibu-cardigan#Wine,semi-hard,0.4207879818594104,1,0
Anna,the-cross-over-blouse#RoyalBlue,long-sleeve-tee-2#NavyWhite,random,0.24814058956916096,1,0
Anna,the-cross-over-blouse#Silver,vivid-dreams-blouse#Dusty%20Rose,hard,0.2864285714285714,1,0
Anna,the-cross-over-blouse#Silver,clara-blouse#DarkFloral,semi-hard,0.41397959183673466,1,0
Anna,the-cross-over-blouse#Silver,the-on-or-off-the-shoulder-top#FrenchNavy,random,0.7670068027210883,1,0
Anna,the-cross-over-blouse#Sunshine,everyday-linen-tunic#BotanicalB,hard,0.26050453514739225,1,0
Anna,the-cross-over-blouse#Sunshine,the-soft-knit-jumper#NavyStripe,semi-hard,0.5323809523809524,1,0
Anna,the-cross-over-blouse#Sunshine,kimono-top-36#BlueMarle,random,0.4712018140589569,1,0
Anna,the-cross-over-blouse#White,magnolia-fields-keyhole-blouse#Magnolia,hard,0.26683673469387753,1,0
Anna,the-cross-over-blouse#White,natural-cross-back-knit#Lightsmoke,semi-hard,0.5076643990929705,1,0
Anna,the-cross-over-blouse#White,the-crossover-button-blouse-1#Ornate,random,0.7078571428571429,1,0
Anna,the-cut-out-shoulder-blouse#Black,analia-top#White,hard,0.2452607709750567,1,0
Anna,the-cut-out-shoulder-blouse#Black,the-crossover-2-way-blouse#Black,semi-hard,0.46158730158730155,1,0
Anna,the-cut-out-shoulder-blouse#Black,millie-top#Moss,random,0.3445011337868481,1,0
Anna,the-cut-out-shoulder-blouse#Blue,aztec-cardigan#Orange,hard,0.2932624716553288,1,0
Anna,the-cut-out-shoulder-blouse#Blue,wellington-tee#Olive,semi-hard,0.5026757369614513,1,0
Anna,the-cut-out-shoulder-blouse#Blue,capri-tank-3#White,random,0.35403061224489796,1,0
Anna,the-cut-out-shoulder-blouse#Clay,cara-tee-2#BlackSpot,hard,0.3073469387755102,1,0
Anna,the-cut-out-shoulder-blouse#Clay,daylight-jumper#Silver,semi-hard,0.5348129251700681,1,0
Anna,the-cut-out-shoulder-blouse#Clay,partly-cloudy-knit#PawPaw,random,0.6853439153439154,1,0
Anna,the-cut-out-shoulder-blouse#Salmon,roll-neck-jumper-3#GreyMarl,hard,0.3028004535147392,1,0
Anna,the-cut-out-shoulder-blouse#Salmon,the-long-sleeve-scoop-neck-tee#Black,semi-hard,0.5059523809523809,1,0
Anna,the-cut-out-shoulder-blouse#Salmon,hacienda-tunic-5#PatchGold,random,0.4068027210884354,1,0
Anna,the-cut-out-shoulder-blouse#Silver,cara-tee-4#BlackWhite,hard,0.3111621315192744,1,0
Anna,the-cut-out-shoulder-blouse#Silver,funnel-neck-knit-jumper#BlueMulti,semi-hard,0.44246031746031744,1,0
Anna,the-cut-out-shoulder-blouse#Silver,the-soft-knit-jumper#PinkStripe,random,0.5323809523809524,1,0
Anna,the-cut-out-shoulder-blouse#White,drapey-stripe-tee#Navy,hard,0.28942743764172335,1,0
Anna,the-cut-out-shoulder-blouse#White,runaway-top#SoftPink,semi-hard,0.5090702947845805,1,0
Anna,the-cut-out-shoulder-blouse#White,panelled-stripe-top#NavyWhite,random,0.4311791383219955,1,0
Anna,the-drape-tee-1#Black,bamboo-layer-tank#Black,hard,0.26327097505668934,1,0
Anna,the-drape-tee-1#Black,driftwood-gathering-blouse#Khaki,semi-hard,0.4692857142857143,1,0
Anna,the-drape-tee-1#Black,paisley-top-1#Paisley,random,0.44374149659863943,1,0
Anna,the-drape-tee-1#Navy,mila-knit-cardigan#Black,hard,0.2579365079365079,1,0
Anna,the-drape-tee-1#Navy,belle-drape-tee#Sliver,semi-hard,0.5298781179138322,1,0
Anna,the-drape-tee-1#Navy,lilly-layer-stripe-tank#NavyWhite,random,0.39040816326530614,1,0
Anna,the-drape-tee-1#NavyStripe,ricki-one-shoulder-top#BlackWhite,hard,0.27121882086167803,1,0
Anna,the-drape-tee-1#NavyStripe,always-mine-v-neck-knit#Terracotta,semi-hard,0.4207936507936508,1,0
Anna,the-drape-tee-1#NavyStripe,sequin-heart-layered-top#Natural,random,0.6046825396825397,1,0
Anna,the-drape-tee-1#Stripe,cuddled-longline-cardigan#Sunflower,hard,0.2997052154195011,1,0
Anna,the-drape-tee-1#Stripe,mauevewood-crew#YellowWhit,semi-hard,0.4703628117913832,1,0
Anna,the-drape-tee-1#Stripe,reversible-scoopv-neck-tank#White,random,0.3270238095238095,1,0
Anna,the-drape-tee-1#White,holly-rib-long-sleeve-tee#Khaki,hard,0.22701247165532878,1,0
Anna,the-drape-tee-1#White,arya-frilled-blouse#Oyster,semi-hard,0.4358673469387755,1,0
Anna,the-drape-tee-1#White,york-linen-blend-long-cardigan#BurntOrang,random,0.35398526077097503,1,0
Anna,the-everyday-shirt#Black,henson-jumper#Cream,hard,0.2473809523809524,1,0
Anna,the-everyday-shirt#Black,animal-knit-1#Animal,semi-hard,0.4729138321995465,1,0
Anna,the-everyday-shirt#Black,softly-swinging-bamboo-tee#Jewel,random,0.549438775510204,1,0
Anna,the-everyday-shirt#Cream,aztec-cardigan#BlackIvory,hard,0.2932624716553288,1,0
Anna,the-everyday-shirt#Cream,ruffle-sleeve-top-1#Black,semi-hard,0.5320068027210885,1,0
Anna,the-everyday-shirt#Cream,patchwork-tunic#Patchwork,random,0.6051851851851852,1,0
Anna,the-everyday-shirt#Midnight,manhattan-stretch-tee#Navy,hard,0.27165532879818594,1,0
Anna,the-everyday-shirt#Midnight,daisy-top-1#BrightBlue,semi-hard,0.44934240362811795,1,0
Anna,the-everyday-shirt#Midnight,the-spotted-tunic#NavySpot,random,0.6833475056689342,1,0
Anna,the-everyday-shirt#Pink,monaco-knot-top#ClaySpot,hard,0.21922902494331065,1,0
Anna,the-everyday-shirt#Pink,cascade-hood-top#Black,semi-hard,0.5029591836734694,1,0
Anna,the-everyday-shirt#Pink,long-sleeve-softly-swinging-bamboo-tee#DuckEgg,random,0.5353259637188208,1,0
Anna,the-everyday-shirt#Rose,manhattan-stretch-tee#Black,hard,0.27165532879818594,1,0
Anna,the-everyday-shirt#Rose,heartmade-cardi#DustyRose,semi-hard,0.42707482993197277,1,0
Anna,the-everyday-shirt#Rose,the-frill-wrap-blouse#Spot,random,0.4121286848072563,1,0
Anna,the-half-sleeve-tee#Black,the-uneven-hem-knit-1#Sage,hard,0.25992063492063494,1,0
Anna,the-half-sleeve-tee#Black,tia-boyfriend-shirt#White,semi-hard,0.40890589569160996,1,0
Anna,the-half-sleeve-tee#Black,beloved-stripe-pull-over-hoodie#NavyWhite,random,0.5444954648526077,1,0
Anna,the-half-sleeve-tee#White,endeavor-long-sleeve-tee#Stripe,hard,0.2857142857142857,1,0
Anna,the-half-sleeve-tee#White,true-love-bell-blouse#Jade,semi-hard,0.4559183673469388,1,0
Anna,the-half-sleeve-tee#White,the-stripe-button-through-top#Coral,random,0.7137641723356009,1,0
Anna,the-long-sleeve-v-neck-tee#Black,manhattan-stretch-tee#White,hard,0.27165532879818594,1,0
Anna,the-long-sleeve-v-neck-tee#Black,elcos-top#LightGrey,semi-hard,0.41129818594104306,1,0
Anna,the-long-sleeve-v-neck-tee#Black,reversible-scoopv-neck-tank#Navy,random,0.3270238095238095,1,0
Anna,the-long-sleeve-v-neck-tee#Navy,renee-sweater#Sapphire,hard,0.2544444444444445,1,0
Anna,the-long-sleeve-v-neck-tee#Navy,belle-half-sleeve-boat-tee#Black,semi-hard,0.42770124716553287,1,0
Anna,the-long-sleeve-v-neck-tee#Navy,stud-trim-long-sleeve-top#Mint,random,0.6783021541950113,1,0
Anna,the-long-sleeve-v-neck-tee#White,the-panel-luxe-top#SilvWhite,hard,0.3077154195011338,1,0
Anna,the-long-sleeve-v-neck-tee#White,2-in-1-layered-knit-top#Navy,semi-hard,0.5347392290249433,1,0
Anna,the-long-sleeve-v-neck-tee#White,2-in-1-layered-knit-top#Khaki,random,0.5347392290249433,1,0
Anna,the-relaxed-long-sleeve-tee#Black,cable-knit-sweater#Camel,hard,0.2841496598639456,1,0
Anna,the-relaxed-long-sleeve-tee#Black,layered-sleeve-top#DarkBlue,semi-hard,0.520827664399093,1,0
Anna,the-relaxed-long-sleeve-tee#Black,the-contrast-knit-1#Navy,random,0.5692857142857143,1,0
Anna,the-relaxed-long-sleeve-tee#Khaki,cara-tee-2#WhiteBlk,hard,0.3073469387755102,1,0
Anna,the-relaxed-long-sleeve-tee#Khaki,ditzy-floral-ruffle-blouse#DitzyFlora,semi-hard,0.4305839002267574,1,0
Anna,the-relaxed-long-sleeve-tee#Khaki,maui-stretch-tee#Navy,random,0.3810544217687075,1,0
Anna,the-relaxed-long-sleeve-tee#Navy,monaco-knot-top#HeatheGrey,hard,0.21922902494331065,1,0
Anna,the-relaxed-long-sleeve-tee#Navy,the-printed-side-ring-detail-blouse#Block,semi-hard,0.4561082766439909,1,0
Anna,the-relaxed-long-sleeve-tee#Navy,the-box-top#Khaki,random,0.6280725623582767,1,0
Anna,the-relaxed-long-sleeve-tee#Pink,lake-house-top#CoalPrint,hard,0.2927947845804989,1,0
Anna,the-relaxed-long-sleeve-tee#Pink,heart-spliced-top#Navy,semi-hard,0.47938775510204085,1,0
Anna,the-relaxed-long-sleeve-tee#Pink,fundamental-vee-tee#Pink,random,0.3461451247165533,1,0
Anna,the-relaxed-long-sleeve-tee#White,holly-rib-long-sleeve-tee#WhiteGrey,hard,0.22701247165532878,1,0
Anna,the-relaxed-long-sleeve-tee#White,fundamental-rib-long-sleeve-tee#Black,semi-hard,0.41329931972789113,1,0
Anna,the-relaxed-long-sleeve-tee#White,the-relaxed-long-sleeve-tee-1#Ink%20Stripe,random,0.46530045351473925,1,0
Anna,the-roll-neck-sweater#Natural,geena-xo-ls-pullover-knit#Allure,hard,0.30829648526077097,1,0
Anna,the-roll-neck-sweater#Natural,the-long-sleeve-scoop-neck-tee#White,semi-hard,0.5059523809523809,1,0
Anna,the-roll-neck-sweater#Natural,haze-swing-top#OffWhite,random,0.6610052910052909,1,0
Anna,the-short-sleeve-wrap-jersey-top#Black,elina-lace-frill-blouse#Black,hard,0.24913265306122445,1,0
Anna,the-short-sleeve-wrap-jersey-top#Black,fundamental-sydney-crew#Burgundy,semi-hard,0.45460884353741493,1,0
Anna,the-short-sleeve-wrap-jersey-top#Black,billow-top#Peach,random,0.7943934240362812,1,0
Anna,the-short-sleeve-wrap-jersey-top#Blue,dream-girl-ruffle-jumper#SoftPink,hard,0.2945068027210884,1,0
Anna,the-short-sleeve-wrap-jersey-top#Blue,belle-off-the-shoulder-tee#Stripe,semi-hard,0.49973639455782315,1,0
Anna,the-short-sleeve-wrap-jersey-top#Blue,long-sleeve-softly-swinging-bamboo-tee#Smoke,random,0.5353259637188208,1,0
Anna,the-short-sleeve-wrap-jersey-top#Emerald,the-reversible-cowl-neck-top-2#Ocean,hard,0.24276643990929708,1,0
Anna,the-short-sleeve-wrap-jersey-top#Emerald,belle-square-neck-drape-tee#Vanilla,semi-hard,0.5066921768707483,1,0
Anna,the-short-sleeve-wrap-jersey-top#Emerald,falling-for-you-tunic#Rust,random,0.4695521541950113,1,0
Anna,the-short-sleeve-wrap-jersey-top#NavyWhite,colourblock-cardi#NavyRed,hard,0.26589569160997734,1,0
Anna,the-short-sleeve-wrap-jersey-top#NavyWhite,wellington-tee#HeatheGrey,semi-hard,0.5026757369614513,1,0
Anna,the-short-sleeve-wrap-jersey-top#NavyWhite,in-transit-cardi#Navy,random,0.5290702947845805,1,0
Anna,the-sleeveless-cross-over-blouse#Black,cara-tee-2#Blush,hard,0.3073469387755102,1,0
Anna,the-sleeveless-cross-over-blouse#Black,bird-print-jumper#Navy,semi-hard,0.4247732426303855,1,0
Anna,the-sleeveless-cross-over-blouse#Black,the-twist-front-top#Navy,random,0.7129629629629629,1,0
Anna,the-sleeveless-cross-over-blouse#Chambray,belle-v-neck-forgiver-tunic#Tobacco,semi-hard,0.5103259637188209,1,0
Anna,the-sleeveless-cross-over-blouse#Chambray,hacienda-tunic-pushkar#Cornflower,random,0.48571428571428565,1,0
Anna,the-sleeveless-cross-over-blouse#Cobalt,belle-v-neck-forgiver-tunic#Navy,semi-hard,0.5103259637188209,1,0
Anna,the-sleeveless-cross-over-blouse#Cobalt,the-belle-sleeve-print-top#NavyPrint,random,0.699973544973545,1,0
Anna,the-sleeveless-cross-over-blouse#Mint,fundamental-sydney-crew#Navy,semi-hard,0.45460884353741493,1,0
Anna,the-sleeveless-cross-over-blouse#Mint,long-sleeve-ruffle-shirt#Black,random,0.5489965986394558,1,0
Anna,the-sleeveless-cross-over-blouse#Salmon,agra-shirt#White,semi-hard,0.47180272108843535,1,0
Anna,the-sleeveless-cross-over-blouse#Salmon,ivy-cosy-pullover#Blossom,random,0.6005725623582766,1,0
Anna,the-sleeveless-cross-over-blouse#Sunshine,the-stripe-jersey-top#Blue,semi-hard,0.4552721088435374,1,0
Anna,the-sleeveless-cross-over-blouse#Sunshine,belle-handkerchief-printed-cami#RustFlwrs,random,0.6720039682539682,1,0
Anna,the-sleeveless-cross-over-blouse#White,2-in-1-layered-knit-top#PalePink,semi-hard,0.5347392290249433,1,0
Anna,the-sleeveless-cross-over-blouse#White,the-asymmetrical-hem-sweater#Blush,random,0.5188662131519275,1,0
Anna,the-wrap-jersey-top#Charcoal,layla-long-line-kimono#MultiStrip,semi-hard,0.5338151927437642,1,0
Anna,the-wrap-jersey-top#Charcoal,belle-paint-brush-print-top#PaintPrint,random,0.777420634920635,1,0
Anna,the-wrap-jersey-top#JetBlack,marlow-cardigan#Cream,semi-hard,0.4541383219954649,1,0
Anna,the-wrap-jersey-top#JetBlack,sky-shirt#Clouds,random,0.7192517006802721,1,0
Anna,the-wrap-jersey-top#NavyWhite,the-dobby-sleeve-tee#InkBlue,semi-hard,0.5292063492063492,1,0
Anna,the-wrap-jersey-top#NavyWhite,belle-deep-v-mesh-top#Black,random,0.6521485260770975,1,0
Anna,the-wrap-jersey-top#PortSpot,raspberry-ls-tee#WhiteRaspb,semi-hard,0.41895691609977326,1,0
Anna,the-wrap-jersey-top#PortSpot,yvette-blouse#Black,random,0.5810657596371882,1,0
Anna,waterfall-cardi-1#Black,wellington-tee#ClaySpot,semi-hard,0.5026757369614513,1,0
Anna,waterfall-cardi-1#Black,sugar-snaps-round-neck-layer-tank#DuckEgg,random,0.6277721088435375,1,0
Anna,waterfall-cardi-1#Navy,runaway-top#SoftMint,semi-hard,0.5090702947845805,1,0
Anna,waterfall-cardi-1#Navy,moonlight-kisses-bamboo-tee#Black,random,0.5392715419501134,1,0
Anna Maria,falling-for-you-cardi#Black,high-street-knit#NavyStripe,hard,0.3375986521237918,1,0
Anna Maria,falling-for-you-cardi#Black,still-the-one-ruffle-blouse#Spot,semi-hard,0.5001452070586148,1,0
Anna Maria,falling-for-you-cardi#Black,belle-v-neck-forgiver-tunic#White,random,0.595424938480979,1,0
Anna Maria,falling-for-you-cardi#Dusty,ally-long-sleeve-tee#CosmosPr,hard,0.26956789815553783,1,0
Anna Maria,falling-for-you-cardi#Dusty,falling-for-you-tunic#Rust,semi-hard,0.5588174492329521,1,0
Anna Maria,falling-for-you-cardi#Dusty,sky-jumper-1#Clouds,random,0.6779462623038042,1,0
Anna Maria,falling-for-you-cardi#GreyMarle,niue-neck-tie-shirt#LightBlue,hard,0.3540328212290503,1,0
Anna Maria,falling-for-you-cardi#GreyMarle,luxe-shirt#Navy,semi-hard,0.49290591469362416,1,0
Anna Maria,falling-for-you-cardi#GreyMarle,tracie-top#Black,random,0.6800667980180899,1,0
Anna Maria,falling-for-you-cardi#Khaki,cable-knit-sweater#Camel,hard,0.350503236676421,1,0
Anna Maria,falling-for-you-cardi#Khaki,mixed-messages-jumper#MixedStrip,semi-hard,0.49157300257160585,1,0
Anna Maria,falling-for-you-cardi#Khaki,lake-house-top#CoalPrint,random,0.36025026048594483,1,0
Anna Maria,falling-for-you-cardi#Mustard,the-uneven-hem-knit-1#Sage,hard,0.34151785714285715,1,0
Anna Maria,falling-for-you-cardi#Mustard,the-stripe-jersey-top#Blue,semi-hard,0.5288715416334131,1,0
Anna Maria,falling-for-you-cardi#Mustard,long-sleeve-layer-top#Navy,random,0.5641301155005763,1,0
Anna Maria,falling-for-you-cardi#Navy,forget-me-knot-tunic#ForgetMeK,hard,0.21266169526469805,1,0
Anna Maria,falling-for-you-cardi#Navy,aigli-top#Navy,semi-hard,0.503635995832225,1,0
Anna Maria,falling-for-you-cardi#Navy,paradise-top#Red,random,0.626363394519819,1,0
Anna Maria,falling-for-you-cardi#Port,eco-78-long-cardigan#LightGreyM,hard,0.3405313359049393,1,0
Anna Maria,falling-for-you-cardi#Port,the-long-sleeve-scoop-neck-tee#Grey,semi-hard,0.5107408885341846,1,0
Anna Maria,falling-for-you-cardi#Port,luxe-shirt#Champagne,random,0.49290591469362416,1,0
Anna Maria,falling-for-you-cardi#Rust,mila-knit-cardigan#InkWhite,hard,0.32675384632437704,1,0
Anna Maria,falling-for-you-cardi#Rust,nuzuri-longline-cardi#Forest,semi-hard,0.5185480772072951,1,0
Anna Maria,falling-for-you-cardi#Rust,silver-cross-sweater#Silver,random,0.46779146714551745,1,0
Anna Maria,falling-for-you-cardi#Teal,elina-lace-frill-blouse#Black,hard,0.313367501330141,1,0
Anna Maria,falling-for-you-cardi#Teal,true-love-bell-blouse#Jade,semi-hard,0.5374576017557862,1,0
Anna Maria,falling-for-you-cardi#Teal,soft-and-true-tunic#Pine,random,0.5844794022124679,1,0
Anna Maria,the-bell-sleeve-top#BlkStripe,cara-tee-2#WhiteBlk,hard,0.3429369513168396,1,0
Anna Maria,the-bell-sleeve-top#BlkStripe,ryder-cosy-sweater#Blossom,semi-hard,0.5052062549880287,1,0
Anna Maria,the-bell-sleeve-top#BlkStripe,fundamental-vee-tee#Black,random,0.41800844639531787,1,0
Anna Maria,the-bell-sleeve-top#Grey,long-sleeve-tee-2#NavyWhite,hard,0.31150738228252195,1,0
Anna Maria,the-bell-sleeve-top#Grey,natural-cosy-sweater#Rosered,semi-hard,0.573290768821495,1,0
Anna Maria,the-bell-sleeve-top#Grey,layer-me-cotton-candy-top#Cream,random,0.7143518056664006,1,0
Anna Maria,the-belle-sleeve-print-top#NavyPrint,drapey-stripe-tee#Navy,hard,0.35655329985811834,1,0
Anna Maria,the-belle-sleeve-print-top#NavyPrint,the-cotton-blend-stripe-jumper#BlueStripe,semi-hard,0.5258047353019419,1,0
Anna Maria,the-belle-sleeve-print-top#NavyPrint,belle-poncho-sleeved-knit#BlueMarle,random,0.8320414338919926,1,0
Anna Maria,the-cross-over-top#GreyStripe,manhattan-stretch-tee#Black,hard,0.3372436707457657,1,0
Anna Maria,the-cross-over-top#GreyStripe,the-roll-neck-sweater#Natural,semi-hard,0.5231474091809288,1,0
Anna Maria,the-cross-over-top#GreyStripe,belle-longline-white-shirt#White,random,0.6028605651990778,1,0
Anna Maria,the-cross-over-top#NavyStripe,the-boat-neck-top#Black,hard,0.3645114918639709,1,0
Anna Maria,the-cross-over-top#NavyStripe,fundamental-sydney-crew#GreyMarle,semi-hard,0.5324988084153587,1,0
Anna Maria,the-cross-over-top#NavyStripe,the-short-sleeve-wrap-jersey-top#Emerald,random,0.3788948191008247,1,0
Anna Maria,the-ruffle-sleeve-top#NavyStripe,analia-top#White,hard,0.3100378535958145,1,0
Anna Maria,the-ruffle-sleeve-top#NavyStripe,the-essential-pullover#SkyBlue,semi-hard,0.6030002069108215,1,0
Anna Maria,the-ruffle-sleeve-top#NavyStripe,runaway-top#SoftPink,random,0.5529218763855636,1,0
Anna Maria,the-textured-spot-top#Pink,bamboo-layer-tank#Chalk,hard,0.2812013667198723,1,0
Anna Maria,the-textured-spot-top#Pink,the-zip-front-top#Blue,semi-hard,0.5834117562294937,1,0
Anna Maria,the-textured-spot-top#Pink,diva-ruffle-jumper#Gold%20Spot,random,0.5104781856876829,1,0
Anna Maria,the-twist-front-top#Grey,renee-sweater#Sapphire,hard,0.31844877848718633,1,0
Anna Maria,the-twist-front-top#Grey,bo-cosy-cardigan#Blossom,semi-hard,0.48634291589075107,1,0
Anna Maria,the-twist-front-top#Grey,the-relaxed-batwing-top#Denim%20Blue,random,0.841116136088203,1,0
Anna Maria,the-twist-front-top#Navy,geena-xo-ls-pullover-knit#WhiteCapGr,hard,0.36275376596169195,1,0
Anna Maria,the-twist-front-top#Navy,tie-back-bell-sleeve-top-5#Summerbud,semi-hard,0.5253574753923916,1,0
Anna Maria,the-twist-front-top#Navy,long-sleeve-layer-top#White,random,0.5641301155005763,1,0
Anneliese,paige-top#Black,natural-classic-cardigan#Pebble,hard,0.30117572814202026,1,0
Anneliese,paige-top#Black,belle-v-neck-forgiver-tunic#White,semi-hard,0.590744388453307,1,0
Anneliese,paige-top#Black,the-double-layer-top#Black,random,0.7843826205395728,1,0
Anneliese,tracie-top#Black,the-reversible-cowl-neck-top-2#Ocean,hard,0.2673147019179323,1,0
Anneliese,tracie-top#Black,aigli-top#White,semi-hard,0.49905916882742724,1,0
Anneliese,tracie-top#Black,the-cross-over-top#NavyStripe,random,0.7539208801498128,1,0
Anneliese,tracie-top#Opal,endeavor-long-sleeve-tee#Stripe,hard,0.2857142857142857,1,0
Anneliese,tracie-top#Opal,funnel-neck-knit-jumper#BlueMulti,semi-hard,0.5142533028768984,1,0
Anneliese,tracie-top#Opal,ivy-cosy-pullover#Storm,random,0.6829421456352637,1,0
Bree,belle-half-sleeve-forgiver-tunic#Apricot,mila-knit-cardigan#StoneBlack,hard,0.23693712829226848,1,0
Bree,belle-half-sleeve-forgiver-tunic#Apricot,belle-v-neck-forgiver-tunic#White,semi-hard,0.42892889172094784,1,0
Bree,belle-half-sleeve-forgiver-tunic#Apricot,the-luxe-long-sleeve-tee#GreyMarle,random,0.46560307121054784,1,0
Bree,belle-half-sleeve-forgiver-tunic#Black,butterfly-blouse-1#Ivory,hard,0.22721490607004624,1,0
Bree,belle-half-sleeve-forgiver-tunic#Black,ava-short-sleeve-linen-tee#Blush,semi-hard,0.345964316057774,1,0
Bree,belle-half-sleeve-forgiver-tunic#Black,layer-me-bamboo-rouched-sleeve-tee#Fern,random,0.2941323279524214,1,0
Bree,belle-half-sleeve-forgiver-tunic#BlueBonnet,cara-tee-4#Black,hard,0.2506950344567167,1,0
Bree,belle-half-sleeve-forgiver-tunic#BlueBonnet,printed-tunic-7#RedCheck,semi-hard,0.448241173416407,1,0
Bree,belle-half-sleeve-forgiver-tunic#BlueBonnet,runaway-top#SoftMint,random,0.4012870134365461,1,0
Bree,belle-half-sleeve-forgiver-tunic#FlamPink,leah-knit-cardigan#Black,hard,0.21685665061833287,1,0
Bree,belle-half-sleeve-forgiver-tunic#FlamPink,drama-top#BlackGrey,semi-hard,0.34892853771358445,1,0
Bree,belle-half-sleeve-forgiver-tunic#FlamPink,niue-neck-tie-shirt#LightBlue,random,0.30132634758802984,1,0
Bree,belle-half-sleeve-forgiver-tunic#MutedClay,ynes#Black,hard,0.2472871235721703,1,0
Bree,belle-half-sleeve-forgiver-tunic#MutedClay,snake-print-johnny-collar-top#BeigeSnake,semi-hard,0.3820152459171151,1,0
Bree,belle-half-sleeve-forgiver-tunic#MutedClay,ava-short-sleeve-linen-tee#Navy,random,0.345964316057774,1,0
Bree,belle-half-sleeve-forgiver-tunic#White,hannah-tee-1#Black,hard,0.25675682054186727,1,0
Bree,belle-half-sleeve-forgiver-tunic#White,arya-frilled-blouse#Oyster,semi-hard,0.3628245067497404,1,0
Bree,belle-half-sleeve-forgiver-tunic#White,circles-knit#Plum,random,0.326960020768432,1,0
Charlotte,natural-classic-cardigan#Pebble,stara-cardigan#GreyMarle,hard,0.31769113158691326,1,0
Charlotte,natural-classic-cardigan#Pebble,2-in-1-layered-top-1#NavyWhite,semi-hard,0.4908543345267911,1,0
Charlotte,natural-classic-cardigan#Pebble,the-pocket-tee#GreyStripe,random,0.5545739413605418,1,0
Charlotte,natural-cosy-sweater#Rosered,faith-jumper#Eventide,hard,0.2940102678144788,1,0
Charlotte,natural-cosy-sweater#Rosered,mixed-messages-jumper#MixedStrip,semi-hard,0.443317971733586,1,0
Charlotte,natural-cosy-sweater#Rosered,buttoned-top#Spotty,random,0.5390317567736923,1,0
Charlotte,natural-cropped-sleeve-knit#Cloudcover,falling-for-you-cardi#Mustard,hard,0.3136094674556213,1,0
Charlotte,natural-cropped-sleeve-knit#Cloudcover,waterfall-cardi-1#Black,semi-hard,0.4320236315602228,1,0
Charlotte,natural-cropped-sleeve-knit#Cloudcover,belle-half-sleeve-boat-tee#Black,random,0.4540646410704464,1,0
Charlotte,natural-cross-back-knit#Lightsmoke,the-cotton-bamboo-tee#BlueJeans,hard,0.27548675083604346,1,0
Charlotte,natural-cross-back-knit#Lightsmoke,sunshine-in-me-tee-1#GreyMarle,semi-hard,0.5056145777299623,1,0
Charlotte,natural-cross-back-knit#Lightsmoke,belle-tier-tee#Blue,random,0.7143534445845009,1,0
Charlotte,natural-crossover-knit-1#Stormcloud,bamboo-layer-tank#Black,hard,0.27891313530734296,1,0
Charlotte,natural-crossover-knit-1#Stormcloud,bo-cosy-cardigan#Storm,semi-hard,0.4340811343514947,1,0
Charlotte,natural-crossover-knit-1#Stormcloud,long-sleeve-softly-swinging-bamboo-tee#BlueJeans,random,0.5684209717821899,1,0
Charlotte,natural-detailed-sweater#Tinroof,renee-sweater#Sapphire,hard,0.2766074439183769,1,0
Charlotte,natural-detailed-sweater#Tinroof,to-the-beat-of-the-drum-kimono#Leaf,semi-hard,0.5123315132620344,1,0
Charlotte,natural-detailed-sweater#Tinroof,bubbles-print-tee#Cambridge,random,0.3516994460362298,1,0
Charlotte,natural-extra-fine-sweater#Snowgum,the-cotton-bamboo-tee#White,hard,0.27548675083604346,1,0
Charlotte,natural-extra-fine-sweater#Snowgum,tie-back-bell-sleeve-top-5#Summerbud,semi-hard,0.4736719800328556,1,0
Charlotte,natural-extra-fine-sweater#Snowgum,layer-me-cotton-candy-top#Cream,random,0.6563574244724943,1,0
Charlotte,natural-overlay-knit#Greybloss,manhattan-stretch-tee#NavyWhtStr,hard,0.2937450829542789,1,0
Charlotte,natural-overlay-knit#Greybloss,belle-half-sleeve-forgiver-tunic#Black,semi-hard,0.5091237690713174,1,0
Charlotte,natural-overlay-knit#Greybloss,the-cotton-bamboo-tank#White,random,0.5848991612285102,1,0
Charlotte,natural-pattern-cocoon-cardigan#Blossom,leah-knit-cardigan#Black,hard,0.29844500816640734,1,0
Charlotte,natural-pattern-cocoon-cardigan#Blossom,the-contrast-detail-top#Ivory,semi-hard,0.5344943518020442,1,0
Charlotte,natural-pattern-cocoon-cardigan#Blossom,layer-me-bamboo-rouched-sleeve-tee#Black,random,0.38815096063091503,1,0
Charlotte,natural-rolled-neck-tunic#BlueDam,shirt-in-a-box#Silver,hard,0.3021865330205762,1,0
Charlotte,natural-rolled-neck-tunic#BlueDam,rosie-bell-sleeve-denim-shirt#Stripe,semi-hard,0.45635860503828357,1,0
Charlotte,natural-rolled-neck-tunic#BlueDam,butterfly-kisses-tee#MustardStr,random,0.5367469069392146,1,0
Charlotte,natural-textured-poncho#Deeprain,the-uneven-hem-knit-1#Sage,hard,0.2810379918588874,1,0
Charlotte,natural-textured-poncho#Deeprain,belle-v-neck-forgiver-tunic#Charcoal,semi-hard,0.5386638182657312,1,0
Charlotte,natural-textured-poncho#Deeprain,bamboo-layer-tank#Chalk,random,0.27891313530734296,1,0
Charlotte,natural-tie-tunic#BlueSky,manhattan-stretch-tee#Black,hard,0.2937450829542789,1,0
Charlotte,natural-tie-tunic#BlueSky,sparkly-star-tee#Blue,semi-hard,0.433006290710635,1,0
Charlotte,natural-tie-tunic#BlueSky,belle-half-sleeve-boat-tee#White,random,0.4540646410704464,1,0
Charlotte,natural-waterfall-cardigan#Fallendust,cara-tee-2#BlackSpot,hard,0.3040324026676384,1,0
Charlotte,natural-waterfall-cardigan#Fallendust,aigli-top#White,semi-hard,0.4541334057902888,1,0
Charlotte,natural-waterfall-cardigan#Fallendust,art-deco-print-top#NavyWhite,random,0.43539069098191907,1,0
Chelsea,2-in-1-layered-knit-top#Khaki,the-long-sleeve-v-neck-tee#White,hard,0.3113167614134821,1,0
Chelsea,2-in-1-layered-knit-top#Khaki,lola-bell-sleeve-top-entangled-vines#Gold,semi-hard,0.5294760559591069,1,0
Chelsea,2-in-1-layered-knit-top#Khaki,natural-cosy-sweater#Rosered,random,0.5714285714285714,1,0
Chelsea,2-in-1-layered-knit-top#Navy,holly-rib-long-sleeve-tee#Khaki,hard,0.2361553409130786,1,0
Chelsea,2-in-1-layered-knit-top#Navy,fundamental-sydney-crew#GreyMarle,semi-hard,0.47904932975400916,1,0
Chelsea,2-in-1-layered-knit-top#Navy,the-boat-neck-top-1#Ink,random,0.6094747912060918,1,0
Chelsea,2-in-1-layered-knit-top#PalePink,the-panel-luxe-top#SilvWhite,hard,0.3289145567954521,1,0
Chelsea,2-in-1-layered-knit-top#PalePink,lucy-rib-oversized-top#Black,semi-hard,0.45739628294206414,1,0
Chelsea,2-in-1-layered-knit-top#PalePink,the-stripe-jersey-top#Blue,random,0.4784461960908165,1,0
Chelsea,2-in-1-layered-top-1#NavyWhite,the-panel-luxe-top#BlkWhite,hard,0.3289145567954521,1,0
Chelsea,2-in-1-layered-top-1#NavyWhite,natural-extra-fine-sweater#Snowgum,semi-hard,0.44495729082593494,1,0
Chelsea,2-in-1-layered-top-1#NavyWhite,summer-haze-top#Teal,random,0.7152416811418746,1,0
Chelsea,2-in-1-layered-top-1#PinkWhite,everyday-linen-tunic#BotanicalB,hard,0.28161078359125524,1,0
Chelsea,2-in-1-layered-top-1#PinkWhite,wellington-tee#ClaySpot,semi-hard,0.5278110415131417,1,0
Chelsea,2-in-1-layered-top-1#PinkWhite,kimono-and-me-cardi#DustyPink,random,0.5007711886338913,1,0
Chelsea,always-mine-v-neck-knit#Terracotta,magnolia-fields-keyhole-blouse#Magnolia,hard,0.28694467838719867,1,0
Chelsea,always-mine-v-neck-knit#Terracotta,fern-print-top#Navy,semi-hard,0.4823281836684563,1,0
Chelsea,always-mine-v-neck-knit#Terracotta,the-cotton-bamboo-tee#White,random,0.27617051794925784,1,0
Chelsea,ava-short-sleeve-linen-tee#Blush,cara-tee-4#Black,hard,0.3326879803137172,1,0
Chelsea,ava-short-sleeve-linen-tee#Blush,the-soft-knit-jumper#PinkStripe,semi-hard,0.5347054075867634,1,0
Chelsea,ava-short-sleeve-linen-tee#Blush,rama-top#Stonewash,random,0.7413088439133944,1,0
Chelsea,ava-short-sleeve-linen-tee#Navy,shirt-in-a-box#Silver,hard,0.3009209302733621,1,0
Chelsea,ava-short-sleeve-linen-tee#Navy,sequin-spot-shirt#Blue,semi-hard,0.5625137075832544,1,0
Chelsea,ava-short-sleeve-linen-tee#Navy,cara-tee-4#BlackWhite,random,0.3326879803137172,1,0
Chelsea,bird-print-jumper#Navy,mila-knit-cardigan#InkWhite,hard,0.2798556646313647,1,0
Chelsea,bird-print-jumper#Navy,the-ruffle-sleeve-top#NavyStripe,semi-hard,0.5103410008071024,1,0
Chelsea,bird-print-jumper#Navy,natural-cross-back-knit#Lightsmoke,random,0.5177730696798494,1,0
Chelsea,cara-tee-2#BlackSpot,forget-me-knot-tunic#ForgetMeK,hard,0.16989178685475664,1,0
Chelsea,cara-tee-2#BlackSpot,the-cape-jersey-top#DarkNavy,semi-hard,0.4380683164017265,1,0
Chelsea,cara-tee-2#BlackSpot,the-long-sleeve-scoop-neck-tee#White,random,0.5083736884584342,1,0
Chelsea,cara-tee-2#Blush,cuddled-longline-cardigan#Sunflower,hard,0.3215853861810015,1,0
Chelsea,cara-tee-2#Blush,2-in-1-jumper#Navy,semi-hard,0.512521603151209,1,0
Chelsea,cara-tee-2#Blush,circles-knit#Plum,random,0.4215531459451872,1,0
Chelsea,cara-tee-2#WhiteBlk,geena-xo-ls-pullover-knit#Allure,hard,0.3183756184861565,1,0
Chelsea,cara-tee-2#WhiteBlk,printed-v-neck-top#Striped,semi-hard,0.5515032284100081,1,0
Chelsea,cara-tee-2#WhiteBlk,boho-embroidered-top#BohoDenim,random,0.42722479559251847,1,0
Chelsea,cascade-hood-top#Black,stara-cardigan#GreyMarle,hard,0.3333921845574388,1,0
Chelsea,cascade-hood-top#Black,frill-blouse#Rust,semi-hard,0.45970409165877113,1,0
Chelsea,cascade-hood-top#Black,long-sleeve-softly-swinging-bamboo-tee#Navy,random,0.5629833293855493,1,0
Chelsea,colourblock-cardi#NavyRed,mila-knit-cardigan#StoneBlack,hard,0.2798556646313647,1,0
Chelsea,colourblock-cardi#NavyRed,lola-bell-sleeve-top-ditsy-daisies#Blue,semi-hard,0.5294760559591069,1,0
Chelsea,colourblock-cardi#NavyRed,the-long-sleeve-v-neck-tee#Navy,random,0.3113167614134821,1,0
Chelsea,cotton-modal-print-top#PinkNavy,monaco-knot-top#HeatheGrey,hard,0.2273775529003053,1,0
Chelsea,cotton-modal-print-top#PinkNavy,ruffle-sleeve-top-1#Black,semi-hard,0.558006654209215,1,0
Chelsea,cotton-modal-print-top#PinkNavy,st-helens-henley-tee#White,random,0.3843403472295329,1,0
Chelsea,cross-over-top-with-pocket#BlackWhite,born-to-run-shirt-jacket#Leopard,hard,0.32643512913640027,1,0
Chelsea,cross-over-top-with-pocket#BlackWhite,the-french-cuff-shirt#White,semi-hard,0.5243293153665298,1,0
Chelsea,cross-over-top-with-pocket#BlackWhite,blue-waters-cotton-blouse#White,random,0.5662068046636488,1,0
Chelsea,cross-over-top-with-pocket#Emerald,lake-house-top#CoalPrint,hard,0.3133849615749026,1,0
Chelsea,cross-over-top-with-pocket#Emerald,fundamental-rib-long-sleeve-tee#White,semi-hard,0.4369308611432782,1,0
Chelsea,cross-over-top-with-pocket#Emerald,cable-knit-sweater#Camel,random,0.30497398849001645,1,0
Chelsea,cross-over-top-with-pocket#NavyMustrd,holly-rib-long-sleeve-tee#Black,hard,0.2361553409130786,1,0
Chelsea,cross-over-top-with-pocket#NavyMustrd,bo-cosy-cardigan#Blossom,semi-hard,0.4326409358879882,1,0
Chelsea,cross-over-top-with-pocket#NavyMustrd,belle-polka-dot-blouse#WhiteSpot,random,0.7556149002526582,1,0
Chelsea,daylight-cardi#Silver,ricki-one-shoulder-top#BlackWhite,hard,0.2920022283047338,1,0
Chelsea,daylight-cardi#Silver,still-the-one-ruffle-blouse#Spot,semi-hard,0.4473881022563778,1,0
Chelsea,daylight-cardi#Silver,karmen-top#HighRiskRe,random,0.44096454597559975,1,0
Chelsea,daylight-jumper#Silver,back-to-you-top#BlackMagic,hard,0.2638265650770256,1,0
Chelsea,daylight-jumper#Silver,belle-drape-tee#Sliver,semi-hard,0.5559513391760535,1,0
Chelsea,daylight-jumper#Silver,the-cross-over-printed-blouse#Leopard,random,0.6351803479313611,1,0
Chelsea,drapey-stripe-tee#Navy,monaco-knot-top#Black,hard,0.2273775529003053,1,0
Chelsea,drapey-stripe-tee#Navy,the-panel-hem-top#Khaki,semi-hard,0.47460752447626064,1,0
Chelsea,drapey-stripe-tee#Navy,the-cut-out-shoulder-blouse#Clay,random,0.5779857309541355,1,0
Chelsea,falling-for-you-cardi#Black,paige-top#Black,hard,0.28970008538910524,1,0
Chelsea,falling-for-you-cardi#Black,frill-me-tie-throw-on#WhiteBlk,semi-hard,0.4600772120749553,1,0
Chelsea,falling-for-you-cardi#Black,the-roll-neck-sweater#Natural,random,0.4935599946193166,1,0
Chelsea,falling-for-you-cardi#Dusty,manhattan-stretch-tee#Navy,hard,0.29212066182405166,1,0
Chelsea,falling-for-you-cardi#Dusty,wellington-tee#HeatheGrey,semi-hard,0.5278110415131417,1,0
Chelsea,falling-for-you-cardi#Dusty,printed-tunic-7#RedCheck,random,0.5584529731199775,1,0
Chelsea,falling-for-you-cardi#GreyMarle,leary-cardigan#Pine,hard,0.2921261448573534,1,0
Chelsea,falling-for-you-cardi#GreyMarle,the-tie-front-tank#Navy,semi-hard,0.5119966027125662,1,0
Chelsea,falling-for-you-cardi#GreyMarle,the-bonded-cotton-tunic-dress#Navy,random,0.6522750750078956,1,0
Chelsea,falling-for-you-cardi#Khaki,overlay-tunic-3-pce-set#Emerald,hard,0.24171732989437483,1,0
Chelsea,falling-for-you-cardi#Khaki,the-relaxed-long-sleeve-tee#White,semi-hard,0.5024044928705945,1,0
Chelsea,falling-for-you-cardi#Khaki,sugar-snaps-layers-tank#Mint,random,0.6206072678703022,1,0
Chelsea,falling-for-you-cardi#Mustard,the-cotton-bamboo-tee#DustyPink,hard,0.27617051794925784,1,0
Chelsea,falling-for-you-cardi#Mustard,sunshine-in-me-tee-1#White,semi-hard,0.5497376916868442,1,0
Chelsea,falling-for-you-cardi#Mustard,maui-stretch-tee#Navy,random,0.39151050987823277,1,0
Chelsea,falling-for-you-cardi#Navy,monaco-knot-top#ClaySpot,hard,0.2273775529003053,1,0
Chelsea,falling-for-you-cardi#Navy,sailaway-blouse#OxfordBlue,semi-hard,0.5337754851387865,1,0
Chelsea,falling-for-you-cardi#Navy,voyager-stripe-crew#Stripe,random,0.6271186440677966,1,0
Chelsea,falling-for-you-cardi#Port,renee-sweater#Sapphire,hard,0.27447790556900725,1,0
Chelsea,falling-for-you-cardi#Port,long-sleeve-softly-swinging-bamboo-tee#DuckEgg,semi-hard,0.5629833293855493,1,0
Chelsea,falling-for-you-cardi#Port,milan-stretch-top#White,random,0.5694881259430817,1,0
Chelsea,falling-for-you-cardi#Rust,holly-rib-long-sleeve-tee#WhiteGrey,hard,0.2361553409130786,1,0
Chelsea,falling-for-you-cardi#Rust,geneva-v-neck-top#HeatheGrey,semi-hard,0.5112051268554585,1,0
Chelsea,falling-for-you-cardi#Rust,belle-two-in-one-top#Charcoal,random,0.4592325507948205,1,0
Chelsea,falling-for-you-cardi#Teal,the-short-sleeve-wrap-jersey-top#NavyWhite,hard,0.33356663640032286,1,0
Chelsea,falling-for-you-cardi#Teal,paisley-top-1#Paisley,semi-hard,0.4692357967505352,1,0
Chelsea,falling-for-you-cardi#Teal,belle-cowl-swing-sweater#Black,random,0.3447440739376074,1,0
Chelsea,glasgow-top#Melange,pulkari-emb-top#Pulkari,hard,0.3311571174158683,1,0
Chelsea,glasgow-top#Melange,you-at-my-shoulder-tunic#Black,semi-hard,0.4558111380145279,1,0
Chelsea,glasgow-top#Melange,belle-half-sleeve-boat-tee#White,random,0.4512215649892971,1,0
Chelsea,henson-jumper#Cream,faith-jumper#Eventide,hard,0.30790686300312314,1,0
Chelsea,henson-jumper#Cream,fundamental-sydney-crew#Navy,semi-hard,0.47904932975400916,1,0
Chelsea,henson-jumper#Cream,heartmade-cardi#DustyRose,random,0.4532955223356845,1,0
Chelsea,jersey-split-back-hooded-top#NavyStrip,high-street-knit#NavyStripe,hard,0.2924008448257711,1,0
Chelsea,jersey-split-back-hooded-top#NavyStrip,variegated-rib-knit#Silver,semi-hard,0.4472696687370601,1,0
Chelsea,jersey-split-back-hooded-top#NavyStrip,cool-breeze-jumper#Dust,random,0.5573042776432606,1,0
Chelsea,leah-knit-cardigan#Black,cara-tee-4#White,hard,0.3326879803137172,1,0
Chelsea,leah-knit-cardigan#Black,long-sleeve-softly-swinging-bamboo-tee#Storm,semi-hard,0.5629833293855493,1,0
Chelsea,leah-knit-cardigan#Black,softly-falling-bamboo-tunic#Copper,random,0.6190777757307786,1,0
Chelsea,leah-knit-cardigan#WhiteBlk,dream-girl-ruffle-jumper#SoftPink,hard,0.3047365731480507,1,0
Chelsea,leah-knit-cardigan#WhiteBlk,arya-frilled-blouse#Oyster,semi-hard,0.4606751368565112,1,0
Chelsea,leah-knit-cardigan#WhiteBlk,the-cross-over-top#NavyStripe,random,0.7006877916973716,1,0
Chelsea,luxe-shirt#Black,back-to-you-top#Rust,hard,0.2638265650770256,1,0
Chelsea,luxe-shirt#Black,jade-kimono-sweet-blossoms#Blue,semi-hard,0.5290052461662631,1,0
Chelsea,luxe-shirt#Black,contrast-stripe-sweater#Pockets,random,0.6773870933782503,1,0
Chelsea,luxe-shirt#Champagne,manhattan-stretch-tee#NavyWhtStr,hard,0.29212066182405166,1,0
Chelsea,luxe-shirt#Champagne,belle-half-sleeve-forgiver-tunic#BlueBonnet,semi-hard,0.5087659994911745,1,0
Chelsea,luxe-shirt#Champagne,sugar-snaps-round-neck-layer-tank#DuckEgg,random,0.6571412670631996,1,0
Chelsea,luxe-shirt#Navy,the-short-sleeve-wrap-jersey-top#Blue,hard,0.33356663640032286,1,0
Chelsea,luxe-shirt#Navy,tia-boyfriend-shirt#White,semi-hard,0.4328224242902762,1,0
Chelsea,luxe-shirt#Navy,layered-sleeve-top#Moss,random,0.5457704429413622,1,0
Chelsea,malibu-cardigan#Navy,the-uneven-hem-knit-1#Sage,hard,0.2883022774327122,1,0
Chelsea,malibu-cardigan#Navy,kimono-top-36#BlueMarle,semi-hard,0.46586629001883234,1,0
Chelsea,malibu-cardigan#Navy,tab-sleeve-longline-shirt#Pink,random,0.6974999561357336,1,0
Chelsea,malibu-cardigan#Wine,long-sleeve-tee-2#NavyWhite,hard,0.26787962329368004,1,0
Chelsea,malibu-cardigan#Wine,not-today-buttoned-cardigan#Almond,semi-hard,0.4796820717970313,1,0
Chelsea,malibu-cardigan#Wine,paradise-cardi#MultiStrip,random,0.5044154867179,1,0
Chelsea,milan-34-sleeve-1#Melange,the-cotton-bamboo-tee#BlueJeans,hard,0.27617051794925784,1,0
Chelsea,milan-34-sleeve-1#Melange,the-zip-front-top#Rose,semi-hard,0.5270362889076043,1,0
Chelsea,milan-34-sleeve-1#Melange,the-cut-out-shoulder-blouse#Blue,random,0.5779857309541355,1,0
Chelsea,millie-top#BlackSpot,monaco-knot-top#Olive,hard,0.2273775529003053,1,0
Chelsea,millie-top#BlackSpot,aigli-top#Navy,semi-hard,0.4510875048250693,1,0
Chelsea,millie-top#BlackSpot,belle-twist-front-tee-1#Black,random,0.4933860910797628,1,0
Chelsea,millie-top#Blush,roll-neck-jumper-3#GreyMarl,hard,0.3243093571253114,1,0
Chelsea,millie-top#Blush,natural-detailed-sweater#Tinroof,semi-hard,0.4879102771051924,1,0
Chelsea,millie-top#Blush,belle-half-sleeve-forgiver-tunic#Apricot,random,0.5087659994911745,1,0
Chelsea,millie-top#Moss,aztec-cardigan#BlackIvory,hard,0.31439054988244375,1,0
Chelsea,millie-top#Moss,belle-v-neck-forgiver-tunic#ArmyGreen,semi-hard,0.5369479682071797,1,0
Chelsea,millie-top#Moss,block-vest#Blockvest,random,0.3979881654209215,1,0
Chelsea,millie-top#WhiteBlk,the-long-sleeve-v-neck-tee#Black,hard,0.3113167614134821,1,0
Chelsea,millie-top#WhiteBlk,softly-swinging-bamboo-singlet#Cashew,semi-hard,0.5503197156718251,1,0
Chelsea,millie-top#WhiteBlk,partly-cloudy-knit#PawPaw,random,0.7126305692996925,1,0
Chelsea,natural-rolled-neck-tunic#BlueDam,rika-top#BatikTile,hard,0.28109866828087166,1,0
Chelsea,natural-rolled-neck-tunic#BlueDam,natural-waterfall-cardigan#Fallendust,semi-hard,0.536723163841808,1,0
Chelsea,natural-rolled-neck-tunic#BlueDam,rising-mist-jumper#Nickel,random,0.6666666666666666,1,0
Chelsea,oversize-contrast-hood-top#Steel,bamboo-layer-tank#Chalk,hard,0.2716974593816893,1,0
Chelsea,oversize-contrast-hood-top#Steel,viola-kimono-radiant-floral#Grey,semi-hard,0.5423728813559322,1,0
Chelsea,oversize-contrast-hood-top#Steel,the-pirate-in-me-shirt#White,random,0.7641193590553391,1,0
Chelsea,prickly-cactus-crew#Pink,cherrington-top#GreyRose,hard,0.32502050654454856,1,0
Chelsea,prickly-cactus-crew#Pink,sunshine-in-me-tee-1#GreyMarle,semi-hard,0.5497376916868442,1,0
Chelsea,prickly-cactus-crew#Pink,sequin-cross-2-in-1-top#Navy,random,0.4143846282064778,1,0
Chelsea,printed-v-neck-blouse#NavyWhite,eco-78-long-cardigan#LightGreyM,hard,0.29592917675544794,1,0
Chelsea,printed-v-neck-blouse#NavyWhite,the-sleeve-detail-knit#Ivory,semi-hard,0.5428319940110655,1,0
Chelsea,printed-v-neck-blouse#NavyWhite,starry-night-cardi#Chalk,random,0.36279257465698145,1,0
Chelsea,pure-merino-fine-rib-polo#BlackStri,natural-classic-cardigan#Pebble,hard,0.27933313155770784,1,0
Chelsea,pure-merino-fine-rib-polo#BlackStri,ditzy-floral-ruffle-blouse#DitzyFlora,semi-hard,0.45442996192581675,1,0
Chelsea,pure-merino-fine-rib-polo#BlackStri,falling-for-you-tunic#Black,random,0.49764476304523286,1,0
Chelsea,pure-merino-fine-rib-v-neck#Charcoal,analia-top#White,hard,0.26556194511702985,1,0
Chelsea,pure-merino-fine-rib-v-neck#Charcoal,ryder-cosy-sweater#Blossom,semi-hard,0.45227348492823805,1,0
Chelsea,pure-merino-fine-rib-v-neck#Charcoal,lavaux-bell-sleeve#Mustard,random,0.9620223181387514,1,0
Chelsea,relaxed-cape#Black,natural-crossover-knit-1#Stormcloud,hard,0.30118082605186514,1,0
Chelsea,relaxed-cape#Black,belle-v-neck-forgiver-tunic#BlueMarle,semi-hard,0.5369479682071797,1,0
Chelsea,relaxed-cape#Black,the-relax-blouse#White,random,0.3532891071867214,1,0
Chelsea,relaxed-cape#WhiteBlack,high-neck-tie-top#Black,hard,0.2545399515738499,1,0
Chelsea,relaxed-cape#WhiteBlack,adventurous-hoody#Pink,semi-hard,0.5618228453872338,1,0
Chelsea,relaxed-cape#WhiteBlack,chill-out-slouch-top#Mustard,random,0.8234156226971261,1,0
Chelsea,reversible-stripe-vee-scoop-neck-tank#BlackWhite,ally-long-sleeve-tee#CosmosPr,hard,0.23831181791065725,1,0
Chelsea,reversible-stripe-vee-scoop-neck-tank#BlackWhite,always-mine-spliced-cardigan#GreyEmeral,semi-hard,0.4662530266343825,1,0
Chelsea,reversible-stripe-vee-scoop-neck-tank#BlackWhite,the-weekender-shirt#GreyStripe,random,0.5453911084207694,1,0
Chelsea,star-and-spot-sweater#SilverMult,ynes#Black,hard,0.31630796662806615,1,0
Chelsea,star-and-spot-sweater#SilverMult,the-dobby-sleeve-tee#InkBlue,semi-hard,0.5405905299973096,1,0
Chelsea,star-and-spot-sweater#SilverMult,manhattan-stretch-tee#White,random,0.29212066182405166,1,0
Chelsea,the-contrast-34-sleeve-top#Navy,the-cotton-bamboo-tee#DuckEgg,hard,0.27617051794925784,1,0
Chelsea,the-contrast-34-sleeve-top#Navy,hacienda-tunic-5#PatchGold,semi-hard,0.4315711960908165,1,0
Chelsea,the-contrast-34-sleeve-top#Navy,the-layered-cross-over-top#Black,random,0.5770220878513528,1,0
Chelsea,the-cotton-bamboo-ls-top#Black,vivid-dreams-blouse#Dusty%20Rose,hard,0.3071304654875952,1,0
Chelsea,the-cotton-bamboo-ls-top#Black,long-sleeve-layer-top#White,semi-hard,0.5059540258623715,1,0
Chelsea,the-cotton-bamboo-ls-top#Black,the-wrap-jersey-top#NavyWhite,random,0.40221366503491596,1,0
Chelsea,the-cotton-bamboo-ls-top#NavyStripe,merino-boyfriend-cardigan#MelangeStr,hard,0.3198675518475629,1,0
Chelsea,the-cotton-bamboo-ls-top#NavyStripe,belle-drape-tee#Black,semi-hard,0.5559513391760535,1,0
Chelsea,the-cotton-bamboo-ls-top#NavyStripe,the-boat-neck-top-1#NavyWhite,random,0.6094747912060918,1,0
Chelsea,the-cotton-cardi#Khaki,the-short-sleeve-wrap-jersey-top#Emerald,hard,0.33356663640032286,1,0
Chelsea,the-cotton-cardi#Khaki,belle-v-neck-forgiver-tunic#Navy,semi-hard,0.5369479682071797,1,0
Chelsea,the-cotton-cardi#Khaki,nova-lux-long-sleeve-tie-top-1#CloudDance,random,0.36572654577674846,1,0
Chelsea,the-cotton-cardi#Navy,geena-xo-ls-pullover-knit#WhiteCapGr,hard,0.3183756184861565,1,0
Chelsea,the-cotton-cardi#Navy,geneva-v-neck-top#ClaySpot,semi-hard,0.5112051268554585,1,0
Chelsea,the-cotton-cardi#Navy,leopard-print-kimono#GoldMulti,random,0.5715042372881356,1,0
Chelsea,the-cross-over-poncho#Grey,mila-knit-cardigan#Black,hard,0.2798556646313647,1,0
Chelsea,the-cross-over-poncho#Grey,marlow-cardigan#Cream,semi-hard,0.4791578938133838,1,0
Chelsea,the-cross-over-poncho#Grey,the-side-ring-detail-blouse-1#Black,random,0.48057498377022145,1,0
Chelsea,the-cross-over-poncho#Navy,bamboo-layer-tank#Black,hard,0.2716974593816893,1,0
Chelsea,the-cross-over-poncho#Navy,the-stripe-jersey-top#Pink,semi-hard,0.4784461960908165,1,0
Chelsea,the-cross-over-poncho#Navy,maui-stretch-tee#White,random,0.39151050987823277,1,0
Chelsea,the-daily-essential-jumper#Grey,eco-78-long-cardigan#DarkGreyM,hard,0.29592917675544794,1,0
Chelsea,the-daily-essential-jumper#Grey,softly-swinging-bamboo-singlet#BlueJean,semi-hard,0.5503197156718251,1,0
Chelsea,the-daily-essential-jumper#Grey,ivy-cosy-pullover#Storm,random,0.6278698196301365,1,0
Chelsea,the-drape-tee-1#Black,manhattan-stretch-tee#Black,hard,0.29212066182405166,1,0
Chelsea,the-drape-tee-1#Black,belle-half-sleeve-forgiver-tunic#FlamPink,semi-hard,0.5087659994911745,1,0
Chelsea,the-drape-tee-1#Black,the-zip-front-blouse#Navy,random,0.7232749646161585,1,0
Chelsea,the-drape-tee-1#Navy,the-short-sleeve-wrap-jersey-top#Black,hard,0.33356663640032286,1,0
Chelsea,the-drape-tee-1#Navy,daisy-top-1#BrightBlue,semi-hard,0.4745422763799698,1,0
Chelsea,the-drape-tee-1#Navy,foil-spot-jumper#SilverDot,random,0.4515195678492473,1,0
Chelsea,the-drape-tee-1#NavyStripe,elina-lace-frill-blouse#Black,hard,0.2691736191528933,1,0
Chelsea,the-drape-tee-1#NavyStripe,the-twist-hem-jumper#DenimMarle,semi-hard,0.5304765267688997,1,0
Chelsea,the-drape-tee-1#NavyStripe,the-excess-shirt#Pearl,random,0.43799018317717653,1,0
Chelsea,the-drape-tee-1#Stripe,niue-neck-tie-shirt#LightBlue,hard,0.3059982191107836,1,0
Chelsea,the-drape-tee-1#Stripe,frost-cardigan#Mauvewoo,semi-hard,0.4839275844825771,1,0
Chelsea,the-drape-tee-1#Stripe,analia-jersey-top#Black,random,0.3746348299821034,1,0
Chelsea,the-drape-tee-1#White,mila-knit-cardigan#Clay,hard,0.2798556646313647,1,0
Chelsea,the-drape-tee-1#White,ella-funnel-neck-top#Khaki,semi-hard,0.5104761575779906,1,0
Chelsea,the-drape-tee-1#White,soft-and-true-tunic#Pine,random,0.523609667245675,1,0
Chelsea,the-flutter-sleeve-top#Denim,meadow-cardigan#Cream,hard,0.3060387935572166,1,0
Chelsea,the-flutter-sleeve-top#Denim,belle-v-neck-forgiver-tunic#Charcoal,semi-hard,0.5369479682071797,1,0
Chelsea,the-flutter-sleeve-top#Denim,layer-top-1#Navy,random,0.40861611163748224,1,0
Chelsea,the-flutter-sleeve-top#SnakePrint,aztec-cardigan#Orange,hard,0.31439054988244375,1,0
Chelsea,the-flutter-sleeve-top#SnakePrint,side-buttoned-sweater#Buttoned,semi-hard,0.4748789346246973,1,0
Chelsea,the-flutter-sleeve-top#SnakePrint,layered-stripe-top#PinkStripe,random,0.5617778845141594,1,0
Chelsea,the-high-low-drape-tee#Grey,endeavor-long-sleeve-tee#Stripe,hard,0.2857142857142857,1,0
Chelsea,the-high-low-drape-tee#Grey,long-sleeve-softly-swinging-bamboo-tee#Fern,semi-hard,0.5629833293855493,1,0
Chelsea,the-high-low-drape-tee#Grey,stripe-sweater-2#Blue,random,0.4480690949924554,1,0
Chelsea,the-high-low-drape-tee#Sage,34-sleeve-shirt-1#SkyWhite,hard,0.292350400919395,1,0
Chelsea,the-high-low-drape-tee#Sage,cotton-stripe-cardi-with-pockets#White,semi-hard,0.5250393681791066,1,0
Chelsea,the-high-low-drape-tee#Sage,milan-stretch-top#Black,random,0.5694881259430817,1,0
Chelsea,the-lace-trim-top#Black,hayley-button-down#NavySparro,hard,0.33347479559251847,1,0
Chelsea,the-lace-trim-top#Black,long-sleeve-softly-swinging-bamboo-tee#Oyster,semi-hard,0.5629833293855493,1,0
Chelsea,the-lace-trim-top#Black,sky-jumper-1#Clouds,random,0.6189714048847247,1,0
Chelsea,the-lace-trim-top#Ivory,butterfly-blouse-1#Ivory,hard,0.3177648085763414,1,0
Chelsea,the-lace-trim-top#Ivory,ember-knit#EmberGlow,semi-hard,0.47552319103765306,1,0
Chelsea,the-lace-trim-top#Ivory,the-cut-out-shoulder-blouse#Salmon,random,0.5779857309541355,1,0
Chelsea,the-oversized-cotton-blend-shirt#Navy,relaxed-v-neck-knit#Silver,hard,0.32141870196862826,1,0
Chelsea,the-oversized-cotton-blend-shirt#Navy,the-define-flute-sleeve-blouse#Black,semi-hard,0.5556752684493105,1,0
Chelsea,the-oversized-cotton-blend-shirt#Navy,milan-stretch-top#NavyWhtStr,random,0.5694881259430817,1,0
Chelsea,the-oversized-cotton-blend-shirt#Sand,clara-blouse#DarkFloral,semi-hard,0.43766229778573185,1,0
Chelsea,the-oversized-cotton-blend-shirt#Sand,baobab-sweater#Bark,random,0.5294928705945655,1,0
Chelsea,the-print-contrast-34-sleeve-top#Animal,belle-v-neck-forgiver-tunic#Black,semi-hard,0.5369479682071797,1,0
Chelsea,the-print-contrast-34-sleeve-top#Animal,the-cross-front-spot-blouse#Spot,random,0.751180771221532,1,0
Chelsea,the-reversible-cowl-neck-top-1#Black,in-transit-cardi#Navy,semi-hard,0.556584903674071,1,0
Chelsea,the-reversible-cowl-neck-top-1#Black,nova-lux-long-sleeve-tie-top-1#NightSky,random,0.36572654577674846,1,0
Chelsea,the-reversible-cowl-neck-top-1#White,funnel-neck-knit-jumper#BlueMulti,semi-hard,0.4661280134751027,1,0
Chelsea,the-reversible-cowl-neck-top-1#White,the-side-panel-drape-top#OffWhite,random,0.48414379876244285,1,0
Chelsea,the-reversible-cowl-neck-top-2#Ocean,runaway-top#SoftPink,semi-hard,0.5199253430185634,1,0
Chelsea,the-reversible-cowl-neck-top-2#Ocean,the-asymmetrical-hem-sweater#Blush,random,0.5305858218993813,1,0
Chelsea,the-tie-front-top#Black,snake-print-johnny-collar-top#BeigeSnake,semi-hard,0.48381627890655154,1,0
Chelsea,the-tie-front-top#Black,selene-cardigan#Ivy,random,0.870519265185809,1,0
Chelsea,the-tie-front-top#Navy,ruffle-hem-jersey-top#Pink,semi-hard,0.46685451538758466,1,0
Chelsea,the-tie-front-top#Navy,the-cross-over-blouse#Silver,random,0.5974913477734498,1,0
Chelsea,the-tie-sleeve-blouse#Grey,marjorie-tie-blouse#BluePrint,semi-hard,0.43456767379022354,1,0
Chelsea,the-tie-sleeve-blouse#Grey,the-asymmetrical-tank-top#HotPink,random,0.6295572231287504,1,0
Chelsea,the-ultimate-tie-cardi#Black,layered-sleeve-top#DarkBlue,semi-hard,0.5457704429413622,1,0
Chelsea,the-ultimate-tie-cardi#Black,skipping-stones-tunic#Forest,random,0.6554138374214831,1,0
Chelsea,the-ultimate-tie-cardi#Port,runaway-top#SoftMint,semi-hard,0.5199253430185634,1,0
Chelsea,the-ultimate-tie-cardi#Port,belle-flocked-tunic#White,random,0.8665542096536476,1,0
Chelsea,weekend-cardigan#Black,wellington-tee#Black,semi-hard,0.5278110415131417,1,0
Chelsea,weekend-cardigan#Black,ashbury-cardigan#Mocha,random,0.3814047311997754,1,0
Chelsea,willow-knot-top#WhiteBlk,cotton-cashmere-v-neck-knit#Navy,semi-hard,0.4613106204161842,1,0
Chelsea,willow-knot-top#WhiteBlk,the-essential-pullover#SkyBlue,random,0.5698564030131826,1,0
Chelsea,york-linen-blend-top#BurntOrang,ruffle-top-4#Terracotta,semi-hard,0.43761953012597815,1,0
Chelsea,york-linen-blend-top#BurntOrang,reversible-scoopv-neck-tank#Navy,random,0.3494885426536127,1,0
Chesska,agra-shirt#White,aztec-cardigan#BlackIvory,hard,0.3002167116864695,1,0
Chesska,agra-shirt#White,the-tie-sleeve-blouse#Grey,semi-hard,0.4507389565198966,1,0
Chesska,agra-shirt#White,in-transit-cardi#Navy,random,0.5394667530072765,1,0
Chesska,arya-frilled-blouse#Oyster,leary-cardigan#Pine,hard,0.2775099043265854,1,0
Chesska,arya-frilled-blouse#Oyster,the-ruffle-sleeve-top#NavyStripe,semi-hard,0.48808025142597095,1,0
Chesska,arya-frilled-blouse#Oyster,the-cape-jersey-top#DarkNavy,random,0.42400541573438255,1,0
Chesska,coogee-shirt#White,relaxed-v-neck-knit#Silver,hard,0.3078148385646686,1,0
Chesska,coogee-shirt#White,driftwood-gathering-blouse#Khaki,semi-hard,0.42511528219783074,1,0
Chesska,coogee-shirt#White,tracie-top#Black,random,0.6036956617868962,1,0
Chesska,delicado-top#White,bamboo-layer-tank#Chalk,hard,0.277558580067067,1,0
Chesska,delicado-top#White,fundamental-rib-long-sleeve-tee#White,semi-hard,0.4216114399786063,1,0
Chesska,delicado-top#White,stud-trim-long-sleeve-top#Mint,random,0.6909985613369705,1,0
Chesska,diva-ruffle-jumper#Gold%20Spot,paige-top#Black,hard,0.3028392820108315,1,0
Chesska,diva-ruffle-jumper#Gold%20Spot,always-mine-v-neck-knit#Terracotta,semi-hard,0.4301258944305,1,0
Chesska,diva-ruffle-jumper#Gold%20Spot,the-dobby-sleeve-tee#InkBlue,random,0.5189907585386672,1,0
Chesska,dream-girl-ruffle-jumper#SoftPink,holly-rib-long-sleeve-tee#Khaki,hard,0.23140968228870548,1,0
Chesska,dream-girl-ruffle-jumper#SoftPink,still-the-one-ruffle-blouse#Spot,semi-hard,0.4338634973622675,1,0
Chesska,dream-girl-ruffle-jumper#SoftPink,circles-knit#Plum,random,0.4071459331543997,1,0
Chesska,gloria-applique-crew#Charcoal,mila-knit-cardigan#StoneBlack,hard,0.26496532186440364,1,0
Chesska,gloria-applique-crew#Charcoal,belle-drape-tee#Sliver,semi-hard,0.5393220701014376,1,0
Chesska,gloria-applique-crew#Charcoal,jade-kimono-kaleidoscope#Blue,random,0.5034254162987447,1,0
Chesska,midtown-ruffle-shirt#BoldRed,colourblock-cardi#NavyRed,hard,0.2731746442109785,1,0
Chesska,midtown-ruffle-shirt#BoldRed,belle-v-neck-forgiver-tunic#ArmyGreen,semi-hard,0.5206510258625093,1,0
Chesska,midtown-ruffle-shirt#BoldRed,high-neck-tie-top#Black,random,0.2716102013056794,1,0
Chesska,soho-ruffle-jumper#OatmealMar,born-to-run-shirt-jacket#Leopard,hard,0.313215087032244,1,0
Chesska,soho-ruffle-jumper#OatmealMar,sparkly-star-tee#Blue,semi-hard,0.4165224568998398,1,0
Chesska,soho-ruffle-jumper#OatmealMar,niue-neck-tie-shirt#LightBlue,random,0.324002451230583,1,0
Chesska,true-love-bell-blouse#Jade,pure-merino-fine-rib-polo#BlackStri,hard,0.21065444067448613,1,0
Chesska,true-love-bell-blouse#Jade,the-side-ring-detail-blouse-1#Black,semi-hard,0.4668168860499614,1,0
Chesska,true-love-bell-blouse#Jade,belle-flocked-tunic#Pale%20Blue,random,0.8462169061290798,1,0
Chesska,vivian-blouse#Check,natural-crossover-knit-1#Stormcloud,hard,0.30734647099679885,1,0
Chesska,vivian-blouse#Check,horizontal-cabel-pullover#EnglishRos,semi-hard,0.4196695723309988,1,0
Chesska,vivian-blouse#Check,the-pocket-tee#NavyStripe,random,0.5466108116299712,1,0
Clementine,cross-my-heart-sweater#Regal,drapey-stripe-tee#Navy,hard,0.3391898798875543,1,0
Clementine,cross-my-heart-sweater#Regal,geneva-v-neck-top#ClaySpot,semi-hard,0.5457602862254025,1,0
Clementine,cross-my-heart-sweater#Regal,collared-shirt-1#White,random,0.4328545872731919,1,0
Clementine,crossing-the-plains-sweater-1#Indigo,manhattan-stretch-tee#Black,hard,0.31995911065678506,1,0
Clementine,crossing-the-plains-sweater-1#Indigo,monaco-sweater#BlackCream,semi-hard,0.4869477809012692,1,0
Clementine,crossing-the-plains-sweater-1#Indigo,laurina-stripe-pullover#NightSky,random,0.41331459238435986,1,0
Clementine,natural-extra-fine-sweater#Snowgum,falling-for-you-cardi#Black,hard,0.33714285714285713,1,0
Clementine,natural-extra-fine-sweater#Snowgum,paisley-top-1#Paisley,semi-hard,0.5049629440327115,1,0
Clementine,natural-extra-fine-sweater#Snowgum,icing-sugar-top#Ivory,random,0.5162918476871965,1,0
Clementine,still-the-one-ruffle-blouse#Spot,the-long-sleeve-v-neck-tee#Navy,hard,0.3135829286992078,1,0
Clementine,still-the-one-ruffle-blouse#Spot,fundamental-rib-long-sleeve-tee#Black,semi-hard,0.4684180935343726,1,0
Clementine,still-the-one-ruffle-blouse#Spot,tab-sleeve-longline-shirt#Pink,random,0.7417135190391004,1,0
Clementine,sugar-snaps-layers-tank#Black,manhattan-stretch-tee#NavyWhtStr,hard,0.31995911065678506,1,0
Clementine,sugar-snaps-layers-tank#Black,ditzy-floral-ruffle-blouse#DitzyFlora,semi-hard,0.48711985688729875,1,0
Clementine,sugar-snaps-layers-tank#Black,belle-petal-print-top#Petal,random,0.5646307181190902,1,0
Clementine,sugar-snaps-layers-tank#Blue,paige-top#Black,hard,0.27734730385893175,1,0
Clementine,sugar-snaps-layers-tank#Blue,the-cotton-blend-stripe-jumper#BlueStripe,semi-hard,0.5037873754152824,1,0
Clementine,sugar-snaps-layers-tank#Blue,the-slouch-pocket-tee#Stripe,random,0.6189692478064571,1,0
Clementine,sugar-snaps-layers-tank#DeepCobalt,falling-for-you-cardi#Mustard,hard,0.33714285714285713,1,0
Clementine,sugar-snaps-layers-tank#DeepCobalt,frill-blouse#Rust,semi-hard,0.493613595706619,1,0
Clementine,sugar-snaps-layers-tank#DeepCobalt,the-cut-out-shoulder-blouse#Salmon,random,0.6139509327881422,1,0
Clementine,sugar-snaps-layers-tank#DuckEgg,faith-jumper#Eventide,hard,0.30886020955788396,1,0
Clementine,sugar-snaps-layers-tank#DuckEgg,coogee-shirt#White,semi-hard,0.45186557628418095,1,0
Clementine,sugar-snaps-layers-tank#DuckEgg,be-mine-top-1#Sage,random,0.8946520146520145,1,0
Clementine,sugar-snaps-layers-tank#Mint,falling-for-you-cardi#Rust,hard,0.33714285714285713,1,0
Clementine,sugar-snaps-layers-tank#Mint,sunshine-in-me-tee-1#White,semi-hard,0.5298006644518273,1,0
Clementine,sugar-snaps-layers-tank#Mint,colourblock-cardi#NavyRed,random,0.3158522872476361,1,0
Clementine,sugar-snaps-layers-tank#NewBeige,eco-78-long-cardigan#DarkGreyM,hard,0.32232558139534884,1,0
Clementine,sugar-snaps-layers-tank#NewBeige,bird-jumper#Navy,semi-hard,0.4717761308458983,1,0
Clementine,sugar-snaps-layers-tank#NewBeige,sugar-snaps-throw-jacket#White,random,0.7835867620751341,1,0
Clementine,sugar-snaps-layers-tank#PeachyKeen,pure-merino-fine-rib-polo#BlackStri,hard,0.2307385637618196,1,0
Clementine,sugar-snaps-layers-tank#PeachyKeen,falling-for-you-tunic#Black,semi-hard,0.5348211091234347,1,0
Clementine,sugar-snaps-layers-tank#PeachyKeen,foil-spot-jumper#SilverDot,random,0.4835829286992077,1,0
Clementine,sugar-snaps-layers-tank#Red,aztec-cardigan#Orange,hard,0.3419959110656785,1,0
Clementine,sugar-snaps-layers-tank#Red,belle-half-sleeve-forgiver-tunic#Apricot,semi-hard,0.5425926399182213,1,0
Clementine,sugar-snaps-layers-tank#Red,the-daily-cross-over-top#SkyBlue,random,0.5848837209302326,1,0
Clementine,sugar-snaps-layers-tank#SeaGreen,ynes#Black,hard,0.3108663429593662,1,0
Clementine,sugar-snaps-layers-tank#SeaGreen,the-soft-knit-jumper#PinkStripe,semi-hard,0.5152159468438537,1,0
Clementine,sugar-snaps-layers-tank#SeaGreen,belle-v-neck-forgiver-tunic#DenimMarl,random,0.5728226424738052,1,0
Clementine,sugar-snaps-layers-tank#White,rika-top#BatikTile,hard,0.28679274214157935,1,0
Clementine,sugar-snaps-layers-tank#White,the-tie-front-top#Navy,semi-hard,0.5113455149501661,1,0
Clementine,sugar-snaps-layers-tank#White,layer-me-bamboo-rouched-sleeve-tee#Copper,random,0.41664068489649886,1,0
Clementine,the-bonded-cotton-tunic-dress#Navy,bamboo-layer-tank#Black,hard,0.28179657551750575,1,0
Clementine,the-bonded-cotton-tunic-dress#Navy,jewel-knit#GreyMarle,semi-hard,0.5089470994122156,1,0
Clementine,the-bonded-cotton-tunic-dress#Navy,softly-swinging-bamboo-singlet#BlueJean,random,0.5904357270636341,1,0
Clementine,the-cotton-bamboo-tank#Chambray,monaco-knot-top#Olive,hard,0.2256043956043956,1,0
Clementine,the-cotton-bamboo-tank#Chambray,wellington-tee#ClaySpot,semi-hard,0.5616636851520572,1,0
Clementine,the-cotton-bamboo-tank#Chambray,the-batwing-tee#Stone,random,0.39413919413919407,1,0
Clementine,the-cotton-bamboo-tank#DarkNavy,the-uneven-hem-knit-1#Sage,hard,0.3161001788908766,1,0
Clementine,the-cotton-bamboo-tank#DarkNavy,runaway-top#JetBlack,semi-hard,0.5342874180083482,1,0
Clementine,the-cotton-bamboo-tank#DarkNavy,the-wrap-jersey-top#Charcoal,random,0.43194479938665986,1,0
Clementine,the-cotton-bamboo-tank#DuckEgg,cara-tee-2#WhiteBlk,hard,0.3261913280517932,1,0
Clementine,the-cotton-bamboo-tank#DuckEgg,tie-back-bell-sleeve-top-5#Summerbud,semi-hard,0.5046613851265014,1,0
Clementine,the-cotton-bamboo-tank#DuckEgg,renee-sweater#Sapphire,random,0.30184768719652444,1,0
Clementine,the-cotton-bamboo-tank#Moonbeam,falling-for-you-cardi#GreyMarle,hard,0.33714285714285713,1,0
Clementine,the-cotton-bamboo-tank#Moonbeam,rose-shirt#BlueIllusi,semi-hard,0.4647022744697163,1,0
Clementine,the-cotton-bamboo-tank#Moonbeam,dusk-top#DuskPrint,random,0.3700485560950677,1,0
Clementine,the-cotton-bamboo-tank#White,high-street-knit#NavyStripe,hard,0.3202887809864554,1,0
Clementine,the-cotton-bamboo-tank#White,janet-frill-shirt#White,semi-hard,0.4663608484538717,1,0
Clementine,the-cotton-bamboo-tank#White,first-mix-top-1#BlackWhite,random,0.49131953317999827,1,0
Clementine,the-cross-front-spot-blouse#NavySpot,monaco-knot-top#Black,hard,0.2256043956043956,1,0
Clementine,the-cross-front-spot-blouse#NavySpot,the-relaxed-long-sleeve-tee#Navy,semi-hard,0.5167578158275833,1,0
Clementine,the-cross-front-spot-blouse#NavySpot,belle-ls-free-fall-tee#Blush,random,0.7251495016611296,1,0
Clementine,the-cross-front-spot-blouse#Spot,glasgow-top#Melange,hard,0.24271658573984156,1,0
Clementine,the-cross-front-spot-blouse#Spot,the-side-ring-detail-blouse-1#Black,semi-hard,0.5147521083567596,1,0
Clementine,the-cross-front-spot-blouse#Spot,longline-gather-back-shirt#Black,random,0.7178584206491183,1,0
Clementine,the-cross-over-blouse#Black,henson-jumper#Cream,hard,0.2681216457960644,1,0
Clementine,the-cross-over-blouse#Black,the-excess-shirt#Pearl,semi-hard,0.4736544850498339,1,0
Clementine,the-cross-over-blouse#Black,the-relaxed-long-sleeve-tee#White,random,0.5167578158275833,1,0
Clementine,the-cross-over-blouse#Blue,the-cotton-bamboo-tee#BlueJeans,hard,0.30560311781242017,1,0
Clementine,the-cross-over-blouse#Blue,driftwood-gathering-blouse#Khaki,semi-hard,0.4522591362126246,1,0
Clementine,the-cross-over-blouse#Blue,the-stripe-pocket-tank#Stripe,random,0.5126978447908681,1,0
Clementine,the-cross-over-blouse#Mint,falling-for-you-cardi-2#WinterRose,hard,0.33714285714285713,1,0
Clementine,the-cross-over-blouse#Mint,the-relaxed-long-sleeve-tee#Pink,semi-hard,0.5167578158275833,1,0
Clementine,the-cross-over-blouse#Mint,dot-to-dot-knit-1#GreyMarle,random,0.4573600817786864,1,0
Clementine,the-cross-over-blouse#Red,starry-night-cardi#Chalk,hard,0.34299003322259136,1,0
Clementine,the-cross-over-blouse#Red,circles-knit#Plum,semi-hard,0.45339381548683877,1,0
Clementine,the-cross-over-blouse#Red,cotton-modal-print-top#PinkNavy,random,0.4148428315870176,1,0
Clementine,the-cross-over-blouse#RoyalBlue,lake-house-top#CoalPrint,hard,0.3430564784053156,1,0
Clementine,the-cross-over-blouse#RoyalBlue,bo-cosy-cardigan#Blossom,semi-hard,0.46558139534883725,1,0
Clementine,the-cross-over-blouse#RoyalBlue,the-asymmetrical-tank-top#Indigo,random,0.6690161001788908,1,0
Clementine,the-cross-over-blouse#Silver,ally-long-sleeve-tee#CosmosPr,hard,0.25339637107078966,1,0
Clementine,the-cross-over-blouse#Silver,clara-blouse#DarkFloral,semi-hard,0.4704370048556095,1,0
Clementine,the-cross-over-blouse#Silver,the-boat-neck-top-1#Ink,random,0.6452185024278048,1,0
Clementine,the-cross-over-blouse#Sunshine,34-sleeve-shirt-1#SkyWhite,hard,0.32093789930999234,1,0
Clementine,the-cross-over-blouse#Sunshine,the-long-sleeve-scoop-neck-tee#White,semi-hard,0.489202657807309,1,0
Clementine,the-cross-over-blouse#Sunshine,you-at-my-shoulder-tunic#Black,random,0.43335548172757477,1,0
Clementine,the-cross-over-blouse#White,falling-for-you-cardi-1#GreyGarden,hard,0.33714285714285713,1,0
Clementine,the-cross-over-blouse#White,messina-v-neck-tee#Black,semi-hard,0.49974699718885773,1,0
Clementine,the-cross-over-blouse#White,aztec-cardigan#BlackIvory,random,0.3419959110656785,1,0
Clementine,the-curve-striped-tank#Marine,shirt-in-a-box#Silver,hard,0.32928954766164065,1,0
Clementine,the-curve-striped-tank#Marine,fundamental-sydney-crew#GreyMarle,semi-hard,0.5116943521594685,1,0
Clementine,the-curve-striped-tank#Marine,fundamental-vee-tee#Black,random,0.3990288780986455,1,0
Clementine,the-everyday-shirt#Black,leah-knit-cardigan#Black,hard,0.3280500894454383,1,0
Clementine,the-everyday-shirt#Black,spliced-lace-panel-tee#White,semi-hard,0.5078865320725786,1,0
Clementine,the-everyday-shirt#Black,long-sleeve-layer-top#Navy,random,0.5431842576028623,1,0
Clementine,the-everyday-shirt#Cream,vivid-dreams-blouse#Dusty%20Rose,hard,0.33477383082034246,1,0
Clementine,the-everyday-shirt#Cream,diva-ruffle-jumper#Gold%20Spot,semi-hard,0.4904957832864809,1,0
Clementine,the-everyday-shirt#Cream,manhattan-stretch-tee#Navy,random,0.31995911065678506,1,0
Clementine,the-everyday-shirt#Midnight,natural-crossover-knit-1#Stormcloud,hard,0.3323076923076923,1,0
Clementine,the-everyday-shirt#Midnight,hacienda-tunic-5#PatchGold,semi-hard,0.4677613084589829,1,0
Clementine,the-everyday-shirt#Midnight,baobab-sweater#Bark,random,0.5446494590680637,1,0
Clementine,the-everyday-shirt#Pink,the-cotton-bamboo-tee#DuckEgg,hard,0.30560311781242017,1,0
Clementine,the-everyday-shirt#Pink,multi-stripe-jumper#NavyMulti,semi-hard,0.5544313825709174,1,0
Clementine,the-everyday-shirt#Pink,high-neck-tie-top#Black,random,0.2934960388448761,1,0
Clementine,the-everyday-shirt#Rose,back-to-you-top#BlackMagic,hard,0.2634858165090723,1,0
Clementine,the-everyday-shirt#Rose,alberta-stripe-top#IvoryStrip,semi-hard,0.488249424993611,1,0
Clementine,the-everyday-shirt#Rose,the-essential-pullover#SkyBlue,random,0.5816100178890876,1,0
Clementine,the-frill-detail-blouse#Chambray,back-to-you-top#Rust,hard,0.2634858165090723,1,0
Clementine,the-frill-detail-blouse#Chambray,natural-cross-back-knit#Lightsmoke,semi-hard,0.5266649629440328,1,0
Clementine,the-frill-detail-blouse#Chambray,cyrus-top#LightRose,random,0.4072808586762075,1,0
Clementine,the-high-low-drape-tee#Grey,falling-for-you-cardi#Khaki,hard,0.33714285714285713,1,0
Clementine,the-high-low-drape-tee#Grey,chasing-birds-blouse#White,semi-hard,0.5588704318936877,1,0
Clementine,the-high-low-drape-tee#Grey,the-longline-cardi-1#Nude,random,0.36758113979044216,1,0
Clementine,the-high-low-drape-tee#Sage,the-long-sleeve-v-neck-tee#White,hard,0.3135829286992078,1,0
Clementine,the-high-low-drape-tee#Sage,long-sleeve-layer-top#White,semi-hard,0.5431842576028623,1,0
Clementine,the-high-low-drape-tee#Sage,variegated-rib-knit#Silver,random,0.4777383082034245,1,0
Clementine,the-on-or-off-the-shoulder-top#FrenchNavy,leary-cardigan#Pine,hard,0.32013800153335037,1,0
Clementine,the-on-or-off-the-shoulder-top#FrenchNavy,belle-half-sleeve-forgiver-tunic#BlueBonnet,semi-hard,0.5425926399182213,1,0
Clementine,the-on-or-off-the-shoulder-top#FrenchNavy,falling-for-you-top#Blue,random,0.7231216457960644,1,0
Clementine,the-on-or-off-the-shoulder-top#Pink,everyday-linen-tunic#BotanicalB,hard,0.3092793253258369,1,0
Clementine,the-on-or-off-the-shoulder-top#Pink,2-in-1-layered-top-1#NavyWhite,semi-hard,0.5169844109378993,1,0
Clementine,the-on-or-off-the-shoulder-top#Pink,westward-top#BotanicalD,random,0.39610273447482747,1,0
Clementine,the-printed-v-neck-tee#White,the-cotton-bamboo-tee#White,hard,0.30560311781242017,1,0
Clementine,the-printed-v-neck-tee#White,sequin-star-tee#Navy,semi-hard,0.5375900843342705,1,0
Clementine,the-printed-v-neck-tee#White,clio-knit-jumper#StoneBlack,random,0.6617190561376608,1,0
Clementine,the-printed-v-split-top#Natural,analia-top#White,hard,0.2930564784053156,1,0
Clementine,the-printed-v-split-top#Natural,raspberry-ls-tee#WhiteRaspb,semi-hard,0.47624073600817785,1,0
Clementine,the-printed-v-split-top#Natural,softly-swinging-bamboo-tee#Cashew,random,0.6189483772041912,1,0
Clementine,the-sleeveless-cross-over-blouse#Black,forget-me-knot-tunic#ForgetMeK,hard,0.19424482494249937,1,0
Clementine,the-sleeveless-cross-over-blouse#Black,the-frill-wrap-blouse#Spot,semi-hard,0.4668898543317148,1,0
Clementine,the-sleeveless-cross-over-blouse#Black,the-reverse-sleeve-sweater#Navy,random,0.6389419882443138,1,0
Clementine,the-sleeveless-cross-over-blouse#Chambray,ricki-one-shoulder-top#BlackWhite,hard,0.3204088934321493,1,0
Clementine,the-sleeveless-cross-over-blouse#Chambray,llama-long-sleeve-shirt#Mustard,semi-hard,0.5443053070960048,1,0
Clementine,the-sleeveless-cross-over-blouse#Chambray,sky-jumper-1#Clouds,random,0.6552389470994122,1,0
Clementine,the-sleeveless-cross-over-blouse#Cobalt,meadow-cardigan#Cream,hard,0.3351827242524917,1,0
Clementine,the-sleeveless-cross-over-blouse#Cobalt,layered-tee-2#White,semi-hard,0.4827446971633018,1,0
Clementine,the-sleeveless-cross-over-blouse#Cobalt,celestial-woven-top#White,random,0.5237234858165091,1,0
Clementine,the-sleeveless-cross-over-blouse#Mint,the-long-sleeve-v-neck-tee#Black,hard,0.3135829286992078,1,0
Clementine,the-sleeveless-cross-over-blouse#Mint,the-ultimate-tie-cardi#Black,semi-hard,0.537717863531817,1,0
Clementine,the-sleeveless-cross-over-blouse#Mint,the-long-sleeve-scoop-neck-tee#Black,random,0.489202657807309,1,0
Clementine,the-sleeveless-cross-over-blouse#Salmon,cara-tee-2#Blush,hard,0.3261913280517932,1,0
Clementine,the-sleeveless-cross-over-blouse#Salmon,horizontal-cabel-pullover#EnglishRos,semi-hard,0.4654817275747508,1,0
Clementine,the-sleeveless-cross-over-blouse#Salmon,silver-cross-sweater#Silver,random,0.44823920265780726,1,0
Clementine,the-sleeveless-cross-over-blouse#Sunshine,manhattan-stretch-tee#White,hard,0.31995911065678506,1,0
Clementine,the-sleeveless-cross-over-blouse#Sunshine,lola-bell-sleeve-top-ditsy-daisies#Blue,semi-hard,0.5425709174546384,1,0
Clementine,the-sleeveless-cross-over-blouse#Sunshine,cara-tee-3#Mustard,random,0.36311525683618706,1,0
Clementine,the-sleeveless-cross-over-blouse#White,falling-for-you-cardi#Dusty,hard,0.33714285714285713,1,0
Clementine,the-sleeveless-cross-over-blouse#White,belle-half-sleeve-forgiver-tunic#FlamPink,semi-hard,0.5425926399182213,1,0
Clementine,the-sleeveless-cross-over-blouse#White,malibu-cardigan#Navy,random,0.48168668540761567,1,0
Clementine,the-soft-overlay-top#Pink,mila-knit-cardigan#InkWhite,hard,0.3075006388959877,1,0
Clementine,the-soft-overlay-top#Pink,ava-short-sleeve-linen-tee#Blush,semi-hard,0.4745923843598262,1,0
Clementine,the-soft-overlay-top#Pink,printed-v-neck-blouse#NavyWhite,random,0.38179657551750573,1,0
Clementine,the-stella-tee#Marine,mila-knit-cardigan#StoneBlack,hard,0.3075006388959877,1,0
Clementine,the-stella-tee#Marine,the-dobby-sleeve-tee#White,semi-hard,0.553839338955618,1,0
Clementine,the-stella-tee#Marine,tab-sleeve-longline-shirt#Silver,random,0.7417135190391004,1,0
Clementine,the-stitch-detail-top#Pink,monaco-knot-top#HeatheGrey,hard,0.2256043956043956,1,0
Clementine,the-stitch-detail-top#Pink,2-in-1-layered-top-1#PinkWhite,semi-hard,0.5169844109378993,1,0
Clementine,the-stitch-detail-top#Pink,wonderland-blouse#Ink,random,0.36488627651418354,1,0
Clementine,the-stitch-detail-top#SkyBlue,stara-cardigan#GreyMarle,hard,0.3429729959962518,1,0
Clementine,the-stitch-detail-top#SkyBlue,frill-me-tie-throw-on#WhiteBlk,semi-hard,0.4917441860465116,1,0
Clementine,the-stitch-detail-top#SkyBlue,sugar-snaps-throw-jacket#Duckegg,random,0.7835867620751341,1,0
Clementine,the-stripe-button-through-top#Coral,dream-girl-ruffle-jumper#SoftPink,hard,0.3055635062611807,1,0
Clementine,the-stripe-button-through-top#Coral,kimono-and-me-cardi#Sand,semi-hard,0.5365486838742652,1,0
Clementine,the-stripe-button-through-top#Coral,long-sleeve-tee-2#NavyWhite,random,0.2946946077178635,1,0
Clementine,the-stripe-crossover-blouse#Bluestripe,eco-78-long-cardigan#LightGreyM,hard,0.32232558139534884,1,0
Clementine,the-stripe-crossover-blouse#Bluestripe,the-relaxed-long-sleeve-tee#Khaki,semi-hard,0.5167578158275833,1,0
Clementine,the-stripe-crossover-blouse#Bluestripe,st-helens-henley-tee#White,random,0.41551239458216205,1,0
Clementine,the-stripe-tank-1#Hazelnut,natural-classic-cardigan#Pebble,hard,0.28821535054093195,1,0
Clementine,the-stripe-tank-1#Hazelnut,belle-half-sleeve-boat-tee#White,semi-hard,0.48377331970355225,1,0
Clementine,the-stripe-tank-1#Hazelnut,geena-xo-ls-pullover-knit#WhiteCapGr,random,0.3455328392537695,1,0
Clementine,the-striped-top#BlueStripe,cable-knit-sweater#Camel,hard,0.33302581139790444,1,0
Clementine,the-striped-top#BlueStripe,animal-knit-1#Animal,semi-hard,0.5325939177101968,1,0
Clementine,the-striped-top#BlueStripe,ember-knit#EmberGlow,random,0.508857653973933,1,0
Clementine,the-swing-tank-top#Rose,the-reversible-cowl-neck-top-2#Ocean,hard,0.25429465882954255,1,0
Clementine,the-swing-tank-top#Rose,fundamental-rib-long-sleeve-tee#White,semi-hard,0.4684180935343726,1,0
Clementine,the-swing-tank-top#Rose,paint-stroke-top#Strokes,random,0.6505545617173525,1,0
Clementine,the-v-split-blouse#Salmon,monaco-knot-top#ClaySpot,hard,0.2256043956043956,1,0
Clementine,the-v-split-blouse#Salmon,midtown-ruffle-shirt#BoldRed,semi-hard,0.5052721696907744,1,0
Clementine,the-v-split-blouse#Salmon,rory-spliced-zip-hoodie#Silver,random,0.4305468949654996,1,0
Clementine,wrap-me-up-bamboo-top#Black,holly-rib-long-sleeve-tee#Khaki,hard,0.24065934065934066,1,0
Clementine,wrap-me-up-bamboo-top#Black,the-printed-side-ring-detail-blouse#Block,semi-hard,0.5147521083567596,1,0
Clementine,wrap-me-up-bamboo-top#Black,clovis-shirt#NavyGold,random,0.4525453616151291,1,0
Clementine,wrap-me-up-bamboo-top#BlueJeans,falling-for-you-cardi#Navy,hard,0.33714285714285713,1,0
Clementine,wrap-me-up-bamboo-top#BlueJeans,on-the-open-road-maxi-shirt#DarkOchre,semi-hard,0.5375172501916688,1,0
Clementine,wrap-me-up-bamboo-top#BlueJeans,the-contrast-trim-knit#BlackWhite,random,0.506843853820598,1,0
Denniel,the-batwing-tee#Black,the-longline-cardi-1#Nude,hard,0.31093605251287415,1,0
Denniel,the-batwing-tee#Black,the-french-cuff-shirt#White,semi-hard,0.49611284637152253,1,0
Denniel,the-batwing-tee#Black,geneva-v-neck-top#Black,random,0.4786578478946649,1,0
Denniel,the-batwing-tee#FrenchBlue,monaco-knot-top#HeatheGrey,hard,0.22371986382333428,1,0
Denniel,the-batwing-tee#FrenchBlue,horizontal-cabel-pullover#EnglishRos,semi-hard,0.40456102065971655,1,0
Denniel,the-batwing-tee#FrenchBlue,love-song-relaxed-blouse#SagePearl,random,0.6141903509177317,1,0
Denniel,the-batwing-tee#Sea,manhattan-stretch-tee#Black,hard,0.268365812854656,1,0
Denniel,the-batwing-tee#Sea,layered-sleeve-top#Moss,semi-hard,0.5073055797407886,1,0
Denniel,the-batwing-tee#Sea,belle-half-sleeve-forgiver-tunic#MutedClay,random,0.47516685374942974,1,0
Denniel,the-batwing-tee#Stone,renee-sweater#Sapphire,hard,0.27235205491763725,1,0
Denniel,the-batwing-tee#Stone,the-contrast-detail-top#Ivory,semi-hard,0.49766913698302656,1,0
Denniel,the-batwing-tee#Stone,mauevewood-crew#Charcoal,random,0.4617124675636156,1,0
Denniel,the-cotton-bamboo-tee#BlueJeans,leah-knit-cardigan#WhiteBlk,hard,0.2727441304255404,1,0
Denniel,the-cotton-bamboo-tee#BlueJeans,belle-v-neck-forgiver-tunic#White,semi-hard,0.5045674754683047,1,0
Denniel,the-cotton-bamboo-tee#BlueJeans,verona-patchwork-top#Patchwork,random,0.36950620677299423,1,0
Denniel,the-cotton-bamboo-tee#DuckEgg,mila-knit-cardigan#Clay,hard,0.2521706028295409,1,0
Denniel,the-cotton-bamboo-tee#DuckEgg,layered-sleeve-top#DarkBlue,semi-hard,0.5073055797407886,1,0
Denniel,the-cotton-bamboo-tee#DuckEgg,sugar-snaps-throw-jacket#Black,random,0.6869787150050489,1,0
Denniel,the-cotton-bamboo-tee#DustyPink,stara-cardigan#GreyMarle,hard,0.3090452459326473,1,0
Denniel,the-cotton-bamboo-tee#DustyPink,belle-v-neck-forgiver-tunic#Tobacco,semi-hard,0.5045674754683047,1,0
Denniel,the-cotton-bamboo-tee#DustyPink,ally-long-sleeve-tee#CosmosPr,random,0.2371284660092814,1,0
Denniel,the-cotton-bamboo-tee#White,cara-tee-3#Mustard,hard,0.30813553695700746,1,0
Denniel,the-cotton-bamboo-tee#White,ava-short-sleeve-linen-tee#Blush,semi-hard,0.412647203954154,1,0
Denniel,the-cotton-bamboo-tee#White,the-stitch-v-neck-knit#DenimMarle,random,0.6677840447861964,1,0
Denniel,the-cross-over-blouse#Black,geena-xo-ls-pullover-knit#Allure,hard,0.29116704493312695,1,0
Denniel,the-cross-over-blouse#Black,celestial-woven-top#White,semi-hard,0.4610933868534216,1,0
Denniel,the-cross-over-blouse#Black,the-roll-neck-sweater#Natural,random,0.46178803267017465,1,0
Denniel,the-cross-over-blouse#Blue,geena-xo-ls-pullover-knit#WhiteCapGr,hard,0.29116704493312695,1,0
Denniel,the-cross-over-blouse#Blue,long-sleeve-layer-top#Navy,semi-hard,0.47844874650725294,1,0
Denniel,the-cross-over-blouse#Blue,runaway-top#SoftMint,random,0.4969679296717308,1,0
Denniel,the-cross-over-blouse#Mint,the-reversible-cowl-neck-top-2#Ocean,hard,0.2056560755141193,1,0
Denniel,the-cross-over-blouse#Mint,prickly-cactus-crew#Pink,semi-hard,0.43005855985875713,1,0
Denniel,the-cross-over-blouse#Mint,analia-jersey-top#Navy,random,0.34969257147178845,1,0
Denniel,the-cross-over-blouse#Red,the-longline-cardi-1#GreyMarle,hard,0.31093605251287415,1,0
Denniel,the-cross-over-blouse#Red,butterfly-kisses-tee#MustardStr,semi-hard,0.49958163997131244,1,0
Denniel,the-cross-over-blouse#Red,natural-classic-cardigan#Pebble,random,0.2564273323297947,1,0
Denniel,the-cross-over-blouse#RoyalBlue,vivid-dreams-blouse#Dusty%20Rose,hard,0.2808185844318009,1,0
Denniel,the-cross-over-blouse#RoyalBlue,the-reversible-cowl-neck-top-1#White,semi-hard,0.42464144176558277,1,0
Denniel,the-cross-over-blouse#RoyalBlue,the-tie-front-tank#Navy,random,0.4831302356517597,1,0
Denniel,the-cross-over-blouse#Silver,cara-tee-4#White,hard,0.306731042574985,1,0
Denniel,the-cross-over-blouse#Silver,spliced-lace-panel-tee#White,semi-hard,0.4699538249621922,1,0
Denniel,the-cross-over-blouse#Silver,belle-tie-front-shirt#Black,random,0.7485234509726669,1,0
Denniel,the-cross-over-blouse#Sunshine,the-long-sleeve-v-neck-tee#Black,hard,0.25873771380189037,1,0
Denniel,the-cross-over-blouse#Sunshine,lucy-rib-oversized-top#WhiteGrey,semi-hard,0.42649461842128,1,0
Denniel,the-cross-over-blouse#Sunshine,haze-swing-top#OffWhite,random,0.626078729128296,1,0
Denniel,the-cross-over-blouse#White,arlo-cardigan#Navy,hard,0.30861898158475853,1,0
Denniel,the-cross-over-blouse#White,long-sleeve-layer-top#White,semi-hard,0.47844874650725294,1,0
Denniel,the-cross-over-blouse#White,the-frill-detail-blouse#Chambray,random,0.6074037320522928,1,0
Denniel,the-cut-out-shoulder-blouse#Black,analia-top#White,hard,0.26380161659191803,1,0
Denniel,the-cut-out-shoulder-blouse#Black,wellington-tee#Olive,semi-hard,0.494328787413978,1,0
Denniel,the-cut-out-shoulder-blouse#Black,soho-ruffle-jumper#OatmealMar,random,0.35045490582658123,1,0
Denniel,the-cut-out-shoulder-blouse#Blue,bamboo-layer-tank#Chalk,hard,0.27717069718185905,1,0
Denniel,the-cut-out-shoulder-blouse#Blue,the-contrast-panel-top#BlkStripe,semi-hard,0.48643318192684676,1,0
Denniel,the-cut-out-shoulder-blouse#Blue,always-mine-spliced-cardigan#GreyEmeral,random,0.43436682083342104,1,0
Denniel,the-cut-out-shoulder-blouse#Clay,dream-girl-ruffle-jumper#SoftPink,hard,0.2545480314905857,1,0
Denniel,the-cut-out-shoulder-blouse#Clay,neptune-top-1#PrimBlack,semi-hard,0.3988912372338076,1,0
Denniel,the-cut-out-shoulder-blouse#Clay,heartmade-sweater#Rust,random,0.4686726931527314,1,0
Denniel,the-cut-out-shoulder-blouse#Salmon,colourblock-cardi#NavyRed,hard,0.2604740970880913,1,0
Denniel,the-cut-out-shoulder-blouse#Salmon,geneva-v-neck-top#HeatheGrey,semi-hard,0.4786578478946649,1,0
Denniel,the-cut-out-shoulder-blouse#Salmon,longline-cardigan-2#Pink,random,0.42948301996831756,1,0
Denniel,the-cut-out-shoulder-blouse#Silver,butterfly-blouse-1#Ivory,hard,0.2918885996610051,1,0
Denniel,the-cut-out-shoulder-blouse#Silver,janet-frill-shirt#White,semi-hard,0.40447711184816104,1,0
Denniel,the-cut-out-shoulder-blouse#Silver,meredith-78-oversized-pullover-knit#WhiteCapGr,random,0.9133110881401246,1,0
Denniel,the-cut-out-shoulder-blouse#White,glasgow-top#Melange,hard,0.20550666121815947,1,0
Denniel,the-cut-out-shoulder-blouse#White,messina-v-neck-tee#White,semi-hard,0.4360791350282685,1,0
Denniel,the-cut-out-shoulder-blouse#White,irena-embroidered-blouse#DustyRose,random,0.3812501704354374,1,0
Denniel,the-short-sleeve-wrap-jersey-top#Black,roll-neck-jumper-3#GreyMarl,hard,0.2972897796125953,1,0
Denniel,the-short-sleeve-wrap-jersey-top#Black,the-side-panel-drape-top#OffWhite,semi-hard,0.4569060710585932,1,0
Denniel,the-short-sleeve-wrap-jersey-top#Black,coil-print-hi-lo-shirt#White,random,0.5750496653952291,1,0
Denniel,the-short-sleeve-wrap-jersey-top#Blue,cara-tee-2#Blush,hard,0.29475970678456936,1,0
Denniel,the-short-sleeve-wrap-jersey-top#Blue,heart-spliced-top#Navy,semi-hard,0.47655028536396105,1,0
Denniel,the-short-sleeve-wrap-jersey-top#Blue,ponte-spot-top#BlackWhite,random,0.5257341091363273,1,0
Denniel,the-short-sleeve-wrap-jersey-top#Emerald,eco-78-long-cardigan#LightGreyM,hard,0.26852310834424886,1,0
Denniel,the-short-sleeve-wrap-jersey-top#Emerald,mauevewood-crew#YellowWhit,semi-hard,0.4617124675636156,1,0
Denniel,the-short-sleeve-wrap-jersey-top#Emerald,sugar-snaps-layers-tank#Mint,random,0.5876621236457159,1,0
Denniel,the-short-sleeve-wrap-jersey-top#NavyWhite,cara-tee-2#BlackSpot,hard,0.29475970678456936,1,0
Denniel,the-short-sleeve-wrap-jersey-top#NavyWhite,marlow-cardigan#Cream,semi-hard,0.44831706545198113,1,0
Denniel,the-short-sleeve-wrap-jersey-top#NavyWhite,the-cross-over-top#GreyStripe,random,0.6293532170791903,1,0
Edith,buttoned-top#Spotty,forget-me-knot-tunic#ForgetMeK,hard,0.1668288971754318,1,0
Edith,buttoned-top#Spotty,the-printed-side-ring-detail-blouse#Block,semi-hard,0.4805885945737431,1,0
Edith,buttoned-top#Spotty,the-layered-cross-over-top#Black,random,0.5787842355664138,1,0
Edith,off-shoulder-top-1#Strawberry,rika-top#BatikTile,hard,0.3071906476361922,1,0
Edith,off-shoulder-top-1#Strawberry,daisy-top-1#BrightBlue,semi-hard,0.47656272770134156,1,0
Edith,off-shoulder-top-1#Strawberry,partly-cloudy-knit#PawPaw,random,0.74005772005772,1,0
Edith,patchwork-tunic#Patchwork,monaco-knot-top#HeatheGrey,hard,0.24943230037289443,1,0
Edith,patchwork-tunic#Patchwork,the-excess-shirt#Pearl,semi-hard,0.4363398482705413,1,0
Edith,patchwork-tunic#Patchwork,agra-shirt#White,random,0.5002856714242853,1,0
Emma,annabelle-sweater#Midnight,the-long-sleeve-v-neck-tee#Black,hard,0.3389508234156222,1,0
Emma,annabelle-sweater#Midnight,prickly-cactus-crew#Pink,semi-hard,0.523053086361276,1,0
Emma,annabelle-sweater#Midnight,the-high-low-drape-tee#Grey,random,0.6868611014623945,1,0
Emma,aztec-cardigan#BlackIvory,colourblock-cardi#NavyRed,hard,0.3393604918389401,1,0
Emma,aztec-cardigan#BlackIvory,the-tie-sleeve-blouse#Grey,semi-hard,0.5262453678850949,1,0
Emma,aztec-cardigan#BlackIvory,capri-tank-6#Olive,random,0.45966233439293785,1,0
Emma,aztec-cardigan#Orange,eco-78-long-cardigan#LightGreyM,hard,0.3458925267474118,1,0
Emma,aztec-cardigan#Orange,the-panel-hem-top#Khaki,semi-hard,0.5341947955992496,1,0
Emma,aztec-cardigan#Orange,anna-top#Leona,random,0.7304654789388985,1,0
Emma,batty-about-you-cotton-tee#BlkWhite,henson-jumper#Cream,hard,0.2761552583750859,1,0
Emma,batty-about-you-cotton-tee#BlkWhite,wrap-me-up-bamboo-top#BlueJeans,semi-hard,0.5725311017606276,1,0
Emma,batty-about-you-cotton-tee#BlkWhite,softly-swinging-bamboo-tee#Blush,random,0.6450870197278243,1,0
Emma,belle-flute-sleeve-tee#Navy,falling-for-you-cardi#Black,hard,0.3333333333333333,1,0
Emma,belle-flute-sleeve-tee#Navy,the-contrast-panel-top#BlkStripe,semi-hard,0.5926990208599404,1,0
Emma,belle-flute-sleeve-tee#Navy,cross-over-top-with-pocket#BlackWhite,random,0.6491188309615034,1,0
Emma,belle-v-neck-forgiver-tunic#ArmyGreen,meadow-cardigan#Cream,hard,0.35921630785136527,1,0
Emma,belle-v-neck-forgiver-tunic#ArmyGreen,the-ultimate-tie-cardi#Port,semi-hard,0.5662693405599297,1,0
Emma,belle-v-neck-forgiver-tunic#ArmyGreen,vivian-blouse#Check,random,0.46333699692176705,1,0
Emma,belle-v-neck-forgiver-tunic#Black,the-cotton-bamboo-tee#White,hard,0.3278341496732301,1,0
Emma,belle-v-neck-forgiver-tunic#Black,the-lace-trim-top#Ivory,semi-hard,0.5889966426364893,1,0
Emma,belle-v-neck-forgiver-tunic#Black,back-to-you-top#BlackMagic,random,0.28481209416913433,1,0
Emma,belle-v-neck-forgiver-tunic#BlueMarle,the-boat-neck-top#Navy,hard,0.35763269397428876,1,0
Emma,belle-v-neck-forgiver-tunic#BlueMarle,the-contrast-panel-top#SageStripe,semi-hard,0.5926990208599404,1,0
Emma,belle-v-neck-forgiver-tunic#BlueMarle,the-linen-tie-sleeve-top#GreyMarle,random,0.7324082151219364,1,0
Emma,belle-v-neck-forgiver-tunic#Charcoal,falling-for-you-cardi#Teal,hard,0.3333333333333333,1,0
Emma,belle-v-neck-forgiver-tunic#Charcoal,runaway-top#JetBlack,semi-hard,0.5619724393670754,1,0
Emma,belle-v-neck-forgiver-tunic#Charcoal,elcos-45-aop-top-jrs#BlackZigZa,random,0.46960223019849456,1,0
Emma,belle-v-neck-forgiver-tunic#DenimMarl,bamboo-layer-tank#Black,hard,0.272773712159488,1,0
Emma,belle-v-neck-forgiver-tunic#DenimMarl,rise-top#Ink,semi-hard,0.50158798138324,1,0
Emma,belle-v-neck-forgiver-tunic#DenimMarl,cotton-candy-side-split-top#IceBlue,random,0.7811575696812766,1,0
Emma,belle-v-neck-forgiver-tunic#Navy,faith-jumper#Eventide,hard,0.3305072827342942,1,0
Emma,belle-v-neck-forgiver-tunic#Navy,paradise-cardi#MultiStrip,semi-hard,0.5680867165242165,1,0
Emma,belle-v-neck-forgiver-tunic#Navy,the-cotton-bamboo-ls-top#Black,random,0.5929426753181543,1,0
Emma,belle-v-neck-forgiver-tunic#Scarlett,geena-xo-ls-pullover-knit#WhiteCapGr,hard,0.3687593453667448,1,0
Emma,belle-v-neck-forgiver-tunic#Scarlett,the-tie-front-top#Navy,semi-hard,0.5373415381048283,1,0
Emma,belle-v-neck-forgiver-tunic#Scarlett,the-panel-hem-top#DenimMarle,random,0.5341947955992496,1,0
Emma,belle-v-neck-forgiver-tunic#Tobacco,the-cotton-bamboo-tee#BlueJeans,hard,0.3278341496732301,1,0
Emma,belle-v-neck-forgiver-tunic#Tobacco,animal-knit-1#Animal,semi-hard,0.5598550090288597,1,0
Emma,belle-v-neck-forgiver-tunic#Tobacco,niue-neck-tie-shirt#LightBlue,random,0.35750709619244103,1,0
Emma,belle-v-neck-forgiver-tunic#White,lake-house-top#CoalPrint,hard,0.3638573770578081,1,0
Emma,belle-v-neck-forgiver-tunic#White,natural-cosy-sweater#Rosered,semi-hard,0.5958918688803747,1,0
Emma,belle-v-neck-forgiver-tunic#White,starry-night-cardi#Chalk,random,0.38271604938271603,1,0
Emma,block-sweater#Block,monaco-knot-top#Black,hard,0.24507835050220106,1,0
Emma,block-sweater#Block,the-dobby-sleeve-tee#InkBlue,semi-hard,0.5841984041217757,1,0
Emma,block-sweater#Block,the-twist-front-top#Grey,random,0.8140121682985667,1,0
Emma,block-vest#Blockvest,falling-for-you-cardi#Mustard,hard,0.3333333333333333,1,0
Emma,block-vest#Blockvest,layered-tunic-1#Natural,semi-hard,0.4717663934617957,1,0
Emma,block-vest#Blockvest,the-short-sleeve-wrap-jersey-top#NavyWhite,random,0.3849055039787798,1,0
Emma,contrast-pocket-tunic#Pinkpocket,falling-for-you-cardi#GreyMarle,hard,0.3333333333333333,1,0
Emma,contrast-pocket-tunic#Pinkpocket,wellington-tee#HeatheGrey,semi-hard,0.5907192065597238,1,0
Emma,contrast-pocket-tunic#Pinkpocket,fundamental-split-hoodie-1#Khaki,random,0.6919169375616934,1,0
Emma,contrast-stripe-sweater#Pockets,monaco-knot-top#Olive,hard,0.24507835050220106,1,0
Emma,contrast-stripe-sweater#Pockets,star-and-spot-sweater#SilverMult,semi-hard,0.5583381138338035,1,0
Emma,contrast-stripe-sweater#Pockets,grace-oversized-knit#InkWhite,random,0.7084699503880538,1,0
Emma,crosses-jumper#xmyheart,ricki-one-shoulder-top#BlackWhite,hard,0.3420248167913398,1,0
Emma,crosses-jumper#xmyheart,first-mix-top-1#BlackWhite,semi-hard,0.5235605576841209,1,0
Emma,crosses-jumper#xmyheart,the-short-sleeve-wrap-jersey-top#Blue,random,0.3849055039787798,1,0
Emma,crushed-top#Blue,high-street-knit#NavyStripe,hard,0.34240020303238694,1,0
Emma,crushed-top#Blue,to-the-beat-of-the-drum-kimono#Leaf,semi-hard,0.5809798261905541,1,0
Emma,crushed-top#Blue,walk-in-the-park-cardi#Sand,random,0.5848854122321555,1,0
Emma,daisy-top-1#BrightBlue,the-long-sleeve-v-neck-tee#White,hard,0.3389508234156222,1,0
Emma,daisy-top-1#BrightBlue,linen-v-neck-cami-2#BlueWhite,semi-hard,0.4847460004607993,1,0
Emma,daisy-top-1#BrightBlue,belle-lace-trim-tee#GreyMarle,random,0.8473400717922988,1,0
Emma,drama-top#BlackGrey,ynes#Black,hard,0.3266896072212164,1,0
Emma,drama-top#BlackGrey,the-sleeve-detail-knit#Ivory,semi-hard,0.6006190577550731,1,0
Emma,drama-top#BlackGrey,reversible-stripe-vee-scoop-neck-tank#BlackWhite,random,0.416515064862766,1,0
Emma,everyday-linen-tunic#BotanicalB,eco-78-long-cardigan#DarkGreyM,hard,0.3458925267474118,1,0
Emma,everyday-linen-tunic#BotanicalB,belle-half-sleeve-forgiver-tunic#Apricot,semi-hard,0.5717234968761549,1,0
Emma,everyday-linen-tunic#BotanicalB,the-cross-over-printed-blouse#Leopard,random,0.7046533530459537,1,0
Emma,floating-by-you-blouse#SeaFleur,natural-classic-cardigan#Pebble,hard,0.31249288528982017,1,0
Emma,floating-by-you-blouse#SeaFleur,half-sleeve-fluffy-knit#Ivory,semi-hard,0.5924862374215822,1,0
Emma,floating-by-you-blouse#SeaFleur,belle-two-in-one-top#Charcoal,random,0.520290593027662,1,0
Emma,forget-me-knot-tunic#ForgetMeK,manhattan-stretch-tee#NavyWhtStr,hard,0.341821937906708,1,0
Emma,forget-me-knot-tunic#ForgetMeK,circles-knit#Plum,semi-hard,0.47918483110652654,1,0
Emma,forget-me-knot-tunic#ForgetMeK,placement-print-shirt#WhiteNavy,random,0.6247278257874522,1,0
Emma,frost-cardigan#Mauvewoo,high-neck-tie-top#Black,hard,0.28999078693762603,1,0
Emma,frost-cardigan#Mauvewoo,jewel-knit#GreyMarle,semi-hard,0.5371909779237365,1,0
Emma,frost-cardigan#Mauvewoo,the-cross-over-blouse#Red,random,0.6662104724245528,1,0
Emma,hem-frill-stripe-top#Frilled,falling-for-you-cardi#Rust,hard,0.3333333333333333,1,0
Emma,hem-frill-stripe-top#Frilled,clovis-shirt#NavyGold,semi-hard,0.4770768058303978,1,0
Emma,hem-frill-stripe-top#Frilled,blue-waters-cotton-blouse#White,random,0.6321851689577982,1,0
Emma,hem-frill-stripe-top#SoFrilled,dream-girl-ruffle-jumper#SoftPink,hard,0.32733077174528324,1,0
Emma,hem-frill-stripe-top#SoFrilled,the-stripe-pocket-tank#Stripe,semi-hard,0.5457996310486731,1,0
Emma,hem-frill-stripe-top#SoFrilled,softly-swinging-bamboo-tee#Jewel,random,0.6450870197278243,1,0
Emma,jade-kimono-sweet-blossoms#Blue,pure-merino-fine-rib-v-neck#Charcoal,hard,0.09406514267625378,1,0
Emma,jade-kimono-sweet-blossoms#Blue,mixed-messages-jumper#MixedStrip,semi-hard,0.5041019228040301,1,0
Emma,jade-kimono-sweet-blossoms#Blue,melbourne-stretch-cardigan#Black,random,0.4176368195315753,1,0
Emma,lola-bell-sleeve-top-ditsy-daisies#Blue,manhattan-stretch-tee#Black,hard,0.341821937906708,1,0
Emma,lola-bell-sleeve-top-ditsy-daisies#Blue,frill-me-tie-throw-on#WhiteBlk,semi-hard,0.5195363301954538,1,0
Emma,lola-bell-sleeve-top-ditsy-daisies#Blue,the-longline-cardi-1#Nude,random,0.3906400578455176,1,0
Emma,lola-bell-sleeve-top-entangled-vines#Gold,long-sleeve-tee-2#NavyWhite,hard,0.3159663745152251,1,0
Emma,lola-bell-sleeve-top-entangled-vines#Gold,sailaway-blouse#OxfordBlue,semi-hard,0.5910538172271889,1,0
Emma,lola-bell-sleeve-top-entangled-vines#Gold,the-cut-out-shoulder-blouse#White,random,0.644445380077564,1,0
Emma,long-sleeve-check-top#Check,mila-knit-cardigan#StoneBlack,hard,0.3309924231260438,1,0
Emma,long-sleeve-check-top#Check,adventurous-hoody#Pink,semi-hard,0.5991802538138745,1,0
Emma,long-sleeve-check-top#Check,the-cut-out-shoulder-blouse#Salmon,random,0.644445380077564,1,0
Emma,long-sleeve-softly-swinging-bamboo-tee#Black,rika-top#BatikTile,hard,0.3080034788008926,1,0
Emma,long-sleeve-softly-swinging-bamboo-tee#Black,bo-cosy-cardigan#Storm,semi-hard,0.49185673907297467,1,0
Emma,long-sleeve-softly-swinging-bamboo-tee#Black,aldis-blouse#Pearl,random,0.7193859381359381,1,0
Emma,long-sleeve-softly-swinging-bamboo-tee#BlueJeans,renee-sweater#Sapphire,hard,0.3230502136752137,1,0
Emma,long-sleeve-softly-swinging-bamboo-tee#BlueJeans,alberta-stripe-top#IvoryStrip,semi-hard,0.5136914556813982,1,0
Emma,long-sleeve-softly-swinging-bamboo-tee#BlueJeans,spliced-stripe-tunic#Navy,random,0.4568093112453745,1,0
Emma,long-sleeve-softly-swinging-bamboo-tee#Cashew,cara-tee-2#Blush,hard,0.3498402406448384,1,0
Emma,long-sleeve-softly-swinging-bamboo-tee#Cashew,horizontal-cabel-pullover#EnglishRos,semi-hard,0.49123465269298605,1,0
Emma,long-sleeve-softly-swinging-bamboo-tee#Cashew,hayley-button-down#NavySparro,random,0.3855176858050421,1,0
Emma,long-sleeve-softly-swinging-bamboo-tee#Combat,endeavor-long-sleeve-tee#Stripe,hard,0.3333333333333333,1,0
Emma,long-sleeve-softly-swinging-bamboo-tee#Combat,heartmade-sweater#Rust,semi-hard,0.54611189860232,1,0
Emma,long-sleeve-softly-swinging-bamboo-tee#Combat,moonlight-kisses-bamboo-tee#Saffron,random,0.6336599972106438,1,0
Emma,long-sleeve-softly-swinging-bamboo-tee#Copper,falling-for-you-cardi-1#GreyGarden,hard,0.3333333333333333,1,0
Emma,long-sleeve-softly-swinging-bamboo-tee#Copper,ava-short-sleeve-linen-tee#Blush,semi-hard,0.5007833369004346,1,0
Emma,long-sleeve-softly-swinging-bamboo-tee#Copper,the-everyday-shirt#Rose,random,0.732653818815816,1,0
Emma,long-sleeve-softly-swinging-bamboo-tee#DuckEgg,stara-cardigan#GreyMarle,hard,0.3687408093538362,1,0
Emma,long-sleeve-softly-swinging-bamboo-tee#DuckEgg,sparkly-star-tee#Blue,semi-hard,0.4889399393709739,1,0
Emma,long-sleeve-softly-swinging-bamboo-tee#DuckEgg,waterfall-cardi-1#Navy,random,0.4862763453819488,1,0
Emma,long-sleeve-softly-swinging-bamboo-tee#Fern,falling-for-you-cardi#Port,hard,0.3333333333333333,1,0
Emma,long-sleeve-softly-swinging-bamboo-tee#Fern,arya-frilled-blouse#Oyster,semi-hard,0.5208455769698586,1,0
Emma,long-sleeve-softly-swinging-bamboo-tee#Fern,the-printed-v-neck-tee#White,random,0.7630219419611182,1,0
Emma,long-sleeve-softly-swinging-bamboo-tee#Navy,drapey-stripe-tee#Navy,hard,0.3614543349636741,1,0
Emma,long-sleeve-softly-swinging-bamboo-tee#Navy,falling-for-you-tunic#Rust,semi-hard,0.5629757840605542,1,0
Emma,long-sleeve-softly-swinging-bamboo-tee#Navy,the-side-panel-drape-top#OffWhite,random,0.5250765269922358,1,0
Emma,long-sleeve-softly-swinging-bamboo-tee#Oyster,holly-rib-long-sleeve-tee#Black,hard,0.2607260469149837,1,0
Emma,long-sleeve-softly-swinging-bamboo-tee#Oyster,belle-half-sleeve-forgiver-tunic#MutedClay,semi-hard,0.5717234968761549,1,0
Emma,long-sleeve-softly-swinging-bamboo-tee#Oyster,belle-ls-free-fall-tee#Airforce,random,0.7559453637039844,1,0
Emma,long-sleeve-softly-swinging-bamboo-tee#SilverScon,the-boat-neck-top#Black,hard,0.35763269397428876,1,0
Emma,long-sleeve-softly-swinging-bamboo-tee#SilverScon,the-cotton-cardi#Khaki,semi-hard,0.4998935717326522,1,0
Emma,long-sleeve-softly-swinging-bamboo-tee#SilverScon,the-sleeveless-cross-over-blouse#Chambray,random,0.630059490916172,1,0
Emma,long-sleeve-softly-swinging-bamboo-tee#Smoke,pure-merino-fine-rib-polo#BlackStri,hard,0.251496720605916,1,0
Emma,long-sleeve-softly-swinging-bamboo-tee#Smoke,wellington-tee#ClaySpot,semi-hard,0.5907192065597238,1,0
Emma,long-sleeve-softly-swinging-bamboo-tee#Smoke,the-longline-cardi-1#GreyMarle,random,0.3906400578455176,1,0
Emma,long-sleeve-softly-swinging-bamboo-tee#Storm,cara-tee-2#BlackSpot,hard,0.3498402406448384,1,0
Emma,long-sleeve-softly-swinging-bamboo-tee#Storm,ella-funnel-neck-top#Khaki,semi-hard,0.5728438809886367,1,0
Emma,long-sleeve-softly-swinging-bamboo-tee#Storm,mauevewood-crew#Charcoal,random,0.5563955055693561,1,0
Emma,long-sleeve-softly-swinging-bamboo-tee#TeaRose,leah-knit-cardigan#WhiteBlk,hard,0.35153366349487036,1,0
Emma,long-sleeve-softly-swinging-bamboo-tee#TeaRose,kimono-top-36#BlueMarle,semi-hard,0.4744307062314725,1,0
Emma,long-sleeve-softly-swinging-bamboo-tee#TeaRose,partly-cloudy-knit#PawPaw,random,0.7791125656307649,1,0
Emma,long-sleeve-softly-swinging-bamboo-tee#White,the-cotton-bamboo-tee#DuckEgg,hard,0.3278341496732301,1,0
Emma,long-sleeve-softly-swinging-bamboo-tee#White,belle-half-sleeve-forgiver-tunic#Black,semi-hard,0.5717234968761549,1,0
Emma,long-sleeve-softly-swinging-bamboo-tee#White,natural-cropped-sleeve-knit#Cloudcover,random,0.40868688569838,1,0
Emma,long-sleeve-spot-top#Multispot,natural-crossover-knit-1#Stormcloud,hard,0.35311722254969385,1,0
Emma,long-sleeve-spot-top#Multispot,karmen-top#HighRiskRe,semi-hard,0.492013445437775,1,0
Emma,long-sleeve-spot-top#Multispot,sky-shirt#Clouds,random,0.8258140592910709,1,0
Emma,longline-cardigan-2#Pink,back-to-you-top#Rust,hard,0.28481209416913433,1,0
Emma,longline-cardigan-2#Pink,the-stripe-jersey-top#Pink,semi-hard,0.5377566704793716,1,0
Emma,longline-cardigan-2#Pink,the-cotton-bamboo-tank#Moonbeam,random,0.646642436692724,1,0
Emma,overlay-tunic-3-pce-set#Emerald,magnolia-fields-keyhole-blouse#Magnolia,hard,0.33600946334423343,1,0
Emma,overlay-tunic-3-pce-set#Emerald,marlow-cardigan#Cream,semi-hard,0.5402453083846762,1,0
Emma,overlay-tunic-3-pce-set#Emerald,the-oversize-knit#Ink,random,0.9013409961685824,1,0
Emma,paint-stroke-top#Strokes,falling-for-you-cardi-2#WinterRose,hard,0.3333333333333333,1,0
Emma,paint-stroke-top#Strokes,the-roll-neck-sweater#Natural,semi-hard,0.5341576261116491,1,0
Emma,paint-stroke-top#Strokes,cara-tee-3#ZebraPrint,random,0.3863988987013412,1,0
Emma,printed-tunic-7#RedCheck,bamboo-layer-tank#Chalk,hard,0.272773712159488,1,0
Emma,printed-tunic-7#RedCheck,always-mine-spliced-cardigan#GreyEmeral,semi-hard,0.5271330132590908,1,0
Emma,printed-tunic-7#RedCheck,never-ending-winter-knit-top#DeluxeGree,random,0.8561033175796107,1,0
Emma,printed-v-neck-top#Striped,falling-for-you-cardi#Navy,hard,0.3333333333333333,1,0
Emma,printed-v-neck-top#Striped,border-stripe-knit#WhitePink,semi-hard,0.4734377046697449,1,0
Emma,printed-v-neck-top#Striped,the-half-sleeve-tee#White,random,0.4444195734156222,1,0
Emma,raspberry-ls-tee#WhiteRaspb,falling-for-you-cardi#Dusty,hard,0.3333333333333333,1,0
Emma,raspberry-ls-tee#WhiteRaspb,art-deco-print-top#NavyWhite,semi-hard,0.4916219901852086,1,0
Emma,raspberry-ls-tee#WhiteRaspb,the-cross-front-spot-blouse#NavySpot,random,0.8275186476066505,1,0
Emma,rosie-bell-sleeve-denim-shirt#Stripe,glasgow-top#Melange,hard,0.2636195654335022,1,0
Emma,rosie-bell-sleeve-denim-shirt#Stripe,long-sleeve-layer-top#White,semi-hard,0.5693375410509032,1,0
Emma,rosie-bell-sleeve-denim-shirt#Stripe,tracie-top#Black,random,0.687737691015349,1,0
Emma,sequin-spot-cardi#Grey,manhattan-stretch-tee#White,hard,0.341821937906708,1,0
Emma,sequin-spot-cardi#Grey,fundamental-split-hoodie#Pink,semi-hard,0.5419469911208417,1,0
Emma,sequin-spot-cardi#Grey,the-tie-front-tank#White,random,0.5738825799440024,1,0
Emma,side-buttoned-sweater#Buttoned,holly-rib-long-sleeve-tee#WhiteGrey,hard,0.2607260469149837,1,0
Emma,side-buttoned-sweater#Buttoned,floral-blouse-2#NavyMulti,semi-hard,0.5042193398874433,1,0
Emma,side-buttoned-sweater#Buttoned,natural-cross-back-knit#Lightsmoke,random,0.5594166015621954,1,0
Emma,stripe-me-happy-blouse#Ash,falling-for-you-cardi#Khaki,hard,0.3333333333333333,1,0
Emma,stripe-me-happy-blouse#Ash,llama-long-sleeve-shirt#Mustard,semi-hard,0.5789919469277707,1,0
Emma,stripe-me-happy-blouse#Ash,belle-nautical-applique-tee#BlueStripe,random,0.6779533807640847,1,0
Emma,striped-sleeve-sweater#Striped,the-uneven-hem-knit-1#Sage,hard,0.36400462962962965,1,0
Emma,striped-sleeve-sweater#Striped,on-safari-blouse#Jewel,semi-hard,0.5402298850574713,1,0
Emma,striped-sleeve-sweater#Striped,the-soft-knit-jumper#NavyStripe,random,0.5585355470412942,1,0
Emma,sugar-snaps-layers-tank#Black,cara-tee-2#WhiteBlk,hard,0.3498402406448384,1,0
Emma,sugar-snaps-layers-tank#Black,paisley-top-1#Paisley,semi-hard,0.5303275242212023,1,0
Emma,sugar-snaps-layers-tank#Black,print-tee-3#Music,random,0.9179929509790621,1,0
Emma,sugar-snaps-layers-tank#Blue,mila-knit-cardigan#Black,hard,0.3309924231260438,1,0
Emma,sugar-snaps-layers-tank#Blue,celestial-woven-top#White,semi-hard,0.5497548860515815,1,0
Emma,sugar-snaps-layers-tank#Blue,the-pirate-in-me-shirt#White,random,0.8408538500133328,1,0
Emma,sugar-snaps-layers-tank#DeepCobalt,34-sleeve-shirt-1#SkyWhite,hard,0.3432522139418691,1,0
Emma,sugar-snaps-layers-tank#DeepCobalt,ryder-cosy-sweater#Blossom,semi-hard,0.5112203243489163,1,0
Emma,sugar-snaps-layers-tank#DeepCobalt,belle-ls-free-fall-tee#Greenland,random,0.7559453637039844,1,0
Emma,sugar-snaps-layers-tank#DuckEgg,cable-knit-sweater#Camel,hard,0.35550432964226064,1,0
Emma,sugar-snaps-layers-tank#DuckEgg,fundamental-sydney-crew#Navy,semi-hard,0.5395366028447924,1,0
Emma,sugar-snaps-layers-tank#DuckEgg,the-shoulder-tie-top#White,random,0.7490578064841714,1,0
Emma,sugar-snaps-layers-tank#Mint,ally-long-sleeve-tee#CosmosPr,hard,0.27383017352485745,1,0
Emma,sugar-snaps-layers-tank#Mint,natural-detailed-sweater#Tinroof,semi-hard,0.5294053895586462,1,0
Emma,sugar-snaps-layers-tank#Mint,grace-oversized-knit#StoneBlack,random,0.7084699503880538,1,0
Emma,sugar-snaps-layers-tank#NewBeige,holly-rib-long-sleeve-tee#Khaki,hard,0.2607260469149837,1,0
Emma,sugar-snaps-layers-tank#NewBeige,sunshine-in-me-tee-1#White,semi-hard,0.5741805023414219,1,0
Emma,sugar-snaps-layers-tank#NewBeige,relaxed-cape#Black,random,0.8177859372782744,1,0
Emma,sugar-snaps-layers-tank#PeachyKeen,vivid-dreams-blouse#Dusty%20Rose,hard,0.3576194452631234,1,0
Emma,sugar-snaps-layers-tank#PeachyKeen,bo-cosy-cardigan#Blossom,semi-hard,0.49185673907297467,1,0
Emma,sugar-snaps-layers-tank#PeachyKeen,shirt-in-a-box#Silver,random,0.35182257676869744,1,0
Emma,sugar-snaps-layers-tank#Red,analia-top#White,hard,0.31417690307776514,1,0
Emma,sugar-snaps-layers-tank#Red,the-long-sleeve-scoop-neck-tee#White,semi-hard,0.5313963388676033,1,0
Emma,sugar-snaps-layers-tank#Red,the-colour-block-pullover#Sage,random,0.5914218816517667,1,0
Emma,sugar-snaps-layers-tank#SeaGreen,monaco-knot-top#ClaySpot,hard,0.24507835050220106,1,0
Emma,sugar-snaps-layers-tank#SeaGreen,the-soft-knit-jumper#PinkStripe,semi-hard,0.5585355470412942,1,0
Emma,sugar-snaps-layers-tank#SeaGreen,off-shoulder-top-2#FloraLace,random,0.583546189868029,1,0
Emma,sugar-snaps-layers-tank#White,elina-lace-frill-blouse#Black,hard,0.31760603500905227,1,0
Emma,sugar-snaps-layers-tank#White,messina-v-neck-tee#White,semi-hard,0.5265125898207795,1,0
Emma,sugar-snaps-layers-tank#White,belle-drape-tee#Black,random,0.6208705137853845,1,0
Emma,the-bamboo-tunic-dress#Khaki,the-reversible-cowl-neck-top-2#Ocean,hard,0.2757523879111523,1,0
Emma,the-bamboo-tunic-dress#Khaki,belle-half-sleeve-forgiver-tunic#FlamPink,semi-hard,0.5717234968761549,1,0
Emma,the-bamboo-tunic-dress#Khaki,flow-with-me-slouch-top#Brick,random,1.1406797308826764,1,0
Emma,the-bonded-cotton-shirt#Pink,mila-knit-cardigan#Clay,hard,0.3309924231260438,1,0
Emma,the-bonded-cotton-shirt#Pink,heart-spliced-top#Navy,semi-hard,0.5683762145687432,1,0
Emma,the-bonded-cotton-shirt#Pink,belle-cowl-swing-sweater#Black,random,0.3978937363456042,1,0
Emma,the-drape-tee-1#Black,mila-knit-cardigan#InkWhite,hard,0.3309924231260438,1,0
Emma,the-drape-tee-1#Black,fundamental-sydney-crew#GreyMarle,semi-hard,0.5395366028447924,1,0
Emma,the-drape-tee-1#Black,the-frill-detail-blouse#Chambray,random,0.7115249204419463,1,0
Emma,the-drape-tee-1#Navy,the-cotton-bamboo-tee#DustyPink,hard,0.3278341496732301,1,0
Emma,the-drape-tee-1#Navy,the-excess-shirt#Pearl,semi-hard,0.4977419810393949,1,0
Emma,the-drape-tee-1#Navy,the-cross-over-top#NavyStripe,random,0.7692967752234994,1,0
Emma,the-drape-tee-1#NavyStripe,paige-top#Black,hard,0.2543657762168298,1,0
Emma,the-drape-tee-1#NavyStripe,fundamental-rib-long-sleeve-tee#White,semi-hard,0.49513273417727444,1,0
Emma,the-drape-tee-1#NavyStripe,the-fleck-roll-neck-knit#Oatmeal,random,0.7000851426138783,1,0
Emma,the-drape-tee-1#Stripe,monaco-knot-top#HeatheGrey,hard,0.24507835050220106,1,0
Emma,the-drape-tee-1#Stripe,falling-for-you-tunic#Black,semi-hard,0.5629757840605542,1,0
Emma,the-drape-tee-1#Stripe,geneva-v-neck-top#HeatheGrey,random,0.5739631138338035,1,0
Emma,the-drape-tee-1#White,leah-knit-cardigan#Black,hard,0.35153366349487036,1,0
Emma,the-drape-tee-1#White,shell-top-3#PapBlue,semi-hard,0.5777636117075773,1,0
Emma,the-drape-tee-1#White,midtown-ruffle-shirt#BoldRed,random,0.5311059271188581,1,0
Emma,the-pocket-tee#GreyStripe,the-long-sleeve-v-neck-tee#Navy,hard,0.3389508234156222,1,0
Emma,the-pocket-tee#GreyStripe,the-frill-wrap-blouse#Spot,semi-hard,0.49296975872945703,1,0
Emma,the-pocket-tee#GreyStripe,first-love-kimono-jacket#Stone,random,0.673992673992674,1,0
Emma,the-pocket-tee#NavyStripe,manhattan-stretch-tee#Navy,hard,0.341821937906708,1,0
Emma,the-pocket-tee#NavyStripe,geneva-v-neck-top#Olive,semi-hard,0.5739631138338035,1,0
Emma,the-pocket-tee#NavyStripe,sky-jumper-1#Clouds,random,0.686883944067852,1,0
Emma,the-relaxed-long-sleeve-tee#Black,leary-cardigan#Pine,hard,0.3436708366665263,1,0
Emma,the-relaxed-long-sleeve-tee#Black,the-contrast-detail-top#Ivory,semi-hard,0.6041932737335036,1,0
Emma,the-relaxed-long-sleeve-tee#Black,the-stitch-detail-top#Pink,random,0.7586878286411333,1,0
Emma,the-relaxed-long-sleeve-tee#Khaki,cotton-stripe-cardi-with-pockets#White,semi-hard,0.5894104166374281,1,0
Emma,the-relaxed-long-sleeve-tee#Khaki,the-print-contrast-34-sleeve-top#Animal,random,0.8155788908303276,1,0
Emma,the-relaxed-long-sleeve-tee#Navy,belle-half-sleeve-boat-tee#White,semi-hard,0.5096455916768416,1,0
Emma,the-relaxed-long-sleeve-tee#Navy,clara-blouse#DarkFloral,random,0.49579820323354806,1,0
Emma,the-relaxed-long-sleeve-tee#Pink,the-asymmetrical-hem-sweater#Blush,semi-hard,0.5742830321374383,1,0
Emma,the-relaxed-long-sleeve-tee#Pink,rib-tank-2#Navy,random,0.4436045309788126,1,0
Emma,the-relaxed-long-sleeve-tee#White,malibu-cardigan#Navy,semi-hard,0.5056340098545558,1,0
Emma,the-relaxed-long-sleeve-tee#White,fluid-tunic-top#White,random,0.47868667956670835,1,0
Emma,the-slouch-pocket-tee#Stripe,irena-embroidered-blouse#DustyRose,semi-hard,0.46751748610584815,1,0
Emma,the-slouch-pocket-tee#Stripe,the-tie-front-top#Black,random,0.5373415381048283,1,0
Emma,tie-back-bell-sleeve-top-5#Summerbud,baobab-sweater#Bark,semi-hard,0.5734854049030295,1,0
Emma,tie-back-bell-sleeve-top-5#Summerbud,floral-embroidered-jumper#Navy,random,0.7017848334748478,1,0
Emma,viola-kimono-radiant-floral#Grey,linen-cotton-shirt#White,semi-hard,0.5736180991209726,1,0
Emma,viola-kimono-radiant-floral#Grey,st-helens-henley-tee#Sapphire,random,0.4398497548641227,1,0
Emma,weekend-tunic#Navy,the-french-cuff-shirt#White,semi-hard,0.5883104812253519,1,0
Emma,weekend-tunic#Navy,the-on-or-off-the-shoulder-top#FrenchNavy,random,0.8654185320851988,1,0
Emma,westward-top#BotanicalD,the-cape-jersey-top#DarkNavy,semi-hard,0.4964619362518069,1,0
Emma,westward-top#BotanicalD,fundamental-vee-tee#GreyMarle,random,0.42336623838060616,1,0
Fiona,batty-about-you-cotton-tee#BlkWhite,the-short-sleeve-wrap-jersey-top#Emerald,hard,0.2236328603789013,1,0
Fiona,batty-about-you-cotton-tee#BlkWhite,monaco-sweater#BlackCream,semi-hard,0.3263622879222825,1,0
Fiona,batty-about-you-cotton-tee#BlkWhite,the-long-sleeve-v-neck-tee#White,random,0.2425736972286059,1,0
Fiona,be-mine-top-1#Sage,double-layered-top-1#WSilver,hard,0.22203649768876416,1,0
Fiona,be-mine-top-1#Sage,nature-ls-top#BlueGum,semi-hard,0.34017054607243213,1,0
Fiona,be-mine-top-1#Sage,raspberry-ls-tee#WhiteRaspb,random,0.2702701302113055,1,0
Fiona,belle-cowl-swing-sweater#Black,pure-merino-fine-rib-v-neck#Charcoal,hard,0.1384869655116376,1,0
Fiona,belle-cowl-swing-sweater#Black,frill-blouse#Rust,semi-hard,0.285360065921592,1,0
Fiona,belle-cowl-swing-sweater#Black,runaway-top#SoftPink,random,0.36402457925350545,1,0
Fiona,belle-cowl-swing-sweater#Green,bella-ls-tee#GreenWhite,hard,0.21815960397529643,1,0
Fiona,belle-cowl-swing-sweater#Green,the-tie-front-top#Black,semi-hard,0.29869442976931715,1,0
Fiona,belle-cowl-swing-sweater#Green,fundamental-split-hoodie#Pink,random,0.3517445269527749,1,0
Fiona,belle-deep-v-mesh-top#Black,cara-tee-4#Black,hard,0.22329853587392143,1,0
Fiona,belle-deep-v-mesh-top#Black,falling-for-you-cardi-1#GreyGarden,semi-hard,0.35911602209944754,1,0
Fiona,belle-deep-v-mesh-top#Black,the-on-or-off-the-shoulder-top#Pink,random,0.48652604390873866,1,0
Fiona,belle-ls-free-fall-tee#Airforce,the-short-sleeve-wrap-jersey-top#Black,hard,0.2236328603789013,1,0
Fiona,belle-ls-free-fall-tee#Airforce,paisley-top-1#Paisley,semi-hard,0.29410573180815675,1,0
Fiona,belle-ls-free-fall-tee#Airforce,willow-knot-top#WhiteBlk,random,0.29921308205592867,1,0
Fiona,belle-ls-free-fall-tee#Blush,manhattan-stretch-tee#NavyWhtStr,hard,0.2285692043616061,1,0
Fiona,belle-ls-free-fall-tee#Blush,drama-top#BlackGrey,semi-hard,0.2966831329284192,1,0
Fiona,belle-ls-free-fall-tee#Blush,the-ultimate-tie-cardi#Port,random,0.31684693743663933,1,0
Fiona,belle-ls-free-fall-tee#Greenland,millie-top#BlackSpot,hard,0.2297211215438953,1,0
Fiona,belle-ls-free-fall-tee#Greenland,the-side-ring-detail-blouse-1#Black,semi-hard,0.3030198264798682,1,0
Fiona,belle-ls-free-fall-tee#Greenland,floral-embroidered-jumper#Navy,random,0.4289650445296549,1,0
Fiona,belle-paint-brush-print-top#PaintPrint,natural-classic-cardigan#Pebble,hard,0.18490584585722566,1,0
Fiona,belle-paint-brush-print-top#PaintPrint,elcos-45-aop-top-jrs#BlackFlowe,semi-hard,0.30367421267014627,1,0
Fiona,belle-paint-brush-print-top#PaintPrint,pocket-shirt-1#Ivory,random,0.2199523623255362,1,0
Fiona,belle-satin-shirt#Black,capri-tank-3#Navy,hard,0.22624271711485924,1,0
Fiona,belle-satin-shirt#Black,sequin-cross-2-in-1-top#Khaki,semi-hard,0.27492428957188875,1,0
Fiona,belle-satin-shirt#Black,adventurous-hoody#Pink,random,0.451977008764492,1,0
Fiona,belle-v-neck-forgiver-tunic#ArmyGreen,capri-tank-3#White,hard,0.22624271711485924,1,0
Fiona,belle-v-neck-forgiver-tunic#ArmyGreen,ryder-cosy-sweater#Blossom,semi-hard,0.280217950498574,1,0
Fiona,belle-v-neck-forgiver-tunic#ArmyGreen,the-cotton-bamboo-tee#BlueJeans,random,0.1423917506429874,1,0
Fiona,belle-v-neck-forgiver-tunic#Black,manhattan-stretch-tee#Black,hard,0.2285692043616061,1,0
Fiona,belle-v-neck-forgiver-tunic#Black,the-bamboo-tunic-dress#Khaki,semi-hard,0.3260082337803802,1,0
Fiona,belle-v-neck-forgiver-tunic#Black,belle-drape-tee#Black,random,0.36445697598593907,1,0
Fiona,belle-v-neck-forgiver-tunic#BlueMarle,lake-house-top#CoalPrint,hard,0.21881251015625947,1,0
Fiona,belle-v-neck-forgiver-tunic#BlueMarle,belle-off-the-shoulder-tee#Stripe,semi-hard,0.3398079351938736,1,0
Fiona,belle-v-neck-forgiver-tunic#BlueMarle,the-define-flute-sleeve-blouse#Black,random,0.36548812412157583,1,0
Fiona,belle-v-neck-forgiver-tunic#Charcoal,multi-pattern-print-top#NavyMulti,hard,0.22388864553186621,1,0
Fiona,belle-v-neck-forgiver-tunic#Charcoal,prickly-cactus-crew#Pink,semi-hard,0.3101125411691168,1,0
Fiona,belle-v-neck-forgiver-tunic#Charcoal,meadow-cardigan#Cream,random,0.1968017428520923,1,0
Fiona,belle-v-neck-forgiver-tunic#DenimMarl,the-cotton-bamboo-tee#DuckEgg,hard,0.1423917506429874,1,0
Fiona,belle-v-neck-forgiver-tunic#DenimMarl,variegated-rib-knit#Silver,semi-hard,0.3415201798911922,1,0
Fiona,belle-v-neck-forgiver-tunic#DenimMarl,coogee-shirt#White,random,0.24990634248894125,1,0
Fiona,belle-v-neck-forgiver-tunic#Navy,butterfly-blouse-1#Ivory,hard,0.15365401978409973,1,0
Fiona,belle-v-neck-forgiver-tunic#Navy,soft-and-true-tunic#Pine,semi-hard,0.3282712439577151,1,0
Fiona,belle-v-neck-forgiver-tunic#Navy,pure-merino-fine-rib-polo#BlackStri,random,0.2417385464543404,1,0
Fiona,belle-v-neck-forgiver-tunic#Scarlett,long-sleeve-tee-2#NavyWhite,hard,0.22720054819659646,1,0
Fiona,belle-v-neck-forgiver-tunic#Scarlett,monaco-knot-top#Black,semi-hard,0.2915543906002187,1,0
Fiona,belle-v-neck-forgiver-tunic#Scarlett,geneva-v-neck-top#HeatheGrey,random,0.3281848303257433,1,0
Fiona,belle-v-neck-forgiver-tunic#Tobacco,aztec-cardigan#BlackIvory,hard,0.20974855773593704,1,0
Fiona,belle-v-neck-forgiver-tunic#Tobacco,fundamental-sydney-crew#GreyMarle,semi-hard,0.30141688899520375,1,0
Fiona,belle-v-neck-forgiver-tunic#Tobacco,the-sleeveless-cross-over-blouse#Cobalt,random,0.3731097680643447,1,0
Fiona,belle-v-neck-forgiver-tunic#White,st-helens-henley-tee#White,hard,0.22616758479300025,1,0
Fiona,belle-v-neck-forgiver-tunic#White,always-mine-v-neck-knit#Terracotta,semi-hard,0.2868447158466646,1,0
Fiona,belle-v-neck-forgiver-tunic#White,hannah-tee-1#RedWhite,random,0.21510211820709751,1,0
Fiona,birds-tee-1#Navy,cara-tee-4#BlackWhite,hard,0.22329853587392143,1,0
Fiona,birds-tee-1#Navy,belle-half-sleeve-forgiver-tunic#Apricot,semi-hard,0.32248310518504997,1,0
Fiona,birds-tee-1#Navy,first-mix-top-1#BlackWhite,random,0.31850590370892246,1,0
Fiona,chill-out-slouch-top#GreyMarle,york-linen-blend-long-cardigan#BurntOrang,hard,0.2290035749173695,1,0
Fiona,chill-out-slouch-top#GreyMarle,hacienda-tunic-5#PatchGold,semi-hard,0.2959428546196162,1,0
Fiona,chill-out-slouch-top#GreyMarle,belle-twist-front-tee-1#Black,random,0.31317712037983136,1,0
Fiona,chill-out-slouch-top#Mustard,st-helens-henley-tee#Sapphire,hard,0.22616758479300025,1,0
Fiona,chill-out-slouch-top#Mustard,stripe-sweater-2#Blue,semi-hard,0.2884584131279949,1,0
Fiona,chill-out-slouch-top#Mustard,poncho-2#NavySilver,random,0.7071016219669946,1,0
Fiona,cool-breeze-jumper#Dust,mila-knit-cardigan#Black,hard,0.20251504157966538,1,0
Fiona,cool-breeze-jumper#Dust,multi-stripe-jumper#NavyMulti,semi-hard,0.33589775631447477,1,0
Fiona,cool-breeze-jumper#Dust,side-buttoned-sweater#Buttoned,random,0.36603577484820304,1,0
Fiona,cover-up-slouch-cardi#Alloy,the-short-sleeve-wrap-jersey-top#NavyWhite,hard,0.2236328603789013,1,0
Fiona,cover-up-slouch-cardi#Alloy,the-batwing-tee#Sea,semi-hard,0.35201290388553974,1,0
Fiona,cover-up-slouch-cardi#Alloy,silver-dot-tie-sleeve-blouse#SilverDotP,random,0.2423436811439277,1,0
Fiona,cross-my-heart-bamboo-slouch-tee#White,double-layered-top-1#WBlack,hard,0.22203649768876416,1,0
Fiona,cross-my-heart-bamboo-slouch-tee#White,mixed-messages-jumper#MixedStrip,semi-hard,0.3051035716631638,1,0
Fiona,cross-my-heart-bamboo-slouch-tee#White,high-neck-tie-top#Black,random,0.2825695563545282,1,0
Fiona,falling-for-you-cardi#Black,the-short-sleeve-wrap-jersey-top#Blue,hard,0.2236328603789013,1,0
Fiona,falling-for-you-cardi#Black,the-design-fold-tunic-top#PearlBlue,semi-hard,0.3008838669117933,1,0
Fiona,falling-for-you-cardi#Black,robyn-top-1#Roanne,random,0.24726757566460467,1,0
Fiona,falling-for-you-cardi#Dusty,weekend-cardigan#Black,hard,0.21740667036903008,1,0
Fiona,falling-for-you-cardi#Dusty,falling-for-you-cardi-2#WinterRose,semi-hard,0.35911602209944754,1,0
Fiona,falling-for-you-cardi#Dusty,softly-swinging-bamboo-tee#Jewel,random,0.3814159113007637,1,0
Fiona,falling-for-you-cardi#GreyMarle,stara-cardigan#GreyMarle,hard,0.19652462483817443,1,0
Fiona,falling-for-you-cardi#GreyMarle,malibu-cardigan#Navy,semi-hard,0.277242777891234,1,0
Fiona,falling-for-you-cardi#GreyMarle,napoleon-top-1#NemoBlue,random,0.26614501185712397,1,0
Fiona,falling-for-you-cardi#Khaki,eco-78-long-cardigan#DarkGreyM,hard,0.21217049627076334,1,0
Fiona,falling-for-you-cardi#Khaki,layered-tunic-1#Natural,semi-hard,0.2876713046309334,1,0
Fiona,falling-for-you-cardi#Khaki,sugar-snaps-layers-tank#Blue,random,0.41910402614398484,1,0
Fiona,falling-for-you-cardi#Mustard,mila-knit-cardigan#Clay,hard,0.20251504157966538,1,0
Fiona,falling-for-you-cardi#Mustard,marjorie-tie-blouse#BluePrint,semi-hard,0.2780581885218959,1,0
Fiona,falling-for-you-cardi#Mustard,the-cotton-bamboo-ls-top#Black,random,0.3838290963374502,1,0
Fiona,falling-for-you-cardi#Navy,merino-boyfriend-cardigan#MelangeStr,hard,0.22401450936373096,1,0
Fiona,falling-for-you-cardi#Navy,the-batwing-tee#Stone,semi-hard,0.35201290388553974,1,0
Fiona,falling-for-you-cardi#Navy,roll-neck-jumper-3#GreyMarl,random,0.24236611052033316,1,0
Fiona,falling-for-you-cardi#Port,cara-tee-3#ZebraPrint,hard,0.22467975134353468,1,0
Fiona,falling-for-you-cardi#Port,layered-tee-2#Black,semi-hard,0.2759708696342749,1,0
Fiona,falling-for-you-cardi#Port,the-cross-front-spot-blouse#Spot,random,0.5293835576380816,1,0
Fiona,falling-for-you-cardi#Rust,aztec-cardigan#Orange,hard,0.20974855773593704,1,0
Fiona,falling-for-you-cardi#Rust,alberta-stripe-top#IvoryStrip,semi-hard,0.280101956738511,1,0
Fiona,falling-for-you-cardi#Rust,the-frill-detail-blouse#Chambray,random,0.4360635560414482,1,0
Fiona,falling-for-you-cardi#Teal,cara-tee-3#Mustard,hard,0.22467975134353468,1,0
Fiona,falling-for-you-cardi#Teal,heart-spliced-top#Navy,semi-hard,0.32301172353632307,1,0
Fiona,falling-for-you-cardi#Teal,the-half-sleeve-tee#Black,random,0.3238989984334252,1,0
Fiona,fern-print-top#Navy,hannah-tee-1#Black,hard,0.21510211820709751,1,0
Fiona,fern-print-top#Navy,wellington-tee#HeatheGrey,semi-hard,0.3424462058163134,1,0
Fiona,fern-print-top#Navy,sequin-spot-cardi#Grey,random,0.23606588565920833,1,0
Fiona,flow-with-me-slouch-top#Brick,endeavor-long-sleeve-tee#Stripe,hard,0.06930693069306931,1,0
Fiona,flow-with-me-slouch-top#Brick,bertie-top#BlkCherry,semi-hard,0.319410958298438,1,0
Fiona,flow-with-me-slouch-top#Brick,clio-knit-jumper#Black,random,0.4602294084164457,1,0
Fiona,flying-free-top-3#WhiteBird,arlo-cardigan#Navy,hard,0.20510477849876851,1,0
Fiona,flying-free-top-3#WhiteBird,ynes#Black,semi-hard,0.2719306576808944,1,0
Fiona,flying-free-top-3#WhiteBird,the-longline-cardi-1#Nude,random,0.19431821701773452,1,0
Fiona,foil-print-top-2#Navy,hayley-button-down#NavySparro,hard,0.21568904434064928,1,0
Fiona,foil-print-top-2#Navy,print-shirt-1#Blush,semi-hard,0.3427485374771455,1,0
Fiona,foil-print-top-2#Navy,ponte-spot-top#BlackWhite,random,0.3606700676984629,1,0
Fiona,foil-spot-tee-1#Navy,leah-knit-cardigan#Black,hard,0.18374252176222602,1,0
Fiona,foil-spot-tee-1#Navy,layered-tunic-1#PalePink,semi-hard,0.2876713046309334,1,0
Fiona,foil-spot-tee-1#Navy,not-today-buttoned-cardigan#Almond,random,0.3288899814563764,1,0
Fiona,frill-me-tie-throw-on#WhiteBlk,the-cotton-bamboo-tee#DustyPink,hard,0.1423917506429874,1,0
Fiona,frill-me-tie-throw-on#WhiteBlk,celestial-woven-top#White,semi-hard,0.30868459150410466,1,0
Fiona,frill-me-tie-throw-on#WhiteBlk,ally-long-sleeve-tee#CosmosPr,random,0.24846874625789028,1,0
Fiona,hem-frill-stripe-top#Frilled,analia-jersey-top#Black,hard,0.21933663976679293,1,0
Fiona,hem-frill-stripe-top#Frilled,hacienda-tunic-pushkar#Cornflower,semi-hard,0.3353959285674435,1,0
Fiona,hem-frill-stripe-top#Frilled,tab-sleeve-longline-shirt#Silver,random,0.4807057145752893,1,0
Fiona,hem-frill-stripe-top#SoFrilled,leah-knit-cardigan#WhiteBlk,hard,0.18374252176222602,1,0
Fiona,hem-frill-stripe-top#SoFrilled,the-relaxed-long-sleeve-tee#White,semi-hard,0.3431624978495928,1,0
Fiona,hem-frill-stripe-top#SoFrilled,the-everyday-shirt#Rose,random,0.4552325664860158,1,0
Fiona,jade-kimono-sweet-blossoms#Blue,the-longline-cardi-1#GreyMarle,hard,0.19431821701773452,1,0
Fiona,jade-kimono-sweet-blossoms#Blue,the-batwing-tee#Black,semi-hard,0.35201290388553974,1,0
Fiona,jade-kimono-sweet-blossoms#Blue,janet-frill-shirt#White,random,0.2623530245444573,1,0
Fiona,leopard-print-kimono#GoldMulti,colourblock-cardi#NavyRed,hard,0.2009296464319354,1,0
Fiona,leopard-print-kimono#GoldMulti,falling-for-you-tunic#Black,semi-hard,0.3052833366797113,1,0
Fiona,leopard-print-kimono#GoldMulti,butterfly-kisses-tee#Stripe,random,0.453995952081396,1,0
Fiona,lola-bell-sleeve-top-ditsy-daisies#Blue,leary-cardigan#Pine,hard,0.20507329284077516,1,0
Fiona,lola-bell-sleeve-top-ditsy-daisies#Blue,belle-petal-print-top#Petal,semi-hard,0.3444175309438714,1,0
Fiona,lola-bell-sleeve-top-ditsy-daisies#Blue,paint-stroke-top#Strokes,random,0.41401455349179184,1,0
Fiona,lola-bell-sleeve-top-entangled-vines#Gold,analia-jersey-top#Navy,hard,0.21933663976679293,1,0
Fiona,lola-bell-sleeve-top-entangled-vines#Gold,diva-ruffle-jumper#Gold%20Spot,semi-hard,0.3172979305171588,1,0
Fiona,lola-bell-sleeve-top-entangled-vines#Gold,bamboo-layer-tank#Chalk,random,0.3498274363582383,1,0
Fiona,long-sleeve-layer-top#Navy,34-sleeve-shirt-1#SkyWhite,hard,0.20645719754319025,1,0
Fiona,long-sleeve-layer-top#Navy,ruffle-hem-jersey-top#Pink,semi-hard,0.29011625136478203,1,0
Fiona,long-sleeve-layer-top#Navy,softly-swinging-bamboo-tee#Chambray,random,0.3814159113007637,1,0
Fiona,long-sleeve-layer-top#White,forget-me-knot-tunic#ForgetMeK,hard,0.12771486217903966,1,0
Fiona,long-sleeve-layer-top#White,marlow-cardigan#Cream,semi-hard,0.300710785577196,1,0
Fiona,long-sleeve-layer-top#White,geneva-v-neck-top#Olive,random,0.3281848303257433,1,0
Fiona,long-sleeve-ruffle-shirt#Black,manhattan-stretch-tee#White,hard,0.2285692043616061,1,0
Fiona,long-sleeve-ruffle-shirt#Black,the-cotton-cardi#Khaki,semi-hard,0.3546578414747552,1,0
Fiona,long-sleeve-ruffle-shirt#Black,belle-mid-length-knit-cardi#Black,random,0.4233977566726571,1,0
Fiona,long-sleeve-ruffle-shirt#Navy,born-to-run-shirt-jacket#Leopard,hard,0.17678521861256274,1,0
Fiona,long-sleeve-ruffle-shirt#Navy,the-relaxed-long-sleeve-tee#Pink,semi-hard,0.3431624978495928,1,0
Fiona,long-sleeve-ruffle-shirt#Navy,patchwork-tunic#Patchwork,random,0.4450684967318539,1,0
Fiona,long-sleeve-ruffle-shirt#White,wonderland-blouse#Ink,hard,0.2290349765219135,1,0
Fiona,long-sleeve-ruffle-shirt#White,the-crossover-2-way-blouse#Black,semi-hard,0.3195780207374569,1,0
Fiona,long-sleeve-ruffle-shirt#White,the-cross-over-blouse#Sunshine,random,0.3958742770340751,1,0
Fiona,long-sleeve-softly-swinging-bamboo-tee#Black,mila-knit-cardigan#StoneBlack,hard,0.20251504157966538,1,0
Fiona,long-sleeve-softly-swinging-bamboo-tee#Black,the-half-sleeve-tee#White,semi-hard,0.3238989984334252,1,0
Fiona,long-sleeve-softly-swinging-bamboo-tee#Black,driftwood-gathering-blouse#Khaki,random,0.35476724468026916,1,0
Fiona,long-sleeve-softly-swinging-bamboo-tee#BlueJeans,capri-tank-3#Black,hard,0.22624271711485924,1,0
Fiona,long-sleeve-softly-swinging-bamboo-tee#BlueJeans,melbourne-stretch-cardigan#NavyWhtStr,semi-hard,0.2730090586599184,1,0
Fiona,long-sleeve-softly-swinging-bamboo-tee#BlueJeans,the-cotton-bamboo-tank#Moonbeam,random,0.3839941863858686,1,0
Fiona,long-sleeve-softly-swinging-bamboo-tee#Cashew,aida-long-tunic-shirt#AidaStripe,hard,0.2187753265340397,1,0
Fiona,long-sleeve-softly-swinging-bamboo-tee#Cashew,printed-tunic-7#RedCheck,semi-hard,0.360455023634445,1,0
Fiona,long-sleeve-softly-swinging-bamboo-tee#Cashew,pattern-tunic-1#Lattice,random,0.7419085354816402,1,0
Fiona,long-sleeve-softly-swinging-bamboo-tee#Combat,mila-knit-cardigan#InkWhite,hard,0.20251504157966538,1,0
Fiona,long-sleeve-softly-swinging-bamboo-tee#Combat,maui-stretch-tee#White,semi-hard,0.3110829315554577,1,0
Fiona,long-sleeve-softly-swinging-bamboo-tee#Combat,fundamental-sydney-crew#Navy,random,0.30141688899520375,1,0
Fiona,long-sleeve-softly-swinging-bamboo-tee#Copper,the-uneven-hem-knit-1#Sage,hard,0.07121555529046882,1,0
Fiona,long-sleeve-softly-swinging-bamboo-tee#Copper,rika-top#BatikTile,semi-hard,0.2756068747392612,1,0
Fiona,long-sleeve-softly-swinging-bamboo-tee#Copper,nova-lux-solid-v-neck-placket-shirt#CloudDance,random,0.23820003473508794,1,0
Fiona,long-sleeve-softly-swinging-bamboo-tee#DuckEgg,manhattan-stretch-tee#Navy,hard,0.2285692043616061,1,0
Fiona,long-sleeve-softly-swinging-bamboo-tee#DuckEgg,fundamental-sydney-crew#Burgundy,semi-hard,0.30141688899520375,1,0
Fiona,long-sleeve-softly-swinging-bamboo-tee#DuckEgg,rib-tank-2#Navy,random,0.23792072273511222,1,0
Fiona,long-sleeve-softly-swinging-bamboo-tee#Fern,everyday-linen-tunic#BotanicalB,hard,0.1956867857862599,1,0
Fiona,long-sleeve-softly-swinging-bamboo-tee#Fern,the-midi-waterfall-cardi#BlueMarle,semi-hard,0.3556642564053528,1,0
Fiona,long-sleeve-softly-swinging-bamboo-tee#Fern,kimono-top-36#BlueMarle,random,0.427423736848823,1,0
Fiona,long-sleeve-softly-swinging-bamboo-tee#Navy,magnolia-fields-keyhole-blouse#Magnolia,hard,0.2062808257070827,1,0
Fiona,long-sleeve-softly-swinging-bamboo-tee#Navy,monaco-knot-top#ClaySpot,semi-hard,0.2915543906002187,1,0
Fiona,long-sleeve-softly-swinging-bamboo-tee#Navy,lavaux-bell-sleeve#Mustard,random,0.7035916358871055,1,0
Fiona,long-sleeve-softly-swinging-bamboo-tee#Oyster,eco-78-long-cardigan#LightGreyM,hard,0.21217049627076334,1,0
Fiona,long-sleeve-softly-swinging-bamboo-tee#Oyster,ashbury-cardigan#Mocha,semi-hard,0.27868925561090446,1,0
Fiona,long-sleeve-softly-swinging-bamboo-tee#Oyster,the-cross-over-blouse#White,random,0.3958742770340751,1,0
Fiona,long-sleeve-softly-swinging-bamboo-tee#SilverScon,overlay-tunic-3-pce-set#Emerald,hard,0.17449493213577036,1,0
Fiona,long-sleeve-softly-swinging-bamboo-tee#SilverScon,belle-half-sleeve-forgiver-tunic#White,semi-hard,0.32248310518504997,1,0
Fiona,long-sleeve-softly-swinging-bamboo-tee#SilverScon,bora-bora-layered-tank#BoraBora,random,0.4523879298406241,1,0
Fiona,long-sleeve-softly-swinging-bamboo-tee#Smoke,cara-tee-4#White,hard,0.22329853587392143,1,0
Fiona,long-sleeve-softly-swinging-bamboo-tee#Smoke,foil-spot-jumper#SilverDot,semi-hard,0.3002115510701069,1,0
Fiona,long-sleeve-softly-swinging-bamboo-tee#Smoke,the-layered-cross-over-top#Navy,random,0.3818152903100595,1,0
Fiona,long-sleeve-softly-swinging-bamboo-tee#Storm,printed-v-neck-blouse#NavyWhite,hard,0.2220081955551638,1,0
Fiona,long-sleeve-softly-swinging-bamboo-tee#Storm,block-vest#Blockvest,semi-hard,0.31999788443198973,1,0
Fiona,long-sleeve-softly-swinging-bamboo-tee#Storm,border-stripe-knit#WhitePink,random,0.26067675424587167,1,0
Fiona,long-sleeve-softly-swinging-bamboo-tee#TeaRose,daylight-cardi#Silver,hard,0.22741109492349926,1,0
Fiona,long-sleeve-softly-swinging-bamboo-tee#TeaRose,belle-half-sleeve-boat-tee#Black,semi-hard,0.2799746128973313,1,0
Fiona,long-sleeve-softly-swinging-bamboo-tee#TeaRose,lenka-lurex-stripe-blouse#NavyGoldSt,random,0.279127527488415,1,0
Fiona,long-sleeve-softly-swinging-bamboo-tee#White,capri-tank-3#NavyStripe,hard,0.22624271711485924,1,0
Fiona,long-sleeve-softly-swinging-bamboo-tee#White,mauevewood-crew#Charcoal,semi-hard,0.3151539113694774,1,0
Fiona,long-sleeve-softly-swinging-bamboo-tee#White,softly-swinging-bamboo-tee#Cashew,random,0.3814159113007637,1,0
Fiona,long-sleeve-spot-top#Multispot,the-cotton-bamboo-tee#White,hard,0.1423917506429874,1,0
Fiona,long-sleeve-spot-top#Multispot,geneva-v-neck-top#Black,semi-hard,0.3281848303257433,1,0
Fiona,long-sleeve-spot-top#Multispot,the-drape-tee-1#White,random,0.45247516824706735,1,0
Fiona,natural-cosy-sweater#Rosered,the-tie-front-top#Navy,semi-hard,0.29869442976931715,1,0
Fiona,natural-cosy-sweater#Rosered,ivy-cosy-pullover#Blossom,random,0.42502568955181336,1,0
Fiona,natural-cropped-sleeve-knit#Cloudcover,kimono-and-me-cardi#Sand,semi-hard,0.3086088717632533,1,0
Fiona,natural-cropped-sleeve-knit#Cloudcover,the-zip-front-blouse#Khaki,random,0.5253618818581586,1,0
Fiona,natural-detailed-sweater#Tinroof,the-cotton-cardi#Navy,semi-hard,0.3546578414747552,1,0
Fiona,natural-detailed-sweater#Tinroof,the-wrap-jersey-top#JetBlack,random,0.23669795422596243,1,0
Fiona,natural-overlay-knit#Greybloss,bird-print-jumper#Navy,semi-hard,0.27772227225471957,1,0
Fiona,natural-overlay-knit#Greybloss,the-stella-tee#Marine,random,0.4006303750807808,1,0
Fiona,natural-pattern-cocoon-cardigan#Blossom,sequin-cross-2-in-1-top#Navy,semi-hard,0.27492428957188875,1,0
Fiona,natural-pattern-cocoon-cardigan#Blossom,the-long-sleeve-scoop-neck-tee#White,random,0.39182758054811007,1,0
Fiona,natural-waterfall-cardigan#Fallendust,llama-long-sleeve-shirt#Mustard,semi-hard,0.3586208517676636,1,0
Fiona,natural-waterfall-cardigan#Fallendust,milan-stretch-top#SilverMarl,random,0.37752974209813284,1,0
Fiona,nuzuri-longline-cardi#Forest,funnel-neck-knit-jumper#BlueMulti,semi-hard,0.3069885810619154,1,0
Fiona,nuzuri-longline-cardi#Forest,the-daily-cross-over-top#PinkPrint,random,0.47494666593731194,1,0
Fiona,open-plains-kimono-throw-1#Rust,wrap-me-up-bamboo-top#Black,semi-hard,0.32749886248461213,1,0
Fiona,open-plains-kimono-throw-1#Rust,the-flutter-sleeve-top#SnakePrint,random,0.41561564275572405,1,0
Fiona,overlay-top-2#Black,block-sweater#Block,semi-hard,0.28361335119125275,1,0
Fiona,overlay-top-2#Black,sequin-heart-layered-top#Natural,random,0.430522839581117,1,0
Fiona,paige-top#Black,elcos-45-aop-top-jrs#BlackZigZa,semi-hard,0.30367421267014627,1,0
Fiona,paige-top#Black,renee-sweater#Sapphire,random,0.2611821810087784,1,0
Fiona,prairie-romance-blouse#Blush,you-at-my-shoulder-tunic#Black,semi-hard,0.3291121929872545,1,0
Fiona,prairie-romance-blouse#Blush,softly-swinging-bamboo-tee#Copper,random,0.3814159113007637,1,0
Fiona,printed-v-neck-top#Striped,soho-v-neck-blouse#SohoPrint,semi-hard,0.2819828078794034,1,0
Fiona,printed-v-neck-top#Striped,the-asymmetrical-tank-top#Indigo,random,0.4267715145572885,1,0
Fiona,rising-mist-jumper#Nickel,true-love-bell-blouse#Jade,semi-hard,0.3038033560192638,1,0
Fiona,rising-mist-jumper#Nickel,the-cross-over-blouse#Mint,random,0.3958742770340751,1,0
Fiona,roll-with-me-jumper#Chalk,emerald-knit#Emerald,semi-hard,0.2800362001968627,1,0
Fiona,roll-with-me-jumper#Chalk,lurex-stitch-top#White,random,0.39136750969506395,1,0
Fiona,sequin-star-tee#Navy,jade-kimono-kaleidoscope#Blue,semi-hard,0.3629538548378018,1,0
Fiona,sequin-star-tee#Navy,cotton-cashmere-v-neck-knit#Navy,random,0.286873017980265,1,0
Fiona,snug-as-a-bug-jumper#Smoke,ditzy-floral-ruffle-blouse#DitzyFlora,semi-hard,0.2822018349307357,1,0
Fiona,snug-as-a-bug-jumper#Smoke,cuddled-longline-cardigan#Sunflower,random,0.23040013491724798,1,0
Fiona,softly-falling-bamboo-tunic#Copper,layer-top-1#Navy,semi-hard,0.2728203992601883,1,0
Fiona,softly-falling-bamboo-tunic#Copper,millie-top#WhiteBlk,random,0.2297211215438953,1,0
Fiona,softly-falling-bamboo-tunic#White,rory-spliced-zip-hoodie#Silver,semi-hard,0.27517658029821346,1,0
Fiona,softly-falling-bamboo-tunic#White,falling-for-you-tunic#Rust,random,0.3052833366797113,1,0
Fiona,spot-layered-tee#Blue,seeker-knot-front-shirt#Olive,semi-hard,0.28127580900561455,1,0
Fiona,spot-layered-tee#Blue,meredith-78-oversized-pullover-knit#WhiteCapGr,random,0.7634245751673617,1,0
Fiona,square-peg-pullover#SilverMix,hydrangea-kimono#Hydrangea,semi-hard,0.3065477818500082,1,0
Fiona,square-peg-pullover#SilverMix,ava-short-sleeve-linen-tee#Blush,random,0.27153644939146115,1,0
Fiona,starry-night-cardi#Chalk,maui-stretch-tee#NavyWhtStr,semi-hard,0.3110829315554577,1,0
Fiona,starry-night-cardi#Chalk,milan-34-sleeve-1#Melange,random,0.37752974209813284,1,0
Fiona,stud-trim-long-sleeve-top#Mint,runaway-top#SoftMint,semi-hard,0.36402457925350545,1,0
Fiona,stud-trim-long-sleeve-top#Mint,spiced-stripe-tee#NavyWhite,random,0.28277351252688193,1,0
Fiona,sugar-snaps-round-neck-layer-tank#Black,the-panel-hem-top#Khaki,semi-hard,0.3183859938222434,1,0
Fiona,sugar-snaps-round-neck-layer-tank#Black,the-soft-knit-jumper#PinkStripe,random,0.41496635851430447,1,0
Fiona,sugar-snaps-round-neck-layer-tank#DuckEgg,bamboo-layer-tank#Black,semi-hard,0.3498274363582383,1,0
Fiona,sugar-snaps-round-neck-layer-tank#DuckEgg,fundamental-vee-tee#Black,random,0.23921106305386983,1,0
Fiona,sugar-snaps-round-neck-layer-tank#White,wellington-tee#ClaySpot,semi-hard,0.3424462058163134,1,0
Fiona,sugar-snaps-round-neck-layer-tank#White,butterfly-kisses-tee#MustardStr,random,0.453995952081396,1,0
Fiona,sugar-snaps-throw-jacket#Black,natural-cross-back-knit#Lightsmoke,semi-hard,0.357105857114657,1,0
Fiona,sugar-snaps-throw-jacket#Black,fundamental-rib-long-sleeve-tee#White,random,0.2651563169218878,1,0
Fiona,sugar-snaps-throw-jacket#Duckegg,arya-frilled-blouse#Oyster,semi-hard,0.2855642455997088,1,0
Fiona,sugar-snaps-throw-jacket#Duckegg,button-through-animal-shirt#Animal,random,0.2417693143149796,1,0
Fiona,sugar-snaps-throw-jacket#White,layered-sleeve-top#Moss,semi-hard,0.35751402305244173,1,0
Fiona,sugar-snaps-throw-jacket#White,jewel-knit#GreyMarle,random,0.34813438593467916,1,0
Fiona,summer-haze-top#Teal,floral-blouse-2#NavyMulti,semi-hard,0.2729633975787277,1,0
Fiona,summer-haze-top#Teal,love-song-relaxed-blouse#SagePearl,random,0.4451508991995027,1,0
Fiona,sunshine-in-me-tee-1#GreyMarle,knit-hoodie-1#Sage,semi-hard,0.32498336816250384,1,0
Fiona,sunshine-in-me-tee-1#GreyMarle,voyager-stripe-crew#Stripe,random,0.6353591160220995,1,0
Fiona,sunshine-in-me-tee-1#White,the-stripe-pocket-tank#Stripe,semi-hard,0.3326283636817386,1,0
Fiona,sunshine-in-me-tee-1#White,felicity-cardigan#Dewkist,random,0.4540389005285405,1,0
Fiona,the-asymmetrical-hem-sweater#Blush,jordan-top#PearlBlue,semi-hard,0.30725264452448564,1,0
Fiona,the-asymmetrical-hem-sweater#Blush,laurina-stripe-pullover#NightSky,random,0.2530232177500024,1,0
Fiona,the-belle-sleeve-print-top#NavyPrint,the-batwing-tee#FrenchBlue,semi-hard,0.35201290388553974,1,0
Fiona,the-belle-sleeve-print-top#NavyPrint,star-and-spot-sweater#SilverMult,random,0.316136637554659,1,0
Fiona,the-blouson-sleeve-jumper#Grey,belle-two-in-one-top#Charcoal,semi-hard,0.2817255240916432,1,0
Fiona,the-blouson-sleeve-jumper#Grey,juno-cardigan#GreyMarle,random,0.2880099101309116,1,0
Fiona,the-blouson-sleeve-jumper#Navy,the-relaxed-long-sleeve-tee#Khaki,semi-hard,0.3431624978495928,1,0
Fiona,the-blouson-sleeve-jumper#Navy,the-crossover-button-blouse-1#Ornate,random,0.5612931458891746,1,0
Fiona,the-boat-neck-top#Black,mauevewood-crew#YellowWhit,semi-hard,0.3151539113694774,1,0
Fiona,the-boat-neck-top#Black,reversible-scoopv-neck-tank#White,random,0.23082302501353286,1,0
Fiona,the-boat-neck-top#Navy,paradise-cardi#MultiStrip,semi-hard,0.3182468801102766,1,0
Fiona,the-boat-neck-top#Navy,the-long-sleeve-scoop-neck-tee#Black,random,0.39182758054811007,1,0
Fiona,the-boat-neck-top-1#Ink,rosie-bell-sleeve-denim-shirt#Stripe,semi-hard,0.3215234989517723,1,0
Fiona,the-boat-neck-top-1#Ink,selene-cardigan#Ivy,random,0.6230189602517637,1,0
Fiona,the-boat-neck-top-1#NavyWhite,messina-v-neck-tee#Black,semi-hard,0.29091322993364543,1,0
Fiona,the-boat-neck-top-1#NavyWhite,tuck-layer-shirt#White,random,0.6326424894369888,1,0
Fiona,the-box-top#Blush,aigli-top#White,semi-hard,0.27915103570994554,1,0
Fiona,the-box-top#Blush,zara-top#ZebraPrint,random,0.3999472641017737,1,0
Fiona,the-box-top#Khaki,fundamental-split-hoodie#Navy,semi-hard,0.3517445269527749,1,0
Fiona,the-box-top#Khaki,natural-crossover-knit-1#Stormcloud,random,0.23850168011860934,1,0
Fiona,the-cascade-blouse#Auburn,runaway-top#Sand,semi-hard,0.36402457925350545,1,0
Fiona,the-cascade-blouse#Auburn,softly-swinging-bamboo-tee#Starfish,random,0.3814159113007637,1,0
Fiona,the-check-pullover#PinkCheck,faith-jumper#Eventide,semi-hard,0.2771863971297963,1,0
Fiona,the-check-pullover#PinkCheck,reversible-stripe-vee-scoop-neck-tank#BlackWhite,random,0.22991274191740838,1,0
Fiona,the-colour-block-pullover#Sage,softly-swinging-bamboo-singlet#Cashew,semi-hard,0.3508534925741213,1,0
Fiona,the-colour-block-pullover#Sage,the-stripe-tank-1#Hazelnut,random,0.46060097242008613,1,0
Fiona,the-contrast-detail-top#Ivory,linen-v-neck-cami-2#BlueWhite,semi-hard,0.277389045220345,1,0
Fiona,the-contrast-detail-top#Ivory,belle-tie-front-shirt#Black,random,0.5581613072038286,1,0
Fiona,the-contrast-knit-1#Navy,longline-cardigan-2#Pink,semi-hard,0.3000991763841289,1,0
Fiona,the-contrast-knit-1#Navy,oversize-contrast-hood-top#Steel,random,0.5876737388379287,1,0
Fiona,the-contrast-knit-1#Sage,soho-ruffle-jumper#OatmealMar,semi-hard,0.32549834549858964,1,0
Fiona,the-contrast-knit-1#Sage,moonlight-kisses-bamboo-tee#Black,random,0.37182542371749744,1,0
Fiona,the-contrast-trim-knit#BlackWhite,amira-sweater#Cream,semi-hard,0.2846350361501946,1,0
Fiona,the-contrast-trim-knit#BlackWhite,belle-poncho-sleeved-knit#BlueMarle,random,0.5346022252176451,1,0
Fiona,the-cosy-cardigan#Blue,the-relaxed-long-sleeve-tee#Navy,semi-hard,0.3431624978495928,1,0
Fiona,the-cosy-cardigan#Blue,icing-sugar-top#Ivory,random,0.3011542296072984,1,0
Fiona,the-cosy-cardigan#Grey,yvette-blouse#Black,semi-hard,0.35966474594028286,1,0
Fiona,the-cosy-cardigan#Grey,dusk-top#DuskPrint,random,0.24878869619030702,1,0
Fiona,the-cotton-tie-detail-top#Ivory,belle-half-sleeve-forgiver-tunic#Black,semi-hard,0.32248310518504997,1,0
Fiona,the-cotton-tie-detail-top#Ivory,sailaway-blouse#OxfordBlue,random,0.3689047530859722,1,0
Fiona,the-cross-over-poncho#Grey,belle-half-sleeve-forgiver-tunic#MutedClay,semi-hard,0.32248310518504997,1,0
Fiona,the-cross-over-poncho#Grey,art-deco-print-top#NavyWhite,random,0.2623159770315162,1,0
Fiona,the-cross-over-poncho#Navy,the-tie-sleeve-blouse#Grey,semi-hard,0.2876380194650022,1,0
Fiona,the-cross-over-poncho#Navy,maui-stretch-tee#Navy,random,0.3110829315554577,1,0
Fiona,the-cross-over-printed-blouse#Leopard,karmen-top#HighRiskRe,semi-hard,0.3145671686252696,1,0
Fiona,the-cross-over-printed-blouse#Leopard,contrast-stripe-sweater#Pockets,random,0.46588570362293386,1,0
Fiona,the-daily-essential-jumper#Grey,rory-spliced-zip-hoodie#Slate,semi-hard,0.27517658029821346,1,0
Fiona,the-daily-essential-jumper#Grey,sugar-snaps-layers-tank#DeepCobalt,random,0.41910402614398484,1,0
Fiona,the-dobby-sleeve-tee#InkBlue,aigli-top#Navy,semi-hard,0.27915103570994554,1,0
Fiona,the-dobby-sleeve-tee#InkBlue,the-cotton-bamboo-tank#Chambray,random,0.3839941863858686,1,0
Fiona,the-dobby-sleeve-tee#White,the-side-panel-drape-top#OffWhite,semi-hard,0.3289476917905579,1,0
Fiona,the-dobby-sleeve-tee#White,ricki-one-shoulder-top#BlackWhite,random,0.23816258032703996,1,0
Fiona,the-double-layer-top#Black,layered-tee-2#White,semi-hard,0.2759708696342749,1,0
Fiona,the-double-layer-top#Black,belle-flocked-tunic#White,random,0.6221630836161708,1,0
Fiona,the-double-layer-top#White,panelled-stripe-top#NavyWhite,semi-hard,0.28151147434172463,1,0
Fiona,the-double-layer-top#White,cara-tee-2#Blush,random,0.2298516952343805,1,0
Fiona,the-essential-layering-tee#Ink,elcos-top#LightGrey,semi-hard,0.3130634089574634,1,0
Fiona,the-essential-layering-tee#Ink,cara-tee-2#BlackSpot,random,0.2298516952343805,1,0
Fiona,the-essential-layering-tee#White,spliced-lace-panel-tee#White,semi-hard,0.3367102456101964,1,0
Fiona,the-essential-layering-tee#White,the-relaxed-long-sleeve-tee#Black,random,0.3431624978495928,1,0
Fiona,the-essential-pullover#DustyPeach,indi-crosover-front-blouse#MixedStrip,semi-hard,0.28243865456904477,1,0
Fiona,the-essential-pullover#DustyPeach,belle-half-sleeve-forgiver-tunic#BlueBonnet,random,0.32248310518504997,1,0
Fiona,the-essential-pullover#SkyBlue,softly-swinging-bamboo-singlet#BlueJean,semi-hard,0.3508534925741213,1,0
Fiona,the-essential-pullover#SkyBlue,geena-xo-ls-pullover-knit#Allure,random,0.2581009692442029,1,0
Fiona,the-fleck-roll-neck-knit#Oatmeal,luxe-shirt#Black,semi-hard,0.3109389728307445,1,0
Fiona,the-fleck-roll-neck-knit#Oatmeal,softly-swinging-bamboo-tee#Black,random,0.3814159113007637,1,0
Fiona,the-french-cuff-shirt#White,linen-cotton-shirt#White,semi-hard,0.3261825138317831,1,0
Fiona,the-french-cuff-shirt#White,on-the-open-road-maxi-shirt#DarkOchre,random,0.41178871834030123,1,0
Fiona,the-frill-wrap-blouse#Spot,ava-short-sleeve-linen-tee#Navy,semi-hard,0.27153644939146115,1,0
Fiona,the-frill-wrap-blouse#Spot,crossing-the-plains-sweater-1#Indigo,random,0.422963996459554,1,0
Fiona,the-high-low-drape-tee#Grey,in-transit-cardi#Navy,semi-hard,0.3618501910214927,1,0
Fiona,the-high-low-drape-tee#Grey,softly-swinging-bamboo-tee#Storm,random,0.3814159113007637,1,0
Fiona,the-high-low-drape-tee#Sage,henson-jumper#Cream,semi-hard,0.2851344941630467,1,0
Fiona,the-high-low-drape-tee#Sage,belle-tier-tee#Blue,random,0.4919900907287259,1,0
Fiona,the-linen-tie-sleeve-top#GreyMarle,layered-tunic-1#White,semi-hard,0.2876713046309334,1,0
Fiona,the-linen-tie-sleeve-top#GreyMarle,moonlight-kisses-bamboo-tee#Saffron,random,0.37182542371749744,1,0
Fiona,the-longline-waterfall-cardi#Black,the-panel-hem-top#DenimMarle,semi-hard,0.3183859938222434,1,0
Fiona,the-longline-waterfall-cardi#Black,the-excess-shirt#Pearl,random,0.26333974804424576,1,0
Fiona,the-luxe-cotton-tunic#White,always-mine-spliced-cardigan#GreyEmeral,semi-hard,0.28688149543923597,1,0
Fiona,the-luxe-cotton-tunic#White,dream-girl-ruffle-jumper#SoftPink,random,0.27451484134142545,1,0
Fiona,the-luxe-dobby-blouse#White,lucy-rib-oversized-top#WhiteGrey,semi-hard,0.28794661931630217,1,0
Fiona,the-luxe-dobby-blouse#White,layered-top-2#Navy,random,0.233290401123787,1,0
Fiona,the-luxe-long-sleeve-tee#GreyMarle,belle-drape-tee#Sliver,semi-hard,0.36445697598593907,1,0
Fiona,the-luxe-long-sleeve-tee#GreyMarle,chasing-birds-blouse#White,random,0.4518078879711176,1,0
Fiona,the-multi-stripe-cardi#Stripe,kimono-and-me-cardi#DustyPink,semi-hard,0.3086088717632533,1,0
Fiona,the-multi-stripe-cardi#Stripe,curve-hem-cable-knit-sweater-1#Sapphire,random,0.2660314938532047,1,0
Fiona,the-panel-luxe-top#BlkWhite,geneva-v-neck-top#ClaySpot,semi-hard,0.3281848303257433,1,0
Fiona,the-panel-luxe-top#BlkWhite,butterfly-kisses-tee#Green,random,0.453995952081396,1,0
Fiona,the-panel-luxe-top#SilvWhite,messina-v-neck-tee#White,semi-hard,0.29091322993364543,1,0
Fiona,the-panel-luxe-top#SilvWhite,sugar-snaps-layers-tank#DuckEgg,random,0.41910402614398484,1,0
Fiona,the-pirate-in-me-shirt#White,cotton-stripe-cardi-with-pockets#White,semi-hard,0.3456769758890866,1,0
Fiona,the-pirate-in-me-shirt#White,the-drape-tee-1#Stripe,random,0.45247516824706735,1,0
Fiona,the-pleated-sleeve-top#Sage,layered-sleeve-top#DarkBlue,semi-hard,0.35751402305244173,1,0
Fiona,the-pleated-sleeve-top#Sage,freya-fringe-blouse#Navy,random,0.2470998665871177,1,0
Fiona,the-pocket-tee#GreyStripe,belle-half-sleeve-boat-tee#White,semi-hard,0.2799746128973313,1,0
Fiona,the-pocket-tee#GreyStripe,layered-stripe-top#PinkStripe,random,0.37141805007898776,1,0
Fiona,the-pocket-tee#NavyStripe,natural-rolled-neck-tunic#BlueDam,semi-hard,0.29932019384979575,1,0
Fiona,the-pocket-tee#NavyStripe,rose-shirt#BlueIllusi,random,0.2668042850868731,1,0
Fiona,the-printed-side-ring-detail-blouse#Block,to-the-beat-of-the-drum-kimono#Leaf,semi-hard,0.35380663696924586,1,0
Fiona,the-printed-side-ring-detail-blouse#Block,bubbles-print-tee#Cambridge,random,0.23346627866830338,1,0
Fiona,the-relax-blouse#White,still-the-one-ruffle-blouse#Spot,semi-hard,0.276739546069538,1,0
Fiona,the-relax-blouse#White,cross-over-top-with-pocket#NavyMustrd,random,0.3883317355059164,1,0
Fiona,the-relaxed-long-sleeve-tee-1#Ink%20Stripe,wellington-tee#Olive,semi-hard,0.3424462058163134,1,0
Fiona,the-relaxed-long-sleeve-tee-1#Ink%20Stripe,kimberly-spliced-top#Zebraprint,random,0.25462435572672915,1,0
Fiona,the-reversible-cowl-neck-top-1#Black,ember-knit#EmberGlow,semi-hard,0.29853528077152125,1,0
Fiona,the-reversible-cowl-neck-top-1#Black,the-sleeveless-cross-over-blouse#Black,random,0.3731097680643447,1,0
Fiona,the-reversible-cowl-neck-top-1#White,bertie-top#Black,semi-hard,0.319410958298438,1,0
Fiona,the-reversible-cowl-neck-top-1#White,sand-queen-throw-blouse#Fleur,random,0.5034671809056697,1,0
Fiona,the-roll-neck-sleeveless-top-1#Black,2-in-1-layered-top-1#PinkWhite,semi-hard,0.3451147901242202,1,0
Fiona,the-roll-neck-sleeveless-top-1#Black,relaxed-cape#WhiteBlack,random,0.5493029499981217,1,0
Fiona,the-ruffle-sleeve-sweat#KhakiMarle,belle-square-neck-drape-tee#Vanilla,semi-hard,0.34585205540341085,1,0
Fiona,the-ruffle-sleeve-sweat#KhakiMarle,cross-over-top-with-pocket#Emerald,random,0.3883317355059164,1,0
Fiona,the-ruffle-sleeve-top#NavyStripe,ella-funnel-neck-top#Khaki,semi-hard,0.32881091438242105,1,0
Fiona,the-ruffle-sleeve-top#NavyStripe,luxe-shirt#Champagne,random,0.3109389728307445,1,0
Fiona,the-shoulder-tie-top#Black,2-in-1-layered-top-1#NavyWhite,semi-hard,0.3451147901242202,1,0
Fiona,the-shoulder-tie-top#Black,circles-knit#Plum,random,0.2662016161243247,1,0
Fiona,the-shoulder-tie-top#Navy,monaco-knot-top#Olive,semi-hard,0.2915543906002187,1,0
Fiona,the-shoulder-tie-top#Navy,melbourne-stretch-cardigan#Black,random,0.2730090586599184,1,0
Fiona,the-shoulder-tie-top#White,frost-cardigan#Mauvewoo,semi-hard,0.3007647006115949,1,0
Fiona,the-shoulder-tie-top#White,selma-top-1#IndoStripe,random,0.38202573388045635,1,0
Fiona,the-slouch-pocket-tee#Stripe,agra-shirt#White,semi-hard,0.31765286913058466,1,0
Fiona,the-slouch-pocket-tee#Stripe,the-reverse-sleeve-sweater#Navy,random,0.4358280998838085,1,0
Fiona,the-spotted-tunic#GreySpot,malibu-cardigan#Wine,semi-hard,0.277242777891234,1,0
Fiona,the-spotted-tunic#GreySpot,collared-shirt-1#White,random,0.24159343677046324,1,0
Fiona,the-spotted-tunic#NavySpot,first-love-kimono-jacket#Stone,semi-hard,0.3335342229875161,1,0
Fiona,the-spotted-tunic#NavySpot,the-printed-v-neck-tee#White,random,0.5016255602795185,1,0
Fiona,the-stitch-v-neck-knit#DenimMarle,cascade-hood-top#Black,semi-hard,0.34375397671912394,1,0
Fiona,the-stitch-v-neck-knit#DenimMarle,tutti-frutti-drop-shoulder-tee#Orange,random,0.25343157710623593,1,0
Fiona,the-stitch-v-neck-knit#PinkMarle,2-in-1-jumper#Navy,semi-hard,0.3282981348530044,1,0
Fiona,the-stitch-v-neck-knit#PinkMarle,belle-handkerchief-printed-cami#RustFlwrs,random,0.4860792988704448,1,0
Fiona,the-stripe-jersey-top#Blue,wrap-me-up-bamboo-top#BlueJeans,semi-hard,0.32749886248461213,1,0
Fiona,the-stripe-jersey-top#Blue,the-cut-out-shoulder-blouse#Clay,random,0.3841439481416198,1,0
Fiona,the-stripe-jersey-top#Pink,wellington-tee#Black,semi-hard,0.3424462058163134,1,0
Fiona,the-stripe-jersey-top#Pink,the-ultimate-tie-cardi#Black,random,0.31684693743663933,1,0
Fiona,the-textured-spot-top#Pink,niue-neck-tie-shirt#LightBlue,semi-hard,0.2728660593862262,1,0
Fiona,the-textured-spot-top#Pink,fundamental-vee-tee#GreyMarle,random,0.23921106305386983,1,0
Fiona,the-tie-detail-hoody#FrenchBlue,animal-knit-1#Animal,semi-hard,0.31769373056878863,1,0
Fiona,the-tie-detail-hoody#FrenchBlue,coil-print-hi-lo-shirt#White,random,0.4019567614347339,1,0
Fiona,the-tie-detail-hoody#Pink,heartmade-cardi#DustyRose,semi-hard,0.27155499607159966,1,0
Fiona,the-tie-detail-hoody#Pink,the-bell-sleeve-top#BlkStripe,random,0.507123181199169,1,0
Fiona,the-tie-front-tank#Navy,rise-top#Ink,semi-hard,0.2857711145106274,1,0
Fiona,the-tie-front-tank#Navy,clovis-shirt#NavyGold,random,0.2533182725789748,1,0
Fiona,the-tie-front-tank#White,belle-longline-white-shirt#White,semi-hard,0.34615660063093384,1,0
Fiona,the-tie-front-tank#White,floating-by-you-blouse#SeaFleur,random,0.4919373877832724,1,0
Fiona,the-tie-layering-knit#Grey,the-roll-neck-sweater#Natural,semi-hard,0.33806969935523457,1,0
Fiona,the-tie-layering-knit#Grey,capri-tank-6#Olive,random,0.23849508956406035,1,0
Fiona,the-twist-front-top#Grey,daisy-top-1#BrightBlue,semi-hard,0.29731738354182075,1,0
Fiona,the-twist-front-top#Grey,nova-lux-long-sleeve-tie-top-1#NightSky,random,0.252420548787454,1,0
Fiona,the-twist-front-top#Navy,shell-top-3#PapBlue,semi-hard,0.32871646027389945,1,0
Fiona,the-twist-front-top#Navy,kimberly-spliced-top#Black,random,0.25462435572672915,1,0
Fiona,the-v-neck-stripe-top#BlkStripe,tia-boyfriend-shirt#White,semi-hard,0.2834249143421327,1,0
Fiona,the-v-neck-stripe-top#BlkStripe,milan-stretch-top#Navy,random,0.37752974209813284,1,0
Fiona,the-weekender-shirt#DenimStrip,maui-stretch-tee#Black,semi-hard,0.3110829315554577,1,0
Fiona,the-weekender-shirt#DenimStrip,sontana-blouse#Stone,random,0.3741620489564158,1,0
Fiona,the-weekender-shirt#GreyStripe,luxe-shirt#Navy,semi-hard,0.3109389728307445,1,0
Fiona,the-weekender-shirt#GreyStripe,paradising-buttoned-shirt#Wheat,random,0.2520121894312205,1,0
Fiona,the-wrap-jersey-top-1#NavyStripe,lucy-rib-oversized-top#Black,semi-hard,0.28794661931630217,1,0
Fiona,the-wrap-jersey-top-1#NavyStripe,the-wrap-jersey-top#NavyWhite,random,0.23669795422596243,1,0
Fiona,the-zip-front-top#Blue,belle-half-sleeve-forgiver-tunic#FlamPink,semi-hard,0.32248310518504997,1,0
Fiona,the-zip-front-top#Blue,clio-knit-jumper#Clay,random,0.4602294084164457,1,0
Fiona,the-zip-front-top#Rose,snake-print-johnny-collar-top#BeigeSnake,semi-hard,0.30458767929066377,1,0
Fiona,the-zip-front-top#Rose,irena-embroidered-blouse#DustyRose,random,0.26559894716177623,1,0
Fiona,tie-back-bell-sleeve-top-5#Summerbud,melbourne-stretch-cardigan#Navy,semi-hard,0.2730090586599184,1,0
Fiona,tie-back-bell-sleeve-top-5#Summerbud,cherrington-top#GreyRose,random,0.2373431723817711,1,0
Fiona,tracie-top#Black,monaco-knot-top#HeatheGrey,semi-hard,0.2915543906002187,1,0
Fiona,tracie-top#Black,the-relaxed-batwing-top#PeachRose,random,0.5939358913071225,1,0
Fiona,tracie-top#Opal,layla-long-line-kimono#MultiStrip,semi-hard,0.35888210326029285,1,0
Fiona,tracie-top#Opal,the-bonded-cotton-shirt#Pink,random,0.472323341546406,1,0
Fiona,viola-kimono-radiant-floral#Grey,runaway-top#JetBlack,semi-hard,0.36402457925350545,1,0
Fiona,viola-kimono-radiant-floral#Grey,verona-patchwork-top#Patchwork,random,0.25489110842210116,1,0
Fiona,walk-in-the-park-cardi#Sand,nova-lux-long-sleeve-tie-top-1#CloudDance,random,0.252420548787454,1,0
Fiona,weekend-vibes-blouse#Blush,the-sleeveless-cross-over-blouse#Chambray,random,0.3731097680643447,1,0
Gemma,animal-button-up-shirt#KhakiPrint,cara-tee-2#WhiteBlk,hard,0.32249105525069705,1,0
Gemma,animal-button-up-shirt#KhakiPrint,the-soft-knit-jumper#NavyStripe,semi-hard,0.5122175512348923,1,0
Gemma,animal-button-up-shirt#KhakiPrint,roll-neck-jumper-3#GreyMarl,random,0.3227933328082575,1,0
Gemma,animal-knit-1#Animal,meadow-cardigan#Cream,hard,0.3041709752114969,1,0
Gemma,animal-knit-1#Animal,belle-v-neck-forgiver-tunic#BlueMarle,semi-hard,0.536172543875626,1,0
Gemma,animal-knit-1#Animal,natural-textured-poncho#Deeprain,random,0.5681818181818182,1,0
Gemma,art-deco-print-top#NavyWhite,monaco-knot-top#ClaySpot,hard,0.2079208513776883,1,0
Gemma,art-deco-print-top#NavyWhite,on-the-open-road-maxi-shirt#DarkOchre,semi-hard,0.49923403533514404,1,0
Gemma,art-deco-print-top#NavyWhite,belle-v-neck-forgiver-tunic#Black,random,0.536172543875626,1,0
Gemma,billow-top#Black,monaco-knot-top#Black,hard,0.2079208513776883,1,0
Gemma,billow-top#Black,runaway-top#JetBlack,semi-hard,0.529422553977183,1,0
Gemma,billow-top#Black,westward-top#BotanicalD,random,0.36424497860315874,1,0
Gemma,billow-top#Peach,the-cotton-bamboo-tee#DustyPink,hard,0.27679158164950124,1,0
Gemma,billow-top#Peach,the-panel-hem-top#DenimMarle,semi-hard,0.47116403498030757,1,0
Gemma,billow-top#Peach,falling-for-you-top#Blue,random,0.6833573232494157,1,0
Gemma,bo-cosy-cardigan#Blossom,the-short-sleeve-wrap-jersey-top#Blue,hard,0.33242494825131275,1,0
Gemma,bo-cosy-cardigan#Blossom,runaway-top#SoftPink,semi-hard,0.529422553977183,1,0
Gemma,bo-cosy-cardigan#Blossom,ditzy-floral-ruffle-blouse#DitzyFlora,random,0.45373366367988754,1,0
Gemma,bo-cosy-cardigan#Storm,leah-knit-cardigan#WhiteBlk,hard,0.29809212225201753,1,0
Gemma,bo-cosy-cardigan#Storm,2-in-1-layered-top-1#PinkWhite,semi-hard,0.5122186878737148,1,0
Gemma,bo-cosy-cardigan#Storm,diva-ruffle-jumper#Gold%20Spot,random,0.45657697509540585,1,0
Gemma,bubbles-print-tee#Cambridge,long-sleeve-tee-2#NavyWhite,hard,0.2679611017240128,1,0
Gemma,bubbles-print-tee#Cambridge,still-the-one-ruffle-blouse#Spot,semi-hard,0.4466922553977183,1,0
Gemma,bubbles-print-tee#Cambridge,heart-spliced-top#Navy,random,0.5054067174021215,1,0
Gemma,button-through-animal-shirt#Animal,manhattan-stretch-tee#Navy,hard,0.29207118915939867,1,0
Gemma,button-through-animal-shirt#Animal,wellington-tee#HeatheGrey,semi-hard,0.5263362872952563,1,0
Gemma,button-through-animal-shirt#Animal,bertie-top#Black,random,0.38506398259578634,1,0
Gemma,cara-tee-3#Mustard,shirt-in-a-box#Silver,hard,0.2998284183874182,1,0
Gemma,cara-tee-3#Mustard,cross-my-heart-sweater#Regal,semi-hard,0.5463059580111603,1,0
Gemma,cara-tee-3#Mustard,tracie-top#Opal,random,0.6184937678520664,1,0
Gemma,cara-tee-3#ZebraPrint,born-to-run-shirt-jacket#Leopard,hard,0.3268899808142204,1,0
Gemma,cara-tee-3#ZebraPrint,belle-v-neck-forgiver-tunic#Charcoal,semi-hard,0.536172543875626,1,0
Gemma,cara-tee-3#ZebraPrint,multi-stripe-jumper#NavyMulti,random,0.5181323461907182,1,0
Gemma,cara-tee-4#Black,hayley-button-down#NavySparro,hard,0.33320645111072,1,0
Gemma,cara-tee-4#Black,the-sleeve-detail-knit#Ivory,semi-hard,0.5216619122688487,1,0
Gemma,cara-tee-4#Black,belle-half-sleeve-forgiver-tunic#MutedClay,random,0.507121038805157,1,0
Gemma,cara-tee-4#BlackWhite,drapey-stripe-tee#Navy,hard,0.30967307156660895,1,0
Gemma,cara-tee-4#BlackWhite,belle-drape-tee#Sliver,semi-hard,0.5549035944826833,1,0
Gemma,cara-tee-4#BlackWhite,belle-half-sleeve-boat-tee#Black,random,0.4511668349575817,1,0
Gemma,cara-tee-4#White,pure-merino-fine-rib-v-neck#Charcoal,hard,0.03960567896889322,1,0
Gemma,cara-tee-4#White,layered-tee-2#White,semi-hard,0.4488811525661236,1,0
Gemma,cara-tee-4#White,the-essential-layering-tee#White,random,0.598666949988849,1,0
Gemma,chasing-birds-blouse#White,dream-girl-ruffle-jumper#SoftPink,hard,0.2809929743414298,1,0
Gemma,chasing-birds-blouse#White,marjorie-tie-blouse#BluePrint,semi-hard,0.43307885742057306,1,0
Gemma,chasing-birds-blouse#White,sunshine-in-me-tee-1#White,random,0.5267176826064109,1,0
Gemma,driftwood-gathering-blouse#Khaki,the-relax-blouse#White,hard,0.3280083129148561,1,0
Gemma,driftwood-gathering-blouse#Khaki,natural-cross-back-knit#Lightsmoke,semi-hard,0.5218222689320955,1,0
Gemma,driftwood-gathering-blouse#Khaki,belle-polka-dot-blouse#WhiteSpot,random,0.7551594458993421,1,0
Gemma,eco-78-long-cardigan#DarkGreyM,paige-top#Black,hard,0.3013737707379326,1,0
Gemma,eco-78-long-cardigan#DarkGreyM,ruffle-top-4#Terracotta,semi-hard,0.4368070178029432,1,0
Gemma,eco-78-long-cardigan#DarkGreyM,leah-knit-cardigan#Black,random,0.29809212225201753,1,0
Gemma,eco-78-long-cardigan#LightGreyM,merino-boyfriend-cardigan#MelangeStr,hard,0.3184305203112059,1,0
Gemma,eco-78-long-cardigan#LightGreyM,natural-overlay-knit#Greybloss,semi-hard,0.5536219534490169,1,0
Gemma,eco-78-long-cardigan#LightGreyM,viola-kimono-radiant-floral#Grey,random,0.5397727272727273,1,0
Gemma,elcos-45-aop-top-jrs#BlackFlowe,rika-top#BatikTile,hard,0.2590872466355149,1,0
Gemma,elcos-45-aop-top-jrs#BlackFlowe,lola-bell-sleeve-top-entangled-vines#Gold,semi-hard,0.5376551691462144,1,0
Gemma,elcos-45-aop-top-jrs#BlackFlowe,fundamental-stripe-long-sleeve-tee#WhiteBlack,random,0.4002287054049586,1,0
Gemma,elcos-45-aop-top-jrs#BlackZigZa,butterfly-blouse-1#Ivory,hard,0.317094721428797,1,0
Gemma,elcos-45-aop-top-jrs#BlackZigZa,the-excess-shirt#Pearl,semi-hard,0.4408665438686522,1,0
Gemma,elcos-45-aop-top-jrs#BlackZigZa,the-cotton-blend-stripe-jumper#BlueStripe,random,0.500853914871256,1,0
Gemma,ella-funnel-neck-top#Khaki,colourblock-cardi#NavyRed,hard,0.28596004326543034,1,0
Gemma,ella-funnel-neck-top#Khaki,long-sleeve-layer-top#Navy,semi-hard,0.5064533617776772,1,0
Gemma,ella-funnel-neck-top#Khaki,sugar-snaps-throw-jacket#Black,random,0.7317958814772516,1,0
Gemma,falling-flowers-blouse#DustyPink,34-sleeve-shirt-1#SkyWhite,hard,0.2920335493220574,1,0
Gemma,falling-flowers-blouse#DustyPink,the-soft-knit-jumper#PinkStripe,semi-hard,0.5122175512348923,1,0
Gemma,falling-flowers-blouse#DustyPink,snug-as-a-bug-jumper#Smoke,random,0.6526796661912269,1,0
Gemma,falling-for-you-cardi#Black,faith-jumper#Eventide,hard,0.2847790789472065,1,0
Gemma,falling-for-you-cardi#Black,wellington-tee#Olive,semi-hard,0.5263362872952563,1,0
Gemma,falling-for-you-cardi#Black,the-bell-sleeve-top#BlkStripe,random,0.6760175036909142,1,0
Gemma,falling-for-you-cardi#Dusty,monaco-knot-top#Olive,hard,0.2079208513776883,1,0
Gemma,falling-for-you-cardi#Dusty,the-contrast-detail-top#Ivory,semi-hard,0.555422359432475,1,0
Gemma,falling-for-you-cardi#Dusty,the-shoulder-tie-top#White,random,0.676102181146659,1,0
Gemma,falling-for-you-cardi#GreyMarle,magnolia-fields-keyhole-blouse#Magnolia,hard,0.28987456712007786,1,0
Gemma,falling-for-you-cardi#GreyMarle,2-in-1-jumper#Navy,semi-hard,0.5116594030318208,1,0
Gemma,falling-for-you-cardi#GreyMarle,hem-frill-stripe-top#Frilled,random,0.6333092485549132,1,0
Gemma,falling-for-you-cardi#Khaki,manhattan-stretch-tee#White,hard,0.29207118915939867,1,0
Gemma,falling-for-you-cardi#Khaki,butterfly-kisses-tee#MustardStr,semi-hard,0.5585588544403574,1,0
Gemma,falling-for-you-cardi#Khaki,the-layered-cross-over-top#Navy,random,0.5768542869367279,1,0
Gemma,falling-for-you-cardi#Mustard,monaco-knot-top#HeatheGrey,hard,0.2079208513776883,1,0
Gemma,falling-for-you-cardi#Mustard,the-tie-sleeve-blouse#Grey,semi-hard,0.46525551632186,1,0
Gemma,falling-for-you-cardi#Mustard,the-sleeveless-cross-over-blouse#Sunshine,random,0.5626318394207265,1,0
Gemma,falling-for-you-cardi#Navy,manhattan-stretch-tee#NavyWhtStr,hard,0.29207118915939867,1,0
Gemma,falling-for-you-cardi#Navy,the-tie-front-tank#Navy,semi-hard,0.5127395658607162,1,0
Gemma,falling-for-you-cardi#Navy,patchwork-tunic#Patchwork,random,0.6085816880614568,1,0
Gemma,falling-for-you-cardi#Port,the-long-sleeve-v-neck-tee#Navy,hard,0.2872350020592819,1,0
Gemma,falling-for-you-cardi#Port,ava-short-sleeve-linen-tee#Blush,semi-hard,0.4412755787320485,1,0
Gemma,falling-for-you-cardi#Port,fundamental-rib-long-sleeve-tee#White,random,0.4356415647588774,1,0
Gemma,falling-for-you-cardi#Rust,the-long-sleeve-v-neck-tee#White,hard,0.2872350020592819,1,0
Gemma,falling-for-you-cardi#Rust,the-zip-detail-jacket#Grey,semi-hard,0.46392209668943774,1,0
Gemma,falling-for-you-cardi#Rust,the-tie-front-tank#White,random,0.5127395658607162,1,0
Gemma,falling-for-you-cardi#Teal,the-panel-luxe-top#BlkWhite,hard,0.32878569439026184,1,0
Gemma,falling-for-you-cardi#Teal,the-design-fold-tunic-top#PearlBlue,semi-hard,0.46209656500569035,1,0
Gemma,falling-for-you-cardi#Teal,daisy-chain-tassel-blouse#DeepBlue,random,0.69588199343956,1,0
Gemma,floral-blouse-2#NavyMulti,the-short-sleeve-wrap-jersey-top#NavyWhite,hard,0.33242494825131275,1,0
Gemma,floral-blouse-2#NavyMulti,malibu-cardigan#Navy,semi-hard,0.4483455469875208,1,0
Gemma,floral-blouse-2#NavyMulti,summer-haze-top#Teal,random,0.7177093575901973,1,0
Gemma,floral-embroidered-jumper#Navy,aztec-cardigan#BlackIvory,hard,0.31322129988682157,1,0
Gemma,floral-embroidered-jumper#Navy,the-tie-front-top#Black,semi-hard,0.47909828886802264,1,0
Gemma,floral-embroidered-jumper#Navy,the-reverse-sleeve-sweater#Navy,random,0.5918996947176138,1,0
Gemma,floral-nehru-print-shirt#Pink,back-to-you-top#Rust,hard,0.2391501585688073,1,0
Gemma,floral-nehru-print-shirt#Pink,celestial-woven-top#White,semi-hard,0.48912676090137475,1,0
Gemma,floral-nehru-print-shirt#Pink,paisley-top-1#Paisley,random,0.4689501338943441,1,0
Gemma,flow-with-me-slouch-top#Brick,the-cotton-bamboo-tee#BlueJeans,hard,0.27679158164950124,1,0
Gemma,flow-with-me-slouch-top#Brick,belle-v-neck-forgiver-tunic#Tobacco,semi-hard,0.536172543875626,1,0
Gemma,flow-with-me-slouch-top#Brick,malibu-cardigan#Wine,random,0.4483455469875208,1,0
Gemma,foil-2-in-1-spot-top#Charcoal,leary-cardigan#Pine,hard,0.290221406901794,1,0
Gemma,foil-2-in-1-spot-top#Charcoal,wellington-tee#ClaySpot,semi-hard,0.5263362872952563,1,0
Gemma,foil-2-in-1-spot-top#Charcoal,sequin-heart-layered-top#Natural,random,0.6341640159052861,1,0
Gemma,foil-striped-2-in-1-top#Blue,mila-knit-cardigan#Clay,hard,0.27765465330020433,1,0
Gemma,foil-striped-2-in-1-top#Blue,jade-kimono-kaleidoscope#Blue,semi-hard,0.5340520839016528,1,0
Gemma,foil-striped-2-in-1-top#Blue,softly-swinging-bamboo-tee#Blush,random,0.5823127619995216,1,0
Gemma,geena-xo-ls-pullover-knit#Allure,henson-jumper#Cream,hard,0.24817178225924552,1,0
Gemma,geena-xo-ls-pullover-knit#Allure,shell-top-3#PapBlue,semi-hard,0.5178498576859825,1,0
Gemma,geena-xo-ls-pullover-knit#Allure,messina-v-neck-tee#White,random,0.4652769975136838,1,0
Gemma,geena-xo-ls-pullover-knit#WhiteCapGr,the-short-sleeve-wrap-jersey-top#Emerald,hard,0.33242494825131275,1,0
Gemma,geena-xo-ls-pullover-knit#WhiteCapGr,belle-v-neck-forgiver-tunic#Navy,semi-hard,0.536172543875626,1,0
Gemma,geena-xo-ls-pullover-knit#WhiteCapGr,softly-swinging-bamboo-tee#TeaRose,random,0.5823127619995216,1,0
Gemma,holly-rib-long-sleeve-tee#Black,natural-crossover-knit-1#Stormcloud,hard,0.3052238728098081,1,0
Gemma,holly-rib-long-sleeve-tee#Black,clara-blouse#DarkFloral,semi-hard,0.43765368467881965,1,0
Gemma,holly-rib-long-sleeve-tee#Black,skipping-stones-tunic#Forest,random,0.6539486960889642,1,0
Gemma,holly-rib-long-sleeve-tee#Khaki,the-uneven-hem-knit-1#Sage,hard,0.26102394715111477,1,0
Gemma,holly-rib-long-sleeve-tee#Khaki,runaway-top#SoftMint,semi-hard,0.529422553977183,1,0
Gemma,holly-rib-long-sleeve-tee#Khaki,long-sleeve-softly-swinging-bamboo-tee#Combat,random,0.565969784858371,1,0
Gemma,holly-rib-long-sleeve-tee#WhiteGrey,the-short-sleeve-wrap-jersey-top#Black,hard,0.33242494825131275,1,0
Gemma,holly-rib-long-sleeve-tee#WhiteGrey,frill-sleeve-top-1#LeafPrint,semi-hard,0.43244712552758846,1,0
Gemma,holly-rib-long-sleeve-tee#WhiteGrey,the-cotton-bamboo-tank#DuckEgg,random,0.581478637463014,1,0
Gemma,hydrangea-kimono#Hydrangea,mila-knit-cardigan#StoneBlack,hard,0.27765465330020433,1,0
Gemma,hydrangea-kimono#Hydrangea,the-ultimate-tie-cardi#Black,semi-hard,0.5022772075953044,1,0
Gemma,hydrangea-kimono#Hydrangea,bird-jumper#Navy,random,0.43848299174687405,1,0
Gemma,ivy-cosy-pullover#Blossom,cable-knit-sweater#Camel,hard,0.30404919760819743,1,0
Gemma,ivy-cosy-pullover#Blossom,alberta-stripe-top#IvoryStrip,semi-hard,0.4533424937021663,1,0
Gemma,ivy-cosy-pullover#Blossom,analia-jersey-top#Navy,random,0.37507249149110466,1,0
Gemma,ivy-cosy-pullover#Storm,pure-merino-fine-rib-polo#BlackStri,hard,0.20911769103633976,1,0
Gemma,ivy-cosy-pullover#Storm,raspberry-ls-tee#WhiteRaspb,semi-hard,0.44241061173183555,1,0
Gemma,ivy-cosy-pullover#Storm,elina-lace-frill-blouse#Black,random,0.26932361204606065,1,0
Gemma,kimberly-spliced-top#Black,renee-sweater#Sapphire,hard,0.27406023471301116,1,0
Gemma,kimberly-spliced-top#Black,aigli-top#Navy,semi-hard,0.45311396904841894,1,0
Gemma,kimberly-spliced-top#Black,the-v-split-blouse#Salmon,random,0.5864088386949186,1,0
Gemma,kimberly-spliced-top#Zebraprint,the-panel-luxe-top#SilvWhite,hard,0.32878569439026184,1,0
Gemma,kimberly-spliced-top#Zebraprint,daylight-jumper#Silver,semi-hard,0.558420941266163,1,0
Gemma,kimberly-spliced-top#Zebraprint,side-buttoned-sweater#Buttoned,random,0.45431555438780874,1,0
Gemma,layered-sleeve-top#DarkBlue,cara-tee-2#BlackSpot,hard,0.32249105525069705,1,0
Gemma,layered-sleeve-top#DarkBlue,ponte-spot-top#BlackWhite,semi-hard,0.5541117862403871,1,0
Gemma,layered-sleeve-top#DarkBlue,long-sleeve-softly-swinging-bamboo-tee#White,random,0.565969784858371,1,0
Gemma,layered-sleeve-top#Moss,ally-long-sleeve-tee#CosmosPr,hard,0.22739962744226933,1,0
Gemma,layered-sleeve-top#Moss,fundamental-rib-long-sleeve-tee#Black,semi-hard,0.4356415647588774,1,0
Gemma,layered-sleeve-top#Moss,milan-stretch-top#NavyWhtStr,random,0.5676309423306722,1,0
Gemma,longline-gather-back-shirt#Black,high-street-knit#NavyStripe,hard,0.29138391536761665,1,0
Gemma,longline-gather-back-shirt#Black,kimono-and-me-cardi#DustyPink,semi-hard,0.4985838963028506,1,0
Gemma,longline-gather-back-shirt#Black,long-sleeve-softly-swinging-bamboo-tee#Oyster,random,0.565969784858371,1,0
Gemma,love-song-relaxed-blouse#SagePearl,ricki-one-shoulder-top#BlackWhite,hard,0.292013244935992,1,0
Gemma,love-song-relaxed-blouse#SagePearl,marlow-cardigan#Cream,semi-hard,0.4779828641698489,1,0
Gemma,love-song-relaxed-blouse#SagePearl,the-bell-sleeve-top#Grey,random,0.6760175036909142,1,0
Gemma,lucy-rib-oversized-top#Black,aztec-cardigan#Orange,hard,0.31322129988682157,1,0
Gemma,lucy-rib-oversized-top#Black,fern-print-top#Navy,semi-hard,0.48176896877562564,1,0
Gemma,lucy-rib-oversized-top#Black,leopard-print-kimono#GoldMulti,random,0.6105470690511674,1,0
Gemma,lucy-rib-oversized-top#WhiteGrey,manhattan-stretch-tee#Black,hard,0.29207118915939867,1,0
Gemma,lucy-rib-oversized-top#WhiteGrey,the-panel-hem-top#Khaki,semi-hard,0.47116403498030757,1,0
Gemma,lucy-rib-oversized-top#WhiteGrey,block-sweater#Block,random,0.3984455229181255,1,0
Gemma,meredith-78-oversized-pullover-knit#CameoRose,bamboo-layer-tank#Black,hard,0.264301462715717,1,0
Gemma,meredith-78-oversized-pullover-knit#CameoRose,cool-breeze-jumper#Dust,semi-hard,0.534944823962165,1,0
Gemma,meredith-78-oversized-pullover-knit#CameoRose,soho-ruffle-jumper#OatmealMar,random,0.3818535629063441,1,0
Gemma,meredith-78-oversized-pullover-knit#WhiteCapGr,mila-knit-cardigan#InkWhite,hard,0.27765465330020433,1,0
Gemma,meredith-78-oversized-pullover-knit#WhiteCapGr,paradise-top#Red,semi-hard,0.5556176963691414,1,0
Gemma,meredith-78-oversized-pullover-knit#WhiteCapGr,amira-sweater#Cream,random,0.3547562335324109,1,0
Gemma,moonlight-kisses-bamboo-tee#Black,everyday-linen-tunic#BotanicalB,hard,0.28094519448932886,1,0
Gemma,moonlight-kisses-bamboo-tee#Black,the-stripe-pocket-tank#Stripe,semi-hard,0.470088894727623,1,0
Gemma,moonlight-kisses-bamboo-tee#Black,haze-swing-top#OffWhite,random,0.6683726196731977,1,0
Gemma,moonlight-kisses-bamboo-tee#Combat,the-reversible-cowl-neck-top-2#Ocean,hard,0.22930110070052506,1,0
Gemma,moonlight-kisses-bamboo-tee#Combat,wrap-me-up-bamboo-top#Black,semi-hard,0.5080483322585686,1,0
Gemma,moonlight-kisses-bamboo-tee#Combat,sugar-snaps-layers-tank#White,random,0.6202013873591268,1,0
Gemma,moonlight-kisses-bamboo-tee#Saffron,back-to-you-top#BlackMagic,hard,0.2391501585688073,1,0
Gemma,moonlight-kisses-bamboo-tee#Saffron,icing-sugar-top#Ivory,semi-hard,0.4837733638246526,1,0
Gemma,moonlight-kisses-bamboo-tee#Saffron,ashbury-cardigan#Mocha,random,0.37965504362026675,1,0
Gemma,moonlight-kisses-bamboo-tee#White,natural-classic-cardigan#Pebble,hard,0.28473011887088456,1,0
Gemma,moonlight-kisses-bamboo-tee#White,sparkly-star-tee#Blue,semi-hard,0.42964680085226375,1,0
Gemma,moonlight-kisses-bamboo-tee#White,the-cut-out-shoulder-blouse#Silver,random,0.5752896429197007,1,0
Gemma,napoleon-top-1#NemoBlue,analia-top#White,hard,0.26532017013278264,1,0
Gemma,napoleon-top-1#NemoBlue,the-tie-front-top#Navy,semi-hard,0.47909828886802264,1,0
Gemma,napoleon-top-1#NemoBlue,the-drape-tee-1#Navy,random,0.639372797911839,1,0
Gemma,napoleon-top-1#NemoRed,pulkari-emb-top#Pulkari,hard,0.3305655195194899,1,0
Gemma,napoleon-top-1#NemoRed,agra-shirt#White,semi-hard,0.49722013610540566,1,0
Gemma,napoleon-top-1#NemoRed,sugar-snaps-layers-tank#SeaGreen,random,0.6202013873591268,1,0
Gemma,on-the-horizon-swing-top-1#Khaki,the-cotton-bamboo-tee#DuckEgg,hard,0.27679158164950124,1,0
Gemma,on-the-horizon-swing-top-1#Khaki,the-relaxed-long-sleeve-tee#White,semi-hard,0.511994590556374,1,0
Gemma,on-the-horizon-swing-top-1#Khaki,the-side-panel-drape-top#OffWhite,random,0.49126875932642067,1,0
Gemma,placement-print-shirt#WhiteNavy,overlay-tunic-3-pce-set#Emerald,hard,0.24022727170173394,1,0
Gemma,placement-print-shirt#WhiteNavy,the-contrast-panel-top#BlkStripe,semi-hard,0.5440587230688387,1,0
Gemma,placement-print-shirt#WhiteNavy,the-side-ring-detail-blouse-1#Black,random,0.48146926147465097,1,0
Gemma,relaxed-animal-print-blouse#Leopard,the-cotton-bamboo-tee#White,hard,0.27679158164950124,1,0
Gemma,relaxed-animal-print-blouse#Leopard,the-crossover-2-way-blouse#Black,semi-hard,0.47852506396285416,1,0
Gemma,relaxed-animal-print-blouse#Leopard,yvette-blouse#Black,random,0.6591725214676034,1,0
Gemma,relaxed-v-neck-knit#Silver,cuddled-longline-cardigan#Sunflower,hard,0.31902461236684915,1,0
Gemma,relaxed-v-neck-knit#Silver,aigli-top#White,semi-hard,0.45311396904841894,1,0
Gemma,relaxed-v-neck-knit#Silver,melbourne-stretch-cardigan#Navy,random,0.362542600881225,1,0
Gemma,rose-shirt#BlueIllusi,lake-house-top#CoalPrint,hard,0.31656764192328724,1,0
Gemma,rose-shirt#BlueIllusi,foil-spot-jumper#SilverDot,semi-hard,0.44919942083722525,1,0
Gemma,rose-shirt#BlueIllusi,layer-me-bamboo-rouched-sleeve-tee#Fern,random,0.38643440879534885,1,0
Gemma,ruffle-sleeve-top-1#Black,cara-tee-2#Blush,hard,0.32249105525069705,1,0
Gemma,ruffle-sleeve-top-1#Black,the-zip-front-top#Rose,semi-hard,0.5283807488627801,1,0
Gemma,ruffle-sleeve-top-1#Black,mauevewood-crew#Charcoal,random,0.4929176701563701,1,0
Gemma,ryder-cosy-sweater#Blossom,niue-neck-tie-shirt#LightBlue,hard,0.32138207606380165,1,0
Gemma,ryder-cosy-sweater#Blossom,tie-back-bell-sleeve-top-5#Summerbud,semi-hard,0.4726970334342053,1,0
Gemma,ryder-cosy-sweater#Blossom,belle-v-neck-forgiver-tunic#DenimMarl,random,0.536172543875626,1,0
Gemma,sand-queen-throw-blouse#Fleur,glasgow-top#Melange,hard,0.21778967137840208,1,0
Gemma,sand-queen-throw-blouse#Fleur,lola-bell-sleeve-top-ditsy-daisies#Blue,semi-hard,0.5376551691462144,1,0
Gemma,sand-queen-throw-blouse#Fleur,nova-lux-long-sleeve-tie-top#AidaStripe,random,0.36483612608055893,1,0
Gemma,sequin-cross-2-in-1-top#Khaki,cherrington-top#GreyRose,hard,0.32474458828309627,1,0
Gemma,sequin-cross-2-in-1-top#Khaki,the-long-sleeve-scoop-neck-tee#Grey,semi-hard,0.48635378349973724,1,0
Gemma,sequin-cross-2-in-1-top#Khaki,layered-tee-2#Black,random,0.4488811525661236,1,0
Gemma,sequin-cross-2-in-1-top#Navy,high-neck-tie-top#Black,hard,0.26864501815818975,1,0
Gemma,sequin-cross-2-in-1-top#Navy,geneva-v-neck-top#Black,semi-hard,0.5095110902789999,1,0
Gemma,sequin-cross-2-in-1-top#Navy,the-oversize-knit#GreyMarle,random,0.8330760641093011,1,0
Gemma,sequin-spot-shirt#Blue,ynes#Black,hard,0.32329506868648583,1,0
Gemma,sequin-spot-shirt#Blue,sailaway-blouse#OxfordBlue,semi-hard,0.5123351600230213,1,0
Gemma,sequin-spot-shirt#Blue,belle-flocked-tunic#White,random,0.86485330513717,1,0
Gemma,snake-print-johnny-collar-top#BeigeSnake,endeavor-long-sleeve-tee#Stripe,hard,0.24855491329479767,1,0
Gemma,snake-print-johnny-collar-top#BeigeSnake,janet-frill-shirt#White,semi-hard,0.43258623858216394,1,0
Gemma,snake-print-johnny-collar-top#BeigeSnake,the-blouson-sleeve-jumper#Navy,random,0.5986212246327853,1,0
Gemma,spliced-lace-panel-tee#White,vivid-dreams-blouse#Dusty%20Rose,hard,0.30578551810014426,1,0
Gemma,spliced-lace-panel-tee#White,elcos-top#LightGrey,semi-hard,0.43140288347664213,1,0
Gemma,spliced-lace-panel-tee#White,the-stitch-v-neck-knit#PinkMarle,random,0.7144696873980015,1,0
Gemma,stripe-sweater-2#Blue,mila-knit-cardigan#Black,hard,0.27765465330020433,1,0
Gemma,stripe-sweater-2#Blue,belle-square-neck-drape-tee#Vanilla,semi-hard,0.5295276281174841,1,0
Gemma,stripe-sweater-2#Blue,frill-blouse#Rust,random,0.45918078474638224,1,0
Gemma,tab-sleeve-longline-shirt#Navy,the-long-sleeve-v-neck-tee#Black,hard,0.2872350020592819,1,0
Gemma,tab-sleeve-longline-shirt#Navy,soft-and-true-tunic#Pine,semi-hard,0.5221288759725697,1,0
Gemma,tab-sleeve-longline-shirt#Navy,the-stripe-tank-1#Hazelnut,random,0.6602262318054035,1,0
Gemma,tab-sleeve-longline-shirt#Pink,bamboo-layer-tank#Chalk,hard,0.264301462715717,1,0
Gemma,tab-sleeve-longline-shirt#Pink,sequin-star-tee#Navy,semi-hard,0.5014008731642343,1,0
Gemma,tab-sleeve-longline-shirt#Pink,lavaux-bell-sleeve#Mustard,random,0.957917281220785,1,0
Gemma,tab-sleeve-longline-shirt#Silver,forget-me-knot-tunic#ForgetMeK,hard,0.17061378727166893,1,0
Gemma,tab-sleeve-longline-shirt#Silver,ember-knit#EmberGlow,semi-hard,0.47484344894026975,1,0
Gemma,tab-sleeve-longline-shirt#Silver,long-sleeve-softly-swinging-bamboo-tee#Fern,random,0.565969784858371,1,0
Gemma,triangle-detail-long-sleeve-tee#Bordeaux,the-cape-jersey-top#DarkNavy,semi-hard,0.43816540674098947,1,0
Gemma,triangle-detail-long-sleeve-tee#Bordeaux,waterfall-cardi-1#Navy,random,0.42865861859720245,1,0
Gemma,triangle-detail-long-sleeve-tee#Navy,sunshine-in-me-tee-1#GreyMarle,semi-hard,0.5267176826064109,1,0
Gemma,triangle-detail-long-sleeve-tee#Navy,foil-spot-tee-1#Navy,random,0.4355261942091517,1,0
Gemma,tuck-layer-shirt#White,rosie-bell-sleeve-denim-shirt#Stripe,semi-hard,0.44498848935265123,1,0
Gemma,tuck-layer-shirt#White,sugar-snaps-layers-tank#Blue,random,0.6202013873591268,1,0
Gemma,under-the-stars-blouse#Petal,belle-drape-tee#Black,semi-hard,0.5549035944826833,1,0
Gemma,under-the-stars-blouse#Petal,the-swing-tank-top#Rose,random,0.7159297914095129,1,0
Gemma,wonderlust-tee#BurntOran,daisy-top-1#BrightBlue,semi-hard,0.4744116945469641,1,0
Gemma,wonderlust-tee#BurntOran,weekend-vibes-blouse#Blush,random,0.7138947058303521,1,0
Gemma,you-at-my-shoulder-tunic#Black,belle-half-sleeve-forgiver-tunic#BlueBonnet,semi-hard,0.507121038805157,1,0
Gemma,you-at-my-shoulder-tunic#Black,the-cross-over-top#GreyStripe,random,0.6758629857618296,1,0
Georgia,aldis-blouse#Pearl,cable-knit-sweater#Camel,hard,0.37799073682808093,1,0
Georgia,aldis-blouse#Pearl,the-asymmetrical-hem-sweater#Blush,semi-hard,0.5825009043706261,1,0
Georgia,aldis-blouse#Pearl,wellington-tee#HeatheGrey,random,0.6184956846372123,1,0
Georgia,arizona-off-the-shoulder-top#Khaki,endeavor-long-sleeve-tee#Stripe,hard,0.3333333333333333,1,0
Georgia,arizona-off-the-shoulder-top#Khaki,fundamental-rib-long-sleeve-tee#White,semi-hard,0.5206079858657338,1,0
Georgia,arizona-off-the-shoulder-top#Khaki,fundamental-split-hoodie#Pink,random,0.5684887488624861,1,0
Georgia,baobab-sweater#Bark,geena-xo-ls-pullover-knit#WhiteCapGr,hard,0.3911785707167444,1,0
Georgia,baobab-sweater#Bark,2-in-1-layered-top-1#NavyWhite,semi-hard,0.5534658474292754,1,0
Georgia,baobab-sweater#Bark,floral-blouse-2#NavyMulti,random,0.5317150672716642,1,0
Georgia,batty-about-you-cotton-tee#BlkWhite,manhattan-stretch-tee#NavyWhtStr,hard,0.3637192332845488,1,0
Georgia,batty-about-you-cotton-tee#BlkWhite,luxe-shirt#Champagne,semi-hard,0.5099078221939352,1,0
Georgia,batty-about-you-cotton-tee#BlkWhite,double-layered-top-1#WBlack,random,0.41632733873721817,1,0
Georgia,be-mine-top-1#Sage,dream-girl-ruffle-jumper#SoftPink,hard,0.3374623665665962,1,0
Georgia,be-mine-top-1#Sage,lola-bell-sleeve-top-entangled-vines#Gold,semi-hard,0.5808578057384697,1,0
Georgia,be-mine-top-1#Sage,the-bonded-cotton-tunic-dress#Navy,random,0.7584967621235269,1,0
Georgia,blue-waters-cotton-blouse#White,monaco-knot-top#HeatheGrey,hard,0.2524527828909887,1,0
Georgia,blue-waters-cotton-blouse#White,boho-embroidered-top#BohoDenim,semi-hard,0.5095201567525218,1,0
Georgia,blue-waters-cotton-blouse#White,the-cosy-cardigan#Blue,random,0.6097676107480029,1,0
Georgia,butterfly-kisses-tee#Green,high-street-knit#NavyStripe,hard,0.3647293315585241,1,0
Georgia,butterfly-kisses-tee#Green,geneva-v-neck-top#Black,semi-hard,0.6021934772148765,1,0
Georgia,butterfly-kisses-tee#Green,belle-half-sleeve-boat-tee#White,random,0.5357107055589063,1,0
Georgia,butterfly-kisses-tee#MustardStr,holly-rib-long-sleeve-tee#Black,hard,0.2807298461568919,1,0
Georgia,butterfly-kisses-tee#MustardStr,clara-blouse#DarkFloral,semi-hard,0.5218584652501634,1,0
Georgia,butterfly-kisses-tee#MustardStr,jasmine-singlet#White,random,0.6980202041726209,1,0
Georgia,butterfly-kisses-tee#Stripe,the-long-sleeve-v-neck-tee#White,hard,0.35861655639654333,1,0
Georgia,butterfly-kisses-tee#Stripe,belle-half-sleeve-boat-tee#Black,semi-hard,0.5357107055589063,1,0
Georgia,butterfly-kisses-tee#Stripe,the-contrast-detail-top#Ivory,random,0.599527959331881,1,0
Georgia,chill-out-slouch-top#GreyMarle,back-to-you-top#Rust,hard,0.29972971212321253,1,0
Georgia,chill-out-slouch-top#GreyMarle,messina-v-neck-tee#White,semi-hard,0.5534668172338418,1,0
Georgia,chill-out-slouch-top#GreyMarle,off-shoulder-top-2#FloraLace,random,0.5795570079883805,1,0
Georgia,chill-out-slouch-top#Mustard,holly-rib-long-sleeve-tee#WhiteGrey,hard,0.2807298461568919,1,0
Georgia,chill-out-slouch-top#Mustard,rose-shirt#BlueIllusi,semi-hard,0.5167234035779501,1,0
Georgia,chill-out-slouch-top#Mustard,fundamental-split-hoodie-1#Khaki,random,0.7229848564682554,1,0
Georgia,cooks-shirt#Stripes,the-cotton-bamboo-tee#BlueJeans,hard,0.34955038857059234,1,0
Georgia,cooks-shirt#Stripes,circles-knit#Plum,semi-hard,0.5049325865436874,1,0
Georgia,cooks-shirt#Stripes,belle-off-the-shoulder-tee#Stripe,random,0.6167951256418601,1,0
Georgia,cotton-candy-side-split-top#IceBlue,mila-knit-cardigan#Clay,hard,0.3528729557355781,1,0
Georgia,cotton-candy-side-split-top#IceBlue,mauevewood-crew#YellowWhit,semi-hard,0.5836780955125069,1,0
Georgia,cotton-candy-side-split-top#IceBlue,bubbles-print-tee#Cambridge,random,0.42681545408323174,1,0
Georgia,cover-up-slouch-cardi#Alloy,stara-cardigan#GreyMarle,hard,0.3739699014576006,1,0
Georgia,cover-up-slouch-cardi#Alloy,the-cotton-bamboo-ls-top#Black,semi-hard,0.6009527850535415,1,0
Georgia,cover-up-slouch-cardi#Alloy,the-cross-over-top#GreyStripe,random,0.8016107718132791,1,0
Georgia,cross-my-heart-bamboo-slouch-tee#White,holly-rib-long-sleeve-tee#Khaki,hard,0.2807298461568919,1,0
Georgia,cross-my-heart-bamboo-slouch-tee#White,frill-blouse#Rust,semi-hard,0.546739115749586,1,0
Georgia,cross-my-heart-bamboo-slouch-tee#White,tia-boyfriend-shirt#White,random,0.5170610761513286,1,0
Georgia,cross-my-heart-sweater#Regal,striped-cardigan-3#Rainbow,hard,0.3822373449310366,1,0
Georgia,cross-my-heart-sweater#Regal,belle-half-sleeve-forgiver-tunic#FlamPink,semi-hard,0.5990776891041989,1,0
Georgia,cross-my-heart-sweater#Regal,yvette-blouse#Black,random,0.8047522564008105,1,0
Georgia,crossing-the-plains-sweater-1#Indigo,natural-crossover-knit-1#Stormcloud,hard,0.37663961179458927,1,0
Georgia,crossing-the-plains-sweater-1#Indigo,cotton-cashmere-v-neck-knit#Navy,semi-hard,0.5472955461357435,1,0
Georgia,crossing-the-plains-sweater-1#Indigo,high-neck-tie-top#Black,random,0.3115632273116228,1,0
Georgia,cyrus-top#LightRose,pure-merino-fine-rib-polo#BlackStri,hard,0.26462845850701194,1,0
Georgia,cyrus-top#LightRose,bo-cosy-cardigan#Blossom,semi-hard,0.5181465884348733,1,0
Georgia,cyrus-top#LightRose,ruffle-top-4#Terracotta,random,0.5220508945410437,1,0
Georgia,daisy-chain-tassel-blouse#DeepBlue,mila-knit-cardigan#InkWhite,hard,0.3528729557355781,1,0
Georgia,daisy-chain-tassel-blouse#DeepBlue,jade-kimono-kaleidoscope#Blue,semi-hard,0.5790966629403878,1,0
Georgia,daisy-chain-tassel-blouse#DeepBlue,rib-tank-2#White,random,0.468550037166924,1,0
Georgia,dusk-top#DuskPrint,cara-tee-2#WhiteBlk,hard,0.35562001746183286,1,0
Georgia,dusk-top#DuskPrint,spliced-lace-panel-tee#White,semi-hard,0.5444017418314253,1,0
Georgia,dusk-top#DuskPrint,sequin-spot-cardi#Grey,random,0.44786374459869016,1,0
Georgia,falling-flowers-cardi#GreyMarle,overlay-tunic-3-pce-set#Emerald,hard,0.312104752804842,1,0
Georgia,falling-flowers-cardi#GreyMarle,the-weekender-shirt#DenimStrip,semi-hard,0.5984678737634602,1,0
Georgia,falling-flowers-cardi#GreyMarle,marlow-cardigan#Cream,random,0.5675720026384035,1,0
Georgia,falling-for-you-cardi#Black,colourblock-cardi#NavyRed,hard,0.3614321097342562,1,0
Georgia,falling-for-you-cardi#Black,malibu-cardigan#Wine,semi-hard,0.5326605899381371,1,0
Georgia,falling-for-you-cardi#Black,hannah-tee-1#RedWhite,random,0.4215844519861798,1,0
Georgia,falling-for-you-cardi#Dusty,ynes#Black,hard,0.3204573283984326,1,0
Georgia,falling-for-you-cardi#Dusty,the-dobby-sleeve-tee#InkBlue,semi-hard,0.5926573264900356,1,0
Georgia,falling-for-you-cardi#Dusty,the-ruffle-sleeve-sweat#KhakiMarle,random,0.7944771837089419,1,0
Georgia,falling-for-you-cardi#GreyMarle,mila-knit-cardigan#Black,hard,0.3528729557355781,1,0
Georgia,falling-for-you-cardi#GreyMarle,the-tie-front-top#Black,semi-hard,0.5636603862122951,1,0
Georgia,falling-for-you-cardi#GreyMarle,fundamental-rib-long-sleeve-tee#Black,random,0.5206079858657338,1,0
Georgia,falling-for-you-cardi#Khaki,meadow-cardigan#Cream,hard,0.38199905280191254,1,0
Georgia,falling-for-you-cardi#Khaki,heartmade-sweater#Rust,semi-hard,0.5528225883223313,1,0
Georgia,falling-for-you-cardi#Khaki,placement-print-shirt#WhiteNavy,random,0.6522821006314699,1,0
Georgia,falling-for-you-cardi#Mustard,cara-tee-2#Blush,hard,0.35562001746183286,1,0
Georgia,falling-for-you-cardi#Mustard,the-relaxed-long-sleeve-tee#White,semi-hard,0.5533070045884909,1,0
Georgia,falling-for-you-cardi#Mustard,belle-mesh-cardi#Black,random,0.9827589080562401,1,0
Georgia,falling-for-you-cardi#Navy,mila-knit-cardigan#StoneBlack,hard,0.3528729557355781,1,0
Georgia,falling-for-you-cardi#Navy,the-printed-side-ring-detail-blouse#Block,semi-hard,0.5678760363699453,1,0
Georgia,falling-for-you-cardi#Navy,spiced-stripe-tee#NavyWhite,random,0.544158803558126,1,0
Georgia,falling-for-you-cardi#Port,natural-classic-cardigan#Pebble,hard,0.3170027117519223,1,0
Georgia,falling-for-you-cardi#Port,oregon-safari-embroidered-top#White,semi-hard,0.5071525828972222,1,0
Georgia,falling-for-you-cardi#Port,panelled-stripe-top#NavyWhite,random,0.5434355065917951,1,0
Georgia,falling-for-you-cardi#Rust,the-long-sleeve-v-neck-tee#Black,hard,0.35861655639654333,1,0
Georgia,falling-for-you-cardi#Rust,the-cross-over-poncho#Navy,semi-hard,0.4995104493432283,1,0
Georgia,falling-for-you-cardi#Rust,never-ending-winter-knit-top#DeluxeGree,random,0.8917124347538896,1,0
Georgia,falling-for-you-cardi#Teal,elina-lace-frill-blouse#Black,hard,0.339029443667932,1,0
Georgia,falling-for-you-cardi#Teal,printed-v-neck-top#Striped,semi-hard,0.6042631895316041,1,0
Georgia,falling-for-you-cardi#Teal,clio-knit-jumper#InkWhite,random,0.7287708688008699,1,0
Georgia,falling-for-you-cardi-1#GreyGarden,monaco-knot-top#ClaySpot,hard,0.2524527828909887,1,0
Georgia,falling-for-you-cardi-1#GreyGarden,the-bamboo-tunic-dress#Khaki,semi-hard,0.5364995824935606,1,0
Georgia,falling-for-you-cardi-1#GreyGarden,reversible-scoopv-neck-tank#White,random,0.4274652365192818,1,0
Georgia,falling-for-you-cardi-2#WinterRose,leah-knit-cardigan#WhiteBlk,hard,0.37387427761264347,1,0
Georgia,falling-for-you-cardi-2#WinterRose,always-mine-v-neck-knit#Terracotta,semi-hard,0.5295962650083945,1,0
Georgia,falling-for-you-cardi-2#WinterRose,longline-cardigan-2#Pink,random,0.5015821726110335,1,0
Georgia,falling-for-you-top#Blue,eco-78-long-cardigan#DarkGreyM,hard,0.367171005170998,1,0
Georgia,falling-for-you-top#Blue,the-stripe-jersey-top#Pink,semi-hard,0.5628056472856909,1,0
Georgia,falling-for-you-top#Blue,glasgow-top#Melange,random,0.2828549220524596,1,0
Georgia,falling-for-you-tunic#Black,monaco-knot-top#Black,hard,0.2524527828909887,1,0
Georgia,falling-for-you-tunic#Black,the-cotton-cardi#Khaki,semi-hard,0.4930646332607117,1,0
Georgia,falling-for-you-tunic#Black,multi-pattern-print-top#NavyMulti,random,0.4327223497682434,1,0
Georgia,falling-for-you-tunic#Rust,the-cotton-bamboo-tee#DuckEgg,hard,0.34955038857059234,1,0
Georgia,falling-for-you-tunic#Rust,ryder-cosy-sweater#Blossom,semi-hard,0.5376986143031058,1,0
Georgia,falling-for-you-tunic#Rust,bird-jumper#Navy,random,0.5230631096642965,1,0
Georgia,first-love-kimono-jacket#Stone,lake-house-top#CoalPrint,hard,0.38590434208926405,1,0
Georgia,first-love-kimono-jacket#Stone,always-mine-spliced-cardigan#GreyEmeral,semi-hard,0.5537604974655996,1,0
Georgia,first-love-kimono-jacket#Stone,cross-over-top-with-pocket#BlackWhite,random,0.6800905008244676,1,0
Georgia,floating-by-you-blouse#SeaFleur,henson-jumper#Cream,hard,0.2852135569849806,1,0
Georgia,floating-by-you-blouse#SeaFleur,natural-waterfall-cardigan#Fallendust,semi-hard,0.5176470588235295,1,0
Georgia,floating-by-you-blouse#SeaFleur,spliced-stripe-tunic#Navy,random,0.4814788061585399,1,0
Georgia,flow-with-me-slouch-top#Brick,long-sleeve-tee-2#NavyWhite,hard,0.3370055618626294,1,0
Georgia,flow-with-me-slouch-top#Brick,celestial-woven-top#White,semi-hard,0.5775058044475371,1,0
Georgia,flow-with-me-slouch-top#Brick,shirt-in-a-box#Silver,random,0.3744227522572034,1,0
Georgia,flying-free-top-3#WhiteBird,paige-top#Black,hard,0.23600763519332038,1,0
Georgia,flying-free-top-3#WhiteBird,fundamental-sydney-crew#Navy,semi-hard,0.5663673582242705,1,0
Georgia,flying-free-top-3#WhiteBird,melbourne-stretch-cardigan#NavyWhtStr,random,0.44003253593995395,1,0
Georgia,for-the-frill-top#Ivory,aztec-cardigan#Orange,hard,0.38776086572380253,1,0
Georgia,for-the-frill-top#Ivory,overlay-top-2#Black,semi-hard,0.492224474844139,1,0
Georgia,for-the-frill-top#Ivory,2-in-1-layered-knit-top#Navy,random,0.6579831402485884,1,0
Georgia,frill-me-tie-throw-on#WhiteBlk,renee-sweater#Sapphire,hard,0.34481373933499226,1,0
Georgia,frill-me-tie-throw-on#WhiteBlk,mauevewood-crew#Charcoal,semi-hard,0.5836780955125069,1,0
Georgia,frill-me-tie-throw-on#WhiteBlk,the-zip-front-blouse#Khaki,random,0.8254969423511157,1,0
Georgia,ines-top#NavyStrip,the-boat-neck-top#Black,hard,0.3415271853609539,1,0
Georgia,ines-top#NavyStrip,ember-knit#EmberGlow,semi-hard,0.5626788904847191,1,0
Georgia,ines-top#NavyStrip,tracie-top#Opal,random,0.7189949634370301,1,0
Georgia,kimono-and-me-cardi#DustyPink,everyday-linen-tunic#BotanicalB,hard,0.35337928066719343,1,0
Georgia,kimono-and-me-cardi#DustyPink,belle-two-in-one-top#Charcoal,semi-hard,0.5477054959025422,1,0
Georgia,kimono-and-me-cardi#DustyPink,bird-print-jumper#Navy,random,0.5350202448375296,1,0
Georgia,kimono-and-me-cardi#Sand,34-sleeve-shirt-1#SkyWhite,hard,0.3654329047064682,1,0
Georgia,kimono-and-me-cardi#Sand,shell-top-3#PapBlue,semi-hard,0.6068968253681613,1,0
Georgia,kimono-and-me-cardi#Sand,capri-tank-6#ClaySpot,random,0.4851134831861973,1,0
Georgia,layer-me-bamboo-rouched-sleeve-tee#Black,rika-top#BatikTile,hard,0.32943039498601673,1,0
Georgia,layer-me-bamboo-rouched-sleeve-tee#Black,frost-cardigan#Mauvewoo,semi-hard,0.5739879253312016,1,0
Georgia,layer-me-bamboo-rouched-sleeve-tee#Black,aigli-top#White,random,0.5345702622070638,1,0
Georgia,layer-me-bamboo-rouched-sleeve-tee#Copper,the-reversible-cowl-neck-top-2#Ocean,hard,0.29505535778230707,1,0
Georgia,layer-me-bamboo-rouched-sleeve-tee#Copper,lilly-layer-stripe-tank#NavyWhite,semi-hard,0.49745759379046844,1,0
Georgia,layer-me-bamboo-rouched-sleeve-tee#Copper,the-crossover-2-way-blouse#Black,random,0.5194530801639563,1,0
Georgia,layer-me-bamboo-rouched-sleeve-tee#Fern,magnolia-fields-keyhole-blouse#Magnolia,hard,0.35735764974484774,1,0
Georgia,layer-me-bamboo-rouched-sleeve-tee#Fern,the-long-sleeve-scoop-neck-tee#Grey,semi-hard,0.5263253449527959,1,0
Georgia,layer-me-bamboo-rouched-sleeve-tee#Fern,foil-2-in-1-spot-top#Charcoal,random,0.6875124051380648,1,0
Georgia,layer-me-bamboo-rouched-sleeve-tee#White,the-cotton-bamboo-tee#DustyPink,hard,0.34955038857059234,1,0
Georgia,layer-me-bamboo-rouched-sleeve-tee#White,raspberry-ls-tee#WhiteRaspb,semi-hard,0.5288031387691348,1,0
Georgia,layer-me-bamboo-rouched-sleeve-tee#White,the-half-sleeve-tee#White,random,0.4692722941014614,1,0
Georgia,layer-me-cotton-candy-top#Cream,the-cotton-bamboo-tee#White,hard,0.34955038857059234,1,0
Georgia,layer-me-cotton-candy-top#Cream,the-ruffle-sleeve-top#NavyStripe,semi-hard,0.5603814948090486,1,0
Georgia,layer-me-cotton-candy-top#Cream,the-essential-layering-tee#Ink,random,0.6458027683260847,1,0
Georgia,lazy-daze-tee#Khaki,ricki-one-shoulder-top#BlackWhite,hard,0.3642725268545573,1,0
Georgia,lazy-daze-tee#Khaki,layered-tee-2#Black,semi-hard,0.5350463559894394,1,0
Georgia,lazy-daze-tee#Khaki,natural-tie-tunic#BlueSky,random,0.4764839514733873,1,0
Georgia,long-sleeve-softly-swinging-bamboo-tee#Black,the-relax-blouse#White,hard,0.3893862849301868,1,0
Georgia,long-sleeve-softly-swinging-bamboo-tee#Black,the-contrast-panel-top#BlkStripe,semi-hard,0.587763253449528,1,0
Georgia,long-sleeve-softly-swinging-bamboo-tee#Black,the-spotted-tunic#GreySpot,random,0.8237719130685914,1,0
Georgia,long-sleeve-softly-swinging-bamboo-tee#BlueJeans,manhattan-stretch-tee#Black,hard,0.3637192332845488,1,0
Georgia,long-sleeve-softly-swinging-bamboo-tee#BlueJeans,paradise-cardi#MultiStrip,semi-hard,0.596361778169445,1,0
Georgia,long-sleeve-softly-swinging-bamboo-tee#BlueJeans,bodega-knit#Moss,random,0.9205235025113926,1,0
Georgia,long-sleeve-softly-swinging-bamboo-tee#Cashew,back-to-you-top#BlackMagic,hard,0.29972971212321253,1,0
Georgia,long-sleeve-softly-swinging-bamboo-tee#Cashew,belle-half-sleeve-forgiver-tunic#MutedClay,semi-hard,0.5990776891041989,1,0
Georgia,long-sleeve-softly-swinging-bamboo-tee#Cashew,belle-v-neck-forgiver-tunic#BlueMarle,random,0.6304318018045856,1,0
Georgia,long-sleeve-softly-swinging-bamboo-tee#Combat,drapey-stripe-tee#Navy,hard,0.3844263833392659,1,0
Georgia,long-sleeve-softly-swinging-bamboo-tee#Combat,2-in-1-jumper#Navy,semi-hard,0.6034977473112002,1,0
Georgia,long-sleeve-softly-swinging-bamboo-tee#Combat,the-contrast-34-sleeve-top#Navy,random,0.8507720747918633,1,0
Georgia,long-sleeve-softly-swinging-bamboo-tee#Copper,niue-neck-tie-shirt#LightBlue,hard,0.3812896407616484,1,0
Georgia,long-sleeve-softly-swinging-bamboo-tee#Copper,ella-funnel-neck-top#Khaki,semi-hard,0.6010232374537721,1,0
Georgia,long-sleeve-softly-swinging-bamboo-tee#Copper,selma-top-1#IndoStripe,random,0.6697676836505531,1,0
Georgia,long-sleeve-softly-swinging-bamboo-tee#DuckEgg,aztec-cardigan#BlackIvory,hard,0.38776086572380253,1,0
Georgia,long-sleeve-softly-swinging-bamboo-tee#DuckEgg,the-tie-front-tank#White,semi-hard,0.6013893553983268,1,0
Georgia,long-sleeve-softly-swinging-bamboo-tee#DuckEgg,belle-tie-front-shirt#Black,random,0.9075573458816681,1,0
Georgia,long-sleeve-softly-swinging-bamboo-tee#Fern,the-boat-neck-top#Navy,hard,0.3415271853609539,1,0
Georgia,long-sleeve-softly-swinging-bamboo-tee#Fern,variegated-rib-knit#Silver,semi-hard,0.5317176556466102,1,0
Georgia,long-sleeve-softly-swinging-bamboo-tee#Fern,tinker-stripe-knit#NavyWhite,random,0.4582313767760299,1,0
Georgia,long-sleeve-softly-swinging-bamboo-tee#Navy,monaco-knot-top#Olive,hard,0.2524527828909887,1,0
Georgia,long-sleeve-softly-swinging-bamboo-tee#Navy,icing-sugar-top#Ivory,semi-hard,0.5676481824591649,1,0
Georgia,long-sleeve-softly-swinging-bamboo-tee#Navy,sky-shirt#Clouds,random,0.8602719693172562,1,0
Georgia,long-sleeve-softly-swinging-bamboo-tee#Oyster,manhattan-stretch-tee#White,hard,0.3637192332845488,1,0
Georgia,long-sleeve-softly-swinging-bamboo-tee#Oyster,the-long-sleeve-scoop-neck-tee#White,semi-hard,0.5263253449527959,1,0
Georgia,long-sleeve-softly-swinging-bamboo-tee#Oyster,emerald-knit#Emerald,random,0.4648610209861695,1,0
Georgia,long-sleeve-softly-swinging-bamboo-tee#SilverScon,leah-knit-cardigan#Black,hard,0.37387427761264347,1,0
Georgia,long-sleeve-softly-swinging-bamboo-tee#SilverScon,sequin-cross-2-in-1-top#Navy,semi-hard,0.49426123498525165,1,0
Georgia,long-sleeve-softly-swinging-bamboo-tee#SilverScon,the-soft-overlay-top#Pink,random,1.153902343087962,1,0
Georgia,long-sleeve-softly-swinging-bamboo-tee#Smoke,bamboo-layer-tank#Chalk,hard,0.2802798635264261,1,0
Georgia,long-sleeve-softly-swinging-bamboo-tee#Smoke,the-stripe-jersey-top#Blue,semi-hard,0.5628056472856909,1,0
Georgia,long-sleeve-softly-swinging-bamboo-tee#Smoke,the-stitch-v-neck-knit#PinkMarle,random,0.7684721440247623,1,0
Georgia,long-sleeve-softly-swinging-bamboo-tee#Storm,ally-long-sleeve-tee#CosmosPr,hard,0.2939912514264488,1,0
Georgia,long-sleeve-softly-swinging-bamboo-tee#Storm,natural-rolled-neck-tunic#BlueDam,semi-hard,0.49788445271297593,1,0
Georgia,long-sleeve-softly-swinging-bamboo-tee#Storm,paradise-top#Red,random,0.6682262461754588,1,0
Georgia,long-sleeve-softly-swinging-bamboo-tee#TeaRose,eco-78-long-cardigan#LightGreyM,hard,0.367171005170998,1,0
Georgia,long-sleeve-softly-swinging-bamboo-tee#TeaRose,the-lace-trim-top#Black,semi-hard,0.5971772756820858,1,0
Georgia,long-sleeve-softly-swinging-bamboo-tee#TeaRose,the-tie-front-top#Navy,random,0.5636603862122951,1,0
Georgia,long-sleeve-softly-swinging-bamboo-tee#White,forget-me-knot-tunic#ForgetMeK,hard,0.2322840215133419,1,0
Georgia,long-sleeve-softly-swinging-bamboo-tee#White,sparkly-star-tee#Blue,semi-hard,0.5152512469345816,1,0
Georgia,long-sleeve-softly-swinging-bamboo-tee#White,the-bell-sleeve-top#Grey,random,0.8001353222932566,1,0
Georgia,nuzuri-longline-cardi#Forest,cara-tee-2#BlackSpot,hard,0.35562001746183286,1,0
Georgia,nuzuri-longline-cardi#Forest,the-relaxed-long-sleeve-tee-1#Ink%20Stripe,semi-hard,0.5748163190151387,1,0
Georgia,nuzuri-longline-cardi#Forest,the-textured-spot-top#Pink,random,0.7388765222085913,1,0
Georgia,on-safari-blouse#Jewel,vivid-dreams-blouse#Dusty%20Rose,hard,0.380016187041458,1,0
Georgia,on-safari-blouse#Jewel,monaco-sweater#BlackCream,semi-hard,0.522952518502199,1,0
Georgia,on-safari-blouse#Jewel,willow-knot-top#WhiteBlk,random,0.5325390098870572,1,0
Georgia,on-the-open-road-maxi-shirt#DarkOchre,the-long-sleeve-v-neck-tee#Navy,hard,0.35861655639654333,1,0
Georgia,on-the-open-road-maxi-shirt#DarkOchre,the-tie-front-tank#Navy,semi-hard,0.6013893553983268,1,0
Georgia,on-the-open-road-maxi-shirt#DarkOchre,the-stitch-v-neck-knit#DenimMarle,random,0.7684721440247623,1,0
Georgia,open-plains-kimono-throw-1#Rust,bamboo-layer-tank#Black,hard,0.2802798635264261,1,0
Georgia,open-plains-kimono-throw-1#Rust,belle-half-sleeve-forgiver-tunic#Black,semi-hard,0.5990776891041989,1,0
Georgia,open-plains-kimono-throw-1#Rust,the-cross-over-blouse#Silver,random,0.6966256553036339,1,0
Georgia,prairie-romance-blouse#Blush,leary-cardigan#Pine,hard,0.36584387444013855,1,0
Georgia,prairie-romance-blouse#Blush,geneva-v-neck-top#ClaySpot,semi-hard,0.6021934772148765,1,0
Georgia,prairie-romance-blouse#Blush,the-longline-cardi-1#GreyMarle,random,0.41503937473422337,1,0
Georgia,pulkari-emb-top#Pulkari,faith-jumper#Eventide,hard,0.34050160031130056,1,0
Georgia,pulkari-emb-top#Pulkari,the-cotton-cardi#Navy,semi-hard,0.4930646332607117,1,0
Georgia,pulkari-emb-top#Pulkari,capri-tank-3#White,random,0.4557230107067762,1,0
Georgia,rise-top#Ink,pure-merino-fine-rib-v-neck#Charcoal,hard,0.12126993656229652,1,0
Georgia,rise-top#Ink,hacienda-tunic-pushkar#Cornflower,semi-hard,0.6054683868458116,1,0
Georgia,rise-top#Ink,milan-34-sleeve-1#Melange,random,0.6639906815826622,1,0
Georgia,rising-mist-jumper#Nickel,manhattan-stretch-tee#Navy,hard,0.3637192332845488,1,0
Georgia,rising-mist-jumper#Nickel,layered-tunic-1#White,semi-hard,0.4987832698144784,1,0
Georgia,rising-mist-jumper#Nickel,the-cross-over-poncho#Grey,random,0.4995104493432283,1,0
Georgia,roll-with-me-jumper#Chalk,analia-top#White,hard,0.335725834510141,1,0
Georgia,roll-with-me-jumper#Chalk,freya-fringe-blouse#Navy,semi-hard,0.4902746560103204,1,0
Georgia,roll-with-me-jumper#Chalk,the-print-contrast-34-sleeve-top#Animal,random,0.8507720747918633,1,0
Georgia,runaway-top#JetBlack,the-dobby-sleeve-tee#White,semi-hard,0.5926573264900356,1,0
Georgia,runaway-top#JetBlack,double-layered-top-1#WSilver,random,0.41632733873721817,1,0
Georgia,runaway-top#Sand,the-relaxed-long-sleeve-tee#Navy,semi-hard,0.5533070045884909,1,0
Georgia,runaway-top#Sand,the-slouch-pocket-tee#Stripe,random,0.6640669751046485,1,0
Georgia,runaway-top#SoftMint,elcos-top#LightGrey,semi-hard,0.5174461521030781,1,0
Georgia,runaway-top#SoftMint,the-cotton-bamboo-ls-top#NavyStripe,random,0.6009527850535415,1,0
Georgia,runaway-top#SoftPink,the-colour-block-pullover#Sage,semi-hard,0.5868917937545388,1,0
Georgia,runaway-top#SoftPink,wellington-tee#Black,random,0.6184956846372123,1,0
Georgia,skipping-stones-tunic#Forest,first-mix-top-1#BlackWhite,semi-hard,0.548007666940486,1,0
Georgia,skipping-stones-tunic#Forest,the-cape-jersey-top#DarkNavy,random,0.5222110360281728,1,0
Georgia,skipping-stones-tunic#Natural,the-contrast-panel-top#SageStripe,semi-hard,0.587763253449528,1,0
Georgia,skipping-stones-tunic#Natural,side-buttoned-sweater#Buttoned,random,0.4916485112563544,1,0
Georgia,snug-as-a-bug-jumper#Smoke,viola-kimono-radiant-floral#Grey,semi-hard,0.5235294117647059,1,0
Georgia,snug-as-a-bug-jumper#Smoke,the-drape-tee-1#NavyStripe,random,0.689479381709682,1,0
Georgia,soft-and-true-tunic#Pine,lucy-rib-oversized-top#Black,semi-hard,0.5437014504129561,1,0
Georgia,soft-and-true-tunic#Pine,natural-textured-poncho#Deeprain,random,0.5529411764705883,1,0
Georgia,softly-falling-bamboo-tunic#Copper,heartmade-cardi#DustyRose,semi-hard,0.5418993595678177,1,0
Georgia,softly-falling-bamboo-tunic#Copper,kimberly-spliced-top#Zebraprint,random,0.4787722086917764,1,0
Georgia,softly-falling-bamboo-tunic#White,star-and-spot-sweater#SilverMult,semi-hard,0.5858000345919256,1,0
Georgia,softly-falling-bamboo-tunic#White,the-pocket-tee#GreyStripe,random,0.623635760310505,1,0
Georgia,softly-swinging-bamboo-singlet#BlueJean,the-roll-neck-sweater#Natural,semi-hard,0.541315186082756,1,0
Georgia,softly-swinging-bamboo-singlet#BlueJean,the-pleated-sleeve-top#Sage,random,0.6362745098039215,1,0
Georgia,softly-swinging-bamboo-singlet#Cashew,not-today-buttoned-cardigan#Almond,semi-hard,0.556686548329107,1,0
Georgia,softly-swinging-bamboo-singlet#Cashew,block-sweater#Block,random,0.4820526261438176,1,0
Georgia,softly-swinging-bamboo-tee#Black,ava-short-sleeve-linen-tee#Navy,semi-hard,0.5268853335184657,1,0
Georgia,softly-swinging-bamboo-tee#Black,maui-stretch-tee#Black,random,0.4672812886709571,1,0
Georgia,softly-swinging-bamboo-tee#BlueJeans,picnic-top#BlackWhite,semi-hard,0.4917431273963369,1,0
Georgia,softly-swinging-bamboo-tee#BlueJeans,falling-flowers-blouse#DustyPink,random,0.4891628152048769,1,0
Georgia,softly-swinging-bamboo-tee#Blush,ditzy-floral-ruffle-blouse#DitzyFlora,semi-hard,0.5397240645164828,1,0
Georgia,softly-swinging-bamboo-tee#Blush,the-panel-luxe-top#BlkWhite,random,0.4031671275579264,1,0
Georgia,softly-swinging-bamboo-tee#Cashew,long-sleeve-layer-top#White,semi-hard,0.598501872659176,1,0
Georgia,softly-swinging-bamboo-tee#Cashew,vivian-blouse#Check,random,0.4888019509257487,1,0
Georgia,softly-swinging-bamboo-tee#Chambray,foil-striped-2-in-1-top#Blue,semi-hard,0.5829994641774036,1,0
Georgia,softly-swinging-bamboo-tee#Chambray,the-wrap-jersey-top-1#NavyStripe,random,0.4257328612458471,1,0
Georgia,softly-swinging-bamboo-tee#Copper,elcos-45-aop-top-jrs#BlackZigZa,semi-hard,0.4945174372867516,1,0
Georgia,softly-swinging-bamboo-tee#Copper,the-soft-knit-jumper#PinkStripe,random,0.5536673928830791,1,0
Georgia,softly-swinging-bamboo-tee#Jewel,animal-knit-1#Animal,semi-hard,0.5876314871063479,1,0
Georgia,softly-swinging-bamboo-tee#Jewel,alberta-stripe-top#IvoryStrip,random,0.5411195698134216,1,0
Georgia,softly-swinging-bamboo-tee#Navy,the-tie-sleeve-blouse#Grey,semi-hard,0.5530001506206815,1,0
Georgia,softly-swinging-bamboo-tee#Navy,the-multi-stripe-cardi#Stripe,random,0.6999151387562933,1,0
Georgia,softly-swinging-bamboo-tee#Starfish,ruffle-hem-jersey-top#Pink,semi-hard,0.5547695189220909,1,0
Georgia,softly-swinging-bamboo-tee#Starfish,the-short-sleeve-wrap-jersey-top#Emerald,random,0.40679692212121543,1,0
Georgia,softly-swinging-bamboo-tee#Storm,cool-breeze-jumper#Dust,semi-hard,0.5771968046477851,1,0
Georgia,softly-swinging-bamboo-tee#Storm,the-bonded-cotton-shirt#Pink,random,0.7979492077900588,1,0
Georgia,softly-swinging-bamboo-tee#TeaRose,daisy-top-1#BrightBlue,semi-hard,0.563230615646653,1,0
Georgia,softly-swinging-bamboo-tee#TeaRose,nova-lux-long-sleeve-tie-top-1#NightSky,random,0.44438899837648027,1,0
Georgia,softly-swinging-bamboo-tee#White,silver-cross-sweater#Silver,semi-hard,0.4991221797247173,1,0
Georgia,softly-swinging-bamboo-tee#White,maui-stretch-tee#NavyWhtStr,random,0.4672812886709571,1,0
Georgia,starry-night-cardi#Chalk,dot-to-dot-knit-1#GreyMarle,semi-hard,0.5087894892714868,1,0
Georgia,starry-night-cardi#Chalk,pocket-shirt-1#Ivory,random,0.4617749323042971,1,0
Georgia,stripe-me-happy-blouse#Ash,coogee-shirt#White,semi-hard,0.5027408181913399,1,0
Georgia,stripe-me-happy-blouse#Ash,the-long-sleeve-scoop-neck-tee#Navy,random,0.5263253449527959,1,0
Georgia,sugar-snaps-layers-tank#Black,the-cosy-cardigan#Grey,semi-hard,0.6097676107480029,1,0
Georgia,sugar-snaps-layers-tank#Black,fundamental-vee-tee#Black,random,0.44764677256397467,1,0
Georgia,sugar-snaps-layers-tank#Blue,linen-cotton-shirt#White,semi-hard,0.6023864549469597,1,0
Georgia,sugar-snaps-layers-tank#Blue,rory-spliced-zip-hoodie#Slate,random,0.4810620343182401,1,0
Georgia,sugar-snaps-layers-tank#DeepCobalt,jewel-knit#GreyMarle,semi-hard,0.564602598166628,1,0
Georgia,sugar-snaps-layers-tank#DeepCobalt,diva-ruffle-jumper#Gold%20Spot,random,0.5442317696472039,1,0
Georgia,sugar-snaps-layers-tank#DuckEgg,still-the-one-ruffle-blouse#Spot,semi-hard,0.5328983057581109,1,0
Georgia,sugar-snaps-layers-tank#DuckEgg,contrast-stripe-sweater#Pockets,random,0.7813614363969393,1,0
Georgia,sugar-snaps-layers-tank#Mint,natural-cross-back-knit#Lightsmoke,semi-hard,0.5663938595274426,1,0
Georgia,sugar-snaps-layers-tank#Mint,long-sleeve-check-top#Check,random,0.6397966594045026,1,0
Georgia,sugar-snaps-layers-tank#NewBeige,nature-ls-top#BlueGum,semi-hard,0.5742433250358192,1,0
Georgia,sugar-snaps-layers-tank#NewBeige,linen-v-neck-cami-2#BlueWhite,random,0.5114844457393007,1,0
Georgia,sugar-snaps-layers-tank#PeachyKeen,elcos-45-aop-top-jrs#BlackFlowe,semi-hard,0.4945174372867516,1,0
Georgia,sugar-snaps-layers-tank#PeachyKeen,belle-petal-print-top#Petal,random,0.6221825839686891,1,0
Georgia,sugar-snaps-layers-tank#Red,the-ultimate-tie-cardi#Black,semi-hard,0.5937014437246488,1,0
Georgia,sugar-snaps-layers-tank#Red,paint-stroke-top#Strokes,random,0.7076428558911881,1,0
Georgia,sugar-snaps-layers-tank#SeaGreen,chasing-birds-blouse#White,semi-hard,0.6001089324618736,1,0
Georgia,sugar-snaps-layers-tank#SeaGreen,belle-v-neck-forgiver-tunic#Black,random,0.6304318018045856,1,0
Georgia,sugar-snaps-layers-tank#White,the-panel-hem-top#Khaki,semi-hard,0.55971765912453,1,0
Georgia,sugar-snaps-layers-tank#White,sailaway-blouse#OxfordBlue,random,0.6171895027997031,1,0
Georgia,sugar-snaps-round-neck-layer-tank#Black,belle-half-sleeve-forgiver-tunic#Apricot,semi-hard,0.5990776891041989,1,0
Georgia,sugar-snaps-round-neck-layer-tank#Black,cuddled-longline-cardigan#Sunflower,random,0.39641758540600636,1,0
Georgia,sugar-snaps-round-neck-layer-tank#DuckEgg,layered-tee-2#White,semi-hard,0.5350463559894394,1,0
Georgia,sugar-snaps-round-neck-layer-tank#DuckEgg,the-cross-over-blouse#Blue,random,0.6966256553036339,1,0
Georgia,sugar-snaps-round-neck-layer-tank#White,long-sleeve-layer-top#Navy,semi-hard,0.598501872659176,1,0
Georgia,sugar-snaps-round-neck-layer-tank#White,capri-tank-3#NavyStripe,random,0.4557230107067762,1,0
Georgia,sugar-snaps-throw-jacket#Black,geneva-v-neck-top#HeatheGrey,semi-hard,0.6021934772148765,1,0
Georgia,sugar-snaps-throw-jacket#Black,millie-top#Blush,random,0.4442242486455843,1,0
Georgia,sugar-snaps-throw-jacket#Duckegg,the-panel-hem-top#DenimMarle,semi-hard,0.55971765912453,1,0
Georgia,sugar-snaps-throw-jacket#Duckegg,hayley-button-down#NavySparro,random,0.4083965612469038,1,0
Georgia,sugar-snaps-throw-jacket#White,layered-tunic-1#PalePink,semi-hard,0.4987832698144784,1,0
Georgia,sugar-snaps-throw-jacket#White,luxe-shirt#Black,random,0.5099078221939352,1,0
Georgia,summer-breeze-top-1#White,the-weekender-shirt#GreyStripe,semi-hard,0.5984678737634602,1,0
Georgia,summer-breeze-top-1#White,the-cross-over-blouse#RoyalBlue,random,0.6966256553036339,1,0
Georgia,summer-haze-top#Teal,aigli-top#Navy,semi-hard,0.5345702622070638,1,0
Georgia,summer-haze-top#Teal,napoleon-top-1#NemoBlue,random,0.47459713983899643,1,0
Georgia,summer-whispers-kimono-1#Peacock,fundamental-split-hoodie#Navy,semi-hard,0.5684887488624861,1,0
Georgia,summer-whispers-kimono-1#Peacock,partly-cloudy-knit#PawPaw,random,0.8100678198824561,1,0
Georgia,sunshine-in-me-tee-1#GreyMarle,voyager-stripe-crew#Stripe,semi-hard,0.611764705882353,1,0
Georgia,sunshine-in-me-tee-1#GreyMarle,under-the-stars-blouse#Petal,random,0.7794290640128534,1,0
Georgia,sunshine-in-me-tee-1#White,fundamental-sydney-crew#GreyMarle,semi-hard,0.5663673582242705,1,0
Georgia,sunshine-in-me-tee-1#White,the-wrap-jersey-top#JetBlack,random,0.48178044882020266,1,0
Georgia,the-cotton-bamboo-tank#Chambray,messina-v-neck-tee#Black,semi-hard,0.5534668172338418,1,0
Georgia,the-cotton-bamboo-tank#Chambray,spot-layered-tee#Blue,random,0.7206225563433043,1,0
Georgia,the-cotton-bamboo-tank#DarkNavy,clovis-shirt#NavyGold,semi-hard,0.5027866531616365,1,0
Georgia,the-cotton-bamboo-tank#DarkNavy,belle-flocked-tunic#White,random,0.9879272540900002,1,0
Georgia,the-cotton-bamboo-tank#DuckEgg,the-relaxed-long-sleeve-tee#Pink,semi-hard,0.5533070045884909,1,0
Georgia,the-cotton-bamboo-tank#DuckEgg,york-linen-blend-top#BurntOrang,random,0.4211009876891002,1,0
Georgia,the-cotton-bamboo-tank#Moonbeam,foil-spot-tee-1#Navy,semi-hard,0.5212285203337251,1,0
Georgia,the-cotton-bamboo-tank#Moonbeam,roll-neck-jumper-3#GreyMarl,random,0.39937691728690683,1,0
Georgia,the-cotton-bamboo-tank#White,waterfall-cardi-1#Black,semi-hard,0.5127428808653278,1,0
Georgia,the-cotton-bamboo-tank#White,the-daily-cross-over-top#PinkPrint,random,0.6274509803921569,1,0
Georgia,the-pirate-in-me-shirt#White,ava-short-sleeve-linen-tee#Blush,semi-hard,0.5268853335184657,1,0
Georgia,the-pirate-in-me-shirt#White,paradising-buttoned-shirt#Wheat,random,0.46444848284442475,1,0
Georgia,to-the-beat-of-the-drum-kimono#Leaf,karmen-top#HighRiskRe,semi-hard,0.5155711910346005,1,0
Georgia,to-the-beat-of-the-drum-kimono#Leaf,partly-cloudy-knit#Black,random,0.8100678198824561,1,0
Georgia,walk-in-the-park-cardi#Sand,layered-tunic-1#Natural,semi-hard,0.4987832698144784,1,0
Georgia,walk-in-the-park-cardi#Sand,multi-stripe-jumper#NavyMulti,random,0.6113074931916376,1,0
Georgia,weekend-vibes-blouse#Blush,the-stripe-pocket-tank#Stripe,semi-hard,0.5713779460377553,1,0
Georgia,weekend-vibes-blouse#Blush,the-roll-neck-sleeveless-top-1#Black,random,0.6864837234021065,1,0
Georgia,wrap-me-up-bamboo-top#Black,hacienda-tunic-5#PatchGold,semi-hard,0.5174456805774096,1,0
Georgia,wrap-me-up-bamboo-top#Black,born-to-run-shirt-jacket#Leopard,random,0.4003240083614543,1,0
Georgia,wrap-me-up-bamboo-top#BlueJeans,drama-top#BlackGrey,semi-hard,0.5316493947817558,1,0
Georgia,wrap-me-up-bamboo-top#BlueJeans,midtown-ruffle-shirt#BoldRed,random,0.5475567847326811,1,0
Grazi,germaine-blouse#Pearl,falling-for-you-cardi#Teal,hard,0.32558139534883723,1,0
Grazi,germaine-blouse#Pearl,belle-v-neck-forgiver-tunic#Charcoal,semi-hard,0.5343992248062015,1,0
Grazi,germaine-blouse#Pearl,tracie-top#Black,random,0.6187896405919662,1,0
Helen,butterfly-blouse-1#Ivory,monaco-knot-top#ClaySpot,hard,0.2296690484050594,1,0
Helen,butterfly-blouse-1#Ivory,always-mine-v-neck-knit#Terracotta,semi-hard,0.4928487791391636,1,0
Helen,butterfly-blouse-1#Ivory,ricki-one-shoulder-top#BlackWhite,random,0.33462510611192375,1,0
Helen,freya-fringe-blouse#Navy,dream-girl-ruffle-jumper#SoftPink,hard,0.3078512337039139,1,0
Helen,freya-fringe-blouse#Navy,the-relaxed-long-sleeve-tee#Black,semi-hard,0.5269172716341061,1,0
Helen,freya-fringe-blouse#Navy,silver-cross-sweater#Silver,random,0.4640758785550677,1,0
Helen,icing-sugar-top#Ivory,falling-for-you-cardi#Khaki,hard,0.34277620396600567,1,0
Helen,icing-sugar-top#Ivory,luxe-shirt#Black,semi-hard,0.48109092294017763,1,0
Helen,icing-sugar-top#Ivory,jersey-split-back-hooded-top#NavyStrip,random,0.7416757923803662,1,0
Helen,lenka-lurex-stripe-blouse#NavyGoldSt,holly-rib-long-sleeve-tee#Black,hard,0.2563867414941362,1,0
Helen,lenka-lurex-stripe-blouse#NavyGoldSt,marlow-cardigan#Cream,semi-hard,0.5298815390350969,1,0
Helen,lenka-lurex-stripe-blouse#NavyGoldSt,layered-sleeve-top#DarkBlue,random,0.5943192667457068,1,0
Helen,niue-neck-tie-shirt#LightBlue,geena-xo-ls-pullover-knit#WhiteCapGr,hard,0.3590416194854289,1,0
Helen,niue-neck-tie-shirt#LightBlue,clovis-shirt#NavyGold,semi-hard,0.46857725472419165,1,0
Helen,niue-neck-tie-shirt#LightBlue,layla-long-line-kimono#MultiStrip,random,0.6236400031560728,1,0
Helen,picnic-top#BlackWhite,vivid-dreams-blouse#Dusty%20Rose,hard,0.3486519521177168,1,0
Helen,picnic-top#BlackWhite,the-essential-pullover#SkyBlue,semi-hard,0.5908512769033959,1,0
Helen,picnic-top#BlackWhite,clio-knit-jumper#Clay,random,0.6743355016564241,1,0
Helen,sailaway-blouse#OxfordBlue,cable-knit-sweater#Camel,hard,0.3470731522300966,1,0
Helen,sailaway-blouse#OxfordBlue,coogee-shirt#White,semi-hard,0.4681819357852297,1,0
Helen,sailaway-blouse#OxfordBlue,tab-sleeve-longline-shirt#Navy,random,0.763292560931425,1,0
Helen,this-mortal-coil-drape#StormClam,ynes#Black,hard,0.31153454838621364,1,0
Helen,this-mortal-coil-drape#StormClam,oregon-safari-embroidered-top#White,semi-hard,0.4724312275699323,1,0
Helen,this-mortal-coil-drape#StormClam,forget-me-knot-tunic#ForgetMeK,random,0.20791273809531244,1,0
Jess,belle-cowl-swing-sweater#Black,robyn-top-1#Roanne,hard,0.24242424242424243,1,0
Jess,belle-cowl-swing-sweater#Black,ember-knit#EmberGlow,semi-hard,0.33047508047508045,1,0
Jess,belle-cowl-swing-sweater#Black,the-essential-pullover#SkyBlue,random,0.4169973544973545,1,0
Jess,belle-cowl-swing-sweater#Green,pure-merino-fine-rib-polo#BlackStri,hard,0.22660325785325786,1,0
Jess,belle-cowl-swing-sweater#Green,stripe-sweater-2#Blue,semi-hard,0.3067331973581974,1,0
Jess,belle-cowl-swing-sweater#Green,print-tee-3#Cntryhous,random,0.5676106301106301,1,0
Jess,belle-deep-v-mesh-top#Black,leah-knit-cardigan#Black,hard,0.19801552614052614,1,0
Jess,belle-deep-v-mesh-top#Black,bird-jumper#Navy,semi-hard,0.2982260794760795,1,0
Jess,belle-deep-v-mesh-top#Black,st-helens-henley-tee#White,random,0.2509920634920635,1,0
Jess,belle-flocked-tunic#Pale%20Blue,cara-tee-2#BlackSpot,hard,0.22465728715728714,1,0
Jess,belle-flocked-tunic#Pale%20Blue,the-relaxed-long-sleeve-tee-1#Ink%20Stripe,semi-hard,0.33933947996447994,1,0
Jess,belle-flocked-tunic#Pale%20Blue,the-multi-stripe-cardi#Stripe,random,0.4714105339105339,1,0
Jess,belle-flocked-tunic#White,overlay-tunic-3-pce-set#Emerald,hard,0.17791236541236544,1,0
Jess,belle-flocked-tunic#White,the-long-sleeve-scoop-neck-tee#Grey,semi-hard,0.3980429292929293,1,0
Jess,belle-flocked-tunic#White,frost-cardigan#Mauvewoo,random,0.3335466616716617,1,0
Jess,belle-flute-sleeve-tee#Navy,elina-lace-frill-blouse#Black,hard,0.24260114885114886,1,0
Jess,belle-flute-sleeve-tee#Navy,hydrangea-kimono#Hydrangea,semi-hard,0.3099747474747475,1,0
Jess,belle-flute-sleeve-tee#Navy,arya-frilled-blouse#Oyster,random,0.31747245809745805,1,0
Jess,belle-half-sleeve-boat-tee#Black,pure-merino-fine-rib-v-neck#Charcoal,hard,0.1058894808894809,1,0
Jess,belle-half-sleeve-boat-tee#Black,falling-for-you-tunic#Rust,semi-hard,0.3385434010434011,1,0
Jess,belle-half-sleeve-boat-tee#Black,analia-top#White,random,0.2477938727938728,1,0
Jess,belle-half-sleeve-boat-tee#White,hannah-tee-1#Black,hard,0.2252296314796315,1,0
Jess,belle-half-sleeve-boat-tee#White,the-wrap-jersey-top-1#NavyStripe,semi-hard,0.3019792707292707,1,0
Jess,belle-half-sleeve-boat-tee#White,knit-hoodie-1#Sage,random,0.34301462426462426,1,0
Jess,belle-half-sleeve-forgiver-tunic#Apricot,cherrington-top#GreyRose,hard,0.24274163336663335,1,0
Jess,belle-half-sleeve-forgiver-tunic#Apricot,soho-v-neck-blouse#SohoPrint,semi-hard,0.2964905464905465,1,0
Jess,belle-half-sleeve-forgiver-tunic#Apricot,woolly-spotted-hoodie#Navy,random,0.4245372682872683,1,0
Jess,belle-half-sleeve-forgiver-tunic#Black,long-sleeve-tee-2#NavyWhite,hard,0.2311403873903874,1,0
Jess,belle-half-sleeve-forgiver-tunic#Black,the-relaxed-long-sleeve-tee#Black,semi-hard,0.35843554593554594,1,0
Jess,belle-half-sleeve-forgiver-tunic#Black,rib-tank-2#Black,random,0.2543584887334887,1,0
Jess,belle-half-sleeve-forgiver-tunic#BlueBonnet,daylight-cardi#Silver,hard,0.24321338383838384,1,0
Jess,belle-half-sleeve-forgiver-tunic#BlueBonnet,soft-and-true-tunic#Pine,semi-hard,0.36238587801087796,1,0
Jess,belle-half-sleeve-forgiver-tunic#BlueBonnet,softly-swinging-bamboo-singlet#Cashew,random,0.385721916971917,1,0
Jess,belle-half-sleeve-forgiver-tunic#FlamPink,the-panel-luxe-top#SilvWhite,hard,0.2110493672993673,1,0
Jess,belle-half-sleeve-forgiver-tunic#FlamPink,llama-long-sleeve-shirt#Mustard,semi-hard,0.39164076664076664,1,0
Jess,belle-half-sleeve-forgiver-tunic#FlamPink,lilly-layer-stripe-tank#NavyWhite,random,0.2778367465867466,1,0
Jess,belle-half-sleeve-forgiver-tunic#MutedClay,manhattan-stretch-tee#Black,hard,0.2330256549006549,1,0
Jess,belle-half-sleeve-forgiver-tunic#MutedClay,panelled-stripe-top#NavyWhite,semi-hard,0.31353368853368857,1,0
Jess,belle-half-sleeve-forgiver-tunic#MutedClay,mauevewood-crew#Charcoal,random,0.3478951603951604,1,0
Jess,belle-half-sleeve-forgiver-tunic#White,forget-me-knot-tunic#ForgetMeK,hard,0.09683892496392496,1,0
Jess,belle-half-sleeve-forgiver-tunic#White,geneva-v-neck-top#Olive,semi-hard,0.36175283050283047,1,0
Jess,belle-half-sleeve-forgiver-tunic#White,under-the-stars-blouse#Petal,random,0.5009591103341103,1,0
Jess,belle-handkerchief-printed-cami#RustFlwrs,cara-tee-2#WhiteBlk,hard,0.22465728715728714,1,0
Jess,belle-handkerchief-printed-cami#RustFlwrs,the-zip-front-top#Blue,semi-hard,0.37255626318126317,1,0
Jess,belle-handkerchief-printed-cami#RustFlwrs,drapey-stripe-tee#Navy,random,0.2682872682872683,1,0
Jess,belle-longline-white-shirt#White,leah-knit-cardigan#WhiteBlk,hard,0.19801552614052614,1,0
Jess,belle-longline-white-shirt#White,clara-blouse#DarkFloral,semi-hard,0.2986700799200799,1,0
Jess,belle-longline-white-shirt#White,hayley-button-down#NavySparro,random,0.22539613164613165,1,0
Jess,belle-ls-free-fall-tee#Airforce,animal-button-up-shirt#KhakiPrint,hard,0.24296536796536797,1,0
Jess,belle-ls-free-fall-tee#Airforce,rosie-bell-sleeve-denim-shirt#Stripe,semi-hard,0.3455387205387206,1,0
Jess,belle-ls-free-fall-tee#Airforce,messina-v-neck-tee#White,random,0.3229062604062604,1,0
Jess,belle-ls-free-fall-tee#Blush,mila-knit-cardigan#Clay,hard,0.21729312354312352,1,0
Jess,belle-ls-free-fall-tee#Blush,wellington-tee#HeatheGrey,semi-hard,0.37585331335331335,1,0
Jess,belle-ls-free-fall-tee#Blush,paradise-cardi#MultiStrip,random,0.35172639860139865,1,0
Jess,belle-ls-free-fall-tee#Greenland,hannah-tee-1#RedWhite,hard,0.2252296314796315,1,0
Jess,belle-ls-free-fall-tee#Greenland,elcos-45-aop-top-jrs#BlackFlowe,semi-hard,0.3219159312909313,1,0
Jess,belle-ls-free-fall-tee#Greenland,merino-boyfriend-cardigan#MelangeStr,random,0.23894681707181709,1,0
Jess,belle-mesh-cardi#Black,glasgow-top#Melange,hard,0.2328105921855922,1,0
Jess,belle-mesh-cardi#Black,star-and-spot-sweater#SilverMult,semi-hard,0.3489323176823177,1,0
Jess,belle-mesh-cardi#Black,the-everyday-shirt#Rose,random,0.4936816655566655,1,0
Jess,belle-mid-length-knit-cardi#Black,stara-cardigan#GreyMarle,hard,0.2080026455026455,1,0
Jess,belle-mid-length-knit-cardi#Black,the-asymmetrical-hem-sweater#Blush,semi-hard,0.38116281866281865,1,0
Jess,belle-mid-length-knit-cardi#Black,the-cosy-cardigan#Grey,random,0.4567550505050505,1,0
Jess,belle-nautical-applique-tee#BlueStripe,multi-pattern-print-top#NavyMulti,hard,0.234480796980797,1,0
Jess,belle-nautical-applique-tee#BlueStripe,elcos-top#LightGrey,semi-hard,0.33175331612831616,1,0
Jess,belle-nautical-applique-tee#BlueStripe,the-relaxed-long-sleeve-tee#Pink,random,0.35843554593554594,1,0
Jess,belle-off-the-shoulder-tee#Stripe,wonderland-blouse#Ink,hard,0.23496873496873497,1,0
Jess,belle-off-the-shoulder-tee#Stripe,foil-print-top-2#Navy,semi-hard,0.3287459068709069,1,0
Jess,belle-off-the-shoulder-tee#Stripe,roll-neck-jumper-3#GreyMarl,random,0.2532328782328782,1,0
Jess,belle-paint-brush-print-top#PaintPrint,leary-cardigan#Pine,hard,0.21993111055611053,1,0
Jess,belle-paint-brush-print-top#PaintPrint,the-cape-jersey-top#DarkNavy,semi-hard,0.2969530469530469,1,0
Jess,belle-paint-brush-print-top#PaintPrint,monaco-knot-top#Olive,random,0.265293734043734,1,0
Jess,belle-petal-print-top#Petal,the-panel-luxe-top#BlkWhite,hard,0.2110493672993673,1,0
Jess,belle-petal-print-top#Petal,the-ruffle-sleeve-top#NavyStripe,semi-hard,0.36492905242905244,1,0
Jess,belle-petal-print-top#Petal,voyager-stripe-crew#Stripe,random,0.625,1,0
Jess,belle-polka-dot-blouse#WhiteSpot,magnolia-fields-keyhole-blouse#Magnolia,hard,0.22253614441114442,1,0
Jess,belle-polka-dot-blouse#WhiteSpot,elcos-45-aop-top-jrs#BlackZigZa,semi-hard,0.3219159312909313,1,0
Jess,belle-polka-dot-blouse#WhiteSpot,the-tie-detail-hoody#FrenchBlue,random,0.47790404040404044,1,0
Jess,belle-poncho-sleeved-knit#BlueMarle,manhattan-stretch-tee#Navy,hard,0.2330256549006549,1,0
Jess,belle-poncho-sleeved-knit#BlueMarle,maui-stretch-tee#NavyWhtStr,semi-hard,0.3279394216894217,1,0
Jess,belle-poncho-sleeved-knit#BlueMarle,fundamental-sydney-crew#GreyMarle,random,0.33359348984348985,1,0
Jess,belle-satin-shirt#Black,analia-jersey-top#Black,hard,0.24320644633144634,1,0
Jess,belle-satin-shirt#Black,lucy-rib-oversized-top#Black,semi-hard,0.31539814352314355,1,0
Jess,belle-satin-shirt#Black,side-buttoned-sweater#Buttoned,random,0.37184343434343436,1,0
Jess,belle-square-neck-drape-tee#Vanilla,the-longline-cardi-1#Nude,hard,0.21301441613941616,1,0
Jess,belle-square-neck-drape-tee#Vanilla,driftwood-gathering-blouse#Khaki,semi-hard,0.35984848484848486,1,0
Jess,belle-square-neck-drape-tee#Vanilla,roll-with-me-jumper#Chalk,random,0.4106015512265512,1,0
Jess,belle-tie-neck-blouse-tee#RoyalBlue,mila-knit-cardigan#StoneBlack,hard,0.21729312354312352,1,0
Jess,belle-tie-neck-blouse-tee#RoyalBlue,the-panel-hem-top#Khaki,semi-hard,0.33698419635919635,1,0
Jess,belle-tie-neck-blouse-tee#RoyalBlue,sequin-spot-cardi#Grey,random,0.252651862026862,1,0
Jess,belle-tie-neck-blouse-tee#White,analia-jersey-top#Navy,hard,0.24320644633144634,1,0
Jess,belle-tie-neck-blouse-tee#White,jade-kimono-sweet-blossoms#Blue,semi-hard,0.37827681577681577,1,0
Jess,belle-tie-neck-blouse-tee#White,floral-nehru-print-shirt#Pink,random,0.5047365828615828,1,0
Jess,belle-tier-tee#Blue,arlo-cardigan#Navy,hard,0.2207705488955489,1,0
Jess,belle-tier-tee#Blue,wellington-tee#Olive,semi-hard,0.37585331335331335,1,0
Jess,belle-tier-tee#Blue,fundamental-rib-long-sleeve-tee#Black,random,0.29573898323898323,1,0
Jess,belle-twist-front-tee-1#Black,the-uneven-hem-knit-1#Sage,hard,0.11771561771561771,1,0
Jess,belle-twist-front-tee-1#Black,ryder-cosy-sweater#Blossom,semi-hard,0.31155129592629593,1,0
Jess,belle-twist-front-tee-1#Black,the-cotton-cardi#Khaki,random,0.3595328282828283,1,0
Jess,belle-v-neck-forgiver-tunic#ArmyGreen,printed-v-neck-blouse#NavyWhite,hard,0.2323319042069042,1,0
Jess,belle-v-neck-forgiver-tunic#ArmyGreen,fundamental-rib-long-sleeve-tee#White,semi-hard,0.29573898323898323,1,0
Jess,belle-v-neck-forgiver-tunic#ArmyGreen,the-crossover-button-blouse-1#Ornate,random,0.5710227272727273,1,0
Jess,belle-v-neck-forgiver-tunic#Black,pulkari-emb-top#Pulkari,hard,0.236999111999112,1,0
Jess,belle-v-neck-forgiver-tunic#Black,mixed-messages-jumper#MixedStrip,semi-hard,0.33441789691789686,1,0
Jess,belle-v-neck-forgiver-tunic#Black,sequin-cross-2-in-1-top#Khaki,random,0.29150190087690087,1,0
Jess,belle-v-neck-forgiver-tunic#BlueMarle,manhattan-stretch-tee#NavyWhtStr,hard,0.2330256549006549,1,0
Jess,belle-v-neck-forgiver-tunic#BlueMarle,true-love-bell-blouse#Jade,semi-hard,0.3356695387945388,1,0
Jess,belle-v-neck-forgiver-tunic#BlueMarle,the-cross-over-blouse#Blue,random,0.4322986041736041,1,0
Jess,belle-v-neck-forgiver-tunic#Charcoal,mila-knit-cardigan#Black,hard,0.21729312354312352,1,0
Jess,belle-v-neck-forgiver-tunic#Charcoal,foil-spot-jumper#SilverDot,semi-hard,0.31902819402819405,1,0
Jess,belle-v-neck-forgiver-tunic#Charcoal,rib-tank-2#Mustard,random,0.2543584887334887,1,0
Jess,belle-v-neck-forgiver-tunic#DenimMarl,cara-tee-4#White,hard,0.23342976467976467,1,0
Jess,belle-v-neck-forgiver-tunic#DenimMarl,the-lace-trim-top#Black,semi-hard,0.3935485810485811,1,0
Jess,belle-v-neck-forgiver-tunic#DenimMarl,rama-top#Stonewash,random,0.5623230935730936,1,0
Jess,belle-v-neck-forgiver-tunic#Navy,bella-ls-tee#GreenWhite,hard,0.2285960567210567,1,0
Jess,belle-v-neck-forgiver-tunic#Navy,juno-cardigan#GreyMarle,semi-hard,0.3055173992673993,1,0
Jess,belle-v-neck-forgiver-tunic#Navy,shell-top-3#PapBlue,random,0.36212225274725274,1,0
Jess,belle-v-neck-forgiver-tunic#Scarlett,cara-tee-2#Blush,hard,0.22465728715728714,1,0
Jess,belle-v-neck-forgiver-tunic#Scarlett,multi-stripe-jumper#NavyMulti,semi-hard,0.3696442446442446,1,0
Jess,belle-v-neck-forgiver-tunic#Scarlett,ruffle-top-4#Terracotta,random,0.29836136086136084,1,0
Jess,belle-v-neck-forgiver-tunic#Tobacco,eco-78-long-cardigan#DarkGreyM,hard,0.22632922632922634,1,0
Jess,belle-v-neck-forgiver-tunic#Tobacco,celestial-woven-top#White,semi-hard,0.34121434121434124,1,0
Jess,belle-v-neck-forgiver-tunic#Tobacco,the-stitch-v-neck-knit#DenimMarle,random,0.5325276575276575,1,0
Jess,belle-v-neck-forgiver-tunic#White,reversible-stripe-vee-scoop-neck-tank#BlackWhite,hard,0.24089105339105338,1,0
Jess,belle-v-neck-forgiver-tunic#White,the-zip-detail-jacket#Grey,semi-hard,0.3734217171717172,1,0
Jess,belle-v-neck-forgiver-tunic#White,aigli-top#White,random,0.3093295593295593,1,0
Jess,birds-tee-1#Navy,endeavor-long-sleeve-tee#Stripe,hard,0.09090909090909091,1,0
Jess,birds-tee-1#Navy,heart-spliced-top#Navy,semi-hard,0.3565670440670441,1,0
Jess,birds-tee-1#Navy,foil-striped-2-in-1-top#Blue,random,0.38026094276094274,1,0
Jess,blue-waters-cotton-blouse#White,layered-top-2#Navy,hard,0.2388028638028638,1,0
Jess,blue-waters-cotton-blouse#White,ruffle-top-4#Black,semi-hard,0.29836136086136084,1,0
Jess,blue-waters-cotton-blouse#White,the-cross-over-blouse#Black,random,0.4322986041736041,1,0
Jess,border-stripe-knit#WhitePink,aztec-cardigan#BlackIvory,hard,0.2241751304251304,1,0
Jess,border-stripe-knit#WhitePink,kimono-and-me-cardi#DustyPink,semi-hard,0.34220640470640473,1,0
Jess,border-stripe-knit#WhitePink,marlow-cardigan#Cream,random,0.3331494893994894,1,0
Jess,butterfly-blouse-1#Ivory,34-sleeve-shirt-1#SkyWhite,hard,0.21076319513819514,1,0
Jess,butterfly-blouse-1#Ivory,the-french-cuff-shirt#White,semi-hard,0.37200820013320013,1,0
Jess,butterfly-blouse-1#Ivory,eco-78-long-cardigan#LightGreyM,random,0.22632922632922634,1,0
Jess,butterfly-kisses-tee#Green,colourblock-cardi#NavyRed,hard,0.2156697469197469,1,0
Jess,butterfly-kisses-tee#Green,geneva-v-neck-top#ClaySpot,semi-hard,0.36175283050283047,1,0
Jess,butterfly-kisses-tee#Green,the-pocket-tee#NavyStripe,random,0.416065416065416,1,0
Jess,butterfly-kisses-tee#MustardStr,cara-tee-4#BlackWhite,hard,0.23342976467976467,1,0
Jess,butterfly-kisses-tee#MustardStr,falling-for-you-tunic#Black,semi-hard,0.3385434010434011,1,0
Jess,butterfly-kisses-tee#MustardStr,monaco-sweater#BlackCream,random,0.3412698412698412,1,0
Jess,butterfly-kisses-tee#Stripe,lake-house-top#CoalPrint,hard,0.23566537629037632,1,0
Jess,butterfly-kisses-tee#Stripe,spliced-lace-panel-tee#White,semi-hard,0.35179172679172677,1,0
Jess,butterfly-kisses-tee#Stripe,the-shoulder-tie-top#Black,random,0.5040081446331446,1,0
Jess,buttoned-top#Spotty,the-reversible-cowl-neck-top-2#Ocean,hard,0.2280757437007437,1,0
Jess,buttoned-top#Spotty,tia-boyfriend-shirt#White,semi-hard,0.3015699578199579,1,0
Jess,buttoned-top#Spotty,crosses-jumper#xmyheart,random,0.4154040404040404,1,0
Jess,contrast-stripe-sweater#Pockets,cara-tee-3#ZebraPrint,hard,0.2348502192252192,1,0
Jess,contrast-stripe-sweater#Pockets,2-in-1-layered-top-1#NavyWhite,semi-hard,0.360479797979798,1,0
Jess,contrast-stripe-sweater#Pockets,capri-tank-6#HeatheGrey,random,0.268382659007659,1,0
Jess,cotton-stripe-cardi-with-pockets#White,cara-tee-4#Black,hard,0.23342976467976467,1,0
Jess,cotton-stripe-cardi-with-pockets#White,not-today-buttoned-cardigan#Almond,semi-hard,0.35984848484848486,1,0
Jess,cotton-stripe-cardi-with-pockets#White,vivid-dreams-blouse#Dusty%20Rose,random,0.2533993783993784,1,0
Jess,cross-my-heart-bamboo-slouch-tee#White,born-to-run-shirt-jacket#Leopard,hard,0.19895729270729273,1,0
Jess,cross-my-heart-bamboo-slouch-tee#White,the-relaxed-long-sleeve-tee#White,semi-hard,0.35843554593554594,1,0
Jess,cross-my-heart-bamboo-slouch-tee#White,fundamental-vee-tee#Navy,random,0.2554563492063492,1,0
Jess,cross-my-heart-sweater#Regal,pocket-shirt-1#Ivory,hard,0.2446997446997447,1,0
Jess,cross-my-heart-sweater#Regal,the-dobby-sleeve-tee#InkBlue,semi-hard,0.3922558922558923,1,0
Jess,cross-my-heart-sweater#Regal,still-the-one-ruffle-blouse#Spot,random,0.3082438394938395,1,0
Jess,crossing-the-plains-sweater-1#Indigo,layered-top-2#White,hard,0.2388028638028638,1,0
Jess,crossing-the-plains-sweater-1#Indigo,lucy-rib-oversized-top#WhiteGrey,semi-hard,0.31539814352314355,1,0
Jess,crossing-the-plains-sweater-1#Indigo,wellington-tee#Black,random,0.37585331335331335,1,0
Jess,cyrus-top#LightRose,meadow-cardigan#Cream,hard,0.21182810245310246,1,0
Jess,cyrus-top#LightRose,spiced-stripe-tee#NavyWhite,semi-hard,0.31467664280164276,1,0
Jess,cyrus-top#LightRose,sequin-heart-layered-top#Natural,random,0.4690777972027972,1,0
Jess,daisy-chain-tassel-blouse#DeepBlue,mila-knit-cardigan#InkWhite,hard,0.21729312354312352,1,0
Jess,daisy-chain-tassel-blouse#DeepBlue,hacienda-tunic-5#PatchGold,semi-hard,0.31738400488400487,1,0
Jess,daisy-chain-tassel-blouse#DeepBlue,alberta-stripe-top#IvoryStrip,random,0.31215832778332775,1,0
Jess,daisy-top-1#BrightBlue,the-longline-cardi-1#GreyMarle,hard,0.21301441613941616,1,0
Jess,daisy-top-1#BrightBlue,maui-stretch-tee#Black,semi-hard,0.3279394216894217,1,0
Jess,daisy-top-1#BrightBlue,to-the-beat-of-the-drum-kimono#Leaf,random,0.36853655603655605,1,0
Jess,ditzy-floral-ruffle-blouse#DitzyFlora,aztec-cardigan#Orange,hard,0.2241751304251304,1,0
Jess,ditzy-floral-ruffle-blouse#DitzyFlora,layered-sleeve-top#DarkBlue,semi-hard,0.39137251637251635,1,0
Jess,ditzy-floral-ruffle-blouse#DitzyFlora,luxe-shirt#Navy,random,0.32515632515632514,1,0
Jess,diva-ruffle-jumper#Gold%20Spot,manhattan-stretch-tee#White,hard,0.2330256549006549,1,0
Jess,diva-ruffle-jumper#Gold%20Spot,seeker-knot-front-shirt#Olive,semi-hard,0.299098470973471,1,0
Jess,diva-ruffle-jumper#Gold%20Spot,the-midi-waterfall-cardi#BlueMarle,random,0.39170898545898547,1,0
Jess,double-layered-top-1#WBlack,cara-tee-3#Mustard,hard,0.2348502192252192,1,0
Jess,double-layered-top-1#WBlack,raspberry-ls-tee#WhiteRaspb,semi-hard,0.3015023171273171,1,0
Jess,double-layered-top-1#WBlack,frill-me-tie-throw-on#WhiteBlk,random,0.3157484876234876,1,0
Jess,double-layered-top-1#WSilver,always-mine-v-neck-knit#Terracotta,semi-hard,0.3051549145299145,1,0
Jess,double-layered-top-1#WSilver,the-boat-neck-top#Navy,random,0.4597277722277722,1,0
Jess,drama-top#BlackGrey,first-love-kimono-jacket#Stone,semi-hard,0.36485389610389607,1,0
Jess,drama-top#BlackGrey,paradising-buttoned-shirt#Wheat,random,0.26361832611832614,1,0
Jess,everyday-linen-tunic#BotanicalB,in-transit-cardi#Navy,semi-hard,0.3970439282939283,1,0
Jess,everyday-linen-tunic#BotanicalB,bamboo-layer-tank#Black,random,0.3251175907425907,1,0
Jess,falling-for-you-cardi#Black,2-in-1-layered-top-1#PinkWhite,semi-hard,0.360479797979798,1,0
Jess,falling-for-you-cardi#Black,partly-cloudy-knit#Black,random,0.5614478114478114,1,0
Jess,falling-for-you-cardi#Dusty,cotton-cashmere-v-neck-knit#Navy,semi-hard,0.3185026778776779,1,0
Jess,falling-for-you-cardi#Dusty,the-tie-layering-knit#Grey,random,0.6238344988344988,1,0
Jess,falling-for-you-cardi#GreyMarle,the-side-ring-detail-blouse-1#Black,semi-hard,0.3347936785436786,1,0
Jess,falling-for-you-cardi#GreyMarle,cuddled-longline-cardigan#Sunflower,random,0.24581494893994893,1,0
Jess,falling-for-you-cardi#Khaki,linen-v-neck-cami-2#BlueWhite,semi-hard,0.2986770174270174,1,0
Jess,falling-for-you-cardi#Khaki,skipping-stones-tunic#Forest,random,0.48239260739260736,1,0
Jess,falling-for-you-cardi#Mustard,always-mine-spliced-cardigan#GreyEmeral,semi-hard,0.31873855311355315,1,0
Jess,falling-for-you-cardi#Mustard,weekend-cardigan#Black,random,0.2466474497724498,1,0
Jess,falling-for-you-cardi#Navy,softly-swinging-bamboo-singlet#BlueJean,semi-hard,0.385721916971917,1,0
Jess,falling-for-you-cardi#Navy,bird-print-jumper#Navy,random,0.30928099678099674,1,0
Jess,falling-for-you-cardi#Port,the-tie-sleeve-blouse#Grey,semi-hard,0.31938547563547565,1,0
Jess,falling-for-you-cardi#Port,snake-print-johnny-collar-top#BeigeSnake,random,0.3368402430902431,1,0
Jess,falling-for-you-cardi#Rust,the-half-sleeve-tee#Black,semi-hard,0.3432175463425463,1,0
Jess,falling-for-you-cardi#Rust,the-boat-neck-top-1#Ink,random,0.4435911310911311,1,0
Jess,falling-for-you-cardi#Teal,indi-crosover-front-blouse#MixedStrip,semi-hard,0.2971218596218596,1,0
Jess,falling-for-you-cardi#Teal,floral-blouse-2#NavyMulti,random,0.30489822677322675,1,0
Jess,falling-for-you-cardi-1#GreyGarden,the-stripe-pocket-tank#Stripe,semi-hard,0.36478567728567723,1,0
Jess,falling-for-you-cardi-1#GreyGarden,the-relaxed-long-sleeve-tee#Navy,random,0.35843554593554594,1,0
Jess,falling-for-you-top#Blue,nuzuri-longline-cardi#Forest,semi-hard,0.32362313612313615,1,0
Jess,falling-for-you-top#Blue,york-linen-blend-long-cardigan#BurntOrang,random,0.24528596403596403,1,0
Jess,fern-print-top#Navy,soho-ruffle-jumper#OatmealMar,semi-hard,0.3441627816627817,1,0
Jess,fern-print-top#Navy,henson-jumper#Cream,random,0.29006410256410253,1,0
Jess,first-mix-top-1#BlackWhite,the-roll-neck-sweater#Natural,semi-hard,0.35299422799422797,1,0
Jess,first-mix-top-1#BlackWhite,hacienda-tunic-pushkar#Cornflower,random,0.36441336441336436,1,0
Jess,for-the-frill-top#Ivory,the-weekender-shirt#DenimStrip,semi-hard,0.3897306397306397,1,0
Jess,for-the-frill-top#Ivory,makeover-blouse#LimeGreen,random,0.625,1,0
Jess,freya-fringe-blouse#Navy,belle-two-in-one-top#Charcoal,semi-hard,0.3137591575091575,1,0
Jess,freya-fringe-blouse#Navy,the-tie-front-tank#Navy,random,0.3628715034965035,1,0
Jess,hem-frill-stripe-top#Frilled,jordan-top#PearlBlue,semi-hard,0.3402812465312465,1,0
Jess,hem-frill-stripe-top#Frilled,amira-sweater#Cream,random,0.30212842712842713,1,0
Jess,hem-frill-stripe-top#SoFrilled,the-tie-front-top#Navy,semi-hard,0.3298871267621268,1,0
Jess,hem-frill-stripe-top#SoFrilled,the-contrast-trim-knit#BlackWhite,random,0.4119318181818182,1,0
Jess,icing-sugar-top#Ivory,bamboo-layer-tank#Chalk,semi-hard,0.3251175907425907,1,0
Jess,icing-sugar-top#Ivory,the-reverse-sleeve-sweater#Navy,random,0.4719794094794095,1,0
Jess,ines-top#NavyStrip,kimono-and-me-cardi#Sand,semi-hard,0.34220640470640473,1,0
Jess,ines-top#NavyStrip,weekend-tunic#Navy,random,0.5535558191808192,1,0
Jess,jasmine-singlet#White,the-reversible-cowl-neck-top-1#White,semi-hard,0.31338973526473524,1,0
Jess,jasmine-singlet#White,irena-embroidered-blouse#DustyRose,random,0.28316475191475193,1,0
Jess,karmen-top#HighRiskRe,funnel-neck-knit-jumper#BlueMulti,semi-hard,0.3258304195804196,1,0
Jess,karmen-top#HighRiskRe,ally-long-sleeve-tee#CosmosPr,random,0.2526882839382839,1,0
Jess,laurina-stripe-pullover#NightSky,geneva-v-neck-top#HeatheGrey,semi-hard,0.36175283050283047,1,0
Jess,laurina-stripe-pullover#NightSky,collared-shirt-1#White,random,0.2667748917748918,1,0
Jess,layer-me-bamboo-rouched-sleeve-tee#Black,malibu-cardigan#Wine,semi-hard,0.30354714729714727,1,0
Jess,layer-me-bamboo-rouched-sleeve-tee#Black,faith-jumper#Eventide,random,0.28250222000222,1,0
Jess,layer-me-bamboo-rouched-sleeve-tee#Copper,heartmade-sweater#Rust,semi-hard,0.3788480038480038,1,0
Jess,layer-me-bamboo-rouched-sleeve-tee#Copper,holly-rib-long-sleeve-tee#WhiteGrey,random,0.26078262015762016,1,0
Jess,layer-me-bamboo-rouched-sleeve-tee#Fern,nature-ls-top#BlueGum,semi-hard,0.36416534854034854,1,0
Jess,layer-me-bamboo-rouched-sleeve-tee#Fern,peasant-top-3#Denim,random,0.5440826534576535,1,0
Jess,layer-me-bamboo-rouched-sleeve-tee#White,2-in-1-jumper#Navy,semi-hard,0.36163315850815847,1,0
Jess,layer-me-bamboo-rouched-sleeve-tee#White,the-slouch-pocket-tee#Stripe,random,0.45075757575757575,1,0
Jess,layer-top-1#Navy,you-at-my-shoulder-tunic#Black,semi-hard,0.3330176767676768,1,0
Jess,layer-top-1#Navy,millie-top#Moss,random,0.24527382339882342,1,0
Jess,layered-tee-2#Black,luxe-shirt#Champagne,semi-hard,0.32515632515632514,1,0
Jess,layered-tee-2#Black,the-box-top#Blush,random,0.4748075998075998,1,0
Jess,layered-tee-2#White,horizontal-cabel-pullover#EnglishRos,semi-hard,0.296009546009546,1,0
Jess,layered-tee-2#White,the-soft-overlay-top#Pink,random,0.799849456099456,1,0
Jess,layered-tunic-1#Natural,ashbury-cardigan#Mocha,semi-hard,0.29650557775557773,1,0
Jess,layered-tunic-1#Natural,delicado-top#White,random,0.5881757131757132,1,0
Jess,layered-tunic-1#PalePink,luxe-shirt#Black,semi-hard,0.32515632515632514,1,0
Jess,layered-tunic-1#PalePink,the-long-sleeve-scoop-neck-tee#White,random,0.3980429292929293,1,0
Jess,layered-tunic-1#White,variegated-rib-knit#Silver,semi-hard,0.3613938145188145,1,0
Jess,layered-tunic-1#White,batty-about-you-cotton-tee#BlkWhite,random,0.4816607004107004,1,0
Jess,lenka-lurex-stripe-blouse#NavyGoldSt,the-tie-front-top#Black,semi-hard,0.3298871267621268,1,0
Jess,lenka-lurex-stripe-blouse#NavyGoldSt,maui-stretch-tee#Navy,random,0.3279394216894217,1,0
Jess,linen-cotton-shirt#White,tie-back-bell-sleeve-top-5#Summerbud,semi-hard,0.3262987012987013,1,0
Jess,linen-cotton-shirt#White,cable-knit-sweater#Camel,random,0.2525651431901432,1,0
Jess,long-sleeve-ruffle-shirt#Black,the-printed-side-ring-detail-blouse#Block,semi-hard,0.3347936785436786,1,0
Jess,long-sleeve-ruffle-shirt#Black,the-everyday-shirt#Midnight,random,0.4936816655566655,1,0
Jess,long-sleeve-ruffle-shirt#Navy,the-long-sleeve-scoop-neck-tee#Black,semi-hard,0.3980429292929293,1,0
Jess,long-sleeve-ruffle-shirt#Navy,the-asymmetrical-tank-top#HotPink,random,0.464086260961261,1,0
Jess,long-sleeve-ruffle-shirt#White,the-cotton-cardi#Navy,semi-hard,0.3595328282828283,1,0
Jess,long-sleeve-ruffle-shirt#White,chill-out-slouch-top#GreyMarle,random,0.6297018953268954,1,0
Jess,long-sleeve-softly-swinging-bamboo-tee#Black,the-dobby-sleeve-tee#White,semi-hard,0.3922558922558923,1,0
Jess,long-sleeve-softly-swinging-bamboo-tee#Black,print-tee-3#Bike,random,0.5676106301106301,1,0
Jess,long-sleeve-softly-swinging-bamboo-tee#BlueJeans,the-lace-trim-top#Ivory,semi-hard,0.3935485810485811,1,0
Jess,long-sleeve-softly-swinging-bamboo-tee#BlueJeans,relaxed-v-neck-knit#Silver,random,0.25114468864468864,1,0
Jess,long-sleeve-softly-swinging-bamboo-tee#Cashew,jewel-knit#GreyMarle,semi-hard,0.36885510323010323,1,0
Jess,long-sleeve-softly-swinging-bamboo-tee#Cashew,spot-layered-tee#Blue,random,0.45610119047619047,1,0
Jess,long-sleeve-softly-swinging-bamboo-tee#Combat,fundamental-sydney-crew#Burgundy,semi-hard,0.33359348984348985,1,0
Jess,long-sleeve-softly-swinging-bamboo-tee#Combat,abigail-stripe-shirt#BlackStrip,random,0.45837148962148966,1,0
Jess,long-sleeve-softly-swinging-bamboo-tee#Copper,walk-in-the-park-cardi#Sand,semi-hard,0.384502072002072,1,0
Jess,long-sleeve-softly-swinging-bamboo-tee#Copper,sand-queen-throw-blouse#Fleur,random,0.5427026677026677,1,0
Jess,long-sleeve-softly-swinging-bamboo-tee#DuckEgg,the-ultimate-tie-cardi#Port,semi-hard,0.34965728715728717,1,0
Jess,long-sleeve-softly-swinging-bamboo-tee#DuckEgg,2-in-1-layered-knit-top#Khaki,random,0.4067026723276723,1,0
Jess,long-sleeve-softly-swinging-bamboo-tee#Fern,geneva-v-neck-top#Black,semi-hard,0.36175283050283047,1,0
Jess,long-sleeve-softly-swinging-bamboo-tee#Fern,dream-girl-ruffle-jumper#SoftPink,random,0.27998390498390496,1,0
Jess,long-sleeve-softly-swinging-bamboo-tee#Navy,fundamental-split-hoodie#Navy,semi-hard,0.371975246975247,1,0
Jess,long-sleeve-softly-swinging-bamboo-tee#Navy,the-excess-shirt#Pearl,random,0.29407051282051283,1,0
Jess,long-sleeve-softly-swinging-bamboo-tee#Oyster,ava-short-sleeve-linen-tee#Navy,semi-hard,0.30260017760017766,1,0
Jess,long-sleeve-softly-swinging-bamboo-tee#Oyster,half-sleeve-fluffy-knit#Ivory,random,0.4676469363969364,1,0
Jess,long-sleeve-softly-swinging-bamboo-tee#SilverScon,fundamental-split-hoodie#Pink,semi-hard,0.371975246975247,1,0
Jess,long-sleeve-softly-swinging-bamboo-tee#SilverScon,the-contrast-knit-1#Sage,random,0.45472351722351717,1,0
Jess,long-sleeve-softly-swinging-bamboo-tee#Smoke,prickly-cactus-crew#Pink,semi-hard,0.32912920412920416,1,0
Jess,long-sleeve-softly-swinging-bamboo-tee#Smoke,paisley-top-1#Paisley,random,0.32703060828060826,1,0
Jess,long-sleeve-softly-swinging-bamboo-tee#Storm,the-half-sleeve-tee#White,semi-hard,0.3432175463425463,1,0
Jess,long-sleeve-softly-swinging-bamboo-tee#Storm,cascade-hood-top#Black,random,0.3778738622488622,1,0
Jess,long-sleeve-softly-swinging-bamboo-tee#TeaRose,the-reversible-cowl-neck-top-1#Black,semi-hard,0.31338973526473524,1,0
Jess,long-sleeve-softly-swinging-bamboo-tee#TeaRose,nova-lux-long-sleeve-tie-top-1#NightSky,random,0.26402417027417024,1,0
Jess,long-sleeve-softly-swinging-bamboo-tee#White,frill-blouse#Rust,semi-hard,0.317269536019536,1,0
Jess,long-sleeve-softly-swinging-bamboo-tee#White,striped-sleeve-sweater#Striped,random,0.8974358974358975,1,0
Jess,long-sleeve-spot-top#Multispot,animal-knit-1#Animal,semi-hard,0.3506007881007881,1,0
Jess,long-sleeve-spot-top#Multispot,capri-tank-6#Olive,random,0.268382659007659,1,0
Jess,lurex-stitch-top#White,wellington-tee#ClaySpot,semi-hard,0.37585331335331335,1,0
Jess,lurex-stitch-top#White,leopard-print-kimono#GoldMulti,random,0.45251623376623373,1,0
Jess,marjorie-tie-blouse#BluePrint,ella-funnel-neck-top#Khaki,semi-hard,0.3623130341880342,1,0
Jess,marjorie-tie-blouse#BluePrint,print-tee-3#Boats,random,0.5676106301106301,1,0
Jess,natural-classic-cardigan#Pebble,ava-short-sleeve-linen-tee#Blush,semi-hard,0.30260017760017766,1,0
Jess,natural-classic-cardigan#Pebble,printed-tunic-7#RedCheck,random,0.39630161505161504,1,0
Jess,natural-cosy-sweater#Rosered,falling-for-you-cardi-2#WinterRose,semi-hard,0.3409090909090909,1,0
Jess,natural-cosy-sweater#Rosered,on-the-horizon-swing-top-1#Khaki,random,0.6528679653679653,1,0
Jess,natural-cropped-sleeve-knit#Cloudcover,the-tie-front-tank#White,semi-hard,0.3628715034965035,1,0
Jess,natural-cropped-sleeve-knit#Cloudcover,adventurous-hoody#Pink,random,0.47481164668664666,1,0
Jess,natural-cross-back-knit#Lightsmoke,the-zip-front-top#Rose,semi-hard,0.37255626318126317,1,0
Jess,natural-cross-back-knit#Lightsmoke,the-oversized-cotton-blend-shirt#Navy,random,0.6756923631923631,1,0
Jess,natural-crossover-knit-1#Stormcloud,the-twist-hem-jumper#DenimMarle,semi-hard,0.38257575757575757,1,0
Jess,natural-crossover-knit-1#Stormcloud,the-luxe-cotton-tunic#White,random,0.4454763986013986,1,0
Jess,natural-detailed-sweater#Tinroof,long-sleeve-layer-top#Navy,semi-hard,0.3573405760905761,1,0
Jess,natural-detailed-sweater#Tinroof,sequin-cross-2-in-1-top#Navy,random,0.29150190087690087,1,0
Jess,natural-extra-fine-sweater#Snowgum,jade-kimono-kaleidoscope#Blue,semi-hard,0.37827681577681577,1,0
Jess,natural-extra-fine-sweater#Snowgum,selma-top-1#IndoStripe,random,0.413629773004773,1,0
Jess,natural-overlay-knit#Greybloss,mauevewood-crew#YellowWhit,semi-hard,0.3478951603951604,1,0
Jess,natural-overlay-knit#Greybloss,ivy-cosy-pullover#Blossom,random,0.46191829004329,1,0
Jess,natural-pattern-cocoon-cardigan#Blossom,fundamental-sydney-crew#Navy,semi-hard,0.33359348984348985,1,0
Jess,natural-pattern-cocoon-cardigan#Blossom,bodega-knit#Moss,random,0.6151331307581307,1,0
Jess,natural-textured-poncho#Deeprain,cover-up-slouch-cardi#Alloy,semi-hard,0.33685238372738374,1,0
Jess,natural-textured-poncho#Deeprain,dusk-top#DuskPrint,random,0.25497592685092685,1,0
Jess,natural-tie-tunic#BlueSky,messina-v-neck-tee#Black,semi-hard,0.3229062604062604,1,0
Jess,natural-tie-tunic#BlueSky,the-cross-over-printed-blouse#Leopard,random,0.46897200022200025,1,0
Jess,natural-waterfall-cardigan#Fallendust,malibu-cardigan#Navy,semi-hard,0.30354714729714727,1,0
Jess,natural-waterfall-cardigan#Fallendust,the-cosy-cardigan#Blue,random,0.4567550505050505,1,0
Jess,off-shoulder-top-1#Strawberry,heartmade-cardi#DustyRose,semi-hard,0.3035141941391941,1,0
Jess,off-shoulder-top-1#Strawberry,print-tee-3#Music,random,0.5676106301106301,1,0
Jess,oregon-safari-embroidered-top#White,ruffle-hem-jersey-top#Pink,semi-hard,0.3221396658896659,1,0
Jess,oregon-safari-embroidered-top#White,flow-with-me-slouch-top#Brick,random,0.8245226995226995,1,0
Jess,paige-top#Black,layla-long-line-kimono#MultiStrip,semi-hard,0.39453948828948826,1,0
Jess,paige-top#Black,tutti-frutti-drop-shoulder-tee#Orange,random,0.2700667388167388,1,0
Jess,patchwork-tunic#Patchwork,block-vest#Blockvest,semi-hard,0.33887119824619827,1,0
Jess,patchwork-tunic#Patchwork,the-cross-over-poncho#Grey,random,0.2883852258852259,1,0
Jess,picnic-top#BlackWhite,willow-knot-top#WhiteBlk,semi-hard,0.31757131757131757,1,0
Jess,picnic-top#BlackWhite,multi-sequin-dot-stripe-top#Navy,random,0.2665945165945166,1,0
Jess,prairie-romance-blouse#Blush,aigli-top#Navy,semi-hard,0.3093295593295593,1,0
Jess,prairie-romance-blouse#Blush,arizona-off-the-shoulder-top#Khaki,random,0.2771672771672772,1,0
Jess,print-shirt-1#Blush,bertie-top#Black,semi-hard,0.33870469807969805,1,0
Jess,print-shirt-1#Blush,tuck-layer-shirt#White,random,0.681041181041181,1,0
Jess,relaxed-top-1#FloraStrip,the-relaxed-long-sleeve-tee#Khaki,semi-hard,0.35843554593554594,1,0
Jess,relaxed-top-1#FloraStrip,the-cross-over-blouse#RoyalBlue,random,0.4322986041736041,1,0
Jess,reversible-scoopv-neck-tank#Black,maui-stretch-tee#White,semi-hard,0.3279394216894217,1,0
Jess,reversible-scoopv-neck-tank#Black,the-linen-tie-sleeve-top#GreyMarle,random,0.4884733322233322,1,0
Jess,reversible-scoopv-neck-tank#Navy,agra-shirt#White,semi-hard,0.3511106948606948,1,0
Jess,reversible-scoopv-neck-tank#Navy,milan-stretch-top#SilverMarl,random,0.4124902874902875,1,0
Jess,reversible-scoopv-neck-tank#White,natural-rolled-neck-tunic#BlueDam,semi-hard,0.31334175084175087,1,0
Jess,reversible-scoopv-neck-tank#White,the-asymmetrical-tank-top#Indigo,random,0.464086260961261,1,0
Jess,ricki-one-shoulder-top#BlackWhite,the-ultimate-tie-cardi#Black,semi-hard,0.34965728715728717,1,0
Jess,ricki-one-shoulder-top#BlackWhite,rib-tank-2#Navy,random,0.2543584887334887,1,0
Jess,rika-top#BatikTile,emerald-knit#Emerald,semi-hard,0.2975132506382506,1,0
Jess,rika-top#BatikTile,the-roll-neck-sleeveless-top-1#Black,random,0.42737297424797427,1,0
Jess,rise-top#Ink,baobab-sweater#Bark,semi-hard,0.3807118807118807,1,0
Jess,rise-top#Ink,the-relax-blouse#White,random,0.29567134254634253,1,0
Jess,runaway-top#JetBlack,lola-bell-sleeve-top-ditsy-daisies#Blue,semi-hard,0.38335738335738334,1,0
Jess,runaway-top#JetBlack,the-cross-over-blouse#Mint,random,0.4322986041736041,1,0
Jess,runaway-top#Sand,lola-bell-sleeve-top-entangled-vines#Gold,semi-hard,0.38335738335738334,1,0
Jess,runaway-top#Sand,meredith-78-oversized-pullover-knit#CameoRose,random,0.8136493136493136,1,0
Jess,runaway-top#SoftMint,block-sweater#Block,semi-hard,0.3013531607281607,1,0
Jess,runaway-top#SoftMint,never-ending-winter-knit-top#DeluxeGree,random,0.5906853563103562,1,0
Jess,runaway-top#SoftPink,ponte-spot-top#BlackWhite,semi-hard,0.39500256687756685,1,0
Jess,runaway-top#SoftPink,sugar-snaps-round-neck-layer-tank#White,random,0.4875385031635032,1,0
Jess,sailaway-blouse#OxfordBlue,layered-sleeve-top#Moss,semi-hard,0.39137251637251635,1,0
Jess,sailaway-blouse#OxfordBlue,the-flutter-sleeve-top#SnakePrint,random,0.43247955747955746,1,0
Jess,sandy-off-the-shoulder-top#Gingham,the-stripe-jersey-top#Blue,semi-hard,0.34908494283494285,1,0
Jess,sandy-off-the-shoulder-top#Gingham,rory-spliced-zip-hoodie#Silver,random,0.2927853396603397,1,0
Jess,sequin-star-tee#Navy,longline-cardigan-2#Pink,semi-hard,0.3142135642135642,1,0
Jess,sequin-star-tee#Navy,gloria-applique-crew#Charcoal,random,0.2609213702963703,1,0
Jess,shirt-in-a-box#Silver,the-weekender-shirt#GreyStripe,semi-hard,0.3897306397306397,1,0
Jess,shirt-in-a-box#Silver,art-deco-print-top#NavyWhite,random,0.2914810883560883,1,0
Jess,silver-dot-tie-sleeve-blouse#SilverDotP,the-panel-hem-top#DenimMarle,semi-hard,0.33698419635919635,1,0
Jess,silver-dot-tie-sleeve-blouse#SilverDotP,the-cross-over-poncho#Navy,random,0.2883852258852259,1,0
Jess,softly-falling-bamboo-tunic#Copper,the-stripe-jersey-top#Pink,semi-hard,0.34908494283494285,1,0
Jess,softly-falling-bamboo-tunic#Copper,the-pirate-in-me-shirt#White,random,0.5762206543456543,1,0
Jess,softly-falling-bamboo-tunic#White,long-sleeve-layer-top#White,semi-hard,0.3573405760905761,1,0
Jess,softly-falling-bamboo-tunic#White,fluid-tunic-top#White,random,0.2831508769008769,1,0
Jess,softly-swinging-bamboo-tee#Black,bertie-top#BlkCherry,semi-hard,0.33870469807969805,1,0
Jess,softly-swinging-bamboo-tee#Black,silver-cross-sweater#Silver,random,0.2795954045954046,1,0
Jess,softly-swinging-bamboo-tee#BlueJeans,the-frill-detail-blouse#Chambray,random,0.47383345820845824,1,0
Jess,softly-swinging-bamboo-tee#Blush,fundamental-split-hoodie-1#Lilac,random,0.4599289599289599,1,0
Jess,softly-swinging-bamboo-tee#Cashew,printed-v-neck-top#Striped,random,0.40157527657527653,1,0
Jess,softly-swinging-bamboo-tee#Chambray,lavaux-bell-sleeve#Mustard,random,0.7514100482850483,1,0
Jess,softly-swinging-bamboo-tee#Copper,grace-oversized-knit#InkWhite,random,0.47191870629370625,1,0
Jess,softly-swinging-bamboo-tee#Jewel,the-pocket-tee#GreyStripe,random,0.416065416065416,1,0
Jess,softly-swinging-bamboo-tee#Navy,weekend-vibes-blouse#Blush,random,0.5330502830502831,1,0
Jess,softly-swinging-bamboo-tee#Starfish,rib-tank-2#White,random,0.2543584887334887,1,0
Jess,softly-swinging-bamboo-tee#Storm,meera-oversized-shirt#Mint,random,0.45025460650460647,1,0
Jess,softly-swinging-bamboo-tee#TeaRose,daylight-jumper#Silver,random,0.40481567044067046,1,0
Jess,softly-swinging-bamboo-tee#White,the-double-layer-top#White,random,0.5451995920745921,1,0
Jess,sontana-blouse#Stone,sugar-snaps-round-neck-layer-tank#Black,random,0.4875385031635032,1,0
Jess,starry-night-cardi#Chalk,high-neck-tie-top#Black,random,0.2882881007881008,1,0
Jess,sugar-snaps-layers-tank#Black,holly-rib-long-sleeve-tee#Khaki,random,0.26078262015762016,1,0
Jess,sugar-snaps-layers-tank#Blue,haze-swing-top#OffWhite,random,0.5435444185444186,1,0
Jess,sugar-snaps-layers-tank#DeepCobalt,the-long-sleeve-scoop-neck-tee#Navy,random,0.3980429292929293,1,0
Jess,sugar-snaps-layers-tank#DuckEgg,kimberly-spliced-top#Black,random,0.27170399045399046,1,0
Jess,sugar-snaps-layers-tank#Mint,sequin-spot-shirt#Blue,random,0.41395583583083584,1,0
Jess,sugar-snaps-layers-tank#NewBeige,vivian-blouse#Check,random,0.2715010683760684,1,0
Jess,sugar-snaps-layers-tank#PeachyKeen,the-zip-front-blouse#Khaki,random,0.5663040663040663,1,0
Jess,sugar-snaps-layers-tank#Red,the-frill-wrap-blouse#Spot,random,0.29454920079920077,1,0
Jess,sugar-snaps-layers-tank#SeaGreen,the-cotton-blend-stripe-jumper#BlueStripe,random,0.41035353535353536,1,0
Jess,sugar-snaps-layers-tank#White,bubbles-print-tee#Cambridge,random,0.2491518897768898,1,0
Jess,summer-whispers-kimono-1#Peacock,back-to-you-top#Rust,random,0.2529727217227217,1,0
Jess,sunshine-in-me-tee-1#GreyMarle,midtown-ruffle-shirt#BoldRed,random,0.42110493672993676,1,0
Jess,sunshine-in-me-tee-1#White,boho-embroidered-top#BohoDenim,random,0.28789613164613165,1,0
Jess,suri-bell-sleeve-top#GreyMarle,the-relaxed-batwing-top#PeachRose,random,0.6148388648388649,1,0
Jess,the-bamboo-tunic-dress#Khaki,the-long-sleeve-v-neck-tee#White,random,0.2566790848040848,1,0
Jess,the-batwing-tee#Black,neptune-top-1#PrimBlack,random,0.2866144272394272,1,0
Jess,the-batwing-tee#FrenchBlue,moonlight-kisses-bamboo-tee#Saffron,random,0.40669226606726605,1,0
Jess,the-batwing-tee#Sea,cotton-modal-print-top#PinkNavy,random,0.2704500360750361,1,0
Jess,the-batwing-tee#Stone,sadie-crew#GreyMarle,random,0.44727032227032226,1,0
Jess,the-bonded-cotton-shirt#Pink,striped-cardigan-3#Rainbow,random,0.2611231361231361,1,0
Jess,the-bonded-cotton-tunic-dress#Navy,partly-cloudy-knit#PawPaw,random,0.5614478114478114,1,0
Jess,the-button-up-swing-tunic#Wine,the-ruffle-sleeve-sweat#KhakiMarle,random,0.5429778554778555,1,0
Jess,the-cotton-bamboo-tank#Chambray,milan-34-sleeve-1#Melange,random,0.4124902874902875,1,0
Jess,the-cotton-bamboo-tank#DarkNavy,spliced-stripe-tunic#Navy,random,0.26221348096348096,1,0
Jess,the-cotton-bamboo-tank#DuckEgg,millie-top#WhiteBlk,random,0.24527382339882342,1,0
Jess,the-cotton-bamboo-tank#Moonbeam,stud-trim-long-sleeve-top#Mint,random,0.5294549200799201,1,0
Jess,the-cotton-bamboo-tank#White,bo-cosy-cardigan#Storm,random,0.2906641969141969,1,0
Jess,the-cotton-bamboo-tee#BlueJeans,the-boat-neck-top#Black,random,0.4597277722277722,1,0
Jess,the-cotton-bamboo-tee#DuckEgg,fundamental-vee-tee#GreyMarle,random,0.2554563492063492,1,0
Jess,the-cotton-bamboo-tee#DustyPink,beloved-stripe-pull-over-hoodie#NavyWhite,random,0.41282849095349095,1,0
Jess,the-cotton-bamboo-tee#White,the-tie-detail-hoody#Pink,random,0.47790404040404044,1,0
Jess,the-cross-front-spot-blouse#NavySpot,bo-cosy-cardigan#Blossom,random,0.2906641969141969,1,0
Jess,the-cross-front-spot-blouse#Spot,felicity-cardigan#Dewkist,random,0.48996373996374,1,0
Jess,the-crossover-2-way-blouse#Black,milan-stretch-top#White,random,0.4124902874902875,1,0
Jess,the-cut-out-shoulder-blouse#Black,york-linen-blend-top#BurntOrang,random,0.28137140637140634,1,0
Jess,the-cut-out-shoulder-blouse#Blue,kimono-top-36#BlueMarle,random,0.42673761423761425,1,0
Jess,the-cut-out-shoulder-blouse#Clay,lazy-daze-tee#Khaki,random,0.5327172827172827,1,0
Jess,the-cut-out-shoulder-blouse#Salmon,meredith-78-oversized-pullover-knit#WhiteCapGr,random,0.8136493136493136,1,0
Jess,the-cut-out-shoulder-blouse#Silver,ivy-cosy-pullover#Storm,random,0.46191829004329,1,0
Jess,the-cut-out-shoulder-blouse#White,the-cross-over-top#GreyStripe,random,0.5466686091686092,1,0
Jess,the-design-fold-tunic-top#PearlBlue,sugar-snaps-throw-jacket#White,random,0.6390033577533577,1,0
Jess,the-drape-tee-1#Black,summer-haze-top#Teal,random,0.5379325535575535,1,0
Jess,the-drape-tee-1#Navy,cooks-shirt#Stripes,random,0.27443910256410253,1,0
Jess,the-drape-tee-1#NavyStripe,nova-lux-solid-v-neck-placket-shirt#CloudDance,random,0.2544642857142857,1,0
Jess,the-drape-tee-1#Stripe,billow-top#Peach,random,0.6371787934287935,1,0
Jess,the-drape-tee-1#White,yvette-blouse#Black,random,0.42216117216117216,1,0
Jess,the-fleck-roll-neck-knit#Oatmeal,splice-knit-1#Multi,random,0.2753791347541348,1,0
Jess,the-layered-cross-over-top#Black,foil-2-in-1-spot-top#Charcoal,random,0.426791958041958,1,0
Jess,the-layered-cross-over-top#Navy,the-cascade-blouse#Auburn,random,0.42461531524031526,1,0
Jess,the-open-sleeve-blouse#Berry,geena-xo-ls-pullover-knit#Allure,random,0.26886308136308135,1,0
Jess,the-print-contrast-34-sleeve-top#Animal,the-shoulder-tie-top#Navy,random,0.5040081446331446,1,0
Jess,the-printed-v-neck-tee#White,beach-walk-shirt#Khaki,random,0.625,1,0
Jess,the-printed-v-split-top#Natural,relaxed-animal-print-blouse#Leopard,random,0.47775372775372776,1,0
Jess,the-short-sleeve-wrap-jersey-top#Black,moonlight-kisses-bamboo-tee#White,random,0.40669226606726605,1,0
Jess,the-short-sleeve-wrap-jersey-top#Blue,paint-stroke-top#Strokes,random,0.44796176046176045,1,0
Jess,the-short-sleeve-wrap-jersey-top#Emerald,millie-top#BlackSpot,random,0.24527382339882342,1,0
Jess,the-short-sleeve-wrap-jersey-top#NavyWhite,the-cotton-bamboo-ls-top#NavyStripe,random,0.3998617123617123,1,0
Jess,the-side-panel-drape-top#OffWhite,the-stella-tee#Marine,random,0.4351672632922633,1,0
Jess,the-sleeveless-cross-over-blouse#Black,tab-sleeve-longline-shirt#Navy,random,0.5191128316128316,1,0
Jess,the-sleeveless-cross-over-blouse#Chambray,monaco-knot-top#ClaySpot,random,0.265293734043734,1,0
Jess,the-sleeveless-cross-over-blouse#Cobalt,floating-by-you-blouse#SeaFleur,random,0.5317772505272504,1,0
Jess,the-sleeveless-cross-over-blouse#Mint,the-blouson-sleeve-jumper#Grey,random,0.47772597772597775,1,0
Jess,the-sleeveless-cross-over-blouse#Salmon,the-oversized-cotton-blend-shirt#Sand,random,0.6756923631923631,1,0
Jess,the-sleeveless-cross-over-blouse#Sunshine,overlay-top-2#Black,random,0.28168359418359423,1,0
Jess,the-sleeveless-cross-over-blouse#White,the-daily-essential-jumper#Grey,random,0.5521076146076146,1,0
Jess,the-spotted-tunic#GreySpot,the-essential-layering-tee#White,random,0.4344035594035594,1,0
Jess,the-spotted-tunic#NavySpot,dahlia-lace-trim-blouse#Dusk,random,0.28552523865023866,1,0
Jess,the-stitch-detail-top#Pink,the-swing-tank-top#Rose,random,0.5347135503385504,1,0
Jess,the-stitch-detail-top#SkyBlue,love-song-relaxed-blouse#SagePearl,random,0.4853531884781884,1,0
Jess,the-stripe-button-through-top#Coral,milan-stretch-top#NavyWhtStr,random,0.4124902874902875,1,0
Jess,the-stripe-crossover-blouse#Bluestripe,falling-flowers-cardi#GreyMarle,random,0.43595467032967034,1,0
Jess,the-stripe-tank-1#Hazelnut,the-soft-knit-jumper#PinkStripe,random,0.4217171717171717,1,0
Jess,the-striped-top#BlueStripe,the-stitch-v-neck-knit#PinkMarle,random,0.5325276575276575,1,0
Jess,the-v-split-blouse#Salmon,the-oversize-knit#Ink,random,0.7017045454545454,1,0
Jess,tracie-top#Black,flying-free-top-3#WhiteBird,random,0.430879884004884,1,0
Jess,tracie-top#Opal,this-mortal-coil-drape#StormClam,random,0.46706071706071706,1,0
Jess,waterfall-cardi-1#Black,layered-stripe-top#PinkStripe,random,0.4067026723276723,1,0
Jess,waterfall-cardi-1#Navy,clio-knit-jumper#InkWhite,random,0.49661680911680905,1,0
Jess,westward-top#BotanicalD,napoleon-top-1#NemoRed,random,0.27879065379065376,1,0
Jess,wrap-me-up-bamboo-top#Black,sugar-snaps-throw-jacket#Black,random,0.6390033577533577,1,0
Jess,wrap-me-up-bamboo-top#BlueJeans,aldis-blouse#Pearl,random,0.48243423243423245,1,0
Jess,ynes#Black,marquax-tunic#OnyxSpeck,random,0.4165192446442446,1,0
Jira,yvette-blouse#Black,cara-tee-2#WhiteBlk,hard,0.3343259778524639,1,0
Jira,yvette-blouse#Black,the-relaxed-long-sleeve-tee#Black,semi-hard,0.5276473774261724,1,0
Jira,yvette-blouse#Black,the-stitch-v-neck-knit#DenimMarle,random,0.7319869809890805,1,0
Jude,contrast-stripe-sweater#Pockets,long-sleeve-tee-2#NavyWhite,hard,0.3060751594084927,1,0
Jude,contrast-stripe-sweater#Pockets,lola-bell-sleeve-top-entangled-vines#Gold,semi-hard,0.5731958576403021,1,0
Jude,contrast-stripe-sweater#Pockets,nova-lux-long-sleeve-tie-top-1#CloudDance,random,0.4080758747425414,1,0
Jude,crossing-the-plains-sweater-1#Indigo,mila-knit-cardigan#StoneBlack,hard,0.31997631997632,1,0
Jude,crossing-the-plains-sweater-1#Indigo,natural-cosy-sweater#Rosered,semi-hard,0.5968606701940036,1,0
Jude,crossing-the-plains-sweater-1#Indigo,cara-tee-4#White,random,0.3739200305866972,1,0
Jude,curve-hem-cable-knit-sweater-1#Sapphire,shirt-in-a-box#Silver,hard,0.3408051208051208,1,0
Jude,curve-hem-cable-knit-sweater-1#Sapphire,aigli-top#Navy,semi-hard,0.4978544911878245,1,0
Jude,curve-hem-cable-knit-sweater-1#Sapphire,the-oversized-cotton-blend-shirt#Sand,random,0.942268595601929,1,0
Jude,falling-for-you-cardi#Black,faith-jumper#Eventide,hard,0.3205996472663139,1,0
Jude,falling-for-you-cardi#Black,hacienda-tunic-pushkar#Cornflower,semi-hard,0.5620885287551954,1,0
Jude,falling-for-you-cardi#Black,summer-breeze-top-1#White,random,0.7772957084068195,1,0
Jude,falling-for-you-cardi#Dusty,the-cotton-bamboo-tee#DuckEgg,hard,0.31741468408135076,1,0
Jude,falling-for-you-cardi#Dusty,belle-half-sleeve-forgiver-tunic#FlamPink,semi-hard,0.5585637202303869,1,0
Jude,falling-for-you-cardi#Dusty,clio-knit-jumper#StoneBlack,random,0.6820629576185132,1,0
Jude,falling-for-you-cardi#GreyMarle,natural-crossover-knit-1#Stormcloud,hard,0.3419122852456186,1,0
Jude,falling-for-you-cardi#GreyMarle,the-reversible-cowl-neck-top-1#White,semi-hard,0.5028162578162578,1,0
Jude,falling-for-you-cardi#GreyMarle,the-relaxed-long-sleeve-tee#Pink,random,0.5457079545968435,1,0
Jude,falling-for-you-cardi#Khaki,the-panel-luxe-top#SilvWhite,hard,0.3702160802160802,1,0
Jude,falling-for-you-cardi#Khaki,foil-spot-tee-1#Navy,semi-hard,0.4811194977861645,1,0
Jude,falling-for-you-cardi#Khaki,prickly-cactus-crew#Pink,random,0.51010064010064,1,0
Jude,falling-for-you-cardi#Mustard,renee-sweater#Sapphire,hard,0.3126362526362526,1,0
Jude,falling-for-you-cardi#Mustard,the-printed-side-ring-detail-blouse#Block,semi-hard,0.5286771870105202,1,0
Jude,falling-for-you-cardi#Mustard,layered-top-2#Navy,random,0.382996262996263,1,0
Jude,falling-for-you-cardi#Navy,cable-knit-sweater#Camel,hard,0.34465793465793465,1,0
Jude,falling-for-you-cardi#Navy,the-excess-shirt#Pearl,semi-hard,0.48566396566396564,1,0
Jude,falling-for-you-cardi#Navy,frill-sleeve-top-1#LeafPrint,random,0.4786813186813187,1,0
Jude,falling-for-you-cardi#Port,ricki-one-shoulder-top#BlackWhite,hard,0.3314397947731281,1,0
Jude,falling-for-you-cardi#Port,natural-waterfall-cardigan#Fallendust,semi-hard,0.5314285714285715,1,0
Jude,falling-for-you-cardi#Port,square-nk-fray-trim-top#Denim,random,0.4102017735351069,1,0
Jude,falling-for-you-cardi#Rust,the-cotton-bamboo-tee#White,hard,0.31741468408135076,1,0
Jude,falling-for-you-cardi#Rust,the-tie-front-tank#Navy,semi-hard,0.5612359862359863,1,0
Jude,falling-for-you-cardi#Rust,overlay-tunic-3-pce-set#Emerald,random,0.2808307741641075,1,0
Jude,falling-for-you-cardi#Teal,merino-boyfriend-cardigan#MelangeStr,hard,0.3605580838914172,1,0
Jude,falling-for-you-cardi#Teal,the-ultimate-tie-cardi#Black,semi-hard,0.5531506148172814,1,0
Jude,falling-for-you-cardi#Teal,tracie-top#Black,random,0.6729193645860312,1,0
Jude,pattern-tunic-1#Lattice,endeavor-long-sleeve-tee#Stripe,hard,0.3333333333333333,1,0
Jude,pattern-tunic-1#Lattice,belle-tie-neck-blouse-tee#White,semi-hard,0.6084466151132818,1,0
Jude,pattern-tunic-1#Lattice,side-buttoned-sweater#Buttoned,random,0.49753086419753084,1,0
Jude,striped-cardigan-3#Rainbow,forget-me-knot-tunic#ForgetMeK,hard,0.2065670132336799,1,0
Jude,striped-cardigan-3#Rainbow,nuzuri-longline-cardi#Forest,semi-hard,0.524940080495636,1,0
Jude,striped-cardigan-3#Rainbow,sugar-snaps-layers-tank#DuckEgg,random,0.675042735042735,1,0
Kate,belle-half-sleeve-forgiver-tunic#Apricot,pure-merino-fine-rib-v-neck#Charcoal,hard,0.1482964505840323,1,0
Kate,belle-half-sleeve-forgiver-tunic#Apricot,first-mix-top-1#BlackWhite,semi-hard,0.3315131370686926,1,0
Kate,belle-half-sleeve-forgiver-tunic#Apricot,luxe-shirt#Black,random,0.28613445378151264,1,0
Kate,belle-half-sleeve-forgiver-tunic#Black,layer-me-bamboo-rouched-sleeve-tee#Copper,hard,0.24129093945270416,1,0
Kate,belle-half-sleeve-forgiver-tunic#Black,layla-long-line-kimono#MultiStrip,semi-hard,0.348045699761386,1,0
Kate,belle-half-sleeve-forgiver-tunic#Black,fundamental-vee-tee#Navy,random,0.24687467579624445,1,0
Kate,belle-half-sleeve-forgiver-tunic#BlueBonnet,belle-cowl-swing-sweater#Green,hard,0.23017419218399612,1,0
Kate,belle-half-sleeve-forgiver-tunic#BlueBonnet,cover-up-slouch-cardi#Alloy,semi-hard,0.3239704286272914,1,0
Kate,belle-half-sleeve-forgiver-tunic#BlueBonnet,the-excess-shirt#Pearl,random,0.26281422825540474,1,0
Kate,belle-half-sleeve-forgiver-tunic#FlamPink,butterfly-blouse-1#Ivory,hard,0.16728305282226852,1,0
Kate,belle-half-sleeve-forgiver-tunic#FlamPink,layered-tunic-1#White,semi-hard,0.2921488823449607,1,0
Kate,belle-half-sleeve-forgiver-tunic#FlamPink,layered-tee-2#White,random,0.2671524735250226,1,0
Kate,belle-half-sleeve-forgiver-tunic#MutedClay,the-short-sleeve-wrap-jersey-top#Emerald,hard,0.22992221104966204,1,0
Kate,belle-half-sleeve-forgiver-tunic#MutedClay,mauevewood-crew#YellowWhit,semi-hard,0.31870755424676994,1,0
Kate,belle-half-sleeve-forgiver-tunic#MutedClay,the-stripe-pocket-tank#Stripe,random,0.33312757201646087,1,0
Kate,belle-half-sleeve-forgiver-tunic#White,capri-tank-6#Olive,hard,0.24379124869320945,1,0
Kate,belle-half-sleeve-forgiver-tunic#White,geneva-v-neck-top#ClaySpot,semi-hard,0.3192660825013766,1,0
Kate,belle-half-sleeve-forgiver-tunic#White,kimberly-spliced-top#Black,random,0.2626041442217913,1,0
Kate,runaway-top#JetBlack,cuddled-longline-cardigan#Sunflower,hard,0.23659212972938465,1,0
Kate,runaway-top#JetBlack,daylight-jumper#Silver,semi-hard,0.3604341736694678,1,0
Kate,runaway-top#JetBlack,snake-print-johnny-collar-top#BeigeSnake,random,0.29519200842730253,1,0
Kate,runaway-top#Sand,born-to-run-shirt-jacket#Leopard,hard,0.1937069557167596,1,0
Kate,runaway-top#Sand,maui-stretch-tee#Navy,semi-hard,0.3154489573607221,1,0
Kate,runaway-top#Sand,the-essential-pullover#SkyBlue,random,0.37321219085924967,1,0
Kate,runaway-top#SoftMint,mila-knit-cardigan#Black,hard,0.21867842578626892,1,0
Kate,runaway-top#SoftMint,multi-stripe-jumper#NavyMulti,semi-hard,0.3268515525868467,1,0
Kate,runaway-top#SoftMint,long-sleeve-ruffle-shirt#White,random,0.3703581005051593,1,0
Kate,runaway-top#SoftPink,natural-classic-cardigan#Pebble,hard,0.18442146089204914,1,0
Kate,runaway-top#SoftPink,luxe-shirt#Champagne,semi-hard,0.28613445378151264,1,0
Kate,runaway-top#SoftPink,paige-top#Black,random,0.3898939537828426,1,0
Kate,sugar-snaps-layers-tank#Black,pocket-shirt-1#Ivory,hard,0.2387574117966275,1,0
Kate,sugar-snaps-layers-tank#Black,fundamental-sydney-crew#Navy,semi-hard,0.30494924465512696,1,0
Kate,sugar-snaps-layers-tank#Black,the-blouson-sleeve-jumper#Navy,random,0.44105729661285215,1,0
Kate,sugar-snaps-layers-tank#Blue,analia-jersey-top#Black,hard,0.23767716488304724,1,0
Kate,sugar-snaps-layers-tank#Blue,spliced-lace-panel-tee#White,semi-hard,0.31091359620771386,1,0
Kate,sugar-snaps-layers-tank#Blue,relaxed-v-neck-knit#Silver,random,0.25213106610165437,1,0
Kate,sugar-snaps-layers-tank#DeepCobalt,forget-me-knot-tunic#ForgetMeK,hard,0.13557363116186644,1,0
Kate,sugar-snaps-layers-tank#DeepCobalt,icing-sugar-top#Ivory,semi-hard,0.29987201433279864,1,0
Kate,sugar-snaps-layers-tank#DeepCobalt,paint-stroke-top#Strokes,random,0.3997117080450414,1,0
Kate,sugar-snaps-layers-tank#DuckEgg,millie-top#Moss,hard,0.23727176055607427,1,0
Kate,sugar-snaps-layers-tank#DuckEgg,belle-v-neck-forgiver-tunic#DenimMarl,semi-hard,0.33597070594619616,1,0
Kate,sugar-snaps-layers-tank#DuckEgg,ember-knit#EmberGlow,random,0.2891610205335695,1,0
Kate,sugar-snaps-layers-tank#Mint,layer-me-bamboo-rouched-sleeve-tee#Fern,hard,0.24129093945270416,1,0
Kate,sugar-snaps-layers-tank#Mint,block-sweater#Block,semi-hard,0.29064722042663216,1,0
Kate,sugar-snaps-layers-tank#Mint,pulkari-emb-top#Pulkari,random,0.2531537543792446,1,0
Kate,sugar-snaps-layers-tank#NewBeige,the-short-sleeve-wrap-jersey-top#NavyWhite,hard,0.22992221104966204,1,0
Kate,sugar-snaps-layers-tank#NewBeige,wellington-tee#Black,semi-hard,0.33252461953442347,1,0
Kate,sugar-snaps-layers-tank#NewBeige,the-cotton-blend-stripe-jumper#BlueStripe,random,0.385042735042735,1,0
Kate,sugar-snaps-layers-tank#PeachyKeen,aida-long-tunic-shirt#AidaStripe,hard,0.2241924832611107,1,0
Kate,sugar-snaps-layers-tank#PeachyKeen,the-side-ring-detail-blouse-1#Black,semi-hard,0.2929866747268708,1,0
Kate,sugar-snaps-layers-tank#PeachyKeen,layer-me-bamboo-rouched-sleeve-tee#White,random,0.24129093945270416,1,0
Kate,sugar-snaps-layers-tank#Red,sequin-spot-cardi#Grey,hard,0.24394257703081235,1,0
Kate,sugar-snaps-layers-tank#Red,belle-v-neck-forgiver-tunic#Navy,semi-hard,0.33597070594619616,1,0
Kate,sugar-snaps-layers-tank#Red,longline-cardigan-2#Pink,random,0.2747803394862218,1,0
Kate,sugar-snaps-layers-tank#SeaGreen,belle-cowl-swing-sweater#Black,hard,0.23017419218399612,1,0
Kate,sugar-snaps-layers-tank#SeaGreen,long-sleeve-softly-swinging-bamboo-tee#Smoke,semi-hard,0.35818664360331026,1,0
Kate,sugar-snaps-layers-tank#SeaGreen,the-tie-detail-hoody#FrenchBlue,random,0.4497863247863248,1,0
Kate,sugar-snaps-layers-tank#White,hannah-tee-1#Black,hard,0.2371649229492367,1,0
Kate,sugar-snaps-layers-tank#White,elcos-45-aop-top-jrs#BlackFlowe,semi-hard,0.3103937728937729,1,0
Kate,sugar-snaps-layers-tank#White,clara-blouse#DarkFloral,random,0.2589384471737413,1,0
Kate,the-batwing-tee#Black,spliced-stripe-tunic#Navy,hard,0.2232172783643372,1,0
Kate,the-batwing-tee#Black,true-love-bell-blouse#Jade,semi-hard,0.303162034044387,1,0
Kate,the-batwing-tee#Black,melbourne-stretch-cardigan#Navy,random,0.27863866344258503,1,0
Kate,the-batwing-tee#FrenchBlue,millie-top#BlackSpot,hard,0.23727176055607427,1,0
Kate,the-batwing-tee#FrenchBlue,diva-ruffle-jumper#Gold%20Spot,semi-hard,0.3246643244192264,1,0
Kate,the-batwing-tee#FrenchBlue,cotton-stripe-cardi-with-pockets#White,random,0.3505973329502741,1,0
Kate,the-batwing-tee#Sea,multi-sequin-dot-stripe-top#Navy,hard,0.2278961869648144,1,0
Kate,the-batwing-tee#Sea,wildflower-shirt#White,semi-hard,0.2857855107855108,1,0
Kate,the-batwing-tee#Sea,double-layered-top-1#WBlack,random,0.24396751578124126,1,0
Kate,the-batwing-tee#Stone,eco-78-long-cardigan#DarkGreyM,hard,0.21831102811494968,1,0
Kate,the-batwing-tee#Stone,fundamental-split-hoodie#Navy,semi-hard,0.35834071520346034,1,0
Kate,the-batwing-tee#Stone,belle-tier-tee#Blue,random,0.4812748389954272,1,0
Kate,the-cotton-bamboo-tee#BlueJeans,silver-dot-tie-sleeve-blouse#SilverDotP,hard,0.24317396474259217,1,0
Kate,the-cotton-bamboo-tee#BlueJeans,long-sleeve-softly-swinging-bamboo-tee#Black,semi-hard,0.35818664360331026,1,0
Kate,the-cotton-bamboo-tee#BlueJeans,belle-handkerchief-printed-cami#RustFlwrs,random,0.47458975755544386,1,0
Kate,the-cotton-bamboo-tee#DuckEgg,wonderland-blouse#Ink,hard,0.24344609638727285,1,0
Kate,the-cotton-bamboo-tee#DuckEgg,to-the-beat-of-the-drum-kimono#Leaf,semi-hard,0.32356352797529264,1,0
Kate,the-cotton-bamboo-tee#DuckEgg,shirt-in-a-box#Silver,random,0.26300476030868186,1,0
Kate,the-cotton-bamboo-tee#DustyPink,mila-knit-cardigan#InkWhite,hard,0.21867842578626892,1,0
Kate,the-cotton-bamboo-tee#DustyPink,belle-twist-front-tee-1#Black,semi-hard,0.30143452680217386,1,0
Kate,the-cotton-bamboo-tee#DustyPink,sequin-heart-layered-top#Natural,random,0.4216223953969052,1,0
Kate,the-cotton-bamboo-tee#White,merino-boyfriend-cardigan#MelangeStr,hard,0.23062169312169312,1,0
Kate,the-cotton-bamboo-tee#White,moonlight-kisses-bamboo-tee#Black,semi-hard,0.3608225697686482,1,0
Kate,the-cotton-bamboo-tee#White,the-reversible-cowl-neck-top-1#Black,random,0.2812434660473876,1,0
Kate,the-cross-over-blouse#Black,coogee-shirt#White,hard,0.24088289161818577,1,0
Kate,the-cross-over-blouse#Black,rika-top#BatikTile,semi-hard,0.29516048584676036,1,0
Kate,the-cross-over-blouse#Black,fundamental-vee-tee#GreyMarle,random,0.24687467579624445,1,0
Kate,the-cross-over-blouse#Blue,millie-top#Blush,hard,0.23727176055607427,1,0
Kate,the-cross-over-blouse#Blue,bamboo-layer-tank#Chalk,semi-hard,0.35421195543744566,1,0
Kate,the-cross-over-blouse#Blue,belle-ls-free-fall-tee#Airforce,random,0.4582961247176933,1,0
Kate,the-cross-over-blouse#Mint,animal-button-up-shirt#KhakiPrint,hard,0.22492757786875436,1,0
Kate,the-cross-over-blouse#Mint,ella-funnel-neck-top#Khaki,semi-hard,0.32000830959164295,1,0
Kate,the-cross-over-blouse#Mint,arlo-cardigan#Navy,random,0.21263915822739352,1,0
Kate,the-cross-over-blouse#Red,leah-knit-cardigan#Black,hard,0.20048281420830438,1,0
Kate,the-cross-over-blouse#Red,the-bamboo-tunic-dress#Khaki,semi-hard,0.29947089947089944,1,0
Kate,the-cross-over-blouse#Red,selene-cardigan#Ivy,random,0.6105503882464667,1,0
Kate,the-cross-over-blouse#RoyalBlue,double-layered-top-1#WSilver,hard,0.24396751578124126,1,0
Kate,the-cross-over-blouse#RoyalBlue,long-sleeve-softly-swinging-bamboo-tee#Oyster,semi-hard,0.35818664360331026,1,0
Kate,the-cross-over-blouse#RoyalBlue,side-buttoned-sweater#Buttoned,random,0.34882478632478636,1,0
Kate,the-cross-over-blouse#Silver,st-helens-henley-tee#Sapphire,hard,0.2342696337794377,1,0
Kate,the-cross-over-blouse#Silver,belle-square-neck-drape-tee#Vanilla,semi-hard,0.3495539455098279,1,0
Kate,the-cross-over-blouse#Silver,long-sleeve-ruffle-shirt#Black,random,0.3703581005051593,1,0
Kate,the-cross-over-blouse#Sunshine,lake-house-top#CoalPrint,hard,0.22209014659995052,1,0
Kate,the-cross-over-blouse#Sunshine,linen-cotton-shirt#White,semi-hard,0.31691206397088745,1,0
Kate,the-cross-over-blouse#Sunshine,meadow-cardigan#Cream,random,0.20388914825189336,1,0
Kate,the-cross-over-blouse#White,everyday-linen-tunic#BotanicalB,hard,0.21661469431077274,1,0
Kate,the-cross-over-blouse#White,the-cotton-cardi#Navy,semi-hard,0.33482905982905986,1,0
Kate,the-cross-over-blouse#White,splice-knit-1#Multi,random,0.26616479925303455,1,0
Kate,the-everyday-shirt#Black,the-longline-cardi-1#GreyMarle,hard,0.21689695108812757,1,0
Kate,the-everyday-shirt#Black,belle-drape-tee#Sliver,semi-hard,0.35397907738594014,1,0
Kate,the-everyday-shirt#Black,waterfall-cardi-1#Black,random,0.2603386083778241,1,0
Kate,the-everyday-shirt#Cream,millie-top#WhiteBlk,hard,0.23727176055607427,1,0
Kate,the-everyday-shirt#Cream,the-asymmetrical-hem-sweater#Blush,semi-hard,0.3384998443821973,1,0
Kate,the-everyday-shirt#Cream,sadie-crew#GreyMarle,random,0.40270535564653215,1,0
Kate,the-everyday-shirt#Midnight,york-linen-blend-long-cardigan#BurntOrang,hard,0.2357641632151436,1,0
Kate,the-everyday-shirt#Midnight,falling-for-you-cardi#Dusty,semi-hard,0.35555555555555557,1,0
Kate,the-everyday-shirt#Midnight,geena-xo-ls-pullover-knit#WhiteCapGr,random,0.2789223666674647,1,0
Kate,the-everyday-shirt#Pink,daylight-cardi#Silver,hard,0.234838835819228,1,0
Kate,the-everyday-shirt#Pink,paisley-top-1#Paisley,semi-hard,0.2863600995953937,1,0
Kate,the-everyday-shirt#Pink,jordan-top#PearlBlue,random,0.2989538692970065,1,0
Kate,the-everyday-shirt#Rose,capri-tank-6#ClaySpot,hard,0.24379124869320945,1,0
Kate,the-everyday-shirt#Rose,the-define-flute-sleeve-blouse#Black,semi-hard,0.3555570020030804,1,0
Kate,the-everyday-shirt#Rose,ivy-cosy-pullover#Blossom,random,0.41483706018019745,1,0
Kate,the-sleeveless-cross-over-blouse#Black,cara-tee-4#White,hard,0.2449510003431572,1,0
Kate,the-sleeveless-cross-over-blouse#Black,layered-tunic-1#Natural,semi-hard,0.2921488823449607,1,0
Kate,the-sleeveless-cross-over-blouse#Black,dot-to-dot-knit-1#GreyMarle,random,0.26934798135778526,1,0
Kate,the-sleeveless-cross-over-blouse#Chambray,cara-tee-2#Blush,hard,0.24277813689578398,1,0
Kate,the-sleeveless-cross-over-blouse#Chambray,the-stripe-jersey-top#Pink,semi-hard,0.33614343173166705,1,0
Kate,the-sleeveless-cross-over-blouse#Chambray,the-relaxed-long-sleeve-tee#Pink,random,0.3170610979434509,1,0
Kate,the-sleeveless-cross-over-blouse#Cobalt,leary-cardigan#Pine,hard,0.22142118955844445,1,0
Kate,the-sleeveless-cross-over-blouse#Cobalt,in-transit-cardi#Navy,semi-hard,0.3522171546681351,1,0
Kate,the-sleeveless-cross-over-blouse#Cobalt,aldis-blouse#Pearl,random,0.4343817584013663,1,0
Kate,the-sleeveless-cross-over-blouse#Mint,capri-tank-6#HeatheGrey,hard,0.24379124869320945,1,0
Kate,the-sleeveless-cross-over-blouse#Mint,daisy-top-1#BrightBlue,semi-hard,0.28850752551732944,1,0
Kate,the-sleeveless-cross-over-blouse#Mint,great-scot-merino-carcoat#Twilight,random,0.2658573543377465,1,0
Kate,the-sleeveless-cross-over-blouse#Salmon,the-longline-cardi-1#Nude,hard,0.21689695108812757,1,0
Kate,the-sleeveless-cross-over-blouse#Salmon,the-tie-front-tank#Navy,semi-hard,0.3199210239651416,1,0
Kate,the-sleeveless-cross-over-blouse#Salmon,natural-crossover-knit-1#Stormcloud,random,0.25967264398636947,1,0
Kate,the-sleeveless-cross-over-blouse#Sunshine,layer-me-bamboo-rouched-sleeve-tee#Black,hard,0.24129093945270416,1,0
Kate,the-sleeveless-cross-over-blouse#Sunshine,2-in-1-jumper#Navy,semi-hard,0.31875384056756606,1,0
Kate,the-sleeveless-cross-over-blouse#Sunshine,contrast-pocket-tunic#Pinkpocket,random,0.5884615384615385,1,0
Kate,the-sleeveless-cross-over-blouse#White,printed-v-neck-blouse#NavyWhite,hard,0.2441093673936811,1,0
Kate,the-sleeveless-cross-over-blouse#White,belle-v-neck-forgiver-tunic#Tobacco,semi-hard,0.33597070594619616,1,0
Kate,the-sleeveless-cross-over-blouse#White,lazy-daze-tee#Khaki,random,0.4821456004054043,1,0
Kate,the-wrap-jersey-top#Charcoal,starry-night-cardi#Chalk,hard,0.23547008547008547,1,0
Kate,the-wrap-jersey-top#Charcoal,frost-cardigan#Mauvewoo,semi-hard,0.2915233187292011,1,0
Kate,the-wrap-jersey-top#Charcoal,beach-walk-shirt#Stormy,random,0.5876068376068375,1,0
Kate,the-wrap-jersey-top#JetBlack,natural-cropped-sleeve-knit#Cloudcover,hard,0.23549223108046635,1,0
Kate,the-wrap-jersey-top#JetBlack,layered-tunic-1#PalePink,semi-hard,0.2921488823449607,1,0
Kate,the-wrap-jersey-top#JetBlack,softly-swinging-bamboo-tee#White,random,0.3699829718212071,1,0
Kate,the-wrap-jersey-top#NavyWhite,the-short-sleeve-wrap-jersey-top#Black,hard,0.22992221104966204,1,0
Kate,the-wrap-jersey-top#NavyWhite,maui-stretch-tee#Black,semi-hard,0.3154489573607221,1,0
Kate,the-wrap-jersey-top#NavyWhite,crossing-the-plains-sweater-1#Indigo,random,0.4221589110477999,1,0
Kate,the-wrap-jersey-top#PortSpot,cara-tee-2#WhiteBlk,hard,0.24277813689578398,1,0
Kate,the-wrap-jersey-top#PortSpot,funnel-neck-knit-jumper#BlueMulti,semi-hard,0.31497891179263726,1,0
Kate,the-wrap-jersey-top#PortSpot,belle-tie-neck-blouse-tee#White,random,0.3549877500857893,1,0
Katie,birds-tee-1#Navy,the-long-sleeve-v-neck-tee#Black,hard,0.33448911800592923,1,0
Katie,birds-tee-1#Navy,off-shoulder-top-2#FloraLace,semi-hard,0.5566502463054187,1,0
Katie,birds-tee-1#Navy,the-relaxed-long-sleeve-tee#Navy,random,0.5388138595228871,1,0
Katie,bodega-knit#Moss,falling-for-you-cardi#Port,hard,0.3333333333333333,1,0
Katie,bodega-knit#Moss,neptune-top-1#PrimBlack,semi-hard,0.48381946856604174,1,0
Katie,bodega-knit#Moss,paisley-top-1#Paisley,random,0.5299629463209776,1,0
Katie,crushed-top#Blue,the-cotton-bamboo-tee#BlueJeans,hard,0.3272560436677302,1,0
Katie,crushed-top#Blue,belle-half-sleeve-boat-tee#Black,semi-hard,0.5081712924929328,1,0
Katie,crushed-top#Blue,forget-me-knot-tunic#ForgetMeK,random,0.21349516752095254,1,0
Katie,elcos-top#LightGrey,cara-tee-2#WhiteBlk,hard,0.34373904540506633,1,0
Katie,elcos-top#LightGrey,belle-half-sleeve-forgiver-tunic#MutedClay,semi-hard,0.5690400520692371,1,0
Katie,elcos-top#LightGrey,the-drape-tee-1#Navy,random,0.669989176091462,1,0
Katie,fern-print-top#Navy,niue-neck-tie-shirt#LightBlue,hard,0.35799111414831375,1,0
Katie,fern-print-top#Navy,printed-v-neck-top#Striped,semi-hard,0.5880749432667295,1,0
Katie,fern-print-top#Navy,millie-top#Blush,random,0.41882255637262694,1,0
Katie,foil-spot-tee-1#Navy,leary-cardigan#Pine,hard,0.3416768395039345,1,0
Katie,foil-spot-tee-1#Navy,the-french-cuff-shirt#White,semi-hard,0.5878006289508271,1,0
Katie,foil-spot-tee-1#Navy,stripe-me-happy-blouse#Ash,random,0.6028325123152709,1,0
Katie,horizontal-cabel-pullover#EnglishRos,overlay-tunic-3-pce-set#Emerald,hard,0.28959875874678775,1,0
Katie,horizontal-cabel-pullover#EnglishRos,not-today-buttoned-cardigan#Almond,semi-hard,0.5215748893457284,1,0
Katie,horizontal-cabel-pullover#EnglishRos,analia-top#White,random,0.3132595942457987,1,0
Katie,lavaux-bell-sleeve#Mustard,shirt-in-a-box#Silver,hard,0.35042843951944985,1,0
Katie,lavaux-bell-sleeve#Mustard,lucy-rib-oversized-top#Black,semi-hard,0.5149385264269319,1,0
Katie,lavaux-bell-sleeve#Mustard,eco-78-long-cardigan#LightGreyM,random,0.3434320080389021,1,0
Katie,layered-stripe-top#PinkStripe,mila-knit-cardigan#Black,hard,0.32887495392986765,1,0
Katie,layered-stripe-top#PinkStripe,jade-kimono-sweet-blossoms#Blue,semi-hard,0.561877702133417,1,0
Katie,layered-stripe-top#PinkStripe,skipping-stones-tunic#Forest,random,0.7253975505580206,1,0
Katie,long-sleeve-ruffle-shirt#Black,paige-top#Black,hard,0.2626751397454628,1,0
Katie,long-sleeve-ruffle-shirt#Black,the-relaxed-long-sleeve-tee-1#Ink%20Stripe,semi-hard,0.5478111820437401,1,0
Katie,long-sleeve-ruffle-shirt#Black,2-in-1-layered-top-1#NavyWhite,random,0.5388492217240763,1,0
Katie,long-sleeve-ruffle-shirt#Navy,holly-rib-long-sleeve-tee#Khaki,hard,0.2595712198121689,1,0
Katie,long-sleeve-ruffle-shirt#Navy,the-asymmetrical-hem-sweater#Blush,semi-hard,0.5668653099881307,1,0
Katie,long-sleeve-ruffle-shirt#Navy,paradising-buttoned-shirt#Wheat,random,0.4384704236650775,1,0
Katie,long-sleeve-ruffle-shirt#White,dream-girl-ruffle-jumper#SoftPink,hard,0.3146750750015217,1,0
Katie,long-sleeve-ruffle-shirt#White,belle-half-sleeve-forgiver-tunic#White,semi-hard,0.5690400520692371,1,0
Katie,long-sleeve-ruffle-shirt#White,softly-swinging-bamboo-tee#Blush,random,0.6468876801819765,1,0
Katie,longline-cardigan-2#Pink,falling-for-you-cardi#Khaki,hard,0.3333333333333333,1,0
Katie,longline-cardigan-2#Pink,cool-breeze-jumper#Dust,semi-hard,0.5541871921182266,1,0
Katie,longline-cardigan-2#Pink,the-define-flute-sleeve-blouse#Black,random,0.6195106901592744,1,0
Katie,marquax-tunic#OnyxSpeck,the-boat-neck-top#Black,hard,0.35845796239340677,1,0
Katie,marquax-tunic#OnyxSpeck,fundamental-rib-long-sleeve-tee#Black,semi-hard,0.4928293663989406,1,0
Katie,marquax-tunic#OnyxSpeck,high-neck-tie-top#Black,random,0.30161313015842023,1,0
Katie,messina-knit#Cognac,the-long-sleeve-v-neck-tee#Navy,hard,0.33448911800592923,1,0
Katie,messina-knit#Cognac,lucy-rib-oversized-top#WhiteGrey,semi-hard,0.5149385264269319,1,0
Katie,messina-knit#Cognac,frill-sleeve-top-1#LeafPrint,random,0.48982489282020686,1,0
Katie,messina-knit-1#Shiraz,high-street-knit#NavyStripe,hard,0.3410415365553153,1,0
Katie,messina-knit-1#Shiraz,circles-knit#Plum,semi-hard,0.477357410670431,1,0
Katie,messina-knit-1#Shiraz,baobab-sweater#Bark,random,0.5674434051032269,1,0
Katie,ruffle-hem-jersey-top#Pink,the-cotton-bamboo-tee#DuckEgg,hard,0.3272560436677302,1,0
Katie,ruffle-hem-jersey-top#Pink,multi-stripe-jumper#NavyMulti,semi-hard,0.5806608116740153,1,0
Katie,ruffle-hem-jersey-top#Pink,long-sleeve-check-top#Check,random,0.6143267651888342,1,0
Katie,selene-cardigan#Ivy,aztec-cardigan#BlackIvory,hard,0.36360542349873837,1,0
Katie,selene-cardigan#Ivy,nature-ls-top#BlueGum,semi-hard,0.5465816433929873,1,0
Katie,selene-cardigan#Ivy,back-to-you-top#Rust,random,0.27750094537291714,1,0
Katie,sequin-heart-layered-top#Natural,elina-lace-frill-blouse#Black,hard,0.3167506824626387,1,0
Katie,sequin-heart-layered-top#Natural,fundamental-sydney-crew#Navy,semi-hard,0.5369768652029694,1,0
Katie,sequin-heart-layered-top#Natural,natural-cross-back-knit#Lightsmoke,random,0.5488828619398166,1,0
Katie,sequin-star-tee#Navy,monaco-knot-top#ClaySpot,hard,0.23287387773738666,1,0
Katie,sequin-star-tee#Navy,panelled-stripe-top#NavyWhite,semi-hard,0.5149598272804045,1,0
Katie,sequin-star-tee#Navy,st-helens-henley-tee#White,random,0.43862263487889275,1,0
Katie,silver-cross-sweater#Silver,falling-for-you-cardi#Navy,hard,0.3333333333333333,1,0
Katie,silver-cross-sweater#Silver,the-cotton-blend-stripe-jumper#BlueStripe,semi-hard,0.5197044334975369,1,0
Katie,silver-cross-sweater#Silver,sugar-snaps-layers-tank#DeepCobalt,random,0.688870109756234,1,0
Katie,sparkly-star-tee#Blue,manhattan-stretch-tee#White,hard,0.3407106560343266,1,0
Katie,sparkly-star-tee#Blue,falling-for-you-tunic#Rust,semi-hard,0.5620333242682131,1,0
Katie,sparkly-star-tee#Blue,softly-swinging-bamboo-tee#Black,random,0.6468876801819765,1,0
Katie,spliced-stripe-tunic#Navy,everyday-linen-tunic#BotanicalB,hard,0.3303170198940165,1,0
Katie,spliced-stripe-tunic#Navy,diva-ruffle-jumper#Gold%20Spot,semi-hard,0.5150463744821514,1,0
Katie,spliced-stripe-tunic#Navy,analia-jersey-top#Navy,random,0.4287721795817755,1,0
Katie,spot-layered-tee#Blue,the-cotton-bamboo-tee#White,hard,0.3272560436677302,1,0
Katie,spot-layered-tee#Blue,the-crossover-2-way-blouse#Black,semi-hard,0.5042034894805139,1,0
Katie,spot-layered-tee#Blue,daisy-top-1#BrightBlue,random,0.5346873230830649,1,0
Lara,curve-hem-cable-knit-sweater-1#Sapphire,ricki-one-shoulder-top#BlackWhite,hard,0.3590232608651675,1,0
Lara,curve-hem-cable-knit-sweater-1#Sapphire,the-essential-pullover#DustyPeach,semi-hard,0.606763222272737,1,0
Lara,curve-hem-cable-knit-sweater-1#Sapphire,picnic-top#BlackWhite,random,0.48419760822046454,1,0
Lara,pattern-tunic-1#Lattice,renee-sweater#Sapphire,hard,0.33894110732663485,1,0
Lara,pattern-tunic-1#Lattice,the-tie-detail-hoody#Pink,semi-hard,0.5779372605052933,1,0
Lara,pattern-tunic-1#Lattice,tab-sleeve-longline-shirt#Pink,random,0.7995138503668482,1,0
Lara,striped-cardigan-3#Rainbow,holly-rib-long-sleeve-tee#Black,hard,0.27850792202440966,1,0
Lara,striped-cardigan-3#Rainbow,the-ruffle-sleeve-top#NavyStripe,semi-hard,0.5473035872789072,1,0
Lara,striped-cardigan-3#Rainbow,hannah-tee-1#Black,random,0.4156488862531236,1,0
Laura,34-sleeve-shirt-1#SkyWhite,the-panel-luxe-top#BlkWhite,hard,0.21700020438069717,1,0
Laura,34-sleeve-shirt-1#SkyWhite,llama-long-sleeve-shirt#Mustard,semi-hard,0.39787622830079616,1,0
Laura,34-sleeve-shirt-1#SkyWhite,the-panel-hem-top#DenimMarle,random,0.34282639092441847,1,0
Laura,be-mine-top-1#Sage,bubbles-print-tee#Cambridge,hard,0.24195115493941619,1,0
Laura,be-mine-top-1#Sage,monaco-sweater#BlackCream,semi-hard,0.3510706686065406,1,0
Laura,be-mine-top-1#Sage,nova-lux-long-sleeve-tie-top-1#CloudDance,random,0.26217119656891363,1,0
Laura,belle-drape-tee#Black,cara-tee-3#Mustard,hard,0.232547348813933,1,0
Laura,belle-drape-tee#Black,the-soft-knit-jumper#PinkStripe,semi-hard,0.41047155563013926,1,0
Laura,belle-drape-tee#Black,wonderlust-tee#BurntOran,random,0.5353413069595286,1,0
Laura,belle-drape-tee#Sliver,ynes#Black,hard,0.25044327883979345,1,0
Laura,belle-drape-tee#Sliver,longline-cardigan-2#Pink,semi-hard,0.32572614144037565,1,0
Laura,belle-drape-tee#Sliver,belle-longline-white-shirt#White,random,0.39923863272010046,1,0
Laura,belle-half-sleeve-forgiver-tunic#Apricot,endeavor-long-sleeve-tee#Stripe,hard,0.06930693069306931,1,0
Laura,belle-half-sleeve-forgiver-tunic#Apricot,mixed-messages-jumper#MixedStrip,semi-hard,0.3389815788001637,1,0
Laura,belle-half-sleeve-forgiver-tunic#Apricot,the-define-flute-sleeve-blouse#White,random,0.4188074688295361,1,0
Laura,belle-half-sleeve-forgiver-tunic#Black,mila-knit-cardigan#Clay,hard,0.21120771547587533,1,0
Laura,belle-half-sleeve-forgiver-tunic#Black,out-of-my-mind-scallop-knit#GreyMarle,semi-hard,0.42443376600242666,1,0
Laura,belle-half-sleeve-forgiver-tunic#Black,you-at-my-shoulder-tunic#Black,random,0.3215584270291436,1,0
Laura,belle-half-sleeve-forgiver-tunic#BlueBonnet,striped-cardigan-3#Rainbow,hard,0.23995589801337178,1,0
Laura,belle-half-sleeve-forgiver-tunic#BlueBonnet,the-ruffle-sleeve-top#NavyStripe,semi-hard,0.37567859431278156,1,0
Laura,belle-half-sleeve-forgiver-tunic#BlueBonnet,the-frill-wrap-blouse#Spot,random,0.3109195577469158,1,0
Laura,belle-half-sleeve-forgiver-tunic#FlamPink,cara-tee-2#BlackSpot,hard,0.2098054253389857,1,0
Laura,belle-half-sleeve-forgiver-tunic#FlamPink,rose-shirt#BlueIllusi,semi-hard,0.309379770482238,1,0
Laura,belle-half-sleeve-forgiver-tunic#FlamPink,leopard-print-kimono#GoldMulti,random,0.48690532763081473,1,0
Laura,belle-half-sleeve-forgiver-tunic#MutedClay,mila-knit-cardigan#Black,hard,0.21120771547587533,1,0
Laura,belle-half-sleeve-forgiver-tunic#MutedClay,belle-tie-neck-blouse-tee#White,semi-hard,0.42007844925238014,1,0
Laura,belle-half-sleeve-forgiver-tunic#MutedClay,animal-knit-1#Animal,random,0.36803180618194375,1,0
Laura,belle-half-sleeve-forgiver-tunic#White,multi-pattern-print-top#NavyMulti,hard,0.24614085261144353,1,0
Laura,belle-half-sleeve-forgiver-tunic#White,elcos-top#LightGrey,semi-hard,0.32477246688794703,1,0
Laura,belle-half-sleeve-forgiver-tunic#White,robyn-top-1#Roanne,random,0.25148466058391045,1,0
Laura,belle-lace-trim-tee#GreyMarle,wonderland-blouse#Ink,hard,0.25167669626142086,1,0
Laura,belle-lace-trim-tee#GreyMarle,panelled-stripe-top#NavyWhite,semi-hard,0.3306870531734574,1,0
Laura,belle-lace-trim-tee#GreyMarle,pure-merino-fine-rib-polo#BlackStri,random,0.22910955088772567,1,0
Laura,belle-off-the-shoulder-tee#Stripe,butterfly-blouse-1#Ivory,hard,0.19890471220498623,1,0
Laura,belle-off-the-shoulder-tee#Stripe,kimono-top-36#BlueMarle,semi-hard,0.4051970221574668,1,0
Laura,belle-off-the-shoulder-tee#Stripe,long-sleeve-softly-swinging-bamboo-tee#Oyster,random,0.4250364300750983,1,0
Laura,belle-two-in-one-top#Charcoal,the-longline-cardi-1#GreyMarle,hard,0.23978794016862395,1,0
Laura,belle-two-in-one-top#Charcoal,lenka-lurex-stripe-blouse#NavyGoldSt,semi-hard,0.3302750312631203,1,0
Laura,belle-two-in-one-top#Charcoal,the-stitch-v-neck-knit#DenimMarle,random,0.5432173504060369,1,0
Laura,belle-v-neck-forgiver-tunic#ArmyGreen,aztec-cardigan#Orange,hard,0.21676559684322622,1,0
Laura,belle-v-neck-forgiver-tunic#ArmyGreen,marjorie-tie-blouse#BluePrint,semi-hard,0.31176902017863173,1,0
Laura,belle-v-neck-forgiver-tunic#ArmyGreen,arlo-cardigan#Navy,random,0.2188459006138052,1,0
Laura,belle-v-neck-forgiver-tunic#Black,belle-cowl-swing-sweater#Green,hard,0.24727924731662976,1,0
Laura,belle-v-neck-forgiver-tunic#Black,not-today-buttoned-cardigan#Almond,semi-hard,0.36527872234145803,1,0
Laura,belle-v-neck-forgiver-tunic#Black,wildflower-shirt#White,random,0.27412582677811415,1,0
Laura,belle-v-neck-forgiver-tunic#BlueMarle,elina-lace-frill-blouse#Black,hard,0.2445671171158901,1,0
Laura,belle-v-neck-forgiver-tunic#BlueMarle,first-love-kimono-jacket#Stone,semi-hard,0.3832701027112057,1,0
Laura,belle-v-neck-forgiver-tunic#BlueMarle,the-define-flute-sleeve-blouse#Black,random,0.4188074688295361,1,0
Laura,belle-v-neck-forgiver-tunic#Charcoal,pulkari-emb-top#Pulkari,hard,0.23983950309626575,1,0
Laura,belle-v-neck-forgiver-tunic#Charcoal,ava-short-sleeve-linen-tee#Navy,semi-hard,0.3187783659730242,1,0
Laura,belle-v-neck-forgiver-tunic#Charcoal,the-shoulder-tie-top#Black,random,0.5243764789432164,1,0
Laura,belle-v-neck-forgiver-tunic#DenimMarl,cherrington-top#GreyRose,hard,0.24527319767000505,1,0
Laura,belle-v-neck-forgiver-tunic#DenimMarl,always-mine-v-neck-knit#Terracotta,semi-hard,0.3211728263041149,1,0
Laura,belle-v-neck-forgiver-tunic#DenimMarl,never-ending-winter-knit-top#DeluxeGree,random,0.612068126431308,1,0
Laura,belle-v-neck-forgiver-tunic#Navy,millie-top#WhiteBlk,hard,0.2515745471851828,1,0
Laura,belle-v-neck-forgiver-tunic#Navy,natural-overlay-knit#Greybloss,semi-hard,0.40736082161994114,1,0
Laura,belle-v-neck-forgiver-tunic#Navy,knit-hoodie-1#Sage,random,0.33803752185267966,1,0
Laura,belle-v-neck-forgiver-tunic#Scarlett,millie-top#Blush,hard,0.2515745471851828,1,0
Laura,belle-v-neck-forgiver-tunic#Scarlett,side-buttoned-sweater#Buttoned,semi-hard,0.3616658275997091,1,0
Laura,belle-v-neck-forgiver-tunic#Scarlett,the-spotted-tunic#GreySpot,random,0.5547659254261941,1,0
Laura,belle-v-neck-forgiver-tunic#Tobacco,analia-top#White,hard,0.25016924416644853,1,0
Laura,belle-v-neck-forgiver-tunic#Tobacco,linen-cotton-shirt#White,semi-hard,0.3786808645765741,1,0
Laura,belle-v-neck-forgiver-tunic#Tobacco,ricki-one-shoulder-top#BlackWhite,random,0.2452767608499034,1,0
Laura,belle-v-neck-forgiver-tunic#White,colourblock-cardi#NavyRed,hard,0.2093596770366758,1,0
Laura,belle-v-neck-forgiver-tunic#White,geneva-v-neck-top#HeatheGrey,semi-hard,0.37892003786821027,1,0
Laura,belle-v-neck-forgiver-tunic#White,open-plains-kimono-throw-1#Rust,random,0.8339167799661573,1,0
Laura,butterfly-kisses-tee#Green,leah-knit-cardigan#Black,hard,0.19110369731229754,1,0
Laura,butterfly-kisses-tee#Green,malibu-cardigan#Navy,semi-hard,0.32755458812240534,1,0
Laura,butterfly-kisses-tee#Green,analia-jersey-top#Navy,random,0.26439683233582184,1,0
Laura,butterfly-kisses-tee#MustardStr,stara-cardigan#GreyMarle,hard,0.21753459996720406,1,0
Laura,butterfly-kisses-tee#MustardStr,heart-spliced-top#Navy,semi-hard,0.37498478769817506,1,0
Laura,butterfly-kisses-tee#MustardStr,the-relaxed-batwing-top#PeachRose,random,0.6271636034187926,1,0
Laura,butterfly-kisses-tee#Stripe,mila-knit-cardigan#InkWhite,hard,0.21120771547587533,1,0
Laura,butterfly-kisses-tee#Stripe,the-open-sleeve-blouse#Berry,semi-hard,0.4247936918838824,1,0
Laura,butterfly-kisses-tee#Stripe,kimono-and-me-cardi#Sand,random,0.3607694694557203,1,0
Laura,celestial-woven-top#White,aztec-cardigan#BlackIvory,hard,0.21676559684322622,1,0
Laura,celestial-woven-top#White,walk-in-the-park-cardi#Sand,semi-hard,0.39185800828075673,1,0
Laura,celestial-woven-top#White,makeover-blouse#LimeGreen,random,0.6271186440677966,1,0
Laura,cross-my-heart-sweater#Regal,born-to-run-shirt-jacket#Leopard,hard,0.2141173338906752,1,0
Laura,cross-my-heart-sweater#Regal,still-the-one-ruffle-blouse#Spot,semi-hard,0.3248549187332216,1,0
Laura,cross-my-heart-sweater#Regal,ruffle-hem-jersey-top#Pink,random,0.33997483583302096,1,0
Laura,crossing-the-plains-sweater-1#Indigo,cara-tee-2#WhiteBlk,hard,0.2098054253389857,1,0
Laura,crossing-the-plains-sweater-1#Indigo,belle-half-sleeve-boat-tee#White,semi-hard,0.3275155358770806,1,0
Laura,crossing-the-plains-sweater-1#Indigo,animal-button-up-shirt#KhakiPrint,random,0.252646284745693,1,0
Laura,delicado-top#White,the-panel-luxe-top#SilvWhite,hard,0.21700020438069717,1,0
Laura,delicado-top#White,2-in-1-layered-top-1#PinkWhite,semi-hard,0.37266631779604387,1,0
Laura,delicado-top#White,the-shoulder-tie-top#White,random,0.5243764789432164,1,0
Laura,dusk-top#DuskPrint,natural-classic-cardigan#Pebble,hard,0.1696248351272637,1,0
Laura,dusk-top#DuskPrint,bamboo-layer-tank#Chalk,semi-hard,0.3155040581592404,1,0
Laura,dusk-top#DuskPrint,sunshine-in-me-tee-1#White,random,0.422498182021592,1,0
Laura,everyday-linen-tunic#BotanicalB,belle-cowl-swing-sweater#Black,hard,0.24727924731662976,1,0
Laura,everyday-linen-tunic#BotanicalB,daisy-top-1#BrightBlue,semi-hard,0.34753060351930465,1,0
Laura,everyday-linen-tunic#BotanicalB,adventurous-hoody#Pink,random,0.47251511606845276,1,0
Laura,falling-for-you-cardi#Black,eco-78-long-cardigan#DarkGreyM,hard,0.21906782894018012,1,0
Laura,falling-for-you-cardi#Black,ava-short-sleeve-linen-tee#Blush,semi-hard,0.3187783659730242,1,0
Laura,falling-for-you-cardi#Black,the-blouson-sleeve-jumper#Grey,random,0.48417401954289985,1,0
Laura,falling-for-you-cardi#Dusty,sequin-spot-cardi#Grey,hard,0.25061856940610816,1,0
Laura,falling-for-you-cardi#Dusty,paige-top#Black,semi-hard,0.36471075742721465,1,0
Laura,falling-for-you-cardi#Dusty,tab-sleeve-longline-shirt#Silver,random,0.5429754646035772,1,0
Laura,falling-for-you-cardi#GreyMarle,hayley-button-down#NavySparro,hard,0.22738083082404298,1,0
Laura,falling-for-you-cardi#GreyMarle,spliced-lace-panel-tee#White,semi-hard,0.363620252410161,1,0
Laura,falling-for-you-cardi#GreyMarle,sequin-cross-2-in-1-top#Navy,random,0.2878124203701519,1,0
Laura,falling-for-you-cardi#Khaki,cara-tee-4#BlackWhite,hard,0.2311349194354019,1,0
Laura,falling-for-you-cardi#Khaki,nature-ls-top#BlueGum,semi-hard,0.3936623920339294,1,0
Laura,falling-for-you-cardi#Khaki,fundamental-sydney-crew#Burgundy,random,0.34983740137042374,1,0
Laura,falling-for-you-cardi#Mustard,the-longline-cardi-1#Nude,hard,0.23978794016862395,1,0
Laura,falling-for-you-cardi#Mustard,printed-tunic-7#RedCheck,semi-hard,0.41461541175460304,1,0
Laura,falling-for-you-cardi#Mustard,cross-my-heart-bamboo-slouch-tee#White,random,0.7020884168835735,1,0
Laura,falling-for-you-cardi#Navy,cara-tee-3#ZebraPrint,hard,0.232547348813933,1,0
Laura,falling-for-you-cardi#Navy,aigli-top#White,semi-hard,0.32673808682443106,1,0
Laura,falling-for-you-cardi#Navy,capri-tank-6#HeatheGrey,random,0.28505248302598774,1,0
Laura,falling-for-you-cardi#Port,roll-neck-jumper-3#GreyMarl,hard,0.251732558392608,1,0
Laura,falling-for-you-cardi#Port,layered-sleeve-top#DarkBlue,semi-hard,0.40697534356552034,1,0
Laura,falling-for-you-cardi#Port,belle-paint-brush-print-top#PaintPrint,random,0.6386582188486384,1,0
Laura,falling-for-you-cardi#Rust,leah-knit-cardigan#WhiteBlk,hard,0.19110369731229754,1,0
Laura,falling-for-you-cardi#Rust,the-midi-waterfall-cardi#BlueMarle,semi-hard,0.40984774291538717,1,0
Laura,falling-for-you-cardi#Rust,sontana-blouse#Stone,random,0.43062038181274837,1,0
Laura,falling-for-you-cardi#Teal,cara-tee-4#White,hard,0.2311349194354019,1,0
Laura,falling-for-you-cardi#Teal,first-mix-top-1#BlackWhite,semi-hard,0.35521826045227184,1,0
Laura,falling-for-you-cardi#Teal,the-linen-tie-sleeve-top#GreyMarle,random,0.5085429456453278,1,0
Laura,flow-with-me-slouch-top#Brick,relaxed-v-neck-knit#Silver,hard,0.2442243811698902,1,0
Laura,flow-with-me-slouch-top#Brick,fundamental-sydney-crew#Navy,semi-hard,0.34983740137042374,1,0
Laura,flow-with-me-slouch-top#Brick,rib-tank-2#Navy,random,0.27033456897258334,1,0
Laura,flying-free-top-3#WhiteBird,bella-ls-tee#GreenWhite,hard,0.24940132042917418,1,0
Laura,flying-free-top-3#WhiteBird,luxe-shirt#Champagne,semi-hard,0.3339481263190472,1,0
Laura,flying-free-top-3#WhiteBird,bo-cosy-cardigan#Blossom,random,0.3074365511159068,1,0
Laura,foil-print-top-2#Navy,overlay-tunic-3-pce-set#Emerald,hard,0.1813782660499036,1,0
Laura,foil-print-top-2#Navy,natural-cross-back-knit#Lightsmoke,semi-hard,0.38071491292959486,1,0
Laura,foil-print-top-2#Navy,triangle-detail-long-sleeve-tee#Bordeaux,random,0.4518591971079856,1,0
Laura,foil-spot-tee-1#Navy,meadow-cardigan#Cream,hard,0.20541040802371982,1,0
Laura,foil-spot-tee-1#Navy,to-the-beat-of-the-drum-kimono#Leaf,semi-hard,0.38060338585735654,1,0
Laura,foil-spot-tee-1#Navy,clara-blouse#DarkFloral,random,0.31539310087477856,1,0
Laura,forget-me-knot-tunic#ForgetMeK,printed-v-neck-blouse#NavyWhite,hard,0.24379919337861572,1,0
Laura,forget-me-knot-tunic#ForgetMeK,the-stripe-jersey-top#Blue,semi-hard,0.34536321336202913,1,0
Laura,forget-me-knot-tunic#ForgetMeK,moonlight-kisses-bamboo-tee#Black,random,0.4274396642207844,1,0
Laura,frill-me-tie-throw-on#WhiteBlk,cara-tee-2#Blush,hard,0.2098054253389857,1,0
Laura,frill-me-tie-throw-on#WhiteBlk,aigli-top#Navy,semi-hard,0.32673808682443106,1,0
Laura,frill-me-tie-throw-on#WhiteBlk,fundamental-rib-long-sleeve-tee#White,random,0.31172499289496425,1,0
Laura,germaine-blouse#Pearl,cara-tee-4#Black,hard,0.2311349194354019,1,0
Laura,germaine-blouse#Pearl,wrap-me-up-bamboo-top#BlueJeans,semi-hard,0.3763281219970064,1,0
Laura,germaine-blouse#Pearl,the-french-cuff-shirt#White,random,0.39110010971292297,1,0
Laura,hannah-tee-1#Black,starry-night-cardi#Chalk,hard,0.2465738099233652,1,0
Laura,hannah-tee-1#Black,frost-cardigan#Mauvewoo,semi-hard,0.35110705935825726,1,0
Laura,hannah-tee-1#Black,belle-handkerchief-printed-cami#RustFlwrs,random,0.5479762001457134,1,0
Laura,hannah-tee-1#RedWhite,pure-merino-fine-rib-v-neck#Charcoal,hard,0.09000339286265074,1,0
Laura,hannah-tee-1#RedWhite,layered-sleeve-top#Moss,semi-hard,0.40697534356552034,1,0
Laura,hannah-tee-1#RedWhite,paradising-buttoned-shirt#Wheat,random,0.2753186700363618,1,0
Laura,high-neck-tie-top#Black,eco-78-long-cardigan#LightGreyM,hard,0.21906782894018012,1,0
Laura,high-neck-tie-top#Black,multi-stripe-jumper#NavyMulti,semi-hard,0.3866953916747774,1,0
Laura,high-neck-tie-top#Black,the-frill-detail-blouse#Chambray,random,0.4939498632660668,1,0
Laura,high-street-knit#NavyStripe,magnolia-fields-keyhole-blouse#Magnolia,hard,0.24705992946664757,1,0
Laura,high-street-knit#NavyStripe,natural-rolled-neck-tunic#BlueDam,semi-hard,0.32342153904920035,1,0
Laura,high-street-knit#NavyStripe,york-linen-blend-top#BurntOrang,random,0.274781021959066,1,0
Laura,jade-kimono-kaleidoscope#Blue,cuddled-longline-cardigan#Sunflower,hard,0.23904866288441312,1,0
Laura,jade-kimono-kaleidoscope#Blue,star-and-spot-sweater#SilverMult,semi-hard,0.3657621431313682,1,0
Laura,jade-kimono-kaleidoscope#Blue,york-linen-blend-long-cardigan#BurntOrang,random,0.2520393461182429,1,0
Laura,jade-kimono-sweet-blossoms#Blue,the-reversible-cowl-neck-top-2#Ocean,hard,0.23065200537828298,1,0
Laura,jade-kimono-sweet-blossoms#Blue,boho-embroidered-top#BohoDenim,semi-hard,0.31149298035675327,1,0
Laura,jade-kimono-sweet-blossoms#Blue,cotton-candy-side-split-top#IceBlue,random,0.5498095920582746,1,0
Laura,layer-top-1#Navy,millie-top#BlackSpot,hard,0.2515745471851828,1,0
Laura,layer-top-1#Navy,heartmade-cardi#DustyRose,semi-hard,0.32101043334843626,1,0
Laura,layer-top-1#Navy,relaxed-animal-print-blouse#Leopard,random,0.4882552408575247,1,0
Laura,layered-tee-2#Black,the-uneven-hem-knit-1#Sage,hard,0.1233715476810839,1,0
Laura,layered-tee-2#Black,luxe-shirt#Black,semi-hard,0.3339481263190472,1,0
Laura,layered-tee-2#Black,clio-knit-jumper#StoneBlack,random,0.5024117041498976,1,0
Laura,layered-tee-2#White,shirt-in-a-box#Silver,hard,0.2508173129876036,1,0
Laura,layered-tee-2#White,cotton-stripe-cardi-with-pockets#White,semi-hard,0.40076296348819185,1,0
Laura,layered-tee-2#White,cover-up-slouch-cardi#Alloy,random,0.33003568944270517,1,0
Laura,layla-long-line-kimono#MultiStrip,merino-boyfriend-cardigan#MelangeStr,hard,0.2317901146163538,1,0
Laura,layla-long-line-kimono#MultiStrip,the-relaxed-long-sleeve-tee-1#Ink%20Stripe,semi-hard,0.35712067521791324,1,0
Laura,layla-long-line-kimono#MultiStrip,prickly-cactus-crew#Pink,random,0.3358187097816387,1,0
Laura,lola-bell-sleeve-top-ditsy-daisies#Blue,millie-top#Moss,hard,0.2515745471851828,1,0
Laura,lola-bell-sleeve-top-ditsy-daisies#Blue,the-bamboo-tunic-dress#Khaki,semi-hard,0.35177729716580086,1,0
Laura,lola-bell-sleeve-top-ditsy-daisies#Blue,curve-hem-cable-knit-sweater-1#Sapphire,random,0.2884651208665932,1,0
Laura,long-sleeve-layer-top#Navy,leary-cardigan#Pine,hard,0.213596965172269,1,0
Laura,long-sleeve-layer-top#Navy,layered-tunic-1#White,semi-hard,0.3379631834643359,1,0
Laura,long-sleeve-layer-top#Navy,the-print-contrast-34-sleeve-top#Animal,random,0.5827463510355138,1,0
Laura,long-sleeve-layer-top#White,mila-knit-cardigan#StoneBlack,hard,0.21120771547587533,1,0
Laura,long-sleeve-layer-top#White,the-soft-knit-jumper#NavyStripe,semi-hard,0.41047155563013926,1,0
Laura,long-sleeve-layer-top#White,the-daily-cross-over-top#SkyBlue,random,0.470576718688818,1,0
Laura,long-sleeve-tee-2#NavyWhite,glasgow-top#Melange,hard,0.2352528891954783,1,0
Laura,long-sleeve-tee-2#NavyWhite,the-cotton-cardi#Navy,semi-hard,0.34835263187335685,1,0
Laura,long-sleeve-tee-2#NavyWhite,the-cross-over-poncho#Grey,random,0.29476643885427833,1,0
Laura,manhattan-stretch-tee#Black,belle-twist-front-tee-1#Black,semi-hard,0.3629196301248673,1,0
Laura,manhattan-stretch-tee#Black,prairie-romance-blouse#Blush,random,0.5697324486631761,1,0
Laura,manhattan-stretch-tee#Navy,ember-knit#EmberGlow,semi-hard,0.3473761554917778,1,0
Laura,manhattan-stretch-tee#Navy,juno-cardigan#GreyMarle,random,0.2982034852797059,1,0
Laura,manhattan-stretch-tee#NavyWhtStr,layered-tunic-1#PalePink,semi-hard,0.3379631834643359,1,0
Laura,manhattan-stretch-tee#NavyWhtStr,karmen-top#HighRiskRe,random,0.3499247783832799,1,0
Laura,manhattan-stretch-tee#White,jordan-top#PearlBlue,semi-hard,0.3583328545740265,1,0
Laura,manhattan-stretch-tee#White,crosses-jumper#xmyheart,random,0.4264225408759789,1,0
Laura,maui-stretch-tee#Black,icing-sugar-top#Ivory,semi-hard,0.3527566912735193,1,0
Laura,maui-stretch-tee#Black,paradise-cardi#MultiStrip,random,0.3698566598762638,1,0
Laura,maui-stretch-tee#Navy,in-transit-cardi#Navy,semi-hard,0.41548080875433957,1,0
Laura,maui-stretch-tee#Navy,moonlight-kisses-bamboo-tee#Saffron,random,0.4274396642207844,1,0
Laura,maui-stretch-tee#NavyWhtStr,belle-square-neck-drape-tee#Vanilla,semi-hard,0.3967693972015858,1,0
Laura,maui-stretch-tee#NavyWhtStr,napoleon-top-1#NemoRed,random,0.2819080386741768,1,0
Laura,maui-stretch-tee#White,linen-v-neck-cami-2#BlueWhite,semi-hard,0.3253241338081635,1,0
Laura,maui-stretch-tee#White,layer-me-bamboo-rouched-sleeve-tee#Copper,random,0.26908308629765826,1,0
Laura,meera-oversized-shirt#Mint,natural-detailed-sweater#Tinroof,semi-hard,0.3598351281350216,1,0
Laura,meera-oversized-shirt#Mint,daylight-cardi#Silver,random,0.2588330954532421,1,0
Laura,melbourne-stretch-cardigan#Black,mauevewood-crew#YellowWhit,semi-hard,0.3641917025454119,1,0
Laura,melbourne-stretch-cardigan#Black,the-contrast-trim-knit#BlackWhite,random,0.40059853442971416,1,0
Laura,melbourne-stretch-cardigan#Navy,lucy-rib-oversized-top#WhiteGrey,semi-hard,0.3317254484041783,1,0
Laura,melbourne-stretch-cardigan#Navy,long-sleeve-ruffle-shirt#Navy,random,0.4377896545396659,1,0
Laura,melbourne-stretch-cardigan#NavyWhtStr,the-zip-detail-jacket#Grey,semi-hard,0.3624489567600828,1,0
Laura,melbourne-stretch-cardigan#NavyWhtStr,anna-top#Leona,random,0.5150294480997534,1,0
Laura,messina-v-neck-tee#Black,art-deco-print-top#NavyWhite,semi-hard,0.30851886701004716,1,0
Laura,messina-v-neck-tee#Black,daylight-jumper#Silver,random,0.4219969258424671,1,0
Laura,messina-v-neck-tee#White,diva-ruffle-jumper#Gold%20Spot,semi-hard,0.33374066395276175,1,0
Laura,messina-v-neck-tee#White,the-soft-overlay-top#Pink,random,0.824498361707664,1,0
Laura,milan-stretch-top#Black,geneva-v-neck-top#ClaySpot,semi-hard,0.37892003786821027,1,0
Laura,milan-stretch-top#Black,tracie-top#Opal,random,0.4764354858351767,1,0
Laura,milan-stretch-top#Navy,soho-v-neck-blouse#SohoPrint,semi-hard,0.31392340839793165,1,0
Laura,milan-stretch-top#Navy,weekend-vibes-blouse#Blush,random,0.5560467338283429,1,0
Laura,milan-stretch-top#NavyWhtStr,agra-shirt#White,semi-hard,0.3691630745273332,1,0
Laura,milan-stretch-top#NavyWhtStr,wellington-tee#ClaySpot,random,0.39278428142946853,1,0
Laura,milan-stretch-top#SilverMarl,marlow-cardigan#Cream,semi-hard,0.35021143551823397,1,0
Laura,milan-stretch-top#SilverMarl,fundamental-rib-long-sleeve-tee#Black,random,0.31172499289496425,1,0
Laura,milan-stretch-top#White,the-sleeve-detail-knit#Ivory,semi-hard,0.41841374146335236,1,0
Laura,milan-stretch-top#White,long-sleeve-check-top#Check,random,0.4804777087878279,1,0
Laura,nuzuri-longline-cardi#Forest,variegated-rib-knit#Silver,semi-hard,0.35505150982387956,1,0
Laura,nuzuri-longline-cardi#Forest,silver-cross-sweater#Silver,random,0.2957246917718692,1,0
Laura,on-safari-blouse#Jewel,cotton-cashmere-v-neck-knit#Navy,semi-hard,0.33476989328152384,1,0
Laura,on-safari-blouse#Jewel,sugar-snaps-throw-jacket#White,random,0.6363950940268146,1,0
Laura,overlay-top-2#Black,the-stripe-jersey-top#Pink,semi-hard,0.34536321336202913,1,0
Laura,overlay-top-2#Black,fundamental-vee-tee#GreyMarle,random,0.2529973978331078,1,0
Laura,peasant-top-3#Denim,elcos-45-aop-top-jrs#BlackFlowe,semi-hard,0.3150910629092205,1,0
Laura,peasant-top-3#Denim,the-stripe-crossover-blouse#Bluestripe,random,0.5151591430329474,1,0
Laura,ponte-spot-top#BlackWhite,bird-print-jumper#Navy,semi-hard,0.3264253593191778,1,0
Laura,ponte-spot-top#BlackWhite,weekend-tunic#Navy,random,0.573752458490949,1,0
Laura,printed-v-neck-top#Striped,jewel-knit#GreyMarle,semi-hard,0.3626176987795572,1,0
Laura,printed-v-neck-top#Striped,print-tee-3#Boats,random,0.5970273490703719,1,0
Laura,rory-spliced-zip-hoodie#Silver,the-side-panel-drape-top#OffWhite,semi-hard,0.35424884164323295,1,0
Laura,rory-spliced-zip-hoodie#Silver,the-pocket-tee#GreyStripe,random,0.42718841819236575,1,0
Laura,rory-spliced-zip-hoodie#Slate,placement-print-shirt#WhiteNavy,semi-hard,0.41944078450380495,1,0
Laura,rory-spliced-zip-hoodie#Slate,rise-top#Ink,random,0.31954437398519875,1,0
Laura,ruffle-top-4#Black,fundamental-split-hoodie#Navy,semi-hard,0.3650244961051417,1,0
Laura,ruffle-top-4#Black,2-in-1-layered-top-1#NavyWhite,random,0.37266631779604387,1,0
Laura,ruffle-top-4#Terracotta,foil-spot-jumper#SilverDot,semi-hard,0.32591771968262884,1,0
Laura,ruffle-top-4#Terracotta,button-through-animal-shirt#Animal,random,0.26473244192202494,1,0
Laura,runaway-top#JetBlack,wellington-tee#Black,semi-hard,0.39278428142946853,1,0
Laura,runaway-top#JetBlack,layered-top-2#White,random,0.25511261285615666,1,0
Laura,runaway-top#Sand,fern-print-top#Navy,semi-hard,0.3529782825423363,1,0
Laura,runaway-top#Sand,sugar-snaps-throw-jacket#Duckegg,random,0.6363950940268146,1,0
Laura,runaway-top#SoftMint,sailaway-blouse#OxfordBlue,semi-hard,0.40824336670955236,1,0
Laura,runaway-top#SoftMint,cool-breeze-jumper#Dust,random,0.43307042568663645,1,0
Laura,runaway-top#SoftPink,ella-funnel-neck-top#Khaki,semi-hard,0.3792934443323029,1,0
Laura,runaway-top#SoftPink,the-boat-neck-top-1#NavyWhite,random,0.46194847512546866,1,0
Laura,saba-top-2#Catus,the-side-ring-detail-blouse-1#Black,semi-hard,0.3525224586265975,1,0
Laura,saba-top-2#Catus,foil-2-in-1-spot-top#Charcoal,random,0.44705106416500073,1,0
Laura,shell-top-3#PapBlue,ruffle-sleeve-top-1#Black,semi-hard,0.41732556948075605,1,0
Laura,shell-top-3#PapBlue,capri-tank-6#ClaySpot,random,0.28505248302598774,1,0
Laura,soft-and-true-tunic#Pine,the-panel-hem-top#Khaki,semi-hard,0.34282639092441847,1,0
Laura,soft-and-true-tunic#Pine,jersey-split-back-hooded-top#NavyStrip,random,0.5289412477309491,1,0
Laura,softly-swinging-bamboo-singlet#BlueJean,hacienda-tunic-5#PatchGold,semi-hard,0.34614974061288506,1,0
Laura,softly-swinging-bamboo-singlet#BlueJean,geneva-v-neck-top#Black,random,0.37892003786821027,1,0
Laura,softly-swinging-bamboo-singlet#Cashew,sequin-spot-shirt#Blue,semi-hard,0.42188876304030976,1,0
Laura,softly-swinging-bamboo-singlet#Cashew,poncho-2#NavySilver,random,0.7797412400873093,1,0
Laura,softly-swinging-bamboo-tee#Black,bertie-top#BlkCherry,semi-hard,0.3334875062118332,1,0
Laura,softly-swinging-bamboo-tee#Black,the-tie-detail-hoody#Pink,random,0.46562622363931305,1,0
Laura,softly-swinging-bamboo-tee#BlueJeans,the-tie-sleeve-blouse#Grey,semi-hard,0.33683814552472446,1,0
Laura,softly-swinging-bamboo-tee#BlueJeans,lurex-stitch-top#White,random,0.44536141182377553,1,0
Laura,softly-swinging-bamboo-tee#Blush,bird-jumper#Navy,semi-hard,0.3157671350225888,1,0
Laura,softly-swinging-bamboo-tee#Blush,print-tee-3#Music,random,0.5970273490703719,1,0
Laura,softly-swinging-bamboo-tee#Cashew,hacienda-tunic-pushkar#Cornflower,semi-hard,0.389569130656469,1,0
Laura,softly-swinging-bamboo-tee#Cashew,the-colour-block-pullover#Sage,random,0.4394473345639649,1,0
Laura,softly-swinging-bamboo-tee#Chambray,tia-boyfriend-shirt#White,semi-hard,0.3083889485182688,1,0
Laura,softly-swinging-bamboo-tee#Chambray,kimberly-spliced-top#Zebraprint,random,0.2786035435727787,1,0
Laura,softly-swinging-bamboo-tee#Copper,natural-extra-fine-sweater#Snowgum,semi-hard,0.3881466239448275,1,0
Laura,softly-swinging-bamboo-tee#Copper,block-sweater#Block,random,0.29451784686751503,1,0
Laura,softly-swinging-bamboo-tee#Jewel,snake-print-johnny-collar-top#BeigeSnake,semi-hard,0.3535334782488228,1,0
Laura,softly-swinging-bamboo-tee#Jewel,sequin-heart-layered-top#Natural,random,0.4900260541365065,1,0
Laura,softly-swinging-bamboo-tee#Navy,kimono-and-me-cardi#DustyPink,semi-hard,0.3607694694557203,1,0
Laura,softly-swinging-bamboo-tee#Navy,wellington-tee#Olive,random,0.39278428142946853,1,0
Laura,softly-swinging-bamboo-tee#Starfish,print-shirt-1#Blush,semi-hard,0.39811010038784733,1,0
Laura,softly-swinging-bamboo-tee#Starfish,renee-sweater#Sapphire,random,0.268966435148021,1,0
Laura,softly-swinging-bamboo-tee#Storm,always-mine-spliced-cardigan#GreyEmeral,semi-hard,0.33563651125506727,1,0
Laura,softly-swinging-bamboo-tee#Storm,floral-embroidered-jumper#Navy,random,0.48496968690049325,1,0
Laura,softly-swinging-bamboo-tee#TeaRose,the-printed-side-ring-detail-blouse#Block,semi-hard,0.3525224586265975,1,0
Laura,softly-swinging-bamboo-tee#TeaRose,ivy-cosy-pullover#Blossom,random,0.4791540803183672,1,0
Laura,softly-swinging-bamboo-tee#White,funnel-neck-knit-jumper#BlueMulti,semi-hard,0.3416600445174617,1,0
Laura,softly-swinging-bamboo-tee#White,analia-jersey-top#Black,random,0.26439683233582184,1,0
Laura,spot-layered-tee#Blue,lola-bell-sleeve-top-entangled-vines#Gold,semi-hard,0.39472166763642935,1,0
Laura,spot-layered-tee#Blue,the-longline-waterfall-cardi#Black,random,0.5872123407493608,1,0
Laura,square-nk-fray-trim-top#Denim,the-cotton-blend-stripe-jumper#BlueStripe,semi-hard,0.39917212060189067,1,0
Laura,square-nk-fray-trim-top#Denim,natural-cropped-sleeve-knit#Cloudcover,random,0.25754877087582034,1,0
Laura,stripe-me-happy-blouse#Ash,block-vest#Blockvest,semi-hard,0.3334770849424392,1,0
Laura,stripe-me-happy-blouse#Ash,circles-knit#Plum,random,0.2997563782364714,1,0
Laura,sugar-snaps-layers-tank#Black,2-in-1-jumper#Navy,semi-hard,0.37929763519591897,1,0
Laura,sugar-snaps-layers-tank#Black,striped-sleeve-sweater#Striped,random,0.9473684210526315,1,0
Laura,sugar-snaps-layers-tank#Blue,ryder-cosy-sweater#Blossom,semi-hard,0.3283349726712356,1,0
Laura,sugar-snaps-layers-tank#Blue,emerald-knit#Emerald,random,0.2908357716352225,1,0
Laura,sugar-snaps-layers-tank#DeepCobalt,malibu-cardigan#Wine,semi-hard,0.32755458812240534,1,0
Laura,sugar-snaps-layers-tank#DeepCobalt,floating-by-you-blouse#SeaFleur,random,0.554727143170852,1,0
Laura,sugar-snaps-layers-tank#DuckEgg,the-twist-hem-jumper#DenimMarle,semi-hard,0.3928314580230398,1,0
Laura,sugar-snaps-layers-tank#DuckEgg,long-sleeve-spot-top#Multispot,random,0.6137446312348643,1,0
Laura,sugar-snaps-layers-tank#Mint,geneva-v-neck-top#Olive,semi-hard,0.37892003786821027,1,0
Laura,sugar-snaps-layers-tank#Mint,the-zip-front-blouse#Khaki,random,0.5741514383374109,1,0
Laura,sugar-snaps-layers-tank#NewBeige,janet-frill-shirt#White,semi-hard,0.31003140248329153,1,0
Laura,sugar-snaps-layers-tank#NewBeige,belle-tier-tee#Blue,random,0.5541775501864259,1,0
Laura,sugar-snaps-layers-tank#PeachyKeen,belle-petal-print-top#Petal,semi-hard,0.3951839523952562,1,0
Laura,sugar-snaps-layers-tank#PeachyKeen,tinker-stripe-knit#NavyWhite,random,0.26218518101820604,1,0
Laura,sugar-snaps-layers-tank#Red,stripe-sweater-2#Blue,semi-hard,0.32259924013193836,1,0
Laura,sugar-snaps-layers-tank#Red,grace-oversized-knit#InkWhite,random,0.49285091289356864,1,0
Laura,sugar-snaps-layers-tank#SeaGreen,buttoned-top#Spotty,semi-hard,0.41492636512185993,1,0
Laura,sugar-snaps-layers-tank#SeaGreen,lavaux-bell-sleeve#Mustard,random,0.7736210521308077,1,0
Laura,sugar-snaps-layers-tank#White,rosie-bell-sleeve-denim-shirt#Stripe,semi-hard,0.357745765655959,1,0
Laura,sugar-snaps-layers-tank#White,the-textured-spot-top#Pink,random,0.488759801117881,1,0
Laura,sugar-snaps-round-neck-layer-tank#Black,frill-blouse#Rust,semi-hard,0.33443072051542233,1,0
Laura,sugar-snaps-round-neck-layer-tank#Black,the-belle-sleeve-print-top#NavyPrint,random,0.5760967488363465,1,0
Laura,sugar-snaps-round-neck-layer-tank#DuckEgg,arya-frilled-blouse#Oyster,semi-hard,0.33486632957609086,1,0
Laura,sugar-snaps-round-neck-layer-tank#DuckEgg,picnic-top#BlackWhite,random,0.29033858766169574,1,0
Laura,sugar-snaps-round-neck-layer-tank#White,midtown-ruffle-shirt#BoldRed,semi-hard,0.41973571330638026,1,0
Laura,sugar-snaps-round-neck-layer-tank#White,capri-tank-3#NavyStripe,random,0.2667860820322155,1,0
Laura,summer-breeze-top-1#White,falling-for-you-cardi-1#GreyGarden,semi-hard,0.3446327683615819,1,0
Laura,summer-breeze-top-1#White,aldis-blouse#Pearl,random,0.5035987153952292,1,0
Laura,summer-haze-top#Teal,indi-crosover-front-blouse#MixedStrip,semi-hard,0.3148370590850343,1,0
Laura,summer-haze-top#Teal,the-design-fold-tunic-top#PearlBlue,random,0.3263773549856173,1,0
Laura,the-asymmetrical-tank-top#HotPink,belle-half-sleeve-boat-tee#Black,semi-hard,0.3275155358770806,1,0
Laura,the-asymmetrical-tank-top#HotPink,zara-top#ZebraPrint,random,0.4581325777245786,1,0
Laura,the-asymmetrical-tank-top#Indigo,frill-sleeve-top-1#LeafPrint,semi-hard,0.3112138244721452,1,0
Laura,the-asymmetrical-tank-top#Indigo,the-blouson-sleeve-jumper#Navy,random,0.48417401954289985,1,0
Laura,the-batwing-tee#Black,wellington-tee#HeatheGrey,semi-hard,0.39278428142946853,1,0
Laura,the-batwing-tee#Black,oversize-contrast-hood-top#Steel,random,0.6521465297338007,1,0
Laura,the-batwing-tee#FrenchBlue,drama-top#BlackGrey,semi-hard,0.32124838566626557,1,0
Laura,the-batwing-tee#FrenchBlue,capri-tank-3#White,random,0.2667860820322155,1,0
Laura,the-batwing-tee#Sea,sunshine-in-me-tee-1#GreyMarle,semi-hard,0.422498182021592,1,0
Laura,the-batwing-tee#Sea,the-cross-over-poncho#Navy,random,0.29476643885427833,1,0
Laura,the-batwing-tee#Stone,driftwood-gathering-blouse#Khaki,semi-hard,0.3490238854393914,1,0
Laura,the-batwing-tee#Stone,paisley-top-1#Paisley,random,0.344965794986295,1,0
Laura,the-cape-jersey-top#DarkNavy,fundamental-sydney-crew#GreyMarle,semi-hard,0.34983740137042374,1,0
Laura,the-cape-jersey-top#DarkNavy,fundamental-split-hoodie-1#Lilac,random,0.4768958755050807,1,0
Laura,the-contrast-34-sleeve-top#Navy,bertie-top#Black,semi-hard,0.3334875062118332,1,0
Laura,the-contrast-34-sleeve-top#Navy,ines-top#NavyStrip,random,0.2851580852225134,1,0
Laura,the-cotton-bamboo-ls-top#Black,lucy-rib-oversized-top#Black,semi-hard,0.3317254484041783,1,0
Laura,the-cotton-bamboo-ls-top#Black,tutti-frutti-drop-shoulder-tee#Orange,random,0.2633200125434938,1,0
Laura,the-cotton-bamboo-ls-top#NavyStripe,wrap-me-up-bamboo-top#Black,semi-hard,0.3763281219970064,1,0
Laura,the-cotton-bamboo-ls-top#NavyStripe,holly-rib-long-sleeve-tee#WhiteGrey,random,0.2632622690808353,1,0
Laura,the-cotton-bamboo-tank#Chambray,belle-tie-neck-blouse-tee#RoyalBlue,semi-hard,0.42007844925238014,1,0
Laura,the-cotton-bamboo-tank#Chambray,napoleon-top-1#NemoBlue,random,0.2819080386741768,1,0
Laura,the-cotton-bamboo-tank#DarkNavy,cascade-hood-top#Black,semi-hard,0.3969896453992152,1,0
Laura,the-cotton-bamboo-tank#DarkNavy,long-sleeve-softly-swinging-bamboo-tee#Navy,random,0.4250364300750983,1,0
Laura,the-cotton-bamboo-tank#DuckEgg,the-stripe-pocket-tank#Stripe,semi-hard,0.3711855574495897,1,0
Laura,the-cotton-bamboo-tank#DuckEgg,cable-knit-sweater#Camel,random,0.25553780064743115,1,0
Laura,the-cotton-bamboo-tank#Moonbeam,ditzy-floral-ruffle-blouse#DitzyFlora,semi-hard,0.33002499990301,1,0
Laura,the-cotton-bamboo-tank#Moonbeam,great-scot-merino-carcoat#Twilight,random,0.29128180196528497,1,0
Laura,the-cotton-bamboo-tank#White,falling-for-you-cardi-2#WinterRose,semi-hard,0.3446327683615819,1,0
Laura,the-cotton-bamboo-tank#White,layer-me-bamboo-rouched-sleeve-tee#Black,random,0.26908308629765826,1,0
Laura,the-cotton-bamboo-tee#BlueJeans,baobab-sweater#Bark,semi-hard,0.3938406037657464,1,0
Laura,the-cotton-bamboo-tee#BlueJeans,the-box-top#Khaki,random,0.4876035045291318,1,0
Laura,the-cotton-bamboo-tee#DuckEgg,sequin-star-tee#Navy,semi-hard,0.37035031506352045,1,0
Laura,the-cotton-bamboo-tee#DuckEgg,verona-patchwork-top#Patchwork,random,0.27951878897778315,1,0
Laura,the-cotton-bamboo-tee#DustyPink,spiced-stripe-tee#NavyWhite,semi-hard,0.33246309543040475,1,0
Laura,the-cotton-bamboo-tee#DustyPink,nova-lux-long-sleeve-tie-top#AidaStripe,random,0.26217119656891363,1,0
Laura,the-cotton-bamboo-tee#White,floral-blouse-2#NavyMulti,semi-hard,0.3226201170643547,1,0
Laura,the-cotton-bamboo-tee#White,rib-tank-2#Mustard,random,0.27033456897258334,1,0
Laura,the-cross-front-spot-blouse#NavySpot,the-asymmetrical-hem-sweater#Blush,semi-hard,0.3930677560073447,1,0
Laura,the-cross-front-spot-blouse#NavySpot,weekend-cardigan#Black,random,0.26360242894407077,1,0
Laura,the-cross-front-spot-blouse#Spot,falling-for-you-tunic#Black,semi-hard,0.35843722891801966,1,0
Laura,the-cross-front-spot-blouse#Spot,sequin-cross-2-in-1-top#Khaki,random,0.2878124203701519,1,0
Laura,the-cross-over-blouse#Black,willow-knot-top#WhiteBlk,semi-hard,0.3240592599740353,1,0
Laura,the-cross-over-blouse#Black,belle-ls-free-fall-tee#Blush,random,0.5306803890640258,1,0
Laura,the-cross-over-blouse#Blue,raspberry-ls-tee#WhiteRaspb,semi-hard,0.3182423653505271,1,0
Laura,the-cross-over-blouse#Blue,the-stripe-button-through-top#Coral,random,0.5572293329443826,1,0
Laura,the-cross-over-blouse#Mint,falling-for-you-tunic#Rust,semi-hard,0.35843722891801966,1,0
Laura,the-cross-over-blouse#Mint,daisy-chain-tassel-blouse#DeepBlue,random,0.5258741936287721,1,0
Laura,the-cross-over-blouse#Red,heartmade-sweater#Rust,semi-hard,0.37346356210149767,1,0
Laura,the-cross-over-blouse#Red,double-layered-top-1#WBlack,random,0.252723363159763,1,0
Laura,the-cross-over-blouse#RoyalBlue,bamboo-layer-tank#Black,semi-hard,0.3155040581592404,1,0
Laura,the-cross-over-blouse#RoyalBlue,long-sleeve-softly-swinging-bamboo-tee#Cashew,random,0.4250364300750983,1,0
Laura,the-cross-over-blouse#Silver,the-crossover-2-way-blouse#Black,semi-hard,0.34413716993432275,1,0
Laura,the-cross-over-blouse#Silver,snug-as-a-bug-jumper#Smoke,random,0.536879936878612,1,0
Laura,the-cross-over-blouse#Sunshine,alberta-stripe-top#IvoryStrip,semi-hard,0.32969624840630246,1,0
Laura,the-cross-over-blouse#Sunshine,ashbury-cardigan#Mocha,random,0.2903246032124034,1,0
Laura,the-cross-over-blouse#White,the-excess-shirt#Pearl,semi-hard,0.31337228260413474,1,0
Laura,the-cross-over-blouse#White,the-button-up-swing-tunic#Wine,random,0.6270170728045151,1,0
Laura,the-cut-out-shoulder-blouse#Black,fundamental-split-hoodie#Pink,semi-hard,0.3650244961051417,1,0
Laura,the-cut-out-shoulder-blouse#Black,softly-falling-bamboo-tunic#Copper,random,0.4693451791592992,1,0
Laura,the-cut-out-shoulder-blouse#Blue,the-cotton-cardi#Khaki,semi-hard,0.34835263187335685,1,0
Laura,the-cut-out-shoulder-blouse#Blue,the-cosy-cardigan#Blue,random,0.44381048274318957,1,0
Laura,the-cut-out-shoulder-blouse#Clay,luxe-shirt#Navy,semi-hard,0.3339481263190472,1,0
Laura,the-cut-out-shoulder-blouse#Clay,neptune-top-1#PrimBlack,random,0.30361046632229566,1,0
Laura,the-cut-out-shoulder-blouse#Salmon,mauevewood-crew#Charcoal,semi-hard,0.3641917025454119,1,0
Laura,the-cut-out-shoulder-blouse#Salmon,nova-lux-solid-v-neck-placket-shirt#CloudDance,random,0.261194376251051,1,0
Laura,the-cut-out-shoulder-blouse#Silver,elcos-45-aop-top-jrs#BlackZigZa,semi-hard,0.3150910629092205,1,0
Laura,the-cut-out-shoulder-blouse#Silver,the-oversize-knit#Ink,random,0.6848744196453544,1,0
Laura,the-cut-out-shoulder-blouse#White,foil-striped-2-in-1-top#Blue,semi-hard,0.3930933723817495,1,0
Laura,the-cut-out-shoulder-blouse#White,belle-flocked-tunic#White,random,0.6898711380116977,1,0
Laura,the-dobby-sleeve-tee#InkBlue,horizontal-cabel-pullover#EnglishRos,semi-hard,0.31197462184962277,1,0
Laura,the-dobby-sleeve-tee#InkBlue,milan-34-sleeve-1#Melange,random,0.4299198695870654,1,0
Laura,the-dobby-sleeve-tee#White,soho-ruffle-jumper#OatmealMar,semi-hard,0.33925477082961364,1,0
Laura,the-dobby-sleeve-tee#White,summer-whispers-kimono-1#Peacock,random,0.7278925564236416,1,0
Laura,the-double-layer-top#Black,layered-tunic-1#Natural,semi-hard,0.3379631834643359,1,0
Laura,the-double-layer-top#Black,crushed-top#Blue,random,0.426344669115548,1,0
Laura,the-double-layer-top#White,natural-textured-poncho#Deeprain,random,0.5706214689265536,1,0
Laura,the-drape-tee-1#Black,under-the-stars-blouse#Petal,random,0.5211554382613597,1,0
Laura,the-drape-tee-1#Navy,the-cross-over-printed-blouse#Leopard,random,0.4880596998960569,1,0
Laura,the-drape-tee-1#NavyStripe,irena-embroidered-blouse#DustyRose,random,0.29013298599070475,1,0
Laura,the-drape-tee-1#Stripe,the-bell-sleeve-top#BlkStripe,random,0.5541048529473821,1,0
Laura,the-drape-tee-1#White,the-stripe-tank-1#Hazelnut,random,0.49636325900925266,1,0
Laura,the-essential-layering-tee#Ink,layered-stripe-top#PinkStripe,random,0.426344669115548,1,0
Laura,the-essential-layering-tee#White,chill-out-slouch-top#GreyMarle,random,0.6510123086954165,1,0
Laura,the-everyday-shirt#Black,the-daily-essential-jumper#Grey,random,0.5588470533047952,1,0
Laura,the-everyday-shirt#Cream,rib-tank-2#Red,random,0.27033456897258334,1,0
Laura,the-everyday-shirt#Midnight,cotton-modal-print-top#PinkNavy,random,0.26783489853233033,1,0
Laura,the-everyday-shirt#Pink,collared-shirt-1#White,random,0.2825667970350271,1,0
Laura,the-everyday-shirt#Rose,the-ruffle-sleeve-sweat#KhakiMarle,random,0.5501850363448478,1,0
Laura,the-flutter-sleeve-top#Denim,rib-tank-2#White,random,0.27033456897258334,1,0
Laura,the-flutter-sleeve-top#SnakePrint,square-peg-pullover#SilverMix,random,0.2781679345121103,1,0
Laura,the-half-sleeve-tee#Black,monaco-knot-top#Olive,random,0.25514444759856947,1,0
Laura,the-half-sleeve-tee#White,the-tie-layering-knit#Grey,random,0.6304165206886433,1,0
Laura,the-high-low-drape-tee#Grey,hem-frill-stripe-top#SoFrilled,random,0.5165296190636013,1,0
Laura,the-high-low-drape-tee#Sage,contrast-pocket-tunic#Pinkpocket,random,0.6388322150680724,1,0
Laura,the-lace-trim-top#Black,sandy-off-the-shoulder-top#Gingham,random,0.28799336524896957,1,0
Laura,the-lace-trim-top#Ivory,long-sleeve-softly-swinging-bamboo-tee#White,random,0.4250364300750983,1,0
Laura,the-long-sleeve-scoop-neck-tee#Black,fundamental-vee-tee#Navy,random,0.2529973978331078,1,0
Laura,the-long-sleeve-scoop-neck-tee#Grey,cooks-shirt#Stripes,random,0.2905685950513732,1,0
Laura,the-long-sleeve-scoop-neck-tee#Navy,relaxed-top-1#FloraStrip,random,0.48685461766515636,1,0
Laura,the-long-sleeve-scoop-neck-tee#White,lake-house-top#CoalPrint,random,0.26085903493514917,1,0
Laura,the-long-sleeve-v-neck-tee#Black,long-sleeve-softly-swinging-bamboo-tee#Fern,random,0.4250364300750983,1,0
Laura,the-long-sleeve-v-neck-tee#Navy,monaco-knot-top#Black,random,0.25514444759856947,1,0
Laura,the-long-sleeve-v-neck-tee#White,off-shoulder-top-1#Strawberry,random,0.48318578512623783,1,0
Laura,the-on-or-off-the-shoulder-top#FrenchNavy,rising-mist-jumper#Nickel,random,0.6666666666666666,1,0
Laura,the-on-or-off-the-shoulder-top#Pink,pocket-shirt-1#Ivory,random,0.26670132237447775,1,0
Laura,the-oversized-cotton-blend-shirt#Navy,belle-mesh-cardi#Black,random,0.695996963657115,1,0
Laura,the-oversized-cotton-blend-shirt#Sand,long-sleeve-ruffle-shirt#White,random,0.4377896545396659,1,0
Laura,the-relax-blouse#White,the-pleated-sleeve-top#Sage,random,0.47905129496000454,1,0
Laura,the-relaxed-long-sleeve-tee#Black,grace-oversized-knit#StoneBlack,random,0.49285091289356864,1,0
Laura,the-relaxed-long-sleeve-tee#Khaki,tab-sleeve-longline-shirt#Navy,random,0.5429754646035772,1,0
Laura,the-relaxed-long-sleeve-tee#Navy,reversible-scoopv-neck-tank#White,random,0.2621271692852462,1,0
Laura,the-relaxed-long-sleeve-tee#Pink,the-stitch-detail-top#SkyBlue,random,0.5297283493553988,1,0
Laura,the-relaxed-long-sleeve-tee#White,the-swing-tank-top#Rose,random,0.5583558240147924,1,0
Laura,the-reversible-cowl-neck-top-1#Black,the-contrast-panel-top#BlkStripe,random,0.4373496671701068,1,0
Laura,the-reversible-cowl-neck-top-1#White,fundamental-split-hoodie-1#Khaki,random,0.4768958755050807,1,0
Laura,the-roll-neck-sleeveless-top-1#Black,freya-fringe-blouse#Navy,random,0.29434026568555127,1,0
Laura,the-roll-neck-sweater#Natural,the-reverse-sleeve-sweater#Navy,random,0.47837096376899063,1,0
Laura,the-short-sleeve-wrap-jersey-top#Black,capri-tank-3#Navy,random,0.2667860820322155,1,0
Laura,the-short-sleeve-wrap-jersey-top#Blue,longline-gather-back-shirt#Black,random,0.5223635557299633,1,0
Laura,the-short-sleeve-wrap-jersey-top#Emerald,amira-sweater#Cream,random,0.2961358951138513,1,0
Laura,the-short-sleeve-wrap-jersey-top#NavyWhite,tuck-layer-shirt#White,random,0.6925290655738188,1,0
Laura,the-sleeveless-cross-over-blouse#Black,long-sleeve-softly-swinging-bamboo-tee#Black,random,0.4250364300750983,1,0
Laura,the-sleeveless-cross-over-blouse#Chambray,relaxed-cape#Black,random,0.5986335475652829,1,0
Laura,the-sleeveless-cross-over-blouse#Cobalt,belle-mid-length-knit-cardi#Black,random,0.48128518003867554,1,0
Laura,the-sleeveless-cross-over-blouse#Mint,the-box-top#Blush,random,0.4876035045291318,1,0
Laura,the-sleeveless-cross-over-blouse#Salmon,st-helens-henley-tee#White,random,0.2670160894218929,1,0
Laura,the-sleeveless-cross-over-blouse#Sunshine,laurina-stripe-pullover#NightSky,random,0.2671216916184186,1,0
Laura,the-sleeveless-cross-over-blouse#White,the-essential-pullover#SkyBlue,random,0.4274438848922117,1,0
Laura,the-slouch-pocket-tee#Stripe,spliced-stripe-tunic#Navy,random,0.2793007264952362,1,0
Laura,the-stella-tee#Marine,print-tee-3#Cntryhous,random,0.5970273490703719,1,0
Laura,the-tie-front-tank#Navy,on-the-open-road-maxi-shirt#DarkOchre,random,0.4348154569285703,1,0
Laura,the-tie-front-tank#White,partly-cloudy-knit#PawPaw,random,0.5679565726420992,1,0
Laura,the-tie-front-top#Black,the-printed-v-split-top#Natural,random,0.5202832020886232,1,0
Laura,the-tie-front-top#Navy,the-crossover-button-blouse-1#Ornate,random,0.556860770822845,1,0
Laura,the-ultimate-tie-cardi#Black,the-luxe-cotton-tunic#White,random,0.46736680778509954,1,0
Laura,the-ultimate-tie-cardi#Port,the-shoulder-tie-top#Navy,random,0.5243764789432164,1,0
Laura,the-v-split-blouse#Salmon,the-boat-neck-top#Navy,random,0.45213835127291235,1,0
Laura,the-weekender-shirt#DenimStrip,long-sleeve-softly-swinging-bamboo-tee#Combat,random,0.4250364300750983,1,0
Laura,the-weekender-shirt#GreyStripe,the-contrast-knit-1#Sage,random,0.46140316529422787,1,0
Laura,the-wrap-jersey-top#Charcoal,long-sleeve-softly-swinging-bamboo-tee#TeaRose,random,0.4250364300750983,1,0
Laura,the-wrap-jersey-top#JetBlack,the-contrast-detail-top#Ivory,random,0.4486491021983554,1,0
Laura,the-wrap-jersey-top#NavyWhite,the-bonded-cotton-shirt#Pink,random,0.5326222687985324,1,0
Laura,the-wrap-jersey-top#PortSpot,long-sleeve-softly-swinging-bamboo-tee#SilverScon,random,0.4250364300750983,1,0
Laura,the-zip-front-top#Blue,kimberly-spliced-top#Black,random,0.2786035435727787,1,0
Laura,the-zip-front-top#Rose,the-layered-cross-over-top#Navy,random,0.43651344628531064,1,0
Laura,this-mortal-coil-drape#StormClam,billow-top#Black,random,0.6600232450025163,1,0
Laura,tie-back-bell-sleeve-top-5#Summerbud,lilly-layer-stripe-tank#NavyWhite,random,0.2948918982121394,1,0
Laura,true-love-bell-blouse#Jade,clio-knit-jumper#Black,random,0.5024117041498976,1,0
Laura,vivid-dreams-blouse#Dusty%20Rose,capri-tank-6#Olive,random,0.28505248302598774,1,0
Laura,waterfall-cardi-1#Black,the-contrast-panel-top#SageStripe,random,0.4373496671701068,1,0
Laura,waterfall-cardi-1#Navy,yvette-blouse#Black,random,0.4734382685686178,1,0
Laura,westward-top#BotanicalD,the-daily-cross-over-top#PinkPrint,random,0.470576718688818,1,0
Lauren,belle-drape-tee#Black,belle-two-in-one-top#Charcoal,hard,0.22458513708513705,1,0
Lauren,belle-drape-tee#Black,the-weekender-shirt#GreyStripe,semi-hard,0.28572255291005294,1,0
Lauren,belle-drape-tee#Black,relaxed-v-neck-knit#Silver,random,0.2608473124098124,1,0
Lauren,belle-drape-tee#Sliver,ruffle-hem-jersey-top#Pink,hard,0.23223417207792207,1,0
Lauren,belle-drape-tee#Sliver,layered-stripe-top#PinkStripe,semi-hard,0.29154604076479074,1,0
Lauren,belle-drape-tee#Sliver,meredith-78-oversized-pullover-knit#CameoRose,random,0.6722703222703222,1,0
Lauren,belle-half-sleeve-boat-tee#Black,mila-knit-cardigan#Black,hard,0.22611719877344877,1,0
Lauren,belle-half-sleeve-boat-tee#Black,long-sleeve-softly-swinging-bamboo-tee#Copper,semi-hard,0.2864769345238095,1,0
Lauren,belle-half-sleeve-boat-tee#Black,rib-tank-2#Khaki,random,0.25441017316017317,1,0
Lauren,belle-half-sleeve-boat-tee#White,the-tie-sleeve-blouse#Grey,hard,0.22385630862193362,1,0
Lauren,belle-half-sleeve-boat-tee#White,elcos-top#LightGrey,semi-hard,0.2880456349206349,1,0
Lauren,belle-half-sleeve-boat-tee#White,butterfly-blouse-1#Ivory,random,0.17492559523809526,1,0
Lauren,belle-handkerchief-printed-cami#RustFlwrs,the-short-sleeve-wrap-jersey-top#NavyWhite,hard,0.22215852723665225,1,0
Lauren,belle-handkerchief-printed-cami#RustFlwrs,pure-merino-fine-rib-polo#BlackStri,semi-hard,0.2971444354256854,1,0
Lauren,belle-handkerchief-printed-cami#RustFlwrs,sparkly-star-tee#Blue,random,0.2533256673881674,1,0
Lauren,belle-mesh-cardi#Black,coogee-shirt#White,hard,0.2272050865800866,1,0
Lauren,belle-mesh-cardi#Black,the-cascade-blouse#Auburn,semi-hard,0.30626296446608947,1,0
Lauren,belle-mesh-cardi#Black,the-relaxed-long-sleeve-tee-1#Ink%20Stripe,random,0.2301350559163059,1,0
Lauren,belle-square-neck-drape-tee#Vanilla,oregon-safari-embroidered-top#White,hard,0.23137175324675324,1,0
Lauren,belle-square-neck-drape-tee#Vanilla,cherrington-top#GreyRose,semi-hard,0.26681434884559885,1,0
Lauren,belle-square-neck-drape-tee#Vanilla,elcos-45-aop-top-jrs#BlackFlowe,random,0.27902800324675325,1,0
Lauren,belle-tie-front-shirt#Black,the-cotton-bamboo-tee#White,hard,0.16992469336219335,1,0
Lauren,belle-tie-front-shirt#Black,dream-girl-ruffle-jumper#SoftPink,semi-hard,0.2995930284992785,1,0
Lauren,belle-tie-front-shirt#Black,lola-bell-sleeve-top-ditsy-daisies#Blue,random,0.2847718253968254,1,0
Lauren,belle-twist-front-tee-1#Black,the-short-sleeve-wrap-jersey-top#Black,hard,0.22215852723665225,1,0
Lauren,belle-twist-front-tee-1#Black,geena-xo-ls-pullover-knit#Allure,semi-hard,0.2869498556998557,1,0
Lauren,belle-twist-front-tee-1#Black,foil-2-in-1-spot-top#Charcoal,random,0.3069912292568543,1,0
Lauren,cotton-candy-side-split-top#IceBlue,forget-me-knot-tunic#ForgetMeK,hard,0.186816829004329,1,0
Lauren,cotton-candy-side-split-top#IceBlue,sequin-star-tee#Navy,semi-hard,0.2671491702741703,1,0
Lauren,cotton-candy-side-split-top#IceBlue,the-relaxed-batwing-top#Denim%20Blue,random,0.48864087301587295,1,0
Lauren,drama-top#BlackGrey,the-panel-luxe-top#BlkWhite,hard,0.2245231331168831,1,0
Lauren,drama-top#BlackGrey,long-sleeve-layer-top#White,semi-hard,0.26498128607503607,1,0
Lauren,drama-top#BlackGrey,ava-short-sleeve-linen-tee#Navy,random,0.250390625,1,0
Lauren,layer-me-cotton-candy-top#Cream,york-linen-blend-long-cardigan#BurntOrang,hard,0.20440228174603176,1,0
Lauren,layer-me-cotton-candy-top#Cream,rory-spliced-zip-hoodie#Slate,semi-hard,0.27121550324675325,1,0
Lauren,layer-me-cotton-candy-top#Cream,relaxed-animal-print-blouse#Leopard,random,0.3695271164021164,1,0
Lauren,natural-classic-cardigan#Pebble,overlay-tunic-3-pce-set#Emerald,hard,0.20310921717171718,1,0
Lauren,natural-classic-cardigan#Pebble,the-panel-hem-top#DenimMarle,semi-hard,0.2914558531746032,1,0
Lauren,natural-classic-cardigan#Pebble,sugar-snaps-layers-tank#DuckEgg,random,0.33467881944444444,1,0
Lauren,natural-cross-back-knit#Lightsmoke,the-long-sleeve-v-neck-tee#Navy,hard,0.23075622294372294,1,0
Lauren,natural-cross-back-knit#Lightsmoke,the-lace-trim-top#Ivory,semi-hard,0.2919229497354497,1,0
Lauren,natural-cross-back-knit#Lightsmoke,sand-queen-throw-blouse#Fleur,random,0.42925084175084177,1,0
Lauren,natural-textured-poncho#Deeprain,leah-knit-cardigan#WhiteBlk,hard,0.20910330988455988,1,0
Lauren,natural-textured-poncho#Deeprain,softly-swinging-bamboo-tee#Chambray,semi-hard,0.31097357503607503,1,0
Lauren,natural-textured-poncho#Deeprain,long-sleeve-softly-swinging-bamboo-tee#DuckEgg,random,0.2864769345238095,1,0
Lauren,sugar-snaps-throw-jacket#Black,lake-house-top#CoalPrint,hard,0.22510146103896106,1,0
Lauren,sugar-snaps-throw-jacket#Black,layer-top-1#Navy,semi-hard,0.2826839826839827,1,0
Lauren,sugar-snaps-throw-jacket#Black,the-roll-neck-sleeveless-top-1#Black,random,0.3086027687590187,1,0
Lauren,sugar-snaps-throw-jacket#Duckegg,colourblock-cardi#NavyRed,hard,0.22498872655122654,1,0
Lauren,sugar-snaps-throw-jacket#Duckegg,rise-top#Ink,semi-hard,0.2634920634920635,1,0
Lauren,sugar-snaps-throw-jacket#Duckegg,clovis-shirt#NavyGold,random,0.24989628427128427,1,0
Lauren,sugar-snaps-throw-jacket#White,the-design-fold-tunic-top#PearlBlue,hard,0.22201554232804233,1,0
Lauren,sugar-snaps-throw-jacket#White,milan-stretch-top#White,semi-hard,0.30456461940836943,1,0
Lauren,sugar-snaps-throw-jacket#White,the-relaxed-long-sleeve-tee#White,random,0.2613921957671958,1,0
Lauren,the-contrast-knit-1#Navy,first-love-kimono-jacket#Stone,hard,0.20033482142857142,1,0
Lauren,the-contrast-knit-1#Navy,belle-v-neck-forgiver-tunic#Black,semi-hard,0.2653025793650794,1,0
Lauren,the-contrast-knit-1#Navy,the-oversized-cotton-blend-shirt#Sand,random,0.5274474657287157,1,0
Lauren,the-contrast-knit-1#Sage,mila-knit-cardigan#StoneBlack,hard,0.22611719877344877,1,0
Lauren,the-contrast-knit-1#Sage,diva-ruffle-jumper#Gold%20Spot,semi-hard,0.29285939754689755,1,0
Lauren,the-contrast-knit-1#Sage,multi-sequin-dot-stripe-top#Navy,random,0.2244724025974026,1,0
Lauren,the-cosy-cardigan#Blue,the-tie-front-top#Black,hard,0.2220119724025974,1,0
Lauren,the-cosy-cardigan#Blue,soho-v-neck-blouse#SohoPrint,semi-hard,0.28965848965848967,1,0
Lauren,the-cosy-cardigan#Blue,annabelle-sweater#Midnight,random,0.5269660894660895,1,0
Lauren,the-cosy-cardigan#Grey,freya-fringe-blouse#Navy,hard,0.23309095418470419,1,0
Lauren,the-cosy-cardigan#Grey,the-sleeveless-cross-over-blouse#Black,semi-hard,0.30472301136363633,1,0
Lauren,the-cosy-cardigan#Grey,runaway-top#SoftMint,random,0.2846395502645503,1,0
Lauren,the-pirate-in-me-shirt#White,nuzuri-longline-cardi#Forest,hard,0.22089947089947093,1,0
Lauren,the-pirate-in-me-shirt#White,the-cotton-cardi#Khaki,semi-hard,0.29087301587301584,1,0
Lauren,the-pirate-in-me-shirt#White,flow-with-me-slouch-top#Brick,random,0.6595125360750361,1,0
Lauren,the-sleeve-detail-knit#Ivory,endeavor-long-sleeve-tee#Stripe,hard,0.03571428571428571,1,0
Lauren,the-sleeve-detail-knit#Ivory,geneva-v-neck-top#ClaySpot,semi-hard,0.28272456709956706,1,0
Lauren,the-sleeve-detail-knit#Ivory,luxe-shirt#Black,random,0.2744047619047619,1,0
Lauren,the-tie-front-tank#Navy,fluid-tunic-top#White,hard,0.23180352633477636,1,0
Lauren,the-tie-front-tank#Navy,softly-swinging-bamboo-singlet#Cashew,semi-hard,0.2655263573232323,1,0
Lauren,the-tie-front-tank#Navy,animal-knit-1#Animal,random,0.2573976370851371,1,0
Lauren,the-tie-front-tank#White,weekend-cardigan#Black,hard,0.21378517316017318,1,0
Lauren,the-tie-front-tank#White,emerald-knit#Emerald,semi-hard,0.26610412157287155,1,0
Lauren,the-tie-front-tank#White,the-wrap-jersey-top#JetBlack,random,0.2167235975829726,1,0
Lauren,the-twist-front-top#Grey,the-short-sleeve-wrap-jersey-top#Emerald,hard,0.22215852723665225,1,0
Lauren,the-twist-front-top#Grey,the-weekender-shirt#DenimStrip,semi-hard,0.28572255291005294,1,0
Lauren,the-twist-front-top#Grey,aigli-top#White,random,0.21416283369408368,1,0
Lauren,the-twist-front-top#Navy,layer-me-bamboo-rouched-sleeve-tee#White,hard,0.2283544146825397,1,0
Lauren,the-twist-front-top#Navy,elcos-45-aop-top-jrs#BlackZigZa,semi-hard,0.27902800324675325,1,0
Lauren,the-twist-front-top#Navy,ivy-cosy-pullover#Storm,random,0.3555036976911977,1,0
Lauren,the-zip-detail-jacket#Grey,kimono-and-me-cardi#DustyPink,hard,0.23095294462481963,1,0
Lauren,the-zip-detail-jacket#Grey,softly-swinging-bamboo-tee#Jewel,semi-hard,0.31097357503607503,1,0
Lauren,the-zip-detail-jacket#Grey,the-bonded-cotton-tunic-dress#Navy,random,0.34479335768398267,1,0
Lauren,to-the-beat-of-the-drum-kimono#Leaf,kimono-and-me-cardi#Sand,hard,0.23095294462481963,1,0
Lauren,to-the-beat-of-the-drum-kimono#Leaf,prickly-cactus-crew#Pink,semi-hard,0.2852103625541126,1,0
Lauren,to-the-beat-of-the-drum-kimono#Leaf,the-cross-over-printed-blouse#Leopard,random,0.3462267766955267,1,0
Lisa,ashbury-cardigan#Mocha,butterfly-blouse-1#Ivory,hard,0.31312319846268816,1,0
Lisa,ashbury-cardigan#Mocha,sunshine-in-me-tee-1#GreyMarle,semi-hard,0.5201149425287357,1,0
Lisa,ashbury-cardigan#Mocha,cotton-stripe-cardi-with-pockets#White,random,0.5236628589729903,1,0
Lisa,frill-sleeve-top-1#LeafPrint,leah-knit-cardigan#Black,hard,0.29458293299170846,1,0
Lisa,frill-sleeve-top-1#LeafPrint,foil-striped-2-in-1-top#Blue,semi-hard,0.5157894736842105,1,0
Lisa,frill-sleeve-top-1#LeafPrint,back-to-you-top#Rust,random,0.25495978790790363,1,0
Lisa,out-of-my-mind-scallop-knit#GreyMarle,the-short-sleeve-wrap-jersey-top#Emerald,hard,0.3286315433614462,1,0
Lisa,out-of-my-mind-scallop-knit#GreyMarle,sunshine-in-me-tee-1#White,semi-hard,0.5201149425287357,1,0
Lisa,out-of-my-mind-scallop-knit#GreyMarle,the-pirate-in-me-shirt#White,random,0.7566750293583858,1,0
Lisa,partly-cloudy-knit#Black,shirt-in-a-box#Silver,hard,0.29730258709654456,1,0
Lisa,partly-cloudy-knit#Black,belle-half-sleeve-forgiver-tunic#Apricot,semi-hard,0.5033473008078004,1,0
Lisa,partly-cloudy-knit#Black,sugar-snaps-throw-jacket#White,random,0.7416444254652859,1,0
Lisa,partly-cloudy-knit#PawPaw,colourblock-cardi#NavyRed,hard,0.2831038041350842,1,0
Lisa,partly-cloudy-knit#PawPaw,willow-knot-top#WhiteBlk,semi-hard,0.4438854489164087,1,0
Lisa,partly-cloudy-knit#PawPaw,2-in-1-layered-top-1#NavyWhite,random,0.489312361363178,1,0
Lisa,seeker-knot-front-shirt#Olive,the-panel-luxe-top#BlkWhite,hard,0.324717091918437,1,0
Lisa,seeker-knot-front-shirt#Olive,heartmade-cardi#DustyRose,semi-hard,0.4480578982954343,1,0
Lisa,seeker-knot-front-shirt#Olive,nova-lux-long-sleeve-tie-top#AidaStripe,random,0.3624497348848795,1,0
Lisa,the-boat-neck-top#Black,eco-78-long-cardigan#DarkGreyM,hard,0.29104836126828226,1,0
Lisa,the-boat-neck-top#Black,janet-frill-shirt#White,semi-hard,0.42967154193800927,1,0
Lisa,the-boat-neck-top#Black,the-sleeveless-cross-over-blouse#White,random,0.5600579160883954,1,0
Lisa,the-boat-neck-top#Navy,the-long-sleeve-v-neck-tee#Black,hard,0.2996459200740187,1,0
Lisa,the-boat-neck-top#Navy,paisley-top-1#Paisley,semi-hard,0.4667360592149745,1,0
Lisa,the-boat-neck-top#Navy,ruffle-top-4#Black,random,0.43381285363510197,1,0
Ljubenka,34-sleeve-shirt-1#SkyWhite,spliced-stripe-tunic#Navy,hard,0.1696521597089779,1,0
Ljubenka,34-sleeve-shirt-1#SkyWhite,diva-ruffle-jumper#Gold%20Spot,semi-hard,0.2744022391749664,1,0
Ljubenka,34-sleeve-shirt-1#SkyWhite,arlo-cardigan#Navy,random,0.1643060853288126,1,0
Ljubenka,belle-flocked-tunic#Pale%20Blue,birds-tee-1#Navy,hard,0.18284660415342235,1,0
Ljubenka,belle-flocked-tunic#Pale%20Blue,tia-boyfriend-shirt#White,semi-hard,0.24083624708624707,1,0
Ljubenka,belle-flocked-tunic#Pale%20Blue,belle-half-sleeve-boat-tee#White,random,0.21491720085470087,1,0
Ljubenka,belle-flocked-tunic#White,mila-knit-cardigan#InkWhite,hard,0.17385613124249488,1,0
Ljubenka,belle-flocked-tunic#White,the-sleeveless-cross-over-blouse#Black,semi-hard,0.2991699115278661,1,0
Ljubenka,belle-flocked-tunic#White,cascade-hood-top#Black,random,0.2717675001765911,1,0
Ljubenka,belle-flute-sleeve-tee#Navy,layer-me-bamboo-rouched-sleeve-tee#Copper,hard,0.1974717675001766,1,0
Ljubenka,belle-flute-sleeve-tee#Navy,the-side-panel-drape-top#OffWhite,semi-hard,0.29765663629299993,1,0
Ljubenka,belle-flute-sleeve-tee#Navy,kimono-and-me-cardi#DustyPink,random,0.23313654464222647,1,0
Ljubenka,belle-half-sleeve-forgiver-tunic#Apricot,weekend-cardigan#Black,hard,0.1572744490358127,1,0
Ljubenka,belle-half-sleeve-forgiver-tunic#Apricot,the-long-sleeve-v-neck-tee#Black,semi-hard,0.26063850921805465,1,0
Ljubenka,belle-half-sleeve-forgiver-tunic#Apricot,the-luxe-cotton-tunic#White,random,0.3383197137458501,1,0
Ljubenka,belle-half-sleeve-forgiver-tunic#Black,capri-tank-6#ClaySpot,hard,0.1967699283040192,1,0
Ljubenka,belle-half-sleeve-forgiver-tunic#Black,moonlight-kisses-bamboo-tee#White,semi-hard,0.29722652662993576,1,0
Ljubenka,belle-half-sleeve-forgiver-tunic#Black,the-panel-hem-top#DenimMarle,random,0.27547834110334113,1,0
Ljubenka,belle-half-sleeve-forgiver-tunic#BlueBonnet,belle-cowl-swing-sweater#Black,hard,0.1868719979515434,1,0
Ljubenka,belle-half-sleeve-forgiver-tunic#BlueBonnet,the-define-flute-sleeve-blouse#White,semi-hard,0.2925512776365049,1,0
Ljubenka,belle-half-sleeve-forgiver-tunic#BlueBonnet,love-song-relaxed-blouse#SagePearl,random,0.3605062866426503,1,0
Ljubenka,belle-half-sleeve-forgiver-tunic#FlamPink,rib-tank-2#Black,hard,0.1988033746556474,1,0
Ljubenka,belle-half-sleeve-forgiver-tunic#FlamPink,long-sleeve-softly-swinging-bamboo-tee#Copper,semi-hard,0.29452115119728756,1,0
Ljubenka,belle-half-sleeve-forgiver-tunic#FlamPink,the-cross-over-top#NavyStripe,random,0.41796652421652425,1,0
Ljubenka,belle-half-sleeve-forgiver-tunic#MutedClay,daylight-cardi#Silver,hard,0.18857367380094653,1,0
Ljubenka,belle-half-sleeve-forgiver-tunic#MutedClay,high-neck-tie-top#Black,semi-hard,0.28162084127993214,1,0
Ljubenka,belle-half-sleeve-forgiver-tunic#MutedClay,ines-top#NavyStrip,random,0.22305551140778412,1,0
Ljubenka,belle-half-sleeve-forgiver-tunic#White,capri-tank-6#HeatheGrey,hard,0.1967699283040192,1,0
Ljubenka,belle-half-sleeve-forgiver-tunic#White,cotton-stripe-cardi-with-pockets#White,semi-hard,0.28765716606625696,1,0
Ljubenka,belle-half-sleeve-forgiver-tunic#White,aigli-top#Navy,random,0.2155881366108639,1,0
Ljubenka,belle-nautical-applique-tee#BlueStripe,belle-cowl-swing-sweater#Green,hard,0.1868719979515434,1,0
Ljubenka,belle-nautical-applique-tee#BlueStripe,blue-waters-cotton-blouse#White,semi-hard,0.29829203309316943,1,0
Ljubenka,belle-nautical-applique-tee#BlueStripe,belle-satin-shirt#Black,random,0.3536543317793318,1,0
Ljubenka,belle-tie-neck-blouse-tee#RoyalBlue,mila-knit-cardigan#Black,hard,0.17385613124249488,1,0
Ljubenka,belle-tie-neck-blouse-tee#RoyalBlue,placement-print-shirt#WhiteNavy,semi-hard,0.2974939517553154,1,0
Ljubenka,belle-tie-neck-blouse-tee#RoyalBlue,karmen-top#HighRiskRe,random,0.26784188034188033,1,0
Ljubenka,belle-tie-neck-blouse-tee#White,millie-top#Blush,hard,0.1928661616161616,1,0
Ljubenka,belle-tie-neck-blouse-tee#White,printed-tunic-7#RedCheck,semi-hard,0.2820474191212827,1,0
Ljubenka,belle-tie-neck-blouse-tee#White,natural-crossover-knit-1#Stormcloud,random,0.21533649431376703,1,0
Ljubenka,belle-tier-tee#Blue,multi-sequin-dot-stripe-top#Navy,hard,0.17770714134350496,1,0
Ljubenka,belle-tier-tee#Blue,milan-stretch-top#White,semi-hard,0.3044278007346189,1,0
Ljubenka,belle-tier-tee#Blue,summer-haze-top#Teal,random,0.4137322746697747,1,0
Ljubenka,belle-v-neck-forgiver-tunic#ArmyGreen,butterfly-blouse-1#Ivory,hard,0.118263270820089,1,0
Ljubenka,belle-v-neck-forgiver-tunic#ArmyGreen,cover-up-slouch-cardi#Alloy,semi-hard,0.27983484318711593,1,0
Ljubenka,belle-v-neck-forgiver-tunic#ArmyGreen,clio-knit-jumper#Black,random,0.3826210826210826,1,0
Ljubenka,belle-v-neck-forgiver-tunic#Black,rib-tank-2#Navy,hard,0.1988033746556474,1,0
Ljubenka,belle-v-neck-forgiver-tunic#Black,wellington-tee#HeatheGrey,semi-hard,0.2722774069364978,1,0
Ljubenka,belle-v-neck-forgiver-tunic#Black,kimono-and-me-cardi#Sand,random,0.23313654464222647,1,0
Ljubenka,belle-v-neck-forgiver-tunic#BlueMarle,layer-me-bamboo-rouched-sleeve-tee#Black,hard,0.1974717675001766,1,0
Ljubenka,belle-v-neck-forgiver-tunic#BlueMarle,belle-drape-tee#Black,semi-hard,0.29204203309316945,1,0
Ljubenka,belle-v-neck-forgiver-tunic#BlueMarle,bodega-knit#Moss,random,0.4822119799392527,1,0
Ljubenka,belle-v-neck-forgiver-tunic#Charcoal,meadow-cardigan#Cream,hard,0.157346189164371,1,0
Ljubenka,belle-v-neck-forgiver-tunic#Charcoal,mauevewood-crew#Charcoal,semi-hard,0.2667942537260719,1,0
Ljubenka,belle-v-neck-forgiver-tunic#Charcoal,cherrington-top#GreyRose,random,0.21515306032351486,1,0
Ljubenka,belle-v-neck-forgiver-tunic#DenimMarl,the-cotton-bamboo-tee#BlueJeans,hard,0.11743527936709755,1,0
Ljubenka,belle-v-neck-forgiver-tunic#DenimMarl,wellington-tee#Olive,semi-hard,0.2722774069364978,1,0
Ljubenka,belle-v-neck-forgiver-tunic#DenimMarl,printed-v-neck-top#Striped,random,0.35179710861529045,1,0
Ljubenka,belle-v-neck-forgiver-tunic#Navy,rib-tank-2#Mustard,hard,0.1988033746556474,1,0
Ljubenka,belle-v-neck-forgiver-tunic#Navy,natural-rolled-neck-tunic#BlueDam,semi-hard,0.26861740952650043,1,0
Ljubenka,belle-v-neck-forgiver-tunic#Navy,luxe-shirt#Navy,random,0.2860881542699724,1,0
Ljubenka,belle-v-neck-forgiver-tunic#Scarlett,analia-jersey-top#Navy,hard,0.19251540757222574,1,0
Ljubenka,belle-v-neck-forgiver-tunic#Scarlett,not-today-buttoned-cardigan#Almond,semi-hard,0.27492877492877493,1,0
Ljubenka,belle-v-neck-forgiver-tunic#Scarlett,snake-print-johnny-collar-top#BeigeSnake,random,0.24018043194179559,1,0
Ljubenka,belle-v-neck-forgiver-tunic#Tobacco,rib-tank-2#Red,hard,0.1988033746556474,1,0
Ljubenka,belle-v-neck-forgiver-tunic#Tobacco,2-in-1-layered-knit-top#Khaki,semi-hard,0.29735687292505475,1,0
Ljubenka,belle-v-neck-forgiver-tunic#Tobacco,frill-blouse#Rust,random,0.22169752595888959,1,0
Ljubenka,belle-v-neck-forgiver-tunic#White,square-nk-fray-trim-top#Denim,hard,0.19908172635445362,1,0
Ljubenka,belle-v-neck-forgiver-tunic#White,the-sleeveless-cross-over-blouse#White,semi-hard,0.2991699115278661,1,0
Ljubenka,belle-v-neck-forgiver-tunic#White,the-weekender-shirt#GreyStripe,random,0.3390042617315345,1,0
Ljubenka,cross-my-heart-sweater#Regal,hayley-button-down#NavySparro,hard,0.19480822208094933,1,0
Ljubenka,cross-my-heart-sweater#Regal,the-midi-waterfall-cardi#BlueMarle,semi-hard,0.2939348687928234,1,0
Ljubenka,cross-my-heart-sweater#Regal,crossing-the-plains-sweater-1#Indigo,random,0.3443554131054131,1,0
Ljubenka,falling-for-you-cardi#Black,natural-classic-cardigan#Pebble,hard,0.18946810764992583,1,0
Ljubenka,falling-for-you-cardi#Black,renee-sweater#Sapphire,semi-hard,0.2610356184219821,1,0
Ljubenka,falling-for-you-cardi#Black,double-layered-top-1#WSilver,random,0.19963136610863882,1,0
Ljubenka,falling-for-you-cardi#Dusty,layer-me-bamboo-rouched-sleeve-tee#Fern,hard,0.1974717675001766,1,0
Ljubenka,falling-for-you-cardi#Dusty,the-tie-front-tank#White,semi-hard,0.2617725550964187,1,0
Ljubenka,falling-for-you-cardi#Dusty,viola-kimono-radiant-floral#Grey,random,0.55,1,0
Ljubenka,falling-for-you-cardi#GreyMarle,eco-78-long-cardigan#DarkGreyM,hard,0.1982495408631772,1,0
Ljubenka,falling-for-you-cardi#GreyMarle,the-stripe-pocket-tank#Stripe,semi-hard,0.2611111111111111,1,0
Ljubenka,falling-for-you-cardi#GreyMarle,sunshine-in-me-tee-1#GreyMarle,random,0.4077991452991453,1,0
Ljubenka,falling-for-you-cardi#Khaki,the-panel-luxe-top#SilvWhite,hard,0.18274329836829836,1,0
Ljubenka,falling-for-you-cardi#Khaki,belle-off-the-shoulder-tee#Stripe,semi-hard,0.2690262546796638,1,0
Ljubenka,falling-for-you-cardi#Khaki,the-long-sleeve-scoop-neck-tee#White,random,0.3733974358974359,1,0
Ljubenka,falling-for-you-cardi#Mustard,eco-78-long-cardigan#LightGreyM,hard,0.1982495408631772,1,0
Ljubenka,falling-for-you-cardi#Mustard,maui-stretch-tee#Black,semi-hard,0.2724862258953168,1,0
Ljubenka,falling-for-you-cardi#Mustard,the-cosy-cardigan#Grey,random,0.4276709401709402,1,0
Ljubenka,falling-for-you-cardi#Navy,the-longline-cardi-1#GreyMarle,hard,0.16880695062513246,1,0
Ljubenka,falling-for-you-cardi#Navy,linen-cotton-shirt#White,semi-hard,0.25445804195804195,1,0
Ljubenka,falling-for-you-cardi#Navy,the-tie-detail-hoody#Pink,random,0.4497863247863248,1,0
Ljubenka,falling-for-you-cardi#Port,rib-tank-2#White,hard,0.1988033746556474,1,0
Ljubenka,falling-for-you-cardi#Port,holly-rib-long-sleeve-tee#Black,semi-hard,0.28895047503002047,1,0
Ljubenka,falling-for-you-cardi#Port,animal-button-up-shirt#KhakiPrint,random,0.23029832120741212,1,0
Ljubenka,falling-for-you-cardi#Rust,york-linen-blend-long-cardigan#BurntOrang,hard,0.18653603341103342,1,0
Ljubenka,falling-for-you-cardi#Rust,maui-stretch-tee#NavyWhtStr,semi-hard,0.2724862258953168,1,0
Ljubenka,falling-for-you-cardi#Rust,mauevewood-crew#YellowWhit,random,0.2667942537260719,1,0
Ljubenka,falling-for-you-cardi#Teal,coogee-shirt#White,hard,0.18876483365119728,1,0
Ljubenka,falling-for-you-cardi#Teal,llama-long-sleeve-shirt#Mustard,semi-hard,0.28543447293447294,1,0
Ljubenka,falling-for-you-cardi#Teal,janet-frill-shirt#White,random,0.21642032210214027,1,0
Ljubenka,layered-tee-2#Black,aida-long-tunic-shirt#AidaStripe,hard,0.17524215052624142,1,0
Ljubenka,layered-tee-2#Black,long-sleeve-softly-swinging-bamboo-tee#Smoke,semi-hard,0.29452115119728756,1,0
Ljubenka,layered-tee-2#Black,the-boat-neck-top-1#NavyWhite,random,0.33444078017941653,1,0
Ljubenka,layered-tee-2#White,the-cotton-bamboo-tee#DustyPink,hard,0.11743527936709755,1,0
Ljubenka,layered-tee-2#White,melbourne-stretch-cardigan#Navy,semi-hard,0.24150541693155328,1,0
Ljubenka,layered-tee-2#White,milan-stretch-top#Navy,random,0.3044278007346189,1,0
Ljubenka,long-sleeve-tee-2#NavyWhite,the-panel-luxe-top#BlkWhite,hard,0.18274329836829836,1,0
Ljubenka,long-sleeve-tee-2#NavyWhite,indi-crosover-front-blouse#MixedStrip,semi-hard,0.25395299145299144,1,0
Ljubenka,long-sleeve-tee-2#NavyWhite,belle-deep-v-mesh-top#Black,random,0.4090752366320548,1,0
Ljubenka,paisley-top-1#Paisley,millie-top#Moss,hard,0.1928661616161616,1,0
Ljubenka,paisley-top-1#Paisley,block-sweater#Block,semi-hard,0.24217524899343082,1,0
Ljubenka,paisley-top-1#Paisley,st-helens-henley-tee#Sapphire,random,0.18807392102846648,1,0
Ljubenka,ponte-spot-top#BlackWhite,oregon-safari-embroidered-top#White,hard,0.19293150031786394,1,0
Ljubenka,ponte-spot-top#BlackWhite,crushed-top#Blue,semi-hard,0.29735687292505475,1,0
Ljubenka,ponte-spot-top#BlackWhite,for-the-frill-top#Ivory,random,0.3683023415977961,1,0
Ljubenka,runaway-top#JetBlack,clovis-shirt#NavyGold,hard,0.1933855601469238,1,0
Ljubenka,runaway-top#JetBlack,long-sleeve-softly-swinging-bamboo-tee#Storm,semi-hard,0.29452115119728756,1,0
Ljubenka,runaway-top#JetBlack,moonlight-kisses-bamboo-tee#Black,random,0.29722652662993576,1,0
Ljubenka,runaway-top#Sand,endeavor-long-sleeve-tee#Stripe,hard,0.038461538461538464,1,0
Ljubenka,runaway-top#Sand,fundamental-sydney-crew#Navy,semi-hard,0.2540004503072685,1,0
Ljubenka,runaway-top#Sand,the-bell-sleeve-top#BlkStripe,random,0.4206018518518519,1,0
Ljubenka,runaway-top#SoftMint,merino-boyfriend-cardigan#MelangeStr,hard,0.18786730945821856,1,0
Ljubenka,runaway-top#SoftMint,ashbury-cardigan#Mocha,semi-hard,0.24753611287702196,1,0
Ljubenka,runaway-top#SoftMint,tracie-top#Opal,random,0.34376269248428337,1,0
Ljubenka,runaway-top#SoftPink,the-longline-cardi-1#Nude,hard,0.16880695062513246,1,0
Ljubenka,runaway-top#SoftPink,hacienda-tunic-5#PatchGold,semi-hard,0.24319020625838808,1,0
Ljubenka,runaway-top#SoftPink,reversible-stripe-vee-scoop-neck-tank#BlackWhite,random,0.20595376845376845,1,0
Ljubenka,softly-swinging-bamboo-singlet#BlueJean,capri-tank-6#Olive,hard,0.1967699283040192,1,0
Ljubenka,softly-swinging-bamboo-singlet#BlueJean,the-reversible-cowl-neck-top-2#Ocean,semi-hard,0.28051030408984956,1,0
Ljubenka,softly-swinging-bamboo-singlet#BlueJean,ditzy-floral-ruffle-blouse#DitzyFlora,random,0.22855411633820724,1,0
Ljubenka,softly-swinging-bamboo-singlet#Cashew,millie-top#WhiteBlk,hard,0.1928661616161616,1,0
Ljubenka,softly-swinging-bamboo-singlet#Cashew,emerald-knit#Emerald,semi-hard,0.23944316415907324,1,0
Ljubenka,softly-swinging-bamboo-singlet#Cashew,the-dobby-sleeve-tee#White,random,0.343082338536884,1,0
Ljubenka,softly-swinging-bamboo-tee#Black,st-helens-henley-tee#White,hard,0.18807392102846648,1,0
Ljubenka,softly-swinging-bamboo-tee#Black,the-layered-cross-over-top#Navy,semi-hard,0.30665560764992583,1,0
Ljubenka,softly-swinging-bamboo-tee#Black,the-batwing-tee#FrenchBlue,random,0.3076216712580349,1,0
Ljubenka,softly-swinging-bamboo-tee#BlueJeans,forget-me-knot-tunic#ForgetMeK,hard,0.1769396323373596,1,0
Ljubenka,softly-swinging-bamboo-tee#BlueJeans,nature-ls-top#BlueGum,semi-hard,0.2828079748534294,1,0
Ljubenka,softly-swinging-bamboo-tee#BlueJeans,reversible-scoopv-neck-tank#White,random,0.20761747721974996,1,0
Ljubenka,softly-swinging-bamboo-tee#Blush,pocket-shirt-1#Ivory,hard,0.18973762979444797,1,0
Ljubenka,softly-swinging-bamboo-tee#Blush,elina-lace-frill-blouse#Black,semi-hard,0.2496461556120647,1,0
Ljubenka,softly-swinging-bamboo-tee#Blush,high-street-knit#NavyStripe,random,0.23267023380659746,1,0
Ljubenka,softly-swinging-bamboo-tee#Cashew,leah-knit-cardigan#WhiteBlk,hard,0.1559383167337713,1,0
Ljubenka,softly-swinging-bamboo-tee#Cashew,shell-top-3#PapBlue,semi-hard,0.2667739457512185,1,0
Ljubenka,softly-swinging-bamboo-tee#Cashew,longline-gather-back-shirt#Black,random,0.37395458077276256,1,0
Ljubenka,softly-swinging-bamboo-tee#Chambray,colourblock-cardi#NavyRed,hard,0.172501677615314,1,0
Ljubenka,softly-swinging-bamboo-tee#Chambray,long-sleeve-softly-swinging-bamboo-tee#Black,semi-hard,0.29452115119728756,1,0
Ljubenka,softly-swinging-bamboo-tee#Chambray,the-cotton-cardi#Khaki,random,0.33482905982905986,1,0
Ljubenka,softly-swinging-bamboo-tee#Copper,fluid-tunic-top#White,hard,0.18847103023239387,1,0
Ljubenka,softly-swinging-bamboo-tee#Copper,the-sleeve-detail-knit#Ivory,semi-hard,0.303988603988604,1,0
Ljubenka,softly-swinging-bamboo-tee#Copper,rory-spliced-zip-hoodie#Silver,random,0.2343571201525747,1,0
Ljubenka,softly-swinging-bamboo-tee#Jewel,the-cotton-bamboo-tee#DuckEgg,hard,0.11743527936709755,1,0
Ljubenka,softly-swinging-bamboo-tee#Jewel,the-french-cuff-shirt#White,semi-hard,0.2663149192978739,1,0
Ljubenka,softly-swinging-bamboo-tee#Jewel,cara-tee-3#ZebraPrint,random,0.20275989793035248,1,0
Ljubenka,softly-swinging-bamboo-tee#Navy,silver-dot-tie-sleeve-blouse#SilverDotP,hard,0.19298491912128274,1,0
Ljubenka,softly-swinging-bamboo-tee#Navy,the-relaxed-long-sleeve-tee-1#Ink%20Stripe,semi-hard,0.24328159214522851,1,0
Ljubenka,softly-swinging-bamboo-tee#Navy,dot-to-dot-knit-1#GreyMarle,random,0.22025875008829554,1,0
Ljubenka,softly-swinging-bamboo-tee#Starfish,rib-tank-2#Khaki,hard,0.1988033746556474,1,0
Ljubenka,softly-swinging-bamboo-tee#Starfish,wellington-tee#ClaySpot,semi-hard,0.2722774069364978,1,0
Ljubenka,softly-swinging-bamboo-tee#Starfish,softly-falling-bamboo-tunic#White,random,0.328010878010878,1,0
Ljubenka,softly-swinging-bamboo-tee#Storm,mila-knit-cardigan#Clay,hard,0.17385613124249488,1,0
Ljubenka,softly-swinging-bamboo-tee#Storm,block-vest#Blockvest,semi-hard,0.27791949212403755,1,0
Ljubenka,softly-swinging-bamboo-tee#Storm,wonderlust-tee#BurntOran,random,0.3949263173694992,1,0
Ljubenka,softly-swinging-bamboo-tee#TeaRose,hannah-tee-1#Black,hard,0.192759324009324,1,0
Ljubenka,softly-swinging-bamboo-tee#TeaRose,the-zip-front-top#Blue,semi-hard,0.2713264639401003,1,0
Ljubenka,softly-swinging-bamboo-tee#TeaRose,juno-cardigan#GreyMarle,random,0.24684939429257613,1,0
Ljubenka,softly-swinging-bamboo-tee#White,cuddled-longline-cardigan#Sunflower,hard,0.1918392844529208,1,0
Ljubenka,softly-swinging-bamboo-tee#White,rise-top#Ink,semi-hard,0.2443696139718867,1,0
Ljubenka,softly-swinging-bamboo-tee#White,the-batwing-tee#Black,random,0.3076216712580349,1,0
Ljubenka,sugar-snaps-layers-tank#Black,aztec-cardigan#BlackIvory,hard,0.1793948002754821,1,0
Ljubenka,sugar-snaps-layers-tank#Black,drama-top#BlackGrey,semi-hard,0.25459158896658896,1,0
Ljubenka,sugar-snaps-layers-tank#Black,striped-cardigan-3#Rainbow,random,0.2699547926820654,1,0
Ljubenka,sugar-snaps-layers-tank#Blue,layer-me-bamboo-rouched-sleeve-tee#White,hard,0.1974717675001766,1,0
Ljubenka,sugar-snaps-layers-tank#Blue,2-in-1-layered-knit-top#PalePink,semi-hard,0.29735687292505475,1,0
Ljubenka,sugar-snaps-layers-tank#Blue,bella-ls-tee#GreenWhite,random,0.19522431482658753,1,0
Ljubenka,sugar-snaps-layers-tank#DeepCobalt,hannah-tee-1#RedWhite,hard,0.192759324009324,1,0
Ljubenka,sugar-snaps-layers-tank#DeepCobalt,cara-tee-2#WhiteBlk,semi-hard,0.24777848414212053,1,0
Ljubenka,sugar-snaps-layers-tank#DeepCobalt,the-reversible-cowl-neck-top-1#Black,random,0.23370516793812246,1,0
Ljubenka,sugar-snaps-layers-tank#DuckEgg,born-to-run-shirt-jacket#Leopard,hard,0.17413161333615879,1,0
Ljubenka,sugar-snaps-layers-tank#DuckEgg,willow-knot-top#WhiteBlk,semi-hard,0.25747620435120433,1,0
Ljubenka,sugar-snaps-layers-tank#DuckEgg,irena-embroidered-blouse#DustyRose,random,0.22435654623154624,1,0
Ljubenka,sugar-snaps-layers-tank#Mint,neptune-top-1#PrimBlack,hard,0.19397316698453063,1,0
Ljubenka,sugar-snaps-layers-tank#Mint,belle-drape-tee#Sliver,semi-hard,0.29204203309316945,1,0
Ljubenka,sugar-snaps-layers-tank#Mint,billow-top#Peach,random,0.4953227643568553,1,0
Ljubenka,sugar-snaps-layers-tank#NewBeige,the-uneven-hem-knit-1#Sage,hard,0.02003205128205128,1,0
Ljubenka,sugar-snaps-layers-tank#NewBeige,napoleon-top-1#NemoRed,semi-hard,0.239599888747616,1,0
Ljubenka,sugar-snaps-layers-tank#NewBeige,the-dobby-sleeve-tee#InkBlue,random,0.343082338536884,1,0
Ljubenka,sugar-snaps-layers-tank#PeachyKeen,aztec-cardigan#Orange,hard,0.1793948002754821,1,0
Ljubenka,sugar-snaps-layers-tank#PeachyKeen,long-sleeve-softly-swinging-bamboo-tee#DuckEgg,semi-hard,0.29452115119728756,1,0
Ljubenka,sugar-snaps-layers-tank#PeachyKeen,marquax-tunic#OnyxSpeck,random,0.3073876880695062,1,0
Ljubenka,sugar-snaps-layers-tank#Red,mila-knit-cardigan#StoneBlack,hard,0.17385613124249488,1,0
Ljubenka,sugar-snaps-layers-tank#Red,the-printed-side-ring-detail-blouse#Block,semi-hard,0.23587216129829763,1,0
Ljubenka,sugar-snaps-layers-tank#Red,cotton-cashmere-v-neck-knit#Navy,random,0.2405656212474394,1,0
Ljubenka,sugar-snaps-layers-tank#SeaGreen,the-cotton-bamboo-tee#White,hard,0.11743527936709755,1,0
Ljubenka,sugar-snaps-layers-tank#SeaGreen,ella-funnel-neck-top#Khaki,semi-hard,0.26675242371265095,1,0
Ljubenka,sugar-snaps-layers-tank#SeaGreen,agra-shirt#White,random,0.24701031291940384,1,0
Ljubenka,sugar-snaps-layers-tank#White,everyday-linen-tunic#BotanicalB,hard,0.1853109327541146,1,0
Ljubenka,sugar-snaps-layers-tank#White,the-sleeveless-cross-over-blouse#Mint,semi-hard,0.2991699115278661,1,0
Ljubenka,sugar-snaps-layers-tank#White,celestial-woven-top#White,random,0.23958090520590522,1,0
Ljubenka,summer-whispers-kimono-1#Peacock,freya-fringe-blouse#Navy,hard,0.19772374090555908,1,0
Ljubenka,summer-whispers-kimono-1#Peacock,hydrangea-kimono#Hydrangea,semi-hard,0.2861111111111111,1,0
Ljubenka,summer-whispers-kimono-1#Peacock,patchwork-tunic#Patchwork,random,0.3611467236467236,1,0
Ljubenka,the-asymmetrical-tank-top#HotPink,leary-cardigan#Pine,hard,0.17666834428198064,1,0
Ljubenka,the-asymmetrical-tank-top#HotPink,milan-stretch-top#Black,semi-hard,0.3044278007346189,1,0
Ljubenka,the-asymmetrical-tank-top#HotPink,the-long-sleeve-scoop-neck-tee#Navy,random,0.3733974358974359,1,0
Ljubenka,the-asymmetrical-tank-top#Indigo,lilly-layer-stripe-tank#NavyWhite,hard,0.19645714134350498,1,0
Ljubenka,the-asymmetrical-tank-top#Indigo,back-to-you-top#BlackMagic,semi-hard,0.25852074062301333,1,0
Ljubenka,the-asymmetrical-tank-top#Indigo,raspberry-ls-tee#WhiteRaspb,random,0.21570689411598504,1,0
Ljubenka,the-bonded-cotton-shirt#Pink,the-wrap-jersey-top#PortSpot,hard,0.19962960019778203,1,0
Ljubenka,the-bonded-cotton-shirt#Pink,melbourne-stretch-cardigan#NavyWhtStr,semi-hard,0.24150541693155328,1,0
Ljubenka,the-bonded-cotton-shirt#Pink,sugar-snaps-throw-jacket#Duckegg,random,0.5314795684113867,1,0
Ljubenka,the-cotton-bamboo-tank#Chambray,sequin-spot-cardi#Grey,hard,0.1956095041322314,1,0
Ljubenka,the-cotton-bamboo-tank#Chambray,long-sleeve-softly-swinging-bamboo-tee#Oyster,semi-hard,0.29452115119728756,1,0
Ljubenka,the-cotton-bamboo-tank#Chambray,monaco-sweater#BlackCream,random,0.2965835511290057,1,0
Ljubenka,the-cotton-bamboo-tank#DarkNavy,leah-knit-cardigan#Black,hard,0.1559383167337713,1,0
Ljubenka,the-cotton-bamboo-tank#DarkNavy,maui-stretch-tee#White,semi-hard,0.2724862258953168,1,0
Ljubenka,the-cotton-bamboo-tank#DarkNavy,the-lace-trim-top#Black,random,0.3438428574792211,1,0
Ljubenka,the-cotton-bamboo-tank#DuckEgg,overlay-tunic-3-pce-set#Emerald,hard,0.15225595111958748,1,0
Ljubenka,the-cotton-bamboo-tank#DuckEgg,sailaway-blouse#OxfordBlue,semi-hard,0.29554843304843303,1,0
Ljubenka,the-cotton-bamboo-tank#DuckEgg,tab-sleeve-longline-shirt#Navy,random,0.39941151020696475,1,0
Ljubenka,the-cotton-bamboo-tank#Moonbeam,analia-jersey-top#Black,hard,0.19251540757222574,1,0
Ljubenka,the-cotton-bamboo-tank#Moonbeam,the-sleeveless-cross-over-blouse#Cobalt,semi-hard,0.2991699115278661,1,0
Ljubenka,the-cotton-bamboo-tank#Moonbeam,zara-top#ZebraPrint,random,0.3226387564455746,1,0
Ljubenka,the-cotton-bamboo-tank#White,millie-top#BlackSpot,hard,0.1928661616161616,1,0
Ljubenka,the-cotton-bamboo-tank#White,true-love-bell-blouse#Jade,semi-hard,0.2460783534647171,1,0
Ljubenka,the-cotton-bamboo-tank#White,gloria-applique-crew#Charcoal,random,0.21698055732146643,1,0
Ljubenka,the-cross-over-blouse#Black,print-shirt-1#Blush,semi-hard,0.26963957759412305,1,0
Ljubenka,the-cross-over-blouse#Black,relaxed-animal-print-blouse#Leopard,random,0.4248028066209885,1,0
Ljubenka,the-cross-over-blouse#Blue,wellington-tee#Black,semi-hard,0.2722774069364978,1,0
Ljubenka,the-cross-over-blouse#Blue,geena-xo-ls-pullover-knit#Allure,random,0.24165022162181254,1,0
Ljubenka,the-cross-over-blouse#Mint,the-relax-blouse#White,semi-hard,0.24666143515575334,1,0
Ljubenka,the-cross-over-blouse#Mint,jewel-knit#GreyMarle,random,0.301363283181465,1,0
Ljubenka,the-cross-over-blouse#Red,long-sleeve-softly-swinging-bamboo-tee#Fern,semi-hard,0.29452115119728756,1,0
Ljubenka,the-cross-over-blouse#Red,layered-top-2#Navy,random,0.21070804195804194,1,0
Ljubenka,the-cross-over-blouse#RoyalBlue,sequin-cross-2-in-1-top#Khaki,semi-hard,0.23527296567069295,1,0
Ljubenka,the-cross-over-blouse#RoyalBlue,horizontal-cabel-pullover#EnglishRos,random,0.22958033128487676,1,0
Ljubenka,the-cross-over-blouse#Silver,maui-stretch-tee#Navy,semi-hard,0.2724862258953168,1,0
Ljubenka,the-cross-over-blouse#Silver,on-the-horizon-swing-top-1#Khaki,random,0.5876515740152104,1,0
Ljubenka,the-cross-over-blouse#Sunshine,lucy-rib-oversized-top#Black,semi-hard,0.24509849367803913,1,0
Ljubenka,the-cross-over-blouse#Sunshine,layered-tunic-1#PalePink,random,0.233483435756163,1,0
Ljubenka,the-cross-over-blouse#White,geneva-v-neck-top#Black,semi-hard,0.26136098749735115,1,0
Ljubenka,the-cross-over-blouse#White,meredith-78-oversized-pullover-knit#CameoRose,random,0.658048433048433,1,0
Ljubenka,the-cut-out-shoulder-blouse#Black,geneva-v-neck-top#ClaySpot,semi-hard,0.26136098749735115,1,0
Ljubenka,the-cut-out-shoulder-blouse#Black,sugar-snaps-round-neck-layer-tank#Black,random,0.3693587977678887,1,0
Ljubenka,the-cut-out-shoulder-blouse#Blue,jordan-top#PearlBlue,semi-hard,0.23774215052624145,1,0
Ljubenka,the-cut-out-shoulder-blouse#Blue,napoleon-top-1#NemoBlue,random,0.239599888747616,1,0
Ljubenka,the-cut-out-shoulder-blouse#Clay,beloved-stripe-pull-over-hoodie#NavyWhite,semi-hard,0.3091975259588896,1,0
Ljubenka,the-cut-out-shoulder-blouse#Clay,sequin-star-tee#Navy,random,0.2455216500671046,1,0
Ljubenka,the-cut-out-shoulder-blouse#Salmon,niue-neck-tie-shirt#LightBlue,semi-hard,0.24924198276471005,1,0
Ljubenka,the-cut-out-shoulder-blouse#Salmon,anna-top#Leona,random,0.3684257346189165,1,0
Ljubenka,the-cut-out-shoulder-blouse#Silver,fundamental-sydney-crew#Burgundy,semi-hard,0.2540004503072685,1,0
Ljubenka,the-cut-out-shoulder-blouse#Silver,kimberly-spliced-top#Black,random,0.21434052059052058,1,0
Ljubenka,the-cut-out-shoulder-blouse#White,walk-in-the-park-cardi#Sand,semi-hard,0.2708689458689459,1,0
Ljubenka,the-cut-out-shoulder-blouse#White,daisy-top-1#BrightBlue,random,0.22826031291940382,1,0
Ljubenka,the-drape-tee-1#Black,cara-tee-2#Blush,semi-hard,0.24777848414212053,1,0
Ljubenka,the-drape-tee-1#Black,the-tie-detail-hoody#FrenchBlue,random,0.4497863247863248,1,0
Ljubenka,the-drape-tee-1#Navy,moonlight-kisses-bamboo-tee#Combat,semi-hard,0.29722652662993576,1,0
Ljubenka,the-drape-tee-1#Navy,monaco-knot-top#ClaySpot,random,0.3370421876103694,1,0
Ljubenka,the-drape-tee-1#NavyStripe,the-bamboo-tunic-dress#Khaki,semi-hard,0.29317416590143863,1,0
Ljubenka,the-drape-tee-1#NavyStripe,natural-extra-fine-sweater#Snowgum,random,0.4041940382849474,1,0
Ljubenka,the-drape-tee-1#Stripe,layered-stripe-top#PinkStripe,semi-hard,0.29735687292505475,1,0
Ljubenka,the-drape-tee-1#Stripe,ryder-cosy-sweater#Blossom,random,0.21822530373666738,1,0
Ljubenka,the-drape-tee-1#White,glasgow-top#Melange,semi-hard,0.28494406477361023,1,0
Ljubenka,the-drape-tee-1#White,silver-cross-sweater#Silver,random,0.21366152786607331,1,0
Ljubenka,the-everyday-shirt#Black,belle-twist-front-tee-1#Black,semi-hard,0.2472096401073674,1,0
Ljubenka,the-everyday-shirt#Black,sugar-snaps-throw-jacket#Black,random,0.5314795684113867,1,0
Ljubenka,the-everyday-shirt#Cream,long-sleeve-softly-swinging-bamboo-tee#SilverScon,semi-hard,0.29452115119728756,1,0
Ljubenka,the-everyday-shirt#Cream,lavaux-bell-sleeve#Mustard,random,0.6052847089778908,1,0
Ljubenka,the-everyday-shirt#Midnight,analia-top#White,semi-hard,0.2430144981281345,1,0
Ljubenka,the-everyday-shirt#Midnight,spiced-stripe-tee#NavyWhite,random,0.21482548385957476,1,0
Ljubenka,the-everyday-shirt#Pink,the-design-fold-tunic-top#PearlBlue,semi-hard,0.2695250877069059,1,0
Ljubenka,the-everyday-shirt#Pink,the-roll-neck-sweater#Natural,random,0.3073132254950437,1,0
Ljubenka,the-everyday-shirt#Rose,animal-knit-1#Animal,semi-hard,0.24823894539803631,1,0
Ljubenka,the-everyday-shirt#Rose,voyager-stripe-crew#Stripe,random,0.6333333333333333,1,0
Ljubenka,the-half-sleeve-tee#Black,first-mix-top-1#BlackWhite,semi-hard,0.26335470085470086,1,0
Ljubenka,the-half-sleeve-tee#Black,the-contrast-trim-knit#BlackWhite,random,0.38632478632478634,1,0
Ljubenka,the-half-sleeve-tee#White,holly-rib-long-sleeve-tee#WhiteGrey,semi-hard,0.28895047503002047,1,0
Ljubenka,the-half-sleeve-tee#White,bird-print-jumper#Navy,random,0.21520714134350497,1,0
Ljubenka,the-high-low-drape-tee#Grey,curve-hem-cable-knit-sweater-1#Sapphire,semi-hard,0.265198606107697,1,0
Ljubenka,the-high-low-drape-tee#Grey,the-layered-cross-over-top#Black,random,0.30665560764992583,1,0
Ljubenka,the-high-low-drape-tee#Sage,wildflower-shirt#White,semi-hard,0.24013760860351768,1,0
Ljubenka,the-high-low-drape-tee#Sage,the-lace-trim-top#Ivory,random,0.3438428574792211,1,0
Ljubenka,the-open-sleeve-blouse#Berry,long-sleeve-ruffle-shirt#Black,semi-hard,0.30982530726848906,1,0
Ljubenka,the-open-sleeve-blouse#Berry,cara-tee-3#Mustard,random,0.20275989793035248,1,0
Ljubenka,the-printed-v-neck-tee#White,spliced-lace-panel-tee#White,semi-hard,0.3045242636151727,1,0
Ljubenka,the-printed-v-neck-tee#White,the-stitch-detail-top#SkyBlue,random,0.39015835805608534,1,0
Ljubenka,the-stella-tee#Marine,drapey-stripe-tee#Navy,semi-hard,0.23930189129052765,1,0
Ljubenka,the-stella-tee#Marine,ava-short-sleeve-linen-tee#Navy,random,0.2305857967789786,1,0
Ljubenka,wrap-me-up-bamboo-top#Black,the-batwing-tee#Stone,semi-hard,0.3076216712580349,1,0
Ljubenka,wrap-me-up-bamboo-top#Black,cooks-shirt#Stripes,random,0.21605764815992087,1,0
Ljubenka,wrap-me-up-bamboo-top#BlueJeans,paradise-cardi#MultiStrip,semi-hard,0.24566711697393517,1,0
Ljubenka,wrap-me-up-bamboo-top#BlueJeans,stud-trim-long-sleeve-top#Mint,random,0.4059260657272021,1,0
Ljubenka,yvette-blouse#Black,the-ultimate-tie-cardi#Black,semi-hard,0.24568223758564667,1,0
Ljubenka,yvette-blouse#Black,layer-me-cotton-candy-top#Cream,random,0.3657808416331143,1,0
Louise,layer-top-1#Navy,leah-knit-cardigan#WhiteBlk,hard,0.2166161672178753,1,0
Louise,layer-top-1#Navy,natural-extra-fine-sweater#Snowgum,semi-hard,0.4068070904251028,1,0
Louise,layer-top-1#Navy,the-high-low-drape-tee#Sage,random,0.5057070258933614,1,0
Louise,layered-tee-2#Black,natural-classic-cardigan#Pebble,hard,0.2339729370008873,1,0
Louise,layered-tee-2#Black,belle-tie-neck-blouse-tee#White,semi-hard,0.4626686395902234,1,0
Louise,layered-tee-2#Black,the-soft-knit-jumper#NavyStripe,random,0.46936758893280633,1,0
Louise,layered-tee-2#White,the-cotton-bamboo-tee#BlueJeans,hard,0.1961530511414052,1,0
Louise,layered-tee-2#White,fundamental-sydney-crew#Burgundy,semi-hard,0.3845053238686779,1,0
Louise,layered-tee-2#White,maui-stretch-tee#NavyWhtStr,random,0.31461291038154393,1,0
Louise,paisley-top-1#Paisley,lake-house-top#CoalPrint,hard,0.25102267685730417,1,0
Louise,paisley-top-1#Paisley,walk-in-the-park-cardi#Sand,semi-hard,0.400971673254282,1,0
Louise,paisley-top-1#Paisley,the-long-sleeve-scoop-neck-tee#White,random,0.44454051383399207,1,0
Louise,ponte-spot-top#BlackWhite,the-panel-luxe-top#SilvWhite,hard,0.24926343066871018,1,0
Louise,ponte-spot-top#BlackWhite,the-sleeveless-cross-over-blouse#Mint,semi-hard,0.46240521900459786,1,0
Louise,ponte-spot-top#BlackWhite,moonlight-kisses-bamboo-tee#Saffron,random,0.46762750060498504,1,0
Lucy,the-batwing-tee#Black,reversible-scoopv-neck-tank#Navy,hard,0.20660813349985813,1,0
Lucy,the-batwing-tee#Black,panelled-stripe-top#NavyWhite,semi-hard,0.2957822159564414,1,0
Lucy,the-batwing-tee#Black,the-weekender-shirt#GreyStripe,random,0.4364681104276842,1,0
Lucy,the-batwing-tee#FrenchBlue,back-to-you-top#Rust,hard,0.19672416836282147,1,0
Lucy,the-batwing-tee#FrenchBlue,falling-for-you-cardi-1#GreyGarden,semi-hard,0.34831460674157305,1,0
Lucy,the-batwing-tee#FrenchBlue,the-pirate-in-me-shirt#White,random,0.5594456645836172,1,0
Lucy,the-batwing-tee#Sea,multi-pattern-print-top#NavyMulti,hard,0.2111690397939144,1,0
Lucy,the-batwing-tee#Sea,the-half-sleeve-tee#White,semi-hard,0.3056360189552282,1,0
Lucy,the-batwing-tee#Sea,the-high-low-drape-tee#Sage,random,0.4292574975255875,1,0
Lucy,the-batwing-tee#Stone,aztec-cardigan#Orange,hard,0.19090846126176045,1,0
Lucy,the-batwing-tee#Stone,crushed-top#Blue,semi-hard,0.3882618453419605,1,0
Lucy,the-batwing-tee#Stone,faith-jumper#Eventide,random,0.23348734642444607,1,0
Maddy,34-sleeve-shirt-1#SkyWhite,monaco-knot-top#ClaySpot,hard,0.22857063394943025,1,0
Maddy,34-sleeve-shirt-1#SkyWhite,cotton-cashmere-v-neck-knit#Navy,semi-hard,0.4330458803654078,1,0
Maddy,34-sleeve-shirt-1#SkyWhite,daisy-top-1#BrightBlue,random,0.4454782312379582,1,0
Maddy,abigail-stripe-shirt#BlackStrip,cara-tee-3#ZebraPrint,hard,0.3089727884468614,1,0
Maddy,abigail-stripe-shirt#BlackStrip,natural-cross-back-knit#Lightsmoke,semi-hard,0.48460176563776053,1,0
Maddy,abigail-stripe-shirt#BlackStrip,chill-out-slouch-top#Mustard,random,0.7853523723532158,1,0
Maddy,annabelle-sweater#Midnight,monaco-knot-top#HeatheGrey,hard,0.22857063394943025,1,0
Maddy,annabelle-sweater#Midnight,natural-rolled-neck-tunic#BlueDam,semi-hard,0.4189336493095351,1,0
Maddy,annabelle-sweater#Midnight,cotton-stripe-cardi-with-pockets#White,random,0.49357658991850134,1,0
Maddy,batty-about-you-cotton-tee#BlkWhite,eco-78-long-cardigan#DarkGreyM,hard,0.276630684457822,1,0
Maddy,batty-about-you-cotton-tee#BlkWhite,kimono-and-me-cardi#DustyPink,semi-hard,0.4699790792659467,1,0
Maddy,batty-about-you-cotton-tee#BlkWhite,the-ultimate-tie-cardi#Black,random,0.4726291898292819,1,0
Maddy,border-stripe-knit#WhitePink,renee-sweater#Sapphire,hard,0.2661644039651268,1,0
Maddy,border-stripe-knit#WhitePink,belle-half-sleeve-forgiver-tunic#FlamPink,semi-hard,0.4784716018729425,1,0
Maddy,border-stripe-knit#WhitePink,waterfall-cardi-1#Black,random,0.4000568339524609,1,0
Maddy,elina-lace-frill-blouse#Black,overlay-tunic-3-pce-set#Emerald,hard,0.22291274052561105,1,0
Maddy,elina-lace-frill-blouse#Black,the-zip-front-top#Blue,semi-hard,0.49513646062056654,1,0
Maddy,elina-lace-frill-blouse#Black,belle-twist-front-tee-1#Black,random,0.46199331297869045,1,0
Maddy,long-sleeve-tee-2#NavyWhite,holly-rib-long-sleeve-tee#WhiteGrey,hard,0.23812795003416876,1,0
Maddy,long-sleeve-tee-2#NavyWhite,belle-v-neck-forgiver-tunic#Navy,semi-hard,0.5056745897255746,1,0
Maddy,long-sleeve-tee-2#NavyWhite,glasgow-top#Melange,random,0.24128409621357075,1,0
Maddy,marjorie-tie-blouse#BluePrint,mila-knit-cardigan#Black,hard,0.2706307894218441,1,0
Maddy,marjorie-tie-blouse#BluePrint,the-define-flute-sleeve-blouse#White,semi-hard,0.5242780766747398,1,0
Maddy,marjorie-tie-blouse#BluePrint,variegated-rib-knit#Silver,random,0.42559014543060936,1,0
Maddy,natural-tie-tunic#BlueSky,vivid-dreams-blouse#Dusty%20Rose,hard,0.2980879546762396,1,0
Maddy,natural-tie-tunic#BlueSky,the-french-cuff-shirt#White,semi-hard,0.49330991107995037,1,0
Maddy,natural-tie-tunic#BlueSky,softly-swinging-bamboo-singlet#BlueJean,random,0.5166976784841125,1,0
Maddy,oregon-safari-embroidered-top#White,cara-tee-2#Blush,hard,0.289237664294258,1,0
Maddy,oregon-safari-embroidered-top#White,belle-square-neck-drape-tee#Vanilla,semi-hard,0.5029038444551461,1,0
Maddy,oregon-safari-embroidered-top#White,horizontal-cabel-pullover#EnglishRos,random,0.4061992712392296,1,0
Maddy,print-shirt-1#Blush,manhattan-stretch-tee#White,hard,0.26796085026771366,1,0
Maddy,print-shirt-1#Blush,layered-tee-2#White,semi-hard,0.4204280684143669,1,0
Maddy,print-shirt-1#Blush,natural-cosy-sweater#Rosered,random,0.5551998954794879,1,0
Maddy,pulkari-emb-top#Pulkari,the-uneven-hem-knit-1#Sage,hard,0.2644518272425249,1,0
Maddy,pulkari-emb-top#Pulkari,belle-half-sleeve-forgiver-tunic#MutedClay,semi-hard,0.4784716018729425,1,0
Maddy,pulkari-emb-top#Pulkari,the-contrast-34-sleeve-top#Navy,random,0.7015929676322741,1,0
Maddy,saba-top-2#Catus,high-neck-tie-top#Black,hard,0.2683059102505868,1,0
Maddy,saba-top-2#Catus,fundamental-rib-long-sleeve-tee#White,semi-hard,0.4089287054055363,1,0
Maddy,saba-top-2#Catus,hacienda-tunic-5#PatchGold,random,0.40223965134204265,1,0
Maddy,sandy-off-the-shoulder-top#Gingham,paige-top#Black,hard,0.3012704219393532,1,0
Maddy,sandy-off-the-shoulder-top#Gingham,the-cotton-cardi#Khaki,semi-hard,0.4604781813430886,1,0
Maddy,sandy-off-the-shoulder-top#Gingham,maui-stretch-tee#Navy,random,0.39044372801160815,1,0
Maddy,sontana-blouse#Stone,holly-rib-long-sleeve-tee#Khaki,hard,0.23812795003416876,1,0
Maddy,sontana-blouse#Stone,aigli-top#White,semi-hard,0.4215148156347607,1,0
Maddy,sontana-blouse#Stone,belle-nautical-applique-tee#BlueStripe,random,0.576533324783447,1,0
Maddy,the-batwing-tee#Black,eco-78-long-cardigan#LightGreyM,hard,0.276630684457822,1,0
Maddy,the-batwing-tee#Black,on-the-open-road-maxi-shirt#DarkOchre,semi-hard,0.5217246697606415,1,0
Maddy,the-batwing-tee#Black,born-to-run-shirt-jacket#Leopard,random,0.30051970126647964,1,0
Maddy,the-batwing-tee#FrenchBlue,cara-tee-3#Mustard,hard,0.3089727884468614,1,0
Maddy,the-batwing-tee#FrenchBlue,belle-half-sleeve-boat-tee#Black,semi-hard,0.42286155208525444,1,0
Maddy,the-batwing-tee#FrenchBlue,2-in-1-layered-knit-top#Navy,random,0.5301624928068229,1,0
Maddy,the-batwing-tee#Sea,dream-girl-ruffle-jumper#SoftPink,hard,0.3046354366669636,1,0
Maddy,the-batwing-tee#Sea,the-reversible-cowl-neck-top-1#White,semi-hard,0.42788739762773914,1,0
Maddy,the-batwing-tee#Sea,diva-ruffle-jumper#Gold%20Spot,random,0.4316983030939624,1,0
Maddy,the-batwing-tee#Stone,pure-merino-fine-rib-v-neck#Charcoal,hard,0.05167373880245168,1,0
Maddy,the-batwing-tee#Stone,belle-half-sleeve-forgiver-tunic#BlueBonnet,semi-hard,0.4784716018729425,1,0
Maddy,the-batwing-tee#Stone,layered-sleeve-top#DarkBlue,random,0.5158547046611788,1,0
Maddy,the-cotton-bamboo-tank#Chambray,mila-knit-cardigan#InkWhite,hard,0.2706307894218441,1,0
Maddy,the-cotton-bamboo-tank#Chambray,luxe-shirt#Navy,semi-hard,0.4317507789451535,1,0
Maddy,the-cotton-bamboo-tank#Chambray,ynes#Black,random,0.29794354598773176,1,0
Maddy,the-cotton-bamboo-tank#DarkNavy,manhattan-stretch-tee#NavyWhtStr,hard,0.26796085026771366,1,0
Maddy,the-cotton-bamboo-tank#DarkNavy,elcos-top#LightGrey,semi-hard,0.40763198394198297,1,0
Maddy,the-cotton-bamboo-tank#DarkNavy,je-taime-knit#Navy,random,0.5522440679619868,1,0
Maddy,the-cotton-bamboo-tank#DuckEgg,cara-tee-2#BlackSpot,hard,0.289237664294258,1,0
Maddy,the-cotton-bamboo-tank#DuckEgg,floral-blouse-2#NavyMulti,semi-hard,0.41653491033152734,1,0
Maddy,the-cotton-bamboo-tank#DuckEgg,silver-cross-sweater#Silver,random,0.38914936269467776,1,0
Maddy,the-cotton-bamboo-tank#Moonbeam,aztec-cardigan#BlackIvory,hard,0.28948647645756775,1,0
Maddy,the-cotton-bamboo-tank#Moonbeam,the-weekender-shirt#GreyStripe,semi-hard,0.5085349794451617,1,0
Maddy,the-cotton-bamboo-tank#Moonbeam,stripe-me-happy-blouse#Ash,random,0.5886464593676509,1,0
Maddy,the-cotton-bamboo-tank#White,the-longline-cardi-1#GreyMarle,hard,0.3090860682805747,1,0
Maddy,the-cotton-bamboo-tank#White,janet-frill-shirt#White,semi-hard,0.4057725592261342,1,0
Maddy,the-cotton-bamboo-tank#White,belle-v-neck-forgiver-tunic#Tobacco,random,0.5056745897255746,1,0
Maddy,the-cotton-bamboo-tee#BlueJeans,high-street-knit#NavyStripe,hard,0.28365105893545045,1,0
Maddy,the-cotton-bamboo-tee#BlueJeans,clara-blouse#DarkFloral,semi-hard,0.4096188253712825,1,0
Maddy,the-cotton-bamboo-tee#BlueJeans,softly-falling-bamboo-tunic#Copper,random,0.5843050697992267,1,0
Maddy,the-cotton-bamboo-tee#DuckEgg,colourblock-cardi#NavyRed,hard,0.2684892831363841,1,0
Maddy,the-cotton-bamboo-tee#DuckEgg,frost-cardigan#Mauvewoo,semi-hard,0.4543888358935561,1,0
Maddy,the-cotton-bamboo-tee#DuckEgg,analia-jersey-top#Black,random,0.34801097798010044,1,0
Maddy,the-cotton-bamboo-tee#DustyPink,manhattan-stretch-tee#Navy,hard,0.26796085026771366,1,0
Maddy,the-cotton-bamboo-tee#DustyPink,soho-ruffle-jumper#OatmealMar,semi-hard,0.40634439139161965,1,0
Maddy,the-cotton-bamboo-tee#DustyPink,capri-tank-3#Navy,random,0.35008295484070784,1,0
Maddy,the-cotton-bamboo-tee#White,ricki-one-shoulder-top#BlackWhite,hard,0.2678852595401763,1,0
Maddy,the-cotton-bamboo-tee#White,placement-print-shirt#WhiteNavy,semi-hard,0.5275786500222309,1,0
Maddy,the-cotton-bamboo-tee#White,fundamental-vee-tee#Navy,random,0.3427662787556146,1,0
Maddy,the-cross-over-blouse#Black,leah-knit-cardigan#WhiteBlk,hard,0.2741767900893266,1,0
Maddy,the-cross-over-blouse#Black,wrap-me-up-bamboo-top#BlueJeans,semi-hard,0.48121712251481963,1,0
Maddy,the-cross-over-blouse#Black,rib-tank-2#Red,random,0.3612146203795041,1,0
Maddy,the-cross-over-blouse#Blue,cara-tee-4#BlackWhite,hard,0.30756829406483893,1,0
Maddy,the-cross-over-blouse#Blue,fundamental-rib-long-sleeve-tee#Black,semi-hard,0.4089287054055363,1,0
Maddy,the-cross-over-blouse#Blue,great-scot-merino-carcoat#Twilight,random,0.3859197232202223,1,0
Maddy,the-cross-over-blouse#Mint,magnolia-fields-keyhole-blouse#Magnolia,hard,0.26155152162720846,1,0
Maddy,the-cross-over-blouse#Mint,the-tie-front-tank#White,semi-hard,0.4814831083690697,1,0
Maddy,the-cross-over-blouse#Mint,the-shoulder-tie-top#White,random,0.6419677206064702,1,0
Maddy,the-cross-over-blouse#Red,lake-house-top#CoalPrint,hard,0.28721831112149254,1,0
Maddy,the-cross-over-blouse#Red,karmen-top#HighRiskRe,semi-hard,0.4254843405875546,1,0
Maddy,the-cross-over-blouse#Red,gloria-applique-crew#Charcoal,random,0.3176465865071706,1,0
Maddy,the-cross-over-blouse#RoyalBlue,merino-boyfriend-cardigan#MelangeStr,hard,0.29512988188960376,1,0
Maddy,the-cross-over-blouse#RoyalBlue,long-sleeve-softly-swinging-bamboo-tee#Storm,semi-hard,0.5297935387252564,1,0
Maddy,the-cross-over-blouse#RoyalBlue,the-cross-front-spot-blouse#Spot,random,0.7154144933139026,1,0
Maddy,the-cross-over-blouse#Silver,the-longline-cardi-1#Nude,hard,0.3090860682805747,1,0
Maddy,the-cross-over-blouse#Silver,fundamental-sydney-crew#Burgundy,semi-hard,0.4504121501029867,1,0
Maddy,the-cross-over-blouse#Silver,billow-top#Black,random,0.7918240049022633,1,0
Maddy,the-cross-over-blouse#Sunshine,bamboo-layer-tank#Chalk,hard,0.2826644433266351,1,0
Maddy,the-cross-over-blouse#Sunshine,belle-drape-tee#Sliver,semi-hard,0.5245383246189788,1,0
Maddy,the-cross-over-blouse#Sunshine,daylight-cardi#Silver,random,0.3518507023534486,1,0
Maddy,the-cross-over-blouse#White,back-to-you-top#BlackMagic,hard,0.26497455916034696,1,0
Maddy,the-cross-over-blouse#White,frill-me-tie-throw-on#WhiteBlk,semi-hard,0.43170262731599973,1,0
Maddy,the-cross-over-blouse#White,long-sleeve-softly-swinging-bamboo-tee#Fern,random,0.5297935387252564,1,0
Maddy,the-cut-out-shoulder-blouse#Black,leary-cardigan#Pine,hard,0.2727027662824515,1,0
Maddy,the-cut-out-shoulder-blouse#Black,star-and-spot-sweater#SilverMult,semi-hard,0.4674559973448537,1,0
Maddy,the-cut-out-shoulder-blouse#Black,butterfly-kisses-tee#Green,random,0.5653906454141625,1,0
Maddy,the-cut-out-shoulder-blouse#Blue,leah-knit-cardigan#Black,hard,0.2741767900893266,1,0
Maddy,the-cut-out-shoulder-blouse#Blue,not-today-buttoned-cardigan#Almond,semi-hard,0.46362064031256606,1,0
Maddy,the-cut-out-shoulder-blouse#Blue,belle-satin-shirt#Black,random,0.6084006513682836,1,0
Maddy,the-cut-out-shoulder-blouse#Clay,faith-jumper#Eventide,hard,0.30739356962311637,1,0
Maddy,the-cut-out-shoulder-blouse#Clay,ella-funnel-neck-top#Khaki,semi-hard,0.4812150250823357,1,0
Maddy,the-cut-out-shoulder-blouse#Clay,the-drape-tee-1#Stripe,random,0.5960842752683944,1,0
Maddy,the-cut-out-shoulder-blouse#Salmon,cara-tee-4#Black,hard,0.30756829406483893,1,0
Maddy,the-cut-out-shoulder-blouse#Salmon,heart-spliced-top#Navy,semi-hard,0.4754788891110545,1,0
Maddy,the-cut-out-shoulder-blouse#Salmon,analia-top#White,random,0.24716896509539713,1,0
Maddy,the-cut-out-shoulder-blouse#Silver,meadow-cardigan#Cream,hard,0.2808989965217732,1,0
Maddy,the-cut-out-shoulder-blouse#Silver,printed-tunic-7#RedCheck,semi-hard,0.5273945471929701,1,0
Maddy,the-cut-out-shoulder-blouse#Silver,layered-stripe-top#PinkStripe,random,0.5301624928068229,1,0
Maddy,the-cut-out-shoulder-blouse#White,hayley-button-down#NavySparro,hard,0.3081849207355317,1,0
Maddy,the-cut-out-shoulder-blouse#White,fundamental-split-hoodie#Navy,semi-hard,0.45391683966634744,1,0
Maddy,the-cut-out-shoulder-blouse#White,fundamental-split-hoodie-1#Lilac,random,0.5919786512788424,1,0
Maddy,the-everyday-shirt#Black,shirt-in-a-box#Silver,hard,0.2818259138430175,1,0
Maddy,the-everyday-shirt#Black,aigli-top#Navy,semi-hard,0.4215148156347607,1,0
Maddy,the-everyday-shirt#Black,always-mine-v-neck-knit#Terracotta,random,0.4171349608177437,1,0
Maddy,the-everyday-shirt#Cream,endeavor-long-sleeve-tee#Stripe,hard,0.2558139534883721,1,0
Maddy,the-everyday-shirt#Cream,ryder-cosy-sweater#Blossom,semi-hard,0.4239801303845342,1,0
Maddy,the-everyday-shirt#Cream,york-linen-blend-long-cardigan#BurntOrang,random,0.351050231567634,1,0
Maddy,the-everyday-shirt#Midnight,double-layered-top-1#WSilver,hard,0.31372124623339936,1,0
Maddy,the-everyday-shirt#Midnight,runaway-top#SoftMint,semi-hard,0.4858435935048953,1,0
Maddy,the-everyday-shirt#Midnight,double-layered-top-1#WBlack,random,0.31372124623339936,1,0
Maddy,the-everyday-shirt#Pink,monaco-knot-top#Black,hard,0.22857063394943025,1,0
Maddy,the-everyday-shirt#Pink,the-excess-shirt#Pearl,semi-hard,0.4079740502326764,1,0
Maddy,the-everyday-shirt#Pink,irena-embroidered-blouse#DustyRose,random,0.38358224097448,1,0
Maddy,the-everyday-shirt#Rose,holly-rib-long-sleeve-tee#Black,hard,0.23812795003416876,1,0
Maddy,the-everyday-shirt#Rose,belle-v-neck-forgiver-tunic#BlueMarle,semi-hard,0.5056745897255746,1,0
Maddy,the-everyday-shirt#Rose,the-roll-neck-sweater#Natural,random,0.46108465040389585,1,0
Maddy,the-half-sleeve-tee#Black,aztec-cardigan#Orange,hard,0.28948647645756775,1,0
Maddy,the-half-sleeve-tee#Black,agra-shirt#White,semi-hard,0.46819091181580735,1,0
Maddy,the-half-sleeve-tee#Black,natural-overlay-knit#Greybloss,random,0.5115571917787546,1,0
Maddy,the-half-sleeve-tee#White,manhattan-stretch-tee#Black,hard,0.26796085026771366,1,0
Maddy,the-half-sleeve-tee#White,paradise-cardi#MultiStrip,semi-hard,0.47424167189946814,1,0
Maddy,the-half-sleeve-tee#White,the-asymmetrical-tank-top#HotPink,random,0.5962634378895726,1,0
Maddy,the-long-sleeve-scoop-neck-tee#Black,ally-long-sleeve-tee#CosmosPr,hard,0.24039590285505835,1,0
Maddy,the-long-sleeve-scoop-neck-tee#Black,rosie-bell-sleeve-denim-shirt#Stripe,semi-hard,0.44837806562395016,1,0
Maddy,the-long-sleeve-scoop-neck-tee#Black,natural-textured-poncho#Deeprain,random,0.5730337078651685,1,0
Maddy,the-long-sleeve-scoop-neck-tee#Grey,natural-classic-cardigan#Pebble,hard,0.25186209501535467,1,0
Maddy,the-long-sleeve-scoop-neck-tee#Grey,art-deco-print-top#NavyWhite,semi-hard,0.40457631124641447,1,0
Maddy,the-long-sleeve-scoop-neck-tee#Grey,the-tie-front-tank#Navy,random,0.4814831083690697,1,0
Maddy,the-long-sleeve-scoop-neck-tee#Navy,the-reversible-cowl-neck-top-2#Ocean,hard,0.2528140152101738,1,0
Maddy,the-long-sleeve-scoop-neck-tee#Navy,first-mix-top-1#BlackWhite,semi-hard,0.454417858076076,1,0
Maddy,the-long-sleeve-scoop-neck-tee#Navy,the-stripe-tank-1#Hazelnut,random,0.6030307499001795,1,0
Maddy,the-long-sleeve-scoop-neck-tee#White,cara-tee-2#WhiteBlk,hard,0.289237664294258,1,0
Maddy,the-long-sleeve-scoop-neck-tee#White,the-tie-sleeve-blouse#Grey,semi-hard,0.436324638567108,1,0
Maddy,the-long-sleeve-scoop-neck-tee#White,stripe-sweater-2#Blue,random,0.420335901502353,1,0
Maddy,the-long-sleeve-v-neck-tee#Black,cara-tee-4#White,hard,0.30756829406483893,1,0
Maddy,the-long-sleeve-v-neck-tee#Black,the-bamboo-tunic-dress#Khaki,semi-hard,0.45272085348069685,1,0
Maddy,the-long-sleeve-v-neck-tee#Black,jordan-top#PearlBlue,random,0.4550381252242959,1,0
Maddy,the-long-sleeve-v-neck-tee#Navy,mila-knit-cardigan#Clay,hard,0.2706307894218441,1,0
Maddy,the-long-sleeve-v-neck-tee#Navy,sailaway-blouse#OxfordBlue,semi-hard,0.5162915126855551,1,0
Maddy,the-long-sleeve-v-neck-tee#Navy,kimberly-spliced-top#Zebraprint,random,0.3706254303432508,1,0
Maddy,the-long-sleeve-v-neck-tee#White,the-panel-luxe-top#SilvWhite,hard,0.30337954583841675,1,0
Maddy,the-long-sleeve-v-neck-tee#White,jewel-knit#GreyMarle,semi-hard,0.44916022314464077,1,0
Maddy,the-long-sleeve-v-neck-tee#White,long-sleeve-softly-swinging-bamboo-tee#Copper,random,0.5297935387252564,1,0
Maddy,the-relaxed-long-sleeve-tee#Black,niue-neck-tie-shirt#LightBlue,hard,0.2932048916191033,1,0
Maddy,the-relaxed-long-sleeve-tee#Black,the-zip-detail-jacket#Grey,semi-hard,0.47093023255813954,1,0
Maddy,the-relaxed-long-sleeve-tee#Black,the-oversized-cotton-blend-shirt#Navy,random,0.8369073552060122,1,0
Maddy,the-relaxed-long-sleeve-tee#Khaki,relaxed-v-neck-knit#Silver,hard,0.30195637783943385,1,0
Maddy,the-relaxed-long-sleeve-tee#Khaki,mauevewood-crew#Charcoal,semi-hard,0.46617794949826086,1,0
Maddy,the-relaxed-long-sleeve-tee#Khaki,the-boat-neck-top#Black,random,0.4044726130756343,1,0
Maddy,the-relaxed-long-sleeve-tee#Navy,bamboo-layer-tank#Black,hard,0.2826644433266351,1,0
Maddy,the-relaxed-long-sleeve-tee#Navy,snake-print-johnny-collar-top#BeigeSnake,semi-hard,0.45469516267390675,1,0
Maddy,the-relaxed-long-sleeve-tee#Navy,hydrangea-kimono#Hydrangea,random,0.41311732427488895,1,0
Maddy,the-relaxed-long-sleeve-tee#Pink,back-to-you-top#Rust,hard,0.26497455916034696,1,0
Maddy,the-relaxed-long-sleeve-tee#Pink,the-side-ring-detail-blouse-1#Black,semi-hard,0.45073937728985114,1,0
Maddy,the-relaxed-long-sleeve-tee#Pink,butterfly-kisses-tee#Stripe,random,0.5653906454141625,1,0
Maddy,the-relaxed-long-sleeve-tee#White,roll-neck-jumper-3#GreyMarl,hard,0.3048101611086862,1,0
Maddy,the-relaxed-long-sleeve-tee#White,fern-print-top#Navy,semi-hard,0.45296824579617245,1,0
Maddy,the-relaxed-long-sleeve-tee#White,silver-dot-tie-sleeve-blouse#SilverDotP,random,0.3792957450024744,1,0
Maddy,the-short-sleeve-wrap-jersey-top#Black,everyday-linen-tunic#BotanicalB,hard,0.25723723236484314,1,0
Maddy,the-short-sleeve-wrap-jersey-top#Black,the-cotton-cardi#Navy,semi-hard,0.4604781813430886,1,0
Maddy,the-short-sleeve-wrap-jersey-top#Black,flow-with-me-slouch-top#Brick,random,1.0025306308300768,1,0
Maddy,the-short-sleeve-wrap-jersey-top#Blue,arlo-cardigan#Navy,hard,0.31089965439486944,1,0
Maddy,the-short-sleeve-wrap-jersey-top#Blue,wrap-me-up-bamboo-top#Black,semi-hard,0.48121712251481963,1,0
Maddy,the-short-sleeve-wrap-jersey-top#Blue,sugar-snaps-layers-tank#DuckEgg,random,0.5876659235411017,1,0
Maddy,the-short-sleeve-wrap-jersey-top#Emerald,pure-merino-fine-rib-polo#BlackStri,hard,0.2348782509741511,1,0
Maddy,the-short-sleeve-wrap-jersey-top#Emerald,geneva-v-neck-top#Black,semi-hard,0.481741711630568,1,0
Maddy,the-short-sleeve-wrap-jersey-top#Emerald,oversize-contrast-hood-top#Steel,random,0.7827600104816186,1,0
Maddy,the-short-sleeve-wrap-jersey-top#NavyWhite,butterfly-blouse-1#Ivory,hard,0.2911042252084404,1,0
Maddy,the-short-sleeve-wrap-jersey-top#NavyWhite,heartmade-cardi#DustyRose,semi-hard,0.42415744196764665,1,0
Maddy,the-short-sleeve-wrap-jersey-top#NavyWhite,cuddled-longline-cardigan#Sunflower,random,0.3015765577640298,1,0
Maddy,the-sleeveless-cross-over-blouse#Black,monaco-knot-top#Olive,hard,0.22857063394943025,1,0
Maddy,the-sleeveless-cross-over-blouse#Black,belle-half-sleeve-forgiver-tunic#Apricot,semi-hard,0.4784716018729425,1,0
Maddy,the-sleeveless-cross-over-blouse#Black,the-asymmetrical-tank-top#Indigo,random,0.5962634378895726,1,0
Maddy,the-sleeveless-cross-over-blouse#Chambray,natural-crossover-knit-1#Stormcloud,hard,0.27622451249940405,1,0
Maddy,the-sleeveless-cross-over-blouse#Chambray,the-stripe-jersey-top#Blue,semi-hard,0.4500752488552824,1,0
Maddy,the-sleeveless-cross-over-blouse#Chambray,the-wrap-jersey-top-1#NavyStripe,random,0.36035932067580567,1,0
Maddy,the-sleeveless-cross-over-blouse#Cobalt,mila-knit-cardigan#StoneBlack,hard,0.2706307894218441,1,0
Maddy,the-sleeveless-cross-over-blouse#Cobalt,the-printed-side-ring-detail-blouse#Block,semi-hard,0.45073937728985114,1,0
Maddy,the-sleeveless-cross-over-blouse#Cobalt,germaine-blouse#Pearl,random,0.3213129724073979,1,0
Maddy,the-sleeveless-cross-over-blouse#Mint,cable-knit-sweater#Camel,hard,0.28591901175634005,1,0
Maddy,the-sleeveless-cross-over-blouse#Mint,the-weekender-shirt#DenimStrip,semi-hard,0.5085349794451617,1,0
Maddy,the-sleeveless-cross-over-blouse#Mint,the-drape-tee-1#White,random,0.5960842752683944,1,0
Maddy,the-sleeveless-cross-over-blouse#Salmon,henson-jumper#Cream,hard,0.26924147601590576,1,0
Maddy,the-sleeveless-cross-over-blouse#Salmon,geneva-v-neck-top#ClaySpot,semi-hard,0.481741711630568,1,0
Maddy,the-sleeveless-cross-over-blouse#Salmon,sugar-snaps-layers-tank#SeaGreen,random,0.5876659235411017,1,0
Maddy,the-sleeveless-cross-over-blouse#Sunshine,rika-top#BatikTile,hard,0.2824203834956641,1,0
Maddy,the-sleeveless-cross-over-blouse#Sunshine,the-tie-front-top#Navy,semi-hard,0.4464241825279993,1,0
Maddy,the-sleeveless-cross-over-blouse#Sunshine,the-layered-cross-over-top#Black,random,0.5448790030931123,1,0
Maddy,the-sleeveless-cross-over-blouse#White,drapey-stripe-tee#Navy,hard,0.2914613985568925,1,0
Maddy,the-sleeveless-cross-over-blouse#White,2-in-1-layered-top-1#PinkWhite,semi-hard,0.4683609855628886,1,0
Maddy,the-sleeveless-cross-over-blouse#White,raspberry-ls-tee#WhiteRaspb,random,0.4151325133819888,1,0
Maddy,the-stripe-pocket-tank#Stripe,cherrington-top#GreyRose,hard,0.3001538702341622,1,0
Maddy,the-stripe-pocket-tank#Stripe,frill-blouse#Rust,semi-hard,0.43124337276013613,1,0
Maddy,the-stripe-pocket-tank#Stripe,the-flutter-sleeve-top#Denim,random,0.5536642114694877,1,0
Maddy,the-wrap-jersey-top#Charcoal,the-panel-luxe-top#BlkWhite,hard,0.30337954583841675,1,0
Maddy,the-wrap-jersey-top#Charcoal,spliced-lace-panel-tee#White,semi-hard,0.4601489676012284,1,0
Maddy,the-wrap-jersey-top#Charcoal,cool-breeze-jumper#Dust,random,0.5411549516592631,1,0
Maddy,the-wrap-jersey-top#JetBlack,stara-cardigan#GreyMarle,hard,0.3042831850470127,1,0
Maddy,the-wrap-jersey-top#JetBlack,the-panel-hem-top#DenimMarle,semi-hard,0.44622922294469175,1,0
Maddy,the-wrap-jersey-top#JetBlack,never-ending-winter-knit-top#DeluxeGree,random,0.7405198361674235,1,0
Maddy,the-wrap-jersey-top#NavyWhite,forget-me-knot-tunic#ForgetMeK,hard,0.14640116620942023,1,0
Maddy,the-wrap-jersey-top#NavyWhite,wellington-tee#Olive,semi-hard,0.4976078366730249,1,0
Maddy,the-wrap-jersey-top#NavyWhite,milan-stretch-top#White,random,0.5384237988918904,1,0
Maddy,the-wrap-jersey-top#PortSpot,soft-and-true-tunic#Pine,semi-hard,0.491951024304715,1,0
Maddy,the-wrap-jersey-top#PortSpot,hannah-tee-1#RedWhite,random,0.3189941637786161,1,0
Madeline,aigli-top#Navy,long-sleeve-tee-2#NavyWhite,hard,0.3315966405866909,1,0
Madeline,aigli-top#Navy,janet-frill-shirt#White,semi-hard,0.5116813832349117,1,0
Madeline,aigli-top#Navy,the-long-sleeve-scoop-neck-tee#Black,random,0.5107408885341846,1,0
Madeline,aigli-top#White,cara-tee-2#WhiteBlk,hard,0.34743133333931153,1,0
Madeline,aigli-top#White,bo-cosy-cardigan#Blossom,semi-hard,0.5118640050518407,1,0
Madeline,aigli-top#White,kimberly-spliced-top#Zebraprint,random,0.47211583830170023,1,0
Madeline,analia-jersey-top#Black,falling-for-you-cardi#Dusty,hard,0.35195530726256985,1,0
Madeline,analia-jersey-top#Black,the-tie-detail-hoody#FrenchBlue,semi-hard,0.6020883213620644,1,0
Madeline,analia-jersey-top#Black,silver-cross-sweater#Silver,random,0.49209747039964646,1,0
Madeline,analia-jersey-top#Navy,the-cotton-bamboo-tee#BlueJeans,hard,0.34736127063084454,1,0
Madeline,analia-jersey-top#Navy,the-bamboo-tunic-dress#Khaki,semi-hard,0.5261674104496276,1,0
Madeline,analia-jersey-top#Navy,the-tie-front-tank#Navy,random,0.5929289414375842,1,0
Madeline,analia-top#White,lake-house-top#CoalPrint,hard,0.38064193917651606,1,0
Madeline,analia-top#White,viola-kimono-radiant-floral#Grey,semi-hard,0.547486033519553,1,0
Madeline,analia-top#White,rise-top#Ink,random,0.5195165972636385,1,0
Madeline,bertie-top#Black,niue-neck-tie-shirt#LightBlue,hard,0.3766146733196747,1,0
Madeline,bertie-top#Black,foil-spot-jumper#SilverDot,semi-hard,0.5292612030874166,1,0
Madeline,bertie-top#Black,the-cross-over-blouse#White,random,0.6879933300375041,1,0
Madeline,bertie-top#BlkCherry,high-neck-tie-top#Black,hard,0.31886559994700014,1,0
Madeline,bertie-top#BlkCherry,the-stripe-pocket-tank#Stripe,semi-hard,0.5628953171768448,1,0
Madeline,bertie-top#BlkCherry,the-sleeveless-cross-over-blouse#Salmon,random,0.6504298506571886,1,0
Madeline,cara-tee-4#Black,magnolia-fields-keyhole-blouse#Magnolia,hard,0.35246358576709447,1,0
Madeline,cara-tee-4#Black,the-printed-side-ring-detail-blouse#Block,semi-hard,0.5602262404697934,1,0
Madeline,cara-tee-4#Black,2-in-1-layered-top-1#PinkWhite,random,0.5424344868196478,1,0
Madeline,cara-tee-4#BlackWhite,falling-for-you-cardi#GreyMarle,hard,0.35195530726256985,1,0
Madeline,cara-tee-4#BlackWhite,frill-me-tie-throw-on#WhiteBlk,semi-hard,0.5375121290532243,1,0
Madeline,cara-tee-4#BlackWhite,sparkly-star-tee#Blue,random,0.5085222983719163,1,0
Madeline,cara-tee-4#White,drapey-stripe-tee#Navy,hard,0.37850124274713,1,0
Madeline,cara-tee-4#White,belle-v-neck-forgiver-tunic#Scarlett,semi-hard,0.6227901780125072,1,0
Madeline,cara-tee-4#White,chill-out-slouch-top#Mustard,random,0.9284335357774116,1,0
Madeline,first-mix-top-1#BlackWhite,elina-lace-frill-blouse#Black,hard,0.3338409809457854,1,0
Madeline,first-mix-top-1#BlackWhite,the-stripe-jersey-top#Blue,semi-hard,0.5529902789699392,1,0
Madeline,first-mix-top-1#BlackWhite,shirt-in-a-box#Silver,random,0.36909049520789083,1,0
Madeline,fluid-tunic-top#White,paige-top#Black,hard,0.25383487644225805,1,0
Madeline,fluid-tunic-top#White,mauevewood-crew#Charcoal,semi-hard,0.5749622959296902,1,0
Madeline,fluid-tunic-top#White,the-everyday-shirt#Cream,random,0.7545017456967402,1,0
Madeline,frill-blouse#Rust,the-uneven-hem-knit-1#Sage,hard,0.3776346604215457,1,0
Madeline,frill-blouse#Rust,stripe-me-happy-blouse#Ash,semi-hard,0.6087722798616653,1,0
Madeline,frill-blouse#Rust,capri-tank-3#White,random,0.44928437483446737,1,0
Madeline,karmen-top#HighRiskRe,striped-cardigan-3#Rainbow,hard,0.3725734890445203,1,0
Madeline,karmen-top#HighRiskRe,bird-jumper#Navy,semi-hard,0.5164793174468094,1,0
Madeline,karmen-top#HighRiskRe,felicity-cardigan#Dewkist,random,0.7067046374675279,1,0
Madeline,kimono-top-36#BlueMarle,forget-me-knot-tunic#ForgetMeK,hard,0.23101711292909297,1,0
Madeline,kimono-top-36#BlueMarle,the-tie-detail-hoody#Pink,semi-hard,0.6020883213620644,1,0
Madeline,kimono-top-36#BlueMarle,partly-cloudy-knit#PawPaw,random,0.796087931768855,1,0
Madeline,layered-top-2#Navy,ynes#Black,hard,0.3132861007101713,1,0
Madeline,layered-top-2#Navy,jade-kimono-sweet-blossoms#Blue,semi-hard,0.5662121270997048,1,0
Madeline,layered-top-2#Navy,the-cotton-cardi#Navy,random,0.47978185687682895,1,0
Madeline,layered-top-2#White,ricki-one-shoulder-top#BlackWhite,hard,0.3590114859598216,1,0
Madeline,layered-top-2#White,agra-shirt#White,semi-hard,0.5809066590401003,1,0
Madeline,layered-top-2#White,meredith-78-oversized-pullover-knit#WhiteCapGr,random,1.1093521268445712,1,0
Madeline,llama-long-sleeve-shirt#Mustard,aztec-cardigan#BlackIvory,hard,0.38206435579353215,1,0
Madeline,llama-long-sleeve-shirt#Mustard,geneva-v-neck-top#HeatheGrey,semi-hard,0.5938460165670543,1,0
Madeline,llama-long-sleeve-shirt#Mustard,the-long-sleeve-scoop-neck-tee#Navy,random,0.5107408885341846,1,0
Madeline,natural-classic-cardigan#Pebble,falling-for-you-cardi#Port,hard,0.35195530726256985,1,0
Madeline,natural-classic-cardigan#Pebble,the-pocket-tee#NavyStripe,semi-hard,0.6104034462109912,1,0
Madeline,natural-classic-cardigan#Pebble,lilly-layer-stripe-tank#NavyWhite,random,0.49109426012677326,1,0
Madeline,natural-cosy-sweater#Rosered,falling-for-you-cardi#Rust,hard,0.35195530726256985,1,0
Madeline,natural-cosy-sweater#Rosered,art-deco-print-top#NavyWhite,semi-hard,0.5087727594621438,1,0
Madeline,natural-cosy-sweater#Rosered,the-define-flute-sleeve-blouse#White,random,0.6416430584403044,1,0
Madeline,natural-cropped-sleeve-knit#Cloudcover,dream-girl-ruffle-jumper#SoftPink,hard,0.33168510635566306,1,0
Madeline,natural-cropped-sleeve-knit#Cloudcover,belle-half-sleeve-forgiver-tunic#White,semi-hard,0.5912895469489301,1,0
Madeline,natural-cropped-sleeve-knit#Cloudcover,everyday-linen-tunic#BotanicalB,random,0.34893566792310965,1,0
Madeline,natural-cross-back-knit#Lightsmoke,falling-for-you-cardi#Teal,hard,0.35195530726256985,1,0
Madeline,natural-cross-back-knit#Lightsmoke,the-daily-cross-over-top#SkyBlue,semi-hard,0.6080407023144453,1,0
Madeline,natural-cross-back-knit#Lightsmoke,the-on-or-off-the-shoulder-top#FrenchNavy,random,0.8505885500267523,1,0
Madeline,natural-crossover-knit-1#Stormcloud,manhattan-stretch-tee#NavyWhtStr,hard,0.35816379364541984,1,0
Madeline,natural-crossover-knit-1#Stormcloud,the-essential-pullover#DustyPeach,semi-hard,0.6087014137356237,1,0
Madeline,natural-crossover-knit-1#Stormcloud,the-cut-out-shoulder-blouse#White,random,0.6648060801923361,1,0
Madeline,natural-detailed-sweater#Tinroof,vivid-dreams-blouse#Dusty%20Rose,hard,0.3737980097229411,1,0
Madeline,natural-detailed-sweater#Tinroof,nature-ls-top#BlueGum,semi-hard,0.5683921246342847,1,0
Madeline,natural-detailed-sweater#Tinroof,bamboo-layer-tank#Chalk,random,0.2931703642332265,1,0
Madeline,natural-overlay-knit#Greybloss,falling-for-you-cardi#Black,hard,0.35195530726256985,1,0
Madeline,natural-overlay-knit#Greybloss,the-contrast-trim-knit#BlackWhite,semi-hard,0.5293296089385475,1,0
Madeline,natural-overlay-knit#Greybloss,the-ultimate-tie-cardi#Black,random,0.5866136903530746,1,0
Madeline,natural-pattern-cocoon-cardigan#Blossom,the-boat-neck-top#Navy,hard,0.35239454596130826,1,0
Madeline,natural-pattern-cocoon-cardigan#Blossom,waterfall-cardi-1#Navy,semi-hard,0.5063056070110313,1,0
Madeline,natural-pattern-cocoon-cardigan#Blossom,belle-ls-free-fall-tee#Airforce,random,0.7789594529217555,1,0
Madeline,natural-rolled-neck-tunic#BlueDam,geena-xo-ls-pullover-knit#WhiteCapGr,hard,0.38400053293842185,1,0
Madeline,natural-rolled-neck-tunic#BlueDam,multi-stripe-jumper#NavyMulti,semi-hard,0.6025916936088207,1,0
Madeline,natural-rolled-neck-tunic#BlueDam,laurina-stripe-pullover#NightSky,random,0.45532522155582056,1,0
Madeline,natural-textured-poncho#Deeprain,mila-knit-cardigan#InkWhite,hard,0.34902358855232984,1,0
Madeline,natural-textured-poncho#Deeprain,luxe-shirt#Champagne,semi-hard,0.49789967249637074,1,0
Madeline,natural-textured-poncho#Deeprain,the-tie-layering-knit#Grey,random,0.8767373603897095,1,0
Madeline,natural-waterfall-cardigan#Fallendust,mila-knit-cardigan#Black,hard,0.34902358855232984,1,0
Madeline,natural-waterfall-cardigan#Fallendust,belle-v-neck-forgiver-tunic#Charcoal,semi-hard,0.6227901780125072,1,0
Madeline,natural-waterfall-cardigan#Fallendust,soho-v-neck-blouse#SohoPrint,random,0.4187778112130159,1,0
Madeline,print-tee-3#Bike,pure-merino-fine-rib-v-neck#Charcoal,hard,0.10863031281156166,1,0
Madeline,print-tee-3#Bike,the-relaxed-long-sleeve-tee#Black,semi-hard,0.5427201931344797,1,0
Madeline,print-tee-3#Bike,monaco-sweater#BlackCream,random,0.5104423540805437,1,0
Madeline,print-tee-3#Boats,leary-cardigan#Pine,hard,0.3616248063038834,1,0
Madeline,print-tee-3#Boats,the-reversible-cowl-neck-top-1#White,semi-hard,0.5321403617503293,1,0
Madeline,print-tee-3#Boats,fundamental-sydney-crew#Burgundy,random,0.5580198975764483,1,0
Madeline,print-tee-3#Cntryhous,meadow-cardigan#Cream,hard,0.37844680839908207,1,0
Madeline,print-tee-3#Cntryhous,layered-tee-2#White,semi-hard,0.5281695270455714,1,0
Madeline,print-tee-3#Cntryhous,layla-long-line-kimono#MultiStrip,random,0.6590152259860305,1,0
Madeline,print-tee-3#Music,mila-knit-cardigan#Clay,hard,0.34902358855232984,1,0
Madeline,print-tee-3#Music,heartmade-sweater#Rust,semi-hard,0.5373729765167842,1,0
Madeline,print-tee-3#Music,pocket-shirt-1#Ivory,random,0.45696298062521873,1,0
Madeline,ruffle-top-4#Black,the-long-sleeve-v-neck-tee#Navy,hard,0.35137547457171736,1,0
Madeline,ruffle-top-4#Black,2-in-1-layered-top-1#NavyWhite,semi-hard,0.5424344868196478,1,0
Madeline,ruffle-top-4#Black,belle-square-neck-drape-tee#Vanilla,random,0.615738476811421,1,0
Madeline,ruffle-top-4#Terracotta,cable-knit-sweater#Camel,hard,0.3720669582539573,1,0
Madeline,ruffle-top-4#Terracotta,frill-sleeve-top-1#LeafPrint,semi-hard,0.51010211337329,1,0
Madeline,ruffle-top-4#Terracotta,kimberly-spliced-top#Black,random,0.47211583830170023,1,0
Madeline,the-cascade-blouse#Auburn,the-cotton-bamboo-tee#DustyPink,hard,0.34736127063084454,1,0
Madeline,the-cascade-blouse#Auburn,linen-cotton-shirt#White,semi-hard,0.5953644696579135,1,0
Madeline,the-cascade-blouse#Auburn,the-zip-detail-jacket#Grey,random,0.48949188613993083,1,0
Madeline,the-luxe-cotton-tunic#White,leah-knit-cardigan#Black,hard,0.3700988506199966,1,0
Madeline,the-luxe-cotton-tunic#White,layered-tunic-1#PalePink,semi-hard,0.49470527196936476,1,0
Madeline,the-luxe-cotton-tunic#White,the-check-pullover#PinkCheck,random,1.1394176999698788,1,0
Mae-Lee,agra-shirt#White,leah-knit-cardigan#Black,hard,0.1736304034265092,1,0
Mae-Lee,agra-shirt#White,ricki-one-shoulder-top#BlackWhite,semi-hard,0.23438249653375193,1,0
Mae-Lee,agra-shirt#White,long-sleeve-ruffle-shirt#Navy,random,0.2939502205998621,1,0
Mae-Lee,baobab-sweater#Bark,the-uneven-hem-knit-1#Sage,hard,0.05263157894736842,1,0
Mae-Lee,baobab-sweater#Bark,renee-sweater#Sapphire,semi-hard,0.26825334604062806,1,0
Mae-Lee,baobab-sweater#Bark,marlow-cardigan#Cream,random,0.21384137418212565,1,0
Mae-Lee,belle-half-sleeve-forgiver-tunic#Apricot,fundamental-stripe-long-sleeve-tee#WhiteBlack,hard,0.20134646301995737,1,0
Mae-Lee,belle-half-sleeve-forgiver-tunic#Apricot,ashbury-cardigan#Mocha,semi-hard,0.26833926224983196,1,0
Mae-Lee,belle-half-sleeve-forgiver-tunic#Apricot,the-dobby-sleeve-tee#White,random,0.3079192938710826,1,0
Mae-Lee,belle-half-sleeve-forgiver-tunic#Black,fundamental-rib-long-sleeve-tee#Black,hard,0.19387628569930906,1,0
Mae-Lee,belle-half-sleeve-forgiver-tunic#Black,ruffle-sleeve-top-1#Black,semi-hard,0.2731338776343218,1,0
Mae-Lee,belle-half-sleeve-forgiver-tunic#Black,relaxed-animal-print-blouse#Leopard,random,0.3854209364508403,1,0
Mae-Lee,belle-half-sleeve-forgiver-tunic#BlueBonnet,belle-cowl-swing-sweater#Green,hard,0.20507414948709646,1,0
Mae-Lee,belle-half-sleeve-forgiver-tunic#BlueBonnet,gloria-applique-crew#Charcoal,semi-hard,0.2369470595687349,1,0
Mae-Lee,belle-half-sleeve-forgiver-tunic#BlueBonnet,the-ruffle-sleeve-sweat#KhakiMarle,random,0.3860889772087333,1,0
Mae-Lee,belle-half-sleeve-forgiver-tunic#FlamPink,mila-knit-cardigan#InkWhite,hard,0.19188221282078716,1,0
Mae-Lee,belle-half-sleeve-forgiver-tunic#FlamPink,the-relax-blouse#White,semi-hard,0.24826498121855528,1,0
Mae-Lee,belle-half-sleeve-forgiver-tunic#FlamPink,the-colour-block-pullover#Sage,random,0.3633759253625393,1,0
Mae-Lee,belle-half-sleeve-forgiver-tunic#MutedClay,natural-classic-cardigan#Pebble,hard,0.19398490559391793,1,0
Mae-Lee,belle-half-sleeve-forgiver-tunic#MutedClay,belle-drape-tee#Sliver,semi-hard,0.2719930265084822,1,0
Mae-Lee,belle-half-sleeve-forgiver-tunic#MutedClay,roll-with-me-jumper#Chalk,random,0.29449725763474355,1,0
Mae-Lee,belle-half-sleeve-forgiver-tunic#White,the-longline-cardi-1#GreyMarle,hard,0.18551926172147942,1,0
Mae-Lee,belle-half-sleeve-forgiver-tunic#White,seeker-knot-front-shirt#Olive,semi-hard,0.252609057785935,1,0
Mae-Lee,belle-half-sleeve-forgiver-tunic#White,fundamental-vee-tee#Black,random,0.2204787435755717,1,0
Mae-Lee,belle-lace-trim-tee#GreyMarle,belle-cowl-swing-sweater#Black,hard,0.20507414948709646,1,0
Mae-Lee,belle-lace-trim-tee#GreyMarle,the-crossover-2-way-blouse#Black,semi-hard,0.2550133124946561,1,0
Mae-Lee,belle-lace-trim-tee#GreyMarle,manhattan-stretch-tee#Black,random,0.23676076726284376,1,0
Mae-Lee,belle-off-the-shoulder-tee#Stripe,arlo-cardigan#Navy,hard,0.17326286844314587,1,0
Mae-Lee,belle-off-the-shoulder-tee#Stripe,milan-34-sleeve-1#Melange,semi-hard,0.2846663110350264,1,0
Mae-Lee,belle-off-the-shoulder-tee#Stripe,arya-frilled-blouse#Oyster,random,0.21855495753570736,1,0
Mae-Lee,belle-polka-dot-blouse#WhiteSpot,colourblock-cardi#NavyRed,hard,0.19057070555892286,1,0
Mae-Lee,belle-polka-dot-blouse#WhiteSpot,beloved-stripe-pull-over-hoodie#NavyWhite,semi-hard,0.28377407704985946,1,0
Mae-Lee,belle-polka-dot-blouse#WhiteSpot,robyn-top-1#Roanne,random,0.24717097060911372,1,0
Mae-Lee,belle-v-neck-forgiver-tunic#ArmyGreen,overlay-tunic-3-pce-set#Emerald,hard,0.1684731236383115,1,0
Mae-Lee,belle-v-neck-forgiver-tunic#ArmyGreen,back-to-you-top#BlackMagic,semi-hard,0.26576203888076083,1,0
Mae-Lee,belle-v-neck-forgiver-tunic#ArmyGreen,stripe-me-happy-blouse#Ash,random,0.3870043606125139,1,0
Mae-Lee,belle-v-neck-forgiver-tunic#Black,neptune-top-1#PrimBlack,hard,0.19943042367216485,1,0
Mae-Lee,belle-v-neck-forgiver-tunic#Black,ella-funnel-neck-top#Khaki,semi-hard,0.24074907167069068,1,0
Mae-Lee,belle-v-neck-forgiver-tunic#Black,the-shoulder-tie-top#Black,random,0.3642998736432478,1,0
Mae-Lee,belle-v-neck-forgiver-tunic#BlueMarle,meadow-cardigan#Cream,hard,0.17541389682762398,1,0
Mae-Lee,belle-v-neck-forgiver-tunic#BlueMarle,cross-over-top-with-pocket#NavyMustrd,semi-hard,0.29530661697324617,1,0
Mae-Lee,belle-v-neck-forgiver-tunic#BlueMarle,frost-cardigan#Mauvewoo,random,0.20999663515245245,1,0
Mae-Lee,belle-v-neck-forgiver-tunic#Charcoal,leah-knit-cardigan#WhiteBlk,hard,0.1736304034265092,1,0
Mae-Lee,belle-v-neck-forgiver-tunic#Charcoal,the-french-cuff-shirt#White,semi-hard,0.2496024913470492,1,0
Mae-Lee,belle-v-neck-forgiver-tunic#Charcoal,square-nk-fray-trim-top#Denim,random,0.2190336568703694,1,0
Mae-Lee,belle-v-neck-forgiver-tunic#DenimMarl,layer-me-bamboo-rouched-sleeve-tee#Copper,hard,0.19438227750498602,1,0
Mae-Lee,belle-v-neck-forgiver-tunic#DenimMarl,roll-neck-jumper-3#GreyMarl,semi-hard,0.23830927162727294,1,0
Mae-Lee,belle-v-neck-forgiver-tunic#DenimMarl,cascade-hood-top#Black,random,0.2646627973276967,1,0
Mae-Lee,belle-v-neck-forgiver-tunic#Navy,the-panel-luxe-top#BlkWhite,hard,0.19117710972432783,1,0
Mae-Lee,belle-v-neck-forgiver-tunic#Navy,bertie-top#Black,semi-hard,0.28845743969188886,1,0
Mae-Lee,belle-v-neck-forgiver-tunic#Navy,the-stitch-detail-top#SkyBlue,random,0.3677156073026729,1,0
Mae-Lee,belle-v-neck-forgiver-tunic#Scarlett,bo-cosy-cardigan#Storm,hard,0.19538286545579658,1,0
Mae-Lee,belle-v-neck-forgiver-tunic#Scarlett,block-vest#Blockvest,semi-hard,0.2906913427230312,1,0
Mae-Lee,belle-v-neck-forgiver-tunic#Scarlett,the-tie-front-tank#White,random,0.24449827571961147,1,0
Mae-Lee,belle-v-neck-forgiver-tunic#Tobacco,coogee-shirt#White,hard,0.19411127473599465,1,0
Mae-Lee,belle-v-neck-forgiver-tunic#Tobacco,the-stripe-jersey-top#Blue,semi-hard,0.25743283092159636,1,0
Mae-Lee,belle-v-neck-forgiver-tunic#Tobacco,frill-blouse#Rust,random,0.2186885369790454,1,0
Mae-Lee,belle-v-neck-forgiver-tunic#White,weekend-cardigan#Black,hard,0.18022301516195807,1,0
Mae-Lee,belle-v-neck-forgiver-tunic#White,striped-cardigan-3#Rainbow,semi-hard,0.277532775608976,1,0
Mae-Lee,belle-v-neck-forgiver-tunic#White,fundamental-split-hoodie-1#Lilac,random,0.33565741574740315,1,0
Mae-Lee,butterfly-kisses-tee#Green,stara-cardigan#GreyMarle,hard,0.1692682346237349,1,0
Mae-Lee,butterfly-kisses-tee#Green,monaco-sweater#BlackCream,semi-hard,0.2646901169959922,1,0
Mae-Lee,butterfly-kisses-tee#Green,sequin-spot-shirt#Blue,random,0.30904229753705237,1,0
Mae-Lee,butterfly-kisses-tee#MustardStr,always-mine-spliced-cardigan#GreyEmeral,hard,0.19827742896056727,1,0
Mae-Lee,butterfly-kisses-tee#MustardStr,saba-top-2#Catus,semi-hard,0.24766622402186023,1,0
Mae-Lee,butterfly-kisses-tee#MustardStr,multi-sequin-dot-stripe-top#Navy,random,0.19219420189154185,1,0
Mae-Lee,butterfly-kisses-tee#Stripe,daylight-cardi#Silver,hard,0.18013136032656174,1,0
Mae-Lee,butterfly-kisses-tee#Stripe,the-layered-cross-over-top#Black,semi-hard,0.2881455163478955,1,0
Mae-Lee,butterfly-kisses-tee#Stripe,natural-detailed-sweater#Tinroof,random,0.2691561159500815,1,0
Mae-Lee,cross-my-heart-sweater#Regal,eco-78-long-cardigan#DarkGreyM,hard,0.2073383502887526,1,0
Mae-Lee,cross-my-heart-sweater#Regal,mauevewood-crew#Charcoal,semi-hard,0.23987146982245053,1,0
Mae-Lee,cross-my-heart-sweater#Regal,monaco-knot-top#Olive,random,0.34452139250148855,1,0
Mae-Lee,crossing-the-plains-sweater-1#Indigo,fundamental-rib-long-sleeve-tee#White,hard,0.19387628569930906,1,0
Mae-Lee,crossing-the-plains-sweater-1#Indigo,geneva-v-neck-top#HeatheGrey,semi-hard,0.23903194869983674,1,0
Mae-Lee,crossing-the-plains-sweater-1#Indigo,runaway-top#SoftPink,random,0.3019114146013339,1,0
Mae-Lee,daisy-chain-tassel-blouse#DeepBlue,the-panel-luxe-top#SilvWhite,hard,0.19117710972432783,1,0
Mae-Lee,daisy-chain-tassel-blouse#DeepBlue,jordan-top#PearlBlue,semi-hard,0.25806281966210354,1,0
Mae-Lee,daisy-chain-tassel-blouse#DeepBlue,emerald-knit#Emerald,random,0.2324704733177181,1,0
Mae-Lee,delicado-top#White,the-wrap-jersey-top#JetBlack,hard,0.1732047387888866,1,0
Mae-Lee,delicado-top#White,layla-long-line-kimono#MultiStrip,semi-hard,0.2561304347487106,1,0
Mae-Lee,delicado-top#White,the-stitch-v-neck-knit#PinkMarle,random,0.4295777128415508,1,0
Mae-Lee,double-layered-top-1#WBlack,the-wrap-jersey-top#NavyWhite,hard,0.1732047387888866,1,0
Mae-Lee,double-layered-top-1#WBlack,2-in-1-layered-knit-top#Navy,semi-hard,0.28155291141176675,1,0
Mae-Lee,double-layered-top-1#WBlack,bubbles-print-tee#Cambridge,random,0.22565352481379247,1,0
Mae-Lee,double-layered-top-1#WSilver,spliced-stripe-tunic#Navy,hard,0.18791940133055987,1,0
Mae-Lee,double-layered-top-1#WSilver,the-stripe-jersey-top#Pink,semi-hard,0.25743283092159636,1,0
Mae-Lee,double-layered-top-1#WSilver,great-scot-merino-carcoat#Twilight,random,0.2090945874818932,1,0
Mae-Lee,falling-for-you-cardi#Black,eco-78-long-cardigan#LightGreyM,hard,0.2073383502887526,1,0
Mae-Lee,falling-for-you-cardi#Black,elina-lace-frill-blouse#Black,semi-hard,0.25649861340104657,1,0
Mae-Lee,falling-for-you-cardi#Black,floating-by-you-blouse#SeaFleur,random,0.3880439766608894,1,0
Mae-Lee,falling-for-you-cardi#Dusty,cuddled-longline-cardigan#Sunflower,hard,0.18314245284621625,1,0
Mae-Lee,falling-for-you-cardi#Dusty,driftwood-gathering-blouse#Khaki,semi-hard,0.27357773045330086,1,0
Mae-Lee,falling-for-you-cardi#Dusty,pure-merino-fine-rib-v-neck#Charcoal,random,0.2157291434677641,1,0
Mae-Lee,falling-for-you-cardi#GreyMarle,endeavor-long-sleeve-tee#Stripe,hard,0.05263157894736842,1,0
Mae-Lee,falling-for-you-cardi#GreyMarle,the-tie-front-tank#Navy,semi-hard,0.24449827571961147,1,0
Mae-Lee,falling-for-you-cardi#GreyMarle,2-in-1-layered-knit-top#PalePink,random,0.28155291141176675,1,0
Mae-Lee,falling-for-you-cardi#Khaki,layer-me-bamboo-rouched-sleeve-tee#White,hard,0.19438227750498602,1,0
Mae-Lee,falling-for-you-cardi#Khaki,long-sleeve-ruffle-shirt#Black,semi-hard,0.2939502205998621,1,0
Mae-Lee,falling-for-you-cardi#Khaki,celestial-woven-top#White,random,0.2410084476022542,1,0
Mae-Lee,falling-for-you-cardi#Mustard,the-frill-wrap-blouse#Spot,hard,0.18262854889834423,1,0
Mae-Lee,falling-for-you-cardi#Mustard,belle-tie-neck-blouse-tee#RoyalBlue,semi-hard,0.27961238997861443,1,0
Mae-Lee,falling-for-you-cardi#Mustard,the-tie-sleeve-blouse#Grey,random,0.20116808965558142,1,0
Mae-Lee,falling-for-you-cardi#Navy,the-reversible-cowl-neck-top-1#White,hard,0.2065583209508648,1,0
Mae-Lee,falling-for-you-cardi#Navy,analia-top#White,semi-hard,0.24960079831633603,1,0
Mae-Lee,falling-for-you-cardi#Navy,funnel-neck-knit-jumper#BlueMulti,random,0.24032388751835748,1,0
Mae-Lee,falling-for-you-cardi#Port,aztec-cardigan#Orange,hard,0.19338524106572508,1,0
Mae-Lee,falling-for-you-cardi#Port,luxe-shirt#Champagne,semi-hard,0.24418975581308477,1,0
Mae-Lee,falling-for-you-cardi#Port,cross-my-heart-bamboo-slouch-tee#White,random,0.5074520548660532,1,0
Mae-Lee,falling-for-you-cardi#Rust,heartmade-cardi#DustyRose,hard,0.17978339378654193,1,0
Mae-Lee,falling-for-you-cardi#Rust,foil-striped-2-in-1-top#Blue,semi-hard,0.29563381990053905,1,0
Mae-Lee,falling-for-you-cardi#Rust,llama-long-sleeve-shirt#Mustard,random,0.2810764664294689,1,0
Mae-Lee,falling-for-you-cardi#Teal,the-wrap-jersey-top#PortSpot,hard,0.1732047387888866,1,0
Mae-Lee,falling-for-you-cardi#Teal,nova-lux-long-sleeve-tie-top-1#CloudDance,semi-hard,0.24790322112442514,1,0
Mae-Lee,falling-for-you-cardi#Teal,the-luxe-cotton-tunic#White,random,0.32034110176509806,1,0
Mae-Lee,falling-for-you-top#Blue,fluid-tunic-top#White,hard,0.2074953783207902,1,0
Mae-Lee,falling-for-you-top#Blue,paisley-top-1#Paisley,semi-hard,0.25358422534520736,1,0
Mae-Lee,falling-for-you-top#Blue,manhattan-stretch-tee#NavyWhtStr,random,0.23676076726284376,1,0
Mae-Lee,for-the-frill-top#Ivory,the-cross-over-poncho#Navy,hard,0.20451894420229497,1,0
Mae-Lee,for-the-frill-top#Ivory,malibu-cardigan#Navy,semi-hard,0.25203281540464123,1,0
Mae-Lee,for-the-frill-top#Ivory,belle-poncho-sleeved-knit#BlueMarle,random,0.42929673471444385,1,0
Mae-Lee,layer-top-1#Navy,york-linen-blend-long-cardigan#BurntOrang,hard,0.1569885914479457,1,0
Mae-Lee,layer-top-1#Navy,2-in-1-layered-top-1#NavyWhite,semi-hard,0.2806063100628143,1,0
Mae-Lee,layer-top-1#Navy,woolly-spotted-hoodie#Navy,random,0.2945557091234891,1,0
Mae-Lee,layered-tee-2#Black,layer-me-bamboo-rouched-sleeve-tee#Fern,hard,0.19438227750498602,1,0
Mae-Lee,layered-tee-2#Black,dusk-top#DuskPrint,semi-hard,0.243946284246793,1,0
Mae-Lee,layered-tee-2#Black,sequin-cross-2-in-1-top#Navy,random,0.2058425882505971,1,0
Mae-Lee,layered-tee-2#White,collared-shirt-1#White,hard,0.20488211855501282,1,0
Mae-Lee,layered-tee-2#White,out-of-my-mind-scallop-knit#GreyMarle,semi-hard,0.29314279226827733,1,0
Mae-Lee,layered-tee-2#White,runaway-top#JetBlack,random,0.3019114146013339,1,0
Mae-Lee,long-sleeve-softly-swinging-bamboo-tee#Black,st-helens-henley-tee#Sapphire,hard,0.207873701558765,1,0
Mae-Lee,long-sleeve-softly-swinging-bamboo-tee#Black,the-half-sleeve-tee#White,semi-hard,0.25325906599135456,1,0
Mae-Lee,long-sleeve-softly-swinging-bamboo-tee#Black,the-pocket-tee#NavyStripe,random,0.32740229242493063,1,0
Mae-Lee,long-sleeve-softly-swinging-bamboo-tee#BlueJeans,butterfly-blouse-1#Ivory,hard,0.13442005688474407,1,0
Mae-Lee,long-sleeve-softly-swinging-bamboo-tee#BlueJeans,bertie-top#BlkCherry,semi-hard,0.28845743969188886,1,0
Mae-Lee,long-sleeve-softly-swinging-bamboo-tee#BlueJeans,floral-embroidered-jumper#Navy,random,0.34070065507188574,1,0
Mae-Lee,long-sleeve-softly-swinging-bamboo-tee#Cashew,mila-knit-cardigan#Black,hard,0.19188221282078716,1,0
Mae-Lee,long-sleeve-softly-swinging-bamboo-tee#Cashew,lake-house-top#CoalPrint,semi-hard,0.24337191394497587,1,0
Mae-Lee,long-sleeve-softly-swinging-bamboo-tee#Cashew,nova-lux-long-sleeve-tie-top#AidaStripe,random,0.24790322112442514,1,0
Mae-Lee,long-sleeve-softly-swinging-bamboo-tee#Combat,aztec-cardigan#BlackIvory,hard,0.19338524106572508,1,0
Mae-Lee,long-sleeve-softly-swinging-bamboo-tee#Combat,first-mix-top-1#BlackWhite,semi-hard,0.29536730770475567,1,0
Mae-Lee,long-sleeve-softly-swinging-bamboo-tee#Combat,crosses-jumper#xmyheart,random,0.32745754218937345,1,0
Mae-Lee,long-sleeve-softly-swinging-bamboo-tee#Copper,mila-knit-cardigan#Clay,hard,0.19188221282078716,1,0
Mae-Lee,long-sleeve-softly-swinging-bamboo-tee#Copper,high-street-knit#NavyStripe,semi-hard,0.2508108959848528,1,0
Mae-Lee,long-sleeve-softly-swinging-bamboo-tee#Copper,placement-print-shirt#WhiteNavy,random,0.27686357216734025,1,0
Mae-Lee,long-sleeve-softly-swinging-bamboo-tee#DuckEgg,the-reversible-cowl-neck-top-1#Black,hard,0.2065583209508648,1,0
Mae-Lee,long-sleeve-softly-swinging-bamboo-tee#DuckEgg,the-zip-front-top#Rose,semi-hard,0.25199186536591867,1,0
Mae-Lee,long-sleeve-softly-swinging-bamboo-tee#DuckEgg,falling-for-you-cardi-1#GreyGarden,random,0.32947976878612717,1,0
Mae-Lee,long-sleeve-softly-swinging-bamboo-tee#Fern,born-to-run-shirt-jacket#Leopard,hard,0.18231255049515097,1,0
Mae-Lee,long-sleeve-softly-swinging-bamboo-tee#Fern,elcos-45-aop-top-jrs#BlackFlowe,semi-hard,0.23629383075201224,1,0
Mae-Lee,long-sleeve-softly-swinging-bamboo-tee#Fern,spliced-lace-panel-tee#White,random,0.2712181110148146,1,0
Mae-Lee,long-sleeve-softly-swinging-bamboo-tee#Navy,forget-me-knot-tunic#ForgetMeK,hard,0.18177641956976331,1,0
Mae-Lee,long-sleeve-softly-swinging-bamboo-tee#Navy,moonlight-kisses-bamboo-tee#Black,semi-hard,0.28000741234683646,1,0
Mae-Lee,long-sleeve-softly-swinging-bamboo-tee#Navy,ivy-cosy-pullover#Blossom,random,0.3252175469673917,1,0
Mae-Lee,long-sleeve-softly-swinging-bamboo-tee#Oyster,natural-tie-tunic#BlueSky,hard,0.20573242793223806,1,0
Mae-Lee,long-sleeve-softly-swinging-bamboo-tee#Oyster,cara-tee-2#BlackSpot,semi-hard,0.2662854006829382,1,0
Mae-Lee,long-sleeve-softly-swinging-bamboo-tee#Oyster,kimono-and-me-cardi#Sand,random,0.21111613414663355,1,0
Mae-Lee,long-sleeve-softly-swinging-bamboo-tee#SilverScon,merino-boyfriend-cardigan#MelangeStr,hard,0.20747192973209067,1,0
Mae-Lee,long-sleeve-softly-swinging-bamboo-tee#SilverScon,the-zip-front-top#Blue,semi-hard,0.25199186536591867,1,0
Mae-Lee,long-sleeve-softly-swinging-bamboo-tee#SilverScon,the-multi-stripe-cardi#Stripe,random,0.37493555377733695,1,0
Mae-Lee,long-sleeve-softly-swinging-bamboo-tee#Smoke,the-cross-over-poncho#Grey,hard,0.20451894420229497,1,0
Mae-Lee,long-sleeve-softly-swinging-bamboo-tee#Smoke,wildflower-shirt#White,semi-hard,0.25970865856068037,1,0
Mae-Lee,long-sleeve-softly-swinging-bamboo-tee#Smoke,the-daily-cross-over-top#SkyBlue,random,0.38979312442957104,1,0
Mae-Lee,long-sleeve-softly-swinging-bamboo-tee#Storm,everyday-linen-tunic#BotanicalB,hard,0.19232286769286358,1,0
Mae-Lee,long-sleeve-softly-swinging-bamboo-tee#Storm,belle-longline-white-shirt#White,semi-hard,0.24904429662782912,1,0
Mae-Lee,long-sleeve-softly-swinging-bamboo-tee#Storm,animal-button-up-shirt#KhakiPrint,random,0.22440579517477813,1,0
Mae-Lee,long-sleeve-softly-swinging-bamboo-tee#TeaRose,sequin-cross-2-in-1-top#Khaki,hard,0.2058425882505971,1,0
Mae-Lee,long-sleeve-softly-swinging-bamboo-tee#TeaRose,cover-up-slouch-cardi#Alloy,semi-hard,0.25245202975389747,1,0
Mae-Lee,long-sleeve-softly-swinging-bamboo-tee#TeaRose,sadie-crew#GreyMarle,random,0.352925553143882,1,0
Mae-Lee,long-sleeve-softly-swinging-bamboo-tee#White,aida-long-tunic-shirt#AidaStripe,hard,0.1938021912413769,1,0
Mae-Lee,long-sleeve-softly-swinging-bamboo-tee#White,wellington-tee#ClaySpot,semi-hard,0.2528450803192808,1,0
Mae-Lee,long-sleeve-softly-swinging-bamboo-tee#White,curve-hem-cable-knit-sweater-1#Sapphire,random,0.22234380011004504,1,0
Mae-Lee,lurex-stitch-top#White,leary-cardigan#Pine,hard,0.1949059656745298,1,0
Mae-Lee,lurex-stitch-top#White,layered-tunic-1#White,semi-hard,0.25913344967604685,1,0
Mae-Lee,lurex-stitch-top#White,capri-tank-3#Navy,random,0.22288717608877467,1,0
Mae-Lee,natural-extra-fine-sweater#Snowgum,raspberry-ls-tee#WhiteRaspb,hard,0.1988678161941783,1,0
Mae-Lee,natural-extra-fine-sweater#Snowgum,first-love-kimono-jacket#Stone,semi-hard,0.2349624060150376,1,0
Mae-Lee,natural-extra-fine-sweater#Snowgum,2-in-1-layered-top-1#PinkWhite,random,0.2806063100628143,1,0
Mae-Lee,nuzuri-longline-cardi#Forest,art-deco-print-top#NavyWhite,hard,0.1812989871750861,1,0
Mae-Lee,nuzuri-longline-cardi#Forest,walk-in-the-park-cardi#Sand,semi-hard,0.239398561997582,1,0
Mae-Lee,nuzuri-longline-cardi#Forest,natural-overlay-knit#Greybloss,random,0.3104051071802821,1,0
Mae-Lee,on-safari-blouse#Jewel,the-wrap-jersey-top#Charcoal,hard,0.1732047387888866,1,0
Mae-Lee,on-safari-blouse#Jewel,layered-sleeve-top#Moss,semi-hard,0.2816312826420628,1,0
Mae-Lee,on-safari-blouse#Jewel,prickly-cactus-crew#Pink,random,0.23988122458040173,1,0
Mae-Lee,oregon-safari-embroidered-top#White,janet-frill-shirt#White,hard,0.2089005484839302,1,0
Mae-Lee,oregon-safari-embroidered-top#White,magnolia-fields-keyhole-blouse#Magnolia,semi-hard,0.24178349303848434,1,0
Mae-Lee,oregon-safari-embroidered-top#White,relaxed-cape#WhiteBlack,random,0.4295573722976321,1,0
Mae-Lee,panelled-stripe-top#NavyWhite,34-sleeve-shirt-1#SkyWhite,hard,0.20216156098465252,1,0
Mae-Lee,panelled-stripe-top#NavyWhite,rory-spliced-zip-hoodie#Slate,semi-hard,0.23666239923203583,1,0
Mae-Lee,panelled-stripe-top#NavyWhite,wrap-me-up-bamboo-top#BlueJeans,random,0.2461266720956065,1,0
Mae-Lee,pocket-shirt-1#Ivory,st-helens-henley-tee#White,hard,0.207873701558765,1,0
Mae-Lee,pocket-shirt-1#Ivory,the-panel-hem-top#DenimMarle,semi-hard,0.2461403001995936,1,0
Mae-Lee,pocket-shirt-1#Ivory,rib-tank-2#Mustard,random,0.2188396178724064,1,0
Mae-Lee,relaxed-top-1#FloraStrip,bo-cosy-cardigan#Blossom,hard,0.19538286545579658,1,0
Mae-Lee,relaxed-top-1#FloraStrip,geneva-v-neck-top#Olive,semi-hard,0.23903194869983674,1,0
Mae-Lee,relaxed-top-1#FloraStrip,the-contrast-knit-1#Sage,random,0.31013498983386806,1,0
Mae-Lee,reversible-scoopv-neck-tank#Black,the-longline-cardi-1#Nude,hard,0.18551926172147942,1,0
Mae-Lee,reversible-scoopv-neck-tank#Black,the-half-sleeve-tee#Black,semi-hard,0.25325906599135456,1,0
Mae-Lee,reversible-scoopv-neck-tank#Black,maui-stretch-tee#Black,random,0.24335047342215566,1,0
Mae-Lee,reversible-scoopv-neck-tank#Navy,starry-night-cardi#Chalk,hard,0.173511814217625,1,0
Mae-Lee,reversible-scoopv-neck-tank#Navy,natural-cross-back-knit#Lightsmoke,semi-hard,0.286738891885727,1,0
Mae-Lee,reversible-scoopv-neck-tank#Navy,cotton-modal-print-top#PinkNavy,random,0.22620838559970718,1,0
Mae-Lee,reversible-scoopv-neck-tank#White,layer-me-bamboo-rouched-sleeve-tee#Black,hard,0.19438227750498602,1,0
Mae-Lee,reversible-scoopv-neck-tank#White,laurina-stripe-pullover#NightSky,semi-hard,0.23492961062759482,1,0
Mae-Lee,reversible-scoopv-neck-tank#White,ines-top#NavyStrip,random,0.2434567966575195,1,0
Mae-Lee,shirt-in-a-box#Silver,birds-tee-1#Navy,hard,0.20221614592668233,1,0
Mae-Lee,shirt-in-a-box#Silver,wonderland-blouse#Ink,semi-hard,0.267065430776306,1,0
Mae-Lee,shirt-in-a-box#Silver,long-sleeve-check-top#Check,random,0.3985650542541324,1,0
Mae-Lee,soft-and-true-tunic#Pine,mila-knit-cardigan#StoneBlack,hard,0.19188221282078716,1,0
Mae-Lee,soft-and-true-tunic#Pine,je-taime-knit#Navy,semi-hard,0.2945557091234891,1,0
Mae-Lee,soft-and-true-tunic#Pine,the-blouson-sleeve-jumper#Grey,random,0.33022775443918695,1,0
Mae-Lee,softly-swinging-bamboo-tee#Black,geena-xo-ls-pullover-knit#WhiteCapGr,semi-hard,0.2565361479146222,1,0
Mae-Lee,softly-swinging-bamboo-tee#Black,summer-haze-top#Teal,random,0.396562382502082,1,0
Mae-Lee,softly-swinging-bamboo-tee#BlueJeans,moonlight-kisses-bamboo-tee#Saffron,semi-hard,0.28000741234683646,1,0
Mae-Lee,softly-swinging-bamboo-tee#BlueJeans,belle-flocked-tunic#White,random,0.5046788388277008,1,0
Mae-Lee,softly-swinging-bamboo-tee#Blush,moonlight-kisses-bamboo-tee#Combat,semi-hard,0.28000741234683646,1,0
Mae-Lee,softly-swinging-bamboo-tee#Blush,the-bonded-cotton-shirt#Pink,random,0.36563094934845564,1,0
Mae-Lee,softly-swinging-bamboo-tee#Cashew,in-transit-cardi#Navy,semi-hard,0.26575739267866977,1,0
Mae-Lee,softly-swinging-bamboo-tee#Cashew,triangle-detail-long-sleeve-tee#Navy,random,0.30047952613199025,1,0
Mae-Lee,softly-swinging-bamboo-tee#Chambray,mixed-messages-jumper#MixedStrip,semi-hard,0.26108295376657525,1,0
Mae-Lee,softly-swinging-bamboo-tee#Chambray,layered-tunic-1#Natural,random,0.25913344967604685,1,0
Mae-Lee,softly-swinging-bamboo-tee#Copper,niue-neck-tie-shirt#LightBlue,semi-hard,0.26526078846765677,1,0
Mae-Lee,softly-swinging-bamboo-tee#Copper,the-weekender-shirt#DenimStrip,random,0.30075500436458935,1,0
Mae-Lee,softly-swinging-bamboo-tee#Jewel,drapey-stripe-tee#Navy,semi-hard,0.25770871106956333,1,0
Mae-Lee,softly-swinging-bamboo-tee#Jewel,multi-stripe-jumper#NavyMulti,random,0.24630808702252205,1,0
Mae-Lee,softly-swinging-bamboo-tee#Navy,the-roll-neck-sleeveless-top-1#Black,semi-hard,0.29611936237317527,1,0
Mae-Lee,softly-swinging-bamboo-tee#Navy,the-wrap-jersey-top-1#NavyStripe,random,0.22021255925811475,1,0
Mae-Lee,softly-swinging-bamboo-tee#Starfish,cable-knit-sweater#Camel,semi-hard,0.24366833710550548,1,0
Mae-Lee,softly-swinging-bamboo-tee#Starfish,henson-jumper#Cream,random,0.33498977463843804,1,0
Mae-Lee,softly-swinging-bamboo-tee#Storm,wellington-tee#Olive,semi-hard,0.2528450803192808,1,0
Mae-Lee,softly-swinging-bamboo-tee#Storm,natural-textured-poncho#Deeprain,random,0.5606936416184971,1,0
Mae-Lee,softly-swinging-bamboo-tee#TeaRose,dahlia-lace-trim-blouse#Dusk,semi-hard,0.24832450246700186,1,0
Mae-Lee,softly-swinging-bamboo-tee#TeaRose,square-peg-pullover#SilverMix,random,0.233956510061643,1,0
Mae-Lee,softly-swinging-bamboo-tee#White,geena-xo-ls-pullover-knit#Allure,semi-hard,0.2565361479146222,1,0
Mae-Lee,softly-swinging-bamboo-tee#White,beach-walk-shirt#Khaki,random,0.5004563431700639,1,0
Mae-Lee,sugar-snaps-layers-tank#Black,heart-spliced-top#Navy,semi-hard,0.24417656815394634,1,0
Mae-Lee,sugar-snaps-layers-tank#Black,adventurous-hoody#Pink,random,0.3735344269432362,1,0
Mae-Lee,sugar-snaps-layers-tank#Blue,long-sleeve-layer-top#White,semi-hard,0.26246932758694685,1,0
Mae-Lee,sugar-snaps-layers-tank#Blue,york-linen-blend-top#BurntOrang,random,0.23802357779391362,1,0
Mae-Lee,sugar-snaps-layers-tank#DeepCobalt,manhattan-stretch-tee#White,semi-hard,0.23676076726284376,1,0
Mae-Lee,sugar-snaps-layers-tank#DeepCobalt,wrap-me-up-bamboo-top#Black,random,0.2461266720956065,1,0
Mae-Lee,sugar-snaps-layers-tank#DuckEgg,ponte-spot-top#BlackWhite,semi-hard,0.28074064649712716,1,0
Mae-Lee,sugar-snaps-layers-tank#DuckEgg,falling-for-you-tunic#Rust,random,0.2094092532183403,1,0
Mae-Lee,sugar-snaps-layers-tank#Mint,2-in-1-jumper#Navy,semi-hard,0.23909240825446168,1,0
Mae-Lee,sugar-snaps-layers-tank#Mint,natural-pattern-cocoon-cardigan#Blossom,random,0.40544663256236474,1,0
Mae-Lee,sugar-snaps-layers-tank#NewBeige,cross-over-top-with-pocket#Emerald,semi-hard,0.29530661697324617,1,0
Mae-Lee,sugar-snaps-layers-tank#NewBeige,shell-top-3#PapBlue,random,0.29577265597382013,1,0
Mae-Lee,sugar-snaps-layers-tank#PeachyKeen,yvette-blouse#Black,semi-hard,0.25567673878061864,1,0
Mae-Lee,sugar-snaps-layers-tank#PeachyKeen,pulkari-emb-top#Pulkari,random,0.22720002111234228,1,0
Mae-Lee,sugar-snaps-layers-tank#Red,the-midi-waterfall-cardi#BlueMarle,semi-hard,0.26556926455634267,1,0
Mae-Lee,sugar-snaps-layers-tank#Red,the-tie-front-top#Black,random,0.21941886555319912,1,0
Mae-Lee,sugar-snaps-layers-tank#SeaGreen,you-at-my-shoulder-tunic#Black,semi-hard,0.2380083155866545,1,0
Mae-Lee,sugar-snaps-layers-tank#SeaGreen,linen-v-neck-cami-2#BlueWhite,random,0.2674694433567043,1,0
Mae-Lee,sugar-snaps-layers-tank#White,maui-stretch-tee#NavyWhtStr,semi-hard,0.24335047342215566,1,0
Mae-Lee,sugar-snaps-layers-tank#White,the-contrast-trim-knit#BlackWhite,random,0.3243078795254031,1,0
Mae-Lee,the-bamboo-tunic-dress#Khaki,the-cascade-blouse#Auburn,semi-hard,0.29434614047834173,1,0
Mae-Lee,the-bamboo-tunic-dress#Khaki,sandy-off-the-shoulder-top#Gingham,random,0.2525164283813196,1,0
Mae-Lee,the-batwing-tee#Black,maui-stretch-tee#White,semi-hard,0.24335047342215566,1,0
Mae-Lee,the-batwing-tee#Black,still-the-one-ruffle-blouse#Spot,random,0.23351772726904327,1,0
Mae-Lee,the-batwing-tee#FrenchBlue,hacienda-tunic-5#PatchGold,semi-hard,0.26985358869839127,1,0
Mae-Lee,the-batwing-tee#FrenchBlue,belle-half-sleeve-boat-tee#White,random,0.2115400672240622,1,0
Mae-Lee,the-batwing-tee#Sea,holly-rib-long-sleeve-tee#Black,semi-hard,0.29547215775409064,1,0
Mae-Lee,the-batwing-tee#Sea,jade-kimono-sweet-blossoms#Blue,random,0.2899476391306954,1,0
Mae-Lee,the-batwing-tee#Stone,floral-blouse-2#NavyMulti,semi-hard,0.2429966322695407,1,0
Mae-Lee,the-batwing-tee#Stone,marquax-tunic#OnyxSpeck,random,0.28923566267706136,1,0
Mae-Lee,the-button-up-swing-tunic#Wine,belle-square-neck-drape-tee#Vanilla,semi-hard,0.2665632299693434,1,0
Mae-Lee,the-button-up-swing-tunic#Wine,love-song-relaxed-blouse#SagePearl,random,0.34294299379287346,1,0
Mae-Lee,the-cape-jersey-top#DarkNavy,fundamental-split-hoodie#Pink,semi-hard,0.27823944859290606,1,0
Mae-Lee,the-cape-jersey-top#DarkNavy,billow-top#Peach,random,0.4749795444720231,1,0
Mae-Lee,the-cotton-bamboo-tank#Chambray,napoleon-top-1#NemoBlue,semi-hard,0.25965898726066683,1,0
Mae-Lee,the-cotton-bamboo-tank#Chambray,capri-tank-3#Black,random,0.22288717608877467,1,0
Mae-Lee,the-cotton-bamboo-tank#DarkNavy,linen-cotton-shirt#White,semi-hard,0.24679958267767488,1,0
Mae-Lee,the-cotton-bamboo-tank#DarkNavy,hannah-tee-1#Black,random,0.21152052144511915,1,0
Mae-Lee,the-cotton-bamboo-tank#DuckEgg,longline-cardigan-2#Pink,semi-hard,0.23489785326969245,1,0
Mae-Lee,the-cotton-bamboo-tank#DuckEgg,belle-twist-front-tee-1#Black,random,0.22982553098655978,1,0
Mae-Lee,the-cotton-bamboo-tank#Moonbeam,soho-ruffle-jumper#OatmealMar,semi-hard,0.2673447211610599,1,0
Mae-Lee,the-cotton-bamboo-tank#Moonbeam,fundamental-split-hoodie#Navy,random,0.27823944859290606,1,0
Mae-Lee,the-cotton-bamboo-tank#White,napoleon-top-1#NemoRed,semi-hard,0.25965898726066683,1,0
Mae-Lee,the-cotton-bamboo-tank#White,relaxed-cape#Black,random,0.4295573722976321,1,0
Mae-Lee,the-cotton-bamboo-tee#BlueJeans,wellington-tee#HeatheGrey,semi-hard,0.2528450803192808,1,0
Mae-Lee,the-cotton-bamboo-tee#BlueJeans,skipping-stones-tunic#Forest,random,0.3410351521587216,1,0
Mae-Lee,the-cotton-bamboo-tee#DuckEgg,the-panel-hem-top#Khaki,semi-hard,0.2461403001995936,1,0
Mae-Lee,the-cotton-bamboo-tee#DuckEgg,the-shoulder-tie-top#White,random,0.3642998736432478,1,0
Mae-Lee,the-cotton-bamboo-tee#DustyPink,foil-spot-tee-1#Navy,semi-hard,0.24324137606417745,1,0
Mae-Lee,the-cotton-bamboo-tee#DustyPink,arizona-off-the-shoulder-top#Khaki,random,0.2583474799988026,1,0
Mae-Lee,the-cotton-bamboo-tee#White,holly-rib-long-sleeve-tee#WhiteGrey,semi-hard,0.29547215775409064,1,0
Mae-Lee,the-cotton-bamboo-tee#White,messina-knit#Cognac,random,0.4066096698697992,1,0
Mae-Lee,the-cross-over-blouse#Black,soho-v-neck-blouse#SohoPrint,semi-hard,0.2666396241084406,1,0
Mae-Lee,the-cross-over-blouse#Black,ava-short-sleeve-linen-tee#Navy,random,0.21430205531843455,1,0
Mae-Lee,the-cross-over-blouse#Blue,luxe-shirt#Black,semi-hard,0.24418975581308477,1,0
Mae-Lee,the-cross-over-blouse#Blue,printed-v-neck-blouse#NavyWhite,random,0.21874595497113072,1,0
Mae-Lee,the-cross-over-blouse#Mint,dream-girl-ruffle-jumper#SoftPink,semi-hard,0.2926336637095789,1,0
Mae-Lee,the-cross-over-blouse#Mint,horizontal-cabel-pullover#EnglishRos,random,0.22269514515669103,1,0
Mae-Lee,the-cross-over-blouse#Red,true-love-bell-blouse#Jade,semi-hard,0.2750303780024914,1,0
Mae-Lee,the-cross-over-blouse#Red,side-buttoned-sweater#Buttoned,random,0.302073826183957,1,0
Mae-Lee,the-cross-over-blouse#RoyalBlue,nova-lux-long-sleeve-tie-top-1#SimplyGree,semi-hard,0.24790322112442514,1,0
Mae-Lee,the-cross-over-blouse#RoyalBlue,rory-spliced-zip-hoodie#Silver,random,0.23666239923203583,1,0
Mae-Lee,the-cross-over-blouse#Silver,milan-stretch-top#SilverMarl,semi-hard,0.2846663110350264,1,0
Mae-Lee,the-cross-over-blouse#Silver,fundamental-sydney-crew#GreyMarle,random,0.227276182563595,1,0
Mae-Lee,the-cross-over-blouse#Sunshine,rika-top#BatikTile,semi-hard,0.28230347476263706,1,0
Mae-Lee,the-cross-over-blouse#Sunshine,alberta-stripe-top#IvoryStrip,random,0.2313345290345747,1,0
Mae-Lee,the-cross-over-blouse#White,layered-tunic-1#PalePink,semi-hard,0.25913344967604685,1,0
Mae-Lee,the-cross-over-blouse#White,ynes#Black,random,0.28192251338845065,1,0
Mae-Lee,the-cut-out-shoulder-blouse#Black,geneva-v-neck-top#ClaySpot,semi-hard,0.23903194869983674,1,0
Mae-Lee,the-cut-out-shoulder-blouse#Black,back-to-you-top#Rust,random,0.26576203888076083,1,0
Mae-Lee,the-cut-out-shoulder-blouse#Blue,the-layered-cross-over-top#Navy,semi-hard,0.2881455163478955,1,0
Mae-Lee,the-cut-out-shoulder-blouse#Blue,melbourne-stretch-cardigan#Navy,random,0.2102563034547817,1,0
Mae-Lee,the-cut-out-shoulder-blouse#Clay,milan-stretch-top#NavyWhtStr,semi-hard,0.2846663110350264,1,0
Mae-Lee,the-cut-out-shoulder-blouse#Clay,the-sleeve-detail-knit#Ivory,random,0.30650689980804097,1,0
Mae-Lee,the-cut-out-shoulder-blouse#Salmon,belle-tie-neck-blouse-tee#White,semi-hard,0.27961238997861443,1,0
Mae-Lee,the-cut-out-shoulder-blouse#Salmon,jade-kimono-kaleidoscope#Blue,random,0.2899476391306954,1,0
Mae-Lee,the-cut-out-shoulder-blouse#Silver,belle-petal-print-top#Petal,semi-hard,0.25363493014188115,1,0
Mae-Lee,the-cut-out-shoulder-blouse#Silver,the-contrast-panel-top#BlkStripe,random,0.3591927796369537,1,0
Mae-Lee,the-cut-out-shoulder-blouse#White,luxe-shirt#Navy,semi-hard,0.24418975581308477,1,0
Mae-Lee,the-cut-out-shoulder-blouse#White,annabelle-sweater#Midnight,random,0.5113874922934238,1,0
Mae-Lee,the-design-fold-tunic-top#PearlBlue,manhattan-stretch-tee#Navy,semi-hard,0.23676076726284376,1,0
Mae-Lee,the-design-fold-tunic-top#PearlBlue,rising-mist-jumper#Nickel,random,0.6589595375722543,1,0
Mae-Lee,the-drape-tee-1#Black,westward-top#BotanicalD,semi-hard,0.2463655050146074,1,0
Mae-Lee,the-drape-tee-1#Black,capri-tank-3#White,random,0.22288717608877467,1,0
Mae-Lee,the-drape-tee-1#Navy,belle-drape-tee#Black,semi-hard,0.2719930265084822,1,0
Mae-Lee,the-drape-tee-1#Navy,ruffle-top-4#Terracotta,random,0.2151420931893785,1,0
Mae-Lee,the-drape-tee-1#NavyStripe,milan-stretch-top#White,semi-hard,0.2846663110350264,1,0
Mae-Lee,the-drape-tee-1#NavyStripe,the-stripe-pocket-tank#Stripe,random,0.29345490977063454,1,0
Mae-Lee,the-drape-tee-1#Stripe,softly-swinging-bamboo-singlet#Cashew,semi-hard,0.2539744700578158,1,0
Mae-Lee,the-drape-tee-1#Stripe,melbourne-stretch-cardigan#Black,random,0.2102563034547817,1,0
Mae-Lee,the-drape-tee-1#White,foil-print-top-2#Navy,semi-hard,0.2395633608970519,1,0
Mae-Lee,the-drape-tee-1#White,sparkly-star-tee#Blue,random,0.21617668680661553,1,0
Mae-Lee,the-long-sleeve-scoop-neck-tee#Black,jewel-knit#GreyMarle,semi-hard,0.2756691469317306,1,0
Mae-Lee,the-long-sleeve-scoop-neck-tee#Black,the-define-flute-sleeve-blouse#White,random,0.27474135703514685,1,0
Mae-Lee,the-long-sleeve-scoop-neck-tee#Grey,maui-stretch-tee#Navy,semi-hard,0.24335047342215566,1,0
Mae-Lee,the-long-sleeve-scoop-neck-tee#Grey,leopard-print-kimono#GoldMulti,random,0.4066401126924758,1,0
Mae-Lee,the-long-sleeve-scoop-neck-tee#Navy,knit-hoodie-1#Sage,semi-hard,0.2786274676613909,1,0
Mae-Lee,the-long-sleeve-scoop-neck-tee#Navy,the-cosy-cardigan#Blue,random,0.3556180914714532,1,0
Mae-Lee,the-long-sleeve-scoop-neck-tee#White,geneva-v-neck-top#Black,semi-hard,0.23903194869983674,1,0
Mae-Lee,the-long-sleeve-scoop-neck-tee#White,the-spotted-tunic#NavySpot,random,0.3862093206422119,1,0
Mae-Lee,the-long-sleeve-v-neck-tee#Black,indi-crosover-front-blouse#MixedStrip,semi-hard,0.27029036946895174,1,0
Mae-Lee,the-long-sleeve-v-neck-tee#Black,the-contrast-knit-1#Navy,random,0.31013498983386806,1,0
Mae-Lee,the-long-sleeve-v-neck-tee#Navy,ally-long-sleeve-tee#CosmosPr,semi-hard,0.2883295988747433,1,0
Mae-Lee,the-long-sleeve-v-neck-tee#Navy,vivian-blouse#Check,random,0.2255531487171052,1,0
Mae-Lee,the-long-sleeve-v-neck-tee#White,milan-stretch-top#Navy,semi-hard,0.2846663110350264,1,0
Mae-Lee,the-long-sleeve-v-neck-tee#White,flying-free-top-3#WhiteBird,random,0.30125858769997915,1,0
Mae-Lee,the-on-or-off-the-shoulder-top#FrenchNavy,the-roll-neck-sweater#Natural,semi-hard,0.27105420811464226,1,0
Mae-Lee,the-on-or-off-the-shoulder-top#FrenchNavy,sky-shirt#Clouds,random,0.42046575959384525,1,0
Mae-Lee,the-on-or-off-the-shoulder-top#Pink,2-in-1-layered-knit-top#Khaki,semi-hard,0.28155291141176675,1,0
Mae-Lee,the-on-or-off-the-shoulder-top#Pink,irena-embroidered-blouse#DustyRose,random,0.22635275329765664,1,0
Mae-Lee,the-printed-v-split-top#Natural,moonlight-kisses-bamboo-tee#White,semi-hard,0.28000741234683646,1,0
Mae-Lee,the-printed-v-split-top#Natural,the-dobby-sleeve-tee#InkBlue,random,0.3079192938710826,1,0
Mae-Lee,the-relaxed-long-sleeve-tee#Black,paradising-buttoned-shirt#Wheat,semi-hard,0.2481703800111012,1,0
Mae-Lee,the-relaxed-long-sleeve-tee#Black,aigli-top#Navy,random,0.21664660595254548,1,0
Mae-Lee,the-relaxed-long-sleeve-tee#Khaki,the-open-sleeve-blouse#Berry,semi-hard,0.2828696405514934,1,0
Mae-Lee,the-relaxed-long-sleeve-tee#Khaki,belle-ls-free-fall-tee#Airforce,random,0.3718358751821062,1,0
Mae-Lee,the-relaxed-long-sleeve-tee#Navy,holly-rib-long-sleeve-tee#Khaki,semi-hard,0.29547215775409064,1,0
Mae-Lee,the-relaxed-long-sleeve-tee#Navy,lola-bell-sleeve-top-entangled-vines#Gold,random,0.3003226643055559,1,0
Mae-Lee,the-relaxed-long-sleeve-tee#Pink,softly-swinging-bamboo-singlet#BlueJean,semi-hard,0.2539744700578158,1,0
Mae-Lee,the-relaxed-long-sleeve-tee#Pink,the-ultimate-tie-cardi#Black,random,0.22549572392569972,1,0
Mae-Lee,the-relaxed-long-sleeve-tee#White,cross-over-top-with-pocket#BlackWhite,semi-hard,0.29530661697324617,1,0
Mae-Lee,the-relaxed-long-sleeve-tee#White,weekend-vibes-blouse#Blush,random,0.39549458553819417,1,0
Mae-Lee,the-short-sleeve-wrap-jersey-top#Black,elcos-top#LightGrey,semi-hard,0.24468743733859888,1,0
Mae-Lee,the-short-sleeve-wrap-jersey-top#Black,the-daily-cross-over-top#PinkPrint,random,0.38979312442957104,1,0
Mae-Lee,the-short-sleeve-wrap-jersey-top#Blue,milan-stretch-top#Black,semi-hard,0.2846663110350264,1,0
Mae-Lee,the-short-sleeve-wrap-jersey-top#Blue,cara-tee-2#WhiteBlk,random,0.2662854006829382,1,0
Mae-Lee,the-short-sleeve-wrap-jersey-top#Emerald,vivid-dreams-blouse#Dusty%20Rose,semi-hard,0.244929139570696,1,0
Mae-Lee,the-short-sleeve-wrap-jersey-top#Emerald,relaxed-v-neck-knit#Silver,random,0.22906535566346106,1,0
Mae-Lee,the-short-sleeve-wrap-jersey-top#NavyWhite,wellington-tee#Black,semi-hard,0.2528450803192808,1,0
Mae-Lee,the-short-sleeve-wrap-jersey-top#NavyWhite,the-stitch-v-neck-knit#DenimMarle,random,0.4295777128415508,1,0
Mae-Lee,the-sleeveless-cross-over-blouse#Black,long-sleeve-layer-top#Navy,semi-hard,0.26246932758694685,1,0
Mae-Lee,the-sleeveless-cross-over-blouse#Black,runaway-top#Sand,random,0.3019114146013339,1,0
Mae-Lee,the-sleeveless-cross-over-blouse#Chambray,cara-tee-2#Blush,semi-hard,0.2662854006829382,1,0
Mae-Lee,the-sleeveless-cross-over-blouse#Chambray,the-shoulder-tie-top#Navy,random,0.3642998736432478,1,0
Mae-Lee,the-sleeveless-cross-over-blouse#Cobalt,the-define-flute-sleeve-blouse#Black,semi-hard,0.27474135703514685,1,0
Mae-Lee,the-sleeveless-cross-over-blouse#Cobalt,print-tee-3#Cntryhous,random,0.3730315567809804,1,0
Mae-Lee,the-sleeveless-cross-over-blouse#Mint,glasgow-top#Melange,semi-hard,0.292952560889589,1,0
Mae-Lee,the-sleeveless-cross-over-blouse#Mint,selma-top-1#IndoStripe,random,0.3487593180829478,1,0
Mae-Lee,the-sleeveless-cross-over-blouse#Salmon,the-side-panel-drape-top#OffWhite,semi-hard,0.2633614240747511,1,0
Mae-Lee,the-sleeveless-cross-over-blouse#Salmon,the-cotton-cardi#Navy,random,0.26949599432106275,1,0
Mae-Lee,the-sleeveless-cross-over-blouse#Sunshine,diva-ruffle-jumper#Gold%20Spot,semi-hard,0.24882865845624286,1,0
Mae-Lee,the-sleeveless-cross-over-blouse#Sunshine,lenka-lurex-stripe-blouse#NavyGoldSt,random,0.23978089381251533,1,0
Mae-Lee,the-sleeveless-cross-over-blouse#White,boho-embroidered-top#BohoDenim,semi-hard,0.24316618918214386,1,0
Mae-Lee,the-sleeveless-cross-over-blouse#White,the-flutter-sleeve-top#Denim,random,0.34243179068605434,1,0
Mae-Lee,the-stripe-button-through-top#Coral,the-ruffle-sleeve-top#NavyStripe,semi-hard,0.2814786598139915,1,0
Mae-Lee,the-stripe-button-through-top#Coral,the-contrast-detail-top#Ivory,random,0.37075347327857217,1,0
Mae-Lee,the-stripe-tank-1#Hazelnut,long-sleeve-ruffle-shirt#White,semi-hard,0.2939502205998621,1,0
Mae-Lee,the-stripe-tank-1#Hazelnut,the-longline-waterfall-cardi#Black,random,0.46188717856070527,1,0
Mae-Lee,the-striped-top#BlueStripe,long-sleeve-tee-2#NavyWhite,semi-hard,0.25743179742493605,1,0
Mae-Lee,the-striped-top#BlueStripe,button-through-animal-shirt#Animal,random,0.22350249642931436,1,0
Mae-Lee,the-v-split-blouse#Salmon,layered-stripe-top#PinkStripe,semi-hard,0.28155291141176675,1,0
Mae-Lee,the-v-split-blouse#Salmon,open-plains-kimono-throw-1#Rust,random,0.6244438768069804,1,0
Mae-Lee,verona-patchwork-top#Patchwork,spiced-stripe-tee#NavyWhite,semi-hard,0.23441874144294228,1,0
Mae-Lee,verona-patchwork-top#Patchwork,contrast-pocket-tunic#Pinkpocket,random,0.4614884482965705,1,0
Mandy,heartmade-cardi#DustyRose,birds-tee-1#Navy,hard,0.2152254532291453,1,0
Mandy,heartmade-cardi#DustyRose,falling-for-you-tunic#Black,semi-hard,0.29380313574150524,1,0
Mandy,heartmade-cardi#DustyRose,millie-top#BlackSpot,random,0.20436308172477924,1,0
Mandy,heartmade-sweater#Rust,cara-tee-2#WhiteBlk,hard,0.19587768326356106,1,0
Mandy,heartmade-sweater#Rust,belle-half-sleeve-forgiver-tunic#White,semi-hard,0.3161093134451049,1,0
Mandy,heartmade-sweater#Rust,kimberly-spliced-top#Black,random,0.22862633619898673,1,0
Mandy,je-taime-knit#Navy,millie-top#WhiteBlk,hard,0.20436308172477924,1,0
Mandy,je-taime-knit#Navy,the-batwing-tee#Sea,semi-hard,0.3195246582660919,1,0
Mandy,je-taime-knit#Navy,elcos-45-aop-top-jrs#BlackFlowe,random,0.27447214874908915,1,0
Mandy,monaco-sweater#BlackCream,germaine-blouse#Pearl,hard,0.2133114900369269,1,0
Mandy,monaco-sweater#BlackCream,jade-kimono-kaleidoscope#Blue,semi-hard,0.3550171090525816,1,0
Mandy,monaco-sweater#BlackCream,haze-swing-top#OffWhite,random,0.47983243654228563,1,0
Mandy,nuzuri-longline-cardi#Forest,hayley-button-down#NavySparro,hard,0.19560675788573373,1,0
Mandy,nuzuri-longline-cardi#Forest,celestial-woven-top#White,semi-hard,0.3068660788160212,1,0
Mandy,nuzuri-longline-cardi#Forest,belle-half-sleeve-boat-tee#Black,random,0.27860456813447787,1,0
Mandy,open-plains-kimono-throw-1#Rust,the-cotton-bamboo-tee#White,hard,0.14008727917370023,1,0
Mandy,open-plains-kimono-throw-1#Rust,the-weekender-shirt#GreyStripe,semi-hard,0.36675406757519075,1,0
Mandy,open-plains-kimono-throw-1#Rust,sontana-blouse#Stone,random,0.3750794395181152,1,0
Mandy,snug-as-a-bug-jumper#Smoke,cara-tee-2#Blush,hard,0.19587768326356106,1,0
Mandy,snug-as-a-bug-jumper#Smoke,2-in-1-layered-top-1#PinkWhite,semi-hard,0.3435674044713637,1,0
Mandy,snug-as-a-bug-jumper#Smoke,melbourne-stretch-cardigan#Black,random,0.2445901782063678,1,0
Mandy,tia-boyfriend-shirt#White,the-long-sleeve-v-neck-tee#Black,hard,0.21239286832463908,1,0
Mandy,tia-boyfriend-shirt#White,long-sleeve-softly-swinging-bamboo-tee#Navy,semi-hard,0.3677721071781559,1,0
Mandy,tia-boyfriend-shirt#White,fundamental-split-hoodie-1#Lilac,random,0.4187373771383745,1,0
Mandy,woolly-spotted-hoodie#Navy,leah-knit-cardigan#WhiteBlk,hard,0.152700237688082,1,0
Mandy,woolly-spotted-hoodie#Navy,runaway-top#JetBlack,semi-hard,0.3663953712775749,1,0
Mandy,woolly-spotted-hoodie#Navy,falling-for-you-cardi#Black,random,0.275,1,0
Marnee,baobab-sweater#Bark,the-boat-neck-top#Navy,hard,0.3558068690178943,1,0
Marnee,baobab-sweater#Bark,luxe-shirt#Black,semi-hard,0.5162528321080132,1,0
Marnee,baobab-sweater#Bark,fundamental-rib-long-sleeve-tee#Black,random,0.5046187924816202,1,0
Marnee,be-mine-top-1#Sage,everyday-linen-tunic#BotanicalB,hard,0.34100495040921075,1,0
Marnee,be-mine-top-1#Sage,cotton-stripe-cardi-with-pockets#White,semi-hard,0.6004256831738105,1,0
Marnee,be-mine-top-1#Sage,the-side-ring-detail-blouse-1#Black,random,0.5512320753571924,1,0
Marnee,beach-walk-shirt#Khaki,overlay-tunic-3-pce-set#Emerald,hard,0.30106464142044664,1,0
Marnee,beach-walk-shirt#Khaki,wellington-tee#Olive,semi-hard,0.6004408551810237,1,0
Marnee,beach-walk-shirt#Khaki,natural-detailed-sweater#Tinroof,random,0.5436491422758589,1,0
Marnee,beach-walk-shirt#Stormy,manhattan-stretch-tee#Navy,hard,0.3503411534193369,1,0
Marnee,beach-walk-shirt#Stormy,fundamental-sydney-crew#GreyMarle,semi-hard,0.5488289377861006,1,0
Marnee,beach-walk-shirt#Stormy,belle-mid-length-knit-cardi#Black,random,0.7154148677000971,1,0
Marnee,blue-waters-cotton-blouse#White,colourblock-cardi#NavyRed,hard,0.348698241781107,1,0
Marnee,blue-waters-cotton-blouse#White,kimono-top-36#BlueMarle,semi-hard,0.4843713876173302,1,0
Marnee,blue-waters-cotton-blouse#White,the-sleeveless-cross-over-blouse#Black,random,0.6398105883270911,1,0
Marnee,butterfly-kisses-tee#Green,elina-lace-frill-blouse#Black,hard,0.3259694912609239,1,0
Marnee,butterfly-kisses-tee#Green,the-panel-hem-top#Khaki,semi-hard,0.5432781505756693,1,0
Marnee,butterfly-kisses-tee#Green,millie-top#Blush,random,0.42930928353447073,1,0
Marnee,butterfly-kisses-tee#MustardStr,holly-rib-long-sleeve-tee#Khaki,hard,0.26850443022610626,1,0
Marnee,butterfly-kisses-tee#MustardStr,ryder-cosy-sweater#Blossom,semi-hard,0.5205981672215286,1,0
Marnee,butterfly-kisses-tee#MustardStr,the-box-top#Blush,random,0.7056919591251676,1,0
Marnee,butterfly-kisses-tee#Stripe,meadow-cardigan#Cream,hard,0.3690915869052573,1,0
Marnee,butterfly-kisses-tee#Stripe,2-in-1-layered-top-1#NavyWhite,semi-hard,0.5593702316548758,1,0
Marnee,butterfly-kisses-tee#Stripe,paradising-buttoned-shirt#Wheat,random,0.4480380427243723,1,0
Marnee,chasing-birds-blouse#White,holly-rib-long-sleeve-tee#Black,hard,0.26850443022610626,1,0
Marnee,chasing-birds-blouse#White,janet-frill-shirt#White,semi-hard,0.5017252739631017,1,0
Marnee,chasing-birds-blouse#White,belle-tie-neck-blouse-tee#RoyalBlue,random,0.6323681769316133,1,0
Marnee,chill-out-slouch-top#GreyMarle,leah-knit-cardigan#Black,hard,0.3613386912193092,1,0
Marnee,chill-out-slouch-top#GreyMarle,foil-spot-tee-1#Navy,semi-hard,0.503954475308642,1,0
Marnee,chill-out-slouch-top#GreyMarle,dusk-top#DuskPrint,random,0.40174933243168265,1,0
Marnee,chill-out-slouch-top#Mustard,mila-knit-cardigan#Black,hard,0.3402712754889721,1,0
Marnee,chill-out-slouch-top#Mustard,the-tie-front-top#Navy,semi-hard,0.5482475247953946,1,0
Marnee,chill-out-slouch-top#Mustard,paisley-top-1#Paisley,random,0.5397376543209876,1,0
Marnee,cool-breeze-jumper#Dust,cable-knit-sweater#Camel,hard,0.36371202663337493,1,0
Marnee,cool-breeze-jumper#Dust,horizontal-cabel-pullover#EnglishRos,semi-hard,0.5001452177833264,1,0
Marnee,cool-breeze-jumper#Dust,paint-stroke-top#Strokes,random,0.6917611665973089,1,0
Marnee,cover-up-slouch-cardi#Alloy,endeavor-long-sleeve-tee#Stripe,hard,0.3333333333333333,1,0
Marnee,cover-up-slouch-cardi#Alloy,the-zip-detail-jacket#Grey,semi-hard,0.5154320987654322,1,0
Marnee,cover-up-slouch-cardi#Alloy,silver-dot-tie-sleeve-blouse#SilverDotP,random,0.4724693091968373,1,0
Marnee,cross-my-heart-sweater#Regal,the-cotton-bamboo-tee#DuckEgg,hard,0.3387085587460119,1,0
Marnee,cross-my-heart-sweater#Regal,agra-shirt#White,semi-hard,0.5694921278956859,1,0
Marnee,cross-my-heart-sweater#Regal,peasant-top-3#Denim,random,0.8056509224580386,1,0
Marnee,crossing-the-plains-sweater-1#Indigo,monaco-knot-top#Olive,hard,0.2420823796643085,1,0
Marnee,crossing-the-plains-sweater-1#Indigo,snake-print-johnny-collar-top#BeigeSnake,semi-hard,0.5544469153141905,1,0
Marnee,crossing-the-plains-sweater-1#Indigo,layered-tunic-1#PalePink,random,0.48268657234013035,1,0
Marnee,daisy-chain-tassel-blouse#DeepBlue,magnolia-fields-keyhole-blouse#Magnolia,hard,0.3455164551255375,1,0
Marnee,daisy-chain-tassel-blouse#DeepBlue,freya-fringe-blouse#Navy,semi-hard,0.4747234359827993,1,0
Marnee,daisy-chain-tassel-blouse#DeepBlue,the-short-sleeve-wrap-jersey-top#Black,random,0.39355102996254676,1,0
Marnee,driftwood-gathering-blouse#Khaki,high-street-knit#NavyStripe,hard,0.35051671521708977,1,0
Marnee,driftwood-gathering-blouse#Khaki,silver-cross-sweater#Silver,semi-hard,0.48273642322097376,1,0
Marnee,driftwood-gathering-blouse#Khaki,the-double-layer-top#Black,random,0.8090001430503537,1,0
Marnee,falling-flowers-blouse#DustyPink,34-sleeve-shirt-1#SkyWhite,hard,0.3524760715771952,1,0
Marnee,falling-flowers-blouse#DustyPink,always-mine-spliced-cardigan#GreyEmeral,semi-hard,0.5372857495838534,1,0
Marnee,falling-flowers-blouse#DustyPink,the-stitch-v-neck-knit#DenimMarle,random,0.7752577796273178,1,0
Marnee,falling-flowers-cardi#GreyMarle,aztec-cardigan#BlackIvory,hard,0.374665673983909,1,0
Marnee,falling-flowers-cardi#GreyMarle,celestial-woven-top#White,semi-hard,0.5600995717159107,1,0
Marnee,falling-flowers-cardi#GreyMarle,belle-v-neck-forgiver-tunic#DenimMarl,random,0.6126722022818699,1,0
Marnee,falling-for-you-cardi#Black,rika-top#BatikTile,hard,0.3155235642946317,1,0
Marnee,falling-for-you-cardi#Black,belle-half-sleeve-forgiver-tunic#FlamPink,semi-hard,0.5821526260577057,1,0
Marnee,falling-for-you-cardi#Black,cara-tee-3#Mustard,random,0.3951061607019004,1,0
Marnee,falling-for-you-cardi#Dusty,mila-knit-cardigan#StoneBlack,hard,0.3402712754889721,1,0
Marnee,falling-for-you-cardi#Dusty,fundamental-sydney-crew#Navy,semi-hard,0.5488289377861006,1,0
Marnee,falling-for-you-cardi#Dusty,floral-nehru-print-shirt#Pink,random,0.7624936060826744,1,0
Marnee,falling-for-you-cardi#GreyMarle,ynes#Black,hard,0.3356438132889443,1,0
Marnee,falling-for-you-cardi#GreyMarle,the-cross-over-poncho#Navy,semi-hard,0.4835811789083091,1,0
Marnee,falling-for-you-cardi#GreyMarle,germaine-blouse#Pearl,random,0.4084770339159384,1,0
Marnee,falling-for-you-cardi#Khaki,the-cotton-bamboo-tee#DustyPink,hard,0.3387085587460119,1,0
Marnee,falling-for-you-cardi#Khaki,funnel-neck-knit-jumper#BlueMulti,semi-hard,0.533733874323762,1,0
Marnee,falling-for-you-cardi#Khaki,seeker-knot-front-shirt#Olive,random,0.4695411118046886,1,0
Marnee,falling-for-you-cardi#Mustard,monaco-knot-top#ClaySpot,hard,0.2420823796643085,1,0
Marnee,falling-for-you-cardi#Mustard,mixed-messages-jumper#MixedStrip,semi-hard,0.5065557520691728,1,0
Marnee,falling-for-you-cardi#Mustard,the-cut-out-shoulder-blouse#Black,random,0.6540435566652796,1,0
Marnee,falling-for-you-cardi#Navy,manhattan-stretch-tee#White,hard,0.3503411534193369,1,0
Marnee,falling-for-you-cardi#Navy,marjorie-tie-blouse#BluePrint,semi-hard,0.501490107851297,1,0
Marnee,falling-for-you-cardi#Navy,the-batwing-tee#FrenchBlue,random,0.4049625468164794,1,0
Marnee,falling-for-you-cardi#Port,the-relax-blouse#White,hard,0.37549796695103344,1,0
Marnee,falling-for-you-cardi#Port,shell-top-3#PapBlue,semi-hard,0.5895690282979609,1,0
Marnee,falling-for-you-cardi#Port,sailaway-blouse#OxfordBlue,random,0.5939811924908679,1,0
Marnee,falling-for-you-cardi#Rust,high-neck-tie-top#Black,hard,0.29785467818005273,1,0
Marnee,falling-for-you-cardi#Rust,the-contrast-trim-knit#BlackWhite,semi-hard,0.5558676654182273,1,0
Marnee,falling-for-you-cardi#Rust,stara-cardigan#GreyMarle,random,0.38225366440098024,1,0
Marnee,falling-for-you-cardi#Teal,back-to-you-top#BlackMagic,hard,0.28719851054237755,1,0
Marnee,falling-for-you-cardi#Teal,ruffle-top-4#Terracotta,semi-hard,0.5051487290192815,1,0
Marnee,falling-for-you-cardi#Teal,longline-cardigan-2#Pink,random,0.5088084339020669,1,0
Marnee,falling-for-you-cardi-1#GreyGarden,natural-classic-cardigan#Pebble,hard,0.3257271003837795,1,0
Marnee,falling-for-you-cardi-1#GreyGarden,the-zip-front-top#Rose,semi-hard,0.6009393639894576,1,0
Marnee,falling-for-you-cardi-1#GreyGarden,heartmade-cardi#DustyRose,random,0.525918123179359,1,0
Marnee,falling-for-you-cardi-2#WinterRose,manhattan-stretch-tee#Black,hard,0.3503411534193369,1,0
Marnee,falling-for-you-cardi-2#WinterRose,vivian-blouse#Check,semi-hard,0.4723501005687335,1,0
Marnee,falling-for-you-cardi-2#WinterRose,leah-knit-cardigan#WhiteBlk,random,0.3613386912193092,1,0
Marnee,falling-for-you-top#Blue,bamboo-layer-tank#Black,hard,0.2704919631710362,1,0
Marnee,falling-for-you-top#Blue,alberta-stripe-top#IvoryStrip,semi-hard,0.5232630219170481,1,0
Marnee,falling-for-you-top#Blue,off-shoulder-top-2#FloraLace,random,0.5873560826744347,1,0
Marnee,falling-for-you-tunic#Black,drapey-stripe-tee#Navy,hard,0.3695651702732695,1,0
Marnee,falling-for-you-tunic#Black,the-excess-shirt#Pearl,semi-hard,0.5091617249271744,1,0
Marnee,falling-for-you-tunic#Black,the-define-flute-sleeve-blouse#Black,random,0.6312253996740186,1,0
Marnee,falling-for-you-tunic#Rust,dream-girl-ruffle-jumper#SoftPink,hard,0.3242702264530448,1,0
Marnee,falling-for-you-tunic#Rust,messina-v-neck-tee#Black,semi-hard,0.5359283967956721,1,0
Marnee,falling-for-you-tunic#Rust,milan-34-sleeve-1#Melange,random,0.6446510004855042,1,0
Marnee,first-love-kimono-jacket#Stone,vivid-dreams-blouse#Dusty%20Rose,hard,0.3656713829934804,1,0
Marnee,first-love-kimono-jacket#Stone,natural-textured-poncho#Deeprain,semi-hard,0.5730337078651685,1,0
Marnee,first-love-kimono-jacket#Stone,maui-stretch-tee#White,random,0.453200860036066,1,0
Marnee,flow-with-me-slouch-top#Brick,the-long-sleeve-v-neck-tee#Black,hard,0.3470520789984741,1,0
Marnee,flow-with-me-slouch-top#Brick,malibu-cardigan#Navy,semi-hard,0.5164193629490914,1,0
Marnee,flow-with-me-slouch-top#Brick,the-long-sleeve-scoop-neck-tee#Black,random,0.5362394229435428,1,0
Marnee,flying-free-top-3#WhiteBird,cara-tee-2#WhiteBlk,hard,0.36170065196282425,1,0
Marnee,flying-free-top-3#WhiteBird,panelled-stripe-top#NavyWhite,semi-hard,0.5257772402552365,1,0
Marnee,flying-free-top-3#WhiteBird,the-printed-side-ring-detail-blouse#Block,random,0.5512320753571924,1,0
Marnee,for-the-frill-top#Ivory,the-reversible-cowl-neck-top-2#Ocean,hard,0.28346619676792895,1,0
Marnee,for-the-frill-top#Ivory,ditzy-floral-ruffle-blouse#DitzyFlora,semi-hard,0.5225575235816341,1,0
Marnee,for-the-frill-top#Ivory,poncho-2#NavySilver,random,1.0693718355527813,1,0
Marnee,frill-me-tie-throw-on#WhiteBlk,analia-top#White,hard,0.3225460362047441,1,0
Marnee,frill-me-tie-throw-on#WhiteBlk,dot-to-dot-knit-1#GreyMarle,semi-hard,0.49195341760299627,1,0
Marnee,frill-me-tie-throw-on#WhiteBlk,forget-me-knot-tunic#ForgetMeK,random,0.22542893431821334,1,0
Marnee,hydrangea-kimono#Hydrangea,natural-crossover-knit-1#Stormcloud,hard,0.36251777292273546,1,0
Marnee,hydrangea-kimono#Hydrangea,karmen-top#HighRiskRe,semi-hard,0.4944672747029177,1,0
Marnee,hydrangea-kimono#Hydrangea,layered-tunic-1#White,random,0.48268657234013035,1,0
Marnee,kimono-and-me-cardi#DustyPink,monaco-knot-top#HeatheGrey,hard,0.2420823796643085,1,0
Marnee,kimono-and-me-cardi#DustyPink,linen-cotton-shirt#White,semi-hard,0.5840919336939936,1,0
Marnee,kimono-and-me-cardi#DustyPink,the-longline-cardi-1#Nude,random,0.4010329969482591,1,0
Marnee,kimono-and-me-cardi#Sand,aztec-cardigan#Orange,hard,0.374665673983909,1,0
Marnee,kimono-and-me-cardi#Sand,icing-sugar-top#Ivory,semi-hard,0.5519110226799834,1,0
Marnee,kimono-and-me-cardi#Sand,daylight-jumper#Silver,random,0.6363995959911222,1,0
Marnee,long-sleeve-softly-swinging-bamboo-tee#Black,renee-sweater#Sapphire,hard,0.3309730024968789,1,0
Marnee,long-sleeve-softly-swinging-bamboo-tee#Black,geneva-v-neck-top#HeatheGrey,semi-hard,0.5835023928422804,1,0
Marnee,long-sleeve-softly-swinging-bamboo-tee#Black,millie-top#BlackSpot,random,0.42930928353447073,1,0
Marnee,long-sleeve-softly-swinging-bamboo-tee#BlueJeans,the-uneven-hem-knit-1#Sage,hard,0.36400462962962965,1,0
Marnee,long-sleeve-softly-swinging-bamboo-tee#BlueJeans,wellington-tee#Black,semi-hard,0.6004408551810237,1,0
Marnee,long-sleeve-softly-swinging-bamboo-tee#BlueJeans,hacienda-tunic-5#PatchGold,random,0.5013242994867527,1,0
Marnee,long-sleeve-softly-swinging-bamboo-tee#Cashew,manhattan-stretch-tee#NavyWhtStr,hard,0.3503411534193369,1,0
Marnee,long-sleeve-softly-swinging-bamboo-tee#Cashew,the-cross-over-poncho#Grey,semi-hard,0.4835811789083091,1,0
Marnee,long-sleeve-softly-swinging-bamboo-tee#Cashew,daylight-cardi#Silver,random,0.44378988070467473,1,0
Marnee,long-sleeve-softly-swinging-bamboo-tee#Combat,geena-xo-ls-pullover-knit#WhiteCapGr,hard,0.376364938791788,1,0
Marnee,long-sleeve-softly-swinging-bamboo-tee#Combat,the-tie-sleeve-blouse#Grey,semi-hard,0.536513060930781,1,0
Marnee,long-sleeve-softly-swinging-bamboo-tee#Combat,off-shoulder-top-1#Strawberry,random,0.6786395477874878,1,0
Marnee,long-sleeve-softly-swinging-bamboo-tee#Copper,mila-knit-cardigan#InkWhite,hard,0.3402712754889721,1,0
Marnee,long-sleeve-softly-swinging-bamboo-tee#Copper,2-in-1-jumper#Navy,semi-hard,0.5855213535164377,1,0
Marnee,long-sleeve-softly-swinging-bamboo-tee#Copper,waterfall-cardi-1#Navy,random,0.4959068091968373,1,0
Marnee,long-sleeve-softly-swinging-bamboo-tee#DuckEgg,pure-merino-fine-rib-v-neck#Charcoal,hard,0.10180272344754242,1,0
Marnee,long-sleeve-softly-swinging-bamboo-tee#DuckEgg,mauevewood-crew#Charcoal,semi-hard,0.5656232660563185,1,0
Marnee,long-sleeve-softly-swinging-bamboo-tee#DuckEgg,clio-knit-jumper#Clay,random,0.7027037961807001,1,0
Marnee,long-sleeve-softly-swinging-bamboo-tee#Fern,cara-tee-2#Blush,hard,0.36170065196282425,1,0
Marnee,long-sleeve-softly-swinging-bamboo-tee#Fern,sunshine-in-me-tee-1#GreyMarle,semi-hard,0.5788944375086698,1,0
Marnee,long-sleeve-softly-swinging-bamboo-tee#Fern,cara-tee-4#BlackWhite,random,0.3937016663198779,1,0
Marnee,long-sleeve-softly-swinging-bamboo-tee#Navy,eco-78-long-cardigan#LightGreyM,hard,0.35451995769177413,1,0
Marnee,long-sleeve-softly-swinging-bamboo-tee#Navy,nature-ls-top#BlueGum,semi-hard,0.555221771396865,1,0
Marnee,long-sleeve-softly-swinging-bamboo-tee#Navy,the-soft-overlay-top#Pink,random,1.125107829622694,1,0
Marnee,long-sleeve-softly-swinging-bamboo-tee#Oyster,long-sleeve-tee-2#NavyWhite,hard,0.32432983076709665,1,0
Marnee,long-sleeve-softly-swinging-bamboo-tee#Oyster,the-colour-block-pullover#Sage,semi-hard,0.5957483700929393,1,0
Marnee,long-sleeve-softly-swinging-bamboo-tee#Oyster,the-asymmetrical-hem-sweater#Blush,random,0.5892865399731817,1,0
Marnee,long-sleeve-softly-swinging-bamboo-tee#SilverScon,niue-neck-tie-shirt#LightBlue,hard,0.3661763940907199,1,0
Marnee,long-sleeve-softly-swinging-bamboo-tee#SilverScon,monaco-sweater#BlackCream,semi-hard,0.5275350256623664,1,0
Marnee,long-sleeve-softly-swinging-bamboo-tee#SilverScon,layered-tee-2#Black,random,0.5180243445692884,1,0
Marnee,long-sleeve-softly-swinging-bamboo-tee#Smoke,ricki-one-shoulder-top#BlackWhite,hard,0.3505763195311416,1,0
Marnee,long-sleeve-softly-swinging-bamboo-tee#Smoke,elcos-top#LightGrey,semi-hard,0.5003457050215009,1,0
Marnee,long-sleeve-softly-swinging-bamboo-tee#Smoke,belle-v-neck-forgiver-tunic#ArmyGreen,random,0.6126722022818699,1,0
Marnee,long-sleeve-softly-swinging-bamboo-tee#Storm,faith-jumper#Eventide,hard,0.3276936815092246,1,0
Marnee,long-sleeve-softly-swinging-bamboo-tee#Storm,natural-cross-back-knit#Lightsmoke,semi-hard,0.5723863688907384,1,0
Marnee,long-sleeve-softly-swinging-bamboo-tee#Storm,back-to-you-top#Rust,random,0.28719851054237755,1,0
Marnee,long-sleeve-softly-swinging-bamboo-tee#TeaRose,the-boat-neck-top#Black,hard,0.3558068690178943,1,0
Marnee,long-sleeve-softly-swinging-bamboo-tee#TeaRose,the-tie-front-top#Black,semi-hard,0.5482475247953946,1,0
Marnee,long-sleeve-softly-swinging-bamboo-tee#TeaRose,the-cross-over-blouse#Sunshine,random,0.6769511201276182,1,0
Marnee,long-sleeve-softly-swinging-bamboo-tee#White,glasgow-top#Melange,hard,0.27139794874462475,1,0
Marnee,long-sleeve-softly-swinging-bamboo-tee#White,ruffle-top-4#Black,semi-hard,0.5051487290192815,1,0
Marnee,long-sleeve-softly-swinging-bamboo-tee#White,holly-rib-long-sleeve-tee#WhiteGrey,random,0.26850443022610626,1,0
Marnee,moonlight-kisses-bamboo-tee#Black,lake-house-top#CoalPrint,hard,0.3735467384519351,1,0
Marnee,moonlight-kisses-bamboo-tee#Black,adventurous-hoody#Pink,semi-hard,0.5978919579692052,1,0
Marnee,moonlight-kisses-bamboo-tee#Black,animal-button-up-shirt#KhakiPrint,random,0.414481897627965,1,0
Marnee,moonlight-kisses-bamboo-tee#Combat,the-cotton-bamboo-tee#BlueJeans,hard,0.3387085587460119,1,0
Marnee,moonlight-kisses-bamboo-tee#Combat,lola-bell-sleeve-top-ditsy-daisies#Blue,semi-hard,0.5866740648263745,1,0
Marnee,moonlight-kisses-bamboo-tee#Combat,the-bell-sleeve-top#BlkStripe,random,0.7718122890368521,1,0
Marnee,moonlight-kisses-bamboo-tee#Saffron,mila-knit-cardigan#Clay,hard,0.3402712754889721,1,0
Marnee,moonlight-kisses-bamboo-tee#Saffron,the-side-panel-drape-top#OffWhite,semi-hard,0.5387478614694595,1,0
Marnee,moonlight-kisses-bamboo-tee#Saffron,reversible-scoopv-neck-tank#White,random,0.41243042550977943,1,0
Marnee,moonlight-kisses-bamboo-tee#White,henson-jumper#Cream,hard,0.27277751768622555,1,0
Marnee,moonlight-kisses-bamboo-tee#White,rose-shirt#BlueIllusi,semi-hard,0.5000856134692745,1,0
Marnee,moonlight-kisses-bamboo-tee#White,napoleon-top-1#NemoBlue,random,0.4574305989041476,1,0
Marnee,nuzuri-longline-cardi#Forest,paige-top#Black,hard,0.2574653500254312,1,0
Marnee,nuzuri-longline-cardi#Forest,the-soft-knit-jumper#PinkStripe,semi-hard,0.5631849077541962,1,0
Marnee,nuzuri-longline-cardi#Forest,button-through-animal-shirt#Animal,random,0.44493428353447073,1,0
Marnee,on-safari-blouse#Jewel,bamboo-layer-tank#Chalk,hard,0.2704919631710362,1,0
Marnee,on-safari-blouse#Jewel,ava-short-sleeve-linen-tee#Blush,semi-hard,0.5099170741434318,1,0
Marnee,on-safari-blouse#Jewel,delicado-top#White,random,0.8602029581079207,1,0
Marnee,on-the-horizon-swing-top-1#Khaki,the-long-sleeve-v-neck-tee#Navy,hard,0.3470520789984741,1,0
Marnee,on-the-horizon-swing-top-1#Khaki,belle-half-sleeve-forgiver-tunic#Black,semi-hard,0.5821526260577057,1,0
Marnee,on-the-horizon-swing-top-1#Khaki,ponte-spot-top#BlackWhite,random,0.6282457258288251,1,0
Marnee,on-the-open-road-maxi-shirt#DarkOchre,the-long-sleeve-v-neck-tee#White,hard,0.3470520789984741,1,0
Marnee,on-the-open-road-maxi-shirt#DarkOchre,clara-blouse#DarkFloral,semi-hard,0.5052083333333333,1,0
Marnee,on-the-open-road-maxi-shirt#DarkOchre,the-boat-neck-top-1#NavyWhite,random,0.6879800856568179,1,0
Marnee,open-plains-kimono-throw-1#Rust,geena-xo-ls-pullover-knit#Allure,hard,0.376364938791788,1,0
Marnee,open-plains-kimono-throw-1#Rust,natural-rolled-neck-tunic#BlueDam,semi-hard,0.5046700883155316,1,0
Marnee,open-plains-kimono-throw-1#Rust,millie-top#WhiteBlk,random,0.42930928353447073,1,0
Marnee,oregon-safari-embroidered-top#White,the-cotton-bamboo-tee#White,hard,0.3387085587460119,1,0
Marnee,oregon-safari-embroidered-top#White,multi-stripe-jumper#NavyMulti,semi-hard,0.5924842211124983,1,0
Marnee,oregon-safari-embroidered-top#White,tracie-top#Opal,random,0.6978478507768067,1,0
Marnee,pocket-shirt-1#Ivory,cara-tee-2#BlackSpot,hard,0.36170065196282425,1,0
Marnee,pocket-shirt-1#Ivory,ava-short-sleeve-linen-tee#Navy,semi-hard,0.5099170741434318,1,0
Marnee,pocket-shirt-1#Ivory,makeover-blouse#LimeGreen,random,0.6292134831460674,1,0
Marnee,prairie-romance-blouse#Blush,pure-merino-fine-rib-polo#BlackStri,hard,0.25375398807046745,1,0
Marnee,prairie-romance-blouse#Blush,the-cotton-blend-stripe-jumper#BlueStripe,semi-hard,0.5519489526980164,1,0
Marnee,prairie-romance-blouse#Blush,belle-tie-front-shirt#Black,random,0.8842327082466361,1,0
Marnee,rising-mist-jumper#Nickel,eco-78-long-cardigan#DarkGreyM,hard,0.35451995769177413,1,0
Marnee,rising-mist-jumper#Nickel,lucy-rib-oversized-top#WhiteGrey,semi-hard,0.5260969361215148,1,0
Marnee,rising-mist-jumper#Nickel,fundamental-vee-tee#Black,random,0.43229383409626854,1,0
Marnee,roll-with-me-jumper#Chalk,monaco-knot-top#Black,hard,0.2420823796643085,1,0
Marnee,roll-with-me-jumper#Chalk,aigli-top#Navy,semi-hard,0.5194570155361353,1,0
Marnee,roll-with-me-jumper#Chalk,rosie-bell-sleeve-denim-shirt#Stripe,random,0.5187323715725713,1,0
Marnee,runaway-top#JetBlack,leary-cardigan#Pine,hard,0.3529117249271744,1,0
Marnee,runaway-top#JetBlack,art-deco-print-top#NavyWhite,semi-hard,0.5024101817172978,1,0
Marnee,runaway-top#JetBlack,multi-pattern-print-top#NavyMulti,random,0.4177536326120127,1,0
Marnee,runaway-top#Sand,ally-long-sleeve-tee#CosmosPr,hard,0.2816997416423914,1,0
Marnee,runaway-top#Sand,multi-sequin-dot-stripe-top#Navy,semi-hard,0.4693655500069358,1,0
Marnee,runaway-top#Sand,tab-sleeve-longline-shirt#Navy,random,0.7852337356082675,1,0
Marnee,runaway-top#SoftMint,bird-jumper#Navy,semi-hard,0.5062931318490775,1,0
Marnee,runaway-top#SoftMint,heartmade-sweater#Rust,random,0.5574050954824987,1,0
Marnee,runaway-top#SoftPink,midtown-ruffle-shirt#BoldRed,semi-hard,0.529435861423221,1,0
Marnee,runaway-top#SoftPink,the-short-sleeve-wrap-jersey-top#Emerald,random,0.39355102996254676,1,0
Marnee,shirt-in-a-box#Silver,layered-tee-2#White,semi-hard,0.5180243445692884,1,0
Marnee,shirt-in-a-box#Silver,not-today-buttoned-cardigan#Almond,random,0.5344534609515883,1,0
Marnee,skipping-stones-tunic#Forest,border-stripe-knit#WhitePink,semi-hard,0.48267681890692193,1,0
Marnee,skipping-stones-tunic#Forest,the-asymmetrical-tank-top#HotPink,random,0.7101512649119157,1,0
Marnee,skipping-stones-tunic#Natural,circles-knit#Plum,semi-hard,0.4882947964350118,1,0
Marnee,skipping-stones-tunic#Natural,belle-drape-tee#Sliver,random,0.6312503251144403,1,0
Marnee,snug-as-a-bug-jumper#Smoke,lola-bell-sleeve-top-entangled-vines#Gold,semi-hard,0.5866740648263745,1,0
Marnee,snug-as-a-bug-jumper#Smoke,the-ultimate-tie-cardi#Black,random,0.5771068499445138,1,0
Marnee,soft-and-true-tunic#Pine,star-and-spot-sweater#SilverMult,semi-hard,0.5678773928422804,1,0
Marnee,soft-and-true-tunic#Pine,layered-sleeve-top#DarkBlue,random,0.6183275679705923,1,0
Marnee,softly-falling-bamboo-tunic#Copper,lucy-rib-oversized-top#Black,semi-hard,0.5260969361215148,1,0
Marnee,softly-falling-bamboo-tunic#Copper,belle-petal-print-top#Petal,random,0.6034254057428214,1,0
Marnee,softly-falling-bamboo-tunic#White,rise-top#Ink,semi-hard,0.5104719361215148,1,0
Marnee,softly-falling-bamboo-tunic#White,sky-shirt#Clouds,random,0.8367058537938687,1,0
Marnee,softly-swinging-bamboo-tee#Black,boho-embroidered-top#BohoDenim,semi-hard,0.4954397281176307,1,0
Marnee,softly-swinging-bamboo-tee#Black,sequin-cross-2-in-1-top#Khaki,random,0.48001955021500897,1,0
Marnee,softly-swinging-bamboo-tee#BlueJeans,belle-half-sleeve-forgiver-tunic#MutedClay,semi-hard,0.5821526260577057,1,0
Marnee,softly-swinging-bamboo-tee#BlueJeans,the-stripe-button-through-top#Coral,random,0.7913256577426365,1,0
Marnee,softly-swinging-bamboo-tee#Blush,the-roll-neck-sweater#Natural,semi-hard,0.5469551948952698,1,0
Marnee,softly-swinging-bamboo-tee#Blush,floral-blouse-2#NavyMulti,random,0.5137263316687474,1,0
Marnee,softly-swinging-bamboo-tee#Cashew,variegated-rib-knit#Silver,semi-hard,0.5137165782355388,1,0
Marnee,softly-swinging-bamboo-tee#Cashew,wildflower-shirt#White,random,0.40736730995977255,1,0
Marnee,softly-swinging-bamboo-tee#Chambray,viola-kimono-radiant-floral#Grey,semi-hard,0.5449438202247191,1,0
Marnee,softly-swinging-bamboo-tee#Chambray,spliced-lace-panel-tee#White,random,0.5507467517455034,1,0
Marnee,softly-swinging-bamboo-tee#Copper,the-stripe-pocket-tank#Stripe,semi-hard,0.5487700559485827,1,0
Marnee,softly-swinging-bamboo-tee#Copper,fundamental-split-hoodie#Navy,random,0.5504339194062977,1,0
Marnee,softly-swinging-bamboo-tee#Jewel,luxe-shirt#Champagne,semi-hard,0.5162528321080132,1,0
Marnee,softly-swinging-bamboo-tee#Jewel,belle-paint-brush-print-top#PaintPrint,random,0.8998138177971979,1,0
Marnee,softly-swinging-bamboo-tee#Navy,the-design-fold-tunic-top#PearlBlue,semi-hard,0.5088084339020669,1,0
Marnee,softly-swinging-bamboo-tee#Navy,frill-blouse#Rust,random,0.5292006953114163,1,0
Marnee,softly-swinging-bamboo-tee#Starfish,ember-knit#EmberGlow,semi-hard,0.5455246913580247,1,0
Marnee,softly-swinging-bamboo-tee#Starfish,belle-cowl-swing-sweater#Black,random,0.40719174816201975,1,0
Marnee,softly-swinging-bamboo-tee#Storm,malibu-cardigan#Wine,semi-hard,0.5164193629490914,1,0
Marnee,softly-swinging-bamboo-tee#Storm,sand-queen-throw-blouse#Fleur,random,0.7681233238544412,1,0
Marnee,softly-swinging-bamboo-tee#TeaRose,stripe-sweater-2#Blue,semi-hard,0.5160303093355527,1,0
Marnee,softly-swinging-bamboo-tee#TeaRose,cotton-candy-side-split-top#IceBlue,random,0.7924957084893882,1,0
Marnee,softly-swinging-bamboo-tee#White,picnic-top#BlackWhite,semi-hard,0.4751590893327785,1,0
Marnee,softly-swinging-bamboo-tee#White,belle-half-sleeve-forgiver-tunic#BlueBonnet,random,0.5821526260577057,1,0
Marnee,starry-night-cardi#Chalk,still-the-one-ruffle-blouse#Spot,semi-hard,0.5152153558052435,1,0
Marnee,starry-night-cardi#Chalk,softly-swinging-bamboo-singlet#BlueJean,random,0.631636127583576,1,0
Marnee,sugar-snaps-layers-tank#Black,the-long-sleeve-scoop-neck-tee#Navy,semi-hard,0.5362394229435428,1,0
Marnee,sugar-snaps-layers-tank#Black,the-reversible-cowl-neck-top-1#White,random,0.5242941765501457,1,0
Marnee,sugar-snaps-layers-tank#Blue,raspberry-ls-tee#WhiteRaspb,semi-hard,0.512111596615342,1,0
Marnee,sugar-snaps-layers-tank#Blue,belle-ls-free-fall-tee#Airforce,random,0.7683624635871827,1,0
Marnee,sugar-snaps-layers-tank#DeepCobalt,diva-ruffle-jumper#Gold%20Spot,semi-hard,0.5264166319877931,1,0
Marnee,sugar-snaps-layers-tank#DeepCobalt,the-v-split-blouse#Salmon,random,0.6383224672862626,1,0
Marnee,sugar-snaps-layers-tank#DuckEgg,half-sleeve-fluffy-knit#Ivory,semi-hard,0.600167759051186,1,0
Marnee,sugar-snaps-layers-tank#DuckEgg,cuddled-longline-cardigan#Sunflower,random,0.38322106047995563,1,0
Marnee,sugar-snaps-layers-tank#Mint,tie-back-bell-sleeve-top-5#Summerbud,semi-hard,0.5420698085726176,1,0
Marnee,sugar-snaps-layers-tank#Mint,belle-mesh-cardi#Black,random,0.9490979157996948,1,0
Marnee,sugar-snaps-layers-tank#NewBeige,daisy-top-1#BrightBlue,semi-hard,0.5454401616035511,1,0
Marnee,sugar-snaps-layers-tank#NewBeige,fluid-tunic-top#White,random,0.48841400506311555,1,0
Marnee,sugar-snaps-layers-tank#PeachyKeen,hacienda-tunic-pushkar#Cornflower,semi-hard,0.5863807393535858,1,0
Marnee,sugar-snaps-layers-tank#PeachyKeen,meredith-78-oversized-pullover-knit#CameoRose,random,1.0908615388172194,1,0
Marnee,sugar-snaps-layers-tank#Red,jade-kimono-sweet-blossoms#Blue,semi-hard,0.5862347990937254,1,0
Marnee,sugar-snaps-layers-tank#Red,gloria-applique-crew#Charcoal,random,0.4034735226799834,1,0
Marnee,sugar-snaps-layers-tank#SeaGreen,the-contrast-panel-top#BlkStripe,semi-hard,0.5974129560271882,1,0
Marnee,sugar-snaps-layers-tank#SeaGreen,true-love-bell-blouse#Jade,random,0.552701050769871,1,0
Marnee,sugar-snaps-layers-tank#White,long-sleeve-layer-top#Navy,semi-hard,0.5795587546816479,1,0
Marnee,sugar-snaps-layers-tank#White,the-dobby-sleeve-tee#White,random,0.5986498358533314,1,0
Marnee,sugar-snaps-round-neck-layer-tank#Black,the-ruffle-sleeve-top#NavyStripe,semi-hard,0.5668146298608222,1,0
Marnee,sugar-snaps-round-neck-layer-tank#Black,double-layered-top-1#WSilver,random,0.4018089367457345,1,0
Marnee,sugar-snaps-round-neck-layer-tank#DuckEgg,wellington-tee#ClaySpot,semi-hard,0.6004408551810237,1,0
Marnee,sugar-snaps-round-neck-layer-tank#DuckEgg,marlow-cardigan#Cream,random,0.5499137363018449,1,0
Marnee,sugar-snaps-round-neck-layer-tank#White,the-panel-hem-top#DenimMarle,semi-hard,0.5432781505756693,1,0
Marnee,sugar-snaps-round-neck-layer-tank#White,layer-top-1#Navy,random,0.46021177232163496,1,0
Marnee,sugar-snaps-throw-jacket#Black,the-soft-knit-jumper#NavyStripe,semi-hard,0.5631849077541962,1,0
Marnee,sugar-snaps-throw-jacket#Black,the-batwing-tee#Black,random,0.4049625468164794,1,0
Marnee,sugar-snaps-throw-jacket#Duckegg,belle-twist-front-tee-1#Black,semi-hard,0.5651735244139271,1,0
Marnee,sugar-snaps-throw-jacket#Duckegg,first-mix-top-1#BlackWhite,random,0.5261435358579553,1,0
Marnee,sugar-snaps-throw-jacket#White,animal-knit-1#Animal,semi-hard,0.5695766576501595,1,0
Marnee,sugar-snaps-throw-jacket#White,the-crossover-button-blouse-1#Ornate,random,0.7450062421972534,1,0
Marnee,summer-breeze-top-1#White,mauevewood-crew#YellowWhit,semi-hard,0.5656232660563185,1,0
Marnee,summer-breeze-top-1#White,natural-pattern-cocoon-cardigan#Blossom,random,0.7407407407407408,1,0
Marnee,summer-haze-top#Teal,spiced-stripe-tee#NavyWhite,semi-hard,0.5266864769732279,1,0
Marnee,summer-haze-top#Teal,the-cape-jersey-top#DarkNavy,random,0.5063478594465252,1,0
Marnee,summer-whispers-kimono-1#Peacock,the-french-cuff-shirt#White,semi-hard,0.5989989726383687,1,0
Marnee,summer-whispers-kimono-1#Peacock,born-to-run-shirt-jacket#Leopard,random,0.3876729608822306,1,0
Marnee,the-bamboo-tunic-dress#Khaki,foil-print-top-2#Navy,semi-hard,0.510352727493411,1,0
Marnee,the-bamboo-tunic-dress#Khaki,long-sleeve-ruffle-shirt#Black,random,0.6539059248855597,1,0
Marnee,the-button-up-swing-tunic#Wine,elcos-45-aop-top-jrs#BlackFlowe,semi-hard,0.4779333992231932,1,0
Marnee,the-button-up-swing-tunic#Wine,frost-cardigan#Mauvewoo,random,0.5568169995838534,1,0
Marnee,the-cotton-bamboo-tank#Chambray,natural-waterfall-cardigan#Fallendust,semi-hard,0.5393258426966292,1,0
Marnee,the-cotton-bamboo-tank#Chambray,the-flutter-sleeve-top#SnakePrint,random,0.6551763998705322,1,0
Marnee,the-cotton-bamboo-tank#DarkNavy,messina-v-neck-tee#White,semi-hard,0.5359283967956721,1,0
Marnee,the-cotton-bamboo-tank#DarkNavy,paradise-cardi#MultiStrip,random,0.5786744434040783,1,0
Marnee,the-cotton-bamboo-tank#DuckEgg,the-stripe-jersey-top#Blue,semi-hard,0.546684266195034,1,0
Marnee,the-cotton-bamboo-tank#DuckEgg,cross-over-top-with-pocket#NavyMustrd,random,0.6590817467748648,1,0
Marnee,the-cotton-bamboo-tank#Moonbeam,drama-top#BlackGrey,semi-hard,0.5149455108198085,1,0
Marnee,the-cotton-bamboo-tank#Moonbeam,grace-oversized-knit#InkWhite,random,0.7192116625052017,1,0
Marnee,the-cotton-bamboo-tank#White,jewel-knit#GreyMarle,semi-hard,0.5455810445276738,1,0
Marnee,the-cotton-bamboo-tank#White,paradise-top#Red,random,0.6407268691912886,1,0
Marnee,the-crossover-2-way-blouse#Black,foil-spot-jumper#SilverDot,semi-hard,0.5196293261894853,1,0
Marnee,the-crossover-2-way-blouse#Black,sadie-crew#GreyMarle,random,0.6621815323438295,1,0
Marnee,the-drape-tee-1#Black,bo-cosy-cardigan#Blossom,semi-hard,0.5016656696490498,1,0
Marnee,the-drape-tee-1#Black,rib-tank-2#White,random,0.4527467835344708,1,0
Marnee,the-drape-tee-1#Navy,the-tie-front-tank#Navy,semi-hard,0.5840307038077404,1,0
Marnee,the-drape-tee-1#Navy,relaxed-cape#WhiteBlack,random,0.8203258658158784,1,0
Marnee,the-drape-tee-1#NavyStripe,waterfall-cardi-1#Black,semi-hard,0.4959068091968373,1,0
Marnee,the-drape-tee-1#NavyStripe,rory-spliced-zip-hoodie#Slate,random,0.46447799625468167,1,0
Marnee,the-drape-tee-1#Stripe,geneva-v-neck-top#Black,semi-hard,0.5835023928422804,1,0
Marnee,the-drape-tee-1#Stripe,soho-ruffle-jumper#OatmealMar,random,0.4338988157164655,1,0
Marnee,the-drape-tee-1#White,fern-print-top#Navy,semi-hard,0.5533371913580247,1,0
Marnee,the-drape-tee-1#White,2-in-1-layered-knit-top#PalePink,random,0.6381931439866834,1,0
Marnee,the-everyday-shirt#Black,you-at-my-shoulder-tunic#Black,semi-hard,0.4872728533777223,1,0
Marnee,the-everyday-shirt#Black,the-cross-over-blouse#Mint,random,0.6769511201276182,1,0
Marnee,the-everyday-shirt#Cream,belle-two-in-one-top#Charcoal,semi-hard,0.5308403558052435,1,0
Marnee,the-everyday-shirt#Cream,the-sleeve-detail-knit#Ivory,random,0.6032881352013687,1,0
Marnee,the-everyday-shirt#Midnight,fundamental-split-hoodie#Pink,semi-hard,0.5504339194062977,1,0
Marnee,the-everyday-shirt#Midnight,meredith-78-oversized-pullover-knit#WhiteCapGr,random,1.0908615388172194,1,0
Marnee,the-everyday-shirt#Pink,always-mine-v-neck-knit#Terracotta,semi-hard,0.5121115966153419,1,0
Marnee,the-everyday-shirt#Pink,messina-knit-1#Shiraz,random,0.8190618931197114,1,0
Marnee,the-everyday-shirt#Rose,2-in-1-layered-top-1#PinkWhite,semi-hard,0.5593702316548758,1,0
Marnee,the-everyday-shirt#Rose,the-tie-detail-hoody#FrenchBlue,random,0.6305312803440144,1,0
Marnee,the-pirate-in-me-shirt#White,llama-long-sleeve-shirt#Mustard,semi-hard,0.5820054214639109,1,0
Marnee,the-pirate-in-me-shirt#White,print-tee-3#Boats,random,0.931410245295233,1,0
Marnee,the-relaxed-long-sleeve-tee#Black,wellington-tee#HeatheGrey,semi-hard,0.6004408551810237,1,0
Marnee,the-relaxed-long-sleeve-tee#Black,the-wrap-jersey-top#NavyWhite,random,0.46719595297544736,1,0
Marnee,the-relaxed-long-sleeve-tee#Khaki,the-long-sleeve-scoop-neck-tee#Grey,semi-hard,0.5362394229435428,1,0
Marnee,the-relaxed-long-sleeve-tee#Khaki,side-buttoned-sweater#Buttoned,random,0.5009016507143849,1,0
Marnee,the-relaxed-long-sleeve-tee#Navy,belle-half-sleeve-forgiver-tunic#White,semi-hard,0.5821526260577057,1,0
Marnee,the-relaxed-long-sleeve-tee#Navy,layered-stripe-top#PinkStripe,random,0.6381931439866834,1,0
Marnee,the-relaxed-long-sleeve-tee#Pink,fundamental-sydney-crew#Burgundy,semi-hard,0.5488289377861006,1,0
Marnee,the-relaxed-long-sleeve-tee#Pink,voyager-stripe-crew#Stripe,random,0.6292134831460674,1,0
Marnee,the-relaxed-long-sleeve-tee#White,the-contrast-panel-top#SageStripe,semi-hard,0.5974129560271882,1,0
Marnee,the-relaxed-long-sleeve-tee#White,the-wrap-jersey-top#JetBlack,random,0.46719595297544736,1,0
Marnee,to-the-beat-of-the-drum-kimono#Leaf,the-stripe-jersey-top#Pink,semi-hard,0.546684266195034,1,0
Marnee,to-the-beat-of-the-drum-kimono#Leaf,the-zip-front-top#Blue,random,0.6009393639894576,1,0
Marnee,walk-in-the-park-cardi#Sand,sandy-off-the-shoulder-top#Gingham,semi-hard,0.47062591032043277,1,0
Marnee,walk-in-the-park-cardi#Sand,the-ultimate-tie-cardi#Port,random,0.5771068499445138,1,0
Marnee,weekend-vibes-blouse#Blush,foil-striped-2-in-1-top#Blue,semi-hard,0.5900494751930457,1,0
Marnee,weekend-vibes-blouse#Blush,the-cross-over-blouse#RoyalBlue,random,0.6769511201276182,1,0
Marnee,wrap-me-up-bamboo-top#Black,belle-off-the-shoulder-tee#Stripe,semi-hard,0.5987464670897489,1,0
Marnee,wrap-me-up-bamboo-top#Black,rib-tank-2#Khaki,random,0.4527467835344708,1,0
Marnee,wrap-me-up-bamboo-top#BlueJeans,coogee-shirt#White,semi-hard,0.48694990636704116,1,0
Marnee,wrap-me-up-bamboo-top#BlueJeans,stripe-me-happy-blouse#Ash,random,0.6378138438063532,1,0
Mercy,aztec-cardigan#BlackIvory,st-helens-henley-tee#White,hard,0.20801475012642506,1,0
Mercy,aztec-cardigan#BlackIvory,frill-me-tie-throw-on#WhiteBlk,semi-hard,0.2634198424967514,1,0
Mercy,aztec-cardigan#BlackIvory,moonlight-kisses-bamboo-tee#White,random,0.35176224963032665,1,0
Mercy,aztec-cardigan#Orange,natural-tie-tunic#BlueSky,hard,0.2112361492520116,1,0
Mercy,aztec-cardigan#Orange,the-tie-front-top#Navy,semi-hard,0.28050179155544464,1,0
Mercy,aztec-cardigan#Orange,lazy-daze-tee#Khaki,random,0.469057320972481,1,0
Mercy,belle-cowl-swing-sweater#Black,pure-merino-fine-rib-v-neck#Charcoal,hard,0.1526485788113695,1,0
Mercy,belle-cowl-swing-sweater#Black,layered-stripe-top#PinkStripe,semi-hard,0.3517791129760145,1,0
Mercy,belle-cowl-swing-sweater#Black,aigli-top#Navy,random,0.26211420345796604,1,0
Mercy,belle-cowl-swing-sweater#Green,the-longline-cardi-1#Nude,hard,0.19229869206050482,1,0
Mercy,belle-cowl-swing-sweater#Green,moonlight-kisses-bamboo-tee#Combat,semi-hard,0.35176224963032665,1,0
Mercy,belle-cowl-swing-sweater#Green,floral-blouse-2#NavyMulti,random,0.26827866648743115,1,0
Mercy,belle-deep-v-mesh-top#Black,cara-tee-4#Black,hard,0.21191544402409437,1,0
Mercy,belle-deep-v-mesh-top#Black,belle-off-the-shoulder-tee#Stripe,semi-hard,0.3193371364878792,1,0
Mercy,belle-deep-v-mesh-top#Black,the-zip-front-blouse#Navy,random,0.4832724145803861,1,0
Mercy,belle-ls-free-fall-tee#Airforce,mila-knit-cardigan#StoneBlack,hard,0.1845818610412306,1,0
Mercy,belle-ls-free-fall-tee#Airforce,falling-for-you-cardi#Black,semi-hard,0.32947976878612717,1,0
Mercy,belle-ls-free-fall-tee#Airforce,alberta-stripe-top#IvoryStrip,random,0.26062658831512175,1,0
Mercy,belle-ls-free-fall-tee#Blush,the-long-sleeve-v-neck-tee#Navy,hard,0.21245183044315993,1,0
Mercy,belle-ls-free-fall-tee#Blush,geneva-v-neck-top#ClaySpot,semi-hard,0.30703291533040156,1,0
Mercy,belle-ls-free-fall-tee#Blush,annabelle-sweater#Midnight,random,0.6020554478008437,1,0
Mercy,belle-ls-free-fall-tee#Greenland,the-long-sleeve-v-neck-tee#White,hard,0.21245183044315993,1,0
Mercy,belle-ls-free-fall-tee#Greenland,daylight-jumper#Silver,semi-hard,0.3468392128998393,1,0
Mercy,belle-ls-free-fall-tee#Greenland,holly-rib-long-sleeve-tee#Khaki,random,0.24595031654280208,1,0
Mercy,belle-mid-length-knit-cardi#Black,mila-knit-cardigan#Black,hard,0.1845818610412306,1,0
Mercy,belle-mid-length-knit-cardi#Black,layer-top-1#Navy,semi-hard,0.2665787558918356,1,0
Mercy,belle-mid-length-knit-cardi#Black,double-layered-top-1#WSilver,random,0.20952508977781192,1,0
Mercy,belle-paint-brush-print-top#PaintPrint,the-cotton-bamboo-tee#DuckEgg,hard,0.14086098681978504,1,0
Mercy,belle-paint-brush-print-top#PaintPrint,cotton-stripe-cardi-with-pockets#White,semi-hard,0.3470394526274012,1,0
Mercy,belle-paint-brush-print-top#PaintPrint,grace-oversized-knit#StoneBlack,random,0.41126039406218196,1,0
Mercy,belle-petal-print-top#Petal,fundamental-stripe-long-sleeve-tee#WhiteBlack,hard,0.21599805401391636,1,0
Mercy,belle-petal-print-top#Petal,arya-frilled-blouse#Oyster,semi-hard,0.26591055665444024,1,0
Mercy,belle-petal-print-top#Petal,soho-v-neck-blouse#SohoPrint,random,0.27458973193614944,1,0
Mercy,belle-satin-shirt#Black,spliced-stripe-tunic#Navy,hard,0.21453564387174415,1,0
Mercy,belle-satin-shirt#Black,falling-for-you-cardi#Teal,semi-hard,0.32947976878612717,1,0
Mercy,belle-satin-shirt#Black,cuddled-longline-cardigan#Sunflower,random,0.19788526043567045,1,0
Mercy,belle-square-neck-drape-tee#Vanilla,stara-cardigan#GreyMarle,hard,0.18336659326543722,1,0
Mercy,belle-square-neck-drape-tee#Vanilla,falling-for-you-cardi#Mustard,semi-hard,0.32947976878612717,1,0
Mercy,belle-square-neck-drape-tee#Vanilla,long-sleeve-ruffle-shirt#Black,random,0.3645910548652853,1,0
Mercy,belle-tie-front-shirt#Black,multi-pattern-print-top#NavyMulti,hard,0.2117246061618625,1,0
Mercy,belle-tie-front-shirt#Black,messina-v-neck-tee#Black,semi-hard,0.27084105486528526,1,0
Mercy,belle-tie-front-shirt#Black,gloria-applique-crew#Charcoal,random,0.22912149770514473,1,0
Mercy,belle-v-neck-forgiver-tunic#ArmyGreen,leah-knit-cardigan#WhiteBlk,hard,0.1652796314788854,1,0
Mercy,belle-v-neck-forgiver-tunic#ArmyGreen,the-ultimate-tie-cardi#Port,semi-hard,0.2946880861162855,1,0
Mercy,belle-v-neck-forgiver-tunic#ArmyGreen,contrast-stripe-sweater#Pockets,random,0.44154040161568053,1,0
Mercy,belle-v-neck-forgiver-tunic#Black,fundamental-vee-tee#Navy,hard,0.2124790358407108,1,0
Mercy,belle-v-neck-forgiver-tunic#Black,the-roll-neck-sweater#Natural,semi-hard,0.3254954582989265,1,0
Mercy,belle-v-neck-forgiver-tunic#Black,for-the-frill-top#Ivory,random,0.425994017213015,1,0
Mercy,belle-v-neck-forgiver-tunic#BlueMarle,rib-tank-2#White,hard,0.2108095046057138,1,0
Mercy,belle-v-neck-forgiver-tunic#BlueMarle,the-batwing-tee#Stone,semi-hard,0.3240682951497577,1,0
Mercy,belle-v-neck-forgiver-tunic#BlueMarle,the-design-fold-tunic-top#PearlBlue,random,0.2893097990641343,1,0
Mercy,belle-v-neck-forgiver-tunic#Charcoal,butterfly-blouse-1#Ivory,hard,0.14508742534518848,1,0
Mercy,belle-v-neck-forgiver-tunic#Charcoal,blue-waters-cotton-blouse#White,semi-hard,0.3501752947784841,1,0
Mercy,belle-v-neck-forgiver-tunic#Charcoal,messina-knit#Cognac,random,0.4882052999315064,1,0
Mercy,belle-v-neck-forgiver-tunic#DenimMarl,leary-cardigan#Pine,hard,0.18734300885295643,1,0
Mercy,belle-v-neck-forgiver-tunic#DenimMarl,frill-blouse#Rust,semi-hard,0.26578153105576147,1,0
Mercy,belle-v-neck-forgiver-tunic#DenimMarl,ricki-one-shoulder-top#BlackWhite,random,0.22668961521965958,1,0
Mercy,belle-v-neck-forgiver-tunic#Navy,34-sleeve-shirt-1#SkyWhite,hard,0.19394899948149713,1,0
Mercy,belle-v-neck-forgiver-tunic#Navy,the-tie-front-top#Black,semi-hard,0.28050179155544464,1,0
Mercy,belle-v-neck-forgiver-tunic#Navy,bella-ls-tee#GreenWhite,random,0.20581523374237448,1,0
Mercy,belle-v-neck-forgiver-tunic#Scarlett,meadow-cardigan#Cream,hard,0.16793939917679668,1,0
Mercy,belle-v-neck-forgiver-tunic#Scarlett,always-mine-spliced-cardigan#GreyEmeral,semi-hard,0.2650413842106274,1,0
Mercy,belle-v-neck-forgiver-tunic#Scarlett,the-essential-pullover#SkyBlue,random,0.38782801174419673,1,0
Mercy,belle-v-neck-forgiver-tunic#Tobacco,york-linen-blend-long-cardigan#BurntOrang,hard,0.19231595548556835,1,0
Mercy,belle-v-neck-forgiver-tunic#Tobacco,milan-stretch-top#Navy,semi-hard,0.35582959659196384,1,0
Mercy,belle-v-neck-forgiver-tunic#Tobacco,the-cosy-cardigan#Grey,random,0.4101293696669419,1,0
Mercy,belle-v-neck-forgiver-tunic#White,hayley-button-down#NavySparro,hard,0.2045273782318412,1,0
Mercy,belle-v-neck-forgiver-tunic#White,the-panel-hem-top#DenimMarle,semi-hard,0.2835353334101486,1,0
Mercy,belle-v-neck-forgiver-tunic#White,bird-print-jumper#Navy,random,0.2591142882747937,1,0
Mercy,overlay-tunic-3-pce-set#Emerald,cara-tee-3#Mustard,hard,0.2133605307292967,1,0
Mercy,overlay-tunic-3-pce-set#Emerald,hydrangea-kimono#Hydrangea,semi-hard,0.2664464629782549,1,0
Mercy,overlay-tunic-3-pce-set#Emerald,double-layered-top-1#WBlack,random,0.20952508977781192,1,0
Miranda,the-asymmetrical-tank-top#HotPink,eco-78-long-cardigan#LightGreyM,hard,0.35235455970301566,1,0
Miranda,the-asymmetrical-tank-top#HotPink,falling-for-you-tunic#Black,semi-hard,0.5750027095908419,1,0
Miranda,the-asymmetrical-tank-top#HotPink,nova-lux-long-sleeve-tie-top-1#CloudDance,random,0.43034424800607557,1,0
Miranda,the-asymmetrical-tank-top#Indigo,leah-knit-cardigan#WhiteBlk,hard,0.3598232384036606,1,0
Miranda,the-asymmetrical-tank-top#Indigo,star-and-spot-sweater#SilverMult,semi-hard,0.5686649082068148,1,0
Miranda,the-asymmetrical-tank-top#Indigo,belle-half-sleeve-forgiver-tunic#Apricot,random,0.5810008620527161,1,0
Miranda,the-boat-neck-top#Black,rika-top#BatikTile,hard,0.316707390334916,1,0
Miranda,the-boat-neck-top#Black,messina-v-neck-tee#White,semi-hard,0.537344508248405,1,0
Miranda,the-boat-neck-top#Black,meera-oversized-shirt#Mint,random,0.6904045192377657,1,0
Miranda,the-boat-neck-top#Navy,elina-lace-frill-blouse#Black,hard,0.3266858418038766,1,0
Miranda,the-boat-neck-top#Navy,lola-bell-sleeve-top-entangled-vines#Gold,semi-hard,0.5568629996414575,1,0
Miranda,the-boat-neck-top#Navy,2-in-1-jumper#Navy,random,0.586597142543277,1,0
Miranda,the-cape-jersey-top#DarkNavy,analia-top#White,hard,0.3233527917171596,1,0
Miranda,the-cape-jersey-top#DarkNavy,agra-shirt#White,semi-hard,0.5732001729679158,1,0
Miranda,the-cape-jersey-top#DarkNavy,rory-spliced-zip-hoodie#Silver,random,0.46560753967023405,1,0
Miranda,the-contrast-detail-top#Ivory,falling-for-you-cardi#Khaki,hard,0.3216374269005848,1,0
Miranda,the-contrast-detail-top#Ivory,marlow-cardigan#Cream,semi-hard,0.5511890480136964,1,0
Miranda,the-contrast-detail-top#Ivory,sugar-snaps-throw-jacket#Black,random,0.8334371693133757,1,0
Miranda,the-cotton-tie-detail-top#Ivory,manhattan-stretch-tee#White,hard,0.35073029996982086,1,0
Miranda,the-cotton-tie-detail-top#Ivory,karmen-top#HighRiskRe,semi-hard,0.4927775659761935,1,0
Miranda,the-cotton-tie-detail-top#Ivory,falling-for-you-cardi#Port,random,0.3216374269005848,1,0
Miranda,the-cross-over-printed-blouse#Leopard,the-long-sleeve-v-neck-tee#Navy,hard,0.3413828322756428,1,0
Miranda,the-cross-over-printed-blouse#Leopard,layered-tee-2#White,semi-hard,0.5201455862272626,1,0
Miranda,the-cross-over-printed-blouse#Leopard,long-sleeve-tee-2#NavyWhite,random,0.3243030739807733,1,0
Miranda,the-crossover-button-blouse-1#Ornate,ricki-one-shoulder-top#BlackWhite,hard,0.35165107948883056,1,0
Miranda,the-crossover-button-blouse-1#Ornate,first-mix-top-1#BlackWhite,semi-hard,0.5242914122260792,1,0
Miranda,the-crossover-button-blouse-1#Ornate,arizona-off-the-shoulder-top#Khaki,random,0.46922202491232534,1,0
Miranda,the-define-flute-sleeve-blouse#Black,the-cotton-bamboo-tee#DuckEgg,hard,0.33683616671156047,1,0
Miranda,the-define-flute-sleeve-blouse#Black,the-weekender-shirt#GreyStripe,semi-hard,0.5732287172005655,1,0
Miranda,the-define-flute-sleeve-blouse#Black,double-layered-top-1#WSilver,random,0.40328648160680586,1,0
Miranda,the-define-flute-sleeve-blouse#White,falling-for-you-cardi-1#GreyGarden,hard,0.3216374269005848,1,0
Miranda,the-define-flute-sleeve-blouse#White,kimono-and-me-cardi#Sand,semi-hard,0.5764966961486364,1,0
Miranda,the-define-flute-sleeve-blouse#White,the-cut-out-shoulder-blouse#Salmon,random,0.6555207983075331,1,0
Miranda,the-french-cuff-shirt#White,endeavor-long-sleeve-tee#Stripe,hard,0.2558139534883721,1,0
Miranda,the-french-cuff-shirt#White,the-zip-front-top#Rose,semi-hard,0.5997720118090024,1,0
Miranda,the-french-cuff-shirt#White,analia-jersey-top#Black,random,0.44032269947503605,1,0
Miranda,the-frill-wrap-blouse#Spot,henson-jumper#Cream,hard,0.2795685399047359,1,0
Miranda,the-frill-wrap-blouse#Spot,luxe-shirt#Navy,semi-hard,0.4847372130113869,1,0
Miranda,the-frill-wrap-blouse#Spot,weekend-tunic#Navy,random,0.8168450360295777,1,0
Miranda,the-luxe-dobby-blouse#White,back-to-you-top#Rust,hard,0.28671297976859106,1,0
Miranda,the-luxe-dobby-blouse#White,hacienda-tunic-pushkar#Cornflower,semi-hard,0.592508927588788,1,0
Miranda,the-luxe-dobby-blouse#White,the-essential-layering-tee#Ink,random,0.618458143243945,1,0
Miranda,the-open-sleeve-blouse#Berry,the-cotton-bamboo-tee#BlueJeans,hard,0.33683616671156047,1,0
Miranda,the-open-sleeve-blouse#Berry,the-pocket-tee#NavyStripe,semi-hard,0.5972170707482825,1,0
Miranda,the-open-sleeve-blouse#Berry,the-cotton-bamboo-tee#DustyPink,random,0.33683616671156047,1,0
Miranda,the-pleated-sleeve-top#Sage,natural-crossover-knit-1#Stormcloud,hard,0.36544478434038397,1,0
Miranda,the-pleated-sleeve-top#Sage,belle-half-sleeve-forgiver-tunic#MutedClay,semi-hard,0.5810008620527161,1,0
Miranda,the-pleated-sleeve-top#Sage,the-relaxed-batwing-top#Denim%20Blue,random,0.8334662413609782,1,0
Miranda,the-printed-side-ring-detail-blouse#Block,mila-knit-cardigan#InkWhite,hard,0.33855795398048144,1,0
Miranda,the-printed-side-ring-detail-blouse#Block,belle-v-neck-forgiver-tunic#Charcoal,semi-hard,0.6129287031277519,1,0
Miranda,the-printed-side-ring-detail-blouse#Block,dot-to-dot-knit-1#GreyMarle,random,0.49360755710079507,1,0
Miranda,the-relax-blouse#White,pure-merino-fine-rib-v-neck#Charcoal,hard,0.10469448584202683,1,0
Miranda,the-relax-blouse#White,the-long-sleeve-scoop-neck-tee#Navy,semi-hard,0.4841901264789882,1,0
Miranda,the-relax-blouse#White,the-striped-top#BlueStripe,random,0.7073184929672078,1,0
Miranda,the-reversible-cowl-neck-top-1#Black,falling-for-you-cardi#Black,hard,0.3216374269005848,1,0
Miranda,the-reversible-cowl-neck-top-1#Black,layered-tunic-1#White,semi-hard,0.48725703115388497,1,0
Miranda,the-reversible-cowl-neck-top-1#Black,lake-house-top#CoalPrint,random,0.3742543874850193,1,0
Miranda,the-reversible-cowl-neck-top-1#White,stara-cardigan#GreyMarle,hard,0.3531453869581164,1,0
Miranda,the-reversible-cowl-neck-top-1#White,belle-two-in-one-top#Charcoal,semi-hard,0.5331166471383579,1,0
Miranda,the-reversible-cowl-neck-top-1#White,collared-shirt-1#White,random,0.4675554048622753,1,0
Miranda,the-roll-neck-sleeveless-top-1#Black,monaco-knot-top#HeatheGrey,hard,0.23495361291953182,1,0
Miranda,the-roll-neck-sleeveless-top-1#Black,relaxed-top-1#FloraStrip,semi-hard,0.6005031959744322,1,0
Miranda,the-roll-neck-sleeveless-top-1#Black,milan-stretch-top#SilverMarl,random,0.6452182473449304,1,0
Miranda,the-side-panel-drape-top#OffWhite,eco-78-long-cardigan#DarkGreyM,hard,0.35235455970301566,1,0
Miranda,the-side-panel-drape-top#OffWhite,the-twist-hem-jumper#DenimMarle,semi-hard,0.5553087999538427,1,0
Miranda,the-side-panel-drape-top#OffWhite,softly-swinging-bamboo-tee#BlueJeans,random,0.6619997352986899,1,0
Miranda,the-side-ring-detail-blouse-1#Black,bamboo-layer-tank#Black,hard,0.29147769202347124,1,0
Miranda,the-side-ring-detail-blouse-1#Black,diva-ruffle-jumper#Gold%20Spot,semi-hard,0.5269864860455185,1,0
Miranda,the-side-ring-detail-blouse-1#Black,roll-with-me-jumper#Chalk,random,0.6423880993452797,1,0
Miranda,the-sleeve-detail-knit#Ivory,mila-knit-cardigan#Black,hard,0.33855795398048144,1,0
Miranda,the-sleeve-detail-knit#Ivory,fundamental-rib-long-sleeve-tee#Black,semi-hard,0.5041145497959711,1,0
Miranda,the-sleeve-detail-knit#Ivory,the-batwing-tee#FrenchBlue,random,0.42968293809536257,1,0
Miranda,the-uneven-hem-knit-1#Sage,holly-rib-long-sleeve-tee#WhiteGrey,hard,0.2687934129909971,1,0
Miranda,the-uneven-hem-knit-1#Sage,geneva-v-neck-top#HeatheGrey,semi-hard,0.5850583508297656,1,0
Miranda,the-uneven-hem-knit-1#Sage,the-roll-neck-sweater#Natural,random,0.5156594504819719,1,0
Miranda,york-linen-blend-long-cardigan#BurntOrang,shirt-in-a-box#Silver,hard,0.3609988512044213,1,0
Miranda,york-linen-blend-long-cardigan#BurntOrang,hacienda-tunic-5#PatchGold,semi-hard,0.5055850380320653,1,0
Miranda,york-linen-blend-long-cardigan#BurntOrang,lenka-lurex-stripe-blouse#NavyGoldSt,random,0.45503041936916366,1,0
Miranda,york-linen-blend-top#BurntOrang,renee-sweater#Sapphire,hard,0.33229085657627705,1,0
Miranda,york-linen-blend-top#BurntOrang,the-essential-pullover#DustyPeach,semi-hard,0.5956881132829726,1,0
Miranda,york-linen-blend-top#BurntOrang,print-shirt-1#Blush,random,0.6120780892173131,1,0
Monique,alberta-stripe-top#IvoryStrip,everyday-linen-tunic#BotanicalB,hard,0.3090805919791427,1,0
Monique,alberta-stripe-top#IvoryStrip,mauevewood-crew#YellowWhit,semi-hard,0.5276267157426577,1,0
Monique,alberta-stripe-top#IvoryStrip,the-boat-neck-top#Navy,random,0.37125143777317693,1,0
Monique,anna-top#Leona,leary-cardigan#Pine,hard,0.319197147458017,1,0
Monique,anna-top#Leona,wellington-tee#HeatheGrey,semi-hard,0.5621946169772257,1,0
Monique,anna-top#Leona,the-fleck-roll-neck-knit#Oatmeal,random,0.7012345679012346,1,0
Monique,double-layered-top-1#WBlack,drapey-stripe-tee#Navy,hard,0.3372594126217314,1,0
Monique,double-layered-top-1#WBlack,ruffle-sleeve-top-1#Black,semi-hard,0.5956360708534622,1,0
Monique,double-layered-top-1#WBlack,eco-78-long-cardigan#DarkGreyM,random,0.32352733686067014,1,0
Monique,double-layered-top-1#WSilver,pure-merino-fine-rib-polo#BlackStri,hard,0.22666283260486159,1,0
Monique,double-layered-top-1#WSilver,frill-sleeve-top-1#LeafPrint,semi-hard,0.46410628019323674,1,0
Monique,double-layered-top-1#WSilver,the-sleeveless-cross-over-blouse#Chambray,random,0.5990096618357488,1,0
Monique,gloria-applique-crew#Charcoal,monaco-knot-top#Olive,hard,0.2215880683996626,1,0
Monique,gloria-applique-crew#Charcoal,waterfall-cardi-1#Black,semi-hard,0.459397285484242,1,0
Monique,gloria-applique-crew#Charcoal,paint-stroke-top#Strokes,random,0.655524116248754,1,0
Monique,hannah-tee-1#Black,high-street-knit#NavyStripe,hard,0.318743194540296,1,0
Monique,hannah-tee-1#Black,cotton-stripe-cardi-with-pockets#White,semi-hard,0.560408710988421,1,0
Monique,hannah-tee-1#Black,daisy-top-1#BrightBlue,random,0.5070976152135572,1,0
Monique,hannah-tee-1#RedWhite,falling-for-you-cardi#Dusty,hard,0.33714285714285713,1,0
Monique,hannah-tee-1#RedWhite,linen-v-neck-cami-2#BlueWhite,semi-hard,0.45752779694808676,1,0
Monique,hannah-tee-1#RedWhite,wellington-tee#Black,random,0.5621946169772257,1,0
Monique,layered-tunic-1#Natural,ynes#Black,hard,0.3464488919561383,1,0
Monique,layered-tunic-1#Natural,spiced-stripe-tee#NavyWhite,semi-hard,0.4889341308181888,1,0
Monique,layered-tunic-1#Natural,the-cotton-cardi#Khaki,random,0.5015520282186949,1,0
Monique,layered-tunic-1#PalePink,monaco-knot-top#Black,hard,0.2215880683996626,1,0
Monique,layered-tunic-1#PalePink,falling-for-you-tunic#Rust,semi-hard,0.5331289778391227,1,0
Monique,layered-tunic-1#PalePink,the-everyday-shirt#Pink,random,0.6990598880453953,1,0
Monique,layered-tunic-1#White,falling-for-you-cardi#Navy,hard,0.33714285714285713,1,0
Monique,layered-tunic-1#White,nature-ls-top#BlueGum,semi-hard,0.5155409861206963,1,0
Monique,layered-tunic-1#White,crushed-top#Blue,random,0.5973176903611686,1,0
Monique,linen-cotton-shirt#White,ricki-one-shoulder-top#BlackWhite,hard,0.31913350203205276,1,0
Monique,linen-cotton-shirt#White,the-twist-hem-jumper#DenimMarle,semi-hard,0.5795767195767195,1,0
Monique,linen-cotton-shirt#White,geena-xo-ls-pullover-knit#Allure,random,0.345225826240319,1,0
Monique,lurex-stitch-top#White,holly-rib-long-sleeve-tee#Khaki,hard,0.2397247143623955,1,0
Monique,lurex-stitch-top#White,the-dobby-sleeve-tee#InkBlue,semi-hard,0.5906407995296884,1,0
Monique,lurex-stitch-top#White,faith-jumper#Eventide,random,0.3037259412621731,1,0
Monique,reversible-scoopv-neck-tank#Black,glasgow-top#Melange,hard,0.24375047925772564,1,0
Monique,reversible-scoopv-neck-tank#Black,you-at-my-shoulder-tunic#Black,semi-hard,0.48144620811287475,1,0
Monique,reversible-scoopv-neck-tank#Black,waterfall-cardi-1#Navy,random,0.459397285484242,1,0
Monique,reversible-scoopv-neck-tank#Navy,leah-knit-cardigan#Black,hard,0.3272923855532551,1,0
Monique,reversible-scoopv-neck-tank#Navy,the-stripe-jersey-top#Pink,semi-hard,0.51105743424584,1,0
Monique,reversible-scoopv-neck-tank#Navy,long-sleeve-softly-swinging-bamboo-tee#Smoke,random,0.6007426577716433,1,0
Monique,reversible-scoopv-neck-tank#White,the-reversible-cowl-neck-top-2#Ocean,hard,0.2558668813741277,1,0
Monique,reversible-scoopv-neck-tank#White,foil-spot-jumper#SilverDot,semi-hard,0.4823380108887355,1,0
Monique,reversible-scoopv-neck-tank#White,cross-over-top-with-pocket#Emerald,random,0.6167816885208189,1,0
Monique,still-the-one-ruffle-blouse#Spot,monaco-knot-top#HeatheGrey,hard,0.2215880683996626,1,0
Monique,still-the-one-ruffle-blouse#Spot,natural-overlay-knit#Greybloss,semi-hard,0.5967078189300411,1,0
Monique,still-the-one-ruffle-blouse#Spot,belle-v-neck-forgiver-tunic#Tobacco,random,0.5723035043324899,1,0
Monique,the-asymmetrical-tank-top#HotPink,natural-crossover-knit-1#Stormcloud,hard,0.3288620504562534,1,0
Monique,the-asymmetrical-tank-top#HotPink,cross-my-heart-sweater#Regal,semi-hard,0.5860112977021189,1,0
Monique,the-asymmetrical-tank-top#HotPink,the-tie-front-top#Navy,random,0.5124541829614293,1,0
Monique,the-asymmetrical-tank-top#Indigo,overlay-tunic-3-pce-set#Emerald,hard,0.26807300053676864,1,0
Monique,the-asymmetrical-tank-top#Indigo,2-in-1-jumper#Navy,semi-hard,0.5464780308258569,1,0
Monique,the-asymmetrical-tank-top#Indigo,belle-twist-front-tee-1#Black,random,0.5301384096311632,1,0
Monique,the-cotton-bamboo-tank#Chambray,the-cotton-bamboo-tee#DuckEgg,hard,0.3051453109424124,1,0
Monique,the-cotton-bamboo-tank#Chambray,belle-v-neck-forgiver-tunic#BlueMarle,semi-hard,0.5723035043324899,1,0
Monique,the-cotton-bamboo-tank#Chambray,sunshine-in-me-tee-1#GreyMarle,random,0.575379188712522,1,0
Monique,the-cotton-bamboo-tank#DarkNavy,falling-for-you-cardi#Port,hard,0.33714285714285713,1,0
Monique,the-cotton-bamboo-tank#DarkNavy,belle-half-sleeve-boat-tee#White,semi-hard,0.4835277202668507,1,0
Monique,the-cotton-bamboo-tank#DarkNavy,buttoned-top#Spotty,random,0.6021164021164022,1,0
Monique,the-cotton-bamboo-tank#DuckEgg,mila-knit-cardigan#Black,hard,0.3064987347596043,1,0
Monique,the-cotton-bamboo-tank#DuckEgg,wellington-tee#Olive,semi-hard,0.5621946169772257,1,0
Monique,the-cotton-bamboo-tank#DuckEgg,square-peg-pullover#SilverMix,random,0.42560769879610455,1,0
Monique,the-cotton-bamboo-tank#Moonbeam,colourblock-cardi#NavyRed,hard,0.31491143317230275,1,0
Monique,the-cotton-bamboo-tank#Moonbeam,ryder-cosy-sweater#Blossom,semi-hard,0.4842473736676635,1,0
Monique,the-cotton-bamboo-tank#Moonbeam,relaxed-top-1#FloraStrip,random,0.655626102292769,1,0
Monique,the-cotton-bamboo-tank#White,holly-rib-long-sleeve-tee#Black,hard,0.2397247143623955,1,0
Monique,the-cotton-bamboo-tank#White,rise-top#Ink,semi-hard,0.474370830457787,1,0
Monique,the-cotton-bamboo-tank#White,the-define-flute-sleeve-blouse#Black,random,0.5912276665899854,1,0
Monique,the-crossover-2-way-blouse#Black,henson-jumper#Cream,hard,0.2502737520128825,1,0
Monique,the-crossover-2-way-blouse#Black,daylight-jumper#Silver,semi-hard,0.595375354650717,1,0
Monique,the-crossover-2-way-blouse#Black,the-dobby-sleeve-tee#White,random,0.5906407995296884,1,0
Monique,the-design-fold-tunic-top#PearlBlue,ally-long-sleeve-tee#CosmosPr,hard,0.25288168085269536,1,0
Monique,the-design-fold-tunic-top#PearlBlue,runaway-top#Sand,semi-hard,0.5681363903586125,1,0
Monique,the-design-fold-tunic-top#PearlBlue,tinker-stripe-knit#NavyWhite,random,0.40825780231577335,1,0
Monique,the-open-sleeve-blouse#Berry,geena-xo-ls-pullover-knit#WhiteCapGr,hard,0.345225826240319,1,0
Monique,the-open-sleeve-blouse#Berry,the-french-cuff-shirt#White,semi-hard,0.5593604784909132,1,0
Monique,the-open-sleeve-blouse#Berry,belle-half-sleeve-forgiver-tunic#MutedClay,random,0.5431105743424584,1,0
Monique,the-stella-tee#Marine,aztec-cardigan#Orange,hard,0.3426508703320298,1,0
Monique,the-stella-tee#Marine,the-bamboo-tunic-dress#Khaki,semi-hard,0.5358259847148736,1,0
Monique,the-stella-tee#Marine,melbourne-stretch-cardigan#Black,random,0.3942910819722414,1,0
Monique,wildflower-shirt#White,the-relax-blouse#White,hard,0.34960854228970173,1,0
Monique,wildflower-shirt#White,celestial-woven-top#White,semi-hard,0.5220734606241852,1,0
Monique,wildflower-shirt#White,the-twist-front-top#Grey,random,0.7612401911918821,1,0
Monique,yvette-blouse#Black,falling-for-you-cardi#Teal,hard,0.33714285714285713,1,0
Monique,yvette-blouse#Black,nuzuri-longline-cardi#Forest,semi-hard,0.5314520870076426,1,0
Monique,yvette-blouse#Black,aztec-cardigan#BlackIvory,random,0.3426508703320298,1,0
Nadine,adventurous-hoody#Pink,henson-jumper#Cream,hard,0.24179827859185843,1,0
Nadine,adventurous-hoody#Pink,alberta-stripe-top#IvoryStrip,semi-hard,0.41724617258157437,1,0
Nadine,adventurous-hoody#Pink,capri-tank-6#ClaySpot,random,0.36931082391535,1,0
Nadine,amira-sweater#Cream,relaxed-v-neck-knit#Silver,hard,0.28868891413537623,1,0
Nadine,amira-sweater#Cream,the-panel-hem-top#DenimMarle,semi-hard,0.43513718601587525,1,0
Nadine,amira-sweater#Cream,softly-swinging-bamboo-tee#Cashew,random,0.5415187467067931,1,0
Nadine,cable-knit-sweater#Camel,glasgow-top#Melange,hard,0.2001993138864689,1,0
Nadine,cable-knit-sweater#Camel,the-sleeveless-cross-over-blouse#White,semi-hard,0.5241721685004967,1,0
Nadine,cable-knit-sweater#Camel,reversible-scoopv-neck-tank#White,random,0.3166212684723026,1,0
Nadine,collared-shirt-1#White,bamboo-layer-tank#Chalk,hard,0.25709044008905957,1,0
Nadine,collared-shirt-1#White,animal-knit-1#Animal,semi-hard,0.4607845793270776,1,0
Nadine,collared-shirt-1#White,mila-knit-cardigan#StoneBlack,random,0.24317617976733003,1,0
Nadine,cotton-cashmere-v-neck-knit#Navy,34-sleeve-shirt-1#SkyWhite,hard,0.25915779262597716,1,0
Nadine,cotton-cashmere-v-neck-knit#Navy,fundamental-sydney-crew#Navy,semi-hard,0.441028292901492,1,0
Nadine,cotton-cashmere-v-neck-knit#Navy,oregon-safari-embroidered-top#White,random,0.3880457005493002,1,0
Nadine,frost-cardigan#Mauvewoo,mila-knit-cardigan#Clay,hard,0.24317617976733003,1,0
Nadine,frost-cardigan#Mauvewoo,kimono-and-me-cardi#DustyPink,semi-hard,0.4553492062667278,1,0
Nadine,frost-cardigan#Mauvewoo,the-uneven-hem-knit-1#Sage,random,0.22338107098381071,1,0
Nadine,funnel-neck-knit-jumper#BlueMulti,mila-knit-cardigan#Black,hard,0.24317617976733003,1,0
Nadine,funnel-neck-knit-jumper#BlueMulti,drama-top#BlackGrey,semi-hard,0.4098752099679711,1,0
Nadine,funnel-neck-knit-jumper#BlueMulti,be-mine-top-1#Sage,random,0.7897547952768319,1,0
Nadine,great-scot-merino-carcoat#Twilight,monaco-knot-top#Black,hard,0.20206230116804624,1,0
Nadine,great-scot-merino-carcoat#Twilight,ruffle-top-4#Black,semi-hard,0.4019145838314627,1,0
Nadine,great-scot-merino-carcoat#Twilight,tuck-layer-shirt#White,random,0.7764825268516516,1,0
Nadine,half-sleeve-fluffy-knit#Ivory,the-cotton-bamboo-tee#White,hard,0.2406902547809709,1,0
Nadine,half-sleeve-fluffy-knit#Ivory,fundamental-sydney-crew#GreyMarle,semi-hard,0.441028292901492,1,0
Nadine,half-sleeve-fluffy-knit#Ivory,haze-swing-top#OffWhite,random,0.6262475049900199,1,0
Nadine,hayley-button-down#NavySparro,cherrington-top#GreyRose,hard,0.2929532154789015,1,0
Nadine,hayley-button-down#NavySparro,the-tie-front-top#Black,semi-hard,0.44250818829472294,1,0
Nadine,hayley-button-down#NavySparro,cyrus-top#LightRose,random,0.34268191909019985,1,0
Nadine,heart-spliced-top#Navy,elina-lace-frill-blouse#Black,hard,0.23936920877515788,1,0
Nadine,heart-spliced-top#Navy,clara-blouse#DarkFloral,semi-hard,0.4030157604295397,1,0
Nadine,heart-spliced-top#Navy,the-stripe-crossover-blouse#Bluestripe,random,0.6103701687534022,1,0
Nadine,heartmade-cardi#DustyRose,cara-tee-2#Blush,hard,0.29828447553635473,1,0
Nadine,heartmade-cardi#DustyRose,off-shoulder-top-2#FloraLace,semi-hard,0.5165351115949919,1,0
Nadine,heartmade-cardi#DustyRose,the-dobby-sleeve-tee#InkBlue,random,0.5198162668859573,1,0
Nadine,heartmade-sweater#Rust,holly-rib-long-sleeve-tee#Khaki,hard,0.208216125841637,1,0
Nadine,heartmade-sweater#Rust,the-stripe-pocket-tank#Stripe,semi-hard,0.43429703482201226,1,0
Nadine,heartmade-sweater#Rust,sky-shirt#Clouds,random,0.7037695825328226,1,0
Nadine,in-transit-cardi#Navy,the-longline-cardi-1#GreyMarle,hard,0.29858764856815606,1,0
Nadine,in-transit-cardi#Navy,luxe-shirt#Navy,semi-hard,0.4409102491342267,1,0
Nadine,in-transit-cardi#Navy,the-long-sleeve-v-neck-tee#White,random,0.26710970232503384,1,0
Nadine,je-taime-knit#Navy,born-to-run-shirt-jacket#Leopard,hard,0.29426025469529393,1,0
Nadine,je-taime-knit#Navy,the-side-ring-detail-blouse-1#Black,semi-hard,0.4454092646031961,1,0
Nadine,je-taime-knit#Navy,the-box-top#Khaki,random,0.6171998363041808,1,0
Nadine,juno-cardigan#GreyMarle,high-street-knit#NavyStripe,hard,0.2606424924719333,1,0
Nadine,juno-cardigan#GreyMarle,the-tie-sleeve-blouse#Grey,semi-hard,0.4278741822811546,1,0
Nadine,juno-cardigan#GreyMarle,the-relaxed-batwing-top#Denim%20Blue,random,0.7750977735052139,1,0
Nadine,long-sleeve-layer-top#Navy,manhattan-stretch-tee#NavyWhtStr,hard,0.26140430315543367,1,0
Nadine,long-sleeve-layer-top#Navy,aigli-top#Navy,semi-hard,0.4185343608905767,1,0
Nadine,long-sleeve-layer-top#Navy,foil-spot-jumper#SilverDot,random,0.413707209729345,1,0
Nadine,long-sleeve-layer-top#White,natural-classic-cardigan#Pebble,hard,0.25710185045769196,1,0
Nadine,long-sleeve-layer-top#White,the-long-sleeve-scoop-neck-tee#Grey,semi-hard,0.4629491017964072,1,0
Nadine,long-sleeve-layer-top#White,the-asymmetrical-tank-top#Indigo,random,0.5884641054130841,1,0
Nadine,long-sleeve-ruffle-shirt#Black,the-cotton-bamboo-tee#DuckEgg,hard,0.2406902547809709,1,0
Nadine,long-sleeve-ruffle-shirt#Black,not-today-buttoned-cardigan#Almond,semi-hard,0.4281157485775647,1,0
Nadine,long-sleeve-ruffle-shirt#Black,waterfall-cardi-1#Black,random,0.39364775192467666,1,0
Nadine,long-sleeve-ruffle-shirt#Navy,butterfly-blouse-1#Ivory,hard,0.27739090391856125,1,0
Nadine,long-sleeve-ruffle-shirt#Navy,marjorie-tie-blouse#BluePrint,semi-hard,0.3984551101289644,1,0
Nadine,long-sleeve-ruffle-shirt#Navy,falling-flowers-blouse#DustyPink,random,0.37233799603569684,1,0
Nadine,long-sleeve-ruffle-shirt#White,overlay-tunic-3-pce-set#Emerald,hard,0.20546899034659014,1,0
Nadine,long-sleeve-ruffle-shirt#White,on-the-open-road-maxi-shirt#DarkOchre,semi-hard,0.46773993446825646,1,0
Nadine,long-sleeve-ruffle-shirt#White,the-frill-detail-blouse#Chambray,random,0.5993168980525475,1,0
Nadine,mauevewood-crew#Charcoal,colourblock-cardi#NavyRed,hard,0.25148934067954815,1,0
Nadine,mauevewood-crew#Charcoal,falling-for-you-tunic#Black,semi-hard,0.4539566487834591,1,0
Nadine,mauevewood-crew#Charcoal,the-ruffle-sleeve-top#NavyStripe,random,0.48855963122111673,1,0
Nadine,mauevewood-crew#YellowWhit,the-cotton-bamboo-tee#DustyPink,hard,0.2406902547809709,1,0
Nadine,mauevewood-crew#YellowWhit,prickly-cactus-crew#Pink,semi-hard,0.42507084609298135,1,0
Nadine,mauevewood-crew#YellowWhit,cara-tee-3#ZebraPrint,random,0.30132283986648994,1,0
Nadine,merino-boyfriend-cardigan#MelangeStr,geena-xo-ls-pullover-knit#Allure,hard,0.2869082124032584,1,0
Nadine,merino-boyfriend-cardigan#MelangeStr,natural-detailed-sweater#Tinroof,semi-hard,0.4692655308338834,1,0
Nadine,merino-boyfriend-cardigan#MelangeStr,cover-up-slouch-cardi#Alloy,random,0.3542160862557231,1,0
Nadine,monaco-sweater#BlackCream,aztec-cardigan#BlackIvory,hard,0.28062628882295293,1,0
Nadine,monaco-sweater#BlackCream,belle-twist-front-tee-1#Black,semi-hard,0.4598615046344078,1,0
Nadine,monaco-sweater#BlackCream,circles-knit#Plum,random,0.3852882620070265,1,0
Nadine,multi-sequin-dot-stripe-top#Navy,cara-tee-4#Black,hard,0.299825833878466,1,0
Nadine,multi-sequin-dot-stripe-top#Navy,ember-knit#EmberGlow,semi-hard,0.43877278827787314,1,0
Nadine,multi-sequin-dot-stripe-top#Navy,celestial-woven-top#White,random,0.4521783815057149,1,0
Nadine,overlay-top-2#Black,the-long-sleeve-v-neck-tee#Navy,hard,0.26710970232503384,1,0
Nadine,overlay-top-2#Black,the-reversible-cowl-neck-top-1#Black,semi-hard,0.4197152646298511,1,0
Nadine,overlay-top-2#Black,the-cut-out-shoulder-blouse#Blue,random,0.5363340480745935,1,0
Nadine,renee-sweater#Sapphire,niue-neck-tie-shirt#LightBlue,hard,0.29824906108400034,1,0
Nadine,renee-sweater#Sapphire,ava-short-sleeve-linen-tee#Blush,semi-hard,0.4064338335332197,1,0
Nadine,renee-sweater#Sapphire,the-drape-tee-1#Black,random,0.6080792959535474,1,0
Nadine,runaway-top#JetBlack,manhattan-stretch-tee#White,hard,0.26140430315543367,1,0
Nadine,runaway-top#JetBlack,on-safari-blouse#Jewel,semi-hard,0.5209580838323353,1,0
Nadine,runaway-top#JetBlack,the-asymmetrical-hem-sweater#Blush,random,0.5089443936112302,1,0
Nadine,runaway-top#Sand,leah-knit-cardigan#WhiteBlk,hard,0.2629557695239869,1,0
Nadine,runaway-top#Sand,the-printed-side-ring-detail-blouse#Block,semi-hard,0.4454092646031961,1,0
Nadine,runaway-top#Sand,clio-knit-jumper#Clay,random,0.5785204186893959,1,0
Nadine,runaway-top#SoftMint,natural-crossover-knit-1#Stormcloud,hard,0.2807504509541633,1,0
Nadine,runaway-top#SoftMint,layered-tee-2#White,semi-hard,0.41305150357455245,1,0
Nadine,runaway-top#SoftMint,milan-34-sleeve-1#Melange,random,0.5294184127175023,1,0
Nadine,runaway-top#SoftPink,shirt-in-a-box#Silver,hard,0.26801373274224716,1,0
Nadine,runaway-top#SoftPink,belle-half-sleeve-forgiver-tunic#BlueBonnet,semi-hard,0.46817869156893016,1,0
Nadine,runaway-top#SoftPink,the-zip-front-top#Rose,random,0.49051387831369403,1,0
Nadine,square-peg-pullover#SilverMix,leah-knit-cardigan#Black,hard,0.2629557695239869,1,0
Nadine,square-peg-pullover#SilverMix,linen-v-neck-cami-2#BlueWhite,semi-hard,0.39476978252498474,1,0
Nadine,square-peg-pullover#SilverMix,the-double-layer-top#White,random,0.6785939577219267,1,0
Nadine,starry-night-cardi#Chalk,the-cotton-bamboo-tee#BlueJeans,hard,0.2406902547809709,1,0
Nadine,starry-night-cardi#Chalk,spiced-stripe-tee#NavyWhite,semi-hard,0.4210351553854216,1,0
Nadine,starry-night-cardi#Chalk,maui-stretch-tee#Navy,random,0.35460205883244245,1,0
Nadine,the-everyday-shirt#Black,the-panel-luxe-top#SilvWhite,hard,0.2964592958435425,1,0
Nadine,the-everyday-shirt#Black,the-bamboo-tunic-dress#Khaki,semi-hard,0.4637157020581661,1,0
Nadine,the-everyday-shirt#Black,shell-top-3#PapBlue,random,0.4790128712924697,1,0
Nadine,the-everyday-shirt#Cream,manhattan-stretch-tee#Navy,hard,0.26140430315543367,1,0
Nadine,the-everyday-shirt#Cream,the-design-fold-tunic-top#PearlBlue,semi-hard,0.4331626881633252,1,0
Nadine,the-everyday-shirt#Cream,fundamental-sydney-crew#Burgundy,random,0.441028292901492,1,0
Nadine,the-everyday-shirt#Midnight,lake-house-top#CoalPrint,hard,0.28567822292406786,1,0
Nadine,the-everyday-shirt#Midnight,the-contrast-panel-top#SageStripe,semi-hard,0.5200734893848666,1,0
Nadine,the-everyday-shirt#Midnight,floral-nehru-print-shirt#Pink,random,0.6345581537700942,1,0
Nadine,the-everyday-shirt#Pink,ally-long-sleeve-tee#CosmosPr,hard,0.19871216471167252,1,0
Nadine,the-everyday-shirt#Pink,the-tie-front-tank#Navy,semi-hard,0.4764263949116155,1,0
Nadine,the-everyday-shirt#Pink,ditzy-floral-ruffle-blouse#DitzyFlora,random,0.4189035749015469,1,0
Nadine,the-everyday-shirt#Rose,the-longline-cardi-1#Nude,hard,0.29858764856815606,1,0
Nadine,the-everyday-shirt#Rose,sequin-star-tee#Navy,semi-hard,0.4630189522917547,1,0
Nadine,the-everyday-shirt#Rose,vivian-blouse#Check,random,0.37156632853896876,1,0
Nadine,variegated-rib-knit#Silver,vivid-dreams-blouse#Dusty%20Rose,hard,0.2750001408116175,1,0
Nadine,variegated-rib-knit#Silver,horizontal-cabel-pullover#EnglishRos,semi-hard,0.398728155754943,1,0
Nadine,variegated-rib-knit#Silver,the-blouson-sleeve-jumper#Navy,random,0.5588611071754374,1,0
Nadine,voyager-stripe-crew#Stripe,eco-78-long-cardigan#DarkGreyM,hard,0.26270803032392065,1,0
Nadine,voyager-stripe-crew#Stripe,the-colour-block-pullover#Sage,semi-hard,0.5209921066956995,1,0
Nadine,voyager-stripe-crew#Stripe,2-in-1-layered-top-1#PinkWhite,random,0.48393348699120137,1,0
Nadine,woolly-spotted-hoodie#Navy,cara-tee-2#BlackSpot,hard,0.29828447553635473,1,0
Nadine,woolly-spotted-hoodie#Navy,the-boat-neck-top#Black,semi-hard,0.3988533442243517,1,0
Nadine,woolly-spotted-hoodie#Navy,wellington-tee#Black,random,0.48919367023616844,1,0
Natalia,bodega-knit#Moss,the-long-sleeve-v-neck-tee#White,hard,0.23659320788168756,1,0
Natalia,bodega-knit#Moss,the-midi-waterfall-cardi#BlueMarle,semi-hard,0.422202582715705,1,0
Natalia,bodega-knit#Moss,the-stitch-detail-top#SkyBlue,random,0.548874116664827,1,0
Natalia,cherrington-top#GreyRose,leah-knit-cardigan#Black,hard,0.19724624431002133,1,0
Natalia,cherrington-top#GreyRose,star-and-spot-sweater#SilverMult,semi-hard,0.381044101751221,1,0
Natalia,cherrington-top#GreyRose,holly-rib-long-sleeve-tee#Black,random,0.2306805335335978,1,0
Natalia,clovis-shirt#NavyGold,butterfly-blouse-1#Ivory,hard,0.20846176631471047,1,0
Natalia,clovis-shirt#NavyGold,the-relaxed-long-sleeve-tee#Navy,semi-hard,0.40798383658863163,1,0
Natalia,clovis-shirt#NavyGold,the-short-sleeve-wrap-jersey-top#NavyWhite,random,0.2345938886700164,1,0
Natalia,cover-up-slouch-cardi#Alloy,cara-tee-4#BlackWhite,hard,0.23421076048921308,1,0
Natalia,cover-up-slouch-cardi#Alloy,runaway-top#SoftMint,semi-hard,0.42957127732178924,1,0
Natalia,cover-up-slouch-cardi#Alloy,grace-oversized-knit#InkWhite,random,0.5089427174046415,1,0
Natalia,crosses-jumper#xmyheart,gloria-applique-crew#Charcoal,hard,0.24322760715218789,1,0
Natalia,crosses-jumper#xmyheart,the-long-sleeve-scoop-neck-tee#Black,semi-hard,0.40312310491206793,1,0
Natalia,crosses-jumper#xmyheart,softly-swinging-bamboo-tee#Cashew,random,0.4582485196086899,1,0
Natalia,falling-for-you-tunic#Black,the-cotton-bamboo-tee#DuckEgg,hard,0.17570337350477128,1,0
Natalia,falling-for-you-tunic#Black,fundamental-sydney-crew#Burgundy,semi-hard,0.36473285524195465,1,0
Natalia,falling-for-you-tunic#Black,anna-top#Leona,random,0.5324443403196503,1,0
Natalia,falling-for-you-tunic#Rust,leary-cardigan#Pine,hard,0.19616878362277612,1,0
Natalia,falling-for-you-tunic#Rust,the-reversible-cowl-neck-top-1#White,semi-hard,0.34477220533080977,1,0
Natalia,falling-for-you-tunic#Rust,tie-back-bell-sleeve-top-5#Summerbud,random,0.36044802630657247,1,0
Natalia,geena-xo-ls-pullover-knit#Allure,cara-tee-3#ZebraPrint,hard,0.2356813487245072,1,0
Natalia,geena-xo-ls-pullover-knit#Allure,you-at-my-shoulder-tunic#Black,semi-hard,0.3348392965433596,1,0
Natalia,geena-xo-ls-pullover-knit#Allure,clio-knit-jumper#StoneBlack,random,0.501682449347701,1,0
Natalia,geena-xo-ls-pullover-knit#WhiteCapGr,dusk-top#DuskPrint,hard,0.24133790379084558,1,0
Natalia,geena-xo-ls-pullover-knit#WhiteCapGr,bird-print-jumper#Navy,semi-hard,0.34096464411566874,1,0
Natalia,geena-xo-ls-pullover-knit#WhiteCapGr,the-short-sleeve-wrap-jersey-top#Emerald,random,0.2345938886700164,1,0
Natalia,horizontal-cabel-pullover#EnglishRos,mila-knit-cardigan#Clay,hard,0.1937663374958105,1,0
Natalia,horizontal-cabel-pullover#EnglishRos,frill-sleeve-top-1#LeafPrint,semi-hard,0.3253962720757778,1,0
Natalia,horizontal-cabel-pullover#EnglishRos,the-roll-neck-sleeveless-top-1#Black,random,0.4628978905260961,1,0
Natalia,kimono-and-me-cardi#DustyPink,forget-me-knot-tunic#ForgetMeK,hard,0.09417633849497746,1,0
Natalia,kimono-and-me-cardi#DustyPink,icing-sugar-top#Ivory,semi-hard,0.3709761399240171,1,0
Natalia,kimono-and-me-cardi#DustyPink,ruffle-sleeve-top-1#Black,random,0.4361086965859436,1,0
Natalia,kimono-and-me-cardi#Sand,germaine-blouse#Pearl,hard,0.24576482920018455,1,0
Natalia,kimono-and-me-cardi#Sand,mauevewood-crew#YellowWhit,semi-hard,0.3792389272980571,1,0
Natalia,kimono-and-me-cardi#Sand,spliced-stripe-tunic#Navy,random,0.2943530825070192,1,0
Natalia,lavaux-bell-sleeve#Mustard,manhattan-stretch-tee#NavyWhtStr,hard,0.21444126091482124,1,0
Natalia,lavaux-bell-sleeve#Mustard,cotton-stripe-cardi-with-pockets#White,semi-hard,0.4125570114038973,1,0
Natalia,lavaux-bell-sleeve#Mustard,the-cape-jersey-top#DarkNavy,random,0.32907487301419414,1,0
Natalia,lola-bell-sleeve-top-entangled-vines#Gold,cara-tee-2#WhiteBlk,hard,0.23832365650149004,1,0
Natalia,lola-bell-sleeve-top-entangled-vines#Gold,alberta-stripe-top#IvoryStrip,semi-hard,0.3434910392891227,1,0
Natalia,lola-bell-sleeve-top-entangled-vines#Gold,diva-ruffle-jumper#Gold%20Spot,random,0.34807186181136185,1,0
Natalia,marquax-tunic#OnyxSpeck,back-to-you-top#Rust,hard,0.22269350623078354,1,0
Natalia,marquax-tunic#OnyxSpeck,the-batwing-tee#Black,semi-hard,0.333689251278069,1,0
Natalia,marquax-tunic#OnyxSpeck,the-panel-luxe-top#BlkWhite,random,0.2305635240017914,1,0
Natalia,messina-knit#Cognac,natural-classic-cardigan#Pebble,hard,0.19654616159008262,1,0
Natalia,messina-knit#Cognac,the-boat-neck-top#Black,semi-hard,0.438579171510471,1,0
Natalia,messina-knit#Cognac,elcos-45-aop-top-jrs#BlackZigZa,random,0.3049511070200177,1,0
Natalia,messina-knit-1#Shiraz,monaco-knot-top#Olive,hard,0.23767282778564744,1,0
Natalia,messina-knit-1#Shiraz,ruffle-top-4#Terracotta,semi-hard,0.3290803230157414,1,0
Natalia,messina-knit-1#Shiraz,rosie-bell-sleeve-denim-shirt#Stripe,random,0.3488713698537835,1,0
Natalia,napoleon-top-1#NemoBlue,34-sleeve-shirt-1#SkyWhite,hard,0.20058704137428718,1,0
Natalia,napoleon-top-1#NemoBlue,the-ruffle-sleeve-top#NavyStripe,semi-hard,0.4125090313761515,1,0
Natalia,napoleon-top-1#NemoBlue,silver-dot-tie-sleeve-blouse#SilverDotP,random,0.30354375188883354,1,0
Natalia,napoleon-top-1#NemoRed,eco-78-long-cardigan#DarkGreyM,hard,0.20362357362759648,1,0
Natalia,napoleon-top-1#NemoRed,the-stripe-jersey-top#Pink,semi-hard,0.36105486627405103,1,0
Natalia,napoleon-top-1#NemoRed,animal-button-up-shirt#KhakiPrint,random,0.28338406915282194,1,0
Natalia,neptune-top-1#PrimBlack,aztec-cardigan#Orange,hard,0.2152482768218978,1,0
Natalia,neptune-top-1#PrimBlack,raspberry-ls-tee#WhiteRaspb,semi-hard,0.33236041953311346,1,0
Natalia,neptune-top-1#PrimBlack,sunshine-in-me-tee-1#White,random,0.4399332929047908,1,0
Natalia,paint-stroke-top#Strokes,vivid-dreams-blouse#Dusty%20Rose,hard,0.2265188992659587,1,0
Natalia,paint-stroke-top#Strokes,the-zip-detail-jacket#Grey,semi-hard,0.3774105518496058,1,0
Natalia,paint-stroke-top#Strokes,magnolia-fields-keyhole-blouse#Magnolia,random,0.24386811319560842,1,0
Natalia,printed-tunic-7#RedCheck,pulkari-emb-top#Pulkari,hard,0.23252520125362353,1,0
Natalia,printed-tunic-7#RedCheck,layered-sleeve-top#Moss,semi-hard,0.42330431823328807,1,0
Natalia,printed-tunic-7#RedCheck,fern-print-top#Navy,random,0.36834320414828253,1,0
Natalia,rising-mist-jumper#Nickel,renee-sweater#Sapphire,hard,0.23504465691239554,1,0
Natalia,rising-mist-jumper#Nickel,the-cotton-cardi#Navy,semi-hard,0.3627349909035779,1,0
Natalia,rising-mist-jumper#Nickel,print-tee-3#Cntryhous,random,0.6301645628480373,1,0
Natalia,roll-neck-jumper-3#GreyMarl,the-longline-cardi-1#GreyMarle,hard,0.23080731150038084,1,0
Natalia,roll-neck-jumper-3#GreyMarl,belle-tie-neck-blouse-tee#RoyalBlue,semi-hard,0.44027837884315557,1,0
Natalia,roll-neck-jumper-3#GreyMarl,long-sleeve-softly-swinging-bamboo-tee#Oyster,random,0.4430646151567622,1,0
Natalia,selene-cardigan#Ivy,elina-lace-frill-blouse#Black,hard,0.21486037604086947,1,0
Natalia,selene-cardigan#Ivy,the-sleeveless-cross-over-blouse#Cobalt,semi-hard,0.4421421754527927,1,0
Natalia,selene-cardigan#Ivy,love-song-relaxed-blouse#SagePearl,random,0.5183137179464086,1,0
Natalia,the-asymmetrical-hem-sweater#Blush,leah-knit-cardigan#WhiteBlk,hard,0.19724624431002133,1,0
Natalia,the-asymmetrical-hem-sweater#Blush,spliced-lace-panel-tee#White,semi-hard,0.40017972688718234,1,0
Natalia,the-asymmetrical-hem-sweater#Blush,belle-mid-length-knit-cardi#Black,random,0.49873955628058025,1,0
Natalia,the-contrast-knit-1#Navy,mila-knit-cardigan#Black,hard,0.1937663374958105,1,0
Natalia,the-contrast-knit-1#Navy,foil-spot-tee-1#Navy,semi-hard,0.32710609074622066,1,0
Natalia,the-contrast-knit-1#Navy,to-the-beat-of-the-drum-kimono#Leaf,random,0.41849265581500544,1,0
Natalia,the-contrast-knit-1#Sage,the-short-sleeve-wrap-jersey-top#Blue,hard,0.2345938886700164,1,0
Natalia,the-contrast-knit-1#Sage,frill-blouse#Rust,semi-hard,0.34886064946467593,1,0
Natalia,the-contrast-knit-1#Sage,the-cut-out-shoulder-blouse#Silver,random,0.4531705076091413,1,0
Natalia,the-cosy-cardigan#Blue,everyday-linen-tunic#BotanicalB,hard,0.18481452520864344,1,0
Natalia,the-cosy-cardigan#Blue,luxe-shirt#Navy,semi-hard,0.36826519522783085,1,0
Natalia,the-cosy-cardigan#Blue,sugar-snaps-layers-tank#SeaGreen,random,0.49334918529404836,1,0
Natalia,the-cosy-cardigan#Grey,overlay-tunic-3-pce-set#Emerald,hard,0.14803899245174784,1,0
Natalia,the-cosy-cardigan#Grey,the-tie-front-tank#White,semi-hard,0.3982882491962403,1,0
Natalia,the-cosy-cardigan#Grey,nuzuri-longline-cardi#Forest,random,0.37573827121948095,1,0
Natalia,the-crossover-button-blouse-1#Ornate,manhattan-stretch-tee#Black,hard,0.21444126091482124,1,0
Natalia,the-crossover-button-blouse-1#Ornate,lucy-rib-oversized-top#Black,semi-hard,0.34578903090197066,1,0
Natalia,the-crossover-button-blouse-1#Ornate,milan-stretch-top#SilverMarl,random,0.4467819049479702,1,0
Natalia,the-define-flute-sleeve-blouse#Black,cara-tee-4#Black,hard,0.23421076048921308,1,0
Natalia,the-define-flute-sleeve-blouse#Black,ryder-cosy-sweater#Blossom,semi-hard,0.34339307782063366,1,0
Natalia,the-define-flute-sleeve-blouse#Black,the-v-split-blouse#Salmon,random,0.47531357138139524,1,0
Natalia,the-define-flute-sleeve-blouse#White,ricki-one-shoulder-top#BlackWhite,hard,0.22453556826504129,1,0
Natalia,the-define-flute-sleeve-blouse#White,belle-v-neck-forgiver-tunic#ArmyGreen,semi-hard,0.414659311012036,1,0
Natalia,the-define-flute-sleeve-blouse#White,aigli-top#Navy,random,0.34452467288059213,1,0
Natalia,the-relaxed-batwing-top#Denim%20Blue,monaco-knot-top#ClaySpot,hard,0.23767282778564744,1,0
Natalia,the-relaxed-batwing-top#Denim%20Blue,bird-jumper#Navy,semi-hard,0.33047720921739976,1,0
Natalia,the-relaxed-batwing-top#Denim%20Blue,sequin-cross-2-in-1-top#Navy,random,0.3024517501663867,1,0
Natalia,the-relaxed-batwing-top#PeachRose,the-long-sleeve-v-neck-tee#Black,hard,0.23659320788168756,1,0
Natalia,the-relaxed-batwing-top#PeachRose,the-weekender-shirt#GreyStripe,semi-hard,0.44073776085916655,1,0
Natalia,the-relaxed-batwing-top#PeachRose,sugar-snaps-throw-jacket#Duckegg,random,0.619937483555698,1,0
Natalia,the-relaxed-long-sleeve-tee-1#Ink%20Stripe,the-long-sleeve-v-neck-tee#Navy,hard,0.23659320788168756,1,0
Natalia,the-relaxed-long-sleeve-tee-1#Ink%20Stripe,fundamental-sydney-crew#Navy,semi-hard,0.36473285524195465,1,0
Natalia,the-relaxed-long-sleeve-tee-1#Ink%20Stripe,butterfly-kisses-tee#MustardStr,random,0.46791995148574894,1,0
Natalia,the-reverse-sleeve-sweater#Navy,glasgow-top#Melange,hard,0.20239610318731177,1,0
Natalia,the-reverse-sleeve-sweater#Navy,baobab-sweater#Bark,semi-hard,0.43221274219599043,1,0
Natalia,the-reverse-sleeve-sweater#Navy,york-linen-blend-top#BurntOrang,random,0.25995796878750244,1,0
Natalia,the-ruffle-sleeve-sweat#KhakiMarle,mila-knit-cardigan#StoneBlack,hard,0.1937663374958105,1,0
Natalia,the-ruffle-sleeve-sweat#KhakiMarle,walk-in-the-park-cardi#Sand,semi-hard,0.3854027045658337,1,0
Natalia,the-ruffle-sleeve-sweat#KhakiMarle,the-bell-sleeve-top#BlkStripe,random,0.5511094525042372,1,0
Natalia,the-tie-layering-knit#Grey,cara-tee-4#White,hard,0.23421076048921308,1,0
Natalia,the-tie-layering-knit#Grey,clara-blouse#DarkFloral,semi-hard,0.3303575939998254,1,0
Natalia,the-tie-layering-knit#Grey,falling-for-you-cardi-2#WinterRose,random,0.3176470588235294,1,0
Natalia,the-twist-front-top#Grey,ally-long-sleeve-tee#CosmosPr,hard,0.22204598754412924,1,0
Natalia,the-twist-front-top#Grey,blue-waters-cotton-blouse#White,semi-hard,0.4421388923657025,1,0
Natalia,the-twist-front-top#Grey,manhattan-stretch-tee#Navy,random,0.21444126091482124,1,0
Natalia,the-twist-front-top#Navy,arlo-cardigan#Navy,hard,0.2293235139393027,1,0
Natalia,the-twist-front-top#Navy,luxe-shirt#Champagne,semi-hard,0.36826519522783085,1,0
Natalia,the-twist-front-top#Navy,voyager-stripe-crew#Stripe,random,0.611764705882353,1,0
Natalia,the-twist-hem-jumper#DenimMarle,the-cotton-bamboo-tee#DustyPink,hard,0.17570337350477128,1,0
Natalia,the-twist-hem-jumper#DenimMarle,ponte-spot-top#BlackWhite,semi-hard,0.4337402860265501,1,0
Natalia,the-twist-hem-jumper#DenimMarle,fundamental-split-hoodie-1#Khaki,random,0.49241046871398897,1,0
Natalia,the-wrap-jersey-top-1#NavyStripe,holly-rib-long-sleeve-tee#Khaki,hard,0.2306805335335978,1,0
Natalia,the-wrap-jersey-top-1#NavyStripe,luxe-shirt#Black,semi-hard,0.36826519522783085,1,0
Natalia,the-wrap-jersey-top-1#NavyStripe,maui-stretch-tee#Navy,random,0.3080612681784109,1,0
Natalia,the-zip-front-blouse#Khaki,cable-knit-sweater#Camel,hard,0.22009781598115963,1,0
Natalia,the-zip-front-blouse#Khaki,multi-stripe-jumper#NavyMulti,semi-hard,0.40196043021757977,1,0
Natalia,the-zip-front-blouse#Khaki,triangle-detail-long-sleeve-tee#Navy,random,0.4691561935033826,1,0
Natalia,the-zip-front-blouse#Navy,eco-78-long-cardigan#LightGreyM,hard,0.20362357362759648,1,0
Natalia,the-zip-front-blouse#Navy,belle-half-sleeve-boat-tee#White,semi-hard,0.34324202502351275,1,0
Natalia,the-zip-front-blouse#Navy,the-contrast-trim-knit#BlackWhite,random,0.4171315949060036,1,0
Natalia,viola-kimono-radiant-floral#Grey,hayley-button-down#NavySparro,hard,0.23569217559904987,1,0
Natalia,viola-kimono-radiant-floral#Grey,frost-cardigan#Mauvewoo,semi-hard,0.364991580209474,1,0
Natalia,viola-kimono-radiant-floral#Grey,the-uneven-hem-knit-1#Sage,random,0.1283372984403912,1,0
Natalie,belle-two-in-one-top#Charcoal,forget-me-knot-tunic#ForgetMeK,hard,0.18965652317334653,1,0
Natalie,belle-two-in-one-top#Charcoal,the-cape-jersey-top#DarkNavy,semi-hard,0.4627294286064697,1,0
Natalie,belle-two-in-one-top#Charcoal,nuzuri-longline-cardi#Forest,random,0.4831812267487676,1,0
Natalie,layer-top-1#Navy,dream-girl-ruffle-jumper#SoftPink,hard,0.3152134426132447,1,0
Natalie,layer-top-1#Navy,the-design-fold-tunic-top#PearlBlue,semi-hard,0.4552660032620448,1,0
Natalie,layer-top-1#Navy,dot-to-dot-knit-1#GreyMarle,random,0.44994412303294046,1,0
Natalie,layered-tee-2#Black,born-to-run-shirt-jacket#Leopard,hard,0.34799371555927716,1,0
Natalie,layered-tee-2#Black,the-panel-hem-top#DenimMarle,semi-hard,0.4978329569435458,1,0
Natalie,layered-tee-2#Black,seeker-knot-front-shirt#Olive,random,0.4290501549964687,1,0
Natalie,layered-tee-2#White,rika-top#BatikTile,hard,0.2916265430924016,1,0
Natalie,layered-tee-2#White,kimono-top-36#BlueMarle,semi-hard,0.44787600564443714,1,0
Natalie,layered-tee-2#White,foil-spot-tee-1#Navy,random,0.46172422470047414,1,0
Natalie,sugar-snaps-layers-tank#Black,mila-knit-cardigan#InkWhite,hard,0.30287642150581284,1,0
Natalie,sugar-snaps-layers-tank#Black,neptune-top-1#PrimBlack,semi-hard,0.4520126809525622,1,0
Natalie,sugar-snaps-layers-tank#Black,the-cotton-bamboo-tank#White,random,0.6088908871380421,1,0
Natalie,sugar-snaps-layers-tank#Blue,monaco-knot-top#Black,hard,0.2353336970358247,1,0
Natalie,sugar-snaps-layers-tank#Blue,belle-v-neck-forgiver-tunic#Scarlett,semi-hard,0.5645427604173274,1,0
Natalie,sugar-snaps-layers-tank#Blue,frill-blouse#Rust,random,0.4857112498255497,1,0
Natalie,sugar-snaps-layers-tank#DeepCobalt,mila-knit-cardigan#Black,hard,0.30287642150581284,1,0
Natalie,sugar-snaps-layers-tank#DeepCobalt,stripe-sweater-2#Blue,semi-hard,0.4727953179647885,1,0
Natalie,sugar-snaps-layers-tank#DeepCobalt,mixed-messages-jumper#MixedStrip,random,0.47452792685350825,1,0
Natalie,sugar-snaps-layers-tank#DuckEgg,natural-classic-cardigan#Pebble,hard,0.2807108692066634,1,0
Natalie,sugar-snaps-layers-tank#DuckEgg,frill-sleeve-top-1#LeafPrint,semi-hard,0.4580410497468884,1,0
Natalie,sugar-snaps-layers-tank#DuckEgg,relaxed-v-neck-knit#Silver,random,0.3428109550573677,1,0
Natalie,sugar-snaps-layers-tank#Mint,the-short-sleeve-wrap-jersey-top#Black,hard,0.3539994058116275,1,0
Natalie,sugar-snaps-layers-tank#Mint,the-frill-wrap-blouse#Spot,semi-hard,0.45884352123219024,1,0
Natalie,sugar-snaps-layers-tank#Mint,colourblock-cardi#NavyRed,random,0.31097334821976086,1,0
Natalie,sugar-snaps-layers-tank#NewBeige,natural-crossover-knit-1#Stormcloud,hard,0.3255432805964721,1,0
Natalie,sugar-snaps-layers-tank#NewBeige,boho-embroidered-top#BohoDenim,semi-hard,0.4512405003869625,1,0
Natalie,sugar-snaps-layers-tank#NewBeige,sky-jumper-1#Clouds,random,0.6463740236068292,1,0
Natalie,sugar-snaps-layers-tank#PeachyKeen,monaco-knot-top#Olive,hard,0.2353336970358247,1,0
Natalie,sugar-snaps-layers-tank#PeachyKeen,geneva-v-neck-top#Black,semi-hard,0.5378579403443332,1,0
Natalie,sugar-snaps-layers-tank#PeachyKeen,the-pleated-sleeve-top#Sage,random,0.5987726098191215,1,0
Natalie,sugar-snaps-layers-tank#Red,striped-cardigan-3#Rainbow,hard,0.3422947935565452,1,0
Natalie,sugar-snaps-layers-tank#Red,the-reversible-cowl-neck-top-1#Black,semi-hard,0.4798792169400779,1,0
Natalie,sugar-snaps-layers-tank#Red,grace-oversized-knit#Clay,random,0.6693613955180011,1,0
Natalie,sugar-snaps-layers-tank#SeaGreen,geena-xo-ls-pullover-knit#Allure,hard,0.33917921651716804,1,0
Natalie,sugar-snaps-layers-tank#SeaGreen,hacienda-tunic-pushkar#Cornflower,semi-hard,0.5412432281556477,1,0
Natalie,sugar-snaps-layers-tank#SeaGreen,coil-print-hi-lo-shirt#White,random,0.6343466253906629,1,0
Natalie,sugar-snaps-layers-tank#White,stara-cardigan#GreyMarle,hard,0.33450253816409187,1,0
Natalie,sugar-snaps-layers-tank#White,cool-breeze-jumper#Dust,semi-hard,0.5431524547803618,1,0
Natalie,sugar-snaps-layers-tank#White,rise-top#Ink,random,0.467622390117442,1,0
Natalie,the-batwing-tee#Black,overlay-tunic-3-pce-set#Emerald,hard,0.26451638141395684,1,0
Natalie,the-batwing-tee#Black,natural-detailed-sweater#Tinroof,semi-hard,0.4893186358055235,1,0
Natalie,the-batwing-tee#Black,first-love-kimono-jacket#Stone,random,0.5987135081642752,1,0
Natalie,the-batwing-tee#FrenchBlue,the-cotton-bamboo-tee#White,hard,0.2999959294924659,1,0
Natalie,the-batwing-tee#FrenchBlue,belle-v-neck-forgiver-tunic#Navy,semi-hard,0.5645427604173274,1,0
Natalie,the-batwing-tee#FrenchBlue,the-blouson-sleeve-jumper#Navy,random,0.6498509242695288,1,0
Natalie,the-batwing-tee#Sea,geena-xo-ls-pullover-knit#WhiteCapGr,hard,0.33917921651716804,1,0
Natalie,the-batwing-tee#Sea,ember-knit#EmberGlow,semi-hard,0.5007799515345285,1,0
Natalie,the-batwing-tee#Sea,st-helens-henley-tee#Sapphire,random,0.4082948485348288,1,0
Natalie,the-batwing-tee#Stone,starry-night-cardi#Chalk,hard,0.3521963824289406,1,0
Natalie,the-batwing-tee#Stone,sparkly-star-tee#Blue,semi-hard,0.4560111352169739,1,0
Natalie,the-batwing-tee#Stone,the-striped-top#BlueStripe,random,0.6794729415214323,1,0
Natalie,the-cross-over-blouse#Black,manhattan-stretch-tee#Black,hard,0.3134199347027155,1,0
Natalie,the-cross-over-blouse#Black,the-twist-hem-jumper#DenimMarle,semi-hard,0.5300722048124324,1,0
Natalie,the-cross-over-blouse#Black,maui-stretch-tee#Navy,random,0.4107902282444588,1,0
Natalie,the-cross-over-blouse#Blue,pure-merino-fine-rib-v-neck#Charcoal,hard,0.05641025641025641,1,0
Natalie,the-cross-over-blouse#Blue,clovis-shirt#NavyGold,semi-hard,0.44444460303564703,1,0
Natalie,the-cross-over-blouse#Blue,the-soft-knit-jumper#PinkStripe,random,0.5209302325581395,1,0
Natalie,the-cross-over-blouse#Mint,back-to-you-top#Rust,hard,0.27423400449130286,1,0
Natalie,the-cross-over-blouse#Mint,lola-bell-sleeve-top-entangled-vines#Gold,semi-hard,0.5299301775798559,1,0
Natalie,the-cross-over-blouse#Mint,the-side-panel-drape-top#OffWhite,random,0.4843779207213151,1,0
Natalie,the-cross-over-blouse#Red,holly-rib-long-sleeve-tee#WhiteGrey,hard,0.2458106019276232,1,0
Natalie,the-cross-over-blouse#Red,the-asymmetrical-hem-sweater#Blush,semi-hard,0.5314961423571022,1,0
Natalie,the-cross-over-blouse#Red,the-luxe-dobby-blouse#White,random,0.8605043940335876,1,0
Natalie,the-cross-over-blouse#RoyalBlue,back-to-you-top#BlackMagic,hard,0.27423400449130286,1,0
Natalie,the-cross-over-blouse#RoyalBlue,wrap-me-up-bamboo-top#BlueJeans,semi-hard,0.5354223495180942,1,0
Natalie,the-cross-over-blouse#RoyalBlue,rib-tank-2#White,random,0.41205689617985514,1,0
Natalie,the-cross-over-blouse#Silver,the-panel-luxe-top#BlkWhite,hard,0.3506032809348,1,0
Natalie,the-cross-over-blouse#Silver,always-mine-v-neck-knit#Terracotta,semi-hard,0.46950074432137767,1,0
Natalie,the-cross-over-blouse#Silver,falling-for-you-cardi#Port,random,0.35555555555555557,1,0
Natalie,the-cross-over-blouse#Sunshine,drapey-stripe-tee#Navy,hard,0.3328030043517426,1,0
Natalie,the-cross-over-blouse#Sunshine,oregon-safari-embroidered-top#White,semi-hard,0.4484870399269212,1,0
Natalie,the-cross-over-blouse#Sunshine,cover-up-slouch-cardi#Alloy,random,0.41052649107448713,1,0
Natalie,the-cross-over-blouse#White,elina-lace-frill-blouse#Black,hard,0.2901694599863823,1,0
Natalie,the-cross-over-blouse#White,ruffle-top-4#Black,semi-hard,0.46246611434637164,1,0
Natalie,the-cross-over-blouse#White,elcos-top#LightGrey,random,0.45797370134950544,1,0
Natalie,the-cut-out-shoulder-blouse#Black,aztec-cardigan#Orange,hard,0.335972608127482,1,0
Natalie,the-cut-out-shoulder-blouse#Black,the-french-cuff-shirt#White,semi-hard,0.5521786730779804,1,0
Natalie,the-cut-out-shoulder-blouse#Black,the-cotton-bamboo-tank#DarkNavy,random,0.6088908871380421,1,0
Natalie,the-cut-out-shoulder-blouse#Blue,manhattan-stretch-tee#NavyWhtStr,hard,0.3134199347027155,1,0
Natalie,the-cut-out-shoulder-blouse#Blue,the-cotton-cardi#Khaki,semi-hard,0.46363049095607234,1,0
Natalie,the-cut-out-shoulder-blouse#Blue,cara-tee-4#White,random,0.3550912005142584,1,0
Natalie,the-cut-out-shoulder-blouse#Clay,bamboo-layer-tank#Black,hard,0.29076814177630605,1,0
Natalie,the-cut-out-shoulder-blouse#Clay,natural-cross-back-knit#Lightsmoke,semi-hard,0.5160005131306468,1,0
Natalie,the-cut-out-shoulder-blouse#Clay,belle-lace-trim-tee#GreyMarle,random,0.8029695145417559,1,0
Natalie,the-cut-out-shoulder-blouse#Salmon,monaco-knot-top#HeatheGrey,hard,0.2353336970358247,1,0
Natalie,the-cut-out-shoulder-blouse#Salmon,malibu-cardigan#Wine,semi-hard,0.47269894737732443,1,0
Natalie,the-cut-out-shoulder-blouse#Salmon,milan-stretch-top#White,random,0.5961330178425676,1,0
Natalie,the-cut-out-shoulder-blouse#Silver,meadow-cardigan#Cream,hard,0.33031021496508883,1,0
Natalie,the-cut-out-shoulder-blouse#Silver,coogee-shirt#White,semi-hard,0.44432037326025453,1,0
Natalie,the-cut-out-shoulder-blouse#Silver,the-tie-front-tank#Navy,random,0.5374294269148301,1,0
Natalie,the-cut-out-shoulder-blouse#White,butterfly-blouse-1#Ivory,hard,0.3447658559484388,1,0
Natalie,the-cut-out-shoulder-blouse#White,shell-top-3#PapBlue,semi-hard,0.5427541265430924,1,0
Natalie,the-cut-out-shoulder-blouse#White,summer-whispers-kimono-1#Peacock,random,0.9504523021098974,1,0
Natalie,the-everyday-shirt#Black,the-cotton-bamboo-tee#DuckEgg,hard,0.2999959294924659,1,0
Natalie,the-everyday-shirt#Black,the-colour-block-pullover#Sage,semi-hard,0.5522609819121447,1,0
Natalie,the-everyday-shirt#Black,the-tie-front-top#Navy,random,0.5020153770030069,1,0
Natalie,the-everyday-shirt#Cream,glasgow-top#Melange,hard,0.2478678470081241,1,0
Natalie,the-everyday-shirt#Cream,luxe-shirt#Black,semi-hard,0.4627412172191985,1,0
Natalie,the-everyday-shirt#Cream,softly-swinging-bamboo-tee#TeaRose,random,0.6076246949762536,1,0
Natalie,the-everyday-shirt#Midnight,faith-jumper#Eventide,hard,0.3181594327932774,1,0
Natalie,the-everyday-shirt#Midnight,the-ultimate-tie-cardi#Port,semi-hard,0.5299391115509374,1,0
Natalie,the-everyday-shirt#Midnight,oversize-contrast-hood-top#Steel,random,0.8528795404661313,1,0
Natalie,the-everyday-shirt#Pink,holly-rib-long-sleeve-tee#Black,hard,0.2458106019276232,1,0
Natalie,the-everyday-shirt#Pink,the-long-sleeve-scoop-neck-tee#Grey,semi-hard,0.4951550387596899,1,0
Natalie,the-everyday-shirt#Pink,cotton-modal-print-top#PinkNavy,random,0.40787357743691244,1,0
Natalie,the-everyday-shirt#Rose,everyday-linen-tunic#BotanicalB,hard,0.30357348270510076,1,0
Natalie,the-everyday-shirt#Rose,wellington-tee#Black,semi-hard,0.5533312610749523,1,0
Natalie,the-everyday-shirt#Rose,relaxed-animal-print-blouse#Leopard,random,0.6364487694027525,1,0
Natalie,the-long-sleeve-v-neck-tee#Black,mila-knit-cardigan#StoneBlack,hard,0.30287642150581284,1,0
Natalie,the-long-sleeve-v-neck-tee#Black,baobab-sweater#Bark,semi-hard,0.5313687760001466,1,0
Natalie,the-long-sleeve-v-neck-tee#Black,meera-oversized-shirt#Mint,random,0.640677586199605,1,0
Natalie,the-long-sleeve-v-neck-tee#Navy,cable-knit-sweater#Camel,hard,0.3267579834811404,1,0
Natalie,the-long-sleeve-v-neck-tee#Navy,belle-petal-print-top#Petal,semi-hard,0.5566886896983384,1,0
Natalie,the-long-sleeve-v-neck-tee#Navy,fundamental-vee-tee#Navy,random,0.39233740172631815,1,0
Natalie,the-long-sleeve-v-neck-tee#White,34-sleeve-shirt-1#SkyWhite,hard,0.3149376525118732,1,0
Natalie,the-long-sleeve-v-neck-tee#White,llama-long-sleeve-shirt#Mustard,semi-hard,0.5480090107997085,1,0
Natalie,the-long-sleeve-v-neck-tee#White,belle-v-neck-forgiver-tunic#Tobacco,random,0.5645427604173274,1,0
Natalie,the-sleeveless-cross-over-blouse#Black,roll-neck-jumper-3#GreyMarl,hard,0.34682606139805544,1,0
Natalie,the-sleeveless-cross-over-blouse#Black,on-the-open-road-maxi-shirt#DarkOchre,semi-hard,0.5488217730919364,1,0
Natalie,the-sleeveless-cross-over-blouse#Black,softly-swinging-bamboo-tee#Chambray,random,0.6076246949762536,1,0
Natalie,the-sleeveless-cross-over-blouse#Chambray,the-short-sleeve-wrap-jersey-top#Blue,hard,0.3539994058116275,1,0
Natalie,the-sleeveless-cross-over-blouse#Chambray,waterfall-cardi-1#Navy,semi-hard,0.453778858312505,1,0
Natalie,the-sleeveless-cross-over-blouse#Chambray,stud-trim-long-sleeve-top#Mint,random,0.7403028880515272,1,0
Natalie,the-sleeveless-cross-over-blouse#Cobalt,leary-cardigan#Pine,hard,0.3151400148864275,1,0
Natalie,the-sleeveless-cross-over-blouse#Cobalt,the-cotton-bamboo-ls-top#Black,semi-hard,0.5487776494951161,1,0
Natalie,the-sleeveless-cross-over-blouse#Cobalt,kimono-and-me-cardi#DustyPink,random,0.5301357646421971,1,0
Natalie,the-sleeveless-cross-over-blouse#Mint,monaco-knot-top#ClaySpot,hard,0.2353336970358247,1,0
Natalie,the-sleeveless-cross-over-blouse#Mint,belle-square-neck-drape-tee#Vanilla,semi-hard,0.5591069412197567,1,0
Natalie,the-sleeveless-cross-over-blouse#Mint,the-luxe-long-sleeve-tee#GreyMarle,random,0.6017959572635475,1,0
Natalie,the-sleeveless-cross-over-blouse#Salmon,high-street-knit#NavyStripe,hard,0.31423599216770914,1,0
Natalie,the-sleeveless-cross-over-blouse#Salmon,heartmade-sweater#Rust,semi-hard,0.5030769512709147,1,0
Natalie,the-sleeveless-cross-over-blouse#Salmon,paradise-cardi#MultiStrip,random,0.5323410281784849,1,0
Natalie,the-sleeveless-cross-over-blouse#Sunshine,high-neck-tie-top#Black,hard,0.2874598764257349,1,0
Natalie,the-sleeveless-cross-over-blouse#Sunshine,fundamental-sydney-crew#Navy,semi-hard,0.5041427193950697,1,0
Natalie,the-sleeveless-cross-over-blouse#Sunshine,tab-sleeve-longline-shirt#Silver,random,0.7291060319635283,1,0
Natalie,the-sleeveless-cross-over-blouse#White,bamboo-layer-tank#Chalk,hard,0.29076814177630605,1,0
Natalie,the-sleeveless-cross-over-blouse#White,the-zip-detail-jacket#Grey,semi-hard,0.4737080103359173,1,0
Natalie,the-sleeveless-cross-over-blouse#White,print-tee-3#Cntryhous,random,0.853983176645225,1,0
Natalie,the-wrap-jersey-top#Charcoal,merino-boyfriend-cardigan#MelangeStr,hard,0.34144405748191003,1,0
Natalie,the-wrap-jersey-top#Charcoal,jade-kimono-kaleidoscope#Blue,semi-hard,0.5280471713673099,1,0
Natalie,the-wrap-jersey-top#Charcoal,the-daily-cross-over-top#PinkPrint,random,0.5904392764857882,1,0
Natalie,the-wrap-jersey-top#JetBlack,leah-knit-cardigan#Black,hard,0.32276412836160484,1,0
Natalie,the-wrap-jersey-top#JetBlack,ditzy-floral-ruffle-blouse#DitzyFlora,semi-hard,0.4791547723264695,1,0
Natalie,the-wrap-jersey-top#JetBlack,long-sleeve-softly-swinging-bamboo-tee#White,random,0.5924545477613266,1,0
Natalie,the-wrap-jersey-top#NavyWhite,magnolia-fields-keyhole-blouse#Magnolia,hard,0.30776203495773014,1,0
Natalie,the-wrap-jersey-top#NavyWhite,foil-print-top-2#Navy,semi-hard,0.4675663545591799,1,0
Natalie,the-wrap-jersey-top#NavyWhite,melbourne-stretch-cardigan#NavyWhtStr,random,0.3852180311853741,1,0
Natalie,the-wrap-jersey-top#PortSpot,cara-tee-2#WhiteBlk,hard,0.31721644950244654,1,0
Natalie,the-wrap-jersey-top#PortSpot,snake-print-johnny-collar-top#BeigeSnake,semi-hard,0.5092254617118546,1,0
Natalie,the-wrap-jersey-top#PortSpot,dahlia-lace-trim-blouse#Dusk,random,0.4149028681747633,1,0
Nathalie,on-the-open-road-maxi-shirt#DarkOchre,holly-rib-long-sleeve-tee#WhiteGrey,hard,0.24933522652605294,1,0
Nathalie,on-the-open-road-maxi-shirt#DarkOchre,luxe-shirt#Champagne,semi-hard,0.4796299607131233,1,0
Nathalie,on-the-open-road-maxi-shirt#DarkOchre,the-weekender-shirt#GreyStripe,random,0.5669723331351926,1,0
Nathalie,runaway-top#JetBlack,everyday-linen-tunic#BotanicalB,hard,0.3184750582388599,1,0
Nathalie,runaway-top#JetBlack,the-daily-cross-over-top#PinkPrint,semi-hard,0.5802053583571332,1,0
Nathalie,runaway-top#JetBlack,the-contrast-detail-top#Ivory,random,0.5540595675234599,1,0
Nathalie,runaway-top#Sand,lake-house-top#CoalPrint,hard,0.35377475056042246,1,0
Nathalie,runaway-top#Sand,the-side-ring-detail-blouse-1#Black,semi-hard,0.5272179104168291,1,0
Nathalie,runaway-top#Sand,wellington-tee#Black,random,0.5741514250470265,1,0
Nathalie,runaway-top#SoftMint,aztec-cardigan#Orange,hard,0.35151907513672476,1,0
Nathalie,runaway-top#SoftMint,natural-rolled-neck-tunic#BlueDam,semi-hard,0.4690994681780373,1,0
Nathalie,runaway-top#SoftMint,the-long-sleeve-scoop-neck-tee#Grey,random,0.4841901264789882,1,0
Nathalie,runaway-top#SoftPink,back-to-you-top#Rust,hard,0.26655019133442437,1,0
Nathalie,runaway-top#SoftPink,belle-half-sleeve-forgiver-tunic#Apricot,semi-hard,0.5545338744733863,1,0
Nathalie,runaway-top#SoftPink,cascade-hood-top#Black,random,0.5799776270329163,1,0
Nathalie,the-everyday-shirt#Black,faith-jumper#Eventide,hard,0.3072614155041816,1,0
Nathalie,the-everyday-shirt#Black,ruffle-hem-jersey-top#Pink,semi-hard,0.5137493682353912,1,0
Nathalie,the-everyday-shirt#Black,clio-knit-jumper#Clay,random,0.6689729815494809,1,0
Nathalie,the-everyday-shirt#Cream,ynes#Black,hard,0.3120529895311399,1,0
Nathalie,the-everyday-shirt#Cream,jade-kimono-kaleidoscope#Blue,semi-hard,0.5460509124915766,1,0
Nathalie,the-everyday-shirt#Cream,the-cut-out-shoulder-blouse#Black,random,0.627036354495681,1,0
Nathalie,the-everyday-shirt#Midnight,falling-for-you-cardi#Teal,hard,0.3216374269005848,1,0
Nathalie,the-everyday-shirt#Midnight,belle-half-sleeve-forgiver-tunic#FlamPink,semi-hard,0.5545338744733863,1,0
Nathalie,the-everyday-shirt#Midnight,prickly-cactus-crew#Pink,random,0.5066472452770939,1,0
Nathalie,the-everyday-shirt#Pink,manhattan-stretch-tee#NavyWhtStr,hard,0.3297364056480806,1,0
Nathalie,the-everyday-shirt#Pink,heartmade-sweater#Rust,semi-hard,0.519922821890833,1,0
Nathalie,the-everyday-shirt#Pink,paisley-top-1#Paisley,random,0.5175109582269409,1,0
Nathalie,the-everyday-shirt#Rose,falling-for-you-cardi-2#WinterRose,hard,0.3216374269005848,1,0
Nathalie,the-everyday-shirt#Rose,rise-top#Ink,semi-hard,0.48650830386053545,1,0
Nathalie,the-everyday-shirt#Rose,the-frill-detail-blouse#Chambray,random,0.695454438120113,1,0
Nathalie,the-wrap-jersey-top#Charcoal,vivid-dreams-blouse#Dusty%20Rose,hard,0.34452134495283593,1,0
Nathalie,the-wrap-jersey-top#Charcoal,the-crossover-2-way-blouse#Black,semi-hard,0.490541963304743,1,0
Nathalie,the-wrap-jersey-top#Charcoal,cooks-shirt#Stripes,random,0.45444656035448344,1,0
Nathalie,the-wrap-jersey-top#JetBlack,dream-girl-ruffle-jumper#SoftPink,hard,0.3038379604480018,1,0
Nathalie,the-wrap-jersey-top#JetBlack,shell-top-3#PapBlue,semi-hard,0.5669537972347907,1,0
Nathalie,the-wrap-jersey-top#JetBlack,the-fleck-roll-neck-knit#Oatmeal,random,0.6441588467292262,1,0
Nathalie,the-wrap-jersey-top#NavyWhite,falling-for-you-cardi#Black,hard,0.3216374269005848,1,0
Nathalie,the-wrap-jersey-top#NavyWhite,funnel-neck-knit-jumper#BlueMulti,semi-hard,0.5104026752055647,1,0
Nathalie,the-wrap-jersey-top#NavyWhite,the-asymmetrical-tank-top#HotPink,random,0.6833879609159756,1,0
Nathalie,the-wrap-jersey-top#PortSpot,the-uneven-hem-knit-1#Sage,hard,0.3273982558139535,1,0
Nathalie,the-wrap-jersey-top#PortSpot,clovis-shirt#NavyGold,semi-hard,0.46428544653103454,1,0
Nathalie,the-wrap-jersey-top#PortSpot,the-oversized-cotton-blend-shirt#Sand,random,0.9382857064952469,1,0
Nikki,hacienda-tunic-pushkar#Cornflower,holly-rib-long-sleeve-tee#WhiteGrey,hard,0.3135110732862045,1,0
Nikki,hacienda-tunic-pushkar#Cornflower,nature-ls-top#BlueGum,semi-hard,0.6154545773863233,1,0
Nikki,hacienda-tunic-pushkar#Cornflower,the-cascade-blouse#Auburn,random,0.728546332119699,1,0
Nikki,jasmine-singlet#White,drapey-stripe-tee#Navy,hard,0.41831963652004966,1,0
Nikki,jasmine-singlet#White,janet-frill-shirt#White,semi-hard,0.5585763481217074,1,0
Nikki,jasmine-singlet#White,ally-long-sleeve-tee#CosmosPr,random,0.3278236289606986,1,0
Nikki,rika-top#BatikTile,natural-crossover-knit-1#Stormcloud,hard,0.41379443378859504,1,0
Nikki,rika-top#BatikTile,wrap-me-up-bamboo-top#BlueJeans,semi-hard,0.6428018385323067,1,0
Nikki,rika-top#BatikTile,lake-house-top#CoalPrint,random,0.4307437795719017,1,0
Nikki,selma-top-1#IndoStripe,ynes#Black,hard,0.4004576321058217,1,0
Nikki,selma-top-1#IndoStripe,chasing-birds-blouse#White,semi-hard,0.663364872856298,1,0
Nikki,selma-top-1#IndoStripe,wellington-tee#ClaySpot,random,0.6631449532060735,1,0
Nikki,the-drape-tee-1#Black,the-relax-blouse#White,hard,0.3873198982297598,1,0
Nikki,the-drape-tee-1#Black,not-today-buttoned-cardigan#Almond,semi-hard,0.5537354622511335,1,0
Nikki,the-drape-tee-1#Black,clara-blouse#DarkFloral,random,0.563315957036997,1,0
Nikki,the-drape-tee-1#Navy,back-to-you-top#BlackMagic,hard,0.33247195617787506,1,0
Nikki,the-drape-tee-1#Navy,ditzy-floral-ruffle-blouse#DitzyFlora,semi-hard,0.580646034306141,1,0
Nikki,the-drape-tee-1#Navy,sequin-spot-shirt#Blue,random,0.696205482717658,1,0
Nikki,the-drape-tee-1#NavyStripe,holly-rib-long-sleeve-tee#Khaki,hard,0.3135110732862045,1,0
Nikki,the-drape-tee-1#NavyStripe,viola-kimono-radiant-floral#Grey,semi-hard,0.5449438202247191,1,0
Nikki,the-drape-tee-1#NavyStripe,partly-cloudy-knit#PawPaw,random,0.8061304947762665,1,0
Nikki,the-drape-tee-1#Stripe,everyday-linen-tunic#BotanicalB,hard,0.3922342897877934,1,0
Nikki,the-drape-tee-1#Stripe,the-contrast-panel-top#SageStripe,semi-hard,0.6502069781194559,1,0
Nikki,the-drape-tee-1#Stripe,print-shirt-1#Blush,random,0.6743946847304908,1,0
Nikki,the-drape-tee-1#White,falling-for-you-cardi#Khaki,hard,0.34831460674157305,1,0
Nikki,the-drape-tee-1#White,baobab-sweater#Bark,semi-hard,0.6926767922508589,1,0
Nikki,the-drape-tee-1#White,the-pocket-tee#GreyStripe,random,0.7345483784842565,1,0
Olivia,crossing-the-plains-sweater-1#Indigo,double-layered-top-1#WSilver,hard,0.23477079239478746,1,0
Olivia,crossing-the-plains-sweater-1#Indigo,icing-sugar-top#Ivory,semi-hard,0.35270726542192654,1,0
Olivia,crossing-the-plains-sweater-1#Indigo,2-in-1-layered-knit-top#Khaki,random,0.42142624383269345,1,0
Olivia,runaway-top#JetBlack,the-uneven-hem-knit-1#Sage,hard,0.09357889497262319,1,0
Olivia,runaway-top#JetBlack,placement-print-shirt#WhiteNavy,semi-hard,0.4199626137108721,1,0
Olivia,runaway-top#JetBlack,aigli-top#White,random,0.3268430145420733,1,0
Olivia,runaway-top#Sand,cara-tee-4#Black,hard,0.21818083221230394,1,0
Olivia,runaway-top#Sand,lenka-lurex-stripe-blouse#NavyGoldSt,semi-hard,0.31021040918422726,1,0
Olivia,runaway-top#Sand,to-the-beat-of-the-drum-kimono#Leaf,random,0.42000920218274573,1,0
Olivia,runaway-top#SoftMint,the-short-sleeve-wrap-jersey-top#Blue,hard,0.2192498265406464,1,0
Olivia,runaway-top#SoftMint,falling-for-you-cardi-1#GreyGarden,semi-hard,0.34831460674157305,1,0
Olivia,runaway-top#SoftMint,the-reversible-cowl-neck-top-1#White,random,0.3264100378435836,1,0
Olivia,runaway-top#SoftPink,holly-rib-long-sleeve-tee#Khaki,hard,0.22602503593928663,1,0
Olivia,runaway-top#SoftPink,out-of-my-mind-scallop-knit#GreyMarle,semi-hard,0.4181524624100119,1,0
Olivia,runaway-top#SoftPink,tinker-stripe-knit#NavyWhite,random,0.258086092754449,1,0
Olivia,sugar-snaps-layers-tank#Black,belle-cowl-swing-sweater#Black,hard,0.22987764576918737,1,0
Olivia,sugar-snaps-layers-tank#Black,variegated-rib-knit#Silver,semi-hard,0.32572021683433583,1,0
Olivia,sugar-snaps-layers-tank#Black,belle-v-neck-forgiver-tunic#Tobacco,random,0.39473636810163915,1,0
Olivia,sugar-snaps-layers-tank#Blue,the-short-sleeve-wrap-jersey-top#Black,hard,0.2192498265406464,1,0
Olivia,sugar-snaps-layers-tank#Blue,the-ruffle-sleeve-top#NavyStripe,semi-hard,0.4100479142968048,1,0
Olivia,sugar-snaps-layers-tank#Blue,butterfly-kisses-tee#MustardStr,random,0.4707062600321027,1,0
Olivia,sugar-snaps-layers-tank#DeepCobalt,magnolia-fields-keyhole-blouse#Magnolia,hard,0.23443327728460528,1,0
Olivia,sugar-snaps-layers-tank#DeepCobalt,curve-hem-cable-knit-sweater-1#Sapphire,semi-hard,0.3185866106742323,1,0
Olivia,sugar-snaps-layers-tank#DeepCobalt,the-cross-over-top#GreyStripe,random,0.5235746257944119,1,0
Olivia,sugar-snaps-layers-tank#DuckEgg,printed-v-neck-blouse#NavyWhite,hard,0.23548680913856362,1,0
Olivia,sugar-snaps-layers-tank#DuckEgg,the-excess-shirt#Pearl,semi-hard,0.3118231123636081,1,0
Olivia,sugar-snaps-layers-tank#DuckEgg,the-daily-cross-over-top#SkyBlue,random,0.49214629672093557,1,0
Olivia,sugar-snaps-layers-tank#Mint,pure-merino-fine-rib-v-neck#Charcoal,hard,0.09135036128272446,1,0
Olivia,sugar-snaps-layers-tank#Mint,diva-ruffle-jumper#Gold%20Spot,semi-hard,0.3285380197570944,1,0
Olivia,sugar-snaps-layers-tank#Mint,frill-blouse#Rust,random,0.3295942383530557,1,0
Olivia,sugar-snaps-layers-tank#NewBeige,the-longline-cardi-1#GreyMarle,hard,0.22042363122283717,1,0
Olivia,sugar-snaps-layers-tank#NewBeige,linen-cotton-shirt#White,semi-hard,0.373973760509959,1,0
Olivia,sugar-snaps-layers-tank#NewBeige,capri-tank-3#Navy,random,0.2584107635929132,1,0
Olivia,sugar-snaps-layers-tank#PeachyKeen,born-to-run-shirt-jacket#Leopard,hard,0.2133620781828763,1,0
Olivia,sugar-snaps-layers-tank#PeachyKeen,layered-sleeve-top#DarkBlue,semi-hard,0.4026254925099665,1,0
Olivia,sugar-snaps-layers-tank#PeachyKeen,sequin-cross-2-in-1-top#Navy,random,0.2858970390019532,1,0
Olivia,sugar-snaps-layers-tank#Red,butterfly-blouse-1#Ivory,hard,0.19449040235441944,1,0
Olivia,sugar-snaps-layers-tank#Red,cross-my-heart-sweater#Regal,semi-hard,0.41260954916359527,1,0
Olivia,sugar-snaps-layers-tank#Red,wonderland-blouse#Ink,random,0.27352813784689906,1,0
Olivia,sugar-snaps-layers-tank#SeaGreen,glasgow-top#Melange,hard,0.19852379153908756,1,0
Olivia,sugar-snaps-layers-tank#SeaGreen,falling-for-you-cardi#Rust,semi-hard,0.34831460674157305,1,0
Olivia,sugar-snaps-layers-tank#SeaGreen,the-layered-cross-over-top#Black,random,0.4320848098077269,1,0
Olivia,sugar-snaps-layers-tank#White,ally-long-sleeve-tee#CosmosPr,hard,0.21742552872066886,1,0
Olivia,sugar-snaps-layers-tank#White,luxe-shirt#Navy,semi-hard,0.36616893948590673,1,0
Olivia,sugar-snaps-layers-tank#White,beloved-stripe-pull-over-hoodie#NavyWhite,random,0.42452449601380704,1,0
Olivia,the-button-up-swing-tunic#Wine,cara-tee-3#ZebraPrint,hard,0.2195853265943264,1,0
Olivia,the-button-up-swing-tunic#Wine,the-tie-front-top#Black,semi-hard,0.3479499363461471,1,0
Olivia,the-button-up-swing-tunic#Wine,falling-for-you-cardi#Teal,random,0.34831460674157305,1,0
Olivia,the-sleeveless-cross-over-blouse#Black,the-longline-cardi-1#Nude,hard,0.22042363122283717,1,0
Olivia,the-sleeveless-cross-over-blouse#Black,the-tie-front-top#Navy,semi-hard,0.3479499363461471,1,0
Olivia,the-sleeveless-cross-over-blouse#Black,monaco-sweater#BlackCream,random,0.38268041298916566,1,0
Olivia,the-sleeveless-cross-over-blouse#Chambray,leah-knit-cardigan#Black,hard,0.18303211939749864,1,0
Olivia,the-sleeveless-cross-over-blouse#Chambray,longline-cardigan-2#Pink,semi-hard,0.3591803762703583,1,0
Olivia,the-sleeveless-cross-over-blouse#Chambray,the-zip-front-blouse#Khaki,random,0.5431177677977193,1,0
Olivia,the-sleeveless-cross-over-blouse#Cobalt,the-short-sleeve-wrap-jersey-top#NavyWhite,hard,0.2192498265406464,1,0
Olivia,the-sleeveless-cross-over-blouse#Cobalt,roll-with-me-jumper#Chalk,semi-hard,0.41973452850583914,1,0
Olivia,the-sleeveless-cross-over-blouse#Cobalt,the-colour-block-pullover#Sage,random,0.45975693648245813,1,0
Olivia,the-sleeveless-cross-over-blouse#Mint,the-panel-luxe-top#SilvWhite,hard,0.21527369511794853,1,0
Olivia,the-sleeveless-cross-over-blouse#Mint,long-sleeve-softly-swinging-bamboo-tee#DuckEgg,semi-hard,0.42261718334908643,1,0
Olivia,the-sleeveless-cross-over-blouse#Mint,belle-polka-dot-blouse#WhiteSpot,random,0.5880474689190557,1,0
Olivia,the-sleeveless-cross-over-blouse#Salmon,the-cotton-bamboo-tee#BlueJeans,hard,0.16803081879504336,1,0
Olivia,the-sleeveless-cross-over-blouse#Salmon,the-batwing-tee#FrenchBlue,semi-hard,0.321530475714539,1,0
Olivia,the-sleeveless-cross-over-blouse#Salmon,billow-top#Black,random,0.6474612042679501,1,0
Olivia,the-sleeveless-cross-over-blouse#Sunshine,vivid-dreams-blouse#Dusty%20Rose,hard,0.2154081967125025,1,0
Olivia,the-sleeveless-cross-over-blouse#Sunshine,frill-me-tie-throw-on#WhiteBlk,semi-hard,0.32782725312651784,1,0
Olivia,the-sleeveless-cross-over-blouse#Sunshine,the-multi-stripe-cardi#Stripe,random,0.5256664463538224,1,0
Olivia,the-sleeveless-cross-over-blouse#White,colourblock-cardi#NavyRed,hard,0.18234364175925233,1,0
Olivia,the-sleeveless-cross-over-blouse#White,geneva-v-neck-top#ClaySpot,semi-hard,0.3733971253615176,1,0
Olivia,the-sleeveless-cross-over-blouse#White,natural-overlay-knit#Greybloss,random,0.4426100028026192,1,0
Palatina,2-in-1-layered-knit-top#Khaki,forget-me-knot-tunic#ForgetMeK,hard,0.10512987061291679,1,0
Palatina,2-in-1-layered-knit-top#Khaki,the-panel-hem-top#DenimMarle,semi-hard,0.3175842952183897,1,0
Palatina,2-in-1-layered-knit-top#Khaki,ivy-cosy-pullover#Blossom,random,0.4483413286525837,1,0
Palatina,2-in-1-layered-knit-top#Navy,cara-tee-3#Mustard,hard,0.21217823577900177,1,0
Palatina,2-in-1-layered-knit-top#Navy,layered-tee-2#Black,semi-hard,0.2959947445811906,1,0
Palatina,2-in-1-layered-knit-top#Navy,linen-cotton-shirt#White,random,0.3474313490296538,1,0
Palatina,2-in-1-layered-knit-top#PalePink,eco-78-long-cardigan#LightGreyM,hard,0.20575138972408039,1,0
Palatina,2-in-1-layered-knit-top#PalePink,milan-stretch-top#SilverMarl,semi-hard,0.4000589584896708,1,0
Palatina,2-in-1-layered-knit-top#PalePink,the-cut-out-shoulder-blouse#Black,random,0.4059328006561632,1,0
Palatina,2-in-1-layered-top-1#NavyWhite,the-short-sleeve-wrap-jersey-top#Black,hard,0.21723322760454122,1,0
Palatina,2-in-1-layered-top-1#NavyWhite,the-panel-hem-top#Khaki,semi-hard,0.3175842952183897,1,0
Palatina,2-in-1-layered-top-1#NavyWhite,falling-for-you-cardi-2#WinterRose,random,0.34831460674157305,1,0
Palatina,2-in-1-layered-top-1#PinkWhite,glasgow-top#Melange,hard,0.216537669747138,1,0
Palatina,2-in-1-layered-top-1#PinkWhite,belle-v-neck-forgiver-tunic#White,semi-hard,0.3684632559427723,1,0
Palatina,2-in-1-layered-top-1#PinkWhite,square-peg-pullover#SilverMix,random,0.25562589086742193,1,0
Palatina,batty-about-you-cotton-tee#BlkWhite,the-cotton-bamboo-tee#BlueJeans,hard,0.14025247765326107,1,0
Palatina,batty-about-you-cotton-tee#BlkWhite,raspberry-ls-tee#WhiteRaspb,semi-hard,0.29010723909498826,1,0
Palatina,batty-about-you-cotton-tee#BlkWhite,in-transit-cardi#Navy,random,0.3836407529663194,1,0
Palatina,beach-walk-shirt#Khaki,overlay-tunic-3-pce-set#Emerald,hard,0.1516304363502601,1,0
Palatina,beach-walk-shirt#Khaki,daylight-jumper#Silver,semi-hard,0.39117978059441205,1,0
Palatina,beach-walk-shirt#Khaki,not-today-buttoned-cardigan#Almond,random,0.336247584481107,1,0
Palatina,beach-walk-shirt#Stormy,belle-cowl-swing-sweater#Green,hard,0.20739726942097939,1,0
Palatina,beach-walk-shirt#Stormy,rosie-bell-sleeve-denim-shirt#Stripe,semi-hard,0.3218840955433102,1,0
Palatina,beach-walk-shirt#Stormy,star-and-spot-sweater#SilverMult,random,0.33704917433824116,1,0
Palatina,bird-print-jumper#Navy,aztec-cardigan#Orange,hard,0.20269666046200138,1,0
Palatina,bird-print-jumper#Navy,the-half-sleeve-tee#Black,semi-hard,0.31893234301086026,1,0
Palatina,bird-print-jumper#Navy,the-relaxed-batwing-top#PeachRose,random,0.641781713083747,1,0
Palatina,cascade-hood-top#Black,magnolia-fields-keyhole-blouse#Magnolia,hard,0.20713309925536427,1,0
Palatina,cascade-hood-top#Black,belle-longline-white-shirt#White,semi-hard,0.36904407354266655,1,0
Palatina,cascade-hood-top#Black,the-colour-block-pullover#Sage,random,0.4664369280667207,1,0
Palatina,chasing-birds-blouse#White,multi-pattern-print-top#NavyMulti,hard,0.2152823585743935,1,0
Palatina,chasing-birds-blouse#White,the-cotton-cardi#Navy,semi-hard,0.3760859492644504,1,0
Palatina,chasing-birds-blouse#White,belle-square-neck-drape-tee#Vanilla,random,0.366749432858371,1,0
Palatina,collared-shirt-1#White,34-sleeve-shirt-1#SkyWhite,hard,0.17859930553900352,1,0
Palatina,collared-shirt-1#White,cotton-cashmere-v-neck-knit#Navy,semi-hard,0.30706531653838076,1,0
Palatina,collared-shirt-1#White,aigli-top#White,random,0.301385000114114,1,0
Palatina,driftwood-gathering-blouse#Khaki,double-layered-top-1#WSilver,hard,0.20735800002803512,1,0
Palatina,driftwood-gathering-blouse#Khaki,longline-cardigan-2#Pink,semi-hard,0.33526568097454085,1,0
Palatina,driftwood-gathering-blouse#Khaki,open-plains-kimono-throw-1#Rust,random,0.7888803425667518,1,0
Palatina,falling-flowers-blouse#DustyPink,aztec-cardigan#BlackIvory,hard,0.20269666046200138,1,0
Palatina,falling-flowers-blouse#DustyPink,paige-top#Black,semi-hard,0.380182448669649,1,0
Palatina,falling-flowers-blouse#DustyPink,chill-out-slouch-top#GreyMarle,random,0.6135923710247141,1,0
Palatina,falling-for-you-cardi#Black,cara-tee-3#ZebraPrint,hard,0.21217823577900177,1,0
Palatina,falling-for-you-cardi#Black,ruffle-sleeve-top-1#Black,semi-hard,0.3893019470686031,1,0
Palatina,falling-for-you-cardi#Black,sugar-snaps-round-neck-layer-tank#White,random,0.4744535772772313,1,0
Palatina,falling-for-you-cardi#Dusty,mila-knit-cardigan#Clay,hard,0.1952855651531099,1,0
Palatina,falling-for-you-cardi#Dusty,fern-print-top#Navy,semi-hard,0.3243438494338604,1,0
Palatina,falling-for-you-cardi#Dusty,woolly-spotted-hoodie#Navy,random,0.41173346182926446,1,0
Palatina,falling-for-you-cardi#GreyMarle,the-cotton-bamboo-tee#DuckEgg,hard,0.14025247765326107,1,0
Palatina,falling-for-you-cardi#GreyMarle,funnel-neck-knit-jumper#BlueMulti,semi-hard,0.3138037811668546,1,0
Palatina,falling-for-you-cardi#GreyMarle,millie-top#BlackSpot,random,0.22666172788264038,1,0
Palatina,falling-for-you-cardi#Khaki,hannah-tee-1#RedWhite,hard,0.2065209888579676,1,0
Palatina,falling-for-you-cardi#Khaki,the-roll-neck-sweater#Natural,semi-hard,0.37351341183872,1,0
Palatina,falling-for-you-cardi#Khaki,the-asymmetrical-hem-sweater#Blush,random,0.4034580698273569,1,0
Palatina,falling-for-you-cardi#Mustard,the-short-sleeve-wrap-jersey-top#NavyWhite,hard,0.21723322760454122,1,0
Palatina,falling-for-you-cardi#Mustard,variegated-rib-knit#Silver,semi-hard,0.33634109809671475,1,0
Palatina,falling-for-you-cardi#Mustard,millie-top#Moss,random,0.22666172788264038,1,0
Palatina,falling-for-you-cardi#Navy,layered-top-2#White,hard,0.2097933159748447,1,0
Palatina,falling-for-you-cardi#Navy,natural-cross-back-knit#Lightsmoke,semi-hard,0.393514184069308,1,0
Palatina,falling-for-you-cardi#Navy,the-define-flute-sleeve-blouse#Black,random,0.3880220324319641,1,0
Palatina,falling-for-you-cardi#Port,the-short-sleeve-wrap-jersey-top#Emerald,hard,0.21723322760454122,1,0
Palatina,falling-for-you-cardi#Port,spiced-stripe-tee#NavyWhite,semi-hard,0.30278413670363913,1,0
Palatina,falling-for-you-cardi#Port,bo-cosy-cardigan#Storm,random,0.2788320146458642,1,0
Palatina,falling-for-you-cardi#Rust,mila-knit-cardigan#StoneBlack,hard,0.1952855651531099,1,0
Palatina,falling-for-you-cardi#Rust,bertie-top#BlkCherry,semi-hard,0.3136856883355278,1,0
Palatina,falling-for-you-cardi#Rust,milan-34-sleeve-1#Melange,random,0.4000589584896708,1,0
Palatina,falling-for-you-cardi#Teal,cara-tee-2#BlackSpot,hard,0.22436008474699354,1,0
Palatina,falling-for-you-cardi#Teal,belle-off-the-shoulder-tee#Stripe,semi-hard,0.36184039185490036,1,0
Palatina,falling-for-you-cardi#Teal,cara-tee-4#BlackWhite,random,0.2107737413969793,1,0
Palatina,flow-with-me-slouch-top#Brick,saba-top-2#Catus,hard,0.22477941582425975,1,0
Palatina,flow-with-me-slouch-top#Brick,panelled-stripe-top#NavyWhite,semi-hard,0.3010708449705598,1,0
Palatina,flow-with-me-slouch-top#Brick,eco-78-long-cardigan#DarkGreyM,random,0.20575138972408039,1,0
Palatina,hydrangea-kimono#Hydrangea,butterfly-blouse-1#Ivory,hard,0.17092933776369007,1,0
Palatina,hydrangea-kimono#Hydrangea,the-sleeveless-cross-over-blouse#Sunshine,semi-hard,0.39498017920405293,1,0
Palatina,hydrangea-kimono#Hydrangea,the-cross-over-blouse#Black,random,0.4184576495537635,1,0
Palatina,jersey-split-back-hooded-top#NavyStrip,natural-classic-cardigan#Pebble,hard,0.17886790995791343,1,0
Palatina,jersey-split-back-hooded-top#NavyStrip,placement-print-shirt#WhiteNavy,semi-hard,0.3927569578304915,1,0
Palatina,jersey-split-back-hooded-top#NavyStrip,the-blouson-sleeve-jumper#Navy,random,0.4500155365439739,1,0
Palatina,luxe-shirt#Black,cara-tee-2#Blush,hard,0.22436008474699354,1,0
Palatina,luxe-shirt#Black,the-ultimate-tie-cardi#Port,semi-hard,0.33867347421329264,1,0
Palatina,luxe-shirt#Black,heart-spliced-top#Navy,random,0.3438750146311382,1,0
Palatina,luxe-shirt#Champagne,dusk-top#DuskPrint,hard,0.22632450323585362,1,0
Palatina,luxe-shirt#Champagne,foil-print-top-2#Navy,semi-hard,0.30338004721132406,1,0
Palatina,luxe-shirt#Champagne,soho-v-neck-blouse#SohoPrint,random,0.262857179630028,1,0
Palatina,luxe-shirt#Navy,manhattan-stretch-tee#Navy,hard,0.20171723764920663,1,0
Palatina,luxe-shirt#Navy,drama-top#BlackGrey,semi-hard,0.2948517572825621,1,0
Palatina,luxe-shirt#Navy,je-taime-knit#Navy,random,0.41173346182926446,1,0
Palatina,merino-boyfriend-cardigan#MelangeStr,cara-tee-4#White,hard,0.2107737413969793,1,0
Palatina,merino-boyfriend-cardigan#MelangeStr,jewel-knit#GreyMarle,semi-hard,0.3422149402632072,1,0
Palatina,merino-boyfriend-cardigan#MelangeStr,the-essential-layering-tee#White,random,0.45749490522640707,1,0
Palatina,moonlight-kisses-bamboo-tee#Black,pulkari-emb-top#Pulkari,hard,0.2087624944100576,1,0
Palatina,moonlight-kisses-bamboo-tee#Black,belle-tie-neck-blouse-tee#White,semi-hard,0.39164537086475204,1,0
Palatina,moonlight-kisses-bamboo-tee#Black,tuck-layer-shirt#White,random,0.6394280713173335,1,0
Palatina,moonlight-kisses-bamboo-tee#Combat,cuddled-longline-cardigan#Sunflower,hard,0.2239574153290403,1,0
Palatina,moonlight-kisses-bamboo-tee#Combat,the-tie-front-tank#Navy,semi-hard,0.3526797432480049,1,0
Palatina,moonlight-kisses-bamboo-tee#Combat,sugar-snaps-layers-tank#PeachyKeen,random,0.4423056267524157,1,0
Palatina,moonlight-kisses-bamboo-tee#Saffron,manhattan-stretch-tee#White,hard,0.20171723764920663,1,0
Palatina,moonlight-kisses-bamboo-tee#Saffron,jade-kimono-sweet-blossoms#Blue,semi-hard,0.4005072988188769,1,0
Palatina,moonlight-kisses-bamboo-tee#Saffron,linen-v-neck-cami-2#BlueWhite,random,0.2814065762671072,1,0
Palatina,moonlight-kisses-bamboo-tee#White,endeavor-long-sleeve-tee#Stripe,hard,0.1134020618556701,1,0
Palatina,moonlight-kisses-bamboo-tee#White,the-relaxed-long-sleeve-tee-1#Ink%20Stripe,semi-hard,0.33263470122899536,1,0
Palatina,moonlight-kisses-bamboo-tee#White,tie-back-bell-sleeve-top-5#Summerbud,random,0.31776360731275044,1,0
Palatina,on-the-horizon-swing-top-1#Khaki,cherrington-top#GreyRose,hard,0.20983258536778898,1,0
Palatina,on-the-horizon-swing-top-1#Khaki,belle-half-sleeve-boat-tee#White,semi-hard,0.3005971168016982,1,0
Palatina,on-the-horizon-swing-top-1#Khaki,belle-handkerchief-printed-cami#RustFlwrs,random,0.5121049263757078,1,0
Palatina,oversize-contrast-hood-top#Steel,reversible-scoopv-neck-tank#Navy,hard,0.216119369744461,1,0
Palatina,oversize-contrast-hood-top#Steel,blue-waters-cotton-blouse#White,semi-hard,0.39507178670221965,1,0
Palatina,oversize-contrast-hood-top#Steel,belle-v-neck-forgiver-tunic#Tobacco,random,0.3684632559427723,1,0
Palatina,pure-merino-fine-rib-v-neck#Charcoal,colourblock-cardi#NavyRed,hard,0.19350739795385208,1,0
Palatina,pure-merino-fine-rib-v-neck#Charcoal,wrap-me-up-bamboo-top#Black,semi-hard,0.3489836318237338,1,0
Palatina,pure-merino-fine-rib-v-neck#Charcoal,the-panel-luxe-top#BlkWhite,random,0.1938184851760825,1,0
Palatina,reversible-stripe-vee-scoop-neck-tank#BlackWhite,mila-knit-cardigan#InkWhite,hard,0.1952855651531099,1,0
Palatina,reversible-stripe-vee-scoop-neck-tank#BlackWhite,paisley-top-1#Paisley,semi-hard,0.3133348003690311,1,0
Palatina,reversible-stripe-vee-scoop-neck-tank#BlackWhite,the-printed-v-split-top#Natural,random,0.5285310863548626,1,0
Palatina,sand-queen-throw-blouse#Fleur,the-longline-cardi-1#GreyMarle,hard,0.19193161235218753,1,0
Palatina,sand-queen-throw-blouse#Fleur,belle-half-sleeve-forgiver-tunic#MutedClay,semi-hard,0.34425359295968605,1,0
Palatina,sand-queen-throw-blouse#Fleur,the-shoulder-tie-top#Black,random,0.4902534511647904,1,0
Palatina,sky-jumper-1#Clouds,the-uneven-hem-knit-1#Sage,hard,0.08529700540009819,1,0
Palatina,sky-jumper-1#Clouds,prickly-cactus-crew#Pink,semi-hard,0.30816101356934644,1,0
Palatina,sky-jumper-1#Clouds,high-neck-tie-top#Black,random,0.2580161684640764,1,0
Palatina,sky-shirt#Clouds,the-cotton-bamboo-tee#White,hard,0.14025247765326107,1,0
Palatina,sky-shirt#Clouds,the-zip-front-top#Rose,semi-hard,0.36417618380140576,1,0
Palatina,sky-shirt#Clouds,layered-tunic-1#Natural,random,0.28839084148691935,1,0
Palatina,the-boat-neck-top#Black,reversible-scoopv-neck-tank#Black,hard,0.216119369744461,1,0
Palatina,the-boat-neck-top#Black,ponte-spot-top#BlackWhite,semi-hard,0.3841678661290201,1,0
Palatina,the-boat-neck-top#Black,layer-me-cotton-candy-top#Cream,random,0.4698547442360653,1,0
Palatina,the-boat-neck-top#Navy,manhattan-stretch-tee#NavyWhtStr,hard,0.20171723764920663,1,0
Palatina,the-boat-neck-top#Navy,messina-v-neck-tee#White,semi-hard,0.31104571989678426,1,0
Palatina,the-boat-neck-top#Navy,belle-mesh-cardi#Black,random,0.6496615055922365,1,0
Palatina,the-boat-neck-top-1#Ink,meadow-cardigan#Cream,hard,0.18875203766906395,1,0
Palatina,the-boat-neck-top-1#Ink,the-midi-waterfall-cardi#BlueMarle,semi-hard,0.3755973179561273,1,0
Palatina,the-boat-neck-top-1#Ink,monaco-sweater#BlackCream,random,0.36086441650008805,1,0
Palatina,the-boat-neck-top-1#NavyWhite,york-linen-blend-long-cardigan#BurntOrang,hard,0.22603153256346092,1,0
Palatina,the-boat-neck-top-1#NavyWhite,foil-spot-jumper#SilverDot,semi-hard,0.29785173521883096,1,0
Palatina,the-boat-neck-top-1#NavyWhite,2-in-1-jumper#Navy,random,0.349740551270418,1,0
Palatina,the-essential-pullover#DustyPeach,reversible-scoopv-neck-tank#White,hard,0.216119369744461,1,0
Palatina,the-essential-pullover#DustyPeach,kimono-and-me-cardi#DustyPink,semi-hard,0.32944535031410704,1,0
Palatina,the-essential-pullover#DustyPeach,haze-swing-top#OffWhite,random,0.5079337499701221,1,0
Palatina,the-essential-pullover#SkyBlue,ally-long-sleeve-tee#CosmosPr,hard,0.22366428651637318,1,0
Palatina,the-essential-pullover#SkyBlue,agra-shirt#White,semi-hard,0.3379730298214098,1,0
Palatina,the-essential-pullover#SkyBlue,paradise-cardi#MultiStrip,random,0.33917340306282034,1,0
Palatina,under-the-stars-blouse#Petal,everyday-linen-tunic#BotanicalB,hard,0.17302059740385795,1,0
Palatina,under-the-stars-blouse#Petal,the-relaxed-long-sleeve-tee#Pink,semi-hard,0.3800208714799303,1,0
Palatina,under-the-stars-blouse#Petal,relaxed-cape#WhiteBlack,random,0.5584707260254579,1,0
Palatina,you-at-my-shoulder-tunic#Black,mila-knit-cardigan#Black,hard,0.1952855651531099,1,0
Palatina,you-at-my-shoulder-tunic#Black,sontana-blouse#Stone,semi-hard,0.39696003534650204,1,0
Palatina,you-at-my-shoulder-tunic#Black,messina-v-neck-tee#Black,random,0.31104571989678426,1,0
Perrie,boho-embroidered-top#BohoDenim,the-cotton-bamboo-tee#DuckEgg,hard,0.30494906403349054,1,0
Perrie,boho-embroidered-top#BohoDenim,variegated-rib-knit#Silver,semi-hard,0.4765550558711003,1,0
Perrie,boho-embroidered-top#BohoDenim,crossing-the-plains-sweater-1#Indigo,random,0.6325200266486868,1,0
Perrie,dahlia-lace-trim-blouse#Dusk,cuddled-longline-cardigan#Sunflower,hard,0.3484391862570247,1,0
Perrie,dahlia-lace-trim-blouse#Dusk,aigli-top#White,semi-hard,0.48033982901547967,1,0
Perrie,dahlia-lace-trim-blouse#Dusk,sparkly-star-tee#Blue,random,0.4619074214469626,1,0
Perrie,ditzy-floral-ruffle-blouse#DitzyFlora,aztec-cardigan#Orange,hard,0.3405756696997284,1,0
Perrie,ditzy-floral-ruffle-blouse#DitzyFlora,the-long-sleeve-scoop-neck-tee#Black,semi-hard,0.4859050921466641,1,0
Perrie,ditzy-floral-ruffle-blouse#DitzyFlora,falling-for-you-cardi#Port,random,0.35195530726256985,1,0
Perrie,frost-cardigan#Mauvewoo,falling-for-you-cardi-1#GreyGarden,hard,0.35195530726256985,1,0
Perrie,frost-cardigan#Mauvewoo,the-contrast-panel-top#BlkStripe,semi-hard,0.5432158222564696,1,0
Perrie,frost-cardigan#Mauvewoo,bodega-knit#Moss,random,0.8455583407386233,1,0
Perrie,high-street-knit#NavyStripe,long-sleeve-tee-2#NavyWhite,hard,0.2929258896187156,1,0
Perrie,high-street-knit#NavyStripe,runaway-top#SoftMint,semi-hard,0.5202877326279493,1,0
Perrie,high-street-knit#NavyStripe,natural-waterfall-cardigan#Fallendust,random,0.5418994413407822,1,0
Perrie,irena-embroidered-blouse#DustyRose,falling-for-you-cardi#Navy,hard,0.35195530726256985,1,0
Perrie,irena-embroidered-blouse#DustyRose,kimono-and-me-cardi#Sand,semi-hard,0.536233010879562,1,0
Perrie,irena-embroidered-blouse#DustyRose,the-tie-front-tank#Navy,random,0.54352864559059,1,0
Perrie,janet-frill-shirt#White,starry-night-cardi#Chalk,hard,0.34264432029795155,1,0
Perrie,janet-frill-shirt#White,soft-and-true-tunic#Pine,semi-hard,0.5594255504900956,1,0
Perrie,janet-frill-shirt#White,mauevewood-crew#Charcoal,random,0.5261421947725903,1,0
Perrie,laurina-stripe-pullover#NightSky,natural-crossover-knit-1#Stormcloud,hard,0.33703193259425435,1,0
Perrie,laurina-stripe-pullover#NightSky,midtown-ruffle-shirt#BoldRed,semi-hard,0.5141906781899193,1,0
Perrie,laurina-stripe-pullover#NightSky,square-nk-fray-trim-top#Denim,random,0.3962611441846206,1,0
Perrie,marjorie-tie-blouse#BluePrint,overlay-tunic-3-pce-set#Emerald,hard,0.2690018186977875,1,0
Perrie,marjorie-tie-blouse#BluePrint,belle-longline-white-shirt#White,semi-hard,0.5771404087642383,1,0
Perrie,marjorie-tie-blouse#BluePrint,bird-print-jumper#Navy,random,0.48087946362915135,1,0
Perrie,rosie-bell-sleeve-denim-shirt#Stripe,manhattan-stretch-tee#Navy,hard,0.318277712096826,1,0
Perrie,rosie-bell-sleeve-denim-shirt#Stripe,natural-cross-back-knit#Lightsmoke,semi-hard,0.5137116970438911,1,0
Perrie,rosie-bell-sleeve-denim-shirt#Stripe,the-crossover-button-blouse-1#Ornate,random,0.6809863224812175,1,0
Perrie,shirt-in-a-box#Silver,mila-knit-cardigan#Clay,hard,0.3075045040216421,1,0
Perrie,shirt-in-a-box#Silver,wrap-me-up-bamboo-top#Black,semi-hard,0.5408491152102585,1,0
Perrie,shirt-in-a-box#Silver,half-sleeve-fluffy-knit#Ivory,random,0.564264096720337,1,0
Perrie,silver-dot-tie-sleeve-blouse#SilverDotP,falling-for-you-cardi#Black,hard,0.35195530726256985,1,0
Perrie,silver-dot-tie-sleeve-blouse#SilverDotP,layered-sleeve-top#DarkBlue,semi-hard,0.5757666190501343,1,0
Perrie,silver-dot-tie-sleeve-blouse#SilverDotP,daisy-top-1#BrightBlue,random,0.5075782203172157,1,0
Perrie,suri-bell-sleeve-top#GreyMarle,endeavor-long-sleeve-tee#Stripe,hard,0.2413793103448276,1,0
Perrie,suri-bell-sleeve-top#GreyMarle,the-tie-front-top#Navy,semi-hard,0.5079661484387785,1,0
Perrie,suri-bell-sleeve-top#GreyMarle,cool-breeze-jumper#Dust,random,0.5338727284402491,1,0
Perrie,the-bamboo-tunic-dress#Khaki,cable-knit-sweater#Camel,hard,0.33169044645095,1,0
Perrie,the-bamboo-tunic-dress#Khaki,the-cotton-cardi#Navy,semi-hard,0.453509278880113,1,0
Perrie,the-bamboo-tunic-dress#Khaki,the-reversible-cowl-neck-top-1#Black,random,0.485133694289434,1,0
Perrie,the-batwing-tee#Black,holly-rib-long-sleeve-tee#Khaki,hard,0.2507171123563736,1,0
Perrie,the-batwing-tee#Black,ember-knit#EmberGlow,semi-hard,0.5066115516309244,1,0
Perrie,the-batwing-tee#Black,vivian-blouse#Check,random,0.4367658470616017,1,0
Perrie,the-batwing-tee#FrenchBlue,ynes#Black,hard,0.2994654597597579,1,0
Perrie,the-batwing-tee#FrenchBlue,belle-v-neck-forgiver-tunic#DenimMarl,semi-hard,0.5707685742667727,1,0
Perrie,the-batwing-tee#FrenchBlue,eco-78-long-cardigan#DarkGreyM,random,0.3208975276170709,1,0
Perrie,the-batwing-tee#Sea,geena-xo-ls-pullover-knit#Allure,hard,0.34388888964409037,1,0
Perrie,the-batwing-tee#Sea,multi-stripe-jumper#NavyMulti,semi-hard,0.5525198829446333,1,0
Perrie,the-batwing-tee#Sea,forget-me-knot-tunic#ForgetMeK,random,0.19333731367669021,1,0
Perrie,the-batwing-tee#Stone,leary-cardigan#Pine,hard,0.3198640883311273,1,0
Perrie,the-batwing-tee#Stone,the-lace-trim-top#Ivory,semi-hard,0.5439259705763145,1,0
Perrie,the-batwing-tee#Stone,the-v-neck-stripe-top#BlkStripe,random,0.7274963767590584,1,0
Perrie,the-button-up-swing-tunic#Wine,glasgow-top#Melange,hard,0.24658636522993682,1,0
Perrie,the-button-up-swing-tunic#Wine,rose-shirt#BlueIllusi,semi-hard,0.46300612632388977,1,0
Perrie,the-button-up-swing-tunic#Wine,walk-in-the-park-cardi#Sand,random,0.5576893234016139,1,0
Perrie,the-cut-out-shoulder-blouse#Black,holly-rib-long-sleeve-tee#Black,hard,0.2507171123563736,1,0
Perrie,the-cut-out-shoulder-blouse#Black,heartmade-sweater#Rust,semi-hard,0.5004961026424976,1,0
Perrie,the-cut-out-shoulder-blouse#Black,high-neck-tie-top#Black,random,0.29800844953942207,1,0
Perrie,the-cut-out-shoulder-blouse#Blue,aztec-cardigan#BlackIvory,hard,0.3405756696997284,1,0
Perrie,the-cut-out-shoulder-blouse#Blue,spliced-lace-panel-tee#White,semi-hard,0.49464506048171325,1,0
Perrie,the-cut-out-shoulder-blouse#Blue,natural-overlay-knit#Greybloss,random,0.5448408432294936,1,0
Perrie,the-cut-out-shoulder-blouse#Clay,rika-top#BatikTile,hard,0.2910749231506971,1,0
Perrie,the-cut-out-shoulder-blouse#Clay,geneva-v-neck-top#Black,semi-hard,0.5439794604184662,1,0
Perrie,the-cut-out-shoulder-blouse#Clay,the-dobby-sleeve-tee#White,random,0.5399136498309384,1,0
Perrie,the-cut-out-shoulder-blouse#Salmon,leah-knit-cardigan#Black,hard,0.32761323232103534,1,0
Perrie,the-cut-out-shoulder-blouse#Salmon,wellington-tee#ClaySpot,semi-hard,0.5591418239902395,1,0
Perrie,the-cut-out-shoulder-blouse#Salmon,the-zip-front-blouse#Khaki,random,0.75983941223057,1,0
Perrie,the-cut-out-shoulder-blouse#Silver,stara-cardigan#GreyMarle,hard,0.33292526560651914,1,0
Perrie,the-cut-out-shoulder-blouse#Silver,belle-half-sleeve-forgiver-tunic#Apricot,semi-hard,0.5406768483577864,1,0
Perrie,the-cut-out-shoulder-blouse#Silver,paradising-buttoned-shirt#Wheat,random,0.4138862521568554,1,0
Perrie,the-cut-out-shoulder-blouse#White,manhattan-stretch-tee#Black,hard,0.318277712096826,1,0
Perrie,the-cut-out-shoulder-blouse#White,marlow-cardigan#Cream,semi-hard,0.511273615366132,1,0
Perrie,the-cut-out-shoulder-blouse#White,alberta-stripe-top#IvoryStrip,random,0.4867279273163022,1,0
Perrie,the-design-fold-tunic-top#PearlBlue,everyday-linen-tunic#BotanicalB,hard,0.30825485603184166,1,0
Perrie,the-design-fold-tunic-top#PearlBlue,jordan-top#PearlBlue,semi-hard,0.5178629478905798,1,0
Perrie,the-design-fold-tunic-top#PearlBlue,leah-knit-cardigan#WhiteBlk,random,0.32761323232103534,1,0
Perrie,the-everyday-shirt#Black,ally-long-sleeve-tee#CosmosPr,hard,0.25211376040106637,1,0
Perrie,the-everyday-shirt#Black,heartmade-cardi#DustyRose,semi-hard,0.486716890586064,1,0
Perrie,the-everyday-shirt#Black,softly-falling-bamboo-tunic#White,random,0.6592527674034672,1,0
Perrie,the-everyday-shirt#Cream,the-uneven-hem-knit-1#Sage,hard,0.32058189655172414,1,0
Perrie,the-everyday-shirt#Cream,waterfall-cardi-1#Black,semi-hard,0.459965814618146,1,0
Perrie,the-everyday-shirt#Cream,sand-queen-throw-blouse#Fleur,random,0.7311509369849526,1,0
Perrie,the-everyday-shirt#Midnight,holly-rib-long-sleeve-tee#WhiteGrey,hard,0.2507171123563736,1,0
Perrie,the-everyday-shirt#Midnight,butterfly-kisses-tee#MustardStr,semi-hard,0.5576639054774288,1,0
Perrie,the-everyday-shirt#Midnight,the-soft-knit-jumper#PinkStripe,random,0.5115263597251654,1,0
Perrie,the-everyday-shirt#Pink,meadow-cardigan#Cream,hard,0.33522912640363906,1,0
Perrie,the-everyday-shirt#Pink,the-stripe-jersey-top#Blue,semi-hard,0.505236815217819,1,0
Perrie,the-everyday-shirt#Pink,the-asymmetrical-tank-top#HotPink,random,0.6663883290688184,1,0
Perrie,the-everyday-shirt#Rose,falling-for-you-cardi#GreyMarle,hard,0.35195530726256985,1,0
Perrie,the-everyday-shirt#Rose,neptune-top-1#PrimBlack,semi-hard,0.4578643693955419,1,0
Perrie,the-everyday-shirt#Rose,milan-34-sleeve-1#Melange,random,0.6022432170392097,1,0
Perrie,the-short-sleeve-wrap-jersey-top#Black,butterfly-blouse-1#Ivory,hard,0.35026136336566804,1,0
Perrie,the-short-sleeve-wrap-jersey-top#Black,jewel-knit#GreyMarle,semi-hard,0.5079519479537579,1,0
Perrie,the-short-sleeve-wrap-jersey-top#Black,splice-knit-1#Multi,random,0.42026603245277705,1,0
Perrie,the-short-sleeve-wrap-jersey-top#Blue,falling-for-you-cardi#Mustard,hard,0.35195530726256985,1,0
Perrie,the-short-sleeve-wrap-jersey-top#Blue,monaco-sweater#BlackCream,semi-hard,0.47404696162161003,1,0
Perrie,the-short-sleeve-wrap-jersey-top#Blue,chill-out-slouch-top#Mustard,random,0.8641534753465987,1,0
Perrie,the-short-sleeve-wrap-jersey-top#Emerald,henson-jumper#Cream,hard,0.2827269475394759,1,0
Perrie,the-short-sleeve-wrap-jersey-top#Emerald,mauevewood-crew#YellowWhit,semi-hard,0.5261421947725903,1,0
Perrie,the-short-sleeve-wrap-jersey-top#Emerald,collared-shirt-1#White,random,0.430867669539712,1,0
Perrie,the-short-sleeve-wrap-jersey-top#NavyWhite,bamboo-layer-tank#Chalk,hard,0.2950421421846745,1,0
Perrie,the-short-sleeve-wrap-jersey-top#NavyWhite,luxe-shirt#Navy,semi-hard,0.46078027244562375,1,0
Perrie,the-short-sleeve-wrap-jersey-top#NavyWhite,the-side-ring-detail-blouse-1#Black,random,0.5118623084075417,1,0
Perrie,vivid-dreams-blouse#Dusty%20Rose,paige-top#Black,hard,0.2789366344527922,1,0
Perrie,vivid-dreams-blouse#Dusty%20Rose,belle-v-neck-forgiver-tunic#Scarlett,semi-hard,0.5707685742667727,1,0
Perrie,vivid-dreams-blouse#Dusty%20Rose,the-zip-front-blouse#Navy,random,0.75983941223057,1,0
Perrie,wildflower-shirt#White,faith-jumper#Eventide,hard,0.31759534440294723,1,0
Perrie,wildflower-shirt#White,shell-top-3#PapBlue,semi-hard,0.5500819954615412,1,0
Perrie,wildflower-shirt#White,fluid-tunic-top#White,random,0.45164512335763096,1,0
Riina,agra-shirt#White,falling-for-you-cardi#Teal,hard,0.33714285714285713,1,0
Riina,agra-shirt#White,spliced-lace-panel-tee#White,semi-hard,0.5192459591623427,1,0
Riina,agra-shirt#White,striped-cardigan-3#Rainbow,random,0.36023741087759903,1,0
Riina,bora-bora-layered-tank#BoraBora,eco-78-long-cardigan#LightGreyM,hard,0.3340280292284147,1,0
Riina,bora-bora-layered-tank#BoraBora,the-long-sleeve-scoop-neck-tee#White,semi-hard,0.489202657807309,1,0
Riina,bora-bora-layered-tank#BoraBora,heartmade-cardi#DustyRose,random,0.5018087181305759,1,0
Riina,jordan-top#PearlBlue,monaco-knot-top#ClaySpot,hard,0.22510934991974316,1,0
Riina,jordan-top#PearlBlue,icing-sugar-top#Ivory,semi-hard,0.5319224425137183,1,0
Riina,jordan-top#PearlBlue,cotton-modal-print-top#PinkNavy,random,0.42776032140057485,1,0
Riina,messina-v-neck-tee#Black,drapey-stripe-tee#Navy,hard,0.351252904643697,1,0
Riina,messina-v-neck-tee#Black,oregon-safari-embroidered-top#White,semi-hard,0.4700499972003434,1,0
Riina,messina-v-neck-tee#Black,dusk-top#DuskPrint,random,0.38259890953376385,1,0
Riina,messina-v-neck-tee#White,manhattan-stretch-tee#Black,hard,0.33190850255701965,1,0
Riina,messina-v-neck-tee#White,jade-kimono-sweet-blossoms#Blue,semi-hard,0.5496599350479675,1,0
Riina,messina-v-neck-tee#White,the-cotton-bamboo-tank#Chambray,random,0.6357880799955206,1,0
Riina,napoleon-top-1#NemoBlue,falling-for-you-cardi#Dusty,hard,0.33714285714285713,1,0
Riina,napoleon-top-1#NemoBlue,boho-embroidered-top#BohoDenim,semi-hard,0.4759063421553623,1,0
Riina,napoleon-top-1#NemoBlue,geneva-v-neck-top#Olive,random,0.5603801467020045,1,0
Riina,napoleon-top-1#NemoRed,the-cotton-bamboo-tee#DustyPink,hard,0.3185337265295457,1,0
Riina,napoleon-top-1#NemoRed,tie-back-bell-sleeve-top-5#Summerbud,semi-hard,0.5188753312926948,1,0
Riina,napoleon-top-1#NemoRed,analia-top#White,random,0.3047589262383814,1,0
Riina,neptune-top-1#PrimBlack,high-neck-tie-top#Black,hard,0.30495154261077306,1,0
Riina,neptune-top-1#PrimBlack,belle-half-sleeve-forgiver-tunic#Black,semi-hard,0.5573408920172459,1,0
Riina,neptune-top-1#PrimBlack,long-sleeve-layer-top#White,random,0.5585416705550785,1,0
Riina,paradise-cardi#MultiStrip,mila-knit-cardigan#Clay,hard,0.31956038392623837,1,0
Riina,paradise-cardi#MultiStrip,foil-striped-2-in-1-top#Blue,semi-hard,0.5570955740540272,1,0
Riina,paradise-cardi#MultiStrip,striped-sleeve-sweater#Striped,random,1.3125,1,0
Riina,rory-spliced-zip-hoodie#Silver,falling-for-you-cardi#Mustard,hard,0.33714285714285713,1,0
Riina,rory-spliced-zip-hoodie#Silver,snake-print-johnny-collar-top#BeigeSnake,semi-hard,0.5312283609877189,1,0
Riina,rory-spliced-zip-hoodie#Silver,the-sleeveless-cross-over-blouse#Salmon,random,0.6156839152730599,1,0
Riina,rory-spliced-zip-hoodie#Slate,falling-for-you-cardi-2#WinterRose,hard,0.33714285714285713,1,0
Riina,rory-spliced-zip-hoodie#Slate,cool-breeze-jumper#Dust,semi-hard,0.5380730897009967,1,0
Riina,rory-spliced-zip-hoodie#Slate,hem-frill-stripe-top#SoFrilled,random,0.6370099667774087,1,0
Riina,selma-top-1#IndoStripe,falling-for-you-cardi#Khaki,hard,0.33714285714285713,1,0
Riina,selma-top-1#IndoStripe,walk-in-the-park-cardi#Sand,semi-hard,0.5583028792912513,1,0
Riina,selma-top-1#IndoStripe,aztec-cardigan#BlackIvory,random,0.3541255914274516,1,0
Riina,soho-v-neck-blouse#SohoPrint,monaco-knot-top#Black,hard,0.22510934991974316,1,0
Riina,soho-v-neck-blouse#SohoPrint,fundamental-split-hoodie#Navy,semi-hard,0.5259242832879166,1,0
Riina,soho-v-neck-blouse#SohoPrint,saba-top-2#Catus,random,0.382965886184628,1,0
Riina,the-asymmetrical-hem-sweater#Blush,vivid-dreams-blouse#Dusty%20Rose,hard,0.3465931912352085,1,0
Riina,the-asymmetrical-hem-sweater#Blush,fundamental-split-hoodie#Pink,semi-hard,0.5259242832879166,1,0
Riina,the-asymmetrical-hem-sweater#Blush,rose-shirt#BlueIllusi,random,0.4783507573071037,1,0
Riina,the-bamboo-tunic-dress#Khaki,mila-knit-cardigan#InkWhite,hard,0.31956038392623837,1,0
Riina,the-bamboo-tunic-dress#Khaki,belle-half-sleeve-forgiver-tunic#BlueBonnet,semi-hard,0.5573408920172459,1,0
Riina,the-bamboo-tunic-dress#Khaki,layered-tunic-1#Natural,random,0.4642034977042816,1,0
Riina,the-bell-sleeve-top#BlkStripe,the-cotton-bamboo-tee#DuckEgg,hard,0.3185337265295457,1,0
Riina,the-bell-sleeve-top#BlkStripe,wellington-tee#Olive,semi-hard,0.5762901050804434,1,0
Riina,the-bell-sleeve-top#BlkStripe,falling-flowers-blouse#DustyPink,random,0.4528007531076188,1,0
Riina,the-bell-sleeve-top#Grey,the-uneven-hem-knit-1#Sage,hard,0.3273982558139535,1,0
Riina,the-bell-sleeve-top#Grey,aigli-top#Navy,semi-hard,0.49822550767105905,1,0
Riina,the-bell-sleeve-top#Grey,robyn-top-1#Roanne,random,0.3828422113554071,1,0
Riina,the-blouson-sleeve-jumper#Grey,falling-for-you-cardi#GreyMarle,hard,0.33714285714285713,1,0
Riina,the-blouson-sleeve-jumper#Grey,floral-blouse-2#NavyMulti,semi-hard,0.49385813673522716,1,0
Riina,the-blouson-sleeve-jumper#Grey,the-sleeveless-cross-over-blouse#White,random,0.6156839152730599,1,0
Riina,the-blouson-sleeve-jumper#Navy,ally-long-sleeve-tee#CosmosPr,hard,0.2643678258800254,1,0
Riina,the-blouson-sleeve-jumper#Navy,baobab-sweater#Bark,semi-hard,0.5568320330483906,1,0
Riina,the-blouson-sleeve-jumper#Navy,sand-queen-throw-blouse#Fleur,random,0.7339264950166114,1,0
Riina,the-boat-neck-top-1#Ink,dream-girl-ruffle-jumper#SoftPink,hard,0.3059098067303744,1,0
Riina,the-boat-neck-top-1#Ink,picnic-top#BlackWhite,semi-hard,0.45462127645675465,1,0
Riina,the-boat-neck-top-1#Ink,side-buttoned-sweater#Buttoned,random,0.4569767441860465,1,0
Riina,the-boat-neck-top-1#NavyWhite,falling-for-you-cardi-1#GreyGarden,hard,0.33714285714285713,1,0
Riina,the-boat-neck-top-1#NavyWhite,janet-frill-shirt#White,semi-hard,0.48025299563253576,1,0
Riina,the-boat-neck-top-1#NavyWhite,fundamental-vee-tee#Navy,random,0.41194636791220274,1,0
Riina,the-box-top#Blush,natural-crossover-knit-1#Stormcloud,hard,0.3452317415730337,1,0
Riina,the-box-top#Blush,ruffle-top-4#Terracotta,semi-hard,0.4838690670611072,1,0
Riina,the-box-top#Blush,variegated-rib-knit#Silver,random,0.4907628714211057,1,0
Riina,the-box-top#Khaki,rika-top#BatikTile,hard,0.2980013018403076,1,0
Riina,the-box-top#Khaki,ella-funnel-neck-top#Khaki,semi-hard,0.5593293597652021,1,0
Riina,the-box-top#Khaki,buttoned-top#Spotty,random,0.5780457152811477,1,0
Riina,the-check-pullover#PinkCheck,faith-jumper#Eventide,hard,0.3093332617865542,1,0
Riina,the-check-pullover#PinkCheck,the-lace-trim-top#Black,semi-hard,0.5693744945064516,1,0
Riina,the-check-pullover#PinkCheck,printed-v-neck-top#Striped,random,0.5767300011198626,1,0
Riina,the-colour-block-pullover#Sage,34-sleeve-shirt-1#SkyWhite,hard,0.33325114785919596,1,0
Riina,the-colour-block-pullover#Sage,multi-stripe-jumper#NavyMulti,semi-hard,0.5690512430475195,1,0
Riina,the-colour-block-pullover#Sage,the-sleeveless-cross-over-blouse#Mint,random,0.6156839152730599,1,0
Riina,the-contrast-knit-1#Navy,henson-jumper#Cream,hard,0.26798389730859684,1,0
Riina,the-contrast-knit-1#Navy,star-and-spot-sweater#SilverMult,semi-hard,0.5447551467020045,1,0
Riina,the-contrast-knit-1#Navy,wellington-tee#Black,random,0.5762901050804434,1,0
Riina,the-contrast-knit-1#Sage,monaco-knot-top#HeatheGrey,hard,0.22510934991974316,1,0
Riina,the-contrast-knit-1#Sage,the-cape-jersey-top#DarkNavy,semi-hard,0.48472021515360786,1,0
Riina,the-contrast-knit-1#Sage,love-song-relaxed-blouse#SagePearl,random,0.7098685561237822,1,0
Riina,the-contrast-panel-top#BlkStripe,meadow-cardigan#Cream,hard,0.34785326999888017,1,0
Riina,the-contrast-panel-top#BlkStripe,long-sleeve-layer-top#Navy,semi-hard,0.5585416705550785,1,0
Riina,the-contrast-panel-top#BlkStripe,prairie-romance-blouse#Blush,random,0.7901371598417262,1,0
Riina,the-contrast-panel-top#SageStripe,natural-classic-cardigan#Pebble,hard,0.2971876516480645,1,0
Riina,the-contrast-panel-top#SageStripe,nuzuri-longline-cardi#Forest,semi-hard,0.5084425199397762,1,0
Riina,the-contrast-panel-top#SageStripe,the-design-fold-tunic-top#PearlBlue,random,0.47752933417945176,1,0
Riina,the-contrast-trim-knit#BlackWhite,overlay-tunic-3-pce-set#Emerald,hard,0.28078259733472694,1,0
Riina,the-contrast-trim-knit#BlackWhite,silver-dot-tie-sleeve-blouse#SilverDotP,semi-hard,0.4526974224495129,1,0
Riina,the-contrast-trim-knit#BlackWhite,layered-stripe-top#PinkStripe,random,0.6162679411325545,1,0
Riina,the-cosy-cardigan#Blue,magnolia-fields-keyhole-blouse#Magnolia,hard,0.3281604623166225,1,0
Riina,the-cosy-cardigan#Blue,hacienda-tunic-pushkar#Cornflower,semi-hard,0.5669918156706111,1,0
Riina,the-cosy-cardigan#Blue,long-sleeve-softly-swinging-bamboo-tee#Black,random,0.6194913315633283,1,0
Riina,the-cosy-cardigan#Grey,manhattan-stretch-tee#NavyWhtStr,hard,0.33190850255701965,1,0
Riina,the-cosy-cardigan#Grey,funnel-neck-knit-jumper#BlueMulti,semi-hard,0.5120735189816716,1,0
Riina,the-cosy-cardigan#Grey,skipping-stones-tunic#Forest,random,0.7123383023349136,1,0
Riina,the-cotton-blend-stripe-jumper#BlueStripe,bamboo-layer-tank#Black,hard,0.28179869769308297,1,0
Riina,the-cotton-blend-stripe-jumper#BlueStripe,butterfly-kisses-tee#Stripe,semi-hard,0.5618272425249169,1,0
Riina,the-cotton-blend-stripe-jumper#BlueStripe,daylight-jumper#Silver,random,0.6114588427152936,1,0
Riina,the-cotton-cardi#Khaki,holly-rib-long-sleeve-tee#Black,hard,0.25150732343499194,1,0
Riina,the-cotton-cardi#Khaki,wrap-me-up-bamboo-top#BlueJeans,semi-hard,0.5571561496789726,1,0
Riina,the-cotton-cardi#Khaki,falling-for-you-tunic#Rust,random,0.5508543385344731,1,0
Riina,the-cotton-cardi#Navy,the-reversible-cowl-neck-top-2#Ocean,hard,0.2649022569898093,1,0
Riina,the-cotton-cardi#Navy,bird-jumper#Navy,semi-hard,0.4860419738512076,1,0
Riina,the-cotton-cardi#Navy,cascade-hood-top#Black,random,0.5821163070663332,1,0
Riina,the-cross-over-poncho#Grey,monaco-knot-top#Olive,hard,0.22510934991974316,1,0
Riina,the-cross-over-poncho#Grey,the-printed-side-ring-detail-blouse#Block,semi-hard,0.529390007325768,1,0
Riina,the-cross-over-poncho#Grey,wonderland-blouse#Ink,random,0.3744347804447099,1,0
Riina,the-cross-over-poncho#Navy,cara-tee-2#Blush,hard,0.33508131446986944,1,0
Riina,the-cross-over-poncho#Navy,belle-v-neck-forgiver-tunic#Scarlett,semi-hard,0.5882434313057598,1,0
Riina,the-cross-over-poncho#Navy,clio-knit-jumper#Black,random,0.6713344407530454,1,0
Riina,the-daily-cross-over-top#PinkPrint,falling-for-you-cardi#Black,hard,0.33714285714285713,1,0
Riina,the-daily-cross-over-top#PinkPrint,heart-spliced-top#Navy,semi-hard,0.556739100003733,1,0
Riina,the-daily-cross-over-top#PinkPrint,belle-tier-tee#Blue,random,0.7698456047724813,1,0
Riina,the-daily-cross-over-top#SkyBlue,back-to-you-top#Rust,hard,0.26895620637201834,1,0
Riina,the-daily-cross-over-top#SkyBlue,horizontal-cabel-pullover#EnglishRos,semi-hard,0.4790100181044459,1,0
Riina,the-daily-cross-over-top#SkyBlue,rib-tank-2#Red,random,0.432423394396954,1,0
Riina,the-daily-essential-jumper#Grey,long-sleeve-tee-2#NavyWhite,hard,0.3062801429691291,1,0
Riina,the-daily-essential-jumper#Grey,overlay-top-2#Black,semi-hard,0.45462829892866474,1,0
Riina,the-daily-essential-jumper#Grey,kimono-top-36#BlueMarle,random,0.44910970920900367,1,0
Riina,the-dobby-sleeve-tee#InkBlue,ricki-one-shoulder-top#BlackWhite,hard,0.33247847764007615,1,0
Riina,the-dobby-sleeve-tee#InkBlue,lucy-rib-oversized-top#WhiteGrey,semi-hard,0.5040754250811901,1,0
Riina,the-dobby-sleeve-tee#InkBlue,oversize-contrast-hood-top#Steel,random,0.8826710823472321,1,0
Riina,the-dobby-sleeve-tee#White,falling-for-you-cardi#Rust,hard,0.33714285714285713,1,0
Riina,the-dobby-sleeve-tee#White,mauevewood-crew#YellowWhit,semi-hard,0.5421902879913397,1,0
Riina,the-dobby-sleeve-tee#White,belle-v-neck-forgiver-tunic#Tobacco,random,0.5882434313057598,1,0
Riina,the-double-layer-top#Black,back-to-you-top#BlackMagic,hard,0.26895620637201834,1,0
Riina,the-double-layer-top#Black,2-in-1-layered-top-1#NavyWhite,semi-hard,0.528508467405776,1,0
Riina,the-double-layer-top#Black,the-stripe-pocket-tank#Stripe,random,0.521672203765227,1,0
Riina,the-double-layer-top#White,falling-for-you-cardi#Port,hard,0.33714285714285713,1,0
Riina,the-double-layer-top#White,natural-cosy-sweater#Rosered,semi-hard,0.5523588039867109,1,0
Riina,the-double-layer-top#White,aigli-top#White,random,0.49822550767105905,1,0
Riina,the-essential-layering-tee#Ink,starry-night-cardi#Chalk,hard,0.34299003322259136,1,0
Riina,the-essential-layering-tee#Ink,shell-top-3#PapBlue,semi-hard,0.569460062898951,1,0
Riina,the-essential-layering-tee#Ink,messina-knit-1#Shiraz,random,0.790939319776774,1,0
Riina,the-essential-layering-tee#White,cable-knit-sweater#Camel,hard,0.34496864384635484,1,0
Riina,the-essential-layering-tee#White,fundamental-rib-long-sleeve-tee#White,semi-hard,0.482069856097652,1,0
Riina,the-essential-layering-tee#White,the-contrast-detail-top#Ivory,random,0.558671096345515,1,0
Riina,the-essential-pullover#DustyPeach,colourblock-cardi#NavyRed,hard,0.3280355043114711,1,0
Riina,the-essential-pullover#DustyPeach,celestial-woven-top#White,semi-hard,0.5387236015715406,1,0
Riina,the-essential-pullover#DustyPeach,the-on-or-off-the-shoulder-top#Pink,random,0.8287170107133526,1,0
Riina,the-essential-pullover#SkyBlue,eco-78-long-cardigan#DarkGreyM,hard,0.3340280292284147,1,0
Riina,the-essential-pullover#SkyBlue,marjorie-tie-blouse#BluePrint,semi-hard,0.47987563692187096,1,0
Riina,the-essential-pullover#SkyBlue,maui-stretch-tee#White,random,0.42828418380678634,1,0
Riina,the-fleck-roll-neck-knit#Oatmeal,endeavor-long-sleeve-tee#Stripe,hard,0.2558139534883721,1,0
Riina,the-fleck-roll-neck-knit#Oatmeal,layered-tee-2#White,semi-hard,0.49700726044271903,1,0
Riina,the-fleck-roll-neck-knit#Oatmeal,double-layered-top-1#WSilver,random,0.38287293758632274,1,0
Riina,the-high-low-drape-tee#Grey,forget-me-knot-tunic#ForgetMeK,hard,0.2055998147560566,1,0
Riina,the-high-low-drape-tee#Grey,off-shoulder-top-2#FloraLace,semi-hard,0.5407308970099668,1,0
Riina,the-high-low-drape-tee#Grey,bodega-knit#Moss,random,0.8668624715368248,1,0
Riina,the-high-low-drape-tee#Sage,shirt-in-a-box#Silver,hard,0.3413525724177834,1,0
Riina,the-high-low-drape-tee#Sage,the-side-panel-drape-top#OffWhite,semi-hard,0.5066256050368932,1,0
Riina,the-high-low-drape-tee#Sage,layer-me-bamboo-rouched-sleeve-tee#Black,random,0.42956637402478626,1,0
Riina,the-layered-cross-over-top#Black,mila-knit-cardigan#Black,hard,0.31956038392623837,1,0
Riina,the-layered-cross-over-top#Black,the-ultimate-tie-cardi#Black,semi-hard,0.5527130596980103,1,0
Riina,the-layered-cross-over-top#Black,pulkari-emb-top#Pulkari,random,0.37326152991899664,1,0
Riina,the-layered-cross-over-top#Navy,pure-merino-fine-rib-polo#BlackStri,hard,0.2356079920863041,1,0
Riina,the-layered-cross-over-top#Navy,the-cotton-bamboo-ls-top#NavyStripe,semi-hard,0.5719280301616335,1,0
Riina,the-layered-cross-over-top#Navy,the-cross-over-printed-blouse#Leopard,random,0.689653011730561,1,0
Riina,the-linen-tie-sleeve-top#GreyMarle,the-cotton-bamboo-tee#BlueJeans,hard,0.3185337265295457,1,0
Riina,the-linen-tie-sleeve-top#GreyMarle,sailaway-blouse#OxfordBlue,semi-hard,0.5650013842746401,1,0
Riina,the-linen-tie-sleeve-top#GreyMarle,rib-tank-2#Black,random,0.432423394396954,1,0
Riina,the-longline-cardi-1#GreyMarle,renee-sweater#Sapphire,hard,0.31342666299600586,1,0
Riina,the-longline-cardi-1#GreyMarle,the-reversible-cowl-neck-top-1#Black,semi-hard,0.5011719304098697,1,0
Riina,the-longline-cardi-1#GreyMarle,sugar-snaps-round-neck-layer-tank#DuckEgg,random,0.7170515183470827,1,0
Riina,the-longline-cardi-1#Nude,mila-knit-cardigan#StoneBlack,hard,0.31956038392623837,1,0
Riina,the-longline-cardi-1#Nude,natural-rolled-neck-tunic#BlueDam,semi-hard,0.4725302673983103,1,0
Riina,the-longline-cardi-1#Nude,milan-stretch-top#SilverMarl,random,0.6198306324424203,1,0
Riina,the-longline-waterfall-cardi#Black,pure-merino-fine-rib-v-neck#Charcoal,hard,0.08122659176029963,1,0
Riina,the-longline-waterfall-cardi#Black,belle-two-in-one-top#Charcoal,semi-hard,0.5094861930269887,1,0
Riina,the-longline-waterfall-cardi#Black,tuck-layer-shirt#White,random,0.9033125692137319,1,0
Riina,the-luxe-long-sleeve-tee#GreyMarle,elina-lace-frill-blouse#Black,hard,0.308278689480757,1,0
Riina,the-luxe-long-sleeve-tee#GreyMarle,driftwood-gathering-blouse#Khaki,semi-hard,0.4522591362126246,1,0
Riina,the-luxe-long-sleeve-tee#GreyMarle,knit-hoodie-1#Sage,random,0.40853048359401245,1,0
Riina,the-midi-waterfall-cardi#BlueMarle,leah-knit-cardigan#WhiteBlk,hard,0.3406037226100265,1,0
Riina,the-midi-waterfall-cardi#BlueMarle,waterfall-cardi-1#Black,semi-hard,0.47603861426331706,1,0
Riina,the-midi-waterfall-cardi#BlueMarle,layered-tunic-1#White,random,0.4642034977042816,1,0
Riina,the-multi-stripe-cardi#Stripe,manhattan-stretch-tee#White,hard,0.33190850255701965,1,0
Riina,the-multi-stripe-cardi#Stripe,jade-kimono-kaleidoscope#Blue,semi-hard,0.5496599350479675,1,0
Riina,the-multi-stripe-cardi#Stripe,jasmine-singlet#White,random,0.6552164834446974,1,0
Riina,the-oversize-knit#GreyMarle,high-street-knit#NavyStripe,hard,0.3321081414013214,1,0
Riina,the-oversize-knit#GreyMarle,karmen-top#HighRiskRe,semi-hard,0.4691901993355481,1,0
Riina,the-oversize-knit#GreyMarle,belle-ls-free-fall-tee#Greenland,random,0.7429665161073575,1,0
Riina,the-oversize-knit#Ink,the-long-sleeve-v-neck-tee#Navy,hard,0.32443091147485903,1,0
Riina,the-oversize-knit#Ink,frost-cardigan#Mauvewoo,semi-hard,0.5331409813729516,1,0
Riina,the-oversize-knit#Ink,sugar-snaps-layers-tank#Blue,random,0.6766392222554033,1,0
Riina,the-panel-hem-top#DenimMarle,holly-rib-long-sleeve-tee#Khaki,hard,0.25150732343499194,1,0
Riina,the-panel-hem-top#DenimMarle,elcos-45-aop-top-jrs#BlackZigZa,semi-hard,0.45560115625816566,1,0
Riina,the-panel-hem-top#DenimMarle,soho-ruffle-jumper#OatmealMar,random,0.4122602677404905,1,0
Riina,the-panel-hem-top#Khaki,cara-tee-2#WhiteBlk,hard,0.33508131446986944,1,0
Riina,the-panel-hem-top#Khaki,adventurous-hoody#Pink,semi-hard,0.5724960104893799,1,0
Riina,the-panel-hem-top#Khaki,the-half-sleeve-tee#White,random,0.4298996614748591,1,0
Riina,the-panel-luxe-top#BlkWhite,paige-top#Black,hard,0.27261973975636766,1,0
Riina,the-panel-luxe-top#BlkWhite,belle-half-sleeve-forgiver-tunic#FlamPink,semi-hard,0.5573408920172459,1,0
Riina,the-panel-luxe-top#BlkWhite,floral-nehru-print-shirt#Pink,random,0.7363317324741498,1,0
Riina,the-panel-luxe-top#SilvWhite,the-long-sleeve-v-neck-tee#White,hard,0.32443091147485903,1,0
Riina,the-panel-luxe-top#SilvWhite,wellington-tee#HeatheGrey,semi-hard,0.5762901050804434,1,0
Riina,the-panel-luxe-top#SilvWhite,the-cut-out-shoulder-blouse#Salmon,random,0.6291750345290977,1,0
Riina,the-relaxed-batwing-top#Denim%20Blue,everyday-linen-tunic#BotanicalB,hard,0.3213489095337638,1,0
Riina,the-relaxed-batwing-top#Denim%20Blue,linen-v-neck-cami-2#BlueWhite,semi-hard,0.47469963184516034,1,0
Riina,the-relaxed-batwing-top#Denim%20Blue,fundamental-sydney-crew#Navy,random,0.5257066916458248,1,0
Riina,the-relaxed-batwing-top#PeachRose,falling-for-you-cardi#Navy,hard,0.33714285714285713,1,0
Riina,the-relaxed-batwing-top#PeachRose,lola-bell-sleeve-top-entangled-vines#Gold,semi-hard,0.5539303445444026,1,0
Riina,the-relaxed-batwing-top#PeachRose,daisy-top-1#BrightBlue,random,0.524064191459181,1,0
Riina,the-relaxed-long-sleeve-tee#Black,leah-knit-cardigan#Black,hard,0.3406037226100265,1,0
Riina,the-relaxed-long-sleeve-tee#Black,foil-spot-jumper#SilverDot,semi-hard,0.49722485208481093,1,0
Riina,the-relaxed-long-sleeve-tee#Black,born-to-run-shirt-jacket#Leopard,random,0.3675399184366718,1,0
Riina,the-relaxed-long-sleeve-tee#Khaki,leary-cardigan#Pine,hard,0.3323212185971854,1,0
Riina,the-relaxed-long-sleeve-tee#Khaki,linen-cotton-shirt#White,semi-hard,0.562260769345627,1,0
Riina,the-relaxed-long-sleeve-tee#Khaki,coogee-shirt#White,random,0.4657642829146291,1,0
Riina,the-relaxed-long-sleeve-tee#Navy,the-cotton-bamboo-tee#White,hard,0.3185337265295457,1,0
Riina,the-relaxed-long-sleeve-tee#Navy,2-in-1-jumper#Navy,semi-hard,0.5622787221434171,1,0
Riina,the-relaxed-long-sleeve-tee#Navy,millie-top#BlackSpot,random,0.4090822025831498,1,0
Riina,the-relaxed-long-sleeve-tee#Pink,glasgow-top#Melange,hard,0.25332418390010825,1,0
Riina,the-relaxed-long-sleeve-tee#Pink,irena-embroidered-blouse#DustyRose,semi-hard,0.4554868952741797,1,0
Riina,the-relaxed-long-sleeve-tee#Pink,the-cross-front-spot-blouse#NavySpot,random,0.8109355344077793,1,0
Riina,the-relaxed-long-sleeve-tee#White,holly-rib-long-sleeve-tee#WhiteGrey,hard,0.25150732343499194,1,0
Riina,the-relaxed-long-sleeve-tee#White,drama-top#BlackGrey,semi-hard,0.4917991876329837,1,0
Riina,the-relaxed-long-sleeve-tee#White,under-the-stars-blouse#Petal,random,0.7311965498898801,1,0
Riina,the-relaxed-long-sleeve-tee-1#Ink%20Stripe,cara-tee-2#BlackSpot,hard,0.33508131446986944,1,0
Riina,the-relaxed-long-sleeve-tee-1#Ink%20Stripe,sunshine-in-me-tee-1#GreyMarle,semi-hard,0.5298006644518273,1,0
Riina,the-relaxed-long-sleeve-tee-1#Ink%20Stripe,cherrington-top#GreyRose,random,0.36677793357348165,1,0
Riina,the-reverse-sleeve-sweater#Navy,manhattan-stretch-tee#Navy,hard,0.33190850255701965,1,0
Riina,the-reverse-sleeve-sweater#Navy,natural-detailed-sweater#Tinroof,semi-hard,0.5132658927171599,1,0
Riina,the-reverse-sleeve-sweater#Navy,relaxed-v-neck-knit#Silver,random,0.3609819328828997,1,0
Riina,the-roll-neck-sweater#Natural,the-long-sleeve-v-neck-tee#Black,hard,0.32443091147485903,1,0
Riina,the-roll-neck-sweater#Natural,alberta-stripe-top#IvoryStrip,semi-hard,0.5026289008548285,1,0
Riina,the-roll-neck-sweater#Natural,ruffle-top-4#Black,random,0.4838690670611072,1,0
Riina,the-ruffle-sleeve-sweat#KhakiMarle,bamboo-layer-tank#Chalk,hard,0.28179869769308297,1,0
Riina,the-ruffle-sleeve-sweat#KhakiMarle,silver-cross-sweater#Silver,semi-hard,0.4617674931875023,1,0
Riina,the-ruffle-sleeve-sweat#KhakiMarle,belle-lace-trim-tee#GreyMarle,random,0.8351735028836463,1,0
Riina,the-shoulder-tie-top#Black,ynes#Black,hard,0.3142919201911232,1,0
Riina,the-shoulder-tie-top#Black,belle-half-sleeve-boat-tee#Black,semi-hard,0.49767366619694653,1,0
Riina,the-shoulder-tie-top#Black,runaway-top#JetBlack,random,0.5456468450981125,1,0
Riina,the-shoulder-tie-top#Navy,lucy-rib-oversized-top#Black,semi-hard,0.5040754250811901,1,0
Riina,the-shoulder-tie-top#Navy,layered-top-2#Navy,random,0.38439781720109,1,0
Riina,the-shoulder-tie-top#White,the-frill-wrap-blouse#Spot,semi-hard,0.4806732882433088,1,0
Riina,the-shoulder-tie-top#White,milan-34-sleeve-1#Melange,random,0.6198306324424203,1,0
Riina,the-soft-knit-jumper#NavyStripe,bo-cosy-cardigan#Blossom,semi-hard,0.47959373483519363,1,0
Riina,the-soft-knit-jumper#NavyStripe,milan-stretch-top#Navy,random,0.6198306324424203,1,0
Riina,the-soft-knit-jumper#PinkStripe,falling-for-you-tunic#Black,semi-hard,0.5508543385344731,1,0
Riina,the-soft-knit-jumper#PinkStripe,belle-nautical-applique-tee#BlueStripe,random,0.6637340477901378,1,0
Riina,the-spotted-tunic#GreySpot,belle-twist-front-tee-1#Black,semi-hard,0.5429003392250551,1,0
Riina,the-spotted-tunic#GreySpot,the-sleeveless-cross-over-blouse#Cobalt,random,0.6156839152730599,1,0
Riina,the-spotted-tunic#NavySpot,animal-knit-1#Animal,semi-hard,0.547220337638583,1,0
Riina,the-spotted-tunic#NavySpot,wildflower-shirt#White,random,0.3884095034342454,1,0
Riina,the-stitch-v-neck-knit#DenimMarle,always-mine-v-neck-knit#Terracotta,semi-hard,0.4905452797790138,1,0
Riina,the-stitch-v-neck-knit#DenimMarle,tracie-top#Black,random,0.6737343510862668,1,0
Riina,the-stitch-v-neck-knit#PinkMarle,layered-tunic-1#PalePink,semi-hard,0.4642034977042816,1,0
Riina,the-stitch-v-neck-knit#PinkMarle,poncho-2#NavySilver,random,1.0372052078278398,1,0
Riina,the-stripe-jersey-top#Blue,on-safari-blouse#Jewel,semi-hard,0.5428571428571428,1,0
Riina,the-stripe-jersey-top#Blue,lenka-lurex-stripe-blouse#NavyGoldSt,random,0.43146709003695544,1,0
Riina,the-stripe-jersey-top#Pink,first-mix-top-1#BlackWhite,semi-hard,0.49981312292358804,1,0
Riina,the-stripe-jersey-top#Pink,layer-me-bamboo-rouched-sleeve-tee#Copper,random,0.42956637402478626,1,0
Riina,the-tie-detail-hoody#FrenchBlue,panelled-stripe-top#NavyWhite,semi-hard,0.5043531160177686,1,0
Riina,the-tie-detail-hoody#FrenchBlue,fundamental-vee-tee#Pink,random,0.41194636791220274,1,0
Riina,the-tie-detail-hoody#Pink,mixed-messages-jumper#MixedStrip,semi-hard,0.47936461794019936,1,0
Riina,the-tie-detail-hoody#Pink,2-in-1-layered-knit-top#Navy,random,0.6162679411325545,1,0
Riina,the-tie-front-tank#Navy,belle-v-neck-forgiver-tunic#DenimMarl,semi-hard,0.5882434313057598,1,0
Riina,the-tie-front-tank#Navy,border-stripe-knit#WhitePink,random,0.46120454057635596,1,0
Riina,the-tie-front-tank#White,the-ultimate-tie-cardi#Port,semi-hard,0.5527130596980103,1,0
Riina,the-tie-front-tank#White,fundamental-vee-tee#White,random,0.41194636791220274,1,0
Riina,the-tie-layering-knit#Grey,the-lace-trim-top#Ivory,semi-hard,0.5693744945064516,1,0
Riina,the-tie-layering-knit#Grey,beloved-stripe-pull-over-hoodie#NavyWhite,random,0.6189899888946956,1,0
Riina,the-twist-hem-jumper#DenimMarle,soft-and-true-tunic#Pine,semi-hard,0.5760679931595057,1,0
Riina,the-twist-hem-jumper#DenimMarle,softly-swinging-bamboo-tee#Navy,random,0.6362846224196499,1,0
Riina,the-v-neck-stripe-top#BlkStripe,ditzy-floral-ruffle-blouse#DitzyFlora,semi-hard,0.5010152837918549,1,0
Riina,the-v-neck-stripe-top#BlkStripe,the-long-sleeve-scoop-neck-tee#Black,random,0.489202657807309,1,0
Riina,the-weekender-shirt#DenimStrip,marlow-cardigan#Cream,semi-hard,0.5274129540109747,1,0
Riina,the-weekender-shirt#DenimStrip,sugar-snaps-throw-jacket#White,random,0.7999668707305236,1,0
Riina,the-weekender-shirt#GreyStripe,hacienda-tunic-5#PatchGold,semi-hard,0.48277126339169063,1,0
Riina,the-weekender-shirt#GreyStripe,cross-over-top-with-pocket#NavyMustrd,random,0.6361039629138826,1,0
Riina,the-wrap-jersey-top-1#NavyStripe,elcos-top#LightGrey,semi-hard,0.4777027301317705,1,0
Riina,the-wrap-jersey-top-1#NavyStripe,nova-lux-long-sleeve-tie-top#AidaStripe,random,0.408986197693083,1,0
Riina,the-zip-detail-jacket#Grey,belle-half-sleeve-boat-tee#White,semi-hard,0.49767366619694653,1,0
Riina,the-zip-detail-jacket#Grey,never-ending-winter-knit-top#DeluxeGree,random,0.8390466119489343,1,0
Riina,the-zip-front-blouse#Khaki,layered-tee-2#Black,semi-hard,0.49700726044271903,1,0
Riina,the-zip-front-blouse#Khaki,cross-my-heart-sweater#Regal,random,0.5987520764119602,1,0
Riina,the-zip-front-blouse#Navy,half-sleeve-fluffy-knit#Ivory,semi-hard,0.5728351888834969,1,0
Riina,the-zip-front-blouse#Navy,foil-2-in-1-spot-top#Charcoal,random,0.6448544878494905,1,0
Riina,the-zip-front-top#Blue,fundamental-sydney-crew#Burgundy,semi-hard,0.5257066916458248,1,0
Riina,the-zip-front-top#Blue,patchwork-tunic#Patchwork,random,0.6685119047619047,1,0
Riina,the-zip-front-top#Rose,the-tie-front-top#Black,semi-hard,0.5262369174381276,1,0
Riina,the-zip-front-top#Rose,cotton-candy-side-split-top#IceBlue,random,0.7649223678562096,1,0
Riina,york-linen-blend-long-cardigan#BurntOrang,natural-textured-poncho#Deeprain,semi-hard,0.5657142857142857,1,0
Riina,york-linen-blend-long-cardigan#BurntOrang,summer-whispers-kimono-1#Peacock,random,0.9826168273358468,1,0
Rosaline,batty-about-you-cotton-tee#BlkWhite,elina-lace-frill-blouse#Black,hard,0.21712867156208276,1,0
Rosaline,batty-about-you-cotton-tee#BlkWhite,2-in-1-layered-top-1#NavyWhite,semi-hard,0.3918513573653761,1,0
Rosaline,batty-about-you-cotton-tee#BlkWhite,layla-long-line-kimono#MultiStrip,random,0.4080259790832221,1,0
Rosaline,great-scot-merino-carcoat#Twilight,cuddled-longline-cardigan#Sunflower,hard,0.23531347352024923,1,0
Rosaline,great-scot-merino-carcoat#Twilight,diva-ruffle-jumper#Gold%20Spot,semi-hard,0.3296281152647975,1,0
Rosaline,great-scot-merino-carcoat#Twilight,the-colour-block-pullover#Sage,random,0.47002976190476187,1,0
Rosaline,roll-with-me-jumper#Chalk,reversible-scoopv-neck-tank#White,hard,0.23186081441922565,1,0
Rosaline,roll-with-me-jumper#Chalk,frost-cardigan#Mauvewoo,semi-hard,0.3454038718291055,1,0
Rosaline,roll-with-me-jumper#Chalk,luxe-shirt#Black,random,0.35474447411363297,1,0
Rosaline,the-fleck-roll-neck-knit#Oatmeal,holly-rib-long-sleeve-tee#Khaki,hard,0.2369812527814864,1,0
Rosaline,the-fleck-roll-neck-knit#Oatmeal,belle-v-neck-forgiver-tunic#DenimMarl,semi-hard,0.3934856197151757,1,0
Rosaline,the-fleck-roll-neck-knit#Oatmeal,the-boat-neck-top#Black,random,0.4525062583444593,1,0
Shadae,capri-tank-6#ClaySpot,dream-girl-ruffle-jumper#SoftPink,hard,0.30131955811892747,1,0
Shadae,capri-tank-6#ClaySpot,bird-jumper#Navy,semi-hard,0.4664312497383053,1,0
Shadae,capri-tank-6#ClaySpot,floral-nehru-print-shirt#Pink,random,0.712279787614829,1,0
Shadae,capri-tank-6#HeatheGrey,endeavor-long-sleeve-tee#Stripe,hard,0.2558139534883721,1,0
Shadae,capri-tank-6#HeatheGrey,kimono-and-me-cardi#DustyPink,semi-hard,0.5310686554281351,1,0
Shadae,capri-tank-6#HeatheGrey,the-on-or-off-the-shoulder-top#Pink,random,0.8087145412726808,1,0
Shadae,capri-tank-6#Olive,manhattan-stretch-tee#NavyWhtStr,hard,0.31564703854810283,1,0
Shadae,capri-tank-6#Olive,long-sleeve-layer-top#Navy,semi-hard,0.5371723598960494,1,0
Shadae,capri-tank-6#Olive,jade-kimono-sweet-blossoms#Blue,random,0.5407023668750117,1,0
Shadae,clio-knit-jumper#Black,analia-top#White,hard,0.28879283244675436,1,0
Shadae,clio-knit-jumper#Black,elcos-top#LightGrey,semi-hard,0.4592460161045104,1,0
Shadae,clio-knit-jumper#Black,nuzuri-longline-cardi#Forest,random,0.4979625113641668,1,0
Shadae,clio-knit-jumper#Clay,cara-tee-2#WhiteBlk,hard,0.32767639665550585,1,0
Shadae,clio-knit-jumper#Clay,lola-bell-sleeve-top-ditsy-daisies#Blue,semi-hard,0.5439914178581896,1,0
Shadae,clio-knit-jumper#Clay,ditzy-floral-ruffle-blouse#DitzyFlora,random,0.48167812347946365,1,0
Shadae,clio-knit-jumper#InkWhite,mila-knit-cardigan#InkWhite,hard,0.3032873380725174,1,0
Shadae,clio-knit-jumper#InkWhite,llama-long-sleeve-shirt#Mustard,semi-hard,0.5369540895752958,1,0
Shadae,clio-knit-jumper#InkWhite,ivy-cosy-pullover#Storm,random,0.6570554658847918,1,0
Shadae,clio-knit-jumper#StoneBlack,geena-xo-ls-pullover-knit#Allure,hard,0.34083609531973746,1,0
Shadae,clio-knit-jumper#StoneBlack,the-ultimate-tie-cardi#Black,semi-hard,0.5323363241672269,1,0
Shadae,clio-knit-jumper#StoneBlack,cotton-cashmere-v-neck-knit#Navy,random,0.4883251356448045,1,0
Shadae,ember-knit#EmberGlow,high-street-knit#NavyStripe,hard,0.3157274665946325,1,0
Shadae,ember-knit#EmberGlow,the-zip-detail-jacket#Grey,semi-hard,0.46951780317960845,1,0
Shadae,ember-knit#EmberGlow,the-multi-stripe-cardi#Stripe,random,0.6584659373386216,1,0
Shadae,fundamental-rib-long-sleeve-tee#Black,34-sleeve-shirt-1#SkyWhite,hard,0.3166832838689362,1,0
Shadae,fundamental-rib-long-sleeve-tee#Black,foil-spot-tee-1#Navy,semi-hard,0.464305140398952,1,0
Shadae,fundamental-rib-long-sleeve-tee#Black,star-and-spot-sweater#SilverMult,random,0.5246811393835438,1,0
Shadae,fundamental-rib-long-sleeve-tee#White,ynes#Black,hard,0.3152112635754733,1,0
Shadae,fundamental-rib-long-sleeve-tee#White,the-crossover-2-way-blouse#Black,semi-hard,0.4845314979331534,1,0
Shadae,fundamental-rib-long-sleeve-tee#White,the-drape-tee-1#Stripe,random,0.6464489174382749,1,0
Shadae,fundamental-split-hoodie#Navy,meadow-cardigan#Cream,hard,0.3308493175462036,1,0
Shadae,fundamental-split-hoodie#Navy,mixed-messages-jumper#MixedStrip,semi-hard,0.4651242420260946,1,0
Shadae,fundamental-split-hoodie#Navy,belle-ls-free-fall-tee#Blush,random,0.7188363797547873,1,0
Shadae,fundamental-split-hoodie#Pink,natural-classic-cardigan#Pebble,hard,0.2903461011462588,1,0
Shadae,fundamental-split-hoodie#Pink,natural-cosy-sweater#Rosered,semi-hard,0.5542635658914729,1,0
Shadae,fundamental-split-hoodie#Pink,lurex-stitch-top#White,random,0.6176897927981886,1,0
Shadae,fundamental-stripe-long-sleeve-tee#WhiteBlack,relaxed-v-neck-knit#Silver,hard,0.34447778604262635,1,0
Shadae,fundamental-stripe-long-sleeve-tee#WhiteBlack,softly-swinging-bamboo-singlet#Cashew,semi-hard,0.5848911304173424,1,0
Shadae,fundamental-stripe-long-sleeve-tee#WhiteBlack,the-weekender-shirt#DenimStrip,random,0.5608852234788381,1,0
Shadae,fundamental-vee-tee#Black,everyday-linen-tunic#BotanicalB,hard,0.30518968615145203,1,0
Shadae,fundamental-vee-tee#Black,chasing-birds-blouse#White,semi-hard,0.5612271711995795,1,0
Shadae,fundamental-vee-tee#Black,the-printed-v-split-top#Natural,random,0.6926137848487081,1,0
Shadae,fundamental-vee-tee#GreyMarle,cuddled-longline-cardigan#Sunflower,hard,0.34474952192729097,1,0
Shadae,fundamental-vee-tee#GreyMarle,runaway-top#SoftMint,semi-hard,0.5353635546777052,1,0
Shadae,fundamental-vee-tee#GreyMarle,hacienda-tunic-pushkar#Cornflower,random,0.5451127508675794,1,0
Shadae,fundamental-vee-tee#Navy,falling-for-you-cardi-1#GreyGarden,hard,0.3446327683615819,1,0
Shadae,fundamental-vee-tee#Navy,the-tie-front-tank#Navy,semi-hard,0.5412096771970639,1,0
Shadae,fundamental-vee-tee#Navy,butterfly-kisses-tee#MustardStr,random,0.5642162659308895,1,0
Shadae,fundamental-vee-tee#Pink,back-to-you-top#Rust,hard,0.25940328886722264,1,0
Shadae,fundamental-vee-tee#Pink,viola-kimono-radiant-floral#Grey,semi-hard,0.5423728813559322,1,0
Shadae,fundamental-vee-tee#Pink,the-essential-layering-tee#Ink,random,0.6054835323656766,1,0
Shadae,fundamental-vee-tee#White,long-sleeve-tee-2#NavyWhite,hard,0.29059949379224115,1,0
Shadae,fundamental-vee-tee#White,on-safari-blouse#Jewel,semi-hard,0.5480225988700564,1,0
Shadae,fundamental-vee-tee#White,meredith-78-oversized-pullover-knit#CameoRose,random,1.0251470160811902,1,0
Shadae,monaco-knot-top#Black,merino-boyfriend-cardigan#MelangeStr,hard,0.3430743806187243,1,0
Shadae,monaco-knot-top#Black,belle-v-neck-forgiver-tunic#BlueMarle,semi-hard,0.5671111505758727,1,0
Shadae,monaco-knot-top#Black,striped-sleeve-sweater#Striped,random,1.2424242424242424,1,0
Shadae,monaco-knot-top#ClaySpot,paige-top#Black,hard,0.28348124524711044,1,0
Shadae,monaco-knot-top#ClaySpot,belle-v-neck-forgiver-tunic#White,semi-hard,0.5671111505758727,1,0
Shadae,monaco-knot-top#ClaySpot,print-tee-3#Cntryhous,random,0.8619274782065479,1,0
Shadae,monaco-knot-top#HeatheGrey,the-reversible-cowl-neck-top-2#Ocean,hard,0.25053305320353014,1,0
Shadae,monaco-knot-top#HeatheGrey,2-in-1-layered-top-1#NavyWhite,semi-hard,0.5184264340748377,1,0
Shadae,monaco-knot-top#HeatheGrey,belle-off-the-shoulder-tee#Stripe,random,0.5546888402623523,1,0
Shadae,monaco-knot-top#Olive,mila-knit-cardigan#Clay,hard,0.3032873380725174,1,0
Shadae,monaco-knot-top#Olive,runaway-top#SoftPink,semi-hard,0.5353635546777052,1,0
Shadae,monaco-knot-top#Olive,falling-for-you-cardi#Teal,random,0.3446327683615819,1,0
Shadae,not-today-buttoned-cardigan#Almond,holly-rib-long-sleeve-tee#Khaki,hard,0.23669691890030875,1,0
Shadae,not-today-buttoned-cardigan#Almond,the-tie-front-top#Black,semi-hard,0.5063888614341905,1,0
Shadae,not-today-buttoned-cardigan#Almond,tab-sleeve-longline-shirt#Pink,random,0.7355456755831213,1,0
Shadae,rib-tank-2#Black,manhattan-stretch-tee#White,hard,0.31564703854810283,1,0
Shadae,rib-tank-2#Black,belle-drape-tee#Sliver,semi-hard,0.5853651997719794,1,0
Shadae,rib-tank-2#Black,ruffle-sleeve-top-1#Black,random,0.5881710097811793,1,0
Shadae,rib-tank-2#Khaki,the-cotton-bamboo-tee#BlueJeans,hard,0.3018650479726554,1,0
Shadae,rib-tank-2#Khaki,the-long-sleeve-scoop-neck-tee#White,semi-hard,0.4916239653133623,1,0
Shadae,rib-tank-2#Khaki,millie-top#Moss,random,0.39150335277651005,1,0
Shadae,rib-tank-2#Mustard,falling-for-you-cardi#Dusty,hard,0.3446327683615819,1,0
Shadae,rib-tank-2#Mustard,the-tie-detail-hoody#Pink,semi-hard,0.5813296544475102,1,0
Shadae,rib-tank-2#Mustard,long-sleeve-check-top#Check,random,0.5987715149126265,1,0
Shadae,rib-tank-2#Navy,the-long-sleeve-v-neck-tee#Navy,hard,0.3097819274405794,1,0
Shadae,rib-tank-2#Navy,jordan-top#PearlBlue,semi-hard,0.5138476685579563,1,0
Shadae,rib-tank-2#Navy,the-cotton-cardi#Navy,random,0.4588753120483511,1,0
Shadae,rib-tank-2#Red,falling-for-you-cardi#GreyMarle,hard,0.3446327683615819,1,0
Shadae,rib-tank-2#Red,rise-top#Ink,semi-hard,0.4695961311057882,1,0
Shadae,rib-tank-2#Red,arlo-cardigan#Navy,random,0.3628037971751019,1,0
Shadae,rib-tank-2#White,falling-for-you-cardi#Black,hard,0.3446327683615819,1,0
Shadae,rib-tank-2#White,spiced-stripe-tee#NavyWhite,semi-hard,0.4859842889996615,1,0
Shadae,rib-tank-2#White,saba-top-2#Catus,random,0.3654136561113305,1,0
Shadae,sadie-crew#GreyMarle,holly-rib-long-sleeve-tee#WhiteGrey,hard,0.23669691890030875,1,0
Shadae,sadie-crew#GreyMarle,geneva-v-neck-top#Black,semi-hard,0.5398326545350589,1,0
Shadae,sadie-crew#GreyMarle,the-sleeveless-cross-over-blouse#Chambray,random,0.5941874608114261,1,0
Shadae,sequin-cross-2-in-1-top#Khaki,bamboo-layer-tank#Black,hard,0.27856573855785527,1,0
Shadae,sequin-cross-2-in-1-top#Khaki,belle-v-neck-forgiver-tunic#Scarlett,semi-hard,0.5671111505758727,1,0
Shadae,sequin-cross-2-in-1-top#Khaki,sparkly-star-tee#Blue,random,0.4580071747986608,1,0
Shadae,sequin-cross-2-in-1-top#Navy,the-long-sleeve-v-neck-tee#White,hard,0.3097819274405794,1,0
Shadae,sequin-cross-2-in-1-top#Navy,sailaway-blouse#OxfordBlue,semi-hard,0.5484725059025414,1,0
Shadae,sequin-cross-2-in-1-top#Navy,janet-frill-shirt#White,random,0.4609962695299708,1,0
Shadae,st-helens-henley-tee#Sapphire,geena-xo-ls-pullover-knit#WhiteCapGr,hard,0.34083609531973746,1,0
Shadae,st-helens-henley-tee#Sapphire,willow-knot-top#WhiteBlk,semi-hard,0.47415286723524797,1,0
Shadae,st-helens-henley-tee#Sapphire,lilly-layer-stripe-tank#NavyWhite,random,0.4420525276851647,1,0
Shadae,st-helens-henley-tee#White,aztec-cardigan#Orange,hard,0.3377188604326956,1,0
Shadae,st-helens-henley-tee#White,frill-me-tie-throw-on#WhiteBlk,semi-hard,0.4864378821808857,1,0
Shadae,st-helens-henley-tee#White,belle-tie-neck-blouse-tee#RoyalBlue,random,0.5882892892155801,1,0
Shadae,tinker-stripe-knit#NavyWhite,the-cotton-bamboo-tee#White,hard,0.3018650479726554,1,0
Shadae,tinker-stripe-knit#NavyWhite,runaway-top#Sand,semi-hard,0.5353635546777052,1,0
Shadae,tinker-stripe-knit#NavyWhite,butterfly-kisses-tee#Stripe,random,0.5642162659308895,1,0
Sophia,ava-short-sleeve-linen-tee#Blush,arlo-cardigan#Navy,hard,0.1721151497539048,1,0
Sophia,ava-short-sleeve-linen-tee#Blush,multi-stripe-jumper#NavyMulti,semi-hard,0.3320336881911082,1,0
Sophia,ava-short-sleeve-linen-tee#Blush,the-cut-out-shoulder-blouse#Clay,random,0.3796093499015374,1,0
Sophia,ava-short-sleeve-linen-tee#Navy,millie-top#BlackSpot,hard,0.20517315563468533,1,0
Sophia,ava-short-sleeve-linen-tee#Navy,the-sleeveless-cross-over-blouse#Salmon,semi-hard,0.36932288256341217,1,0
Sophia,ava-short-sleeve-linen-tee#Navy,cyrus-top#LightRose,random,0.21312089688034158,1,0
Sophia,billow-top#Black,the-short-sleeve-wrap-jersey-top#Blue,hard,0.19615840708832696,1,0
Sophia,billow-top#Black,belle-square-neck-drape-tee#Vanilla,semi-hard,0.34107308917548906,1,0
Sophia,billow-top#Black,suri-bell-sleeve-top#GreyMarle,random,0.2330015707422585,1,0
Sophia,billow-top#Peach,born-to-run-shirt-jacket#Leopard,hard,0.17037058972114114,1,0
Sophia,billow-top#Peach,heart-spliced-top#Navy,semi-hard,0.3195683585559471,1,0
Sophia,billow-top#Peach,dot-to-dot-knit-1#GreyMarle,random,0.2530830997451989,1,0
Sophia,bubbles-print-tee#Cambridge,reversible-scoopv-neck-tank#White,hard,0.20969348454639758,1,0
Sophia,bubbles-print-tee#Cambridge,bird-print-jumper#Navy,semi-hard,0.2748591359323539,1,0
Sophia,bubbles-print-tee#Cambridge,the-side-ring-detail-blouse-1#Black,random,0.3017003622148815,1,0
Sophia,cotton-candy-side-split-top#IceBlue,forget-me-knot-tunic#ForgetMeK,hard,0.11437657717972675,1,0
Sophia,cotton-candy-side-split-top#IceBlue,daisy-top-1#BrightBlue,semi-hard,0.2938997937557784,1,0
Sophia,cotton-candy-side-split-top#IceBlue,paradise-cardi#MultiStrip,random,0.3131120499596585,1,0
Sophia,cotton-modal-print-top#PinkNavy,the-longline-cardi-1#GreyMarle,hard,0.18335048152262678,1,0
Sophia,cotton-modal-print-top#PinkNavy,sequin-star-tee#Navy,semi-hard,0.31419605217659996,1,0
Sophia,cotton-modal-print-top#PinkNavy,manhattan-stretch-tee#NavyWhtStr,random,0.1963589618141644,1,0
Sophia,eco-78-long-cardigan#DarkGreyM,34-sleeve-shirt-1#SkyWhite,hard,0.17210326802675044,1,0
Sophia,eco-78-long-cardigan#DarkGreyM,natural-detailed-sweater#Tinroof,semi-hard,0.3521733873835431,1,0
Sophia,eco-78-long-cardigan#DarkGreyM,annabelle-sweater#Midnight,random,0.6249984059602374,1,0
Sophia,eco-78-long-cardigan#LightGreyM,fundamental-vee-tee#White,hard,0.20939996664778343,1,0
Sophia,eco-78-long-cardigan#LightGreyM,crushed-top#Blue,semi-hard,0.36917280985067524,1,0
Sophia,eco-78-long-cardigan#LightGreyM,lola-bell-sleeve-top-entangled-vines#Gold,random,0.3874447052130005,1,0
Sophia,elcos-45-aop-top-jrs#BlackFlowe,double-layered-top-1#WSilver,hard,0.20103938136542995,1,0
Sophia,elcos-45-aop-top-jrs#BlackFlowe,long-sleeve-softly-swinging-bamboo-tee#DuckEgg,semi-hard,0.3677464875946921,1,0
Sophia,elcos-45-aop-top-jrs#BlackFlowe,york-linen-blend-top#BurntOrang,random,0.23746940056747817,1,0
Sophia,elcos-45-aop-top-jrs#BlackZigZa,the-cotton-bamboo-tee#White,hard,0.1322659520463792,1,0
Sophia,elcos-45-aop-top-jrs#BlackZigZa,the-relaxed-long-sleeve-tee-1#Ink%20Stripe,semi-hard,0.3094397440707852,1,0
Sophia,elcos-45-aop-top-jrs#BlackZigZa,capri-tank-6#ClaySpot,random,0.23576315879824117,1,0
Sophia,falling-for-you-cardi#Black,bella-ls-tee#GreenWhite,hard,0.19678650780221157,1,0
Sophia,falling-for-you-cardi#Black,luxe-shirt#Champagne,semi-hard,0.32743759334329,1,0
Sophia,falling-for-you-cardi#Black,cara-tee-4#White,random,0.1896527200449274,1,0
Sophia,falling-for-you-cardi#Dusty,manhattan-stretch-tee#Navy,hard,0.1963589618141644,1,0
Sophia,falling-for-you-cardi#Dusty,the-tie-front-top#Navy,semi-hard,0.2983803145898781,1,0
Sophia,falling-for-you-cardi#Dusty,the-long-sleeve-v-neck-tee#Navy,random,0.22285276099948748,1,0
Sophia,falling-for-you-cardi#GreyMarle,mila-knit-cardigan#Black,hard,0.1722368424279433,1,0
Sophia,falling-for-you-cardi#GreyMarle,ember-knit#EmberGlow,semi-hard,0.2957253616630985,1,0
Sophia,falling-for-you-cardi#GreyMarle,manhattan-stretch-tee#White,random,0.1963589618141644,1,0
Sophia,falling-for-you-cardi#Khaki,cara-tee-3#ZebraPrint,hard,0.19110620841702042,1,0
Sophia,falling-for-you-cardi#Khaki,belle-half-sleeve-forgiver-tunic#White,semi-hard,0.3183111210023322,1,0
Sophia,falling-for-you-cardi#Khaki,frill-sleeve-top-1#LeafPrint,random,0.2605772324526877,1,0
Sophia,falling-for-you-cardi#Mustard,cara-tee-2#BlackSpot,hard,0.209337173742977,1,0
Sophia,falling-for-you-cardi#Mustard,the-stripe-jersey-top#Pink,semi-hard,0.30089421952134665,1,0
Sophia,falling-for-you-cardi#Mustard,jordan-top#PearlBlue,random,0.30418180391349026,1,0
Sophia,falling-for-you-cardi#Navy,natural-classic-cardigan#Pebble,hard,0.16147286821705426,1,0
Sophia,falling-for-you-cardi#Navy,the-relaxed-long-sleeve-tee#Pink,semi-hard,0.36277789630893964,1,0
Sophia,falling-for-you-cardi#Navy,2-in-1-layered-top-1#NavyWhite,random,0.3649562620012801,1,0
Sophia,falling-for-you-cardi#Port,sequin-spot-cardi#Grey,hard,0.2049058474283234,1,0
Sophia,falling-for-you-cardi#Port,ditzy-floral-ruffle-blouse#DitzyFlora,semi-hard,0.2795248535322695,1,0
Sophia,falling-for-you-cardi#Port,moonlight-kisses-bamboo-tee#White,random,0.3702523548872033,1,0
Sophia,falling-for-you-cardi#Rust,mila-knit-cardigan#InkWhite,hard,0.1722368424279433,1,0
Sophia,falling-for-you-cardi#Rust,jewel-knit#GreyMarle,semi-hard,0.317632685417479,1,0
Sophia,falling-for-you-cardi#Rust,crosses-jumper#xmyheart,random,0.419142308512908,1,0
Sophia,falling-for-you-cardi#Teal,the-longline-cardi-1#Nude,hard,0.18335048152262678,1,0
Sophia,falling-for-you-cardi#Teal,the-reversible-cowl-neck-top-1#Black,semi-hard,0.2798896556628876,1,0
Sophia,falling-for-you-cardi#Teal,for-the-frill-top#Ivory,random,0.44553607557219893,1,0
Sophia,geena-xo-ls-pullover-knit#Allure,manhattan-stretch-tee#Black,hard,0.1963589618141644,1,0
Sophia,geena-xo-ls-pullover-knit#Allure,fundamental-sydney-crew#Burgundy,semi-hard,0.2977110202099718,1,0
Sophia,geena-xo-ls-pullover-knit#Allure,the-stitch-detail-top#SkyBlue,random,0.4682076739526546,1,0
Sophia,geena-xo-ls-pullover-knit#WhiteCapGr,endeavor-long-sleeve-tee#Stripe,hard,0.08,1,0
Sophia,geena-xo-ls-pullover-knit#WhiteCapGr,block-vest#Blockvest,semi-hard,0.29311472304172215,1,0
Sophia,geena-xo-ls-pullover-knit#WhiteCapGr,foil-striped-2-in-1-top#Blue,random,0.38450252471374724,1,0
Sophia,layer-me-cotton-candy-top#Cream,cara-tee-2#WhiteBlk,hard,0.209337173742977,1,0
Sophia,layer-me-cotton-candy-top#Cream,selma-top-1#IndoStripe,semi-hard,0.37428314192594336,1,0
Sophia,layer-me-cotton-candy-top#Cream,the-cotton-bamboo-tee#DuckEgg,random,0.1322659520463792,1,0
Sophia,layered-sleeve-top#DarkBlue,millie-top#WhiteBlk,hard,0.20517315563468533,1,0
Sophia,layered-sleeve-top#DarkBlue,the-tie-front-tank#White,semi-hard,0.32930208647543097,1,0
Sophia,layered-sleeve-top#DarkBlue,the-crossover-2-way-blouse#Black,random,0.3374141241732451,1,0
Sophia,layered-sleeve-top#Moss,york-linen-blend-long-cardigan#BurntOrang,hard,0.1997808808418492,1,0
Sophia,layered-sleeve-top#Moss,long-sleeve-softly-swinging-bamboo-tee#White,semi-hard,0.3677464875946921,1,0
Sophia,layered-sleeve-top#Moss,overlay-tunic-3-pce-set#Emerald,random,0.13871357312596103,1,0
Sophia,longline-gather-back-shirt#Black,cara-tee-2#Blush,hard,0.209337173742977,1,0
Sophia,longline-gather-back-shirt#Black,belle-off-the-shoulder-tee#Stripe,semi-hard,0.3371947352545191,1,0
Sophia,longline-gather-back-shirt#Black,the-relaxed-long-sleeve-tee#White,random,0.36277789630893964,1,0
Sophia,meredith-78-oversized-pullover-knit#CameoRose,double-layered-top-1#WBlack,hard,0.20103938136542995,1,0
Sophia,meredith-78-oversized-pullover-knit#CameoRose,the-batwing-tee#FrenchBlue,semi-hard,0.31122257127605746,1,0
Sophia,meredith-78-oversized-pullover-knit#CameoRose,meadow-cardigan#Cream,random,0.1647952088069471,1,0
Sophia,meredith-78-oversized-pullover-knit#WhiteCapGr,mila-knit-cardigan#StoneBlack,hard,0.1722368424279433,1,0
Sophia,meredith-78-oversized-pullover-knit#WhiteCapGr,long-sleeve-softly-swinging-bamboo-tee#SilverScon,semi-hard,0.3677464875946921,1,0
Sophia,meredith-78-oversized-pullover-knit#WhiteCapGr,tracie-top#Opal,random,0.4178808222302333,1,0
Sophia,printed-v-neck-blouse#NavyWhite,the-uneven-hem-knit-1#Sage,hard,0.050229885057471266,1,0
Sophia,printed-v-neck-blouse#NavyWhite,mixed-messages-jumper#MixedStrip,semi-hard,0.28501381092399536,1,0
Sophia,printed-v-neck-blouse#NavyWhite,the-multi-stripe-cardi#Stripe,random,0.47572292155607704,1,0
Sophia,rory-spliced-zip-hoodie#Silver,hayley-button-down#NavySparro,hard,0.1822254143890291,1,0
Sophia,rory-spliced-zip-hoodie#Silver,long-sleeve-softly-swinging-bamboo-tee#Fern,semi-hard,0.3677464875946921,1,0
Sophia,rory-spliced-zip-hoodie#Silver,cross-over-top-with-pocket#NavyMustrd,random,0.38451905367990213,1,0
Sophia,rory-spliced-zip-hoodie#Slate,millie-top#Blush,hard,0.20517315563468533,1,0
Sophia,rory-spliced-zip-hoodie#Slate,belle-petal-print-top#Petal,semi-hard,0.34058019981901516,1,0
Sophia,rory-spliced-zip-hoodie#Slate,bamboo-layer-tank#Chalk,random,0.34483498622994885,1,0
Sophia,sugar-snaps-throw-jacket#Black,reversible-scoopv-neck-tank#Navy,hard,0.20969348454639758,1,0
Sophia,sugar-snaps-throw-jacket#Black,the-open-sleeve-blouse#Berry,semi-hard,0.373556216877693,1,0
Sophia,sugar-snaps-throw-jacket#Black,saba-top-2#Catus,random,0.21889408586724346,1,0
Sophia,sugar-snaps-throw-jacket#Duckegg,long-sleeve-tee-2#NavyWhite,hard,0.19590535327599695,1,0
Sophia,sugar-snaps-throw-jacket#Duckegg,print-shirt-1#Blush,semi-hard,0.34130614391971925,1,0
Sophia,sugar-snaps-throw-jacket#Duckegg,holly-rib-long-sleeve-tee#Khaki,random,0.23238764472041767,1,0
Sophia,sugar-snaps-throw-jacket#White,layered-top-2#White,hard,0.2037196672625923,1,0
Sophia,sugar-snaps-throw-jacket#White,layered-tee-2#White,semi-hard,0.2728183849189124,1,0
Sophia,sugar-snaps-throw-jacket#White,sequin-spot-shirt#Blue,random,0.3612129845574332,1,0
Sophia,the-asymmetrical-hem-sweater#Blush,cara-tee-3#Mustard,hard,0.19110620841702042,1,0
Sophia,the-asymmetrical-hem-sweater#Blush,the-french-cuff-shirt#White,semi-hard,0.3356829540744882,1,0
Sophia,the-asymmetrical-hem-sweater#Blush,aigli-top#Navy,random,0.2795794923105974,1,0
Sophia,the-boat-neck-top#Black,cherrington-top#GreyRose,hard,0.20401318516120648,1,0
Sophia,the-boat-neck-top#Black,luxe-shirt#Navy,semi-hard,0.32743759334329,1,0
Sophia,the-boat-neck-top#Black,the-longline-waterfall-cardi#Black,random,0.5775094232273664,1,0
Sophia,the-boat-neck-top#Navy,square-nk-fray-trim-top#Denim,hard,0.2079464782756904,1,0
Sophia,the-boat-neck-top#Navy,star-and-spot-sweater#SilverMult,semi-hard,0.3126324585733589,1,0
Sophia,the-boat-neck-top#Navy,the-cascade-blouse#Auburn,random,0.3853313702120563,1,0
Sophia,the-box-top#Blush,hannah-tee-1#Black,hard,0.18499873703003417,1,0
Sophia,the-box-top#Blush,fundamental-split-hoodie#Pink,semi-hard,0.3217779674276367,1,0
Sophia,the-box-top#Blush,ruffle-top-4#Terracotta,random,0.26412374408059464,1,0
Sophia,the-box-top#Khaki,cuddled-longline-cardigan#Sunflower,hard,0.20073108181347774,1,0
Sophia,the-box-top#Khaki,aigli-top#White,semi-hard,0.2795794923105974,1,0
Sophia,the-box-top#Khaki,softly-swinging-bamboo-tee#Black,random,0.3815557705465594,1,0
Sophia,the-contrast-detail-top#Ivory,shirt-in-a-box#Silver,hard,0.2090537228185566,1,0
Sophia,the-contrast-detail-top#Ivory,belle-half-sleeve-forgiver-tunic#Black,semi-hard,0.3183111210023322,1,0
Sophia,the-contrast-detail-top#Ivory,messina-v-neck-tee#Black,random,0.2872981761732746,1,0
Sophia,the-daily-cross-over-top#PinkPrint,belle-cowl-swing-sweater#Green,hard,0.19633289926404413,1,0
Sophia,the-daily-cross-over-top#PinkPrint,falling-for-you-cardi-1#GreyGarden,semi-hard,0.32558139534883723,1,0
Sophia,the-daily-cross-over-top#PinkPrint,natural-crossover-knit-1#Stormcloud,random,0.2173184511328718,1,0
Sophia,the-daily-cross-over-top#SkyBlue,layered-top-2#Navy,hard,0.2037196672625923,1,0
Sophia,the-daily-cross-over-top#SkyBlue,fundamental-sydney-crew#Navy,semi-hard,0.2977110202099718,1,0
Sophia,the-daily-cross-over-top#SkyBlue,funnel-neck-knit-jumper#BlueMulti,random,0.2910453958000731,1,0
Sophia,the-linen-tie-sleeve-top#GreyMarle,ricki-one-shoulder-top#BlackWhite,hard,0.20565259987885298,1,0
Sophia,the-linen-tie-sleeve-top#GreyMarle,llama-long-sleeve-shirt#Mustard,semi-hard,0.3344560278000535,1,0
Sophia,the-linen-tie-sleeve-top#GreyMarle,the-twist-hem-jumper#DenimMarle,random,0.38579759618803783,1,0
Sophia,the-luxe-long-sleeve-tee#GreyMarle,merino-boyfriend-cardigan#MelangeStr,hard,0.19581246367428617,1,0
Sophia,the-luxe-long-sleeve-tee#GreyMarle,heartmade-sweater#Rust,semi-hard,0.36894957684375224,1,0
Sophia,the-luxe-long-sleeve-tee#GreyMarle,bo-cosy-cardigan#Storm,random,0.25445520625648343,1,0
Sophia,the-panel-luxe-top#BlkWhite,germaine-blouse#Pearl,hard,0.20928064050970033,1,0
Sophia,the-panel-luxe-top#BlkWhite,tie-back-bell-sleeve-top-5#Summerbud,semi-hard,0.2944314366712526,1,0
Sophia,the-panel-luxe-top#BlkWhite,the-tie-detail-hoody#FrenchBlue,random,0.46651162790697676,1,0
Sophia,the-panel-luxe-top#SilvWhite,fundamental-vee-tee#Black,hard,0.20939996664778343,1,0
Sophia,the-panel-luxe-top#SilvWhite,still-the-one-ruffle-blouse#Spot,semi-hard,0.2735918007499344,1,0
Sophia,the-panel-luxe-top#SilvWhite,natural-cross-back-knit#Lightsmoke,random,0.37463907261218976,1,0
Sophia,the-pleated-sleeve-top#Sage,multi-pattern-print-top#NavyMulti,hard,0.19365284021100182,1,0
Sophia,the-pleated-sleeve-top#Sage,agra-shirt#White,semi-hard,0.31411497686189976,1,0
Sophia,the-pleated-sleeve-top#Sage,juno-cardigan#GreyMarle,random,0.25850745152279847,1,0
Sophia,the-pocket-tee#GreyStripe,pure-merino-fine-rib-v-neck#Charcoal,hard,0.134683820169426,1,0
Sophia,the-pocket-tee#GreyStripe,the-panel-hem-top#DenimMarle,semi-hard,0.2926878575860352,1,0
Sophia,the-pocket-tee#GreyStripe,laurina-stripe-pullover#NightSky,random,0.2239348503687137,1,0
Sophia,the-pocket-tee#NavyStripe,fundamental-vee-tee#GreyMarle,hard,0.20939996664778343,1,0
Sophia,the-pocket-tee#NavyStripe,not-today-buttoned-cardigan#Almond,semi-hard,0.3082348748106567,1,0
Sophia,the-pocket-tee#NavyStripe,the-roll-neck-sweater#Natural,random,0.3557243439300192,1,0
Sophia,the-ruffle-sleeve-top#NavyStripe,belle-cowl-swing-sweater#Black,hard,0.19633289926404413,1,0
Sophia,the-ruffle-sleeve-top#NavyStripe,cascade-hood-top#Black,semi-hard,0.3414373579158788,1,0
Sophia,the-ruffle-sleeve-top#NavyStripe,napoleon-top-1#NemoRed,random,0.2311762296790585,1,0
Sophia,the-shoulder-tie-top#Black,reversible-scoopv-neck-tank#Black,hard,0.20969348454639758,1,0
Sophia,the-shoulder-tie-top#Black,monaco-sweater#BlackCream,semi-hard,0.34509636583457787,1,0
Sophia,the-shoulder-tie-top#Black,flying-free-top-3#WhiteBird,random,0.39246634123731816,1,0
Sophia,the-shoulder-tie-top#Navy,the-cotton-bamboo-tee#BlueJeans,hard,0.1322659520463792,1,0
Sophia,the-shoulder-tie-top#Navy,long-sleeve-softly-swinging-bamboo-tee#Navy,semi-hard,0.3677464875946921,1,0
Sophia,the-shoulder-tie-top#Navy,runaway-top#SoftMint,random,0.3851191238176517,1,0
Sophia,the-shoulder-tie-top#White,the-short-sleeve-wrap-jersey-top#Emerald,hard,0.19615840708832696,1,0
Sophia,the-shoulder-tie-top#White,celestial-woven-top#White,semi-hard,0.3065012911722078,1,0
Sophia,the-shoulder-tie-top#White,the-cotton-tie-detail-top#Ivory,random,0.3961643356900598,1,0
Sophia,the-textured-spot-top#Pink,the-cotton-bamboo-tee#DustyPink,hard,0.1322659520463792,1,0
Sophia,the-textured-spot-top#Pink,bertie-top#Black,semi-hard,0.29130088971942447,1,0
Sophia,the-textured-spot-top#Pink,stud-trim-long-sleeve-top#Mint,random,0.48656364878154057,1,0
Sophia,to-the-beat-of-the-drum-kimono#Leaf,the-short-sleeve-wrap-jersey-top#Black,hard,0.19615840708832696,1,0
Sophia,to-the-beat-of-the-drum-kimono#Leaf,the-stripe-jersey-top#Blue,semi-hard,0.30089421952134665,1,0
Sophia,to-the-beat-of-the-drum-kimono#Leaf,skipping-stones-tunic#Forest,random,0.43936623431403565,1,0
Sophia,triangle-detail-long-sleeve-tee#Bordeaux,stara-cardigan#GreyMarle,hard,0.2095114145508854,1,0
Sophia,triangle-detail-long-sleeve-tee#Bordeaux,belle-v-neck-forgiver-tunic#Charcoal,semi-hard,0.3423139081195481,1,0
Sophia,triangle-detail-long-sleeve-tee#Bordeaux,reversible-stripe-vee-scoop-neck-tank#BlackWhite,random,0.19939996664778345,1,0
Sophia,triangle-detail-long-sleeve-tee#Navy,millie-top#Moss,hard,0.20517315563468533,1,0
Sophia,triangle-detail-long-sleeve-tee#Navy,the-relaxed-long-sleeve-tee#Khaki,semi-hard,0.36277789630893964,1,0
Sophia,triangle-detail-long-sleeve-tee#Navy,woolly-spotted-hoodie#Navy,random,0.38560922973546297,1,0
Sophia,tuck-layer-shirt#White,fundamental-vee-tee#Navy,hard,0.20939996664778343,1,0
Sophia,tuck-layer-shirt#White,belle-longline-white-shirt#White,semi-hard,0.34109869190644704,1,0
Sophia,tuck-layer-shirt#White,belle-drape-tee#Sliver,random,0.3617150641662314,1,0
Sophia,weekend-tunic#Navy,leary-cardigan#Pine,hard,0.17491712832510564,1,0
Sophia,weekend-tunic#Navy,nature-ls-top#BlueGum,semi-hard,0.3330914010138093,1,0
Sophia,weekend-tunic#Navy,layer-me-bamboo-rouched-sleeve-tee#White,random,0.22313381473334168,1,0
Sophie,belle-half-sleeve-forgiver-tunic#Apricot,the-tie-front-tank#Navy,hard,0.19234314726571364,1,0
Sophie,belle-half-sleeve-forgiver-tunic#Apricot,hayley-button-down#NavySparro,semi-hard,0.24969637663221733,1,0
Sophie,belle-half-sleeve-forgiver-tunic#Apricot,layer-me-bamboo-rouched-sleeve-tee#Black,random,0.21594454586711223,1,0
Sophie,belle-half-sleeve-forgiver-tunic#Black,belle-two-in-one-top#Charcoal,hard,0.18100658559729355,1,0
Sophie,belle-half-sleeve-forgiver-tunic#Black,cherrington-top#GreyRose,semi-hard,0.25894657517998226,1,0
Sophie,belle-half-sleeve-forgiver-tunic#Black,the-contrast-knit-1#Sage,random,0.27367230851744123,1,0
Sophie,belle-half-sleeve-forgiver-tunic#BlueBonnet,fern-print-top#Navy,hard,0.19639532664975143,1,0
Sophie,belle-half-sleeve-forgiver-tunic#BlueBonnet,variegated-rib-knit#Silver,semi-hard,0.2663244296264208,1,0
Sophie,belle-half-sleeve-forgiver-tunic#BlueBonnet,sadie-crew#GreyMarle,random,0.37601680522034503,1,0
Sophie,belle-half-sleeve-forgiver-tunic#FlamPink,celestial-woven-top#White,hard,0.18408472058914538,1,0
Sophie,belle-half-sleeve-forgiver-tunic#FlamPink,milan-stretch-top#White,semi-hard,0.25417530478371186,1,0
Sophie,belle-half-sleeve-forgiver-tunic#FlamPink,ines-top#NavyStrip,random,0.23889776337232088,1,0
Sophie,belle-half-sleeve-forgiver-tunic#MutedClay,the-cotton-bamboo-tee#DuckEgg,hard,0.1715797568950224,1,0
Sophie,belle-half-sleeve-forgiver-tunic#MutedClay,the-boat-neck-top-1#Ink,semi-hard,0.25721411700394003,1,0
Sophie,belle-half-sleeve-forgiver-tunic#MutedClay,natural-tie-tunic#BlueSky,random,0.20147569981640778,1,0
Sophie,belle-half-sleeve-forgiver-tunic#White,linen-cotton-shirt#White,hard,0.18840120056934218,1,0
Sophie,belle-half-sleeve-forgiver-tunic#White,layered-top-2#Navy,semi-hard,0.24514267075107782,1,0
Sophie,belle-half-sleeve-forgiver-tunic#White,tab-sleeve-longline-shirt#Pink,random,0.31593848629246857,1,0
Sophie,crosses-jumper#xmyheart,fundamental-rib-long-sleeve-tee#White,hard,0.19428285578728058,1,0
Sophie,crosses-jumper#xmyheart,sequin-heart-layered-top#Natural,semi-hard,0.27200624780823895,1,0
Sophie,crosses-jumper#xmyheart,kimberly-spliced-top#Black,random,0.220177867854859,1,0
Sophie,falling-for-you-tunic#Black,the-cotton-bamboo-tee#White,hard,0.1715797568950224,1,0
Sophie,falling-for-you-tunic#Black,milan-stretch-top#Black,semi-hard,0.25417530478371186,1,0
Sophie,falling-for-you-tunic#Black,ruffle-sleeve-top-1#Black,random,0.21900108556635106,1,0
Sophie,falling-for-you-tunic#Rust,bo-cosy-cardigan#Storm,hard,0.19007660849475008,1,0
Sophie,falling-for-you-tunic#Rust,cotton-stripe-cardi-with-pockets#White,semi-hard,0.2556695701054108,1,0
Sophie,falling-for-you-tunic#Rust,the-asymmetrical-tank-top#Indigo,random,0.27138514140726533,1,0
Sophie,long-sleeve-softly-swinging-bamboo-tee#Black,the-excess-shirt#Pearl,hard,0.17694409204364958,1,0
Sophie,long-sleeve-softly-swinging-bamboo-tee#Black,the-cross-over-blouse#White,semi-hard,0.251715375332632,1,0
Sophie,long-sleeve-softly-swinging-bamboo-tee#Black,sequin-spot-cardi#Grey,random,0.20992461631289067,1,0
Sophie,long-sleeve-softly-swinging-bamboo-tee#BlueJeans,cuddled-longline-cardigan#Sunflower,hard,0.19759724972667453,1,0
Sophie,long-sleeve-softly-swinging-bamboo-tee#BlueJeans,cross-over-top-with-pocket#NavyMustrd,semi-hard,0.24654733172432286,1,0
Sophie,long-sleeve-softly-swinging-bamboo-tee#BlueJeans,rising-mist-jumper#Nickel,random,0.6647727272727273,1,0
Sophie,long-sleeve-softly-swinging-bamboo-tee#Cashew,ruffle-hem-jersey-top#Pink,hard,0.18976653877096356,1,0
Sophie,long-sleeve-softly-swinging-bamboo-tee#Cashew,the-layered-cross-over-top#Black,semi-hard,0.23201402211357963,1,0
Sophie,long-sleeve-softly-swinging-bamboo-tee#Cashew,hacienda-tunic-pushkar#Cornflower,random,0.24714684283268354,1,0
Sophie,long-sleeve-softly-swinging-bamboo-tee#Combat,lenka-lurex-stripe-blouse#NavyGoldSt,hard,0.1984272180621738,1,0
Sophie,long-sleeve-softly-swinging-bamboo-tee#Combat,napoleon-top-1#NemoBlue,semi-hard,0.25341141159725233,1,0
Sophie,long-sleeve-softly-swinging-bamboo-tee#Combat,natural-waterfall-cardigan#Fallendust,random,0.5340909090909091,1,0
Sophie,long-sleeve-softly-swinging-bamboo-tee#Copper,butterfly-blouse-1#Ivory,hard,0.13156239041194795,1,0
Sophie,long-sleeve-softly-swinging-bamboo-tee#Copper,34-sleeve-shirt-1#SkyWhite,semi-hard,0.23818608566949276,1,0
Sophie,long-sleeve-softly-swinging-bamboo-tee#Copper,the-half-sleeve-tee#Black,random,0.24749526837469316,1,0
Sophie,long-sleeve-softly-swinging-bamboo-tee#DuckEgg,the-tie-front-top#Black,hard,0.16338869463869465,1,0
Sophie,long-sleeve-softly-swinging-bamboo-tee#DuckEgg,suri-bell-sleeve-top#GreyMarle,semi-hard,0.22941130587701386,1,0
Sophie,long-sleeve-softly-swinging-bamboo-tee#DuckEgg,layer-me-bamboo-rouched-sleeve-tee#White,random,0.21594454586711223,1,0
Sophie,long-sleeve-softly-swinging-bamboo-tee#Fern,the-wrap-jersey-top#Charcoal,hard,0.1945929255110671,1,0
Sophie,long-sleeve-softly-swinging-bamboo-tee#Fern,the-panel-hem-top#Khaki,semi-hard,0.24506047971202838,1,0
Sophie,long-sleeve-softly-swinging-bamboo-tee#Fern,leah-knit-cardigan#WhiteBlk,random,0.18972818295274047,1,0
Sophie,long-sleeve-softly-swinging-bamboo-tee#Navy,fluid-tunic-top#White,hard,0.192642902819894,1,0
Sophie,long-sleeve-softly-swinging-bamboo-tee#Navy,cara-tee-4#White,semi-hard,0.24583565402149474,1,0
Sophie,long-sleeve-softly-swinging-bamboo-tee#Navy,sugar-snaps-layers-tank#DuckEgg,random,0.26415587546671615,1,0
Sophie,long-sleeve-softly-swinging-bamboo-tee#Oyster,the-ultimate-tie-cardi#Black,hard,0.18484764682220434,1,0
Sophie,long-sleeve-softly-swinging-bamboo-tee#Oyster,long-sleeve-ruffle-shirt#Black,semi-hard,0.23553115394929555,1,0
Sophie,long-sleeve-softly-swinging-bamboo-tee#Oyster,the-flutter-sleeve-top#SnakePrint,random,0.30585165817466703,1,0
Sophie,long-sleeve-softly-swinging-bamboo-tee#SilverScon,spliced-stripe-tunic#Navy,hard,0.16802169069868184,1,0
Sophie,long-sleeve-softly-swinging-bamboo-tee#SilverScon,cara-tee-4#BlackWhite,semi-hard,0.24583565402149474,1,0
Sophie,long-sleeve-softly-swinging-bamboo-tee#SilverScon,kimono-and-me-cardi#DustyPink,random,0.1766975189265012,1,0
Sophie,long-sleeve-softly-swinging-bamboo-tee#Smoke,neptune-top-1#PrimBlack,hard,0.1916782056439136,1,0
Sophie,long-sleeve-softly-swinging-bamboo-tee#Smoke,belle-nautical-applique-tee#BlueStripe,semi-hard,0.25649695989850857,1,0
Sophie,long-sleeve-softly-swinging-bamboo-tee#Smoke,layered-tee-2#White,random,0.20264120098190896,1,0
Sophie,long-sleeve-softly-swinging-bamboo-tee#Storm,leah-knit-cardigan#Black,hard,0.18972818295274047,1,0
Sophie,long-sleeve-softly-swinging-bamboo-tee#Storm,the-sleeveless-cross-over-blouse#Chambray,semi-hard,0.2530107705716113,1,0
Sophie,long-sleeve-softly-swinging-bamboo-tee#Storm,millie-top#WhiteBlk,random,0.2288640102522846,1,0
Sophie,long-sleeve-softly-swinging-bamboo-tee#TeaRose,meadow-cardigan#Cream,hard,0.17095317109144542,1,0
Sophie,long-sleeve-softly-swinging-bamboo-tee#TeaRose,softly-swinging-bamboo-tee#Cashew,semi-hard,0.24854215658972295,1,0
Sophie,long-sleeve-softly-swinging-bamboo-tee#TeaRose,the-drape-tee-1#White,random,0.3416968356127648,1,0
Sophie,long-sleeve-softly-swinging-bamboo-tee#White,tie-back-bell-sleeve-top-5#Summerbud,hard,0.17315718020917134,1,0
Sophie,long-sleeve-softly-swinging-bamboo-tee#White,tracie-top#Opal,semi-hard,0.26862642335540565,1,0
Sophie,long-sleeve-softly-swinging-bamboo-tee#White,the-pocket-tee#NavyStripe,random,0.2944991954947707,1,0
Sophie,natural-crossover-knit-1#Stormcloud,the-frill-wrap-blouse#Spot,hard,0.17365032644346803,1,0
Sophie,natural-crossover-knit-1#Stormcloud,paisley-top-1#Paisley,semi-hard,0.24303213379540814,1,0
Sophie,natural-crossover-knit-1#Stormcloud,belle-cowl-swing-sweater#Green,random,0.23226800854013244,1,0
Sophie,paint-stroke-top#Strokes,the-tie-front-tank#White,hard,0.19234314726571364,1,0
Sophie,paint-stroke-top#Strokes,runaway-top#Sand,semi-hard,0.268537141324752,1,0
Sophie,paint-stroke-top#Strokes,aztec-cardigan#BlackIvory,random,0.2337809682942426,1,0
Sophie,printed-tunic-7#RedCheck,first-love-kimono-jacket#Stone,hard,0.17689058728881737,1,0
Sophie,printed-tunic-7#RedCheck,the-luxe-cotton-tunic#White,semi-hard,0.26046888215029806,1,0
Sophie,printed-tunic-7#RedCheck,messina-v-neck-tee#White,random,0.20901600243414403,1,0
Sophie,summer-breeze-top-1#White,belle-v-neck-forgiver-tunic#Charcoal,hard,0.19951632990902904,1,0
Sophie,summer-breeze-top-1#White,zara-top#ZebraPrint,semi-hard,0.2613720166264414,1,0
Sophie,summer-breeze-top-1#White,2-in-1-layered-top-1#NavyWhite,random,0.24729038169303655,1,0
Sophie,the-contrast-panel-top#BlkStripe,the-tie-front-top#Navy,hard,0.16338869463869465,1,0
Sophie,the-contrast-panel-top#BlkStripe,soho-ruffle-jumper#OatmealMar,semi-hard,0.25702008168822327,1,0
Sophie,the-contrast-panel-top#BlkStripe,belle-twist-front-tee-1#Black,random,0.18726277409905728,1,0
Sophie,the-contrast-panel-top#SageStripe,aigli-top#White,hard,0.1819722497266745,1,0
Sophie,the-contrast-panel-top#SageStripe,eco-78-long-cardigan#LightGreyM,semi-hard,0.2514091734224478,1,0
Sophie,the-contrast-panel-top#SageStripe,kimberly-spliced-top#Zebraprint,random,0.220177867854859,1,0
Sophie,the-cross-over-top#GreyStripe,endeavor-long-sleeve-tee#Stripe,hard,0.04424778761061947,1,0
Sophie,the-cross-over-top#GreyStripe,geneva-v-neck-top#HeatheGrey,semi-hard,0.232925536852528,1,0
Sophie,the-cross-over-top#GreyStripe,rib-tank-2#Mustard,random,0.2145866209748953,1,0
Sophie,the-cross-over-top#NavyStripe,freya-fringe-blouse#Navy,hard,0.19495424376508447,1,0
Sophie,the-cross-over-top#NavyStripe,coil-print-hi-lo-shirt#White,semi-hard,0.25046413763227926,1,0
Sophie,the-cross-over-top#NavyStripe,butterfly-kisses-tee#Green,random,0.37826830249396626,1,0
Sophie,the-crossover-button-blouse-1#Ornate,art-deco-print-top#NavyWhite,hard,0.17138282071910393,1,0
Sophie,the-crossover-button-blouse-1#Ornate,llama-long-sleeve-shirt#Mustard,semi-hard,0.24165841533098173,1,0
Sophie,the-crossover-button-blouse-1#Ornate,the-cotton-blend-stripe-jumper#BlueStripe,random,0.33276347546259055,1,0
Sophie,the-daily-cross-over-top#PinkPrint,coogee-shirt#White,hard,0.1868705133362213,1,0
Sophie,the-daily-cross-over-top#PinkPrint,baobab-sweater#Bark,semi-hard,0.26224635737910074,1,0
Sophie,the-daily-cross-over-top#PinkPrint,first-mix-top-1#BlackWhite,random,0.258555603688347,1,0
Sophie,the-daily-cross-over-top#SkyBlue,the-zip-front-top#Rose,hard,0.19919787992243743,1,0
Sophie,the-daily-cross-over-top#SkyBlue,the-panel-luxe-top#SilvWhite,semi-hard,0.23776868411824165,1,0
Sophie,the-daily-cross-over-top#SkyBlue,bertie-top#Black,random,0.278562191864183,1,0
Sophie,the-define-flute-sleeve-blouse#Black,the-zip-front-top#Blue,hard,0.19919787992243743,1,0
Sophie,the-define-flute-sleeve-blouse#Black,the-asymmetrical-tank-top#HotPink,semi-hard,0.27138514140726533,1,0
Sophie,the-define-flute-sleeve-blouse#Black,manhattan-stretch-tee#NavyWhtStr,random,0.28158230965199993,1,0
Sophie,the-define-flute-sleeve-blouse#White,the-printed-side-ring-detail-blouse#Block,hard,0.17158362470862473,1,0
Sophie,the-define-flute-sleeve-blouse#White,ashbury-cardigan#Mocha,semi-hard,0.26122439507395256,1,0
Sophie,the-define-flute-sleeve-blouse#White,ponte-spot-top#BlackWhite,random,0.21910487189801348,1,0
Sophie,the-dobby-sleeve-tee#InkBlue,raspberry-ls-tee#WhiteRaspb,hard,0.1942651283082699,1,0
Sophie,the-dobby-sleeve-tee#InkBlue,double-layered-top-1#WSilver,semi-hard,0.23425251923592633,1,0
Sophie,the-dobby-sleeve-tee#InkBlue,the-frill-detail-blouse#Chambray,random,0.2788787079439734,1,0
Sophie,the-dobby-sleeve-tee#White,softly-swinging-bamboo-singlet#Cashew,hard,0.1949832523671019,1,0
Sophie,the-dobby-sleeve-tee#White,milan-34-sleeve-1#Melange,semi-hard,0.25417530478371186,1,0
Sophie,the-dobby-sleeve-tee#White,layer-me-cotton-candy-top#Cream,random,0.2871223080017328,1,0
Sophie,the-everyday-shirt#Black,belle-v-neck-forgiver-tunic#Navy,hard,0.19951632990902904,1,0
Sophie,the-everyday-shirt#Black,rosie-bell-sleeve-denim-shirt#Stripe,semi-hard,0.26940868865647627,1,0
Sophie,the-everyday-shirt#Black,falling-for-you-cardi#Port,random,0.3409090909090909,1,0
Sophie,the-everyday-shirt#Cream,always-mine-spliced-cardigan#GreyEmeral,hard,0.19391766971966087,1,0
Sophie,the-everyday-shirt#Cream,the-sleeveless-cross-over-blouse#Cobalt,semi-hard,0.2530107705716113,1,0
Sophie,the-everyday-shirt#Cream,panelled-stripe-top#NavyWhite,random,0.2125666553210801,1,0
Sophie,the-everyday-shirt#Midnight,malibu-cardigan#Navy,hard,0.1956462600821008,1,0
Sophie,the-everyday-shirt#Midnight,verona-patchwork-top#Patchwork,semi-hard,0.23809648132103886,1,0
Sophie,the-everyday-shirt#Midnight,the-sleeveless-cross-over-blouse#Mint,random,0.2530107705716113,1,0
Sophie,the-everyday-shirt#Pink,the-wrap-jersey-top#PortSpot,hard,0.1945929255110671,1,0
Sophie,the-everyday-shirt#Pink,the-bonded-cotton-tunic-dress#Navy,semi-hard,0.26869733327144835,1,0
Sophie,the-everyday-shirt#Pink,ruffle-top-4#Terracotta,random,0.21045418445860925,1,0
Sophie,the-everyday-shirt#Rose,heartmade-cardi#DustyRose,hard,0.17468690048889163,1,0
Sophie,the-everyday-shirt#Rose,the-cut-out-shoulder-blouse#Salmon,semi-hard,0.27333323019163724,1,0
Sophie,the-everyday-shirt#Rose,crossing-the-plains-sweater-1#Indigo,random,0.27654738329517087,1,0
Sophie,the-relaxed-batwing-top#Denim%20Blue,belle-v-neck-forgiver-tunic#DenimMarl,hard,0.19951632990902904,1,0
Sophie,the-relaxed-batwing-top#Denim%20Blue,runaway-top#SoftMint,semi-hard,0.268537141324752,1,0
Sophie,the-relaxed-batwing-top#Denim%20Blue,the-shoulder-tie-top#Black,random,0.30390797440023104,1,0
Sophie,the-relaxed-batwing-top#PeachRose,the-cotton-bamboo-tee#BlueJeans,hard,0.1715797568950224,1,0
Sophie,the-relaxed-batwing-top#PeachRose,elcos-45-aop-top-jrs#BlackFlowe,semi-hard,0.23358209821152298,1,0
Sophie,the-relaxed-batwing-top#PeachRose,agra-shirt#White,random,0.2221820399364647,1,0
Sophie,the-relaxed-long-sleeve-tee#Black,belle-v-neck-forgiver-tunic#ArmyGreen,hard,0.19951632990902904,1,0
Sophie,the-relaxed-long-sleeve-tee#Black,cross-over-top-with-pocket#BlackWhite,semi-hard,0.24654733172432286,1,0
Sophie,the-relaxed-long-sleeve-tee#Black,the-shoulder-tie-top#White,random,0.30390797440023104,1,0
Sophie,the-relaxed-long-sleeve-tee#Khaki,fundamental-stripe-long-sleeve-tee#WhiteBlack,hard,0.19705092105534583,1,0
Sophie,the-relaxed-long-sleeve-tee#Khaki,wellington-tee#HeatheGrey,semi-hard,0.23184964003548075,1,0
Sophie,the-relaxed-long-sleeve-tee#Khaki,the-short-sleeve-wrap-jersey-top#NavyWhite,random,0.2458740098397178,1,0
Sophie,the-relaxed-long-sleeve-tee#Navy,yvette-blouse#Black,hard,0.13344988344988346,1,0
Sophie,the-relaxed-long-sleeve-tee#Navy,sandy-off-the-shoulder-top#Gingham,semi-hard,0.24661920859376613,1,0
Sophie,the-relaxed-long-sleeve-tee#Navy,square-peg-pullover#SilverMix,random,0.22822711027910145,1,0
Sophie,the-relaxed-long-sleeve-tee#Pink,the-cotton-bamboo-tee#DustyPink,hard,0.1715797568950224,1,0
Sophie,the-relaxed-long-sleeve-tee#Pink,the-wrap-jersey-top-1#NavyStripe,semi-hard,0.23720656187470346,1,0
Sophie,the-relaxed-long-sleeve-tee#Pink,beach-walk-shirt#Stormy,random,0.5123692679002414,1,0
Sophie,the-relaxed-long-sleeve-tee#White,daylight-cardi#Silver,hard,0.17661822874765354,1,0
Sophie,the-relaxed-long-sleeve-tee#White,shirt-in-a-box#Silver,semi-hard,0.2617874842708914,1,0
Sophie,the-relaxed-long-sleeve-tee#White,reversible-scoopv-neck-tank#White,random,0.2322857360191431,1,0
Sophie,the-reverse-sleeve-sweater#Navy,fundamental-rib-long-sleeve-tee#Black,hard,0.19428285578728058,1,0
Sophie,the-reverse-sleeve-sweater#Navy,mauevewood-crew#YellowWhit,semi-hard,0.23815159766487198,1,0
Sophie,the-reverse-sleeve-sweater#Navy,the-essential-pullover#DustyPeach,random,0.29681773487083224,1,0
Sophie,the-twist-hem-jumper#DenimMarle,weekend-cardigan#Black,hard,0.17386692400519835,1,0
Sophie,the-twist-hem-jumper#DenimMarle,roll-neck-jumper-3#GreyMarl,semi-hard,0.2523915980774388,1,0
Sophie,the-twist-hem-jumper#DenimMarle,the-v-neck-stripe-top#BlkStripe,random,0.41349334048449093,1,0
Sophie,the-zip-front-blouse#Khaki,malibu-cardigan#Wine,hard,0.1956462600821008,1,0
Sophie,the-zip-front-blouse#Khaki,milan-stretch-top#NavyWhtStr,semi-hard,0.25417530478371186,1,0
Sophie,the-zip-front-blouse#Khaki,napoleon-top-1#NemoRed,random,0.25341141159725233,1,0
Sophie,the-zip-front-blouse#Navy,york-linen-blend-long-cardigan#BurntOrang,hard,0.1568037419807331,1,0
Sophie,the-zip-front-blouse#Navy,tracie-top#Black,semi-hard,0.26862642335540565,1,0
Sophie,the-zip-front-blouse#Navy,ruffle-top-4#Black,random,0.21045418445860925,1,0
Stacey,2-in-1-jumper#Navy,pure-merino-fine-rib-polo#BlackStri,hard,0.19209367501174707,1,0
Stacey,2-in-1-jumper#Navy,malibu-cardigan#Navy,semi-hard,0.3336965674136548,1,0
Stacey,2-in-1-jumper#Navy,animal-button-up-shirt#KhakiPrint,random,0.2795930722162906,1,0
Stacey,amira-sweater#Cream,mila-knit-cardigan#StoneBlack,hard,0.16704625344191223,1,0
Stacey,amira-sweater#Cream,belle-drape-tee#Sliver,semi-hard,0.42033601836364054,1,0
Stacey,amira-sweater#Cream,chasing-birds-blouse#White,random,0.43748901517370675,1,0
Stacey,ashbury-cardigan#Mocha,relaxed-v-neck-knit#Silver,hard,0.21290273212806124,1,0
Stacey,ashbury-cardigan#Mocha,the-sleeveless-cross-over-blouse#Chambray,semi-hard,0.42818847286703066,1,0
Stacey,ashbury-cardigan#Mocha,falling-for-you-cardi#Navy,random,0.3136094674556213,1,0
Stacey,bird-jumper#Navy,geena-xo-ls-pullover-knit#Allure,hard,0.2275292114180021,1,0
Stacey,bird-jumper#Navy,willow-knot-top#WhiteBlk,semi-hard,0.325692141201199,1,0
Stacey,bird-jumper#Navy,falling-for-you-cardi#Dusty,random,0.3136094674556213,1,0
Stacey,block-sweater#Block,ricki-one-shoulder-top#BlackWhite,hard,0.2337002140770773,1,0
Stacey,block-sweater#Block,wrap-me-up-bamboo-top#BlueJeans,semi-hard,0.3780388924126684,1,0
Stacey,block-sweater#Block,the-everyday-shirt#Pink,random,0.5161774171998168,1,0
Stacey,block-vest#Blockvest,the-longline-cardi-1#Nude,hard,0.23988076307328837,1,0
Stacey,block-vest#Blockvest,belle-petal-print-top#Petal,semi-hard,0.3968497909445576,1,0
Stacey,block-vest#Blockvest,softly-swinging-bamboo-singlet#Cashew,random,0.4116172346992579,1,0
Stacey,chill-out-slouch-top#GreyMarle,starry-night-cardi#Chalk,hard,0.2310621594703849,1,0
Stacey,chill-out-slouch-top#GreyMarle,ditzy-floral-ruffle-blouse#DitzyFlora,semi-hard,0.33324073448583835,1,0
Stacey,chill-out-slouch-top#GreyMarle,under-the-stars-blouse#Petal,random,0.5232883548287204,1,0
Stacey,chill-out-slouch-top#Mustard,york-linen-blend-top#BurntOrang,hard,0.23316026129240142,1,0
Stacey,chill-out-slouch-top#Mustard,fundamental-rib-long-sleeve-tee#Black,semi-hard,0.31403820447858094,1,0
Stacey,chill-out-slouch-top#Mustard,the-design-fold-tunic-top#PearlBlue,random,0.35729629598631885,1,0
Stacey,contrast-pocket-tunic#Pinkpocket,the-short-sleeve-wrap-jersey-top#Blue,hard,0.2235714494949072,1,0
Stacey,contrast-pocket-tunic#Pinkpocket,lucy-rib-oversized-top#WhiteGrey,semi-hard,0.33309069819854825,1,0
Stacey,contrast-pocket-tunic#Pinkpocket,this-mortal-coil-drape#StormClam,random,0.486802205723229,1,0
Stacey,endeavor-long-sleeve-tee#Stripe,the-cotton-bamboo-tee#DustyPink,hard,0.18570101425068242,1,0
Stacey,endeavor-long-sleeve-tee#Stripe,daylight-jumper#Silver,semi-hard,0.42254220116191066,1,0
Stacey,endeavor-long-sleeve-tee#Stripe,cross-over-top-with-pocket#Emerald,random,0.44615495958181733,1,0
Stacey,floating-by-you-blouse#SeaFleur,elina-lace-frill-blouse#Black,hard,0.22400724819191253,1,0
Stacey,floating-by-you-blouse#SeaFleur,the-french-cuff-shirt#White,semi-hard,0.3959624075331697,1,0
Stacey,floating-by-you-blouse#SeaFleur,fundamental-split-hoodie#Pink,random,0.34996324940427864,1,0
Stacey,foil-spot-jumper#SilverDot,aztec-cardigan#BlackIvory,hard,0.20422224963862162,1,0
Stacey,foil-spot-jumper#SilverDot,belle-v-neck-forgiver-tunic#Navy,semi-hard,0.40148456938285304,1,0
Stacey,foil-spot-jumper#SilverDot,layered-sleeve-top#DarkBlue,random,0.4080309915576753,1,0
Stacey,frost-cardigan#Mauvewoo,geena-xo-ls-pullover-knit#WhiteCapGr,hard,0.2275292114180021,1,0
Stacey,frost-cardigan#Mauvewoo,lola-bell-sleeve-top-entangled-vines#Gold,semi-hard,0.4283191512002305,1,0
Stacey,frost-cardigan#Mauvewoo,capri-tank-3#White,random,0.2703255977240038,1,0
Stacey,in-transit-cardi#Navy,cara-tee-2#WhiteBlk,hard,0.2345525942523005,1,0
Stacey,in-transit-cardi#Navy,cotton-cashmere-v-neck-knit#Navy,semi-hard,0.33689323406437977,1,0
Stacey,in-transit-cardi#Navy,hydrangea-kimono#Hydrangea,random,0.28261761087351334,1,0
Stacey,juno-cardigan#GreyMarle,back-to-you-top#Rust,hard,0.21742651524843343,1,0
Stacey,juno-cardigan#GreyMarle,belle-square-neck-drape-tee#Vanilla,semi-hard,0.3970166668958286,1,0
Stacey,juno-cardigan#GreyMarle,tab-sleeve-longline-shirt#Silver,random,0.5551969138466799,1,0
Stacey,layer-me-bamboo-rouched-sleeve-tee#Black,eco-78-long-cardigan#LightGreyM,hard,0.18760174788762538,1,0
Stacey,layer-me-bamboo-rouched-sleeve-tee#Black,marlow-cardigan#Cream,semi-hard,0.3522008659928908,1,0
Stacey,layer-me-bamboo-rouched-sleeve-tee#Black,forget-me-knot-tunic#ForgetMeK,random,0.1171342740330065,1,0
Stacey,layer-me-bamboo-rouched-sleeve-tee#Copper,born-to-run-shirt-jacket#Leopard,hard,0.21836553855240615,1,0
Stacey,layer-me-bamboo-rouched-sleeve-tee#Copper,paradise-cardi#MultiStrip,semi-hard,0.37101004954679745,1,0
Stacey,layer-me-bamboo-rouched-sleeve-tee#Copper,the-cut-out-shoulder-blouse#Silver,random,0.4383321118007224,1,0
Stacey,layer-me-bamboo-rouched-sleeve-tee#Fern,ally-long-sleeve-tee#CosmosPr,hard,0.21645774324141748,1,0
Stacey,layer-me-bamboo-rouched-sleeve-tee#Fern,the-zip-front-top#Rose,semi-hard,0.3986874253480172,1,0
Stacey,layer-me-bamboo-rouched-sleeve-tee#Fern,sugar-snaps-layers-tank#SeaGreen,random,0.4798605988180028,1,0
Stacey,layer-me-bamboo-rouched-sleeve-tee#White,aztec-cardigan#Orange,hard,0.20422224963862162,1,0
Stacey,layer-me-bamboo-rouched-sleeve-tee#White,the-reversible-cowl-neck-top-1#White,semi-hard,0.33224095463072456,1,0
Stacey,layer-me-bamboo-rouched-sleeve-tee#White,hannah-tee-1#Black,random,0.2390786166830667,1,0
Stacey,llama-long-sleeve-shirt#Mustard,long-sleeve-tee-2#NavyWhite,hard,0.21280675314240757,1,0
Stacey,llama-long-sleeve-shirt#Mustard,ruffle-sleeve-top-1#Black,semi-hard,0.42389650320846606,1,0
Stacey,llama-long-sleeve-shirt#Mustard,kimono-and-me-cardi#Sand,random,0.35917552452171914,1,0
Stacey,long-sleeve-check-top#Check,mila-knit-cardigan#Black,hard,0.16704625344191223,1,0
Stacey,long-sleeve-check-top#Check,falling-for-you-cardi-1#GreyGarden,semi-hard,0.3136094674556213,1,0
Stacey,long-sleeve-check-top#Check,makeover-blouse#LimeGreen,random,0.6094674556213018,1,0
Stacey,multi-pattern-print-top#NavyMulti,cara-tee-4#Black,hard,0.22854169481372727,1,0
Stacey,multi-pattern-print-top#NavyMulti,jewel-knit#GreyMarle,semi-hard,0.34709913902874406,1,0
Stacey,multi-pattern-print-top#NavyMulti,billow-top#Black,random,0.6585762424660532,1,0
Stacey,multi-stripe-jumper#NavyMulti,cuddled-longline-cardigan#Sunflower,hard,0.2052638839237142,1,0
Stacey,multi-stripe-jumper#NavyMulti,ruffle-top-4#Terracotta,semi-hard,0.3172710388566933,1,0
Stacey,multi-stripe-jumper#NavyMulti,spiced-stripe-tee#NavyWhite,random,0.3358403422005043,1,0
Stacey,open-plains-kimono-throw-1#Rust,leah-knit-cardigan#Black,hard,0.18597512676638994,1,0
Stacey,open-plains-kimono-throw-1#Rust,ruffle-top-4#Black,semi-hard,0.3172710388566933,1,0
Stacey,open-plains-kimono-throw-1#Rust,the-wrap-jersey-top#PortSpot,random,0.2844952689025695,1,0
Stacey,out-of-my-mind-scallop-knit#GreyMarle,cara-tee-4#BlackWhite,hard,0.22854169481372727,1,0
Stacey,out-of-my-mind-scallop-knit#GreyMarle,belle-v-neck-forgiver-tunic#Tobacco,semi-hard,0.40148456938285304,1,0
Stacey,out-of-my-mind-scallop-knit#GreyMarle,cross-over-top-with-pocket#BlackWhite,random,0.44615495958181733,1,0
Stacey,partly-cloudy-knit#Black,arlo-cardigan#Navy,hard,0.21710241803675598,1,0
Stacey,partly-cloudy-knit#Black,bird-print-jumper#Navy,semi-hard,0.32974129015365006,1,0
Stacey,partly-cloudy-knit#Black,spot-layered-tee#Blue,random,0.4825334162899444,1,0
Stacey,partly-cloudy-knit#PawPaw,the-cotton-bamboo-tee#White,hard,0.18570101425068242,1,0
Stacey,partly-cloudy-knit#PawPaw,layered-tunic-1#Natural,semi-hard,0.3428121872687208,1,0
Stacey,partly-cloudy-knit#PawPaw,the-blouson-sleeve-jumper#Grey,random,0.45056242310621597,1,0
Stacey,poncho-2#NavySilver,pulkari-emb-top#Pulkari,hard,0.23678360998157538,1,0
Stacey,poncho-2#NavySilver,the-sleeveless-cross-over-blouse#White,semi-hard,0.42818847286703066,1,0
Stacey,poncho-2#NavySilver,frill-sleeve-top-1#LeafPrint,random,0.3137998337480168,1,0
Stacey,robyn-top-1#Roanne,the-long-sleeve-v-neck-tee#Navy,hard,0.21023808975813651,1,0
Stacey,robyn-top-1#Roanne,sequin-spot-shirt#Blue,semi-hard,0.4182731726031557,1,0
Stacey,robyn-top-1#Roanne,the-frill-detail-blouse#Chambray,random,0.49806440261675,1,0
Stacey,sequin-heart-layered-top#Natural,germaine-blouse#Pearl,hard,0.23446036405657233,1,0
Stacey,sequin-heart-layered-top#Natural,the-long-sleeve-scoop-neck-tee#Black,semi-hard,0.3771164098658386,1,0
Stacey,sequin-heart-layered-top#Natural,the-zip-detail-jacket#Grey,random,0.3505477766711582,1,0
Stacey,sequin-spot-cardi#Grey,colourblock-cardi#NavyRed,hard,0.17510687413989556,1,0
Stacey,sequin-spot-cardi#Grey,jordan-top#PearlBlue,semi-hard,0.36165395166795994,1,0
Stacey,sequin-spot-cardi#Grey,merino-boyfriend-cardigan#MelangeStr,random,0.20964165852643712,1,0
Stacey,side-buttoned-sweater#Buttoned,cara-tee-3#Mustard,hard,0.23002098475455562,1,0
Stacey,side-buttoned-sweater#Buttoned,2-in-1-layered-top-1#NavyWhite,semi-hard,0.4067468454368683,1,0
Stacey,side-buttoned-sweater#Buttoned,the-zip-front-blouse#Khaki,random,0.5370310699709024,1,0
Stacey,skipping-stones-tunic#Forest,cara-tee-2#Blush,hard,0.2345525942523005,1,0
Stacey,skipping-stones-tunic#Forest,belle-half-sleeve-forgiver-tunic#BlueBonnet,semi-hard,0.3745986316343867,1,0
Stacey,skipping-stones-tunic#Forest,the-define-flute-sleeve-blouse#Black,random,0.4233128390350809,1,0
Stacey,skipping-stones-tunic#Natural,the-cotton-bamboo-tee#DuckEgg,hard,0.18570101425068242,1,0
Stacey,skipping-stones-tunic#Natural,geneva-v-neck-top#ClaySpot,semi-hard,0.3805190158552143,1,0
Stacey,skipping-stones-tunic#Natural,hem-frill-stripe-top#Frilled,random,0.5077040248403539,1,0
Stacey,square-peg-pullover#SilverMix,the-panel-luxe-top#SilvWhite,hard,0.2203286166830667,1,0
Stacey,square-peg-pullover#SilverMix,cross-my-heart-sweater#Regal,semi-hard,0.40408464663034344,1,0
Stacey,square-peg-pullover#SilverMix,vivian-blouse#Check,random,0.28943667718420196,1,0
Stacey,striped-sleeve-sweater#Striped,manhattan-stretch-tee#Black,hard,0.22397900896840078,1,0
Stacey,striped-sleeve-sweater#Striped,on-the-open-road-maxi-shirt#DarkOchre,semi-hard,0.3881608643369469,1,0
Stacey,striped-sleeve-sweater#Striped,lurex-stitch-top#White,random,0.4480524052435433,1,0
Stacey,the-bell-sleeve-top#BlkStripe,back-to-you-top#BlackMagic,hard,0.21742651524843343,1,0
Stacey,the-bell-sleeve-top#BlkStripe,the-bamboo-tunic-dress#Khaki,semi-hard,0.38275219865906407,1,0
Stacey,the-bell-sleeve-top#BlkStripe,maui-stretch-tee#White,random,0.27925108293947376,1,0
Stacey,the-bell-sleeve-top#Grey,the-short-sleeve-wrap-jersey-top#Black,hard,0.2235714494949072,1,0
Stacey,the-bell-sleeve-top#Grey,longline-cardigan-2#Pink,semi-hard,0.35675288335499405,1,0
Stacey,the-bell-sleeve-top#Grey,printed-tunic-7#RedCheck,random,0.4119031689804049,1,0
Stacey,the-belle-sleeve-print-top#NavyPrint,manhattan-stretch-tee#Navy,hard,0.22397900896840078,1,0
Stacey,the-belle-sleeve-print-top#NavyPrint,the-crossover-2-way-blouse#Black,semi-hard,0.374301504537605,1,0
Stacey,the-belle-sleeve-print-top#NavyPrint,the-short-sleeve-wrap-jersey-top#Emerald,random,0.2235714494949072,1,0
Stacey,the-cotton-blend-stripe-jumper#BlueStripe,everyday-linen-tunic#BotanicalB,hard,0.1892629301119944,1,0
Stacey,the-cotton-blend-stripe-jumper#BlueStripe,blue-waters-cotton-blouse#White,semi-hard,0.42839814854115527,1,0
Stacey,the-cotton-blend-stripe-jumper#BlueStripe,print-tee-3#Boats,random,0.6123013066612784,1,0
Stacey,the-cotton-cardi#Khaki,analia-top#White,hard,0.21923804761227242,1,0
Stacey,the-cotton-cardi#Khaki,art-deco-print-top#NavyWhite,semi-hard,0.3166151849456169,1,0
Stacey,the-cotton-cardi#Khaki,the-relaxed-long-sleeve-tee#Navy,random,0.40501557703167973,1,0
Stacey,the-cotton-cardi#Navy,holly-rib-long-sleeve-tee#WhiteGrey,hard,0.22503098916642056,1,0
Stacey,the-cotton-cardi#Navy,agra-shirt#White,semi-hard,0.37188778200365624,1,0
Stacey,the-cotton-cardi#Navy,buttoned-top#Spotty,random,0.45090176207573657,1,0
Stacey,the-midi-waterfall-cardi#BlueMarle,meadow-cardigan#Cream,hard,0.18944784135459797,1,0
Stacey,the-midi-waterfall-cardi#BlueMarle,horizontal-cabel-pullover#EnglishRos,semi-hard,0.31479473768533717,1,0
Stacey,the-midi-waterfall-cardi#BlueMarle,belle-v-neck-forgiver-tunic#White,random,0.40148456938285304,1,0
Stacey,the-oversize-knit#GreyMarle,hayley-button-down#NavySparro,hard,0.2303523155117106,1,0
Stacey,the-oversize-knit#GreyMarle,the-side-ring-detail-blouse-1#Black,semi-hard,0.3583577976125713,1,0
Stacey,the-oversize-knit#GreyMarle,natural-rolled-neck-tunic#BlueDam,random,0.35260525207212184,1,0
Stacey,the-oversize-knit#Ink,34-sleeve-shirt-1#SkyWhite,hard,0.2100033358003111,1,0
Stacey,the-oversize-knit#Ink,the-ruffle-sleeve-top#NavyStripe,semi-hard,0.40750766297496793,1,0
Stacey,the-oversize-knit#Ink,the-layered-cross-over-top#Black,random,0.4405366132480293,1,0
Stacey,the-panel-hem-top#DenimMarle,butterfly-blouse-1#Ivory,hard,0.19687734268234214,1,0
Stacey,the-panel-hem-top#DenimMarle,the-tie-front-tank#Navy,semi-hard,0.3870072782320497,1,0
Stacey,the-panel-hem-top#DenimMarle,the-check-pullover#PinkCheck,random,0.8311619980905831,1,0
Stacey,the-panel-hem-top#Khaki,the-panel-luxe-top#BlkWhite,hard,0.2203286166830667,1,0
Stacey,the-panel-hem-top#Khaki,the-excess-shirt#Pearl,semi-hard,0.319899169756367,1,0
Stacey,the-panel-hem-top#Khaki,the-stitch-detail-top#SkyBlue,random,0.5336535248289954,1,0
Stacey,the-reversible-cowl-neck-top-2#Ocean,cherrington-top#GreyRose,hard,0.24288055473522235,1,0
Stacey,the-reversible-cowl-neck-top-2#Ocean,sequin-star-tee#Navy,semi-hard,0.3748475575126647,1,0
Stacey,the-reversible-cowl-neck-top-2#Ocean,bertie-top#Black,random,0.2912193725108533,1,0
Stacey,the-soft-knit-jumper#NavyStripe,gloria-applique-crew#Charcoal,hard,0.23198406288521617,1,0
Stacey,the-soft-knit-jumper#NavyStripe,ryder-cosy-sweater#Blossom,semi-hard,0.3319129903118316,1,0
Stacey,the-soft-knit-jumper#NavyStripe,the-sleeveless-cross-over-blouse#Sunshine,random,0.42818847286703066,1,0
Stacey,the-soft-knit-jumper#PinkStripe,mila-knit-cardigan#Clay,hard,0.16704625344191223,1,0
Stacey,the-soft-knit-jumper#PinkStripe,mauevewood-crew#YellowWhit,semi-hard,0.365724009153723,1,0
Stacey,the-soft-knit-jumper#PinkStripe,melbourne-stretch-cardigan#Black,random,0.2503483572379095,1,0
Stacey,the-stripe-jersey-top#Blue,cara-tee-3#ZebraPrint,hard,0.23002098475455562,1,0
Stacey,the-stripe-jersey-top#Blue,diva-ruffle-jumper#Gold%20Spot,semi-hard,0.3347491753160342,1,0
Stacey,the-stripe-jersey-top#Blue,crossing-the-plains-sweater-1#Indigo,random,0.43085637705782415,1,0
Stacey,the-stripe-jersey-top#Pink,the-longline-cardi-1#GreyMarle,hard,0.23988076307328837,1,0
Stacey,the-stripe-jersey-top#Pink,foil-striped-2-in-1-top#Blue,semi-hard,0.42801765383638957,1,0
Stacey,the-stripe-jersey-top#Pink,tab-sleeve-longline-shirt#Pink,random,0.5551969138466799,1,0
Stacey,the-tie-detail-hoody#FrenchBlue,holly-rib-long-sleeve-tee#Black,hard,0.22503098916642056,1,0
Stacey,the-tie-detail-hoody#FrenchBlue,heart-spliced-top#Navy,semi-hard,0.3781666190408438,1,0
Stacey,the-tie-detail-hoody#FrenchBlue,leopard-print-kimono#GoldMulti,random,0.5428088395121362,1,0
Stacey,the-tie-detail-hoody#Pink,leah-knit-cardigan#WhiteBlk,hard,0.18597512676638994,1,0
Stacey,the-tie-detail-hoody#Pink,wellington-tee#Black,semi-hard,0.396033162518039,1,0
Stacey,the-tie-detail-hoody#Pink,linen-v-neck-cami-2#BlueWhite,random,0.3290467726430897,1,0
Stacey,the-uneven-hem-knit-1#Sage,cable-knit-sweater#Camel,hard,0.22428301216789956,1,0
Stacey,the-uneven-hem-knit-1#Sage,2-in-1-layered-top-1#PinkWhite,semi-hard,0.4067468454368683,1,0
Stacey,the-uneven-hem-knit-1#Sage,true-love-bell-blouse#Jade,random,0.36412692002807334,1,0
Stacey,voyager-stripe-crew#Stripe,renee-sweater#Sapphire,hard,0.2289289062042299,1,0
Stacey,voyager-stripe-crew#Stripe,sunshine-in-me-tee-1#GreyMarle,semi-hard,0.412736539926182,1,0
Stacey,voyager-stripe-crew#Stripe,fern-print-top#Navy,random,0.3561549476255439,1,0
Stefania,cable-knit-sweater#Camel,roll-neck-jumper-3#GreyMarl,hard,0.2586420562832768,1,0
Stefania,cable-knit-sweater#Camel,midtown-ruffle-shirt#BoldRed,semi-hard,0.43840995403349475,1,0
Stefania,cable-knit-sweater#Camel,layered-tunic-1#Natural,random,0.3525049137087348,1,0
Stefania,cool-breeze-jumper#Dust,high-street-knit#NavyStripe,hard,0.25561174856670144,1,0
Stefania,cool-breeze-jumper#Dust,knit-hoodie-1#Sage,semi-hard,0.3533077786892561,1,0
Stefania,cool-breeze-jumper#Dust,the-bell-sleeve-top#Grey,random,0.5922435187952475,1,0
Stefania,hayley-button-down#NavySparro,forget-me-knot-tunic#ForgetMeK,hard,0.1082120989967747,1,0
Stefania,hayley-button-down#NavySparro,horizontal-cabel-pullover#EnglishRos,semi-hard,0.3457648718826236,1,0
Stefania,hayley-button-down#NavySparro,capri-tank-3#Black,random,0.2936297773124834,1,0
Stefania,renee-sweater#Sapphire,manhattan-stretch-tee#White,hard,0.23075089219354444,1,0
Stefania,renee-sweater#Sapphire,side-buttoned-sweater#Buttoned,semi-hard,0.37898585471110047,1,0
Stefania,renee-sweater#Sapphire,fundamental-vee-tee#Pink,random,0.28459735695863136,1,0
Stefania,roll-with-me-jumper#Chalk,leah-knit-cardigan#WhiteBlk,hard,0.21583157917946477,1,0
Stefania,roll-with-me-jumper#Chalk,belle-half-sleeve-boat-tee#Black,semi-hard,0.36190782519814185,1,0
Stefania,roll-with-me-jumper#Chalk,paige-top#Black,random,0.3401996170557962,1,0
Stefania,snug-as-a-bug-jumper#Smoke,ynes#Black,hard,0.2613309030532704,1,0
Stefania,snug-as-a-bug-jumper#Smoke,long-sleeve-layer-top#Navy,semi-hard,0.4128555059221984,1,0
Stefania,snug-as-a-bug-jumper#Smoke,the-cross-over-blouse#Sunshine,random,0.49067705455457855,1,0
Stefania,the-blouson-sleeve-jumper#Grey,everyday-linen-tunic#BotanicalB,hard,0.20192231227282637,1,0
Stefania,the-blouson-sleeve-jumper#Grey,soft-and-true-tunic#Pine,semi-hard,0.41903929688360175,1,0
Stefania,the-blouson-sleeve-jumper#Grey,the-boat-neck-top#Navy,random,0.4309842182271148,1,0
Stefania,the-blouson-sleeve-jumper#Navy,cara-tee-4#White,hard,0.2517927412147836,1,0
Stefania,the-blouson-sleeve-jumper#Navy,belle-longline-white-shirt#White,semi-hard,0.43731624709450995,1,0
Stefania,the-blouson-sleeve-jumper#Navy,the-flutter-sleeve-top#Denim,random,0.47866199734800086,1,0
Stefania,the-check-pullover#PinkCheck,colourblock-cardi#NavyRed,hard,0.22019204429574382,1,0
Stefania,the-check-pullover#PinkCheck,the-tie-sleeve-blouse#Grey,semi-hard,0.37195053080426094,1,0
Stefania,the-check-pullover#PinkCheck,the-cotton-bamboo-tee#DustyPink,random,0.193169358555226,1,0
Stefania,the-contrast-knit-1#Navy,holly-rib-long-sleeve-tee#Khaki,hard,0.2550933483492901,1,0
Stefania,the-contrast-knit-1#Navy,the-tie-front-tank#White,semi-hard,0.4172896097089483,1,0
Stefania,the-contrast-knit-1#Navy,the-layered-cross-over-top#Black,random,0.47554292970076384,1,0
Stefania,the-contrast-knit-1#Sage,the-uneven-hem-knit-1#Sage,hard,0.1696088123146448,1,0
Stefania,the-contrast-knit-1#Sage,to-the-beat-of-the-drum-kimono#Leaf,semi-hard,0.4119537040700972,1,0
Stefania,the-contrast-knit-1#Sage,the-roll-neck-sleeveless-top-1#Black,random,0.4859908143994137,1,0
Stefania,the-contrast-panel-top#BlkStripe,the-long-sleeve-v-neck-tee#Black,hard,0.2611770213293908,1,0
Stefania,the-contrast-panel-top#BlkStripe,heart-spliced-top#Navy,semi-hard,0.4114611002721819,1,0
Stefania,the-contrast-panel-top#BlkStripe,bird-jumper#Navy,random,0.3497942071087936,1,0
Stefania,the-contrast-panel-top#SageStripe,the-cotton-bamboo-tee#DuckEgg,hard,0.193169358555226,1,0
Stefania,the-contrast-panel-top#SageStripe,belle-v-neck-forgiver-tunic#Charcoal,semi-hard,0.43629732472828603,1,0
Stefania,the-contrast-panel-top#SageStripe,the-luxe-long-sleeve-tee#GreyMarle,random,0.48671711517109584,1,0
Stefania,the-contrast-trim-knit#BlackWhite,leary-cardigan#Pine,hard,0.2245525094120229,1,0
Stefania,the-contrast-trim-knit#BlackWhite,foil-striped-2-in-1-top#Blue,semi-hard,0.423782179155038,1,0
Stefania,the-contrast-trim-knit#BlackWhite,ditzy-floral-ruffle-blouse#DitzyFlora,random,0.3645705872462662,1,0
Stefania,the-cross-over-poncho#Grey,monaco-knot-top#Black,hard,0.24657210603911153,1,0
Stefania,the-cross-over-poncho#Grey,lucy-rib-oversized-top#Black,semi-hard,0.3664476768339674,1,0
Stefania,the-cross-over-poncho#Grey,open-plains-kimono-throw-1#Rust,random,0.8893421090768886,1,0
Stefania,the-cross-over-poncho#Navy,back-to-you-top#BlackMagic,hard,0.24800801128789085,1,0
Stefania,the-cross-over-poncho#Navy,hacienda-tunic-5#PatchGold,semi-hard,0.36080224272568473,1,0
Stefania,the-cross-over-poncho#Navy,cross-my-heart-sweater#Regal,random,0.4687908137181167,1,0
Stefania,the-daily-essential-jumper#Grey,vivid-dreams-blouse#Dusty%20Rose,hard,0.2533640861356298,1,0
Stefania,the-daily-essential-jumper#Grey,icing-sugar-top#Ivory,semi-hard,0.3882337804246823,1,0
Stefania,the-daily-essential-jumper#Grey,butterfly-kisses-tee#Green,random,0.4704507312395109,1,0
Stefania,the-french-cuff-shirt#White,the-cotton-bamboo-tee#BlueJeans,hard,0.193169358555226,1,0
Stefania,the-french-cuff-shirt#White,the-cape-jersey-top#DarkNavy,semi-hard,0.3478668452929714,1,0
Stefania,the-french-cuff-shirt#White,ashbury-cardigan#Mocha,random,0.30378144726558454,1,0
Stefania,the-high-low-drape-tee#Grey,cara-tee-3#ZebraPrint,hard,0.25324622958687665,1,0
Stefania,the-high-low-drape-tee#Grey,belle-v-neck-forgiver-tunic#Navy,semi-hard,0.43629732472828603,1,0
Stefania,the-high-low-drape-tee#Grey,the-midi-waterfall-cardi#BlueMarle,random,0.4482108104844535,1,0
Stefania,the-high-low-drape-tee#Sage,holly-rib-long-sleeve-tee#WhiteGrey,hard,0.2550933483492901,1,0
Stefania,the-high-low-drape-tee#Sage,lucy-rib-oversized-top#WhiteGrey,semi-hard,0.3664476768339674,1,0
Stefania,the-high-low-drape-tee#Sage,millie-top#WhiteBlk,random,0.283020537614149,1,0
Stefania,the-pirate-in-me-shirt#White,the-long-sleeve-v-neck-tee#Navy,hard,0.2611770213293908,1,0
Stefania,the-pirate-in-me-shirt#White,block-vest#Blockvest,semi-hard,0.3485369888809454,1,0
Stefania,the-pirate-in-me-shirt#White,milan-stretch-top#White,random,0.46856872921851395,1,0
Stefania,the-printed-side-ring-detail-blouse#Block,the-cotton-bamboo-tee#White,hard,0.193169358555226,1,0
Stefania,the-printed-side-ring-detail-blouse#Block,the-tie-front-top#Black,semi-hard,0.3835536324839536,1,0
Stefania,the-printed-side-ring-detail-blouse#Block,never-ending-winter-knit-top#DeluxeGree,random,0.6582695870214382,1,0
Stefania,the-relaxed-batwing-top#Denim%20Blue,cherrington-top#GreyRose,hard,0.250998567155805,1,0
Stefania,the-relaxed-batwing-top#Denim%20Blue,messina-v-neck-tee#White,semi-hard,0.37470292632595203,1,0
Stefania,the-relaxed-batwing-top#Denim%20Blue,printed-v-neck-top#Striped,random,0.44460246780241747,1,0
Stefania,the-relaxed-batwing-top#PeachRose,aztec-cardigan#BlackIvory,hard,0.2324387943095903,1,0
Stefania,the-relaxed-batwing-top#PeachRose,hacienda-tunic-pushkar#Cornflower,semi-hard,0.4212873857896127,1,0
Stefania,the-relaxed-batwing-top#PeachRose,2-in-1-layered-top-1#PinkWhite,random,0.4022672731039331,1,0
Stefania,the-relaxed-long-sleeve-tee#Black,striped-cardigan-3#Rainbow,hard,0.25769083648151553,1,0
Stefania,the-relaxed-long-sleeve-tee#Black,cover-up-slouch-cardi#Alloy,semi-hard,0.3451876978385357,1,0
Stefania,the-relaxed-long-sleeve-tee#Black,sky-shirt#Clouds,random,0.6339922679376078,1,0
Stefania,the-relaxed-long-sleeve-tee#Khaki,stara-cardigan#GreyMarle,hard,0.2415441339065624,1,0
Stefania,the-relaxed-long-sleeve-tee#Khaki,drama-top#BlackGrey,semi-hard,0.3555972496144906,1,0
Stefania,the-relaxed-long-sleeve-tee#Khaki,kimono-and-me-cardi#Sand,random,0.3975384053835773,1,0
Stefania,the-relaxed-long-sleeve-tee#Navy,monaco-knot-top#HeatheGrey,hard,0.24657210603911153,1,0
Stefania,the-relaxed-long-sleeve-tee#Navy,kimono-and-me-cardi#DustyPink,semi-hard,0.3975384053835773,1,0
Stefania,the-relaxed-long-sleeve-tee#Navy,the-panel-hem-top#DenimMarle,random,0.378133811590036,1,0
Stefania,the-relaxed-long-sleeve-tee#Pink,the-panel-luxe-top#SilvWhite,hard,0.24714353462876065,1,0
Stefania,the-relaxed-long-sleeve-tee#Pink,the-roll-neck-sweater#Natural,semi-hard,0.391065912809901,1,0
Stefania,the-relaxed-long-sleeve-tee#Pink,malibu-cardigan#Wine,random,0.35698323537376697,1,0
Stefania,the-relaxed-long-sleeve-tee#White,overlay-tunic-3-pce-set#Emerald,hard,0.17583529859893976,1,0
Stefania,the-relaxed-long-sleeve-tee#White,natural-cross-back-knit#Lightsmoke,semi-hard,0.4108053837601127,1,0
Stefania,the-relaxed-long-sleeve-tee#White,york-linen-blend-top#BurntOrang,random,0.287681272973647,1,0
Stefania,the-sleeve-detail-knit#Ivory,leah-knit-cardigan#Black,hard,0.21583157917946477,1,0
Stefania,the-sleeve-detail-knit#Ivory,the-lace-trim-top#Black,semi-hard,0.43617162422924816,1,0
Stefania,the-sleeve-detail-knit#Ivory,bamboo-layer-tank#Chalk,random,0.2957166447413376,1,0
Stefania,the-zip-detail-jacket#Grey,cuddled-longline-cardigan#Sunflower,hard,0.25098501960142594,1,0
Stefania,the-zip-detail-jacket#Grey,placement-print-shirt#WhiteNavy,semi-hard,0.4577511066905101,1,0
Stefania,the-zip-detail-jacket#Grey,layer-me-bamboo-rouched-sleeve-tee#White,random,0.301217519788198,1,0
Stefania,walk-in-the-park-cardi#Sand,holly-rib-long-sleeve-tee#Black,hard,0.2550933483492901,1,0
Stefania,walk-in-the-park-cardi#Sand,runaway-top#JetBlack,semi-hard,0.4218676653949795,1,0
Stefania,walk-in-the-park-cardi#Sand,long-sleeve-softly-swinging-bamboo-tee#Fern,random,0.46360780532361257,1,0
Stefania,weekend-vibes-blouse#Blush,shirt-in-a-box#Silver,hard,0.24227763692324686,1,0
Stefania,weekend-vibes-blouse#Blush,frost-cardigan#Mauvewoo,semi-hard,0.3869932943631428,1,0
Stefania,weekend-vibes-blouse#Blush,the-swing-tank-top#Rose,random,0.602134761361683,1,0
Summer,aida-long-tunic-shirt#AidaStripe,mila-knit-cardigan#Clay,hard,0.3073593073593074,1,0
Summer,aida-long-tunic-shirt#AidaStripe,icing-sugar-top#Ivory,semi-hard,0.5088271103896105,1,0
Summer,aida-long-tunic-shirt#AidaStripe,belle-twist-front-tee-1#Black,random,0.5217126623376623,1,0
Summer,alberta-stripe-top#IvoryStrip,renee-sweater#Sapphire,hard,0.3000541125541125,1,0
Summer,alberta-stripe-top#IvoryStrip,the-relaxed-long-sleeve-tee-1#Ink%20Stripe,semi-hard,0.5168425324675325,1,0
Summer,alberta-stripe-top#IvoryStrip,bamboo-layer-tank#Black,random,0.2921063311688311,1,0
Summer,ally-long-sleeve-tee#CosmosPr,long-sleeve-tee-2#NavyWhite,hard,0.2922754329004329,1,0
Summer,ally-long-sleeve-tee#CosmosPr,diva-ruffle-jumper#Gold%20Spot,semi-hard,0.4903950216450216,1,0
Summer,ally-long-sleeve-tee#CosmosPr,the-batwing-tee#FrenchBlue,random,0.4204545454545454,1,0
Summer,always-mine-spliced-cardigan#GreyEmeral,pure-merino-fine-rib-v-neck#Charcoal,hard,0.07738095238095238,1,0
Summer,always-mine-spliced-cardigan#GreyEmeral,the-relaxed-long-sleeve-tee#Pink,semi-hard,0.5016233766233766,1,0
Summer,always-mine-spliced-cardigan#GreyEmeral,belle-half-sleeve-forgiver-tunic#Apricot,random,0.541210091991342,1,0
Summer,back-to-you-top#BlackMagic,bamboo-layer-tank#Chalk,hard,0.2921063311688311,1,0
Summer,back-to-you-top#BlackMagic,ruffle-hem-jersey-top#Pink,semi-hard,0.49854572510822515,1,0
Summer,back-to-you-top#BlackMagic,the-curve-striped-tank#Marine,random,0.6979843073593073,1,0
Summer,back-to-you-top#Rust,cara-tee-2#Blush,hard,0.3157467532467532,1,0
Summer,back-to-you-top#Rust,kimono-and-me-cardi#Sand,semi-hard,0.5357650162337663,1,0
Summer,back-to-you-top#Rust,sequin-spot-cardi#Grey,random,0.39759199134199136,1,0
Summer,beloved-stripe-pull-over-hoodie#NavyWhite,aztec-cardigan#Orange,hard,0.3406554383116883,1,0
Summer,beloved-stripe-pull-over-hoodie#NavyWhite,falling-for-you-tunic#Black,semi-hard,0.5317573051948052,1,0
Summer,beloved-stripe-pull-over-hoodie#NavyWhite,the-soft-knit-jumper#NavyStripe,random,0.5335497835497836,1,0
Summer,block-sweater#Block,dream-girl-ruffle-jumper#SoftPink,hard,0.32971455627705626,1,0
Summer,block-sweater#Block,geneva-v-neck-top#Black,semi-hard,0.5446428571428572,1,0
Summer,block-sweater#Block,foil-spot-jumper#SilverDot,random,0.48325892857142855,1,0
Summer,block-vest#Blockvest,glasgow-top#Melange,hard,0.26220914502164505,1,0
Summer,block-vest#Blockvest,belle-two-in-one-top#Charcoal,semi-hard,0.49140963203463195,1,0
Summer,block-vest#Blockvest,mixed-messages-jumper#MixedStrip,random,0.48976370851370854,1,0
Summer,capri-tank-3#Black,vivid-dreams-blouse#Dusty%20Rose,hard,0.3338068181818182,1,0
Summer,capri-tank-3#Black,hacienda-tunic-pushkar#Cornflower,semi-hard,0.5457251082251082,1,0
Summer,capri-tank-3#Black,the-textured-spot-top#Pink,random,0.6739042207792207,1,0
Summer,capri-tank-3#Navy,the-long-sleeve-v-neck-tee#White,hard,0.335058170995671,1,0
Summer,capri-tank-3#Navy,the-stripe-jersey-top#Blue,semi-hard,0.5084550865800865,1,0
Summer,capri-tank-3#Navy,belle-v-neck-forgiver-tunic#White,random,0.5705323322510822,1,0
Summer,capri-tank-3#NavyStripe,meadow-cardigan#Cream,hard,0.3346185064935065,1,0
Summer,capri-tank-3#NavyStripe,the-zip-detail-jacket#Grey,semi-hard,0.48525432900432897,1,0
Summer,capri-tank-3#NavyStripe,the-tie-layering-knit#Grey,random,0.8394209956709956,1,0
Summer,capri-tank-3#White,the-long-sleeve-v-neck-tee#Navy,hard,0.335058170995671,1,0
Summer,capri-tank-3#White,the-lace-trim-top#Black,semi-hard,0.5440566378066379,1,0
Summer,capri-tank-3#White,still-the-one-ruffle-blouse#Spot,random,0.47862554112554107,1,0
Summer,cherrington-top#GreyRose,falling-for-you-cardi#Khaki,hard,0.3409090909090909,1,0
Summer,cherrington-top#GreyRose,variegated-rib-knit#Silver,semi-hard,0.47906520562770566,1,0
Summer,cherrington-top#GreyRose,cross-my-heart-bamboo-slouch-tee#White,random,0.9343885281385281,1,0
Summer,circles-knit#Plum,manhattan-stretch-tee#Navy,hard,0.31764069264069267,1,0
Summer,circles-knit#Plum,star-and-spot-sweater#SilverMult,semi-hard,0.5290178571428572,1,0
Summer,circles-knit#Plum,the-stitch-v-neck-knit#DenimMarle,random,0.7078373015873015,1,0
Summer,clovis-shirt#NavyGold,geena-xo-ls-pullover-knit#WhiteCapGr,hard,0.34484916125541126,1,0
Summer,clovis-shirt#NavyGold,belle-half-sleeve-forgiver-tunic#White,semi-hard,0.541210091991342,1,0
Summer,clovis-shirt#NavyGold,millie-top#BlackSpot,random,0.39427759740259744,1,0
Summer,contrast-pocket-tunic#Pinkpocket,falling-for-you-cardi#Navy,hard,0.3409090909090909,1,0
Summer,contrast-pocket-tunic#Pinkpocket,the-ultimate-tie-cardi#Black,semi-hard,0.5355959145021645,1,0
Summer,contrast-pocket-tunic#Pinkpocket,milan-34-sleeve-1#Melange,random,0.6035240800865801,1,0
Summer,cool-breeze-jumper#Dust,cara-tee-2#WhiteBlk,hard,0.3157467532467532,1,0
Summer,cool-breeze-jumper#Dust,mauevewood-crew#Charcoal,semi-hard,0.5273944805194805,1,0
Summer,cool-breeze-jumper#Dust,multi-stripe-jumper#NavyMulti,random,0.5534361471861472,1,0
Summer,crosses-jumper#xmyheart,the-cotton-bamboo-tee#DustyPink,hard,0.3024215367965368,1,0
Summer,crosses-jumper#xmyheart,the-frill-wrap-blouse#Spot,semi-hard,0.46393060064935066,1,0
Summer,crosses-jumper#xmyheart,kimberly-spliced-top#Black,random,0.42721861471861466,1,0
Summer,cuddled-longline-cardigan#Sunflower,striped-cardigan-3#Rainbow,hard,0.3417207792207792,1,0
Summer,cuddled-longline-cardigan#Sunflower,the-french-cuff-shirt#White,semi-hard,0.5574438582251082,1,0
Summer,cuddled-longline-cardigan#Sunflower,york-linen-blend-top#BurntOrang,random,0.37324134199134196,1,0
Summer,dot-to-dot-knit-1#GreyMarle,paige-top#Black,hard,0.2666621572871573,1,0
Summer,dot-to-dot-knit-1#GreyMarle,foil-print-top-2#Navy,semi-hard,0.4745332792207792,1,0
Summer,dot-to-dot-knit-1#GreyMarle,frill-sleeve-top-1#LeafPrint,random,0.46371076839826836,1,0
Summer,emerald-knit#Emerald,aztec-cardigan#BlackIvory,hard,0.3406554383116883,1,0
Summer,emerald-knit#Emerald,funnel-neck-knit-jumper#BlueMulti,semi-hard,0.49742965367965375,1,0
Summer,emerald-knit#Emerald,love-song-relaxed-blouse#SagePearl,random,0.694128787878788,1,0
Summer,faith-jumper#Eventide,high-neck-tie-top#Black,hard,0.2801001082251082,1,0
Summer,faith-jumper#Eventide,the-side-ring-detail-blouse-1#Black,semi-hard,0.5109070616883117,1,0
Summer,faith-jumper#Eventide,the-long-sleeve-scoop-neck-tee#Grey,random,0.5071699134199135,1,0
Summer,felicity-cardigan#Dewkist,leary-cardigan#Pine,hard,0.3196699134199134,1,0
Summer,felicity-cardigan#Dewkist,natural-cosy-sweater#Rosered,semi-hard,0.5704816017316017,1,0
Summer,felicity-cardigan#Dewkist,the-printed-v-split-top#Natural,random,0.6699134199134199,1,0
Summer,fundamental-rib-long-sleeve-tee#Black,rika-top#BatikTile,hard,0.3066829004329004,1,0
Summer,fundamental-rib-long-sleeve-tee#Black,softly-swinging-bamboo-singlet#Cashew,semi-hard,0.5853456439393939,1,0
Summer,fundamental-rib-long-sleeve-tee#Black,the-long-sleeve-scoop-neck-tee#Navy,random,0.5071699134199135,1,0
Summer,fundamental-rib-long-sleeve-tee#White,holly-rib-long-sleeve-tee#Black,hard,0.2599770021645022,1,0
Summer,fundamental-rib-long-sleeve-tee#White,linen-cotton-shirt#White,semi-hard,0.5435606060606061,1,0
Summer,fundamental-rib-long-sleeve-tee#White,the-drape-tee-1#Black,random,0.6330717893217893,1,0
Summer,fundamental-split-hoodie#Navy,eco-78-long-cardigan#LightGreyM,hard,0.32136093073593075,1,0
Summer,fundamental-split-hoodie#Navy,midtown-ruffle-shirt#BoldRed,semi-hard,0.528814935064935,1,0
Summer,fundamental-split-hoodie#Navy,layered-top-2#White,random,0.36904761904761907,1,0
Summer,fundamental-split-hoodie#Pink,falling-for-you-cardi#Dusty,hard,0.3409090909090909,1,0
Summer,fundamental-split-hoodie#Pink,the-zip-front-top#Blue,semi-hard,0.5570211038961039,1,0
Summer,fundamental-split-hoodie#Pink,sailaway-blouse#OxfordBlue,random,0.5760732323232323,1,0
Summer,fundamental-sydney-crew#Burgundy,falling-for-you-cardi-1#GreyGarden,hard,0.3409090909090909,1,0
Summer,fundamental-sydney-crew#Burgundy,ruffle-top-4#Black,semi-hard,0.46824269480519476,1,0
Summer,fundamental-sydney-crew#Burgundy,the-layered-cross-over-top#Navy,random,0.6118269751082251,1,0
Summer,fundamental-sydney-crew#GreyMarle,the-uneven-hem-knit-1#Sage,hard,0.34151785714285715,1,0
Summer,fundamental-sydney-crew#GreyMarle,runaway-top#Sand,semi-hard,0.5193903318903319,1,0
Summer,fundamental-sydney-crew#GreyMarle,sugar-snaps-throw-jacket#White,random,0.8036390692640693,1,0
Summer,fundamental-sydney-crew#Navy,forget-me-knot-tunic#ForgetMeK,hard,0.19098349567099568,1,0
Summer,fundamental-sydney-crew#Navy,rise-top#Ink,semi-hard,0.47399215367965375,1,0
Summer,fundamental-sydney-crew#Navy,the-cotton-blend-stripe-jumper#BlueStripe,random,0.5221861471861472,1,0
Summer,fundamental-vee-tee#Black,natural-classic-cardigan#Pebble,hard,0.27827380952380953,1,0
Summer,fundamental-vee-tee#Black,the-long-sleeve-scoop-neck-tee#White,semi-hard,0.5071699134199135,1,0
Summer,fundamental-vee-tee#Black,cara-tee-3#Mustard,random,0.3613027597402597,1,0
Summer,fundamental-vee-tee#GreyMarle,stara-cardigan#GreyMarle,hard,0.3323863636363636,1,0
Summer,fundamental-vee-tee#GreyMarle,foil-striped-2-in-1-top#Blue,semi-hard,0.5295364357864357,1,0
Summer,fundamental-vee-tee#GreyMarle,long-sleeve-softly-swinging-bamboo-tee#Combat,random,0.5966078192640693,1,0
Summer,fundamental-vee-tee#Navy,holly-rib-long-sleeve-tee#Khaki,hard,0.2599770021645022,1,0
Summer,fundamental-vee-tee#Navy,the-contrast-panel-top#BlkStripe,semi-hard,0.5664231601731602,1,0
Summer,fundamental-vee-tee#Navy,the-shoulder-tie-top#White,random,0.7143026244588745,1,0
Summer,fundamental-vee-tee#Pink,falling-for-you-cardi#Black,hard,0.3409090909090909,1,0
Summer,fundamental-vee-tee#Pink,the-tie-front-top#Black,semi-hard,0.5061722132034632,1,0
Summer,fundamental-vee-tee#Pink,the-tie-sleeve-blouse#Grey,random,0.49697307900432897,1,0
Summer,fundamental-vee-tee#White,eco-78-long-cardigan#DarkGreyM,hard,0.32136093073593075,1,0
Summer,fundamental-vee-tee#White,belle-tie-neck-blouse-tee#White,semi-hard,0.5872226731601732,1,0
Summer,fundamental-vee-tee#White,daylight-jumper#Silver,random,0.5964218073593074,1,0
Summer,hacienda-tunic-5#PatchGold,high-street-knit#NavyStripe,hard,0.3190611471861472,1,0
Summer,hacienda-tunic-5#PatchGold,the-cosy-cardigan#Grey,semi-hard,0.5875270562770563,1,0
Summer,hacienda-tunic-5#PatchGold,batty-about-you-cotton-tee#BlkWhite,random,0.6880073051948052,1,0
Summer,haze-swing-top#OffWhite,falling-for-you-cardi#Teal,hard,0.3409090909090909,1,0
Summer,haze-swing-top#OffWhite,messina-v-neck-tee#White,semi-hard,0.498139880952381,1,0
Summer,haze-swing-top#OffWhite,ivy-cosy-pullover#Storm,random,0.6641301406926406,1,0
Summer,hem-frill-stripe-top#Frilled,everyday-linen-tunic#BotanicalB,hard,0.30752840909090906,1,0
Summer,hem-frill-stripe-top#Frilled,rose-shirt#BlueIllusi,semi-hard,0.4633049242424242,1,0
Summer,hem-frill-stripe-top#Frilled,laurina-stripe-pullover#NightSky,random,0.4117965367965368,1,0
Summer,hem-frill-stripe-top#SoFrilled,mila-knit-cardigan#StoneBlack,hard,0.3073593073593074,1,0
Summer,hem-frill-stripe-top#SoFrilled,rosie-bell-sleeve-denim-shirt#Stripe,semi-hard,0.5028860028860028,1,0
Summer,hem-frill-stripe-top#SoFrilled,the-cut-out-shoulder-blouse#Salmon,random,0.6137040043290043,1,0
Summer,jewel-knit#GreyMarle,falling-for-you-cardi#GreyMarle,hard,0.3409090909090909,1,0
Summer,jewel-knit#GreyMarle,runaway-top#JetBlack,semi-hard,0.5193903318903319,1,0
Summer,jewel-knit#GreyMarle,to-the-beat-of-the-drum-kimono#Leaf,random,0.533234126984127,1,0
Summer,jordan-top#PearlBlue,pure-merino-fine-rib-polo#BlackStri,hard,0.2553436147186147,1,0
Summer,jordan-top#PearlBlue,leopard-print-kimono#GoldMulti,semi-hard,0.5700757575757576,1,0
Summer,jordan-top#PearlBlue,the-wrap-jersey-top#Charcoal,random,0.4299580627705628,1,0
Summer,knit-hoodie-1#Sage,mila-knit-cardigan#InkWhite,hard,0.3073593073593074,1,0
Summer,knit-hoodie-1#Sage,geneva-v-neck-top#Olive,semi-hard,0.5446428571428572,1,0
Summer,knit-hoodie-1#Sage,belle-mesh-cardi#Black,random,0.9256628787878788,1,0
Summer,lake-house-top#CoalPrint,monaco-knot-top#Black,hard,0.24837662337662336,1,0
Summer,lake-house-top#CoalPrint,the-panel-hem-top#Khaki,semi-hard,0.505174512987013,1,0
Summer,lake-house-top#CoalPrint,chasing-birds-blouse#White,random,0.578327922077922,1,0
Summer,layered-tee-2#Black,ynes#Black,hard,0.29991883116883117,1,0
Summer,layered-tee-2#Black,the-printed-side-ring-detail-blouse#Block,semi-hard,0.5109070616883117,1,0
Summer,layered-tee-2#Black,cooks-shirt#Stripes,random,0.4419304653679653,1,0
Summer,layered-tee-2#White,holly-rib-long-sleeve-tee#WhiteGrey,hard,0.2599770021645022,1,0
Summer,layered-tee-2#White,the-relaxed-long-sleeve-tee#Khaki,semi-hard,0.5016233766233766,1,0
Summer,layered-tee-2#White,floral-embroidered-jumper#Navy,random,0.6711140422077922,1,0
Summer,long-sleeve-check-top#Check,34-sleeve-shirt-1#SkyWhite,hard,0.3188582251082251,1,0
Summer,long-sleeve-check-top#Check,geneva-v-neck-top#HeatheGrey,semi-hard,0.5446428571428572,1,0
Summer,long-sleeve-check-top#Check,double-layered-top-1#WBlack,random,0.3671536796536796,1,0
Summer,long-sleeve-spot-top#Multispot,falling-for-you-cardi#Port,hard,0.3409090909090909,1,0
Summer,long-sleeve-spot-top#Multispot,the-colour-block-pullover#Sage,semi-hard,0.5656114718614718,1,0
Summer,long-sleeve-spot-top#Multispot,the-cross-over-blouse#Sunshine,random,0.6341653138528138,1,0
Summer,magnolia-fields-keyhole-blouse#Magnolia,drapey-stripe-tee#Navy,hard,0.3377637987012987,1,0
Summer,magnolia-fields-keyhole-blouse#Magnolia,belle-v-neck-forgiver-tunic#Navy,semi-hard,0.5705323322510822,1,0
Summer,magnolia-fields-keyhole-blouse#Magnolia,the-bonded-cotton-shirt#Pink,random,0.7297923430735931,1,0
Summer,makeover-blouse#LimeGreen,natural-crossover-knit-1#Stormcloud,hard,0.3288690476190476,1,0
Summer,makeover-blouse#LimeGreen,the-asymmetrical-hem-sweater#Blush,semi-hard,0.5297619047619048,1,0
Summer,makeover-blouse#LimeGreen,raspberry-ls-tee#WhiteRaspb,random,0.4744318181818182,1,0
Summer,marlow-cardigan#Cream,geena-xo-ls-pullover-knit#Allure,hard,0.34484916125541126,1,0
Summer,marlow-cardigan#Cream,wrap-me-up-bamboo-top#BlueJeans,semi-hard,0.5426643668831168,1,0
Summer,marlow-cardigan#Cream,ricki-one-shoulder-top#BlackWhite,random,0.31808035714285715,1,0
Summer,napoleon-top-1#NemoBlue,shirt-in-a-box#Silver,hard,0.3280911796536796,1,0
Summer,napoleon-top-1#NemoBlue,long-sleeve-layer-top#White,semi-hard,0.539941829004329,1,0
Summer,napoleon-top-1#NemoBlue,cross-over-top-with-pocket#Emerald,random,0.6182697510822511,1,0
Summer,napoleon-top-1#NemoRed,the-cotton-bamboo-tee#DuckEgg,hard,0.3024215367965368,1,0
Summer,napoleon-top-1#NemoRed,malibu-cardigan#Wine,semi-hard,0.47635957792207795,1,0
Summer,napoleon-top-1#NemoRed,maui-stretch-tee#Navy,random,0.4181547619047619,1,0
Summer,nature-ls-top#BlueGum,leah-knit-cardigan#WhiteBlk,hard,0.32677218614718617,1,0
Summer,nature-ls-top#BlueGum,the-cape-jersey-top#DarkNavy,semi-hard,0.4677861201298701,1,0
Summer,nature-ls-top#BlueGum,the-oversized-cotton-blend-shirt#Navy,random,0.9205560064935066,1,0
Summer,never-ending-winter-knit-top#DeluxeGree,endeavor-long-sleeve-tee#Stripe,hard,0.2857142857142857,1,0
Summer,never-ending-winter-knit-top#DeluxeGree,lola-bell-sleeve-top-ditsy-daisies#Blue,semi-hard,0.5287698412698413,1,0
Summer,never-ending-winter-knit-top#DeluxeGree,border-stripe-knit#WhitePink,random,0.4464623917748918,1,0
Summer,nova-lux-long-sleeve-tie-top#AidaStripe,leah-knit-cardigan#Black,hard,0.32677218614718617,1,0
Summer,nova-lux-long-sleeve-tie-top#AidaStripe,belle-tie-neck-blouse-tee#RoyalBlue,semi-hard,0.5872226731601732,1,0
Summer,nova-lux-long-sleeve-tie-top#AidaStripe,ines-top#NavyStrip,random,0.43117559523809523,1,0
Summer,nova-lux-long-sleeve-tie-top-1#CloudDance,manhattan-stretch-tee#White,hard,0.31764069264069267,1,0
Summer,nova-lux-long-sleeve-tie-top-1#CloudDance,arya-frilled-blouse#Oyster,semi-hard,0.49239042207792205,1,0
Summer,nova-lux-long-sleeve-tie-top-1#CloudDance,york-linen-blend-long-cardigan#BurntOrang,random,0.4085159632034632,1,0
Summer,nova-lux-long-sleeve-tie-top-1#NightSky,the-long-sleeve-v-neck-tee#Black,hard,0.335058170995671,1,0
Summer,nova-lux-long-sleeve-tie-top-1#NightSky,the-pocket-tee#GreyStripe,semi-hard,0.5695797258297258,1,0
Summer,nova-lux-long-sleeve-tie-top-1#NightSky,ava-short-sleeve-linen-tee#Navy,random,0.47301136363636365,1,0
Summer,nova-lux-long-sleeve-tie-top-1#SimplyGree,elina-lace-frill-blouse#Black,hard,0.29413555194805197,1,0
Summer,nova-lux-long-sleeve-tie-top-1#SimplyGree,mauevewood-crew#YellowWhit,semi-hard,0.5273944805194805,1,0
Summer,nova-lux-long-sleeve-tie-top-1#SimplyGree,the-contrast-34-sleeve-top#Navy,random,0.7782061688311689,1,0
Summer,nova-lux-solid-v-neck-placket-shirt#CloudDance,monaco-knot-top#HeatheGrey,hard,0.24837662337662336,1,0
Summer,nova-lux-solid-v-neck-placket-shirt#CloudDance,ruffle-top-4#Terracotta,semi-hard,0.46824269480519476,1,0
Summer,nova-lux-solid-v-neck-placket-shirt#CloudDance,moonlight-kisses-bamboo-tee#Combat,random,0.6004633387445887,1,0
Summer,off-shoulder-top-2#FloraLace,monaco-knot-top#Olive,hard,0.24837662337662336,1,0
Summer,off-shoulder-top-2#FloraLace,natural-waterfall-cardigan#Fallendust,semi-hard,0.5340909090909091,1,0
Summer,off-shoulder-top-2#FloraLace,ashbury-cardigan#Mocha,random,0.411525974025974,1,0
Summer,paint-stroke-top#Strokes,manhattan-stretch-tee#Black,hard,0.31764069264069267,1,0
Summer,paint-stroke-top#Strokes,the-v-split-blouse#Salmon,semi-hard,0.5772456709956709,1,0
Summer,paint-stroke-top#Strokes,heartmade-cardi#DustyRose,random,0.4864042207792208,1,0
Summer,paradising-buttoned-shirt#Wheat,falling-for-you-cardi#Mustard,hard,0.3409090909090909,1,0
Summer,paradising-buttoned-shirt#Wheat,animal-knit-1#Animal,semi-hard,0.530370670995671,1,0
Summer,paradising-buttoned-shirt#Wheat,the-oversize-knit#Ink,random,0.8640422077922078,1,0
Summer,peasant-top-3#Denim,overlay-tunic-3-pce-set#Emerald,hard,0.2679924242424242,1,0
Summer,peasant-top-3#Denim,belle-half-sleeve-forgiver-tunic#Black,semi-hard,0.541210091991342,1,0
Summer,peasant-top-3#Denim,sand-queen-throw-blouse#Fleur,random,0.7470012626262627,1,0
Summer,printed-tunic-7#RedCheck,manhattan-stretch-tee#NavyWhtStr,hard,0.31764069264069267,1,0
Summer,printed-tunic-7#RedCheck,runaway-top#SoftPink,semi-hard,0.5193903318903319,1,0
Summer,printed-tunic-7#RedCheck,long-sleeve-softly-swinging-bamboo-tee#Oyster,random,0.5966078192640693,1,0
Summer,printed-v-neck-top#Striped,the-reversible-cowl-neck-top-2#Ocean,hard,0.27397862554112556,1,0
Summer,printed-v-neck-top#Striped,falling-for-you-tunic#Rust,semi-hard,0.5317573051948052,1,0
Summer,printed-v-neck-top#Striped,softly-swinging-bamboo-tee#Starfish,random,0.6108630952380952,1,0
Summer,rama-top#Stonewash,cable-knit-sweater#Camel,hard,0.331642316017316,1,0
Summer,rama-top#Stonewash,on-the-open-road-maxi-shirt#DarkOchre,semi-hard,0.5661356872294372,1,0
Summer,rama-top#Stonewash,jersey-split-back-hooded-top#NavyStrip,random,0.7170589826839827,1,0
Summer,relaxed-top-1#FloraStrip,mila-knit-cardigan#Black,hard,0.3073593073593074,1,0
Summer,relaxed-top-1#FloraStrip,the-contrast-detail-top#Ivory,semi-hard,0.5777867965367965,1,0
Summer,relaxed-top-1#FloraStrip,clio-knit-jumper#Black,random,0.6833513708513709,1,0
Summer,rib-tank-2#Black,cara-tee-2#BlackSpot,hard,0.3157467532467532,1,0
Summer,rib-tank-2#Black,always-mine-v-neck-knit#Terracotta,semi-hard,0.4758522727272727,1,0
Summer,rib-tank-2#Black,the-everyday-shirt#Midnight,random,0.6993540313852814,1,0
Summer,rib-tank-2#Khaki,falling-for-you-cardi-2#WinterRose,hard,0.3409090909090909,1,0
Summer,rib-tank-2#Khaki,heartmade-sweater#Rust,semi-hard,0.5056818181818182,1,0
Summer,rib-tank-2#Khaki,layer-me-bamboo-rouched-sleeve-tee#Copper,random,0.4144852543290043,1,0
Summer,rib-tank-2#Mustard,the-cotton-bamboo-tee#White,hard,0.3024215367965368,1,0
Summer,rib-tank-2#Mustard,lola-bell-sleeve-top-entangled-vines#Gold,semi-hard,0.5287698412698413,1,0
Summer,rib-tank-2#Mustard,belle-polka-dot-blouse#WhiteSpot,random,0.7966551677489178,1,0
Summer,rib-tank-2#Navy,colourblock-cardi#NavyRed,hard,0.31540854978354976,1,0
Summer,rib-tank-2#Navy,driftwood-gathering-blouse#Khaki,semi-hard,0.4707792207792208,1,0
Summer,rib-tank-2#Navy,the-sleeveless-cross-over-blouse#Chambray,random,0.599313446969697,1,0
Summer,rib-tank-2#Red,niue-neck-tie-shirt#LightBlue,hard,0.3338068181818182,1,0
Summer,rib-tank-2#Red,true-love-bell-blouse#Jade,semi-hard,0.5109577922077922,1,0
Summer,rib-tank-2#Red,ember-knit#EmberGlow,random,0.5066964285714286,1,0
Summer,rib-tank-2#White,falling-for-you-cardi#Rust,hard,0.3409090909090909,1,0
Summer,rib-tank-2#White,wrap-me-up-bamboo-top#Black,semi-hard,0.5426643668831168,1,0
Summer,rib-tank-2#White,layer-me-bamboo-rouched-sleeve-tee#White,random,0.4144852543290043,1,0
Summer,shell-top-3#PapBlue,monaco-knot-top#ClaySpot,hard,0.24837662337662336,1,0
Summer,shell-top-3#PapBlue,print-shirt-1#Blush,semi-hard,0.5637851731601732,1,0
Summer,shell-top-3#PapBlue,paradise-top#Red,random,0.6244588744588744,1,0
Summer,side-buttoned-sweater#Buttoned,henson-jumper#Cream,hard,0.2798295454545454,1,0
Summer,side-buttoned-sweater#Buttoned,ruffle-sleeve-top-1#Black,semi-hard,0.5896577380952381,1,0
Summer,side-buttoned-sweater#Buttoned,lenka-lurex-stripe-blouse#NavyGoldSt,random,0.4009063852813852,1,0
Summer,sky-jumper-1#Clouds,the-cotton-bamboo-tee#BlueJeans,hard,0.3024215367965368,1,0
Summer,sky-jumper-1#Clouds,willow-knot-top#WhiteBlk,semi-hard,0.4789975649350649,1,0
Summer,sky-jumper-1#Clouds,the-reversible-cowl-neck-top-1#Black,random,0.48604910714285715,1,0
Summer,sky-shirt#Clouds,analia-top#White,hard,0.2910579004329004,1,0
Summer,sky-shirt#Clouds,buttoned-top#Spotty,semi-hard,0.5505050505050506,1,0
Summer,sky-shirt#Clouds,the-essential-layering-tee#Ink,random,0.5908189033189033,1,0
Summer,splice-knit-1#Multi,the-ultimate-tie-cardi#Port,semi-hard,0.5355959145021645,1,0
Summer,splice-knit-1#Multi,selma-top-1#IndoStripe,random,0.6063311688311689,1,0
Summer,square-nk-fray-trim-top#Denim,natural-overlay-knit#Greybloss,semi-hard,0.545995670995671,1,0
Summer,square-nk-fray-trim-top#Denim,relaxed-cape#WhiteBlack,random,0.799963924963925,1,0
Summer,st-helens-henley-tee#Sapphire,the-tie-front-tank#Navy,semi-hard,0.5429349296536796,1,0
Summer,st-helens-henley-tee#Sapphire,bird-print-jumper#Navy,random,0.48024891774891776,1,0
Summer,st-helens-henley-tee#White,aigli-top#Navy,semi-hard,0.4788961038961039,1,0
Summer,st-helens-henley-tee#White,printed-v-neck-blouse#NavyWhite,random,0.3795319264069264,1,0
Summer,striped-sleeve-sweater#Striped,floral-blouse-2#NavyMulti,semi-hard,0.4768668831168831,1,0
Summer,striped-sleeve-sweater#Striped,the-oversized-cotton-blend-shirt#Sand,random,0.9205560064935066,1,0
Summer,stud-trim-long-sleeve-top#Mint,frill-me-tie-throw-on#WhiteBlk,semi-hard,0.490919237012987,1,0
Summer,stud-trim-long-sleeve-top#Mint,reversible-scoopv-neck-tank#Navy,random,0.3778070887445887,1,0
Summer,tab-sleeve-longline-shirt#Navy,wellington-tee#HeatheGrey,semi-hard,0.5601325757575758,1,0
Summer,tab-sleeve-longline-shirt#Navy,bertie-top#Black,random,0.4300595238095238,1,0
Summer,tab-sleeve-longline-shirt#Pink,ava-short-sleeve-linen-tee#Blush,semi-hard,0.47301136363636365,1,0
Summer,tab-sleeve-longline-shirt#Pink,the-relaxed-batwing-top#PeachRose,random,0.8005952380952381,1,0
Summer,tab-sleeve-longline-shirt#Silver,ditzy-floral-ruffle-blouse#DitzyFlora,semi-hard,0.4850852272727273,1,0
Summer,tab-sleeve-longline-shirt#Silver,the-cut-out-shoulder-blouse#White,random,0.6137040043290043,1,0
Summer,the-bamboo-tunic-dress#Khaki,messina-v-neck-tee#Black,semi-hard,0.498139880952381,1,0
Summer,the-bamboo-tunic-dress#Khaki,coil-print-hi-lo-shirt#White,random,0.6394412878787878,1,0
Summer,the-button-up-swing-tunic#Wine,sunshine-in-me-tee-1#GreyMarle,semi-hard,0.5485660173160173,1,0
Summer,the-button-up-swing-tunic#Wine,the-cross-front-spot-blouse#NavySpot,random,0.7917512175324675,1,0
Summer,the-excess-shirt#Pearl,bird-jumper#Navy,semi-hard,0.4683779761904762,1,0
Summer,the-excess-shirt#Pearl,cover-up-slouch-cardi#Alloy,random,0.4279964826839827,1,0
Summer,tia-boyfriend-shirt#White,butterfly-kisses-tee#Stripe,semi-hard,0.581439393939394,1,0
Summer,tia-boyfriend-shirt#White,rory-spliced-zip-hoodie#Slate,random,0.42985660173160173,1,0
Summer,tie-back-bell-sleeve-top-5#Summerbud,the-ruffle-sleeve-top#NavyStripe,semi-hard,0.5095598845598845,1,0
Summer,tie-back-bell-sleeve-top-5#Summerbud,belle-flocked-tunic#White,random,0.9103929924242423,1,0
Summer,verona-patchwork-top#Patchwork,butterfly-kisses-tee#MustardStr,semi-hard,0.581439393939394,1,0
Summer,verona-patchwork-top#Patchwork,the-weekender-shirt#DenimStrip,random,0.5444173881673882,1,0
Summer,weekend-tunic#Navy,belle-petal-print-top#Petal,semi-hard,0.5639204545454546,1,0
Summer,weekend-tunic#Navy,butterfly-kisses-tee#Green,random,0.581439393939394,1,0
Summer,wonderland-blouse#Ink,frill-blouse#Rust,semi-hard,0.4914434523809524,1,0
Summer,wonderland-blouse#Ink,the-spotted-tunic#NavySpot,random,0.7540753517316018,1,0
Thais,jade-kimono-kaleidoscope#Blue,the-boat-neck-top#Navy,hard,0.36340078159987727,1,0
Thais,jade-kimono-kaleidoscope#Blue,horizontal-cabel-pullover#EnglishRos,semi-hard,0.4871894599149855,1,0
Thais,jade-kimono-kaleidoscope#Blue,belle-satin-shirt#Black,random,0.709267191052098,1,0
Thais,off-shoulder-top-2#FloraLace,drapey-stripe-tee#Navy,hard,0.3593162521892517,1,0
Thais,off-shoulder-top-2#FloraLace,silver-cross-sweater#Silver,semi-hard,0.47017315803799653,1,0
Thais,off-shoulder-top-2#FloraLace,clio-knit-jumper#Clay,random,0.700995439108676,1,0
Thais,relaxed-top-1#FloraStrip,elina-lace-frill-blouse#Black,hard,0.3147561011790471,1,0
Thais,relaxed-top-1#FloraStrip,mauevewood-crew#Charcoal,semi-hard,0.5516368651990133,1,0
Thais,relaxed-top-1#FloraStrip,the-daily-essential-jumper#Grey,random,0.7749258158657689,1,0
Tia,capri-tank-3#Black,cara-tee-4#White,hard,0.19059008461182375,1,0
Tia,capri-tank-3#Black,yvette-blouse#Black,semi-hard,0.31511946729338036,1,0
Tia,capri-tank-3#Black,paradise-top#Red,random,0.35654200871592173,1,0
Tia,capri-tank-3#Navy,millie-top#BlackSpot,hard,0.1816618372324894,1,0
Tia,capri-tank-3#Navy,frill-me-tie-throw-on#WhiteBlk,semi-hard,0.24923210113427507,1,0
Tia,capri-tank-3#Navy,reversible-scoopv-neck-tank#Navy,random,0.2006455708901361,1,0
Tia,capri-tank-3#NavyStripe,the-panel-luxe-top#BlkWhite,hard,0.16022199989591296,1,0
Tia,capri-tank-3#NavyStripe,printed-tunic-7#RedCheck,semi-hard,0.31688483862396905,1,0
Tia,capri-tank-3#NavyStripe,belle-v-neck-forgiver-tunic#Black,random,0.30868468708142627,1,0
Tia,capri-tank-3#White,hannah-tee-1#RedWhite,hard,0.18133404002969222,1,0
Tia,capri-tank-3#White,falling-for-you-tunic#Rust,semi-hard,0.266169060326669,1,0
Tia,capri-tank-3#White,eco-78-long-cardigan#LightGreyM,random,0.16682022932022933,1,0
Tia,dahlia-lace-trim-blouse#Dusk,eco-78-long-cardigan#DarkGreyM,hard,0.16682022932022933,1,0
Tia,dahlia-lace-trim-blouse#Dusk,layered-sleeve-top#Moss,semi-hard,0.31949946963533915,1,0
Tia,dahlia-lace-trim-blouse#Dusk,relaxed-v-neck-knit#Silver,random,0.19954294139076748,1,0
Tia,gloria-applique-crew#Charcoal,rib-tank-2#White,hard,0.19228436687675818,1,0
Tia,gloria-applique-crew#Charcoal,the-french-cuff-shirt#White,semi-hard,0.3028620603348864,1,0
Tia,gloria-applique-crew#Charcoal,the-panel-hem-top#Khaki,random,0.26521686915708653,1,0
Tia,layer-top-1#Navy,the-short-sleeve-wrap-jersey-top#Blue,hard,0.17795844358344357,1,0
Tia,layer-top-1#Navy,long-sleeve-softly-swinging-bamboo-tee#Fern,semi-hard,0.3342381032598424,1,0
Tia,layer-top-1#Navy,printed-v-neck-top#Striped,random,0.38417700917700914,1,0
Tia,layered-tee-2#Black,the-cotton-bamboo-tee#DuckEgg,hard,0.12560547682830292,1,0
Tia,layered-tee-2#Black,maui-stretch-tee#White,semi-hard,0.26340334900117507,1,0
Tia,layered-tee-2#Black,the-sleeveless-cross-over-blouse#White,random,0.3346014235959888,1,0
Tia,layered-tee-2#White,arlo-cardigan#Navy,hard,0.15305407357037792,1,0
Tia,layered-tee-2#White,monaco-knot-top#Olive,semi-hard,0.3111537160450204,1,0
Tia,layered-tee-2#White,analia-jersey-top#Black,random,0.20288010437466958,1,0
Tia,midtown-ruffle-shirt#BoldRed,printed-v-neck-blouse#NavyWhite,hard,0.18843631275696493,1,0
Tia,midtown-ruffle-shirt#BoldRed,2-in-1-layered-knit-top#PalePink,semi-hard,0.3351580668156755,1,0
Tia,midtown-ruffle-shirt#BoldRed,cara-tee-2#BlackSpot,random,0.21807078057078055,1,0
Tia,panelled-stripe-top#NavyWhite,fundamental-vee-tee#White,hard,0.18993363422711249,1,0
Tia,panelled-stripe-top#NavyWhite,monaco-knot-top#HeatheGrey,semi-hard,0.3111537160450204,1,0
Tia,panelled-stripe-top#NavyWhite,weekend-vibes-blouse#Blush,random,0.4579497262921176,1,0
Tia,pattern-tunic-1#Lattice,aida-long-tunic-shirt#AidaStripe,hard,0.19448650155171895,1,0
Tia,pattern-tunic-1#Lattice,maui-stretch-tee#NavyWhtStr,semi-hard,0.26340334900117507,1,0
Tia,pattern-tunic-1#Lattice,layer-me-bamboo-rouched-sleeve-tee#White,random,0.19463638349507914,1,0
Tia,silver-dot-tie-sleeve-blouse#SilverDotP,mila-knit-cardigan#Black,hard,0.16378064747629967,1,0
Tia,silver-dot-tie-sleeve-blouse#SilverDotP,luxe-shirt#Navy,semi-hard,0.3073300573300573,1,0
Tia,silver-dot-tie-sleeve-blouse#SilverDotP,the-essential-pullover#DustyPeach,random,0.39800814800814804,1,0
Tia,softly-swinging-bamboo-tee#Black,the-cotton-bamboo-tee#White,hard,0.12560547682830292,1,0
Tia,softly-swinging-bamboo-tee#Black,faith-jumper#Eventide,semi-hard,0.2711641692619954,1,0
Tia,softly-swinging-bamboo-tee#Black,the-batwing-tee#Stone,random,0.29782920272050706,1,0
Tia,softly-swinging-bamboo-tee#BlueJeans,34-sleeve-shirt-1#SkyWhite,hard,0.17346386843669453,1,0
Tia,softly-swinging-bamboo-tee#BlueJeans,belle-v-neck-forgiver-tunic#BlueMarle,semi-hard,0.30868468708142627,1,0
Tia,softly-swinging-bamboo-tee#BlueJeans,belle-half-sleeve-forgiver-tunic#BlueBonnet,random,0.2854365938605069,1,0
Tia,softly-swinging-bamboo-tee#Blush,the-short-sleeve-wrap-jersey-top#NavyWhite,hard,0.17795844358344357,1,0
Tia,softly-swinging-bamboo-tee#Blush,geneva-v-neck-top#Black,semi-hard,0.29106876525354786,1,0
Tia,softly-swinging-bamboo-tee#Blush,the-twist-hem-jumper#DenimMarle,random,0.3642886767886768,1,0
Tia,softly-swinging-bamboo-tee#Cashew,leah-knit-cardigan#WhiteBlk,hard,0.14434217491282708,1,0
Tia,softly-swinging-bamboo-tee#Cashew,celestial-woven-top#White,semi-hard,0.2749120738251173,1,0
Tia,softly-swinging-bamboo-tee#Cashew,sugar-snaps-throw-jacket#Black,random,0.5307537033080512,1,0
Tia,softly-swinging-bamboo-tee#Chambray,button-through-animal-shirt#Animal,hard,0.1925314024498807,1,0
Tia,softly-swinging-bamboo-tee#Chambray,the-zip-front-top#Blue,semi-hard,0.30768182194812627,1,0
Tia,softly-swinging-bamboo-tee#Chambray,rosie-bell-sleeve-denim-shirt#Stripe,random,0.2873593797506841,1,0
Tia,softly-swinging-bamboo-tee#Copper,rib-tank-2#Red,hard,0.19228436687675818,1,0
Tia,softly-swinging-bamboo-tee#Copper,belle-tie-neck-blouse-tee#White,semi-hard,0.335420595610813,1,0
Tia,softly-swinging-bamboo-tee#Copper,the-ruffle-sleeve-top#NavyStripe,random,0.34747815997815995,1,0
Tia,softly-swinging-bamboo-tee#Jewel,cuddled-longline-cardigan#Sunflower,hard,0.18167561849627067,1,0
Tia,softly-swinging-bamboo-tee#Jewel,holly-rib-long-sleeve-tee#Khaki,semi-hard,0.2600368259335651,1,0
Tia,softly-swinging-bamboo-tee#Jewel,cooks-shirt#Stripes,random,0.209928407618625,1,0
Tia,softly-swinging-bamboo-tee#Navy,layer-me-bamboo-rouched-sleeve-tee#Copper,hard,0.19463638349507914,1,0
Tia,softly-swinging-bamboo-tee#Navy,the-side-panel-drape-top#OffWhite,semi-hard,0.3270162645162645,1,0
Tia,softly-swinging-bamboo-tee#Navy,kimono-top-36#BlueMarle,random,0.40160833910833915,1,0
Tia,softly-swinging-bamboo-tee#Starfish,leah-knit-cardigan#Black,hard,0.14434217491282708,1,0
Tia,softly-swinging-bamboo-tee#Starfish,roll-with-me-jumper#Chalk,semi-hard,0.33447405390340174,1,0
Tia,softly-swinging-bamboo-tee#Starfish,back-to-you-top#BlackMagic,random,0.22930550647941955,1,0
Tia,softly-swinging-bamboo-tee#Storm,fundamental-vee-tee#Black,hard,0.18993363422711249,1,0
Tia,softly-swinging-bamboo-tee#Storm,the-define-flute-sleeve-blouse#White,semi-hard,0.3291419887887279,1,0
Tia,softly-swinging-bamboo-tee#Storm,mila-knit-cardigan#Clay,random,0.16378064747629967,1,0
Tia,softly-swinging-bamboo-tee#TeaRose,merino-boyfriend-cardigan#MelangeStr,hard,0.17744665366947976,1,0
Tia,softly-swinging-bamboo-tee#TeaRose,milan-stretch-top#Navy,semi-hard,0.33973734109603676,1,0
Tia,softly-swinging-bamboo-tee#TeaRose,runaway-top#JetBlack,random,0.3645892395892396,1,0
Tia,softly-swinging-bamboo-tee#White,the-cotton-bamboo-tee#DustyPink,hard,0.12560547682830292,1,0
Tia,softly-swinging-bamboo-tee#White,elcos-45-aop-top-jrs#BlackZigZa,semi-hard,0.253106048622353,1,0
Tia,softly-swinging-bamboo-tee#White,cara-tee-3#Mustard,random,0.19201053915727828,1,0
Tia,soho-ruffle-jumper#OatmealMar,stara-cardigan#GreyMarle,hard,0.19295606795606793,1,0
Tia,soho-ruffle-jumper#OatmealMar,the-ultimate-tie-cardi#Black,semi-hard,0.28013179168070473,1,0
Tia,soho-ruffle-jumper#OatmealMar,the-cotton-blend-stripe-jumper#BlueStripe,random,0.38024475524475526,1,0
Tia,still-the-one-ruffle-blouse#Spot,pure-merino-fine-rib-v-neck#Charcoal,hard,0.16671437323611235,1,0
Tia,still-the-one-ruffle-blouse#Spot,fern-print-top#Navy,semi-hard,0.26847622363926715,1,0
Tia,still-the-one-ruffle-blouse#Spot,the-sleeveless-cross-over-blouse#Mint,random,0.3346014235959888,1,0
Tia,sugar-snaps-layers-tank#Black,mila-knit-cardigan#InkWhite,hard,0.16378064747629967,1,0
Tia,sugar-snaps-layers-tank#Black,the-zip-front-top#Rose,semi-hard,0.30768182194812627,1,0
Tia,sugar-snaps-layers-tank#Black,the-zip-front-blouse#Khaki,random,0.4542160737812912,1,0
Tia,sugar-snaps-layers-tank#Blue,cara-tee-3#ZebraPrint,hard,0.19201053915727828,1,0
Tia,sugar-snaps-layers-tank#Blue,the-midi-waterfall-cardi#BlueMarle,semi-hard,0.3118232201112636,1,0
Tia,sugar-snaps-layers-tank#Blue,makeover-blouse#LimeGreen,random,0.625,1,0
Tia,sugar-snaps-layers-tank#DeepCobalt,st-helens-henley-tee#Sapphire,hard,0.18993363422711249,1,0
Tia,sugar-snaps-layers-tank#DeepCobalt,out-of-my-mind-scallop-knit#GreyMarle,semi-hard,0.3340132375458462,1,0
Tia,sugar-snaps-layers-tank#DeepCobalt,the-dobby-sleeve-tee#White,random,0.374965874965875,1,0
Tia,sugar-snaps-layers-tank#DuckEgg,double-layered-top-1#WSilver,hard,0.19236987919053136,1,0
Tia,sugar-snaps-layers-tank#DuckEgg,the-reversible-cowl-neck-top-1#White,semi-hard,0.24898592154026938,1,0
Tia,sugar-snaps-layers-tank#DuckEgg,the-luxe-dobby-blouse#White,random,0.5448233892527371,1,0
Tia,sugar-snaps-layers-tank#Mint,fundamental-vee-tee#Pink,hard,0.18993363422711249,1,0
Tia,sugar-snaps-layers-tank#Mint,belle-v-neck-forgiver-tunic#Charcoal,semi-hard,0.30868468708142627,1,0
Tia,sugar-snaps-layers-tank#Mint,the-longline-cardi-1#GreyMarle,random,0.17442782931913367,1,0
Tia,sugar-snaps-layers-tank#NewBeige,everyday-linen-tunic#BotanicalB,hard,0.16346453438844744,1,0
Tia,sugar-snaps-layers-tank#NewBeige,the-tie-sleeve-blouse#Grey,semi-hard,0.25282314752423446,1,0
Tia,sugar-snaps-layers-tank#NewBeige,oregon-safari-embroidered-top#White,random,0.22109118848249285,1,0
Tia,sugar-snaps-layers-tank#PeachyKeen,bella-ls-tee#GreenWhite,hard,0.1881892771838424,1,0
Tia,sugar-snaps-layers-tank#PeachyKeen,mixed-messages-jumper#MixedStrip,semi-hard,0.2535281747238269,1,0
Tia,sugar-snaps-layers-tank#PeachyKeen,belle-flute-sleeve-tee#Navy,random,0.5705849795523709,1,0
Tia,sugar-snaps-layers-tank#Red,belle-cowl-swing-sweater#Green,hard,0.18805236332410247,1,0
Tia,sugar-snaps-layers-tank#Red,milan-stretch-top#SilverMarl,semi-hard,0.33973734109603676,1,0
Tia,sugar-snaps-layers-tank#Red,belle-lace-trim-tee#GreyMarle,random,0.49923573904552165,1,0
Tia,sugar-snaps-layers-tank#SeaGreen,the-short-sleeve-wrap-jersey-top#Black,hard,0.17795844358344357,1,0
Tia,sugar-snaps-layers-tank#SeaGreen,layered-sleeve-top#DarkBlue,semi-hard,0.31949946963533915,1,0
Tia,sugar-snaps-layers-tank#SeaGreen,sandy-off-the-shoulder-top#Gingham,random,0.22216616985638726,1,0
Tia,sugar-snaps-layers-tank#White,hayley-button-down#NavySparro,hard,0.18349170658953268,1,0
Tia,sugar-snaps-layers-tank#White,sailaway-blouse#OxfordBlue,semi-hard,0.30989662511401644,1,0
Tia,sugar-snaps-layers-tank#White,relaxed-cape#Black,random,0.47883728590250324,1,0
Tia,suri-bell-sleeve-top#GreyMarle,york-linen-blend-long-cardigan#BurntOrang,hard,0.1748541069193243,1,0
Tia,suri-bell-sleeve-top#GreyMarle,monaco-knot-top#Black,semi-hard,0.3111537160450204,1,0
Tia,suri-bell-sleeve-top#GreyMarle,the-soft-knit-jumper#PinkStripe,random,0.3916083916083916,1,0
Tia,the-cotton-bamboo-tank#Chambray,daylight-cardi#Silver,hard,0.1813862975547758,1,0
Tia,the-cotton-bamboo-tank#Chambray,the-sleeveless-cross-over-blouse#Cobalt,semi-hard,0.3346014235959888,1,0
Tia,the-cotton-bamboo-tank#Chambray,the-bell-sleeve-top#BlkStripe,random,0.4379940711462451,1,0
Tia,the-cotton-bamboo-tank#DarkNavy,weekend-cardigan#Black,hard,0.18473420307659438,1,0
Tia,the-cotton-bamboo-tank#DarkNavy,daylight-jumper#Silver,semi-hard,0.32999112007264175,1,0
Tia,the-cotton-bamboo-tank#DarkNavy,ava-short-sleeve-linen-tee#Blush,random,0.23766418535440276,1,0
Tia,the-cotton-bamboo-tank#DuckEgg,double-layered-top-1#WBlack,hard,0.19236987919053136,1,0
Tia,the-cotton-bamboo-tank#DuckEgg,snake-print-johnny-collar-top#BeigeSnake,semi-hard,0.2690825992456427,1,0
Tia,the-cotton-bamboo-tank#DuckEgg,falling-for-you-top#Blue,random,0.431345510149858,1,0
Tia,the-cotton-bamboo-tank#Moonbeam,fundamental-vee-tee#GreyMarle,hard,0.18993363422711249,1,0
Tia,the-cotton-bamboo-tank#Moonbeam,the-stripe-jersey-top#Blue,semi-hard,0.27772627636758074,1,0
Tia,the-cotton-bamboo-tank#Moonbeam,the-cross-over-poncho#Navy,random,0.22002361132795917,1,0
Tia,the-cotton-bamboo-tank#White,birds-tee-1#Navy,hard,0.19288466503140417,1,0
Tia,the-cotton-bamboo-tank#White,softly-swinging-bamboo-singlet#BlueJean,semi-hard,0.3124087098271881,1,0
Tia,the-cotton-bamboo-tank#White,long-sleeve-softly-swinging-bamboo-tee#Cashew,random,0.3342381032598424,1,0
Tia,the-cross-over-blouse#Black,endeavor-long-sleeve-tee#Stripe,hard,0.038461538461538464,1,0
Tia,the-cross-over-blouse#Black,frill-blouse#Rust,semi-hard,0.2507259558889994,1,0
Tia,the-cross-over-blouse#Black,long-sleeve-softly-swinging-bamboo-tee#DuckEgg,random,0.3342381032598424,1,0
Tia,the-cross-over-blouse#Blue,multi-pattern-print-top#NavyMulti,hard,0.18960973172929696,1,0
Tia,the-cross-over-blouse#Blue,frost-cardigan#Mauvewoo,semi-hard,0.26290281521259784,1,0
Tia,the-cross-over-blouse#Blue,nuzuri-longline-cardi#Forest,random,0.3078406203406204,1,0
Tia,the-cross-over-blouse#Mint,layer-me-bamboo-rouched-sleeve-tee#Fern,hard,0.19463638349507914,1,0
Tia,the-cross-over-blouse#Mint,ella-funnel-neck-top#Khaki,semi-hard,0.2922180028158289,1,0
Tia,the-cross-over-blouse#Mint,geena-xo-ls-pullover-knit#WhiteCapGr,random,0.22768770594857551,1,0
Tia,the-cross-over-blouse#Red,fundamental-vee-tee#Navy,hard,0.18993363422711249,1,0
Tia,the-cross-over-blouse#Red,the-batwing-tee#Sea,semi-hard,0.29782920272050706,1,0
Tia,the-cross-over-blouse#Red,marquax-tunic#OnyxSpeck,random,0.3461554297152123,1,0
Tia,the-cross-over-blouse#RoyalBlue,millie-top#Blush,hard,0.1816618372324894,1,0
Tia,the-cross-over-blouse#RoyalBlue,paradise-cardi#MultiStrip,semi-hard,0.2801875159212116,1,0
Tia,the-cross-over-blouse#RoyalBlue,the-boat-neck-top#Navy,random,0.491251208642513,1,0
Tia,the-cross-over-blouse#Silver,meadow-cardigan#Cream,hard,0.1463858250543033,1,0
Tia,the-cross-over-blouse#Silver,the-relaxed-long-sleeve-tee-1#Ink%20Stripe,semi-hard,0.27873115305180524,1,0
Tia,the-cross-over-blouse#Silver,the-long-sleeve-scoop-neck-tee#Black,random,0.3686625874125874,1,0
Tia,the-cross-over-blouse#Sunshine,rib-tank-2#Navy,hard,0.19228436687675818,1,0
Tia,the-cross-over-blouse#Sunshine,wellington-tee#HeatheGrey,semi-hard,0.3064721950591516,1,0
Tia,the-cross-over-blouse#Sunshine,belle-flocked-tunic#White,random,0.5742326917598657,1,0
Tia,the-cross-over-blouse#White,the-uneven-hem-knit-1#Sage,hard,0.02048494983277592,1,0
Tia,the-cross-over-blouse#White,the-sleeveless-cross-over-blouse#Salmon,semi-hard,0.3346014235959888,1,0
Tia,the-cross-over-blouse#White,layered-tunic-1#Natural,random,0.2685185090076394,1,0
Tia,the-cut-out-shoulder-blouse#Black,the-short-sleeve-wrap-jersey-top#Emerald,hard,0.17795844358344357,1,0
Tia,the-cut-out-shoulder-blouse#Black,natural-detailed-sweater#Tinroof,semi-hard,0.3323922698922699,1,0
Tia,the-cut-out-shoulder-blouse#Black,the-belle-sleeve-print-top#NavyPrint,random,0.45762389784128915,1,0
Tia,the-cut-out-shoulder-blouse#Blue,rib-tank-2#Mustard,hard,0.19228436687675818,1,0
Tia,the-cut-out-shoulder-blouse#Blue,icing-sugar-top#Ivory,semi-hard,0.2812571902245815,1,0
Tia,the-cut-out-shoulder-blouse#Blue,ivy-cosy-pullover#Blossom,random,0.3835235404528883,1,0
Tia,the-cut-out-shoulder-blouse#Clay,aztec-cardigan#BlackIvory,hard,0.1631224851333547,1,0
Tia,the-cut-out-shoulder-blouse#Clay,long-sleeve-softly-swinging-bamboo-tee#Combat,semi-hard,0.3342381032598424,1,0
Tia,the-cut-out-shoulder-blouse#Clay,cool-breeze-jumper#Dust,random,0.4143356643356643,1,0
Tia,the-cut-out-shoulder-blouse#Salmon,leary-cardigan#Pine,hard,0.16637841569906786,1,0
Tia,the-cut-out-shoulder-blouse#Salmon,monaco-knot-top#ClaySpot,semi-hard,0.3111537160450204,1,0
Tia,the-cut-out-shoulder-blouse#Salmon,magnolia-fields-keyhole-blouse#Magnolia,random,0.2381413937120459,1,0
Tia,the-cut-out-shoulder-blouse#Silver,rib-tank-2#Black,hard,0.19228436687675818,1,0
Tia,the-cut-out-shoulder-blouse#Silver,sequin-star-tee#Navy,semi-hard,0.28208731877210136,1,0
Tia,the-cut-out-shoulder-blouse#Silver,triangle-detail-long-sleeve-tee#Bordeaux,random,0.3571619087923436,1,0
Tia,the-cut-out-shoulder-blouse#White,colourblock-cardi#NavyRed,hard,0.16211705206270424,1,0
Tia,the-cut-out-shoulder-blouse#White,marlow-cardigan#Cream,semi-hard,0.26490199723895375,1,0
Tia,the-cut-out-shoulder-blouse#White,clio-knit-jumper#Clay,random,0.3985063849194284,1,0
Tia,the-drape-tee-1#Black,butterfly-blouse-1#Ivory,hard,0.12748199704721444,1,0
Tia,the-drape-tee-1#Black,jewel-knit#GreyMarle,semi-hard,0.2936665334763161,1,0
Tia,the-drape-tee-1#Black,belle-mid-length-knit-cardi#Black,random,0.3825072364474539,1,0
Tia,the-drape-tee-1#Navy,belle-cowl-swing-sweater#Black,hard,0.18805236332410247,1,0
Tia,the-drape-tee-1#Navy,moonlight-kisses-bamboo-tee#Saffron,semi-hard,0.3365080742798134,1,0
Tia,the-drape-tee-1#Navy,the-cosy-cardigan#Blue,random,0.4215472027972028,1,0
Tia,the-drape-tee-1#NavyStripe,mila-knit-cardigan#StoneBlack,hard,0.16378064747629967,1,0
Tia,the-drape-tee-1#NavyStripe,belle-half-sleeve-forgiver-tunic#MutedClay,semi-hard,0.2854365938605069,1,0
Tia,the-drape-tee-1#NavyStripe,always-mine-spliced-cardigan#GreyEmeral,random,0.25049317236817237,1,0
Tia,the-drape-tee-1#Stripe,overlay-tunic-3-pce-set#Emerald,hard,0.1409765078243339,1,0
Tia,the-drape-tee-1#Stripe,the-batwing-tee#Black,semi-hard,0.29782920272050706,1,0
Tia,the-drape-tee-1#Stripe,the-daily-cross-over-top#SkyBlue,random,0.4501748251748252,1,0
Tia,the-drape-tee-1#White,cara-tee-4#BlackWhite,hard,0.19059008461182375,1,0
Tia,the-drape-tee-1#White,the-sleeveless-cross-over-blouse#Chambray,semi-hard,0.3346014235959888,1,0
Tia,the-drape-tee-1#White,millie-top#Moss,random,0.1816618372324894,1,0
Tia,the-everyday-shirt#Black,the-panel-luxe-top#SilvWhite,hard,0.16022199989591296,1,0
Tia,the-everyday-shirt#Black,funnel-neck-knit-jumper#BlueMulti,semi-hard,0.25961581260494304,1,0
Tia,the-everyday-shirt#Black,belle-off-the-shoulder-tee#Stripe,random,0.30417025321916624,1,0
Tia,the-everyday-shirt#Cream,square-nk-fray-trim-top#Denim,hard,0.18851317968165793,1,0
Tia,the-everyday-shirt#Cream,wellington-tee#Olive,semi-hard,0.3064721950591516,1,0
Tia,the-everyday-shirt#Cream,patchwork-tunic#Patchwork,random,0.37690027363940404,1,0
Tia,the-everyday-shirt#Midnight,the-cotton-bamboo-tee#BlueJeans,hard,0.12560547682830292,1,0
Tia,the-everyday-shirt#Midnight,belle-half-sleeve-forgiver-tunic#Apricot,semi-hard,0.2854365938605069,1,0
Tia,the-everyday-shirt#Midnight,falling-for-you-tunic#Black,random,0.266169060326669,1,0
Tia,the-everyday-shirt#Pink,natural-classic-cardigan#Pebble,hard,0.15824959574959574,1,0
Tia,the-everyday-shirt#Pink,the-sleeveless-cross-over-blouse#Sunshine,semi-hard,0.3346014235959888,1,0
Tia,the-everyday-shirt#Pink,natural-waterfall-cardigan#Fallendust,random,0.5340909090909091,1,0
Tia,the-everyday-shirt#Rose,hannah-tee-1#Black,hard,0.18133404002969222,1,0
Tia,the-everyday-shirt#Rose,belle-half-sleeve-forgiver-tunic#FlamPink,semi-hard,0.2854365938605069,1,0
Tia,the-everyday-shirt#Rose,batty-about-you-cotton-tee#BlkWhite,random,0.40167847233064624,1,0
Tia,vivian-blouse#Check,sequin-spot-cardi#Grey,hard,0.1851781994445038,1,0
Tia,vivian-blouse#Check,fundamental-sydney-crew#Navy,semi-hard,0.2657554084184519,1,0
Tia,vivian-blouse#Check,dusk-top#DuskPrint,random,0.2150332102777755,1,0
Tia,wildflower-shirt#White,rib-tank-2#Khaki,hard,0.19228436687675818,1,0
Tia,wildflower-shirt#White,the-stripe-pocket-tank#Stripe,semi-hard,0.27511528326745716,1,0
Tia,wildflower-shirt#White,print-tee-3#Cntryhous,random,0.4563233802364237,1,0
Tia,wrap-me-up-bamboo-top#Black,forget-me-knot-tunic#ForgetMeK,hard,0.14412278746517876,1,0
Tia,wrap-me-up-bamboo-top#Black,belle-square-neck-drape-tee#Vanilla,semi-hard,0.3070388532345054,1,0
Tia,wrap-me-up-bamboo-top#Black,sunshine-in-me-tee-1#GreyMarle,random,0.4031905594405594,1,0
Tia,wrap-me-up-bamboo-top#BlueJeans,cara-tee-4#Black,hard,0.19059008461182375,1,0
Tia,wrap-me-up-bamboo-top#BlueJeans,the-tie-front-top#Navy,semi-hard,0.26775103813147294,1,0
Tia,wrap-me-up-bamboo-top#BlueJeans,belle-tie-front-shirt#Black,random,0.5106202185006532,1,0
