person_id,product_id,label,negative_type
Fiona,the-tie-detail-hoody#Pink,1,positive
Jess,belle-off-the-shoulder-tee#Stripe,1,positive
Fiona,the-relaxed-long-sleeve-tee-1#Ink%20Stripe,1,positive
Laura,milan-stretch-top#Black,1,positive
Chelsea,falling-for-you-cardi#Teal,1,positive
Maddy,the-batwing-tee#FrenchBlue,1,positive
Chesska,true-love-bell-blouse#Jade,1,positive
Riina,the-essential-pullover#SkyBlue,1,positive
Laura,belle-drape-tee#Sliver,1,positive
Chelsea,millie-top#BlackSpot,1,positive
Gemma,cara-tee-3#Mustard,1,positive
Fiona,walk-in-the-park-cardi#Sand,1,positive
Fiona,paige-top#Black,1,positive
Mae-Lee,long-sleeve-softly-swinging-bamboo-tee#Combat,1,positive
Mae-Lee,sugar-snaps-layers-tank#White,1,positive
Jess,buttoned-top#Spotty,1,positive
Ljubenka,softly-swinging-bamboo-tee#Jewel,1,positive
Natalia,the-relaxed-batwing-top#Denim%20Blue,1,positive
Mercy,belle-v-neck-forgiver-tunic#Scarlett,1,positive
Stacey,the-oversize-knit#Ink,1,positive
Shadae,monaco-knot-top#Black,1,positive
Fiona,the-essential-pullover#DustyPeach,1,positive
Chelsea,millie-top#Moss,1,positive
Monique,hannah-tee-1#Black,1,positive
Clementine,the-sleeveless-cross-over-blouse#White,1,positive
Palatina,sky-jumper-1#Clouds,1,positive
Mercy,belle-deep-v-mesh-top#Black,1,positive
Emma,belle-v-neck-forgiver-tunic#Charcoal,1,positive
Mae-Lee,the-striped-top#BlueStripe,1,positive
Jess,layered-tee-2#Black,1,positive
Anna,the-everyday-shirt#Cream,1,positive
Jess,the-cotton-bamboo-tank#DarkNavy,1,positive
Emma,belle-v-neck-forgiver-tunic#DenimMarl,1,positive
Jess,the-cut-out-shoulder-blouse#White,1,positive
Nadine,amira-sweater#Cream,1,positive
Sophie,the-relaxed-batwing-top#Denim%20Blue,1,positive
Marnee,butterfly-kisses-tee#MustardStr,1,positive
Anna,aigli-top#White,1,positive
Laura,sugar-snaps-round-neck-layer-tank#White,1,positive
Fiona,sugar-snaps-throw-jacket#Black,1,positive
Ljubenka,falling-for-you-cardi#Navy,1,positive
Riina,the-tie-detail-hoody#FrenchBlue,1,positive
Olivia,the-sleeveless-cross-over-blouse#Mint,1,positive
Fiona,belle-v-neck-forgiver-tunic#Navy,1,positive
Tia,the-cotton-bamboo-tank#DuckEgg,1,positive
Nikki,the-drape-tee-1#White,1,positive
Summer,stud-trim-long-sleeve-top#Mint,1,positive
Nathalie,the-everyday-shirt#Black,1,positive
Riina,jordan-top#PearlBlue,1,positive
Anna,layered-tee-2#White,1,positive
Laura,the-batwing-tee#FrenchBlue,1,positive
Georgia,the-cotton-bamboo-tank#DuckEgg,1,positive
Natalie,the-cross-over-blouse#Blue,1,positive
Jess,belle-deep-v-mesh-top#Black,1,positive
Fiona,belle-ls-free-fall-tee#Greenland,1,positive
Fiona,the-stripe-jersey-top#Blue,1,positive
Ljubenka,the-open-sleeve-blouse#Berry,1,positive
Stacey,juno-cardigan#GreyMarle,1,positive
Tia,the-cotton-bamboo-tank#Chambray,1,positive
Mercy,belle-ls-free-fall-tee#Greenland,1,positive
Maddy,the-long-sleeve-scoop-neck-tee#Grey,1,positive
Clementine,the-everyday-shirt#Cream,1,positive
Sophia,billow-top#Peach,1,positive
Natalia,the-reverse-sleeve-sweater#Navy,1,positive
Jess,sandy-off-the-shoulder-top#Gingham,1,positive
Kate,runaway-top#SoftMint,1,positive
Jess,belle-satin-shirt#Black,1,positive
Sophie,the-zip-front-blouse#Navy,1,positive
Chelsea,falling-for-you-cardi#Mustard,1,positive
Jess,drama-top#BlackGrey,1,positive
Jess,softly-falling-bamboo-tunic#Copper,1,positive
Fiona,long-sleeve-softly-swinging-bamboo-tee#Combat,1,positive
Shadae,rib-tank-2#Mustard,1,positive
Amanda,the-high-low-drape-tee#Grey,1,positive
Marnee,sugar-snaps-layers-tank#DeepCobalt,1,positive
Amanda,the-batwing-tee#Black,1,positive
Anna Maria,falling-for-you-cardi#Mustard,1,positive
Jess,sugar-snaps-layers-tank#PeachyKeen,1,positive
Laura,the-cross-over-blouse#Red,1,positive
Riina,napoleon-top-1#NemoRed,1,positive
Nikki,selma-top-1#IndoStripe,1,positive
Amanda,the-longline-waterfall-cardi#Black,1,positive
Stacey,chill-out-slouch-top#Mustard,1,positive
Laura,the-sleeveless-cross-over-blouse#Black,1,positive
Natalia,napoleon-top-1#NemoRed,1,positive
Katie,messina-knit#Cognac,1,positive
Chelsea,cara-tee-2#WhiteBlk,1,positive
Lara,curve-hem-cable-knit-sweater-1#Sapphire,1,positive
Sophie,falling-for-you-tunic#Rust,1,positive
Natalie,layer-top-1#Navy,1,positive
Emma,raspberry-ls-tee#WhiteRaspb,1,positive
Mae-Lee,falling-for-you-cardi#GreyMarle,1,positive
Jess,runaway-top#Sand,1,positive
Fiona,the-twist-front-top#Navy,1,positive
Jess,sontana-blouse#Stone,1,positive
Mae-Lee,the-long-sleeve-scoop-neck-tee#Black,1,positive
Amanda,the-stripe-tank-1#Hazelnut,1,positive
Laura,manhattan-stretch-tee#Navy,1,positive
Chelsea,oversize-contrast-hood-top#Steel,1,positive
Georgia,falling-for-you-cardi#Rust,1,positive
Emma,hem-frill-stripe-top#SoFrilled,1,positive
Kate,sugar-snaps-layers-tank#White,1,positive
Shadae,monaco-knot-top#Olive,1,positive
Palatina,you-at-my-shoulder-tunic#Black,1,positive
Jess,belle-v-neck-forgiver-tunic#ArmyGreen,1,positive
Ljubenka,softly-swinging-bamboo-tee#Starfish,1,positive
Amanda,the-blouson-sleeve-jumper#Grey,1,positive
Laura,softly-swinging-bamboo-tee#Blush,1,positive
Fiona,belle-v-neck-forgiver-tunic#White,1,positive
Fiona,hem-frill-stripe-top#Frilled,1,positive
Fiona,natural-pattern-cocoon-cardigan#Blossom,1,positive
Emma,sugar-snaps-layers-tank#PeachyKeen,1,positive
Jess,reversible-scoopv-neck-tank#White,1,positive
Katie,crushed-top#Blue,1,positive
Amanda,the-sleeveless-cross-over-blouse#Sunshine,1,positive
Tia,silver-dot-tie-sleeve-blouse#SilverDotP,1,positive
Perrie,the-everyday-shirt#Rose,1,positive
Jess,belle-half-sleeve-forgiver-tunic#Apricot,1,positive
Kate,the-sleeveless-cross-over-blouse#Black,1,positive
Emma,the-drape-tee-1#Black,1,positive
Lauren,layer-me-cotton-candy-top#Cream,1,positive
Ljubenka,softly-swinging-bamboo-singlet#BlueJean,1,positive
Alex,the-cross-over-blouse#Silver,1,positive
Riina,the-shoulder-tie-top#Black,1,positive
Olivia,runaway-top#SoftPink,1,positive
Jess,falling-for-you-cardi#Black,1,positive
Anna,the-cotton-bamboo-tee#DuckEgg,1,positive
Stacey,poncho-2#NavySilver,1,positive
Georgia,crossing-the-plains-sweater-1#Indigo,1,positive
Laura,the-wrap-jersey-top#NavyWhite,1,positive
Laura,the-long-sleeve-scoop-neck-tee#White,1,positive
Fiona,the-check-pullover#PinkCheck,1,positive
Laura,the-batwing-tee#Sea,1,positive
Thais,relaxed-top-1#FloraStrip,1,positive
Sophia,falling-for-you-cardi#Port,1,positive
Emma,the-relaxed-long-sleeve-tee#Navy,1,positive
Miranda,the-side-panel-drape-top#OffWhite,1,positive
Madeline,fluid-tunic-top#White,1,positive
Laura,softly-swinging-bamboo-tee#Black,1,positive
Summer,st-helens-henley-tee#White,1,positive
Ljubenka,the-high-low-drape-tee#Grey,1,positive
Laura,belle-half-sleeve-forgiver-tunic#MutedClay,1,positive
Maddy,sandy-off-the-shoulder-top#Gingham,1,positive
Laura,the-relax-blouse#White,1,positive
Madeline,natural-classic-cardigan#Pebble,1,positive
Gemma,lucy-rib-oversized-top#Black,1,positive
Jess,the-sleeveless-cross-over-blouse#Black,1,positive
Shadae,capri-tank-6#ClaySpot,1,positive
Natalie,sugar-snaps-layers-tank#PeachyKeen,1,positive
Riina,the-contrast-trim-knit#BlackWhite,1,positive
Laura,peasant-top-3#Denim,1,positive
Natalie,sugar-snaps-layers-tank#Red,1,positive
Mercy,belle-paint-brush-print-top#PaintPrint,1,positive
Kate,the-cross-over-blouse#Mint,1,positive
Stacey,the-tie-detail-hoody#FrenchBlue,1,positive
Chelsea,the-lace-trim-top#Ivory,1,positive
Chelsea,prickly-cactus-crew#Pink,1,positive
Sophie,the-contrast-panel-top#SageStripe,1,positive
Fiona,tracie-top#Opal,1,positive
Laura,the-tie-front-top#Black,1,positive
Anna,the-batwing-tee#FrenchBlue,1,positive
Chesska,agra-shirt#White,1,positive
Miranda,the-luxe-dobby-blouse#White,1,positive
Chelsea,cross-over-top-with-pocket#Emerald,1,positive
Laura,the-reversible-cowl-neck-top-1#Black,1,positive
Ljubenka,softly-swinging-bamboo-tee#Cashew,1,positive
Palatina,moonlight-kisses-bamboo-tee#Combat,1,positive
Laura,the-sleeveless-cross-over-blouse#White,1,positive
Summer,fundamental-vee-tee#White,1,positive
Sophia,the-luxe-long-sleeve-tee#GreyMarle,1,positive
Anna,the-cotton-bamboo-tank#Chambray,1,positive
Riina,the-relaxed-batwing-top#PeachRose,1,positive
Jess,the-cotton-bamboo-tank#Chambray,1,positive
Mae-Lee,long-sleeve-softly-swinging-bamboo-tee#Copper,1,positive
Perrie,the-cut-out-shoulder-blouse#Clay,1,positive
Lara,pattern-tunic-1#Lattice,1,positive
Georgia,sugar-snaps-layers-tank#PeachyKeen,1,positive
Mae-Lee,the-cut-out-shoulder-blouse#Blue,1,positive
Gemma,falling-for-you-cardi#Navy,1,positive
Maddy,abigail-stripe-shirt#BlackStrip,1,positive
Clementine,the-cross-front-spot-blouse#NavySpot,1,positive
Clementine,the-cotton-bamboo-tank#Chambray,1,positive
Maddy,the-cut-out-shoulder-blouse#Black,1,positive
Ljubenka,the-cut-out-shoulder-blouse#Blue,1,positive
Jess,natural-cropped-sleeve-knit#Cloudcover,1,positive
Laura,be-mine-top-1#Sage,1,positive
Mae-Lee,the-relaxed-long-sleeve-tee#Khaki,1,positive
Kate,the-sleeveless-cross-over-blouse#White,1,positive
Mae-Lee,the-drape-tee-1#Stripe,1,positive
Kate,the-cross-over-blouse#Black,1,positive
Louise,layered-tee-2#Black,1,positive
Sophie,the-relaxed-batwing-top#PeachRose,1,positive
Ljubenka,belle-flocked-tunic#White,1,positive
Maddy,the-long-sleeve-v-neck-tee#Black,1,positive
Amanda,the-essential-layering-tee#White,1,positive
Natalia,the-wrap-jersey-top-1#NavyStripe,1,positive
Amanda,the-daily-cross-over-top#PinkPrint,1,positive
Fiona,jade-kimono-sweet-blossoms#Blue,1,positive
Riina,the-relaxed-long-sleeve-tee-1#Ink%20Stripe,1,positive
Natalie,layered-tee-2#White,1,positive
Stefania,weekend-vibes-blouse#Blush,1,positive
Lauren,cotton-candy-side-split-top#IceBlue,1,positive
Laura,the-wrap-jersey-top#JetBlack,1,positive
Jess,the-batwing-tee#Black,1,positive
Emma,daisy-top-1#BrightBlue,1,positive
Fiona,the-weekender-shirt#DenimStrip,1,positive
Ljubenka,the-everyday-shirt#Cream,1,positive
Sophia,falling-for-you-cardi#Mustard,1,positive
Marnee,flow-with-me-slouch-top#Brick,1,positive
Jess,falling-for-you-cardi#Teal,1,positive
Miranda,the-roll-neck-sleeveless-top-1#Black,1,positive
Jess,the-cut-out-shoulder-blouse#Black,1,positive
Lisa,partly-cloudy-knit#Black,1,positive
Anna,the-cotton-bamboo-tee#BlueJeans,1,positive
Fiona,the-colour-block-pullover#Sage,1,positive
Alex,the-batwing-tee#FrenchBlue,1,positive
Jess,belle-square-neck-drape-tee#Vanilla,1,positive
Kate,the-batwing-tee#FrenchBlue,1,positive
Laura,falling-for-you-cardi#Port,1,positive
Shadae,st-helens-henley-tee#White,1,positive
Riina,the-cosy-cardigan#Grey,1,positive
Jess,sugar-snaps-layers-tank#Black,1,positive
Jess,long-sleeve-softly-swinging-bamboo-tee#BlueJeans,1,positive
Madeline,bertie-top#BlkCherry,1,positive
Gemma,bo-cosy-cardigan#Blossom,1,positive
Summer,printed-v-neck-top#Striped,1,positive
Amanda,the-box-top#Blush,1,positive
Fiona,belle-v-neck-forgiver-tunic#ArmyGreen,1,positive
Ljubenka,runaway-top#JetBlack,1,positive
Summer,faith-jumper#Eventide,1,positive
Sophia,weekend-tunic#Navy,1,positive
Jess,jasmine-singlet#White,1,positive
Sophia,geena-xo-ls-pullover-knit#WhiteCapGr,1,positive
Anna,the-cotton-bamboo-tank#DuckEgg,1,positive
Emma,side-buttoned-sweater#Buttoned,1,positive
Louise,paisley-top-1#Paisley,1,positive
Maddy,long-sleeve-tee-2#NavyWhite,1,positive
Riina,the-fleck-roll-neck-knit#Oatmeal,1,positive
Chelsea,the-ultimate-tie-cardi#Port,1,positive
Nadine,adventurous-hoody#Pink,1,positive
Shadae,clio-knit-jumper#Clay,1,positive
Jess,long-sleeve-softly-swinging-bamboo-tee#Oyster,1,positive
Georgia,cotton-candy-side-split-top#IceBlue,1,positive
Helen,this-mortal-coil-drape#StormClam,1,positive
Natalie,the-sleeveless-cross-over-blouse#Cobalt,1,positive
Georgia,rise-top#Ink,1,positive
Riina,messina-v-neck-tee#White,1,positive
Laura,falling-for-you-cardi#GreyMarle,1,positive
Stacey,in-transit-cardi#Navy,1,positive
Rosaline,the-fleck-roll-neck-knit#Oatmeal,1,positive
Kate,the-everyday-shirt#Midnight,1,positive
Stacey,side-buttoned-sweater#Buttoned,1,positive
Amanda,the-v-neck-stripe-top#BlkStripe,1,positive
Georgia,the-pirate-in-me-shirt#White,1,positive
Laura,the-cotton-bamboo-tank#Chambray,1,positive
Lauren,the-contrast-knit-1#Sage,1,positive
Natalia,geena-xo-ls-pullover-knit#Allure,1,positive
Natalia,the-relaxed-batwing-top#PeachRose,1,positive
Palatina,2-in-1-layered-top-1#NavyWhite,1,positive
Amanda,the-tie-detail-hoody#Pink,1,positive
Nadine,je-taime-knit#Navy,1,positive
Sophie,the-cross-over-top#NavyStripe,1,positive
Monique,anna-top#Leona,1,positive
Tia,panelled-stripe-top#NavyWhite,1,positive
Mae-Lee,belle-v-neck-forgiver-tunic#Navy,1,positive
Marnee,the-everyday-shirt#Pink,1,positive
Emma,long-sleeve-softly-swinging-bamboo-tee#Cashew,1,positive
Ljubenka,sugar-snaps-layers-tank#DeepCobalt,1,positive
Chesska,delicado-top#White,1,positive
Madeline,analia-jersey-top#Navy,1,positive
Mae-Lee,layered-tee-2#White,1,positive
Lisa,ashbury-cardigan#Mocha,1,positive
Chelsea,the-print-contrast-34-sleeve-top#Animal,1,positive
Mae-Lee,softly-swinging-bamboo-tee#Starfish,1,positive
Tia,softly-swinging-bamboo-tee#BlueJeans,1,positive
Amanda,the-frill-detail-blouse#Chambray,1,positive
Mae-Lee,sugar-snaps-layers-tank#DuckEgg,1,positive
Maddy,batty-about-you-cotton-tee#BlkWhite,1,positive
Ljubenka,softly-swinging-bamboo-tee#BlueJeans,1,positive
Tia,the-drape-tee-1#NavyStripe,1,positive
Summer,the-button-up-swing-tunic#Wine,1,positive
Ljubenka,layered-tee-2#Black,1,positive
Georgia,falling-for-you-tunic#Black,1,positive
Marnee,flying-free-top-3#WhiteBird,1,positive
Jess,paige-top#Black,1,positive
Laura,milan-stretch-top#SilverMarl,1,positive
Laura,square-nk-fray-trim-top#Denim,1,positive
Amanda,the-bonded-cotton-tunic-dress#Navy,1,positive
Fiona,sequin-star-tee#Navy,1,positive
Ljubenka,falling-for-you-cardi#Black,1,positive
Anna,the-cotton-bamboo-tee#White,1,positive
Laura,butterfly-kisses-tee#MustardStr,1,positive
Jess,butterfly-kisses-tee#Stripe,1,positive
Stefania,the-french-cuff-shirt#White,1,positive
Clementine,the-everyday-shirt#Midnight,1,positive
Marnee,kimono-and-me-cardi#Sand,1,positive
Mandy,woolly-spotted-hoodie#Navy,1,positive
Fiona,belle-v-neck-forgiver-tunic#Scarlett,1,positive
Marnee,sugar-snaps-layers-tank#Black,1,positive
Charlotte,natural-cross-back-knit#Lightsmoke,1,positive
Chelsea,cascade-hood-top#Black,1,positive
Sophie,printed-tunic-7#RedCheck,1,positive
Jess,the-drape-tee-1#Black,1,positive
Fiona,belle-v-neck-forgiver-tunic#Tobacco,1,positive
Marnee,sugar-snaps-round-neck-layer-tank#DuckEgg,1,positive
Ljubenka,the-asymmetrical-tank-top#Indigo,1,positive
Perrie,frost-cardigan#Mauvewoo,1,positive
Fiona,the-essential-layering-tee#White,1,positive
Natalia,falling-for-you-tunic#Black,1,positive
Summer,capri-tank-3#Navy,1,positive
Charlotte,natural-extra-fine-sweater#Snowgum,1,positive
Jess,belle-longline-white-shirt#White,1,positive
Marnee,runaway-top#SoftPink,1,positive
Helen,butterfly-blouse-1#Ivory,1,positive
Gemma,elcos-45-aop-top-jrs#BlackFlowe,1,positive
Chelsea,the-reversible-cowl-neck-top-1#White,1,positive
Laura,soft-and-true-tunic#Pine,1,positive
Jess,the-cotton-bamboo-tank#White,1,positive
Riina,the-cosy-cardigan#Blue,1,positive
Perrie,the-batwing-tee#Black,1,positive
Mandy,heartmade-sweater#Rust,1,positive
Amanda,the-bell-sleeve-top#BlkStripe,1,positive
Clementine,the-stitch-detail-top#SkyBlue,1,positive
Riina,the-zip-detail-jacket#Grey,1,positive
Denniel,the-cut-out-shoulder-blouse#Salmon,1,positive
Laura,runaway-top#SoftMint,1,positive
Kate,sugar-snaps-layers-tank#Blue,1,positive
Jess,the-fleck-roll-neck-knit#Oatmeal,1,positive
Georgia,cover-up-slouch-cardi#Alloy,1,positive
Kate,the-everyday-shirt#Black,1,positive
Chelsea,daylight-cardi#Silver,1,positive
Denniel,the-short-sleeve-wrap-jersey-top#Black,1,positive
Nadine,runaway-top#Sand,1,positive
Emma,weekend-tunic#Navy,1,positive
Laura,belle-half-sleeve-forgiver-tunic#FlamPink,1,positive
Ljubenka,belle-half-sleeve-forgiver-tunic#Apricot,1,positive
Laura,the-relaxed-long-sleeve-tee#Navy,1,positive
Mae-Lee,the-cotton-bamboo-tee#BlueJeans,1,positive
Ljubenka,falling-for-you-cardi#Dusty,1,positive
Chelsea,the-drape-tee-1#NavyStripe,1,positive
Kate,belle-half-sleeve-forgiver-tunic#MutedClay,1,positive
Fiona,the-zip-front-top#Rose,1,positive
Nadine,heartmade-cardi#DustyRose,1,positive
Ljubenka,the-cotton-bamboo-tank#Chambray,1,positive
Fiona,the-ruffle-sleeve-top#NavyStripe,1,positive
Natalie,sugar-snaps-layers-tank#Black,1,positive
Mae-Lee,the-cut-out-shoulder-blouse#Silver,1,positive
Mae-Lee,belle-half-sleeve-forgiver-tunic#White,1,positive
Natalia,cover-up-slouch-cardi#Alloy,1,positive
Bree,belle-half-sleeve-forgiver-tunic#FlamPink,1,positive
Kate,the-sleeveless-cross-over-blouse#Salmon,1,positive
Madeline,first-mix-top-1#BlackWhite,1,positive
Mae-Lee,daisy-chain-tassel-blouse#DeepBlue,1,positive
Nikki,the-drape-tee-1#Navy,1,positive
Summer,rib-tank-2#White,1,positive
Jess,sugar-snaps-layers-tank#SeaGreen,1,positive
Amanda,the-dobby-sleeve-tee#InkBlue,1,positive
Jess,belle-v-neck-forgiver-tunic#Tobacco,1,positive
Shadae,monaco-knot-top#ClaySpot,1,positive
Laura,dusk-top#DuskPrint,1,positive
Jess,layer-me-bamboo-rouched-sleeve-tee#White,1,positive
Madeline,print-tee-3#Bike,1,positive
Laura,softly-swinging-bamboo-tee#White,1,positive
Fiona,long-sleeve-softly-swinging-bamboo-tee#DuckEgg,1,positive
Laura,the-flutter-sleeve-top#Denim,1,positive
Maddy,marjorie-tie-blouse#BluePrint,1,positive
Perrie,dahlia-lace-trim-blouse#Dusk,1,positive
Miranda,the-open-sleeve-blouse#Berry,1,positive
Amanda,the-stripe-crossover-blouse#Bluestripe,1,positive
Emma,frost-cardigan#Mauvewoo,1,positive
Kate,the-cotton-bamboo-tee#DustyPink,1,positive
Gemma,sequin-cross-2-in-1-top#Navy,1,positive
Laura,the-drape-tee-1#White,1,positive
Georgia,falling-for-you-cardi-1#GreyGarden,1,positive
Natalie,the-cut-out-shoulder-blouse#Clay,1,positive
Mae-Lee,the-on-or-off-the-shoulder-top#FrenchNavy,1,positive
Kate,the-everyday-shirt#Pink,1,positive
Ljubenka,belle-v-neck-forgiver-tunic#BlueMarle,1,positive
Mae-Lee,delicado-top#White,1,positive
Laura,the-cotton-bamboo-tee#White,1,positive
Ljubenka,belle-half-sleeve-forgiver-tunic#Black,1,positive
Ljubenka,the-drape-tee-1#Stripe,1,positive
Jess,patchwork-tunic#Patchwork,1,positive
Fiona,long-sleeve-softly-swinging-bamboo-tee#BlueJeans,1,positive
Fiona,the-contrast-knit-1#Sage,1,positive
Ljubenka,sugar-snaps-layers-tank#Blue,1,positive
Tia,sugar-snaps-layers-tank#Red,1,positive
Stefania,the-relaxed-long-sleeve-tee#Navy,1,positive
Jess,softly-swinging-bamboo-tee#Copper,1,positive
Mae-Lee,double-layered-top-1#WSilver,1,positive
Georgia,summer-breeze-top-1#White,1,positive
Fiona,the-multi-stripe-cardi#Stripe,1,positive
Anna,belle-half-sleeve-forgiver-tunic#Black,1,positive
Chelsea,always-mine-v-neck-knit#Terracotta,1,positive
Summer,jewel-knit#GreyMarle,1,positive
Marnee,runaway-top#SoftMint,1,positive
Mae-Lee,falling-for-you-cardi#Teal,1,positive
Ljubenka,the-everyday-shirt#Black,1,positive
Alex,the-batwing-tee#Black,1,positive
Fiona,natural-cropped-sleeve-knit#Cloudcover,1,positive
Laura,overlay-top-2#Black,1,positive
Mae-Lee,the-cape-jersey-top#DarkNavy,1,positive
Jess,belle-flute-sleeve-tee#Navy,1,positive
Ljubenka,sugar-snaps-layers-tank#SeaGreen,1,positive
Nadine,mauevewood-crew#Charcoal,1,positive
Gemma,flow-with-me-slouch-top#Brick,1,positive
Palatina,beach-walk-shirt#Khaki,1,positive
Mae-Lee,softly-swinging-bamboo-tee#TeaRose,1,positive
Summer,tab-sleeve-longline-shirt#Pink,1,positive
Maddy,the-short-sleeve-wrap-jersey-top#NavyWhite,1,positive
Georgia,kimono-and-me-cardi#Sand,1,positive
Jess,butterfly-kisses-tee#Green,1,positive
Palatina,driftwood-gathering-blouse#Khaki,1,positive
Palatina,falling-flowers-blouse#DustyPink,1,positive
Sophie,long-sleeve-softly-swinging-bamboo-tee#Fern,1,positive
Riina,the-tie-detail-hoody#Pink,1,positive
Monique,double-layered-top-1#WBlack,1,positive
Ljubenka,falling-for-you-cardi#Teal,1,positive
Laura,belle-v-neck-forgiver-tunic#Tobacco,1,positive
Marnee,cool-breeze-jumper#Dust,1,positive
Jess,the-drape-tee-1#NavyStripe,1,positive
Natalia,the-twist-front-top#Navy,1,positive
Chelsea,printed-v-neck-blouse#NavyWhite,1,positive
Laura,ruffle-top-4#Black,1,positive
Anna,the-relaxed-long-sleeve-tee#Pink,1,positive
Nadine,long-sleeve-ruffle-shirt#White,1,positive
Jude,falling-for-you-cardi#Port,1,positive
Tia,the-cut-out-shoulder-blouse#Salmon,1,positive
Riina,the-weekender-shirt#GreyStripe,1,positive
Shadae,sequin-cross-2-in-1-top#Khaki,1,positive
Laura,the-sleeveless-cross-over-blouse#Salmon,1,positive
Sophie,the-dobby-sleeve-tee#White,1,positive
Fiona,belle-ls-free-fall-tee#Airforce,1,positive
Kate,the-cross-over-blouse#Silver,1,positive
Laura,the-on-or-off-the-shoulder-top#FrenchNavy,1,positive
Amanda,the-shoulder-tie-top#White,1,positive
Riina,the-panel-luxe-top#BlkWhite,1,positive
Perrie,the-short-sleeve-wrap-jersey-top#Black,1,positive
Anna,the-batwing-tee#Sea,1,positive
Mandy,je-taime-knit#Navy,1,positive
Maddy,the-wrap-jersey-top#JetBlack,1,positive
Gemma,spliced-lace-panel-tee#White,1,positive
Jess,picnic-top#BlackWhite,1,positive
Anna Maria,falling-for-you-cardi#Dusty,1,positive
Natalie,the-batwing-tee#Stone,1,positive
Marnee,falling-for-you-cardi#Black,1,positive
Madeline,natural-detailed-sweater#Tinroof,1,positive
Laura,layered-tee-2#Black,1,positive
Riina,the-daily-cross-over-top#SkyBlue,1,positive
Summer,clovis-shirt#NavyGold,1,positive
Mae-Lee,belle-v-neck-forgiver-tunic#White,1,positive
Ljubenka,belle-tie-neck-blouse-tee#RoyalBlue,1,positive
Fiona,the-cross-over-poncho#Navy,1,positive
Marnee,sugar-snaps-layers-tank#NewBeige,1,positive
Jess,belle-v-neck-forgiver-tunic#DenimMarl,1,positive
Amanda,the-zip-front-blouse#Khaki,1,positive
Lauren,the-cosy-cardigan#Grey,1,positive
Maddy,the-everyday-shirt#Rose,1,positive
Laura,butterfly-kisses-tee#Green,1,positive
Marnee,falling-for-you-cardi#Port,1,positive
Olivia,sugar-snaps-layers-tank#Black,1,positive
Georgia,long-sleeve-softly-swinging-bamboo-tee#White,1,positive
Natalie,sugar-snaps-layers-tank#NewBeige,1,positive
Georgia,sugar-snaps-throw-jacket#Black,1,positive
Amanda,the-sleeveless-cross-over-blouse#Chambray,1,positive
Katie,sparkly-star-tee#Blue,1,positive
Nadine,square-peg-pullover#SilverMix,1,positive
Sophie,long-sleeve-softly-swinging-bamboo-tee#White,1,positive
Ljubenka,the-cross-over-blouse#Mint,1,positive
Fiona,the-belle-sleeve-print-top#NavyPrint,1,positive
Laura,the-cross-over-blouse#Silver,1,positive
Anna,the-cross-over-blouse#Black,1,positive
Georgia,long-sleeve-softly-swinging-bamboo-tee#SilverScon,1,positive
Emma,floating-by-you-blouse#SeaFleur,1,positive
Miranda,the-asymmetrical-tank-top#Indigo,1,positive
Mae-Lee,the-cross-over-blouse#White,1,positive
Amanda,the-tie-front-tank#White,1,positive
Anneliese,tracie-top#Opal,1,positive
Gemma,falling-for-you-cardi#GreyMarle,1,positive
Laura,the-long-sleeve-scoop-neck-tee#Navy,1,positive
Perrie,the-cut-out-shoulder-blouse#Silver,1,positive
Stacey,block-sweater#Block,1,positive
Anna Maria,the-cross-over-top#NavyStripe,1,positive
Stefania,hayley-button-down#NavySparro,1,positive
Sophie,belle-half-sleeve-forgiver-tunic#Black,1,positive
Jess,the-cut-out-shoulder-blouse#Silver,1,positive
Mae-Lee,long-sleeve-softly-swinging-bamboo-tee#TeaRose,1,positive
Anna,milan-stretch-top#SilverMarl,1,positive
Perrie,the-cut-out-shoulder-blouse#White,1,positive
Clementine,the-bonded-cotton-tunic-dress#Navy,1,positive
Amanda,the-zip-front-blouse#Navy,1,positive
Anna,paradise-top#Red,1,positive
Emma,the-drape-tee-1#NavyStripe,1,positive
Perrie,the-design-fold-tunic-top#PearlBlue,1,positive
Amanda,the-zip-detail-jacket#Grey,1,positive
Maddy,the-long-sleeve-scoop-neck-tee#White,1,positive
Georgia,prairie-romance-blouse#Blush,1,positive
Marnee,daisy-chain-tassel-blouse#DeepBlue,1,positive
Rosaline,great-scot-merino-carcoat#Twilight,1,positive
Stefania,renee-sweater#Sapphire,1,positive
Ljubenka,falling-for-you-cardi#Rust,1,positive
Anna Maria,falling-for-you-cardi#Black,1,positive
Maddy,oregon-safari-embroidered-top#White,1,positive
Mercy,belle-square-neck-drape-tee#Vanilla,1,positive
Ljubenka,belle-half-sleeve-forgiver-tunic#White,1,positive
Edith,patchwork-tunic#Patchwork,1,positive
Mae-Lee,sugar-snaps-layers-tank#Black,1,positive
Summer,felicity-cardigan#Dewkist,1,positive
Maddy,the-long-sleeve-scoop-neck-tee#Navy,1,positive
Anna,milan-stretch-top#Black,1,positive
Laura,the-asymmetrical-tank-top#Indigo,1,positive
Jess,belle-half-sleeve-boat-tee#Black,1,positive
Mae-Lee,oregon-safari-embroidered-top#White,1,positive
Marnee,falling-for-you-cardi#GreyMarle,1,positive
Summer,printed-tunic-7#RedCheck,1,positive
Marnee,sugar-snaps-round-neck-layer-tank#White,1,positive
Gemma,holly-rib-long-sleeve-tee#Khaki,1,positive
Riina,messina-v-neck-tee#Black,1,positive
Sophia,the-boat-neck-top#Navy,1,positive
Gemma,ruffle-sleeve-top-1#Black,1,positive
Ljubenka,the-cut-out-shoulder-blouse#Salmon,1,positive
Perrie,the-everyday-shirt#Pink,1,positive
Kate,the-sleeveless-cross-over-blouse#Mint,1,positive
Marnee,chasing-birds-blouse#White,1,positive
Georgia,open-plains-kimono-throw-1#Rust,1,positive
Jess,the-stripe-crossover-blouse#Bluestripe,1,positive
Helen,niue-neck-tie-shirt#LightBlue,1,positive
Miranda,the-reversible-cowl-neck-top-1#White,1,positive
Natalia,horizontal-cabel-pullover#EnglishRos,1,positive
Natalia,kimono-and-me-cardi#Sand,1,positive
Maddy,border-stripe-knit#WhitePink,1,positive
Edith,buttoned-top#Spotty,1,positive
Marnee,softly-swinging-bamboo-tee#Copper,1,positive
Palatina,beach-walk-shirt#Stormy,1,positive
Summer,hem-frill-stripe-top#Frilled,1,positive
Palatina,merino-boyfriend-cardigan#MelangeStr,1,positive
Anna,the-cotton-bamboo-tank#White,1,positive
Amanda,the-essential-pullover#SkyBlue,1,positive
Alex,jade-kimono-kaleidoscope#Blue,1,positive
Amanda,the-everyday-shirt#Black,1,positive
Laura,the-long-sleeve-v-neck-tee#Black,1,positive
Clementine,the-everyday-shirt#Rose,1,positive
Jess,natural-detailed-sweater#Tinroof,1,positive
Gemma,lucy-rib-oversized-top#WhiteGrey,1,positive
Madeline,natural-overlay-knit#Greybloss,1,positive
Amanda,the-batwing-tee#Stone,1,positive
Marnee,chill-out-slouch-top#GreyMarle,1,positive
Georgia,long-sleeve-softly-swinging-bamboo-tee#Fern,1,positive
Kate,sugar-snaps-layers-tank#DeepCobalt,1,positive
Sophia,ava-short-sleeve-linen-tee#Navy,1,positive
Nadine,the-everyday-shirt#Rose,1,positive
Marnee,driftwood-gathering-blouse#Khaki,1,positive
Natalie,the-sleeveless-cross-over-blouse#Mint,1,positive
Marnee,moonlight-kisses-bamboo-tee#Combat,1,positive
Stacey,long-sleeve-check-top#Check,1,positive
Laura,the-ultimate-tie-cardi#Black,1,positive
Edith,off-shoulder-top-1#Strawberry,1,positive
Summer,never-ending-winter-knit-top#DeluxeGree,1,positive
Georgia,layer-me-bamboo-rouched-sleeve-tee#Copper,1,positive
Lauren,belle-tie-front-shirt#Black,1,positive
Anna,the-everyday-shirt#Midnight,1,positive
Marnee,wrap-me-up-bamboo-top#Black,1,positive
Georgia,softly-swinging-bamboo-singlet#Cashew,1,positive
Perrie,irena-embroidered-blouse#DustyRose,1,positive
Jess,falling-for-you-cardi#Dusty,1,positive
Summer,off-shoulder-top-2#FloraLace,1,positive
Sophia,elcos-45-aop-top-jrs#BlackFlowe,1,positive
Jira,yvette-blouse#Black,1,positive
Stacey,amira-sweater#Cream,1,positive
Louise,layer-top-1#Navy,1,positive
Charlotte,natural-pattern-cocoon-cardigan#Blossom,1,positive
Laura,belle-half-sleeve-forgiver-tunic#Apricot,1,positive
Denniel,the-short-sleeve-wrap-jersey-top#Emerald,1,positive
Laura,the-roll-neck-sweater#Natural,1,positive
Nadine,long-sleeve-ruffle-shirt#Navy,1,positive
Mae-Lee,long-sleeve-softly-swinging-bamboo-tee#DuckEgg,1,positive
Maddy,the-half-sleeve-tee#White,1,positive
Jess,belle-half-sleeve-forgiver-tunic#Black,1,positive
Georgia,softly-swinging-bamboo-tee#White,1,positive
Marnee,the-drape-tee-1#NavyStripe,1,positive
Laura,the-cotton-bamboo-tank#DuckEgg,1,positive
Mercy,overlay-tunic-3-pce-set#Emerald,1,positive
Natalie,the-cross-over-blouse#Mint,1,positive
Charlotte,natural-crossover-knit-1#Stormcloud,1,positive
Jess,natural-waterfall-cardigan#Fallendust,1,positive
Jess,layered-tee-2#White,1,positive
Stefania,the-pirate-in-me-shirt#White,1,positive
Jess,runaway-top#SoftMint,1,positive
Laura,the-cross-over-blouse#RoyalBlue,1,positive
Laura,the-short-sleeve-wrap-jersey-top#Black,1,positive
Fiona,the-spotted-tunic#NavySpot,1,positive
Anna Maria,the-twist-front-top#Navy,1,positive
Jess,softly-swinging-bamboo-tee#TeaRose,1,positive
Laura,sugar-snaps-round-neck-layer-tank#Black,1,positive
Laura,the-batwing-tee#Black,1,positive
Jess,ynes#Black,1,positive
Riina,the-stitch-v-neck-knit#DenimMarle,1,positive
Fiona,the-v-neck-stripe-top#BlkStripe,1,positive
Chelsea,leah-knit-cardigan#WhiteBlk,1,positive
Riina,the-linen-tie-sleeve-top#GreyMarle,1,positive
Emma,drama-top#BlackGrey,1,positive
Georgia,flying-free-top-3#WhiteBird,1,positive
Stefania,walk-in-the-park-cardi#Sand,1,positive
Georgia,long-sleeve-softly-swinging-bamboo-tee#Oyster,1,positive
Lucy,the-batwing-tee#Black,1,positive
Palatina,oversize-contrast-hood-top#Steel,1,positive
Emma,long-sleeve-softly-swinging-bamboo-tee#Storm,1,positive
Laura,34-sleeve-shirt-1#SkyWhite,1,positive
Charlotte,natural-textured-poncho#Deeprain,1,positive
Alex,the-sleeveless-cross-over-blouse#Chambray,1,positive
Emma,forget-me-knot-tunic#ForgetMeK,1,positive
Georgia,softly-swinging-bamboo-tee#Chambray,1,positive
Natalie,the-sleeveless-cross-over-blouse#Black,1,positive
Jess,softly-swinging-bamboo-tee#BlueJeans,1,positive
Marnee,skipping-stones-tunic#Natural,1,positive
Laura,waterfall-cardi-1#Navy,1,positive
Mae-Lee,the-cross-over-blouse#Sunshine,1,positive
Emma,the-drape-tee-1#Stripe,1,positive
Stacey,frost-cardigan#Mauvewoo,1,positive
Jess,diva-ruffle-jumper#Gold%20Spot,1,positive
Nadine,starry-night-cardi#Chalk,1,positive
Georgia,sugar-snaps-layers-tank#DeepCobalt,1,positive
Chelsea,the-ultimate-tie-cardi#Black,1,positive
Riina,the-cross-over-poncho#Navy,1,positive
Riina,soho-v-neck-blouse#SohoPrint,1,positive
Alex,lola-bell-sleeve-top-ditsy-daisies#Blue,1,positive
Madeline,natural-cross-back-knit#Lightsmoke,1,positive
Nathalie,the-everyday-shirt#Pink,1,positive
Fiona,long-sleeve-ruffle-shirt#Black,1,positive
Georgia,softly-falling-bamboo-tunic#White,1,positive
Anna,the-wrap-jersey-top#JetBlack,1,positive
Jess,sugar-snaps-layers-tank#Red,1,positive
Ljubenka,sugar-snaps-layers-tank#Mint,1,positive
Summer,hacienda-tunic-5#PatchGold,1,positive
Miranda,the-sleeve-detail-knit#Ivory,1,positive
Jess,belle-tier-tee#Blue,1,positive
Gemma,bubbles-print-tee#Cambridge,1,positive
Sophia,to-the-beat-of-the-drum-kimono#Leaf,1,positive
Marnee,the-everyday-shirt#Midnight,1,positive
Laura,the-relaxed-long-sleeve-tee#Black,1,positive
Miranda,the-crossover-button-blouse-1#Ornate,1,positive
Jess,the-cut-out-shoulder-blouse#Blue,1,positive
Fiona,weekend-vibes-blouse#Blush,1,positive
Laura,belle-v-neck-forgiver-tunic#BlueMarle,1,positive
Laura,sugar-snaps-layers-tank#PeachyKeen,1,positive
Jess,belle-cowl-swing-sweater#Black,1,positive
Fiona,the-reversible-cowl-neck-top-1#Black,1,positive
Chelsea,pure-merino-fine-rib-polo#BlackStri,1,positive
Bree,belle-half-sleeve-forgiver-tunic#BlueBonnet,1,positive
Laura,the-cut-out-shoulder-blouse#Blue,1,positive
Amanda,the-bonded-cotton-shirt#Pink,1,positive
Fiona,the-cascade-blouse#Auburn,1,positive
Tia,softly-swinging-bamboo-tee#Storm,1,positive
Stacey,the-reversible-cowl-neck-top-2#Ocean,1,positive
Laura,belle-v-neck-forgiver-tunic#White,1,positive
Shadae,clio-knit-jumper#Black,1,positive
Maddy,elina-lace-frill-blouse#Black,1,positive
Gemma,falling-for-you-cardi#Black,1,positive
Madeline,natural-textured-poncho#Deeprain,1,positive
Sophia,layered-sleeve-top#Moss,1,positive
Natalie,the-wrap-jersey-top#Charcoal,1,positive
Georgia,aldis-blouse#Pearl,1,positive
Jess,runaway-top#SoftPink,1,positive
Sophia,rory-spliced-zip-hoodie#Silver,1,positive
Georgia,roll-with-me-jumper#Chalk,1,positive
Riina,the-check-pullover#PinkCheck,1,positive
Nadine,variegated-rib-knit#Silver,1,positive
Tia,the-cross-over-blouse#RoyalBlue,1,positive
Natalie,sugar-snaps-layers-tank#White,1,positive
Amanda,the-zip-front-top#Blue,1,positive
Katie,fern-print-top#Navy,1,positive
Olivia,the-sleeveless-cross-over-blouse#Cobalt,1,positive
Fiona,the-textured-spot-top#Pink,1,positive
Laura,belle-v-neck-forgiver-tunic#Black,1,positive
Natalia,cherrington-top#GreyRose,1,positive
Stacey,llama-long-sleeve-shirt#Mustard,1,positive
Jess,cross-my-heart-sweater#Regal,1,positive
Mae-Lee,the-relaxed-long-sleeve-tee#Pink,1,positive
Jess,the-printed-v-split-top#Natural,1,positive
Chelsea,willow-knot-top#WhiteBlk,1,positive
Sophie,the-twist-hem-jumper#DenimMarle,1,positive
Shadae,fundamental-vee-tee#White,1,positive
Laura,the-zip-front-top#Rose,1,positive
Georgia,softly-swinging-bamboo-tee#TeaRose,1,positive
Palatina,batty-about-you-cotton-tee#BlkWhite,1,positive
Amanda,the-contrast-trim-knit#BlackWhite,1,positive
Fiona,the-zip-front-top#Blue,1,positive
Mae-Lee,layer-top-1#Navy,1,positive
Maddy,the-cotton-bamboo-tee#White,1,positive
Riina,the-reverse-sleeve-sweater#Navy,1,positive
Jess,ines-top#NavyStrip,1,positive
Riina,the-bell-sleeve-top#BlkStripe,1,positive
Laura,falling-for-you-cardi#Mustard,1,positive
Kate,the-batwing-tee#Stone,1,positive
Fiona,spot-layered-tee#Blue,1,positive
Clementine,the-cross-over-blouse#White,1,positive
Emma,sugar-snaps-layers-tank#Blue,1,positive
Jess,suri-bell-sleeve-top#GreyMarle,1,positive
Natalie,layered-tee-2#Black,1,positive
Nadine,long-sleeve-ruffle-shirt#Black,1,positive
Fiona,belle-v-neck-forgiver-tunic#Charcoal,1,positive
Laura,rory-spliced-zip-hoodie#Slate,1,positive
Lauren,natural-textured-poncho#Deeprain,1,positive
Anna Maria,falling-for-you-cardi#Teal,1,positive
Stacey,ashbury-cardigan#Mocha,1,positive
Emma,sugar-snaps-layers-tank#DeepCobalt,1,positive
Riina,the-contrast-knit-1#Sage,1,positive
Mae-Lee,the-cut-out-shoulder-blouse#Black,1,positive
Sophia,printed-v-neck-blouse#NavyWhite,1,positive
Mae-Lee,the-stripe-tank-1#Hazelnut,1,positive
Summer,napoleon-top-1#NemoRed,1,positive
Perrie,high-street-knit#NavyStripe,1,positive
Summer,fundamental-vee-tee#GreyMarle,1,positive
Mae-Lee,the-sleeveless-cross-over-blouse#Cobalt,1,positive
Georgia,long-sleeve-softly-swinging-bamboo-tee#Copper,1,positive
Summer,rib-tank-2#Black,1,positive
Jess,belle-half-sleeve-boat-tee#White,1,positive
Alex,lola-bell-sleeve-top-entangled-vines#Gold,1,positive
Mae-Lee,the-batwing-tee#Sea,1,positive
Laura,the-sleeveless-cross-over-blouse#Mint,1,positive
Anna Maria,the-ruffle-sleeve-top#NavyStripe,1,positive
Chelsea,cara-tee-2#BlackSpot,1,positive
Tia,the-cut-out-shoulder-blouse#Black,1,positive
Palatina,cascade-hood-top#Black,1,positive
Mae-Lee,the-short-sleeve-wrap-jersey-top#NavyWhite,1,positive
Madeline,cara-tee-4#White,1,positive
Monique,linen-cotton-shirt#White,1,positive
Laura,the-cut-out-shoulder-blouse#Silver,1,positive
Marnee,the-drape-tee-1#Navy,1,positive
Nadine,in-transit-cardi#Navy,1,positive
Marnee,sugar-snaps-throw-jacket#Duckegg,1,positive
Marnee,butterfly-kisses-tee#Green,1,positive
Jess,belle-tie-neck-blouse-tee#RoyalBlue,1,positive
Maddy,the-cotton-bamboo-tee#DustyPink,1,positive
Amanda,the-cosy-cardigan#Blue,1,positive
Palatina,falling-for-you-cardi#Mustard,1,positive
Summer,tia-boyfriend-shirt#White,1,positive
Jess,the-stitch-detail-top#SkyBlue,1,positive
Summer,fundamental-rib-long-sleeve-tee#Black,1,positive
Chelsea,reversible-stripe-vee-scoop-neck-tank#BlackWhite,1,positive
Fiona,the-panel-luxe-top#SilvWhite,1,positive
Fiona,the-panel-luxe-top#BlkWhite,1,positive
Jess,long-sleeve-softly-swinging-bamboo-tee#Copper,1,positive
Perrie,ditzy-floral-ruffle-blouse#DitzyFlora,1,positive
Alex,the-cotton-bamboo-tee#DustyPink,1,positive
Mae-Lee,softly-swinging-bamboo-tee#Cashew,1,positive
Emma,printed-tunic-7#RedCheck,1,positive
Emma,the-drape-tee-1#Navy,1,positive
Maddy,the-sleeveless-cross-over-blouse#White,1,positive
Riina,the-longline-waterfall-cardi#Black,1,positive
Mae-Lee,the-sleeveless-cross-over-blouse#Black,1,positive
Natalie,the-wrap-jersey-top#PortSpot,1,positive
Maddy,the-everyday-shirt#Cream,1,positive
Sophie,the-zip-front-blouse#Khaki,1,positive
Georgia,softly-swinging-bamboo-tee#Black,1,positive
Riina,neptune-top-1#PrimBlack,1,positive
Anna Maria,the-belle-sleeve-print-top#NavyPrint,1,positive
Denniel,the-cut-out-shoulder-blouse#White,1,positive
Jess,the-sleeveless-cross-over-blouse#Chambray,1,positive
Georgia,butterfly-kisses-tee#Stripe,1,positive
Fiona,the-contrast-trim-knit#BlackWhite,1,positive
Emma,rosie-bell-sleeve-denim-shirt#Stripe,1,positive
Marnee,beach-walk-shirt#Stormy,1,positive
Kate,runaway-top#JetBlack,1,positive
Georgia,sunshine-in-me-tee-1#GreyMarle,1,positive
Marnee,sugar-snaps-layers-tank#White,1,positive
Jess,sailaway-blouse#OxfordBlue,1,positive
Jess,lenka-lurex-stripe-blouse#NavyGoldSt,1,positive
Tia,softly-swinging-bamboo-tee#Jewel,1,positive
Laura,belle-v-neck-forgiver-tunic#Scarlett,1,positive
Ljubenka,belle-flute-sleeve-tee#Navy,1,positive
Sophie,the-define-flute-sleeve-blouse#Black,1,positive
Emma,sugar-snaps-layers-tank#Black,1,positive
Riina,the-ruffle-sleeve-sweat#KhakiMarle,1,positive
Natalia,marquax-tunic#OnyxSpeck,1,positive
Amanda,the-essential-layering-tee#Ink,1,positive
Laura,spot-layered-tee#Blue,1,positive
Sophie,long-sleeve-softly-swinging-bamboo-tee#TeaRose,1,positive
Laura,sugar-snaps-layers-tank#NewBeige,1,positive
Emma,striped-sleeve-sweater#Striped,1,positive
Jude,curve-hem-cable-knit-sweater-1#Sapphire,1,positive
Laura,softly-swinging-bamboo-singlet#BlueJean,1,positive
Laura,sugar-snaps-layers-tank#DeepCobalt,1,positive
Anna,milan-stretch-top#NavyWhtStr,1,positive
Anna,the-short-sleeve-wrap-jersey-top#Emerald,1,positive
Ljubenka,the-cross-over-blouse#White,1,positive
Mae-Lee,long-sleeve-softly-swinging-bamboo-tee#SilverScon,1,positive
Stacey,foil-spot-jumper#SilverDot,1,positive
Jess,falling-for-you-cardi#GreyMarle,1,positive
Emma,long-sleeve-softly-swinging-bamboo-tee#Smoke,1,positive
Tia,dahlia-lace-trim-blouse#Dusk,1,positive
Maddy,the-short-sleeve-wrap-jersey-top#Emerald,1,positive
Jess,sunshine-in-me-tee-1#White,1,positive
Fiona,the-stripe-jersey-top#Pink,1,positive
Monique,the-cotton-bamboo-tank#DarkNavy,1,positive
Madeline,karmen-top#HighRiskRe,1,positive
Amanda,the-oversize-knit#Ink,1,positive
Laura,milan-stretch-top#White,1,positive
Laura,waterfall-cardi-1#Black,1,positive
Emma,viola-kimono-radiant-floral#Grey,1,positive
Mae-Lee,falling-for-you-top#Blue,1,positive
Miranda,the-define-flute-sleeve-blouse#Black,1,positive
Gemma,napoleon-top-1#NemoBlue,1,positive
Stefania,the-daily-essential-jumper#Grey,1,positive
Nadine,frost-cardigan#Mauvewoo,1,positive
Miranda,the-cross-over-printed-blouse#Leopard,1,positive
Riina,the-high-low-drape-tee#Grey,1,positive
Mercy,belle-cowl-swing-sweater#Black,1,positive
Sophie,the-contrast-panel-top#BlkStripe,1,positive
Riina,the-oversize-knit#Ink,1,positive
Laura,melbourne-stretch-cardigan#Black,1,positive
Chesska,midtown-ruffle-shirt#BoldRed,1,positive
Sophia,the-daily-cross-over-top#PinkPrint,1,positive
Chelsea,leah-knit-cardigan#Black,1,positive
Lauren,belle-half-sleeve-boat-tee#White,1,positive
Helen,picnic-top#BlackWhite,1,positive
Laura,flow-with-me-slouch-top#Brick,1,positive
Ljubenka,softly-swinging-bamboo-tee#Black,1,positive
Laura,falling-for-you-cardi#Rust,1,positive
Anna Maria,falling-for-you-cardi#Navy,1,positive
Nathalie,runaway-top#SoftPink,1,positive
Mercy,aztec-cardigan#Orange,1,positive
Perrie,the-bamboo-tunic-dress#Khaki,1,positive
Tia,sugar-snaps-layers-tank#Blue,1,positive
Nikki,jasmine-singlet#White,1,positive
Stefania,the-relaxed-batwing-top#Denim%20Blue,1,positive
Laura,softly-swinging-bamboo-tee#Starfish,1,positive
Mae-Lee,belle-v-neck-forgiver-tunic#ArmyGreen,1,positive
Tia,sugar-snaps-layers-tank#White,1,positive
Mae-Lee,layered-tee-2#Black,1,positive
Tia,sugar-snaps-layers-tank#PeachyKeen,1,positive
Fiona,flow-with-me-slouch-top#Brick,1,positive
Summer,the-bamboo-tunic-dress#Khaki,1,positive
Marnee,the-cotton-bamboo-tank#Moonbeam,1,positive
Chelsea,the-cotton-bamboo-ls-top#Black,1,positive
Jess,freya-fringe-blouse#Navy,1,positive
Natalia,the-crossover-button-blouse-1#Ornate,1,positive
Alex,the-batwing-tee#Stone,1,positive
Marnee,moonlight-kisses-bamboo-tee#White,1,positive
Mae-Lee,belle-half-sleeve-forgiver-tunic#BlueBonnet,1,positive
Maddy,pulkari-emb-top#Pulkari,1,positive
Tia,the-everyday-shirt#Midnight,1,positive
Ljubenka,belle-half-sleeve-forgiver-tunic#MutedClay,1,positive
Fiona,the-twist-front-top#Grey,1,positive
Jess,falling-for-you-cardi#Khaki,1,positive
Rosaline,batty-about-you-cotton-tee#BlkWhite,1,positive
Clementine,sugar-snaps-layers-tank#Blue,1,positive
Stacey,the-panel-hem-top#DenimMarle,1,positive
Fiona,sunshine-in-me-tee-1#GreyMarle,1,positive
Tia,the-cotton-bamboo-tank#White,1,positive
Clementine,the-everyday-shirt#Pink,1,positive
Gemma,geena-xo-ls-pullover-knit#Allure,1,positive
Fiona,prairie-romance-blouse#Blush,1,positive
Sophie,belle-half-sleeve-forgiver-tunic#FlamPink,1,positive
Perrie,the-short-sleeve-wrap-jersey-top#Emerald,1,positive
Alex,the-cross-over-blouse#Black,1,positive
Jess,prairie-romance-blouse#Blush,1,positive
Fiona,falling-for-you-cardi#Rust,1,positive
Amanda,the-everyday-shirt#Pink,1,positive
Sophia,falling-for-you-cardi#Navy,1,positive
Fiona,long-sleeve-ruffle-shirt#White,1,positive
Georgia,soft-and-true-tunic#Pine,1,positive
Riina,the-zip-front-blouse#Navy,1,positive
Tia,the-cross-over-blouse#Red,1,positive
Anna Maria,the-bell-sleeve-top#BlkStripe,1,positive
Gemma,holly-rib-long-sleeve-tee#Black,1,positive
Nathalie,the-wrap-jersey-top#JetBlack,1,positive
Tia,gloria-applique-crew#Charcoal,1,positive
Natalia,falling-for-you-tunic#Rust,1,positive
Fiona,the-dobby-sleeve-tee#InkBlue,1,positive
Stefania,the-contrast-knit-1#Sage,1,positive
Jude,falling-for-you-cardi#GreyMarle,1,positive
Tia,capri-tank-3#White,1,positive
Emma,block-vest#Blockvest,1,positive
Katie,sequin-star-tee#Navy,1,positive
Stacey,the-bell-sleeve-top#Grey,1,positive
Laura,stripe-me-happy-blouse#Ash,1,positive
Amanda,the-fleck-roll-neck-knit#Oatmeal,1,positive
Fiona,the-essential-pullover#SkyBlue,1,positive
Fiona,the-weekender-shirt#GreyStripe,1,positive
Laura,the-tie-front-top#Navy,1,positive
Mae-Lee,long-sleeve-softly-swinging-bamboo-tee#Storm,1,positive
Mae-Lee,butterfly-kisses-tee#Green,1,positive
Mae-Lee,the-cut-out-shoulder-blouse#White,1,positive
Jess,butterfly-kisses-tee#MustardStr,1,positive
Marnee,beach-walk-shirt#Khaki,1,positive
Gemma,ivy-cosy-pullover#Storm,1,positive
Katie,spot-layered-tee#Blue,1,positive
Mercy,belle-ls-free-fall-tee#Airforce,1,positive
Jess,karmen-top#HighRiskRe,1,positive
Gemma,tab-sleeve-longline-shirt#Navy,1,positive
Riina,the-cross-over-poncho#Grey,1,positive
Jess,belle-paint-brush-print-top#PaintPrint,1,positive
Sophia,cotton-modal-print-top#PinkNavy,1,positive
Alex,the-sleeveless-cross-over-blouse#Sunshine,1,positive
Jess,long-sleeve-ruffle-shirt#Navy,1,positive
Mandy,tia-boyfriend-shirt#White,1,positive
Marnee,cover-up-slouch-cardi#Alloy,1,positive
Riina,the-tie-front-tank#White,1,positive
Katie,ruffle-hem-jersey-top#Pink,1,positive
Mae-Lee,the-button-up-swing-tunic#Wine,1,positive
Laura,softly-swinging-bamboo-tee#Cashew,1,positive
Sophia,triangle-detail-long-sleeve-tee#Bordeaux,1,positive
Emma,lola-bell-sleeve-top-ditsy-daisies#Blue,1,positive
Laura,the-relaxed-long-sleeve-tee#Pink,1,positive
Stacey,partly-cloudy-knit#Black,1,positive
Jess,belle-poncho-sleeved-knit#BlueMarle,1,positive
Marnee,long-sleeve-softly-swinging-bamboo-tee#Oyster,1,positive
Sophia,ava-short-sleeve-linen-tee#Blush,1,positive
Summer,rib-tank-2#Khaki,1,positive
Charlotte,natural-detailed-sweater#Tinroof,1,positive
Shadae,tinker-stripe-knit#NavyWhite,1,positive
Summer,paradising-buttoned-shirt#Wheat,1,positive
Tia,midtown-ruffle-shirt#BoldRed,1,positive
Tia,the-drape-tee-1#Navy,1,positive
Mae-Lee,butterfly-kisses-tee#MustardStr,1,positive
Amanda,the-printed-v-neck-tee#White,1,positive
Marnee,softly-swinging-bamboo-tee#Starfish,1,positive
Perrie,boho-embroidered-top#BohoDenim,1,positive
Denniel,the-cotton-bamboo-tee#DuckEgg,1,positive
Kate,the-sleeveless-cross-over-blouse#Cobalt,1,positive
Stacey,the-cotton-cardi#Khaki,1,positive
Fiona,the-roll-neck-sleeveless-top-1#Black,1,positive
Natalie,the-wrap-jersey-top#NavyWhite,1,positive
Summer,beloved-stripe-pull-over-hoodie#NavyWhite,1,positive
Palatina,falling-for-you-cardi#GreyMarle,1,positive
Anna,belle-half-sleeve-forgiver-tunic#Apricot,1,positive
Alex,viola-kimono-radiant-floral#Grey,1,positive
Perrie,janet-frill-shirt#White,1,positive
Perrie,silver-dot-tie-sleeve-blouse#SilverDotP,1,positive
Monique,the-cotton-bamboo-tank#Moonbeam,1,positive
Fiona,open-plains-kimono-throw-1#Rust,1,positive
Stacey,the-oversize-knit#GreyMarle,1,positive
Marnee,softly-swinging-bamboo-tee#Cashew,1,positive
Georgia,cooks-shirt#Stripes,1,positive
Laura,the-cotton-bamboo-tee#DustyPink,1,positive
Gemma,triangle-detail-long-sleeve-tee#Bordeaux,1,positive
Jess,crossing-the-plains-sweater-1#Indigo,1,positive
Fiona,long-sleeve-softly-swinging-bamboo-tee#Storm,1,positive
Fiona,the-stitch-v-neck-knit#PinkMarle,1,positive
Summer,aida-long-tunic-shirt#AidaStripe,1,positive
Ljubenka,belle-v-neck-forgiver-tunic#Navy,1,positive
Summer,fundamental-vee-tee#Black,1,positive
Mercy,belle-v-neck-forgiver-tunic#Charcoal,1,positive
Anna,the-cut-out-shoulder-blouse#Salmon,1,positive
Palatina,falling-for-you-cardi#Teal,1,positive
Laura,the-cotton-bamboo-ls-top#NavyStripe,1,positive
Jess,layer-me-bamboo-rouched-sleeve-tee#Copper,1,positive
Sophia,meredith-78-oversized-pullover-knit#WhiteCapGr,1,positive
Tia,sugar-snaps-layers-tank#NewBeige,1,positive
Amanda,the-v-split-blouse#Salmon,1,positive
Clementine,the-swing-tank-top#Rose,1,positive
Tia,softly-swinging-bamboo-tee#White,1,positive
Mae-Lee,the-cut-out-shoulder-blouse#Salmon,1,positive
Emma,sugar-snaps-layers-tank#Mint,1,positive
Anna Maria,falling-for-you-cardi#Khaki,1,positive
Shadae,capri-tank-6#Olive,1,positive
Laura,belle-v-neck-forgiver-tunic#Charcoal,1,positive
Riina,the-shoulder-tie-top#Navy,1,positive
Clementine,the-curve-striped-tank#Marine,1,positive
Emma,contrast-pocket-tunic#Pinkpocket,1,positive
Tia,the-everyday-shirt#Cream,1,positive
Marnee,moonlight-kisses-bamboo-tee#Black,1,positive
Gemma,kimberly-spliced-top#Zebraprint,1,positive
Ljubenka,softly-swinging-bamboo-tee#Blush,1,positive
Emma,belle-v-neck-forgiver-tunic#BlueMarle,1,positive
Kate,sugar-snaps-layers-tank#PeachyKeen,1,positive
Laura,the-asymmetrical-tank-top#HotPink,1,positive
Amanda,the-sleeveless-cross-over-blouse#White,1,positive
Clementine,the-cross-over-blouse#Mint,1,positive
Jess,wrap-me-up-bamboo-top#Black,1,positive
Tia,suri-bell-sleeve-top#GreyMarle,1,positive
Laura,belle-v-neck-forgiver-tunic#ArmyGreen,1,positive
Marnee,hydrangea-kimono#Hydrangea,1,positive
Riina,the-panel-luxe-top#SilvWhite,1,positive
Summer,st-helens-henley-tee#Sapphire,1,positive
Gemma,moonlight-kisses-bamboo-tee#Combat,1,positive
Sophie,long-sleeve-softly-swinging-bamboo-tee#Cashew,1,positive
Jess,natural-crossover-knit-1#Stormcloud,1,positive
Jude,falling-for-you-cardi#Rust,1,positive
Jude,falling-for-you-cardi#Khaki,1,positive
Anna,the-cut-out-shoulder-blouse#Clay,1,positive
Anna,belle-half-sleeve-forgiver-tunic#White,1,positive
Tia,the-cut-out-shoulder-blouse#Clay,1,positive
Clementine,the-stripe-crossover-blouse#Bluestripe,1,positive
Laura,on-safari-blouse#Jewel,1,positive
Mae-Lee,the-long-sleeve-scoop-neck-tee#Grey,1,positive
Ljubenka,the-drape-tee-1#White,1,positive
Laura,everyday-linen-tunic#BotanicalB,1,positive
Georgia,falling-for-you-top#Blue,1,positive
Riina,the-boat-neck-top-1#Ink,1,positive
Gemma,eco-78-long-cardigan#LightGreyM,1,positive
Maddy,the-sleeveless-cross-over-blouse#Cobalt,1,positive
Gemma,falling-for-you-cardi#Khaki,1,positive
Tia,the-cross-over-blouse#Sunshine,1,positive
Anneliese,paige-top#Black,1,positive
Riina,the-high-low-drape-tee#Sage,1,positive
Sophia,eco-78-long-cardigan#LightGreyM,1,positive
Madeline,natural-rolled-neck-tunic#BlueDam,1,positive
Kate,sugar-snaps-layers-tank#DuckEgg,1,positive
Georgia,long-sleeve-softly-swinging-bamboo-tee#Combat,1,positive
Olivia,sugar-snaps-layers-tank#PeachyKeen,1,positive
Riina,the-double-layer-top#Black,1,positive
Shadae,rib-tank-2#Navy,1,positive
Summer,marlow-cardigan#Cream,1,positive
Gemma,sequin-spot-shirt#Blue,1,positive
Jess,softly-swinging-bamboo-tee#Storm,1,positive
Laura,belle-two-in-one-top#Charcoal,1,positive
Laura,the-lace-trim-top#Black,1,positive
Lauren,the-cosy-cardigan#Blue,1,positive
Laura,saba-top-2#Catus,1,positive
Laura,the-weekender-shirt#DenimStrip,1,positive
Perrie,rosie-bell-sleeve-denim-shirt#Stripe,1,positive
Jess,the-side-panel-drape-top#OffWhite,1,positive
Georgia,the-cotton-bamboo-tank#DarkNavy,1,positive
Stefania,cool-breeze-jumper#Dust,1,positive
Alex,the-cotton-bamboo-tank#White,1,positive
Stefania,the-high-low-drape-tee#Grey,1,positive
Palatina,on-the-horizon-swing-top-1#Khaki,1,positive
Riina,the-weekender-shirt#DenimStrip,1,positive
Fiona,tie-back-bell-sleeve-top-5#Summerbud,1,positive
Amanda,the-luxe-long-sleeve-tee#GreyMarle,1,positive
Stefania,the-contrast-trim-knit#BlackWhite,1,positive
Lauren,belle-twist-front-tee-1#Black,1,positive
Natalie,the-long-sleeve-v-neck-tee#Navy,1,positive
Laura,belle-half-sleeve-forgiver-tunic#Black,1,positive
Mae-Lee,belle-polka-dot-blouse#WhiteSpot,1,positive
Ljubenka,sugar-snaps-layers-tank#NewBeige,1,positive
Jess,sequin-star-tee#Navy,1,positive
Chelsea,the-cross-over-poncho#Grey,1,positive
Fiona,the-tie-front-tank#Navy,1,positive
Marnee,the-relaxed-long-sleeve-tee#Black,1,positive
Marnee,oregon-safari-embroidered-top#White,1,positive
Fiona,falling-for-you-cardi#Black,1,positive
Fiona,the-cross-over-printed-blouse#Leopard,1,positive
Mae-Lee,sugar-snaps-layers-tank#PeachyKeen,1,positive
Tia,capri-tank-3#Black,1,positive
Laura,sugar-snaps-round-neck-layer-tank#DuckEgg,1,positive
Chelsea,falling-for-you-cardi#GreyMarle,1,positive
Mae-Lee,belle-off-the-shoulder-tee#Stripe,1,positive
Clementine,the-everyday-shirt#Black,1,positive
Natalia,messina-knit-1#Shiraz,1,positive
Natalia,printed-tunic-7#RedCheck,1,positive
Maddy,natural-tie-tunic#BlueSky,1,positive
Kate,belle-half-sleeve-forgiver-tunic#Apricot,1,positive
Jess,the-batwing-tee#FrenchBlue,1,positive
Mae-Lee,the-sleeveless-cross-over-blouse#Mint,1,positive
Marnee,sugar-snaps-round-neck-layer-tank#Black,1,positive
Jess,belle-ls-free-fall-tee#Airforce,1,positive
Marnee,sugar-snaps-layers-tank#Mint,1,positive
Anna,the-drape-tee-1#Black,1,positive
Sophia,the-box-top#Blush,1,positive
Nadine,cable-knit-sweater#Camel,1,positive
Anna,the-relaxed-long-sleeve-tee#Navy,1,positive
Chelsea,falling-for-you-cardi#Dusty,1,positive
Fiona,belle-v-neck-forgiver-tunic#Black,1,positive
Jess,softly-swinging-bamboo-tee#Cashew,1,positive
Summer,nova-lux-solid-v-neck-placket-shirt#CloudDance,1,positive
Mae-Lee,long-sleeve-softly-swinging-bamboo-tee#Black,1,positive
Mae-Lee,butterfly-kisses-tee#Stripe,1,positive
Sophia,the-contrast-detail-top#Ivory,1,positive
Summer,verona-patchwork-top#Patchwork,1,positive
Miranda,the-cotton-tie-detail-top#Ivory,1,positive
Fiona,stud-trim-long-sleeve-top#Mint,1,positive
Emma,lola-bell-sleeve-top-entangled-vines#Gold,1,positive
Chelsea,the-cotton-cardi#Navy,1,positive
Riina,the-relaxed-batwing-top#Denim%20Blue,1,positive
Ljubenka,sugar-snaps-layers-tank#Black,1,positive
Mercy,belle-v-neck-forgiver-tunic#BlueMarle,1,positive
Laura,the-cotton-bamboo-tee#DuckEgg,1,positive
Nathalie,the-everyday-shirt#Midnight,1,positive
Amanda,the-sleeveless-cross-over-blouse#Mint,1,positive
Riina,selma-top-1#IndoStripe,1,positive
Sophia,geena-xo-ls-pullover-knit#Allure,1,positive
Lauren,belle-square-neck-drape-tee#Vanilla,1,positive
Jess,blue-waters-cotton-blouse#White,1,positive
Jess,butterfly-blouse-1#Ivory,1,positive
Laura,manhattan-stretch-tee#NavyWhtStr,1,positive
Summer,block-sweater#Block,1,positive
Chelsea,the-drape-tee-1#Black,1,positive
Kate,belle-half-sleeve-forgiver-tunic#Black,1,positive
Stefania,snug-as-a-bug-jumper#Smoke,1,positive
Jess,belle-v-neck-forgiver-tunic#Charcoal,1,positive
Lauren,belle-drape-tee#Black,1,positive
Stacey,endeavor-long-sleeve-tee#Stripe,1,positive
Ljubenka,falling-for-you-cardi#Port,1,positive
Jess,the-spotted-tunic#NavySpot,1,positive
Georgia,frill-me-tie-throw-on#WhiteBlk,1,positive
Emma,hem-frill-stripe-top#Frilled,1,positive
Laura,the-lace-trim-top#Ivory,1,positive
Laura,the-everyday-shirt#Pink,1,positive
Georgia,softly-swinging-bamboo-tee#Blush,1,positive
Madeline,print-tee-3#Boats,1,positive
Laura,the-cotton-bamboo-tank#Moonbeam,1,positive
Tia,capri-tank-3#NavyStripe,1,positive
Laura,the-sleeveless-cross-over-blouse#Sunshine,1,positive
Jess,softly-swinging-bamboo-tee#Blush,1,positive
Perrie,the-short-sleeve-wrap-jersey-top#NavyWhite,1,positive
Anneliese,tracie-top#Black,1,positive
Lauren,the-tie-front-tank#White,1,positive
Jess,the-printed-v-neck-tee#White,1,positive
Natalia,geena-xo-ls-pullover-knit#WhiteCapGr,1,positive
Mae-Lee,the-sleeveless-cross-over-blouse#Salmon,1,positive
Gemma,cara-tee-3#ZebraPrint,1,positive
Natalia,the-relaxed-long-sleeve-tee-1#Ink%20Stripe,1,positive
Ljubenka,the-everyday-shirt#Midnight,1,positive
Marnee,chill-out-slouch-top#Mustard,1,positive
Kate,sugar-snaps-layers-tank#Red,1,positive
Marnee,long-sleeve-softly-swinging-bamboo-tee#Black,1,positive
Natalie,the-cut-out-shoulder-blouse#Blue,1,positive
Fiona,the-wrap-jersey-top-1#NavyStripe,1,positive
Lauren,belle-drape-tee#Sliver,1,positive
Fiona,the-cosy-cardigan#Blue,1,positive
Palatina,falling-for-you-cardi#Dusty,1,positive
Georgia,wrap-me-up-bamboo-top#Black,1,positive
Jess,rika-top#BatikTile,1,positive
Perrie,the-short-sleeve-wrap-jersey-top#Blue,1,positive
Gemma,floral-nehru-print-shirt#Pink,1,positive
Clementine,the-sleeveless-cross-over-blouse#Cobalt,1,positive
Mae-Lee,the-short-sleeve-wrap-jersey-top#Black,1,positive
Sophie,the-relaxed-long-sleeve-tee#Black,1,positive
Mae-Lee,the-drape-tee-1#Black,1,positive
Jess,softly-swinging-bamboo-tee#Black,1,positive
Georgia,long-sleeve-softly-swinging-bamboo-tee#Black,1,positive
Mae-Lee,the-cross-over-blouse#Black,1,positive
Palatina,collared-shirt-1#White,1,positive
Jess,oregon-safari-embroidered-top#White,1,positive
Monique,the-cotton-bamboo-tank#Chambray,1,positive
Laura,falling-for-you-cardi#Teal,1,positive
Anna,the-short-sleeve-wrap-jersey-top#Blue,1,positive
Georgia,summer-whispers-kimono-1#Peacock,1,positive
Katie,long-sleeve-ruffle-shirt#Navy,1,positive
Jess,natural-textured-poncho#Deeprain,1,positive
Clementine,sugar-snaps-layers-tank#Black,1,positive
Clementine,the-high-low-drape-tee#Sage,1,positive
Laura,the-long-sleeve-v-neck-tee#Navy,1,positive
Alex,the-cross-over-blouse#RoyalBlue,1,positive
Jess,the-batwing-tee#Stone,1,positive
Mae-Lee,sugar-snaps-layers-tank#Mint,1,positive
Jess,the-bamboo-tunic-dress#Khaki,1,positive
Jude,falling-for-you-cardi#Dusty,1,positive
Laura,maui-stretch-tee#Navy,1,positive
Georgia,softly-swinging-bamboo-tee#BlueJeans,1,positive
Summer,alberta-stripe-top#IvoryStrip,1,positive
Charlotte,natural-rolled-neck-tunic#BlueDam,1,positive
Laura,sugar-snaps-layers-tank#Blue,1,positive
Jess,double-layered-top-1#WBlack,1,positive
Stacey,voyager-stripe-crew#Stripe,1,positive
Mae-Lee,natural-extra-fine-sweater#Snowgum,1,positive
Ljubenka,belle-v-neck-forgiver-tunic#ArmyGreen,1,positive
Stacey,floating-by-you-blouse#SeaFleur,1,positive
Laura,forget-me-knot-tunic#ForgetMeK,1,positive
Anna,the-long-sleeve-v-neck-tee#Navy,1,positive
Madeline,cara-tee-4#Black,1,positive
Sophia,falling-for-you-cardi#Black,1,positive
Anna,the-cross-over-blouse#Silver,1,positive
Madeline,analia-jersey-top#Black,1,positive
Shadae,fundamental-stripe-long-sleeve-tee#WhiteBlack,1,positive
Marnee,softly-swinging-bamboo-tee#Chambray,1,positive
Laura,the-half-sleeve-tee#Black,1,positive
Gemma,tab-sleeve-longline-shirt#Pink,1,positive
Maddy,the-everyday-shirt#Black,1,positive
Jess,softly-falling-bamboo-tunic#White,1,positive
Fiona,belle-paint-brush-print-top#PaintPrint,1,positive
Laura,falling-for-you-cardi#Navy,1,positive
Summer,fundamental-vee-tee#Pink,1,positive
Riina,the-zip-front-top#Rose,1,positive
Emma,the-bonded-cotton-shirt#Pink,1,positive
Laura,the-relaxed-long-sleeve-tee#Khaki,1,positive
Marnee,the-crossover-2-way-blouse#Black,1,positive
Jess,the-crossover-2-way-blouse#Black,1,positive
Clementine,the-striped-top#BlueStripe,1,positive
Jess,sugar-snaps-layers-tank#Blue,1,positive
Anna,waterfall-cardi-1#Black,1,positive
Natalia,clovis-shirt#NavyGold,1,positive
Nadine,monaco-sweater#BlackCream,1,positive
Denniel,the-batwing-tee#FrenchBlue,1,positive
Mae-Lee,the-batwing-tee#Stone,1,positive
Tia,pattern-tunic-1#Lattice,1,positive
Amanda,the-cosy-cardigan#Grey,1,positive
Denniel,the-cross-over-blouse#Blue,1,positive
Denniel,the-cross-over-blouse#Black,1,positive
Ljubenka,softly-swinging-bamboo-tee#TeaRose,1,positive
Madeline,cara-tee-4#BlackWhite,1,positive
Fiona,frill-me-tie-throw-on#WhiteBlk,1,positive
Amanda,the-multi-stripe-cardi#Stripe,1,positive
Fiona,natural-waterfall-cardigan#Fallendust,1,positive
Amanda,the-stitch-v-neck-knit#DenimMarle,1,positive
Fiona,the-luxe-long-sleeve-tee#GreyMarle,1,positive
Lauren,the-twist-front-top#Grey,1,positive
Shadae,rib-tank-2#Khaki,1,positive
Alex,the-sleeveless-cross-over-blouse#Cobalt,1,positive
Jess,starry-night-cardi#Chalk,1,positive
Georgia,skipping-stones-tunic#Forest,1,positive
Katie,messina-knit-1#Shiraz,1,positive
Nathalie,the-wrap-jersey-top#Charcoal,1,positive
Jess,long-sleeve-softly-swinging-bamboo-tee#Fern,1,positive
Fiona,sugar-snaps-throw-jacket#Duckegg,1,positive
Natalie,the-batwing-tee#FrenchBlue,1,positive
Jess,waterfall-cardi-1#Black,1,positive
Mae-Lee,the-batwing-tee#Black,1,positive
Emma,sugar-snaps-layers-tank#Red,1,positive
Chesska,diva-ruffle-jumper#Gold%20Spot,1,positive
Fiona,the-boat-neck-top-1#Ink,1,positive
Nikki,the-drape-tee-1#NavyStripe,1,positive
Amanda,the-cross-front-spot-blouse#Spot,1,positive
Ljubenka,the-drape-tee-1#NavyStripe,1,positive
Charlotte,natural-overlay-knit#Greybloss,1,positive
Madeline,layered-top-2#Navy,1,positive
Georgia,sunshine-in-me-tee-1#White,1,positive
Amanda,the-relaxed-batwing-top#PeachRose,1,positive
Mae-Lee,belle-half-sleeve-forgiver-tunic#MutedClay,1,positive
Emma,paint-stroke-top#Strokes,1,positive
Emma,long-sleeve-softly-swinging-bamboo-tee#Combat,1,positive
Marnee,the-relaxed-long-sleeve-tee#Khaki,1,positive
Ljubenka,layered-tee-2#White,1,positive
Chelsea,natural-rolled-neck-tunic#BlueDam,1,positive
Tia,the-everyday-shirt#Rose,1,positive
Summer,rib-tank-2#Navy,1,positive
Chelsea,malibu-cardigan#Navy,1,positive
Denniel,the-batwing-tee#Black,1,positive
Monique,the-open-sleeve-blouse#Berry,1,positive
Shadae,clio-knit-jumper#StoneBlack,1,positive
Fiona,the-luxe-dobby-blouse#White,1,positive
Ljubenka,softly-swinging-bamboo-tee#White,1,positive
Laura,printed-v-neck-top#Striped,1,positive
Emma,aztec-cardigan#Orange,1,positive
Clementine,sugar-snaps-layers-tank#Mint,1,positive
Marnee,softly-swinging-bamboo-tee#Storm,1,positive
Jess,softly-swinging-bamboo-tee#Starfish,1,positive
Fiona,the-stitch-v-neck-knit#DenimMarle,1,positive
Tia,the-cross-over-blouse#White,1,positive
Miranda,the-reversible-cowl-neck-top-1#Black,1,positive
Jess,double-layered-top-1#WSilver,1,positive
Laura,sugar-snaps-layers-tank#Mint,1,positive
Kate,sugar-snaps-layers-tank#Mint,1,positive
Katie,longline-cardigan-2#Pink,1,positive
Chelsea,relaxed-cape#WhiteBlack,1,positive
Marnee,the-everyday-shirt#Rose,1,positive
Ljubenka,the-drape-tee-1#Navy,1,positive
Jess,the-print-contrast-34-sleeve-top#Animal,1,positive
Maddy,sontana-blouse#Stone,1,positive
Sophia,eco-78-long-cardigan#DarkGreyM,1,positive
Anna,the-half-sleeve-tee#White,1,positive
Laura,the-long-sleeve-v-neck-tee#White,1,positive
Natalie,sugar-snaps-layers-tank#Blue,1,positive
Marnee,on-safari-blouse#Jewel,1,positive
Stefania,the-cross-over-poncho#Navy,1,positive
Laura,runaway-top#Sand,1,positive
Anna,the-cross-over-blouse#Blue,1,positive
Clementine,the-sleeveless-cross-over-blouse#Sunshine,1,positive
Miranda,york-linen-blend-long-cardigan#BurntOrang,1,positive
Georgia,skipping-stones-tunic#Natural,1,positive
Georgia,cyrus-top#LightRose,1,positive
Marnee,long-sleeve-softly-swinging-bamboo-tee#Smoke,1,positive
Anna,layered-tee-2#Black,1,positive
Marnee,the-pirate-in-me-shirt#White,1,positive
Emma,belle-v-neck-forgiver-tunic#White,1,positive
Anna,the-drape-tee-1#Navy,1,positive
Marnee,frill-me-tie-throw-on#WhiteBlk,1,positive
Anna,the-batwing-tee#Stone,1,positive
Riina,the-panel-hem-top#Khaki,1,positive
Lauren,the-sleeve-detail-knit#Ivory,1,positive
Monique,alberta-stripe-top#IvoryStrip,1,positive
Jess,natural-cross-back-knit#Lightsmoke,1,positive
Fiona,the-tie-layering-knit#Grey,1,positive
Mae-Lee,belle-half-sleeve-forgiver-tunic#Black,1,positive
Nadine,the-everyday-shirt#Midnight,1,positive
Ljubenka,the-stella-tee#Marine,1,positive
Georgia,baobab-sweater#Bark,1,positive
Georgia,runaway-top#Sand,1,positive
Nadine,half-sleeve-fluffy-knit#Ivory,1,positive
Fiona,printed-v-neck-top#Striped,1,positive
Maddy,the-cross-over-blouse#Black,1,positive
Marnee,blue-waters-cotton-blouse#White,1,positive
Tia,wrap-me-up-bamboo-top#BlueJeans,1,positive
Perrie,the-button-up-swing-tunic#Wine,1,positive
Gemma,geena-xo-ls-pullover-knit#WhiteCapGr,1,positive
Fiona,nuzuri-longline-cardi#Forest,1,positive
Lisa,seeker-knot-front-shirt#Olive,1,positive
Gemma,tuck-layer-shirt#White,1,positive
Clementine,the-stripe-tank-1#Hazelnut,1,positive
Chelsea,the-high-low-drape-tee#Sage,1,positive
Sophie,the-relaxed-long-sleeve-tee#Navy,1,positive
Fiona,belle-deep-v-mesh-top#Black,1,positive
Alex,the-cotton-bamboo-tee#White,1,positive
Miranda,the-asymmetrical-tank-top#HotPink,1,positive
Marnee,the-cotton-bamboo-tank#White,1,positive
Ljubenka,sugar-snaps-layers-tank#PeachyKeen,1,positive
Kate,the-wrap-jersey-top#NavyWhite,1,positive
Summer,fundamental-sydney-crew#Burgundy,1,positive
Riina,the-dobby-sleeve-tee#InkBlue,1,positive
Gemma,meredith-78-oversized-pullover-knit#WhiteCapGr,1,positive
Gemma,falling-for-you-cardi#Port,1,positive
Ljubenka,ponte-spot-top#BlackWhite,1,positive
Stacey,square-peg-pullover#SilverMix,1,positive
Sophia,the-shoulder-tie-top#White,1,positive
Palatina,bird-print-jumper#Navy,1,positive
Natalie,the-cut-out-shoulder-blouse#Black,1,positive
Gemma,triangle-detail-long-sleeve-tee#Navy,1,positive
Anna,the-cotton-bamboo-tank#DarkNavy,1,positive
Anna Maria,the-bell-sleeve-top#Grey,1,positive
Chelsea,relaxed-cape#Black,1,positive
Sophie,the-define-flute-sleeve-blouse#White,1,positive
Sophie,long-sleeve-softly-swinging-bamboo-tee#DuckEgg,1,positive
Marnee,runaway-top#JetBlack,1,positive
Olivia,sugar-snaps-layers-tank#Red,1,positive
Tia,still-the-one-ruffle-blouse#Spot,1,positive
Anna,linen-v-neck-cami-2#BlueWhite,1,positive
Chelsea,colourblock-cardi#NavyRed,1,positive
Sophie,belle-half-sleeve-forgiver-tunic#White,1,positive
Georgia,butterfly-kisses-tee#MustardStr,1,positive
Mae-Lee,sugar-snaps-layers-tank#Blue,1,positive
Nadine,mauevewood-crew#YellowWhit,1,positive
Georgia,cross-my-heart-bamboo-slouch-tee#White,1,positive
Amanda,the-stripe-jersey-top#Pink,1,positive
Georgia,kimono-and-me-cardi#DustyPink,1,positive
Fiona,softly-falling-bamboo-tunic#White,1,positive
Mae-Lee,the-cotton-bamboo-tank#Moonbeam,1,positive
Laura,the-tie-front-tank#White,1,positive
Amanda,the-soft-knit-jumper#PinkStripe,1,positive
Emma,batty-about-you-cotton-tee#BlkWhite,1,positive
Jess,belle-cowl-swing-sweater#Green,1,positive
Sophia,layered-sleeve-top#DarkBlue,1,positive
Mae-Lee,the-long-sleeve-v-neck-tee#Black,1,positive
Georgia,layer-me-cotton-candy-top#Cream,1,positive
Amanda,the-wrap-jersey-top-1#NavyStripe,1,positive
Jess,westward-top#BotanicalD,1,positive
Tia,the-drape-tee-1#Black,1,positive
Mae-Lee,the-stripe-button-through-top#Coral,1,positive
Natalie,the-sleeveless-cross-over-blouse#White,1,positive
Mae-Lee,long-sleeve-softly-swinging-bamboo-tee#Fern,1,positive
Amanda,the-daily-cross-over-top#SkyBlue,1,positive
Perrie,the-everyday-shirt#Midnight,1,positive
Shadae,rib-tank-2#Black,1,positive
Sophia,the-pocket-tee#NavyStripe,1,positive
Natalia,paint-stroke-top#Strokes,1,positive
Chesska,dream-girl-ruffle-jumper#SoftPink,1,positive
Palatina,moonlight-kisses-bamboo-tee#Black,1,positive
Olivia,the-sleeveless-cross-over-blouse#Black,1,positive
Mae-Lee,softly-swinging-bamboo-tee#Black,1,positive
Clementine,the-high-low-drape-tee#Grey,1,positive
Amanda,the-stripe-button-through-top#Coral,1,positive
Katie,spliced-stripe-tunic#Navy,1,positive
Ljubenka,the-cross-over-blouse#Blue,1,positive
Riina,the-v-neck-stripe-top#BlkStripe,1,positive
Palatina,2-in-1-layered-knit-top#PalePink,1,positive
Fiona,the-pirate-in-me-shirt#White,1,positive
Nadine,funnel-neck-knit-jumper#BlueMulti,1,positive
Georgia,the-cotton-bamboo-tank#White,1,positive
Maddy,the-short-sleeve-wrap-jersey-top#Blue,1,positive
Stacey,multi-pattern-print-top#NavyMulti,1,positive
Nikki,the-drape-tee-1#Stripe,1,positive
Laura,softly-swinging-bamboo-tee#Storm,1,positive
Alex,the-cotton-bamboo-tank#Chambray,1,positive
Maddy,the-cross-over-blouse#Mint,1,positive
Olivia,the-sleeveless-cross-over-blouse#Chambray,1,positive
Laura,the-oversized-cotton-blend-shirt#Navy,1,positive
Stacey,the-soft-knit-jumper#NavyStripe,1,positive
Shadae,not-today-buttoned-cardigan#Almond,1,positive
Ljubenka,softly-swinging-bamboo-tee#Navy,1,positive
Ljubenka,belle-v-neck-forgiver-tunic#DenimMarl,1,positive
Chelsea,ava-short-sleeve-linen-tee#Navy,1,positive
Chelsea,falling-for-you-cardi#Rust,1,positive
Gemma,relaxed-animal-print-blouse#Leopard,1,positive
Natalie,the-everyday-shirt#Black,1,positive
Jess,birds-tee-1#Navy,1,positive
Fiona,natural-overlay-knit#Greybloss,1,positive
Maddy,the-everyday-shirt#Midnight,1,positive
Maddy,the-cotton-bamboo-tank#White,1,positive
Mae-Lee,cross-my-heart-sweater#Regal,1,positive
Perrie,suri-bell-sleeve-top#GreyMarle,1,positive
Mae-Lee,sugar-snaps-layers-tank#Red,1,positive
Monique,wildflower-shirt#White,1,positive
Natalie,sugar-snaps-layers-tank#DeepCobalt,1,positive
Mae-Lee,belle-v-neck-forgiver-tunic#BlueMarle,1,positive
Emma,long-sleeve-softly-swinging-bamboo-tee#Fern,1,positive
Riina,rory-spliced-zip-hoodie#Slate,1,positive
Amanda,the-check-pullover#PinkCheck,1,positive
Fiona,the-pocket-tee#NavyStripe,1,positive
Emma,long-sleeve-softly-swinging-bamboo-tee#White,1,positive
Amanda,the-blouson-sleeve-jumper#Navy,1,positive
Stefania,the-cross-over-poncho#Grey,1,positive
Olivia,the-sleeveless-cross-over-blouse#Sunshine,1,positive
Gemma,cara-tee-4#White,1,positive
Jess,the-open-sleeve-blouse#Berry,1,positive
Perrie,the-batwing-tee#Stone,1,positive
Laura,the-weekender-shirt#GreyStripe,1,positive
Fiona,the-asymmetrical-hem-sweater#Blush,1,positive
Sophia,the-panel-luxe-top#BlkWhite,1,positive
Jess,shirt-in-a-box#Silver,1,positive
Jess,belle-polka-dot-blouse#WhiteSpot,1,positive
Jess,the-cotton-bamboo-tee#BlueJeans,1,positive
Clementine,the-cross-over-blouse#Red,1,positive
Mae-Lee,agra-shirt#White,1,positive
Stacey,2-in-1-jumper#Navy,1,positive
Sophia,the-daily-cross-over-top#SkyBlue,1,positive
Katie,sequin-heart-layered-top#Natural,1,positive
Sophie,crosses-jumper#xmyheart,1,positive
Palatina,the-boat-neck-top-1#NavyWhite,1,positive
Laura,layered-tee-2#White,1,positive
Jess,sugar-snaps-layers-tank#DuckEgg,1,positive
Palatina,the-boat-neck-top#Black,1,positive
Sophie,the-everyday-shirt#Black,1,positive
Fiona,falling-for-you-cardi#Port,1,positive
Stacey,open-plains-kimono-throw-1#Rust,1,positive
Jess,print-shirt-1#Blush,1,positive
Nathalie,runaway-top#SoftMint,1,positive
Nadine,hayley-button-down#NavySparro,1,positive
Natalie,the-sleeveless-cross-over-blouse#Salmon,1,positive
Chelsea,the-contrast-34-sleeve-top#Navy,1,positive
Jess,softly-swinging-bamboo-tee#Jewel,1,positive
Palatina,under-the-stars-blouse#Petal,1,positive
Katie,long-sleeve-ruffle-shirt#White,1,positive
Jess,sugar-snaps-layers-tank#White,1,positive
Maddy,the-cut-out-shoulder-blouse#Salmon,1,positive
Jess,softly-swinging-bamboo-tee#White,1,positive
Helen,icing-sugar-top#Ivory,1,positive
Alex,the-short-sleeve-wrap-jersey-top#Emerald,1,positive
Laura,the-cotton-bamboo-tank#White,1,positive
Jess,natural-pattern-cocoon-cardigan#Blossom,1,positive
Jess,the-layered-cross-over-top#Navy,1,positive
Riina,paradise-cardi#MultiStrip,1,positive
Natalie,the-cross-over-blouse#Black,1,positive
Natalie,belle-two-in-one-top#Charcoal,1,positive
Chelsea,star-and-spot-sweater#SilverMult,1,positive
Georgia,falling-for-you-cardi#Teal,1,positive
Perrie,the-cut-out-shoulder-blouse#Blue,1,positive
Mae-Lee,softly-swinging-bamboo-tee#Blush,1,positive
Katie,lavaux-bell-sleeve#Mustard,1,positive
Amanda,the-layered-cross-over-top#Navy,1,positive
Laura,the-contrast-34-sleeve-top#Navy,1,positive
Anna,belle-half-sleeve-forgiver-tunic#MutedClay,1,positive
Fiona,belle-satin-shirt#Black,1,positive
Laura,the-reversible-cowl-neck-top-1#White,1,positive
Amanda,the-sleeveless-cross-over-blouse#Black,1,positive
Natalie,the-cross-over-blouse#Sunshine,1,positive
Shadae,fundamental-rib-long-sleeve-tee#White,1,positive
Mae-Lee,the-cotton-bamboo-tank#Chambray,1,positive
Laura,the-drape-tee-1#NavyStripe,1,positive
Fiona,the-high-low-drape-tee#Sage,1,positive
Ljubenka,softly-swinging-bamboo-tee#Copper,1,positive
Stacey,chill-out-slouch-top#GreyMarle,1,positive
Mae-Lee,the-relaxed-long-sleeve-tee#Black,1,positive
Gemma,hydrangea-kimono#Hydrangea,1,positive
Gemma,love-song-relaxed-blouse#SagePearl,1,positive
Kate,the-wrap-jersey-top#JetBlack,1,positive
Ljubenka,the-cotton-bamboo-tank#Moonbeam,1,positive
Laura,ruffle-top-4#Terracotta,1,positive
Summer,fundamental-split-hoodie#Navy,1,positive
Stefania,the-blouson-sleeve-jumper#Grey,1,positive
Mae-Lee,falling-for-you-cardi#Dusty,1,positive
Charlotte,natural-cropped-sleeve-knit#Cloudcover,1,positive
Nikki,hacienda-tunic-pushkar#Cornflower,1,positive
Stacey,robyn-top-1#Roanne,1,positive
Georgia,sugar-snaps-layers-tank#Red,1,positive
Laura,the-relaxed-long-sleeve-tee#White,1,positive
Fiona,be-mine-top-1#Sage,1,positive
Gemma,you-at-my-shoulder-tunic#Black,1,positive
Riina,the-essential-pullover#DustyPeach,1,positive
Monique,layered-tunic-1#Natural,1,positive
Emma,printed-v-neck-top#Striped,1,positive
Marnee,sugar-snaps-throw-jacket#White,1,positive
Maddy,the-wrap-jersey-top#PortSpot,1,positive
Ljubenka,the-half-sleeve-tee#White,1,positive
Fiona,the-relax-blouse#White,1,positive
Anna,the-sleeveless-cross-over-blouse#White,1,positive
Jess,off-shoulder-top-1#Strawberry,1,positive
Emma,crosses-jumper#xmyheart,1,positive
Fiona,softly-falling-bamboo-tunic#Copper,1,positive
Georgia,sugar-snaps-round-neck-layer-tank#DuckEgg,1,positive
Mae-Lee,the-drape-tee-1#NavyStripe,1,positive
Monique,lurex-stitch-top#White,1,positive
Nathalie,the-everyday-shirt#Rose,1,positive
Madeline,ruffle-top-4#Terracotta,1,positive
Laura,belle-drape-tee#Black,1,positive
Emma,tie-back-bell-sleeve-top-5#Summerbud,1,positive
Chelsea,daylight-jumper#Silver,1,positive
Ljubenka,the-cotton-bamboo-tank#DarkNavy,1,positive
Summer,striped-sleeve-sweater#Striped,1,positive
Clementine,sugar-snaps-layers-tank#DeepCobalt,1,positive
Amanda,the-stitch-detail-top#Pink,1,positive
Fiona,lola-bell-sleeve-top-ditsy-daisies#Blue,1,positive
Georgia,falling-for-you-cardi#GreyMarle,1,positive
Jess,belle-half-sleeve-forgiver-tunic#White,1,positive
Jess,the-short-sleeve-wrap-jersey-top#Blue,1,positive
Stacey,skipping-stones-tunic#Forest,1,positive
Laura,the-essential-layering-tee#White,1,positive
Georgia,nuzuri-longline-cardi#Forest,1,positive
Tia,the-drape-tee-1#White,1,positive
Stacey,the-belle-sleeve-print-top#NavyPrint,1,positive
Jess,falling-for-you-cardi#Port,1,positive
Shadae,ember-knit#EmberGlow,1,positive
Alex,the-cross-over-blouse#Blue,1,positive
Marnee,long-sleeve-softly-swinging-bamboo-tee#Storm,1,positive
Mae-Lee,falling-for-you-cardi#Mustard,1,positive
Jess,the-button-up-swing-tunic#Wine,1,positive
Kate,sugar-snaps-layers-tank#NewBeige,1,positive
Chelsea,the-drape-tee-1#Navy,1,positive
Jess,for-the-frill-top#Ivory,1,positive
Jess,long-sleeve-spot-top#Multispot,1,positive
Laura,summer-breeze-top-1#White,1,positive
Chelsea,the-drape-tee-1#Stripe,1,positive
Jess,belle-ls-free-fall-tee#Blush,1,positive
Perrie,the-everyday-shirt#Cream,1,positive
Lauren,natural-cross-back-knit#Lightsmoke,1,positive
Maddy,the-everyday-shirt#Pink,1,positive
Georgia,walk-in-the-park-cardi#Sand,1,positive
Sophia,bubbles-print-tee#Cambridge,1,positive
Emma,long-sleeve-softly-swinging-bamboo-tee#SilverScon,1,positive
Lauren,to-the-beat-of-the-drum-kimono#Leaf,1,positive
Natalia,the-zip-front-blouse#Khaki,1,positive
Fiona,long-sleeve-softly-swinging-bamboo-tee#Smoke,1,positive
Chelsea,the-flutter-sleeve-top#SnakePrint,1,positive
Fiona,sunshine-in-me-tee-1#White,1,positive
Chelsea,luxe-shirt#Champagne,1,positive
Mae-Lee,lurex-stitch-top#White,1,positive
Georgia,softly-swinging-bamboo-tee#Storm,1,positive
Mae-Lee,softly-swinging-bamboo-tee#Jewel,1,positive
Marnee,soft-and-true-tunic#Pine,1,positive
Stacey,bird-jumper#Navy,1,positive
Jess,the-stitch-detail-top#Pink,1,positive
Maddy,the-sleeveless-cross-over-blouse#Salmon,1,positive
Sophie,long-sleeve-softly-swinging-bamboo-tee#Oyster,1,positive
Laura,the-long-sleeve-scoop-neck-tee#Black,1,positive
Riina,the-daily-essential-jumper#Grey,1,positive
Mercy,belle-v-neck-forgiver-tunic#Tobacco,1,positive
Tia,sugar-snaps-layers-tank#Mint,1,positive
Natalie,the-batwing-tee#Sea,1,positive
Emma,long-sleeve-softly-swinging-bamboo-tee#Oyster,1,positive
Katie,birds-tee-1#Navy,1,positive
Shadae,fundamental-vee-tee#Black,1,positive
Marnee,the-cotton-bamboo-tank#DarkNavy,1,positive
Gemma,on-the-horizon-swing-top-1#Khaki,1,positive
Amanda,the-sleeveless-cross-over-blouse#Salmon,1,positive
Fiona,the-ruffle-sleeve-sweat#KhakiMarle,1,positive
Amanda,the-bell-sleeve-top#Grey,1,positive
Anna,the-long-sleeve-v-neck-tee#Black,1,positive
Laura,the-everyday-shirt#Midnight,1,positive
Chelsea,glasgow-top#Melange,1,positive
Clementine,the-cotton-bamboo-tank#DuckEgg,1,positive
Jess,first-mix-top-1#BlackWhite,1,positive
Amanda,the-essential-pullover#DustyPeach,1,positive
Emma,the-relaxed-long-sleeve-tee#Khaki,1,positive
Maddy,annabelle-sweater#Midnight,1,positive
Marnee,the-cotton-bamboo-tank#Chambray,1,positive
Clementine,sugar-snaps-layers-tank#White,1,positive
Madeline,bertie-top#Black,1,positive
Gemma,under-the-stars-blouse#Petal,1,positive
Fiona,the-luxe-cotton-tunic#White,1,positive
Emma,long-sleeve-check-top#Check,1,positive
Lauren,the-twist-front-top#Navy,1,positive
Palatina,pure-merino-fine-rib-v-neck#Charcoal,1,positive
Natalia,neptune-top-1#PrimBlack,1,positive
Mae-Lee,the-cotton-bamboo-tee#DustyPink,1,positive
Mae-Lee,falling-for-you-cardi#Port,1,positive
Georgia,long-sleeve-softly-swinging-bamboo-tee#DuckEgg,1,positive
Mae-Lee,the-short-sleeve-wrap-jersey-top#Emerald,1,positive
Marnee,falling-for-you-cardi#Dusty,1,positive
Laura,the-drape-tee-1#Black,1,positive
Ljubenka,runaway-top#SoftMint,1,positive
Maddy,the-relaxed-long-sleeve-tee#Pink,1,positive
Chelsea,2-in-1-layered-top-1#NavyWhite,1,positive
Amanda,the-everyday-shirt#Midnight,1,positive
Mae-Lee,softly-swinging-bamboo-tee#Copper,1,positive
Gemma,placement-print-shirt#WhiteNavy,1,positive
Mae-Lee,the-long-sleeve-v-neck-tee#White,1,positive
Maddy,the-sleeveless-cross-over-blouse#Black,1,positive
Jess,the-bonded-cotton-shirt#Pink,1,positive
Fiona,the-slouch-pocket-tee#Stripe,1,positive
Georgia,layer-me-bamboo-rouched-sleeve-tee#Black,1,positive
Palatina,the-essential-pullover#SkyBlue,1,positive
Anna,melbourne-stretch-cardigan#NavyWhtStr,1,positive
Amanda,the-cross-front-spot-blouse#NavySpot,1,positive
Georgia,rising-mist-jumper#Nickel,1,positive
Riina,the-bell-sleeve-top#Grey,1,positive
Georgia,dusk-top#DuskPrint,1,positive
Sophie,long-sleeve-softly-swinging-bamboo-tee#BlueJeans,1,positive
Riina,the-soft-knit-jumper#NavyStripe,1,positive
Stacey,layer-me-bamboo-rouched-sleeve-tee#Fern,1,positive
Alex,the-sleeveless-cross-over-blouse#Black,1,positive
Amanda,the-batwing-tee#FrenchBlue,1,positive
Denniel,the-cut-out-shoulder-blouse#Blue,1,positive
Fiona,the-tie-detail-hoody#FrenchBlue,1,positive
Anna,the-long-sleeve-v-neck-tee#White,1,positive
Georgia,long-sleeve-softly-swinging-bamboo-tee#Cashew,1,positive
Madeline,natural-crossover-knit-1#Stormcloud,1,positive
Gemma,falling-for-you-cardi#Mustard,1,positive
Riina,the-luxe-long-sleeve-tee#GreyMarle,1,positive
Kate,the-everyday-shirt#Cream,1,positive
Riina,the-bamboo-tunic-dress#Khaki,1,positive
Georgia,first-love-kimono-jacket#Stone,1,positive
Gemma,falling-for-you-cardi#Rust,1,positive
Olivia,runaway-top#Sand,1,positive
Fiona,chill-out-slouch-top#GreyMarle,1,positive
Sophia,falling-for-you-cardi#Teal,1,positive
Fiona,foil-spot-tee-1#Navy,1,positive
Mae-Lee,double-layered-top-1#WBlack,1,positive
Clementine,the-cotton-bamboo-tank#DarkNavy,1,positive
Bree,belle-half-sleeve-forgiver-tunic#Apricot,1,positive
Clementine,the-cross-over-blouse#Sunshine,1,positive
Georgia,sugar-snaps-layers-tank#Black,1,positive
Fiona,starry-night-cardi#Chalk,1,positive
Summer,long-sleeve-spot-top#Multispot,1,positive
Fiona,falling-for-you-cardi#Mustard,1,positive
Mercy,belle-satin-shirt#Black,1,positive
Riina,the-panel-hem-top#DenimMarle,1,positive
Palatina,falling-for-you-cardi#Rust,1,positive
Georgia,falling-for-you-cardi-2#WinterRose,1,positive
Laura,the-high-low-drape-tee#Grey,1,positive
Amanda,the-double-layer-top#White,1,positive
Sophia,the-pocket-tee#GreyStripe,1,positive
Fiona,cross-my-heart-bamboo-slouch-tee#White,1,positive
Fiona,long-sleeve-layer-top#White,1,positive
Natalia,the-cosy-cardigan#Grey,1,positive
Summer,cool-breeze-jumper#Dust,1,positive
Jess,natural-overlay-knit#Greybloss,1,positive
Fiona,the-frill-wrap-blouse#Spot,1,positive
Gemma,ryder-cosy-sweater#Blossom,1,positive
Mae-Lee,the-design-fold-tunic-top#PearlBlue,1,positive
Marnee,the-drape-tee-1#Stripe,1,positive
Emma,overlay-tunic-3-pce-set#Emerald,1,positive
Mae-Lee,softly-swinging-bamboo-tee#BlueJeans,1,positive
Jess,the-sleeveless-cross-over-blouse#Mint,1,positive
Mae-Lee,softly-swinging-bamboo-tee#Navy,1,positive
Emma,long-sleeve-softly-swinging-bamboo-tee#BlueJeans,1,positive
Nadine,the-everyday-shirt#Cream,1,positive
Miranda,the-side-ring-detail-blouse-1#Black,1,positive
Mae-Lee,reversible-scoopv-neck-tank#Navy,1,positive
Laura,lola-bell-sleeve-top-ditsy-daisies#Blue,1,positive
Jude,falling-for-you-cardi#Teal,1,positive
Mercy,belle-v-neck-forgiver-tunic#Black,1,positive
Emma,sugar-snaps-layers-tank#SeaGreen,1,positive
Clementine,the-cross-over-blouse#Blue,1,positive
Jess,long-sleeve-softly-swinging-bamboo-tee#DuckEgg,1,positive
Laura,foil-print-top-2#Navy,1,positive
Kate,the-cotton-bamboo-tee#White,1,positive
Jess,belle-mid-length-knit-cardi#Black,1,positive
Gemma,floral-embroidered-jumper#Navy,1,positive
Mae-Lee,long-sleeve-softly-swinging-bamboo-tee#BlueJeans,1,positive
Georgia,softly-swinging-bamboo-tee#Cashew,1,positive
Clementine,wrap-me-up-bamboo-top#Black,1,positive
Chelsea,falling-for-you-cardi#Navy,1,positive
Natalie,the-wrap-jersey-top#JetBlack,1,positive
Natalia,the-contrast-knit-1#Sage,1,positive
Maddy,the-sleeveless-cross-over-blouse#Chambray,1,positive
Mae-Lee,for-the-frill-top#Ivory,1,positive
Anna,melbourne-stretch-cardigan#Black,1,positive
Gemma,foil-striped-2-in-1-top#Blue,1,positive
Sophie,the-everyday-shirt#Midnight,1,positive
Anna Maria,the-cross-over-top#GreyStripe,1,positive
Alex,the-cotton-bamboo-tee#DuckEgg,1,positive
Katie,silver-cross-sweater#Silver,1,positive
Fiona,long-sleeve-softly-swinging-bamboo-tee#Navy,1,positive
Palatina,falling-for-you-cardi#Navy,1,positive
Tia,softly-swinging-bamboo-tee#Copper,1,positive
Fiona,the-tie-front-tank#White,1,positive
Denniel,the-short-sleeve-wrap-jersey-top#Blue,1,positive
Laura,the-cotton-bamboo-tank#DarkNavy,1,positive
Riina,the-stitch-v-neck-knit#PinkMarle,1,positive
Mae-Lee,the-cross-over-blouse#Mint,1,positive
Amanda,the-everyday-shirt#Cream,1,positive
Chelsea,the-cotton-bamboo-ls-top#NavyStripe,1,positive
Tia,sugar-snaps-layers-tank#SeaGreen,1,positive
Emma,longline-cardigan-2#Pink,1,positive
Sophie,the-cross-over-top#GreyStripe,1,positive
Madeline,llama-long-sleeve-shirt#Mustard,1,positive
Marnee,falling-for-you-tunic#Rust,1,positive
Miranda,the-define-flute-sleeve-blouse#White,1,positive
Tia,sugar-snaps-layers-tank#DuckEgg,1,positive
Riina,napoleon-top-1#NemoBlue,1,positive
Denniel,the-batwing-tee#Stone,1,positive
Rosaline,roll-with-me-jumper#Chalk,1,positive
Miranda,the-cape-jersey-top#DarkNavy,1,positive
Nadine,merino-boyfriend-cardigan#MelangeStr,1,positive
Ljubenka,long-sleeve-tee-2#NavyWhite,1,positive
Olivia,runaway-top#SoftMint,1,positive
Laura,falling-for-you-cardi#Black,1,positive
Amanda,the-tie-layering-knit#Grey,1,positive
Olivia,sugar-snaps-layers-tank#White,1,positive
Maddy,the-relaxed-long-sleeve-tee#Black,1,positive
Jess,silver-dot-tie-sleeve-blouse#SilverDotP,1,positive
Laura,jade-kimono-kaleidoscope#Blue,1,positive
Emma,long-sleeve-softly-swinging-bamboo-tee#Black,1,positive
Marnee,wrap-me-up-bamboo-top#BlueJeans,1,positive
Mae-Lee,nuzuri-longline-cardi#Forest,1,positive
Perrie,marjorie-tie-blouse#BluePrint,1,positive
Maddy,saba-top-2#Catus,1,positive
Fiona,falling-for-you-cardi#Navy,1,positive
Jess,natural-extra-fine-sweater#Snowgum,1,positive
Summer,nova-lux-long-sleeve-tie-top-1#CloudDance,1,positive
Chelsea,the-drape-tee-1#White,1,positive
Tia,wildflower-shirt#White,1,positive
Georgia,batty-about-you-cotton-tee#BlkWhite,1,positive
Monique,the-cotton-bamboo-tank#White,1,positive
Natalia,the-tie-layering-knit#Grey,1,positive
Charlotte,natural-classic-cardigan#Pebble,1,positive
Sophia,the-shoulder-tie-top#Black,1,positive
Jess,long-sleeve-softly-swinging-bamboo-tee#Smoke,1,positive
Fiona,natural-cosy-sweater#Rosered,1,positive
Ljubenka,belle-tie-neck-blouse-tee#White,1,positive
Alex,the-cross-over-blouse#White,1,positive
Anna,the-drape-tee-1#White,1,positive
Tia,the-cross-over-blouse#Mint,1,positive
Mae-Lee,softly-swinging-bamboo-tee#White,1,positive
Fiona,belle-v-neck-forgiver-tunic#DenimMarl,1,positive
Anna,melbourne-stretch-cardigan#Navy,1,positive
Chelsea,the-reversible-cowl-neck-top-2#Ocean,1,positive
Jess,the-cotton-bamboo-tank#Moonbeam,1,positive
Georgia,softly-swinging-bamboo-singlet#BlueJean,1,positive
Amanda,the-daily-essential-jumper#Grey,1,positive
Laura,hannah-tee-1#Black,1,positive
Charlotte,natural-waterfall-cardigan#Fallendust,1,positive
Stacey,the-bell-sleeve-top#BlkStripe,1,positive
Sophia,the-shoulder-tie-top#Navy,1,positive
Laura,milan-stretch-top#Navy,1,positive
Marnee,the-drape-tee-1#White,1,positive
Summer,capri-tank-3#NavyStripe,1,positive
Clementine,the-sleeveless-cross-over-blouse#Black,1,positive
Perrie,the-everyday-shirt#Black,1,positive
Riina,the-relaxed-long-sleeve-tee#Navy,1,positive
Marnee,softly-swinging-bamboo-tee#Black,1,positive
Anna,milan-stretch-top#Navy,1,positive
Laura,the-cut-out-shoulder-blouse#White,1,positive
Chelsea,york-linen-blend-top#BurntOrang,1,positive
Lucy,the-batwing-tee#Sea,1,positive
Stefania,the-relaxed-batwing-top#PeachRose,1,positive
Sophie,long-sleeve-softly-swinging-bamboo-tee#Black,1,positive
Summer,square-nk-fray-trim-top#Denim,1,positive
Maddy,the-cotton-bamboo-tank#Moonbeam,1,positive
Gemma,eco-78-long-cardigan#DarkGreyM,1,positive
Stacey,contrast-pocket-tunic#Pinkpocket,1,positive
Natalia,the-define-flute-sleeve-blouse#Black,1,positive
Summer,nova-lux-long-sleeve-tie-top-1#SimplyGree,1,positive
Tia,the-cut-out-shoulder-blouse#Silver,1,positive
Marnee,the-button-up-swing-tunic#Wine,1,positive
Gemma,moonlight-kisses-bamboo-tee#Black,1,positive
Amanda,the-oversize-knit#GreyMarle,1,positive
Madeline,aigli-top#White,1,positive
Ljubenka,the-cross-over-blouse#Sunshine,1,positive
Emma,sugar-snaps-layers-tank#White,1,positive
Monique,the-stella-tee#Marine,1,positive
Chelsea,the-oversized-cotton-blend-shirt#Sand,1,positive
Nadine,the-everyday-shirt#Pink,1,positive
Summer,emerald-knit#Emerald,1,positive
Summer,napoleon-top-1#NemoBlue,1,positive
Jess,belle-flocked-tunic#Pale%20Blue,1,positive
Marnee,softly-swinging-bamboo-tee#Blush,1,positive
Natalia,bodega-knit#Moss,1,positive
Amanda,the-panel-luxe-top#SilvWhite,1,positive
Jess,everyday-linen-tunic#BotanicalB,1,positive
Fiona,belle-v-neck-forgiver-tunic#BlueMarle,1,positive
Riina,the-roll-neck-sweater#Natural,1,positive
Georgia,to-the-beat-of-the-drum-kimono#Leaf,1,positive
Fiona,the-reversible-cowl-neck-top-1#White,1,positive
Perrie,shirt-in-a-box#Silver,1,positive
Jess,belle-v-neck-forgiver-tunic#Navy,1,positive
Marnee,falling-for-you-tunic#Black,1,positive
Mae-Lee,the-drape-tee-1#White,1,positive
Nadine,the-everyday-shirt#Black,1,positive
Summer,fundamental-split-hoodie#Pink,1,positive
Tia,the-everyday-shirt#Black,1,positive
Georgia,layer-me-bamboo-rouched-sleeve-tee#Fern,1,positive
Marnee,the-relaxed-long-sleeve-tee#Navy,1,positive
Grazi,germaine-blouse#Pearl,1,positive
Mae-Lee,the-batwing-tee#FrenchBlue,1,positive
Jess,the-v-split-blouse#Salmon,1,positive
Sophie,the-daily-cross-over-top#PinkPrint,1,positive
Fiona,the-contrast-detail-top#Ivory,1,positive
Georgia,falling-for-you-cardi#Dusty,1,positive
Fiona,summer-haze-top#Teal,1,positive
Laura,the-drape-tee-1#Navy,1,positive
Anna,the-everyday-shirt#Pink,1,positive
Georgia,layer-me-bamboo-rouched-sleeve-tee#White,1,positive
Chelsea,falling-for-you-cardi#Khaki,1,positive
Sophia,falling-for-you-cardi#Khaki,1,positive
Marnee,walk-in-the-park-cardi#Sand,1,positive
Sophia,the-linen-tie-sleeve-top#GreyMarle,1,positive
Fiona,the-double-layer-top#White,1,positive
Jess,layer-me-bamboo-rouched-sleeve-tee#Fern,1,positive
Shadae,st-helens-henley-tee#Sapphire,1,positive
Fiona,the-cosy-cardigan#Grey,1,positive
Lisa,frill-sleeve-top-1#LeafPrint,1,positive
Lisa,the-boat-neck-top#Black,1,positive
Fiona,cool-breeze-jumper#Dust,1,positive
Ljubenka,belle-half-sleeve-forgiver-tunic#BlueBonnet,1,positive
Jess,cotton-stripe-cardi-with-pockets#White,1,positive
Mae-Lee,belle-v-neck-forgiver-tunic#Charcoal,1,positive
Marnee,the-drape-tee-1#Black,1,positive
Clementine,sugar-snaps-layers-tank#PeachyKeen,1,positive
Riina,the-zip-front-blouse#Khaki,1,positive
Marnee,long-sleeve-softly-swinging-bamboo-tee#White,1,positive
Mae-Lee,the-printed-v-split-top#Natural,1,positive
Summer,contrast-pocket-tunic#Pinkpocket,1,positive
Monique,reversible-scoopv-neck-tank#Black,1,positive
Natalie,the-long-sleeve-v-neck-tee#Black,1,positive
Natalia,the-define-flute-sleeve-blouse#White,1,positive
Sophie,the-relaxed-long-sleeve-tee#White,1,positive
Anna,the-cross-over-blouse#Red,1,positive
Natalia,lavaux-bell-sleeve#Mustard,1,positive
Fiona,roll-with-me-jumper#Chalk,1,positive
Laura,the-roll-neck-sleeveless-top-1#Black,1,positive
Tia,softly-swinging-bamboo-tee#Black,1,positive
Summer,rama-top#Stonewash,1,positive
Monique,double-layered-top-1#WSilver,1,positive
Georgia,sugar-snaps-throw-jacket#Duckegg,1,positive
Chesska,coogee-shirt#White,1,positive
Laura,belle-v-neck-forgiver-tunic#Navy,1,positive
Mae-Lee,belle-lace-trim-tee#GreyMarle,1,positive
Emma,crushed-top#Blue,1,positive
Chelsea,the-cross-over-poncho#Navy,1,positive
Ljubenka,belle-flocked-tunic#Pale%20Blue,1,positive
Natalia,lola-bell-sleeve-top-entangled-vines#Gold,1,positive
Chelsea,milan-34-sleeve-1#Melange,1,positive
Monique,yvette-blouse#Black,1,positive
Alex,the-short-sleeve-wrap-jersey-top#NavyWhite,1,positive
Jess,long-sleeve-ruffle-shirt#Black,1,positive
Mercy,belle-cowl-swing-sweater#Green,1,positive
Tia,the-drape-tee-1#Stripe,1,positive
Gemma,kimberly-spliced-top#Black,1,positive
Laura,the-everyday-shirt#Black,1,positive
Fiona,the-daily-essential-jumper#Grey,1,positive
Laura,delicado-top#White,1,positive
Chelsea,cross-over-top-with-pocket#BlackWhite,1,positive
Anna,the-drape-tee-1#Stripe,1,positive
Mae-Lee,belle-half-sleeve-forgiver-tunic#Apricot,1,positive
Laura,the-sleeveless-cross-over-blouse#Cobalt,1,positive
Kate,the-cross-over-blouse#Sunshine,1,positive
Alex,the-cotton-bamboo-tee#BlueJeans,1,positive
Georgia,softly-swinging-bamboo-tee#Navy,1,positive
Laura,the-batwing-tee#Stone,1,positive
Natalie,sugar-snaps-layers-tank#Mint,1,positive
Anna,the-batwing-tee#Black,1,positive
Mercy,belle-tie-front-shirt#Black,1,positive
Fiona,the-blouson-sleeve-jumper#Grey,1,positive
Miranda,the-french-cuff-shirt#White,1,positive
Ljubenka,the-cotton-bamboo-tank#White,1,positive
Summer,haze-swing-top#OffWhite,1,positive
Amanda,the-midi-waterfall-cardi#BlueMarle,1,positive
Sophia,falling-for-you-cardi#Dusty,1,positive
Emma,everyday-linen-tunic#BotanicalB,1,positive
Jess,belle-petal-print-top#Petal,1,positive
Laura,the-cross-over-blouse#Mint,1,positive
Sophie,the-relaxed-long-sleeve-tee#Khaki,1,positive
Laura,the-cross-over-blouse#Blue,1,positive
Fiona,the-essential-layering-tee#Ink,1,positive
Anna,the-cut-out-shoulder-blouse#Black,1,positive
Fiona,long-sleeve-softly-swinging-bamboo-tee#Copper,1,positive
Laura,softly-swinging-bamboo-tee#Copper,1,positive
Maddy,the-cotton-bamboo-tank#DuckEgg,1,positive
Jess,the-sleeveless-cross-over-blouse#Salmon,1,positive
Laura,jade-kimono-sweet-blossoms#Blue,1,positive
Laura,the-everyday-shirt#Cream,1,positive
Amanda,the-on-or-off-the-shoulder-top#Pink,1,positive
Louise,ponte-spot-top#BlackWhite,1,positive
Sophia,falling-for-you-cardi#GreyMarle,1,positive
Georgia,sugar-snaps-layers-tank#Blue,1,positive
Laura,the-double-layer-top#Black,1,positive
Stefania,the-relaxed-long-sleeve-tee#White,1,positive
Ljubenka,the-cross-over-blouse#RoyalBlue,1,positive
Summer,knit-hoodie-1#Sage,1,positive
Fiona,square-peg-pullover#SilverMix,1,positive
Jess,daisy-top-1#BrightBlue,1,positive
Anna,belle-half-sleeve-forgiver-tunic#FlamPink,1,positive
Madeline,layered-top-2#White,1,positive
Marnee,softly-falling-bamboo-tunic#White,1,positive
Summer,sky-jumper-1#Clouds,1,positive
Ljubenka,the-cut-out-shoulder-blouse#Silver,1,positive
Natalie,sugar-snaps-layers-tank#DuckEgg,1,positive
Kate,sugar-snaps-layers-tank#SeaGreen,1,positive
Fiona,the-blouson-sleeve-jumper#Navy,1,positive
Jude,crossing-the-plains-sweater-1#Indigo,1,positive
Natalie,the-everyday-shirt#Midnight,1,positive
Mae-Lee,long-sleeve-softly-swinging-bamboo-tee#Cashew,1,positive
Gemma,sequin-cross-2-in-1-top#Khaki,1,positive
Maddy,the-cut-out-shoulder-blouse#Clay,1,positive
Palatina,luxe-shirt#Black,1,positive
Katie,elcos-top#LightGrey,1,positive
Marnee,softly-swinging-bamboo-tee#TeaRose,1,positive
Madeline,natural-cosy-sweater#Rosered,1,positive
Kate,the-cotton-bamboo-tee#BlueJeans,1,positive
Chesska,gloria-applique-crew#Charcoal,1,positive
Riina,the-longline-cardi-1#Nude,1,positive
Georgia,for-the-frill-top#Ivory,1,positive
Amanda,the-layered-cross-over-top#Black,1,positive
Natalia,the-twist-hem-jumper#DenimMarle,1,positive
Denniel,the-cotton-bamboo-tee#BlueJeans,1,positive
Kate,the-sleeveless-cross-over-blouse#Sunshine,1,positive
Madeline,natural-cropped-sleeve-knit#Cloudcover,1,positive
Laura,the-cotton-bamboo-ls-top#Black,1,positive
Ljubenka,cross-my-heart-sweater#Regal,1,positive
Fiona,the-pocket-tee#GreyStripe,1,positive
Amanda,the-contrast-knit-1#Navy,1,positive
Fiona,lola-bell-sleeve-top-entangled-vines#Gold,1,positive
Jude,falling-for-you-cardi#Navy,1,positive
Emma,belle-flute-sleeve-tee#Navy,1,positive
Amanda,the-cotton-blend-stripe-jumper#BlueStripe,1,positive
Summer,wonderland-blouse#Ink,1,positive
Riina,the-relaxed-long-sleeve-tee#Black,1,positive
Lauren,sugar-snaps-throw-jacket#Duckegg,1,positive
Shadae,monaco-knot-top#HeatheGrey,1,positive
Chelsea,weekend-cardigan#Black,1,positive
Jess,the-cotton-bamboo-tee#DuckEgg,1,positive
Stefania,the-relaxed-long-sleeve-tee#Black,1,positive
Mae-Lee,belle-v-neck-forgiver-tunic#Scarlett,1,positive
Summer,nova-lux-long-sleeve-tie-top-1#NightSky,1,positive
Stefania,the-zip-detail-jacket#Grey,1,positive
Palatina,the-boat-neck-top#Navy,1,positive
Jess,belle-nautical-applique-tee#BlueStripe,1,positive
Chelsea,bird-print-jumper#Navy,1,positive
Tia,the-cross-over-blouse#Black,1,positive
Fiona,the-boat-neck-top-1#NavyWhite,1,positive
Jess,wrap-me-up-bamboo-top#BlueJeans,1,positive
Marnee,to-the-beat-of-the-drum-kimono#Leaf,1,positive
Tia,softly-swinging-bamboo-tee#Blush,1,positive
Natalia,crosses-jumper#xmyheart,1,positive
Jess,long-sleeve-softly-swinging-bamboo-tee#Storm,1,positive
Georgia,softly-swinging-bamboo-tee#Jewel,1,positive
Marnee,falling-for-you-top#Blue,1,positive
Laura,the-slouch-pocket-tee#Stripe,1,positive
Gemma,art-deco-print-top#NavyWhite,1,positive
Chelsea,falling-for-you-cardi#Port,1,positive
Fiona,falling-for-you-cardi#Dusty,1,positive
Ljubenka,belle-v-neck-forgiver-tunic#Tobacco,1,positive
Shadae,sadie-crew#GreyMarle,1,positive
Laura,crossing-the-plains-sweater-1#Indigo,1,positive
Tia,softly-swinging-bamboo-tee#Chambray,1,positive
Sophia,billow-top#Black,1,positive
Marnee,summer-haze-top#Teal,1,positive
Marnee,the-bamboo-tunic-dress#Khaki,1,positive
Marnee,pocket-shirt-1#Ivory,1,positive
Jess,linen-cotton-shirt#White,1,positive
Riina,the-contrast-panel-top#SageStripe,1,positive
Emma,the-pocket-tee#NavyStripe,1,positive
Maddy,the-cross-over-blouse#Blue,1,positive
Summer,cherrington-top#GreyRose,1,positive
Clementine,sugar-snaps-layers-tank#NewBeige,1,positive
Amanda,the-tie-front-tank#Navy,1,positive
Mae-Lee,falling-for-you-cardi#Black,1,positive
Anna Maria,the-textured-spot-top#Pink,1,positive
Clementine,still-the-one-ruffle-blouse#Spot,1,positive
Katie,layered-stripe-top#PinkStripe,1,positive
Lucy,the-batwing-tee#Stone,1,positive
Clementine,the-on-or-off-the-shoulder-top#Pink,1,positive
Jude,contrast-stripe-sweater#Pockets,1,positive
Nikki,rika-top#BatikTile,1,positive
Clementine,the-cross-over-blouse#Black,1,positive
Fiona,chill-out-slouch-top#Mustard,1,positive
Marnee,the-relaxed-long-sleeve-tee#White,1,positive
Marnee,softly-swinging-bamboo-tee#BlueJeans,1,positive
Shadae,fundamental-rib-long-sleeve-tee#Black,1,positive
Monique,the-crossover-2-way-blouse#Black,1,positive
Fiona,foil-print-top-2#Navy,1,positive
Emma,the-pocket-tee#GreyStripe,1,positive
Mae-Lee,the-sleeveless-cross-over-blouse#Chambray,1,positive
Anna,the-everyday-shirt#Rose,1,positive
Miranda,the-printed-side-ring-detail-blouse#Block,1,positive
Marnee,softly-swinging-bamboo-tee#Navy,1,positive
Anna,belle-half-sleeve-forgiver-tunic#BlueBonnet,1,positive
Riina,the-box-top#Blush,1,positive
Chesska,soho-ruffle-jumper#OatmealMar,1,positive
Maddy,the-long-sleeve-scoop-neck-tee#Black,1,positive
Chelsea,pure-merino-fine-rib-v-neck#Charcoal,1,positive
Laura,the-sleeveless-cross-over-blouse#Chambray,1,positive
Anna Maria,the-twist-front-top#Grey,1,positive
Marnee,on-the-open-road-maxi-shirt#DarkOchre,1,positive
Mae-Lee,baobab-sweater#Bark,1,positive
Maddy,the-batwing-tee#Black,1,positive
Amanda,the-twist-hem-jumper#DenimMarle,1,positive
Amanda,the-dobby-sleeve-tee#White,1,positive
Lauren,belle-mesh-cardi#Black,1,positive
Amanda,the-panel-hem-top#Khaki,1,positive
Maddy,the-relaxed-long-sleeve-tee#White,1,positive
Laura,the-short-sleeve-wrap-jersey-top#Blue,1,positive
Nadine,heartmade-sweater#Rust,1,positive
Sophie,natural-crossover-knit-1#Stormcloud,1,positive
Marnee,skipping-stones-tunic#Forest,1,positive
Anna,bella-ls-tee#GreenWhite,1,positive
Marnee,the-cotton-bamboo-tank#DuckEgg,1,positive
Jess,the-batwing-tee#Sea,1,positive
Emma,jade-kimono-sweet-blossoms#Blue,1,positive
Laura,maui-stretch-tee#NavyWhtStr,1,positive
Anna,the-sleeveless-cross-over-blouse#Chambray,1,positive
Lisa,partly-cloudy-knit#PawPaw,1,positive
Anna,the-short-sleeve-wrap-jersey-top#Black,1,positive
Summer,nature-ls-top#BlueGum,1,positive
Mae-Lee,relaxed-top-1#FloraStrip,1,positive
Jess,marjorie-tie-blouse#BluePrint,1,positive
Alex,the-sleeveless-cross-over-blouse#Mint,1,positive
Clementine,sugar-snaps-layers-tank#DuckEgg,1,positive
Sophia,the-box-top#Khaki,1,positive
Gemma,sand-queen-throw-blouse#Fleur,1,positive
Lauren,drama-top#BlackGrey,1,positive
Clementine,natural-extra-fine-sweater#Snowgum,1,positive
Riina,the-shoulder-tie-top#White,1,positive
Laura,frill-me-tie-throw-on#WhiteBlk,1,positive
Tia,sugar-snaps-layers-tank#Black,1,positive
Laura,the-wrap-jersey-top#Charcoal,1,positive
Gemma,foil-2-in-1-spot-top#Charcoal,1,positive
Summer,fundamental-vee-tee#Navy,1,positive
Monique,reversible-scoopv-neck-tank#Navy,1,positive
Chelsea,falling-for-you-cardi#Black,1,positive
Jess,sugar-snaps-layers-tank#Mint,1,positive
Jess,softly-swinging-bamboo-tee#Navy,1,positive
Chelsea,the-reversible-cowl-neck-top-1#Black,1,positive
Mercy,aztec-cardigan#BlackIvory,1,positive
Katie,long-sleeve-ruffle-shirt#Black,1,positive
Gemma,napoleon-top-1#NemoRed,1,positive
Laura,high-street-knit#NavyStripe,1,positive
Riina,the-dobby-sleeve-tee#White,1,positive
Fiona,the-shoulder-tie-top#Black,1,positive
Fiona,sugar-snaps-round-neck-layer-tank#DuckEgg,1,positive
Fiona,sugar-snaps-round-neck-layer-tank#Black,1,positive
Natalie,the-long-sleeve-v-neck-tee#White,1,positive
Tia,vivian-blouse#Check,1,positive
Mae-Lee,the-short-sleeve-wrap-jersey-top#Blue,1,positive
Palatina,sky-shirt#Clouds,1,positive
Marnee,softly-falling-bamboo-tunic#Copper,1,positive
Jude,pattern-tunic-1#Lattice,1,positive
Laura,softly-swinging-bamboo-singlet#Cashew,1,positive
Riina,the-colour-block-pullover#Sage,1,positive
Sophia,the-boat-neck-top#Black,1,positive
Ljubenka,softly-swinging-bamboo-tee#Storm,1,positive
Gemma,animal-button-up-shirt#KhakiPrint,1,positive
Summer,the-excess-shirt#Pearl,1,positive
Gemma,driftwood-gathering-blouse#Khaki,1,positive
Clementine,the-frill-detail-blouse#Chambray,1,positive
Laura,the-double-layer-top#White,1,positive
Riina,rory-spliced-zip-hoodie#Silver,1,positive
Summer,circles-knit#Plum,1,positive
Jess,the-cut-out-shoulder-blouse#Clay,1,positive
Olivia,the-sleeveless-cross-over-blouse#Salmon,1,positive
Amanda,the-shoulder-tie-top#Navy,1,positive
Lauren,sugar-snaps-throw-jacket#White,1,positive
Mae-Lee,softly-swinging-bamboo-tee#Chambray,1,positive
Lauren,sugar-snaps-throw-jacket#Black,1,positive
Natalie,the-everyday-shirt#Rose,1,positive
Sophie,paint-stroke-top#Strokes,1,positive
Riina,the-tie-front-tank#Navy,1,positive
Jess,summer-whispers-kimono-1#Peacock,1,positive
Sophia,cotton-candy-side-split-top#IceBlue,1,positive
Ljubenka,the-cotton-bamboo-tank#DuckEgg,1,positive
Emma,sequin-spot-cardi#Grey,1,positive
Riina,the-box-top#Khaki,1,positive
Sophia,layer-me-cotton-candy-top#Cream,1,positive
Marnee,falling-flowers-cardi#GreyMarle,1,positive
Laura,belle-half-sleeve-forgiver-tunic#White,1,positive
Jess,layer-top-1#Navy,1,positive
Chelsea,cara-tee-2#Blush,1,positive
Emma,aztec-cardigan#BlackIvory,1,positive
Fiona,hem-frill-stripe-top#SoFrilled,1,positive
Laura,the-v-split-blouse#Salmon,1,positive
Riina,the-multi-stripe-cardi#Stripe,1,positive
Kate,the-sleeveless-cross-over-blouse#Chambray,1,positive
Olivia,crossing-the-plains-sweater-1#Indigo,1,positive
Madeline,aigli-top#Navy,1,positive
Laura,maui-stretch-tee#Black,1,positive
Mae-Lee,the-long-sleeve-scoop-neck-tee#White,1,positive
Mae-Lee,the-relaxed-long-sleeve-tee#Navy,1,positive
Riina,the-layered-cross-over-top#Black,1,positive
Chesska,arya-frilled-blouse#Oyster,1,positive
Laura,the-ultimate-tie-cardi#Port,1,positive
Maddy,34-sleeve-shirt-1#SkyWhite,1,positive
Summer,paint-stroke-top#Strokes,1,positive
Maddy,the-cotton-bamboo-tee#BlueJeans,1,positive
Fiona,the-printed-side-ring-detail-blouse#Block,1,positive
Nathalie,the-wrap-jersey-top#NavyWhite,1,positive
Laura,messina-v-neck-tee#Black,1,positive
Ljubenka,yvette-blouse#Black,1,positive
Jess,long-sleeve-softly-swinging-bamboo-tee#White,1,positive
Riina,the-zip-front-top#Blue,1,positive
Gemma,ivy-cosy-pullover#Blossom,1,positive
Ljubenka,softly-swinging-bamboo-tee#Chambray,1,positive
Riina,the-wrap-jersey-top-1#NavyStripe,1,positive
Emma,long-sleeve-softly-swinging-bamboo-tee#Navy,1,positive
Stacey,the-stripe-jersey-top#Pink,1,positive
Laura,sugar-snaps-layers-tank#Red,1,positive
Jess,layered-tunic-1#Natural,1,positive
Mae-Lee,shirt-in-a-box#Silver,1,positive
Laura,long-sleeve-layer-top#Navy,1,positive
Katie,marquax-tunic#OnyxSpeck,1,positive
Clementine,sugar-snaps-layers-tank#SeaGreen,1,positive
Marnee,sugar-snaps-throw-jacket#Black,1,positive
Katie,selene-cardigan#Ivy,1,positive
Nadine,heart-spliced-top#Navy,1,positive
Mae-Lee,the-long-sleeve-scoop-neck-tee#Navy,1,positive
Georgia,runaway-top#SoftPink,1,positive
Palatina,luxe-shirt#Navy,1,positive
Stacey,the-panel-hem-top#Khaki,1,positive
Summer,peasant-top-3#Denim,1,positive
Georgia,starry-night-cardi#Chalk,1,positive
Fiona,the-boat-neck-top#Black,1,positive
Laura,melbourne-stretch-cardigan#Navy,1,positive
Mae-Lee,belle-half-sleeve-forgiver-tunic#FlamPink,1,positive
Summer,shell-top-3#PapBlue,1,positive
Jess,long-sleeve-softly-swinging-bamboo-tee#Combat,1,positive
Stacey,the-tie-detail-hoody#Pink,1,positive
Marnee,prairie-romance-blouse#Blush,1,positive
Summer,relaxed-top-1#FloraStrip,1,positive
Nathalie,the-everyday-shirt#Cream,1,positive
Riina,the-spotted-tunic#NavySpot,1,positive
Stacey,block-vest#Blockvest,1,positive
Laura,milan-stretch-top#NavyWhtStr,1,positive
Georgia,pulkari-emb-top#Pulkari,1,positive
Laura,meera-oversized-shirt#Mint,1,positive
Anna,the-relaxed-long-sleeve-tee#Black,1,positive
Marnee,moonlight-kisses-bamboo-tee#Saffron,1,positive
Katie,bodega-knit#Moss,1,positive
Chelsea,millie-top#Blush,1,positive
Nathalie,runaway-top#Sand,1,positive
Emma,long-sleeve-spot-top#Multispot,1,positive
Ljubenka,the-high-low-drape-tee#Sage,1,positive
Clementine,the-cotton-bamboo-tank#White,1,positive
Marnee,rising-mist-jumper#Nickel,1,positive
Palatina,flow-with-me-slouch-top#Brick,1,positive
Lucy,the-batwing-tee#FrenchBlue,1,positive
Georgia,snug-as-a-bug-jumper#Smoke,1,positive
Olivia,sugar-snaps-layers-tank#DuckEgg,1,positive
Georgia,sugar-snaps-round-neck-layer-tank#Black,1,positive
Chelsea,the-flutter-sleeve-top#Denim,1,positive
Nikki,the-drape-tee-1#Black,1,positive
Nathalie,runaway-top#JetBlack,1,positive
Marnee,falling-for-you-cardi#Teal,1,positive
Miranda,the-frill-wrap-blouse#Spot,1,positive
Marnee,roll-with-me-jumper#Chalk,1,positive
Jess,the-cross-front-spot-blouse#NavySpot,1,positive
Fiona,the-shoulder-tie-top#White,1,positive
Fiona,birds-tee-1#Navy,1,positive
Fiona,flying-free-top-3#WhiteBird,1,positive
Kate,the-cross-over-blouse#RoyalBlue,1,positive
Perrie,the-cut-out-shoulder-blouse#Black,1,positive
Summer,ally-long-sleeve-tee#CosmosPr,1,positive
Natalie,the-cross-over-blouse#Red,1,positive
Bree,belle-half-sleeve-forgiver-tunic#MutedClay,1,positive
Ljubenka,34-sleeve-shirt-1#SkyWhite,1,positive
Georgia,stripe-me-happy-blouse#Ash,1,positive
Anna,the-half-sleeve-tee#Black,1,positive
Ljubenka,the-everyday-shirt#Rose,1,positive
Nadine,cotton-cashmere-v-neck-knit#Navy,1,positive
Georgia,long-sleeve-softly-swinging-bamboo-tee#Smoke,1,positive
Jess,the-cut-out-shoulder-blouse#Salmon,1,positive
Jude,falling-for-you-cardi#Mustard,1,positive
Jess,ricki-one-shoulder-top#BlackWhite,1,positive
Mae-Lee,soft-and-true-tunic#Pine,1,positive
Miranda,the-boat-neck-top#Black,1,positive
Clementine,wrap-me-up-bamboo-top#BlueJeans,1,positive
Jess,softly-swinging-bamboo-tee#Chambray,1,positive
Jess,rise-top#Ink,1,positive
Sophia,the-asymmetrical-hem-sweater#Blush,1,positive
Marnee,long-sleeve-softly-swinging-bamboo-tee#TeaRose,1,positive
Marnee,crossing-the-plains-sweater-1#Indigo,1,positive
Denniel,the-cross-over-blouse#Sunshine,1,positive
Denniel,the-cotton-bamboo-tee#White,1,positive
Jess,belle-ls-free-fall-tee#Greenland,1,positive
Emma,long-sleeve-softly-swinging-bamboo-tee#DuckEgg,1,positive
Shadae,clio-knit-jumper#InkWhite,1,positive
Nadine,juno-cardigan#GreyMarle,1,positive
Tia,wrap-me-up-bamboo-top#Black,1,positive
Laura,true-love-bell-blouse#Jade,1,positive
Summer,capri-tank-3#Black,1,positive
Shadae,fundamental-split-hoodie#Navy,1,positive
Fiona,the-cotton-tie-detail-top#Ivory,1,positive
Gemma,button-through-animal-shirt#Animal,1,positive
Laura,the-everyday-shirt#Rose,1,positive
Fiona,the-french-cuff-shirt#White,1,positive
Clementine,the-cotton-bamboo-tank#Moonbeam,1,positive
Chelsea,jersey-split-back-hooded-top#NavyStrip,1,positive
Summer,rib-tank-2#Red,1,positive
Mae-Lee,the-cut-out-shoulder-blouse#Clay,1,positive
Laura,falling-for-you-cardi#Khaki,1,positive
Summer,cuddled-longline-cardigan#Sunflower,1,positive
Emma,belle-v-neck-forgiver-tunic#Black,1,positive
Gemma,ella-funnel-neck-top#Khaki,1,positive
Maddy,the-cross-over-blouse#Silver,1,positive
Amanda,the-longline-cardi-1#Nude,1,positive
Ljubenka,belle-v-neck-forgiver-tunic#White,1,positive
Madeline,natural-pattern-cocoon-cardigan#Blossom,1,positive
Natalia,the-asymmetrical-hem-sweater#Blush,1,positive
Summer,hem-frill-stripe-top#SoFrilled,1,positive
Georgia,falling-for-you-cardi#Port,1,positive
Laura,softly-swinging-bamboo-tee#Chambray,1,positive
Palatina,the-essential-pullover#DustyPeach,1,positive
Alex,the-cotton-bamboo-tank#Moonbeam,1,positive
Katie,foil-spot-tee-1#Navy,1,positive
Tia,capri-tank-3#Navy,1,positive
Jess,ditzy-floral-ruffle-blouse#DitzyFlora,1,positive
Bree,belle-half-sleeve-forgiver-tunic#Black,1,positive
Riina,the-daily-cross-over-top#PinkPrint,1,positive
Amanda,the-asymmetrical-hem-sweater#Blush,1,positive
Jess,belle-flocked-tunic#White,1,positive
Laura,the-drape-tee-1#Stripe,1,positive
Laura,the-cotton-bamboo-tee#BlueJeans,1,positive
Amanda,the-weekender-shirt#GreyStripe,1,positive
Chelsea,2-in-1-layered-knit-top#Khaki,1,positive
Fiona,long-sleeve-softly-swinging-bamboo-tee#SilverScon,1,positive
Mae-Lee,the-sleeveless-cross-over-blouse#White,1,positive
Marnee,falling-for-you-cardi-2#WinterRose,1,positive
Laura,vivid-dreams-blouse#Dusty%20Rose,1,positive
Amanda,the-on-or-off-the-shoulder-top#FrenchNavy,1,positive
Laura,sugar-snaps-layers-tank#DuckEgg,1,positive
Jess,belle-v-neck-forgiver-tunic#BlueMarle,1,positive
Stacey,layer-me-bamboo-rouched-sleeve-tee#Copper,1,positive
Maddy,the-cross-over-blouse#RoyalBlue,1,positive
Olivia,sugar-snaps-layers-tank#DeepCobalt,1,positive
Laura,belle-off-the-shoulder-tee#Stripe,1,positive
Kate,the-cross-over-blouse#Blue,1,positive
Summer,block-vest#Blockvest,1,positive
Chelsea,cross-over-top-with-pocket#NavyMustrd,1,positive
Gemma,falling-for-you-cardi#Teal,1,positive
Palatina,falling-for-you-cardi#Khaki,1,positive
Denniel,the-batwing-tee#Sea,1,positive
Natalia,the-cosy-cardigan#Blue,1,positive
Jess,the-drape-tee-1#White,1,positive
Georgia,falling-for-you-cardi#Mustard,1,positive
Anna,waterfall-cardi-1#Navy,1,positive
Nadine,great-scot-merino-carcoat#Twilight,1,positive
Mandy,monaco-sweater#BlackCream,1,positive
Jess,falling-for-you-cardi-1#GreyGarden,1,positive
Mae-Lee,falling-for-you-cardi#Khaki,1,positive
Marnee,sugar-snaps-layers-tank#PeachyKeen,1,positive
Palatina,the-boat-neck-top-1#Ink,1,positive
Anna,layer-top-1#Navy,1,positive
Laura,layer-top-1#Navy,1,positive
Natalia,the-contrast-knit-1#Navy,1,positive
Riina,the-cotton-blend-stripe-jumper#BlueStripe,1,positive
Jess,long-sleeve-softly-swinging-bamboo-tee#SilverScon,1,positive
Summer,magnolia-fields-keyhole-blouse#Magnolia,1,positive
Fiona,natural-detailed-sweater#Tinroof,1,positive
Amanda,the-weekender-shirt#DenimStrip,1,positive
Fiona,long-sleeve-softly-swinging-bamboo-tee#Cashew,1,positive
Fiona,falling-for-you-cardi#Khaki,1,positive
Laura,softly-swinging-bamboo-tee#Jewel,1,positive
Clementine,the-printed-v-neck-tee#White,1,positive
Marnee,long-sleeve-softly-swinging-bamboo-tee#DuckEgg,1,positive
Summer,always-mine-spliced-cardigan#GreyEmeral,1,positive
Amanda,the-printed-v-split-top#Natural,1,positive
Amanda,the-longline-cardi-1#GreyMarle,1,positive
Natalia,kimono-and-me-cardi#DustyPink,1,positive
Riina,bora-bora-layered-tank#BoraBora,1,positive
Laura,germaine-blouse#Pearl,1,positive
Laura,the-flutter-sleeve-top#SnakePrint,1,positive
Anna,aigli-top#Navy,1,positive
Amanda,the-stitch-detail-top#SkyBlue,1,positive
Marnee,long-sleeve-softly-swinging-bamboo-tee#Cashew,1,positive
Mae-Lee,long-sleeve-softly-swinging-bamboo-tee#Navy,1,positive
Anna,milan-stretch-top#White,1,positive
Shadae,rib-tank-2#Red,1,positive
Georgia,blue-waters-cotton-blouse#White,1,positive
Natalie,the-cross-over-blouse#White,1,positive
Nadine,renee-sweater#Sapphire,1,positive
Laura,the-high-low-drape-tee#Sage,1,positive
Mae-Lee,falling-for-you-cardi#Rust,1,positive
Tia,softly-swinging-bamboo-tee#Cashew,1,positive
Jess,reversible-scoopv-neck-tank#Black,1,positive
Amanda,the-relaxed-batwing-top#Denim%20Blue,1,positive
Laura,maui-stretch-tee#White,1,positive
Laura,the-cross-over-blouse#Sunshine,1,positive
Marnee,summer-whispers-kimono-1#Peacock,1,positive
Riina,the-cotton-cardi#Navy,1,positive
Georgia,butterfly-kisses-tee#Green,1,positive
Marnee,sugar-snaps-layers-tank#Blue,1,positive
Tia,the-cross-over-blouse#Blue,1,positive
Marnee,falling-for-you-cardi-1#GreyGarden,1,positive
Laura,the-long-sleeve-scoop-neck-tee#Grey,1,positive
Laura,the-cut-out-shoulder-blouse#Clay,1,positive
Jess,the-sleeveless-cross-over-blouse#White,1,positive
Anna Maria,falling-for-you-cardi#Port,1,positive
Laura,the-oversized-cotton-blend-shirt#Sand,1,positive
Ljubenka,the-asymmetrical-tank-top#HotPink,1,positive
Alex,the-short-sleeve-wrap-jersey-top#Black,1,positive
Summer,tab-sleeve-longline-shirt#Navy,1,positive
Laura,the-cut-out-shoulder-blouse#Salmon,1,positive
Amanda,the-high-low-drape-tee#Sage,1,positive
Laura,rory-spliced-zip-hoodie#Silver,1,positive
Olivia,sugar-snaps-layers-tank#Mint,1,positive
Anna,the-cut-out-shoulder-blouse#White,1,positive
Amanda,the-linen-tie-sleeve-top#GreyMarle,1,positive
Summer,capri-tank-3#White,1,positive
Gemma,layered-sleeve-top#DarkBlue,1,positive
Riina,the-asymmetrical-hem-sweater#Blush,1,positive
Gemma,animal-knit-1#Animal,1,positive
Marnee,long-sleeve-softly-swinging-bamboo-tee#Fern,1,positive
Gemma,longline-gather-back-shirt#Black,1,positive
Chelsea,luxe-shirt#Black,1,positive
Laura,softly-swinging-bamboo-tee#BlueJeans,1,positive
Jess,sugar-snaps-layers-tank#DeepCobalt,1,positive
Stacey,sequin-heart-layered-top#Natural,1,positive
Chelsea,luxe-shirt#Navy,1,positive
Clementine,the-sleeveless-cross-over-blouse#Mint,1,positive
Mae-Lee,sugar-snaps-layers-tank#SeaGreen,1,positive
Sophia,rory-spliced-zip-hoodie#Slate,1,positive
Stacey,skipping-stones-tunic#Natural,1,positive
Anna,the-cotton-bamboo-tank#Moonbeam,1,positive
Alex,the-cross-over-blouse#Mint,1,positive
Marnee,long-sleeve-softly-swinging-bamboo-tee#Combat,1,positive
Palatina,2-in-1-layered-knit-top#Khaki,1,positive
Laura,the-cut-out-shoulder-blouse#Black,1,positive
Fiona,long-sleeve-layer-top#Navy,1,positive
Fiona,the-spotted-tunic#GreySpot,1,positive
Chelsea,the-oversized-cotton-blend-shirt#Navy,1,positive
Monique,the-cotton-bamboo-tank#DuckEgg,1,positive
Jess,sugar-snaps-layers-tank#NewBeige,1,positive
Alex,the-cotton-bamboo-tank#DuckEgg,1,positive
Riina,the-spotted-tunic#GreySpot,1,positive
Palatina,hydrangea-kimono#Hydrangea,1,positive
Summer,back-to-you-top#BlackMagic,1,positive
Riina,the-blouson-sleeve-jumper#Navy,1,positive
Marnee,the-relaxed-long-sleeve-tee#Pink,1,positive
Lauren,the-tie-front-tank#Navy,1,positive
Sophie,long-sleeve-softly-swinging-bamboo-tee#SilverScon,1,positive
Monique,layered-tunic-1#White,1,positive
Fiona,snug-as-a-bug-jumper#Smoke,1,positive
Jess,long-sleeve-softly-swinging-bamboo-tee#Cashew,1,positive
Stefania,the-contrast-panel-top#SageStripe,1,positive
Palatina,2-in-1-layered-top-1#PinkWhite,1,positive
Tia,softly-swinging-bamboo-tee#Navy,1,positive
Summer,layered-tee-2#Black,1,positive
Ljubenka,the-cut-out-shoulder-blouse#Black,1,positive
Jess,the-drape-tee-1#Navy,1,positive
Fiona,long-sleeve-softly-swinging-bamboo-tee#White,1,positive
Amanda,the-shoulder-tie-top#Black,1,positive
Mandy,heartmade-cardi#DustyRose,1,positive
Summer,dot-to-dot-knit-1#GreyMarle,1,positive
Lauren,belle-handkerchief-printed-cami#RustFlwrs,1,positive
Ljubenka,the-cross-over-blouse#Red,1,positive
Stacey,out-of-my-mind-scallop-knit#GreyMarle,1,positive
Mae-Lee,the-cross-over-blouse#RoyalBlue,1,positive
Laura,the-short-sleeve-wrap-jersey-top#NavyWhite,1,positive
Maddy,the-long-sleeve-v-neck-tee#White,1,positive
Summer,rib-tank-2#Mustard,1,positive
Maddy,the-batwing-tee#Stone,1,positive
Emma,block-sweater#Block,1,positive
Mae-Lee,belle-v-neck-forgiver-tunic#Tobacco,1,positive
Maddy,the-cross-over-blouse#Red,1,positive
Tia,layered-tee-2#White,1,positive
Fiona,the-boat-neck-top#Navy,1,positive
Riina,the-oversize-knit#GreyMarle,1,positive
Mae-Lee,falling-for-you-cardi#Navy,1,positive
Thais,jade-kimono-kaleidoscope#Blue,1,positive
Stefania,cable-knit-sweater#Camel,1,positive
Summer,nova-lux-long-sleeve-tie-top#AidaStripe,1,positive
Riina,the-stripe-jersey-top#Blue,1,positive
Marnee,long-sleeve-softly-swinging-bamboo-tee#Navy,1,positive
Emma,annabelle-sweater#Midnight,1,positive
Miranda,york-linen-blend-top#BurntOrang,1,positive
Natalie,the-sleeveless-cross-over-blouse#Chambray,1,positive
Ljubenka,paisley-top-1#Paisley,1,positive
Georgia,floating-by-you-blouse#SeaFleur,1,positive
Georgia,softly-swinging-bamboo-tee#Starfish,1,positive
Marnee,long-sleeve-softly-swinging-bamboo-tee#SilverScon,1,positive
Maddy,the-long-sleeve-v-neck-tee#Navy,1,positive
Laura,layla-long-line-kimono#MultiStrip,1,positive
Monique,still-the-one-ruffle-blouse#Spot,1,positive
Natalia,viola-kimono-radiant-floral#Grey,1,positive
Laura,flying-free-top-3#WhiteBird,1,positive
Clementine,cross-my-heart-sweater#Regal,1,positive
Mae-Lee,crossing-the-plains-sweater-1#Indigo,1,positive
Chelsea,ava-short-sleeve-linen-tee#Blush,1,positive
Mae-Lee,the-long-sleeve-v-neck-tee#Navy,1,positive
Perrie,the-batwing-tee#FrenchBlue,1,positive
Palatina,chasing-birds-blouse#White,1,positive
Ljubenka,belle-v-neck-forgiver-tunic#Charcoal,1,positive
Helen,sailaway-blouse#OxfordBlue,1,positive
Gemma,cara-tee-4#Black,1,positive
Sophie,the-everyday-shirt#Pink,1,positive
Marnee,softly-swinging-bamboo-tee#Jewel,1,positive
Mercy,belle-petal-print-top#Petal,1,positive
Mae-Lee,long-sleeve-softly-swinging-bamboo-tee#Smoke,1,positive
Fiona,batty-about-you-cotton-tee#BlkWhite,1,positive
Jess,relaxed-top-1#FloraStrip,1,positive
Maddy,the-cut-out-shoulder-blouse#Blue,1,positive
Emma,stripe-me-happy-blouse#Ash,1,positive
Mercy,belle-ls-free-fall-tee#Blush,1,positive
Palatina,falling-for-you-cardi#Black,1,positive
Perrie,the-batwing-tee#Sea,1,positive
Palatina,jersey-split-back-hooded-top#NavyStrip,1,positive
Amanda,the-belle-sleeve-print-top#NavyPrint,1,positive
Natalie,the-sleeveless-cross-over-blouse#Sunshine,1,positive
Nadine,runaway-top#SoftPink,1,positive
Anna,the-wrap-jersey-top#Charcoal,1,positive
Jess,belle-tie-neck-blouse-tee#White,1,positive
Marnee,nuzuri-longline-cardi#Forest,1,positive
Clementine,the-cross-over-blouse#Silver,1,positive
Laura,belle-lace-trim-tee#GreyMarle,1,positive
Anna,the-wrap-jersey-top#NavyWhite,1,positive
Gemma,snake-print-johnny-collar-top#BeigeSnake,1,positive
Ljubenka,wrap-me-up-bamboo-top#Black,1,positive
Summer,tab-sleeve-longline-shirt#Silver,1,positive
Marnee,weekend-vibes-blouse#Blush,1,positive
Sophia,elcos-45-aop-top-jrs#BlackZigZa,1,positive
Marnee,first-love-kimono-jacket#Stone,1,positive
Alex,the-cross-over-blouse#Sunshine,1,positive
Ljubenka,sugar-snaps-layers-tank#Red,1,positive
Georgia,arizona-off-the-shoulder-top#Khaki,1,positive
Fiona,the-cross-over-poncho#Grey,1,positive
Sophie,the-daily-cross-over-top#SkyBlue,1,positive
Fiona,belle-cowl-swing-sweater#Black,1,positive
Anna,the-sleeveless-cross-over-blouse#Black,1,positive
Maddy,the-cross-over-blouse#White,1,positive
Chelsea,drapey-stripe-tee#Navy,1,positive
Natalie,the-cross-over-blouse#RoyalBlue,1,positive
Anna,the-relaxed-long-sleeve-tee#Khaki,1,positive
Jess,runaway-top#JetBlack,1,positive
Laura,runaway-top#JetBlack,1,positive
Ljubenka,belle-v-neck-forgiver-tunic#Scarlett,1,positive
Maddy,the-short-sleeve-wrap-jersey-top#Black,1,positive
Sophie,the-reverse-sleeve-sweater#Navy,1,positive
Stacey,the-stripe-jersey-top#Blue,1,positive
Amanda,the-curve-striped-tank#Marine,1,positive
Anna,the-sleeveless-cross-over-blouse#Cobalt,1,positive
Clementine,the-stripe-button-through-top#Coral,1,positive
Marnee,snug-as-a-bug-jumper#Smoke,1,positive
Natalia,roll-neck-jumper-3#GreyMarl,1,positive
Olivia,sugar-snaps-layers-tank#Blue,1,positive
Mae-Lee,the-cotton-bamboo-tank#DuckEgg,1,positive
Georgia,falling-for-you-cardi#Khaki,1,positive
Olivia,runaway-top#JetBlack,1,positive
Fiona,long-sleeve-softly-swinging-bamboo-tee#Fern,1,positive
Laura,the-dobby-sleeve-tee#White,1,positive
Jess,layer-me-bamboo-rouched-sleeve-tee#Black,1,positive
Sophie,long-sleeve-softly-swinging-bamboo-tee#Smoke,1,positive
Monique,layered-tunic-1#PalePink,1,positive
Ljubenka,belle-nautical-applique-tee#BlueStripe,1,positive
Riina,the-relaxed-long-sleeve-tee#Khaki,1,positive
Ljubenka,runaway-top#Sand,1,positive
Gemma,cara-tee-4#BlackWhite,1,positive
Fiona,the-pleated-sleeve-top#Sage,1,positive
Fiona,leopard-print-kimono#GoldMulti,1,positive
Summer,back-to-you-top#Rust,1,positive
Alex,the-cotton-bamboo-tank#DarkNavy,1,positive
Laura,softly-swinging-bamboo-tee#TeaRose,1,positive
Georgia,long-sleeve-softly-swinging-bamboo-tee#Storm,1,positive
Natalie,the-cut-out-shoulder-blouse#White,1,positive
Summer,lake-house-top#CoalPrint,1,positive
Jess,border-stripe-knit#WhitePink,1,positive
Kate,the-everyday-shirt#Rose,1,positive
Alex,the-sleeveless-cross-over-blouse#White,1,positive
Kate,the-cross-over-blouse#White,1,positive
Gemma,holly-rib-long-sleeve-tee#WhiteGrey,1,positive
Emma,long-sleeve-softly-swinging-bamboo-tee#TeaRose,1,positive
Laura,the-essential-layering-tee#Ink,1,positive
Summer,makeover-blouse#LimeGreen,1,positive
Maddy,the-batwing-tee#Sea,1,positive
Mae-Lee,the-bamboo-tunic-dress#Khaki,1,positive
Georgia,chill-out-slouch-top#GreyMarle,1,positive
Monique,gloria-applique-crew#Charcoal,1,positive
Fiona,long-sleeve-spot-top#Multispot,1,positive
Fiona,the-double-layer-top#Black,1,positive
Olivia,the-sleeveless-cross-over-blouse#White,1,positive
Laura,the-cross-front-spot-blouse#NavySpot,1,positive
Marnee,cross-my-heart-sweater#Regal,1,positive
Marnee,falling-for-you-cardi#Navy,1,positive
Ljubenka,belle-v-neck-forgiver-tunic#Black,1,positive
Kate,runaway-top#SoftPink,1,positive
Jess,the-sleeveless-cross-over-blouse#Sunshine,1,positive
Riina,the-contrast-knit-1#Navy,1,positive
Anna,the-wrap-jersey-top#PortSpot,1,positive
Laura,ponte-spot-top#BlackWhite,1,positive
Georgia,sugar-snaps-layers-tank#White,1,positive
Maddy,the-wrap-jersey-top#NavyWhite,1,positive
Riina,the-blouson-sleeve-jumper#Grey,1,positive
Georgia,falling-for-you-tunic#Rust,1,positive
Ljubenka,belle-half-sleeve-forgiver-tunic#FlamPink,1,positive
Perrie,vivid-dreams-blouse#Dusty%20Rose,1,positive
Riina,the-soft-knit-jumper#PinkStripe,1,positive
Georgia,lazy-daze-tee#Khaki,1,positive
Olivia,sugar-snaps-layers-tank#SeaGreen,1,positive
Palatina,luxe-shirt#Champagne,1,positive
Monique,the-design-fold-tunic-top#PearlBlue,1,positive
Stacey,the-midi-waterfall-cardi#BlueMarle,1,positive
Emma,contrast-stripe-sweater#Pockets,1,positive
Fiona,the-fleck-roll-neck-knit#Oatmeal,1,positive
Georgia,chill-out-slouch-top#Mustard,1,positive
Louise,layered-tee-2#White,1,positive
Denniel,the-cut-out-shoulder-blouse#Black,1,positive
Laura,the-cape-jersey-top#DarkNavy,1,positive
Tia,layer-top-1#Navy,1,positive
Amanda,the-sleeveless-cross-over-blouse#Cobalt,1,positive
Lauren,belle-half-sleeve-boat-tee#Black,1,positive
Laura,the-zip-front-top#Blue,1,positive
Fiona,the-high-low-drape-tee#Grey,1,positive
Kate,the-wrap-jersey-top#Charcoal,1,positive
Fiona,tracie-top#Black,1,positive
Stefania,the-contrast-panel-top#BlkStripe,1,positive
Amanda,the-contrast-knit-1#Sage,1,positive
Stefania,the-sleeve-detail-knit#Ivory,1,positive
Jess,the-drape-tee-1#Stripe,1,positive
Sophie,the-everyday-shirt#Rose,1,positive
Sophie,long-sleeve-softly-swinging-bamboo-tee#Storm,1,positive
Jess,natural-tie-tunic#BlueSky,1,positive
Jess,the-short-sleeve-wrap-jersey-top#Black,1,positive
Amanda,the-double-layer-top#Black,1,positive
Georgia,daisy-chain-tassel-blouse#DeepBlue,1,positive
Sophie,long-sleeve-softly-swinging-bamboo-tee#Navy,1,positive
Mae-Lee,reversible-scoopv-neck-tank#White,1,positive
Jude,falling-for-you-cardi#Black,1,positive
Kate,the-cross-over-blouse#Red,1,positive
Mae-Lee,pocket-shirt-1#Ivory,1,positive
Denniel,the-short-sleeve-wrap-jersey-top#NavyWhite,1,positive
Anna,the-cotton-bamboo-tee#DustyPink,1,positive
Natalie,the-cut-out-shoulder-blouse#Silver,1,positive
Jess,the-cross-front-spot-blouse#Spot,1,positive
Mae-Lee,reversible-scoopv-neck-tank#Black,1,positive
Sophie,the-dobby-sleeve-tee#InkBlue,1,positive
Anna,the-sleeveless-cross-over-blouse#Sunshine,1,positive
Laura,manhattan-stretch-tee#Black,1,positive
Jess,the-design-fold-tunic-top#PearlBlue,1,positive
Georgia,runaway-top#SoftMint,1,positive
Riina,the-contrast-panel-top#BlkStripe,1,positive
Amanda,the-everyday-shirt#Rose,1,positive
Clementine,the-on-or-off-the-shoulder-top#FrenchNavy,1,positive
Denniel,the-cut-out-shoulder-blouse#Clay,1,positive
Nadine,multi-sequin-dot-stripe-top#Navy,1,positive
Jess,the-short-sleeve-wrap-jersey-top#NavyWhite,1,positive
Fiona,belle-cowl-swing-sweater#Green,1,positive
Laura,this-mortal-coil-drape#StormClam,1,positive
Kate,runaway-top#Sand,1,positive
Fiona,long-sleeve-softly-swinging-bamboo-tee#Black,1,positive
Gemma,wonderlust-tee#BurntOran,1,positive
Emma,the-relaxed-long-sleeve-tee#White,1,positive
Fiona,the-shoulder-tie-top#Navy,1,positive
Chelsea,cotton-modal-print-top#PinkNavy,1,positive
Mae-Lee,the-cotton-bamboo-tank#DarkNavy,1,positive
Mae-Lee,sugar-snaps-layers-tank#NewBeige,1,positive
Charlotte,natural-tie-tunic#BlueSky,1,positive
Emma,westward-top#BotanicalD,1,positive
Laura,the-cross-front-spot-blouse#Spot,1,positive
Chelsea,the-high-low-drape-tee#Grey,1,positive
Palatina,sand-queen-throw-blouse#Fleur,1,positive
Shadae,capri-tank-6#HeatheGrey,1,positive
Marnee,sugar-snaps-layers-tank#Red,1,positive
Denniel,the-cross-over-blouse#Silver,1,positive
Anna,the-drape-tee-1#NavyStripe,1,positive
Sophia,sugar-snaps-throw-jacket#Duckegg,1,positive
Gemma,billow-top#Black,1,positive
Mae-Lee,the-cross-over-blouse#Red,1,positive
Sophie,long-sleeve-softly-swinging-bamboo-tee#Copper,1,positive
Anna,the-cross-over-blouse#Mint,1,positive
Jess,the-cotton-bamboo-tank#DuckEgg,1,positive
Olivia,the-button-up-swing-tunic#Wine,1,positive
Georgia,sugar-snaps-layers-tank#DuckEgg,1,positive
Laura,belle-v-neck-forgiver-tunic#DenimMarl,1,positive
Katie,horizontal-cabel-pullover#EnglishRos,1,positive
Laura,nuzuri-longline-cardi#Forest,1,positive
Jess,the-stripe-button-through-top#Coral,1,positive
Summer,long-sleeve-check-top#Check,1,positive
Emma,the-relaxed-long-sleeve-tee#Pink,1,positive
Mae-Lee,verona-patchwork-top#Patchwork,1,positive
Jess,belle-half-sleeve-forgiver-tunic#BlueBonnet,1,positive
Helen,freya-fringe-blouse#Navy,1,positive
Chelsea,2-in-1-layered-knit-top#Navy,1,positive
Gemma,falling-flowers-blouse#DustyPink,1,positive
Chelsea,2-in-1-layered-knit-top#PalePink,1,positive
Jess,long-sleeve-softly-swinging-bamboo-tee#Navy,1,positive
Sophia,the-ruffle-sleeve-top#NavyStripe,1,positive
Palatina,moonlight-kisses-bamboo-tee#White,1,positive
Anna,the-roll-neck-sweater#Natural,1,positive
Emma,belle-v-neck-forgiver-tunic#Scarlett,1,positive
Mandy,open-plains-kimono-throw-1#Rust,1,positive
Laura,the-wrap-jersey-top#PortSpot,1,positive
Fiona,the-linen-tie-sleeve-top#GreyMarle,1,positive
Mae-Lee,the-relaxed-long-sleeve-tee#White,1,positive
Emma,sugar-snaps-layers-tank#NewBeige,1,positive
Natalie,the-everyday-shirt#Pink,1,positive
Mae-Lee,the-sleeveless-cross-over-blouse#Sunshine,1,positive
Marnee,runaway-top#Sand,1,positive
Maddy,the-half-sleeve-tee#Black,1,positive
Mae-Lee,the-cotton-bamboo-tee#White,1,positive
Amanda,the-batwing-tee#Sea,1,positive
Amanda,the-spotted-tunic#NavySpot,1,positive
Amanda,the-panel-hem-top#DenimMarle,1,positive
Marnee,softly-swinging-bamboo-tee#White,1,positive
Ljubenka,the-cut-out-shoulder-blouse#White,1,positive
Fiona,overlay-top-2#Black,1,positive
Mercy,belle-v-neck-forgiver-tunic#Navy,1,positive
Georgia,be-mine-top-1#Sage,1,positive
Olivia,sugar-snaps-layers-tank#NewBeige,1,positive
Jess,belle-half-sleeve-forgiver-tunic#FlamPink,1,positive
Madeline,ruffle-top-4#Black,1,positive
Jess,the-cotton-bamboo-tee#White,1,positive
Laura,the-cross-over-blouse#White,1,positive
Laura,the-tie-front-tank#Navy,1,positive
Georgia,long-sleeve-softly-swinging-bamboo-tee#Navy,1,positive
Ljubenka,sugar-snaps-layers-tank#White,1,positive
Jess,contrast-stripe-sweater#Pockets,1,positive
Tia,the-cut-out-shoulder-blouse#Blue,1,positive
Ljubenka,falling-for-you-cardi#Mustard,1,positive
Marnee,baobab-sweater#Bark,1,positive
Marnee,for-the-frill-top#Ivory,1,positive
Laura,butterfly-kisses-tee#Stripe,1,positive
Amanda,the-stripe-jersey-top#Blue,1,positive
Natalia,rising-mist-jumper#Nickel,1,positive
Ljubenka,the-cross-over-blouse#Silver,1,positive
Lauren,the-zip-detail-jacket#Grey,1,positive
Marnee,the-everyday-shirt#Black,1,positive
Riina,the-essential-layering-tee#Ink,1,positive
Natalie,the-everyday-shirt#Cream,1,positive
Alex,the-batwing-tee#Sea,1,positive
Jess,the-cotton-bamboo-tee#DustyPink,1,positive
Riina,the-layered-cross-over-top#Navy,1,positive
Marnee,falling-for-you-cardi#Mustard,1,positive
Denniel,the-cotton-bamboo-tee#DustyPink,1,positive
Shadae,fundamental-vee-tee#GreyMarle,1,positive
Summer,fundamental-sydney-crew#GreyMarle,1,positive
Maddy,the-cotton-bamboo-tank#Chambray,1,positive
Gemma,bo-cosy-cardigan#Storm,1,positive
Monique,the-asymmetrical-tank-top#Indigo,1,positive
Jess,waterfall-cardi-1#Navy,1,positive
Marnee,long-sleeve-softly-swinging-bamboo-tee#Copper,1,positive
Marnee,kimono-and-me-cardi#DustyPink,1,positive
Tia,the-cotton-bamboo-tank#DarkNavy,1,positive
Natalia,the-ruffle-sleeve-sweat#KhakiMarle,1,positive
Stacey,the-uneven-hem-knit-1#Sage,1,positive
Bree,belle-half-sleeve-forgiver-tunic#White,1,positive
Chelsea,the-daily-essential-jumper#Grey,1,positive
Ljubenka,the-cut-out-shoulder-blouse#Clay,1,positive
Laura,runaway-top#SoftPink,1,positive
Mae-Lee,the-cross-over-blouse#Blue,1,positive
Sophia,the-panel-luxe-top#SilvWhite,1,positive
Stacey,sequin-spot-cardi#Grey,1,positive
Ljubenka,runaway-top#SoftPink,1,positive
Maddy,the-cut-out-shoulder-blouse#Silver,1,positive
Anna,the-cut-out-shoulder-blouse#Blue,1,positive
Monique,reversible-scoopv-neck-tank#White,1,positive
Chelsea,the-tie-sleeve-blouse#Grey,1,positive
Miranda,the-contrast-detail-top#Ivory,1,positive
Georgia,cross-my-heart-sweater#Regal,1,positive
Emma,belle-v-neck-forgiver-tunic#Navy,1,positive
Lauren,natural-classic-cardigan#Pebble,1,positive
Chelsea,the-cotton-cardi#Khaki,1,positive
Jess,laurina-stripe-pullover#NightSky,1,positive
Tia,the-cut-out-shoulder-blouse#White,1,positive
Shadae,fundamental-vee-tee#Navy,1,positive
Emma,belle-v-neck-forgiver-tunic#Tobacco,1,positive
Ljubenka,sugar-snaps-layers-tank#DuckEgg,1,positive
Anna,the-cross-over-blouse#White,1,positive
Fiona,the-box-top#Blush,1,positive
Chelsea,henson-jumper#Cream,1,positive
Anna,the-cross-over-blouse#RoyalBlue,1,positive
Emma,the-slouch-pocket-tee#Stripe,1,positive
Laura,softly-swinging-bamboo-tee#Navy,1,positive
Sophia,sugar-snaps-throw-jacket#Black,1,positive
Amanda,the-stitch-v-neck-knit#PinkMarle,1,positive
Ljubenka,the-cross-over-blouse#Black,1,positive
Clementine,crossing-the-plains-sweater-1#Indigo,1,positive
Jess,cross-my-heart-bamboo-slouch-tee#White,1,positive
Anna,the-cut-out-shoulder-blouse#Silver,1,positive
Georgia,sugar-snaps-layers-tank#SeaGreen,1,positive
Mae-Lee,belle-v-neck-forgiver-tunic#DenimMarl,1,positive
Laura,the-dobby-sleeve-tee#InkBlue,1,positive
Amanda,the-box-top#Khaki,1,positive
Gemma,layered-sleeve-top#Moss,1,positive
Kate,the-wrap-jersey-top#PortSpot,1,positive
Chelsea,2-in-1-layered-top-1#PinkWhite,1,positive
Mae-Lee,the-cotton-bamboo-tank#White,1,positive
Madeline,the-cascade-blouse#Auburn,1,positive
Jess,belle-v-neck-forgiver-tunic#White,1,positive
Emma,sugar-snaps-layers-tank#DuckEgg,1,positive
Georgia,weekend-vibes-blouse#Blush,1,positive
Mae-Lee,long-sleeve-softly-swinging-bamboo-tee#Oyster,1,positive
Clementine,the-printed-v-split-top#Natural,1,positive
Amanda,the-striped-top#BlueStripe,1,positive
Georgia,falling-for-you-cardi#Navy,1,positive
Laura,the-stella-tee#Marine,1,positive
Thais,off-shoulder-top-2#FloraLace,1,positive
Summer,fundamental-sydney-crew#Navy,1,positive
Nadine,collared-shirt-1#White,1,positive
Miranda,the-uneven-hem-knit-1#Sage,1,positive
Amanda,the-swing-tank-top#Rose,1,positive
Shadae,sequin-cross-2-in-1-top#Navy,1,positive
Georgia,falling-flowers-cardi#GreyMarle,1,positive
Maddy,the-sleeveless-cross-over-blouse#Sunshine,1,positive
Georgia,softly-falling-bamboo-tunic#Copper,1,positive
Palatina,reversible-stripe-vee-scoop-neck-tank#BlackWhite,1,positive
Jess,reversible-scoopv-neck-tank#Navy,1,positive
Chesska,vivian-blouse#Check,1,positive
Stefania,the-contrast-knit-1#Navy,1,positive
Sophie,the-crossover-button-blouse-1#Ornate,1,positive
Jess,belle-half-sleeve-forgiver-tunic#MutedClay,1,positive
Fiona,long-sleeve-softly-swinging-bamboo-tee#Oyster,1,positive
Jess,layered-tunic-1#PalePink,1,positive
Stacey,striped-sleeve-sweater#Striped,1,positive
Maddy,print-shirt-1#Blush,1,positive
Anna Maria,falling-for-you-cardi#GreyMarle,1,positive
Clementine,the-cross-front-spot-blouse#Spot,1,positive
Kate,the-cotton-bamboo-tee#DuckEgg,1,positive
Summer,sky-shirt#Clouds,1,positive
Sophie,long-sleeve-softly-swinging-bamboo-tee#Combat,1,positive
Gemma,elcos-45-aop-top-jrs#BlackZigZa,1,positive
Jess,hem-frill-stripe-top#SoFrilled,1,positive
Ljubenka,the-drape-tee-1#Black,1,positive
Sophia,tuck-layer-shirt#White,1,positive
Riina,the-boat-neck-top-1#NavyWhite,1,positive
Fiona,the-box-top#Khaki,1,positive
Georgia,on-the-open-road-maxi-shirt#DarkOchre,1,positive
Nadine,runaway-top#SoftMint,1,positive
Marnee,falling-for-you-cardi#Khaki,1,positive
Fiona,sugar-snaps-throw-jacket#White,1,positive
Ljubenka,falling-for-you-cardi#GreyMarle,1,positive
Fiona,the-contrast-knit-1#Navy,1,positive
Mandy,snug-as-a-bug-jumper#Smoke,1,positive
Chelsea,the-lace-trim-top#Black,1,positive
Laura,sugar-snaps-layers-tank#Black,1,positive
Madeline,print-tee-3#Cntryhous,1,positive
Maddy,the-sleeveless-cross-over-blouse#Mint,1,positive
Stacey,partly-cloudy-knit#PawPaw,1,positive
Kate,sugar-snaps-layers-tank#Black,1,positive
Stefania,the-relaxed-long-sleeve-tee#Khaki,1,positive
Georgia,long-sleeve-softly-swinging-bamboo-tee#TeaRose,1,positive
Georgia,ines-top#NavyStrip,1,positive
Marnee,open-plains-kimono-throw-1#Rust,1,positive
Riina,york-linen-blend-long-cardigan#BurntOrang,1,positive
Denniel,the-cut-out-shoulder-blouse#Silver,1,positive
Gemma,moonlight-kisses-bamboo-tee#White,1,positive
Laura,the-short-sleeve-wrap-jersey-top#Emerald,1,positive
Nadine,overlay-top-2#Black,1,positive
Nadine,voyager-stripe-crew#Stripe,1,positive
Kate,belle-half-sleeve-forgiver-tunic#White,1,positive
Jess,the-striped-top#BlueStripe,1,positive
Laura,high-neck-tie-top#Black,1,positive
Jess,the-bonded-cotton-tunic-dress#Navy,1,positive
Stefania,the-printed-side-ring-detail-blouse#Block,1,positive
Summer,crosses-jumper#xmyheart,1,positive
Marnee,shirt-in-a-box#Silver,1,positive
Jess,falling-for-you-top#Blue,1,positive
Jess,tracie-top#Opal,1,positive
Ljubenka,the-everyday-shirt#Pink,1,positive
Perrie,the-cut-out-shoulder-blouse#Salmon,1,positive
Marnee,sugar-snaps-layers-tank#DuckEgg,1,positive
Madeline,natural-waterfall-cardigan#Fallendust,1,positive
Sophia,the-textured-spot-top#Pink,1,positive
Nadine,woolly-spotted-hoodie#Navy,1,positive
Ljubenka,the-printed-v-neck-tee#White,1,positive
Shadae,fundamental-vee-tee#Pink,1,positive
Chelsea,the-tie-front-top#Navy,1,positive
Jess,icing-sugar-top#Ivory,1,positive
Jess,cyrus-top#LightRose,1,positive
Marnee,starry-night-cardi#Chalk,1,positive
Jess,layered-tunic-1#White,1,positive
Gemma,floral-blouse-2#NavyMulti,1,positive
Sophie,belle-half-sleeve-forgiver-tunic#BlueBonnet,1,positive
Jess,daisy-chain-tassel-blouse#DeepBlue,1,positive
Clementine,sugar-snaps-layers-tank#Red,1,positive
Amanda,the-zip-front-top#Rose,1,positive
Denniel,the-cross-over-blouse#White,1,positive
Summer,jordan-top#PearlBlue,1,positive
Maddy,the-relaxed-long-sleeve-tee#Navy,1,positive
Riina,the-midi-waterfall-cardi#BlueMarle,1,positive
Stacey,multi-stripe-jumper#NavyMulti,1,positive
Jess,the-spotted-tunic#GreySpot,1,positive
Mae-Lee,sugar-snaps-layers-tank#DeepCobalt,1,positive
Riina,the-longline-cardi-1#GreyMarle,1,positive
Laura,summer-haze-top#Teal,1,positive
Nadine,long-sleeve-layer-top#Navy,1,positive
Emma,long-sleeve-softly-swinging-bamboo-tee#Copper,1,positive
Laura,celestial-woven-top#White,1,positive
Clementine,the-v-split-blouse#Salmon,1,positive
Natalia,selene-cardigan#Ivy,1,positive
Gemma,meredith-78-oversized-pullover-knit#CameoRose,1,positive
Natalia,the-twist-front-top#Grey,1,positive
Marnee,sugar-snaps-layers-tank#SeaGreen,1,positive
Miranda,the-pleated-sleeve-top#Sage,1,positive
Anna,the-cross-over-blouse#Sunshine,1,positive
Natalie,sugar-snaps-layers-tank#SeaGreen,1,positive
Amanda,the-panel-luxe-top#BlkWhite,1,positive
Riina,the-essential-layering-tee#White,1,positive
Laura,westward-top#BotanicalD,1,positive
Natalie,the-cut-out-shoulder-blouse#Salmon,1,positive
Clementine,the-stella-tee#Marine,1,positive
Georgia,sugar-snaps-throw-jacket#White,1,positive
Sophie,the-everyday-shirt#Cream,1,positive
Fiona,falling-for-you-cardi#Teal,1,positive
Tia,softly-swinging-bamboo-tee#Starfish,1,positive
Palatina,falling-for-you-cardi#Port,1,positive
Maddy,the-wrap-jersey-top#Charcoal,1,positive
Ljubenka,falling-for-you-cardi#Khaki,1,positive
Charlotte,natural-cosy-sweater#Rosered,1,positive
Fiona,sugar-snaps-round-neck-layer-tank#White,1,positive
Laura,melbourne-stretch-cardigan#NavyWhtStr,1,positive
Georgia,the-cotton-bamboo-tank#Moonbeam,1,positive
Marnee,on-the-horizon-swing-top-1#Khaki,1,positive
Mae-Lee,the-v-split-blouse#Salmon,1,positive
Laura,belle-half-sleeve-forgiver-tunic#BlueBonnet,1,positive
Alex,jade-kimono-sweet-blossoms#Blue,1,positive
Helen,lenka-lurex-stripe-blouse#NavyGoldSt,1,positive
Kate,belle-half-sleeve-forgiver-tunic#BlueBonnet,1,positive
Laura,foil-spot-tee-1#Navy,1,positive
Chelsea,malibu-cardigan#Wine,1,positive
Georgia,long-sleeve-softly-swinging-bamboo-tee#BlueJeans,1,positive
Palatina,2-in-1-layered-knit-top#Navy,1,positive
Clementine,the-sleeveless-cross-over-blouse#Chambray,1,positive
Sophia,the-pleated-sleeve-top#Sage,1,positive
Monique,the-asymmetrical-tank-top#HotPink,1,positive
Mae-Lee,on-safari-blouse#Jewel,1,positive
Sophia,falling-for-you-cardi#Rust,1,positive
Laura,long-sleeve-layer-top#White,1,positive
Riina,the-cotton-cardi#Khaki,1,positive
Maddy,the-stripe-pocket-tank#Stripe,1,positive
Lisa,out-of-my-mind-scallop-knit#GreyMarle,1,positive
Laura,long-sleeve-tee-2#NavyWhite,1,positive
Anna,the-sleeveless-cross-over-blouse#Salmon,1,positive
Laura,the-half-sleeve-tee#White,1,positive
Summer,weekend-tunic#Navy,1,positive
Jess,falling-for-you-cardi#Mustard,1,positive
Mae-Lee,the-on-or-off-the-shoulder-top#Pink,1,positive
Stefania,the-check-pullover#PinkCheck,1,positive
Jess,falling-for-you-cardi#Navy,1,positive
Chelsea,the-tie-front-top#Black,1,positive
Stacey,layer-me-bamboo-rouched-sleeve-tee#White,1,positive
Ljubenka,softly-swinging-bamboo-singlet#Cashew,1,positive
Maddy,the-relaxed-long-sleeve-tee#Khaki,1,positive
Fiona,belle-ls-free-fall-tee#Blush,1,positive
Georgia,summer-haze-top#Teal,1,positive
Summer,tie-back-bell-sleeve-top-5#Summerbud,1,positive
Amanda,the-soft-overlay-top#Pink,1,positive
Georgia,the-cotton-bamboo-tank#Chambray,1,positive
Anna Maria,falling-for-you-cardi#Rust,1,positive
Ljubenka,the-bonded-cotton-shirt#Pink,1,positive
Maddy,the-cross-over-blouse#Sunshine,1,positive
Kate,belle-half-sleeve-forgiver-tunic#FlamPink,1,positive
Ljubenka,wrap-me-up-bamboo-top#BlueJeans,1,positive
Jess,lurex-stitch-top#White,1,positive
Marnee,the-everyday-shirt#Cream,1,positive
Jess,belle-twist-front-tee-1#Black,1,positive
Mandy,nuzuri-longline-cardi#Forest,1,positive
Laura,hannah-tee-1#RedWhite,1,positive
Fiona,fern-print-top#Navy,1,positive
Marnee,butterfly-kisses-tee#Stripe,1,positive
Palatina,moonlight-kisses-bamboo-tee#Saffron,1,positive
Riina,the-relaxed-long-sleeve-tee#White,1,positive
Natalia,napoleon-top-1#NemoBlue,1,positive
Emma,the-relaxed-long-sleeve-tee#Black,1,positive
Riina,the-double-layer-top#White,1,positive
Gemma,relaxed-v-neck-knit#Silver,1,positive
Riina,agra-shirt#White,1,positive
Summer,layered-tee-2#White,1,positive
Mae-Lee,long-sleeve-softly-swinging-bamboo-tee#White,1,positive
Mercy,belle-v-neck-forgiver-tunic#DenimMarl,1,positive
Lauren,the-pirate-in-me-shirt#White,1,positive
Marnee,falling-for-you-cardi#Rust,1,positive
Ljubenka,summer-whispers-kimono-1#Peacock,1,positive
Chelsea,millie-top#WhiteBlk,1,positive
Jess,long-sleeve-softly-swinging-bamboo-tee#TeaRose,1,positive
Amanda,the-spotted-tunic#GreySpot,1,positive
Madeline,print-tee-3#Music,1,positive
Gemma,stripe-sweater-2#Blue,1,positive
Georgia,runaway-top#JetBlack,1,positive
Jess,belle-mesh-cardi#Black,1,positive
Fiona,long-sleeve-softly-swinging-bamboo-tee#TeaRose,1,positive
Nathalie,the-wrap-jersey-top#PortSpot,1,positive
Perrie,wildflower-shirt#White,1,positive
Fiona,the-dobby-sleeve-tee#White,1,positive
Sophie,belle-half-sleeve-forgiver-tunic#Apricot,1,positive
Stefania,the-relaxed-long-sleeve-tee#Pink,1,positive
Mercy,belle-v-neck-forgiver-tunic#White,1,positive
Georgia,softly-swinging-bamboo-tee#Copper,1,positive
Laura,sugar-snaps-layers-tank#White,1,positive
Jess,sunshine-in-me-tee-1#GreyMarle,1,positive
Nathalie,on-the-open-road-maxi-shirt#DarkOchre,1,positive
Emma,the-drape-tee-1#White,1,positive
Marnee,summer-breeze-top-1#White,1,positive
Tia,the-cross-over-blouse#Silver,1,positive
Denniel,the-cross-over-blouse#RoyalBlue,1,positive
Georgia,flow-with-me-slouch-top#Brick,1,positive
Gemma,billow-top#Peach,1,positive
Miranda,the-boat-neck-top#Navy,1,positive
Stefania,the-high-low-drape-tee#Sage,1,positive
Mae-Lee,the-cotton-bamboo-tee#DuckEgg,1,positive
Georgia,wrap-me-up-bamboo-top#BlueJeans,1,positive
Laura,falling-for-you-cardi#Dusty,1,positive
Amanda,the-colour-block-pullover#Sage,1,positive
Natalie,the-batwing-tee#Black,1,positive
Jess,tracie-top#Black,1,positive
Jess,belle-handkerchief-printed-cami#RustFlwrs,1,positive
Stacey,the-cotton-cardi#Navy,1,positive
Summer,side-buttoned-sweater#Buttoned,1,positive
Riina,the-tie-layering-knit#Grey,1,positive
Summer,fundamental-rib-long-sleeve-tee#White,1,positive
Stefania,the-blouson-sleeve-jumper#Navy,1,positive
Miranda,the-relax-blouse#White,1,positive
Georgia,on-safari-blouse#Jewel,1,positive
Jess,fern-print-top#Navy,1,positive
Tia,the-cotton-bamboo-tank#Moonbeam,1,positive
Mercy,belle-v-neck-forgiver-tunic#ArmyGreen,1,positive
Fiona,viola-kimono-radiant-floral#Grey,1,positive
Tia,the-everyday-shirt#Pink,1,positive
Madeline,kimono-top-36#BlueMarle,1,positive
Mae-Lee,belle-v-neck-forgiver-tunic#Black,1,positive
Kate,the-batwing-tee#Black,1,positive
Jess,the-stripe-tank-1#Hazelnut,1,positive
Gemma,tab-sleeve-longline-shirt#Silver,1,positive
Nadine,long-sleeve-layer-top#White,1,positive
Maddy,the-cut-out-shoulder-blouse#White,1,positive
Monique,hannah-tee-1#RedWhite,1,positive
Laura,sugar-snaps-layers-tank#SeaGreen,1,positive
Gemma,rose-shirt#BlueIllusi,1,positive
Lauren,the-contrast-knit-1#Navy,1,positive
Laura,the-cross-over-blouse#Black,1,positive
Shadae,fundamental-split-hoodie#Pink,1,positive
Jess,hem-frill-stripe-top#Frilled,1,positive
Stefania,roll-with-me-jumper#Chalk,1,positive
Jess,the-sleeveless-cross-over-blouse#Cobalt,1,positive
Nadine,runaway-top#JetBlack,1,positive
Mae-Lee,the-drape-tee-1#Navy,1,positive
Denniel,the-cross-over-blouse#Red,1,positive
Jude,striped-cardigan-3#Rainbow,1,positive
Georgia,sugar-snaps-round-neck-layer-tank#White,1,positive
Clementine,the-sleeveless-cross-over-blouse#Salmon,1,positive
Georgia,sugar-snaps-layers-tank#NewBeige,1,positive
Amanda,the-soft-knit-jumper#NavyStripe,1,positive
Anna,the-short-sleeve-wrap-jersey-top#NavyWhite,1,positive
Emma,the-bamboo-tunic-dress#Khaki,1,positive
Gemma,moonlight-kisses-bamboo-tee#Saffron,1,positive
Sophia,sugar-snaps-throw-jacket#White,1,positive
Kate,the-batwing-tee#Sea,1,positive
Jess,falling-for-you-cardi#Rust,1,positive
Amanda,the-tie-detail-hoody#FrenchBlue,1,positive
Jess,long-sleeve-ruffle-shirt#White,1,positive
Tia,softly-swinging-bamboo-tee#TeaRose,1,positive
Jess,belle-v-neck-forgiver-tunic#Black,1,positive
Jess,long-sleeve-softly-swinging-bamboo-tee#Black,1,positive
Fiona,falling-for-you-cardi#GreyMarle,1,positive
Laura,messina-v-neck-tee#White,1,positive
Anna,the-sleeveless-cross-over-blouse#Mint,1,positive
Tia,sugar-snaps-layers-tank#DeepCobalt,1,positive
Riina,the-stripe-jersey-top#Pink,1,positive
Stacey,the-soft-knit-jumper#PinkStripe,1,positive
Tia,layered-tee-2#Black,1,positive
Laura,the-on-or-off-the-shoulder-top#Pink,1,positive
Emma,belle-v-neck-forgiver-tunic#ArmyGreen,1,positive
Anna,the-everyday-shirt#Black,1,positive
Laura,cross-my-heart-sweater#Regal,1,positive
Tia,soho-ruffle-jumper#OatmealMar,1,positive
Alex,the-sleeveless-cross-over-blouse#Salmon,1,positive
Denniel,the-cross-over-blouse#Mint,1,positive
Anna,the-relaxed-long-sleeve-tee#White,1,positive
Marnee,be-mine-top-1#Sage,1,positive
Natalie,the-cross-over-blouse#Silver,1,positive
Gemma,falling-for-you-cardi#Dusty,1,positive
Fiona,cover-up-slouch-cardi#Alloy,1,positive
Jess,natural-classic-cardigan#Pebble,1,positive
Marnee,long-sleeve-softly-swinging-bamboo-tee#BlueJeans,1,positive
Gemma,chasing-birds-blouse#White,1,positive
Sophia,meredith-78-oversized-pullover-knit#CameoRose,1,positive
Fiona,rising-mist-jumper#Nickel,1,positive
Laura,manhattan-stretch-tee#White,1,positive
Stacey,the-cotton-blend-stripe-jumper#BlueStripe,1,positive
Mercy,belle-mid-length-knit-cardi#Black,1,positive
Summer,splice-knit-1#Multi,1,positive
Jess,the-short-sleeve-wrap-jersey-top#Emerald,1,positive
Natalia,messina-knit#Cognac,1,positive
Georgia,sugar-snaps-layers-tank#Mint,1,positive
Maddy,the-cotton-bamboo-tee#DuckEgg,1,positive
Madeline,analia-top#White,1,positive
Stacey,layer-me-bamboo-rouched-sleeve-tee#Black,1,positive
Riina,the-relaxed-long-sleeve-tee#Pink,1,positive
Mae-Lee,softly-swinging-bamboo-tee#Storm,1,positive
Laura,shell-top-3#PapBlue,1,positive
Alex,the-short-sleeve-wrap-jersey-top#Blue,1,positive
Riina,the-twist-hem-jumper#DenimMarle,1,positive
Alex,the-cross-over-blouse#Red,1,positive
Jess,belle-v-neck-forgiver-tunic#Scarlett,1,positive
Mae-Lee,the-cross-over-blouse#Silver,1,positive
Ljubenka,the-half-sleeve-tee#Black,1,positive
Sophie,falling-for-you-tunic#Black,1,positive
Madeline,the-luxe-cotton-tunic#White,1,positive
Natalia,the-zip-front-blouse#Navy,1,positive
Madeline,frill-blouse#Rust,1,positive
Lara,striped-cardigan-3#Rainbow,1,positive
Shadae,rib-tank-2#White,1,positive
Maddy,the-cotton-bamboo-tank#DarkNavy,1,positive
Clementine,the-soft-overlay-top#Pink,1,positive
Ljubenka,belle-tier-tee#Blue,1,positive
Lisa,the-boat-neck-top#Navy,1,positive
Sophia,longline-gather-back-shirt#Black,1,positive
Clementine,the-stitch-detail-top#Pink,1,positive
Clementine,the-cross-over-blouse#RoyalBlue,1,positive
Sophie,the-relaxed-long-sleeve-tee#Pink,1,positive
Jess,natural-cosy-sweater#Rosered,1,positive
Georgia,falling-for-you-cardi#Black,1,positive
Laura,tie-back-bell-sleeve-top-5#Summerbud,1,positive
Mae-Lee,panelled-stripe-top#NavyWhite,1,positive
Fiona,the-longline-waterfall-cardi#Black,1,positive
Jess,the-layered-cross-over-top#Black,1,positive
Perrie,laurina-stripe-pullover#NightSky,1,positive
Sophie,summer-breeze-top-1#White,1,positive
Sophie,belle-half-sleeve-forgiver-tunic#MutedClay,1,positive
Sophia,triangle-detail-long-sleeve-tee#Navy,1,positive
Marnee,falling-flowers-blouse#DustyPink,1,positive
Fiona,long-sleeve-ruffle-shirt#Navy,1,positive
Alex,makeover-blouse#LimeGreen,0,hard
Amanda,natural-textured-poncho#Deeprain,0,hard
Anna,makeover-blouse#LimeGreen,0,hard
Anna Maria,natural-textured-poncho#Deeprain,0,hard
Anneliese,natural-textured-poncho#Deeprain,0,hard
Bree,cara-tee-2#BlackSpot,0,hard
Charlotte,makeover-blouse#LimeGreen,0,hard
Chelsea,makeover-blouse#LimeGreen,0,hard
Chesska,makeover-blouse#LimeGreen,0,hard
Clementine,makeover-blouse#LimeGreen,0,hard
Denniel,natural-textured-poncho#Deeprain,0,hard
Edith,makeover-blouse#LimeGreen,0,hard
Emma,makeover-blouse#LimeGreen,0,hard
Fiona,natural-textured-poncho#Deeprain,0,hard
Gemma,makeover-blouse#LimeGreen,0,hard
Georgia,makeover-blouse#LimeGreen,0,hard
Grazi,makeover-blouse#LimeGreen,0,hard
Helen,makeover-blouse#LimeGreen,0,hard
Jess,cara-tee-2#BlackSpot,0,hard
Jira,makeover-blouse#LimeGreen,0,hard
Jude,makeover-blouse#LimeGreen,0,hard
Kate,natural-textured-poncho#Deeprain,0,hard
Katie,makeover-blouse#LimeGreen,0,hard
Lara,natural-textured-poncho#Deeprain,0,hard
Laura,cara-tee-2#BlackSpot,0,hard
Lauren,side-buttoned-sweater#Buttoned,0,hard
Lisa,makeover-blouse#LimeGreen,0,hard
Ljubenka,the-uneven-hem-knit-1#Sage,0,hard
Louise,pure-merino-fine-rib-polo#BlackStri,0,hard
Lucy,manhattan-stretch-tee#Black,0,hard
Maddy,natural-textured-poncho#Deeprain,0,hard
Madeline,makeover-blouse#LimeGreen,0,hard
Mae-Lee,side-buttoned-sweater#Buttoned,0,hard
Mandy,makeover-blouse#LimeGreen,0,hard
Marnee,natural-textured-poncho#Deeprain,0,hard
Mercy,makeover-blouse#LimeGreen,0,hard
Miranda,makeover-blouse#LimeGreen,0,hard
Monique,makeover-blouse#LimeGreen,0,hard
Nadine,makeover-blouse#LimeGreen,0,hard
Natalia,makeover-blouse#LimeGreen,0,hard
Natalie,natural-textured-poncho#Deeprain,0,hard
Nathalie,makeover-blouse#LimeGreen,0,hard
Nikki,natural-textured-poncho#Deeprain,0,hard
Olivia,natural-textured-poncho#Deeprain,0,hard
Palatina,cara-tee-2#BlackSpot,0,hard
Perrie,natural-textured-poncho#Deeprain,0,hard
Riina,makeover-blouse#LimeGreen,0,hard
Rosaline,makeover-blouse#LimeGreen,0,hard
Shadae,makeover-blouse#LimeGreen,0,hard
Sophia,cara-tee-2#BlackSpot,0,hard
Sophie,side-buttoned-sweater#Buttoned,0,hard
Stacey,makeover-blouse#LimeGreen,0,hard
Stefania,makeover-blouse#LimeGreen,0,hard
Summer,voyager-stripe-crew#Stripe,0,hard
Thais,natural-textured-poncho#Deeprain,0,hard
Tia,the-panel-luxe-top#BlkWhite,0,hard
Alex,belle-square-neck-drape-tee#Vanilla,0,random
Amanda,sugar-snaps-round-neck-layer-tank#DuckEgg,0,random
Anna,silver-cross-sweater#Silver,0,random
Anna Maria,melbourne-stretch-cardigan#NavyWhtStr,0,random
Anneliese,maui-stretch-tee#Black,0,random
Bree,the-printed-v-split-top#Natural,0,random
Charlotte,belle-satin-shirt#Black,0,random
Chelsea,sunshine-in-me-tee-1#White,0,random
Chesska,driftwood-gathering-blouse#Khaki,0,random
Clementine,belle-tie-neck-blouse-tee#RoyalBlue,0,random
Denniel,on-the-horizon-swing-top-1#Khaki,0,random
Edith,waterfall-cardi-1#Navy,0,random
Emma,the-cotton-bamboo-tee#BlueJeans,0,random
Fiona,the-contrast-panel-top#SageStripe,0,random
Gemma,the-cotton-bamboo-tank#Chambray,0,random
Georgia,the-frill-detail-blouse#Chambray,0,random
Grazi,open-plains-kimono-throw-1#Rust,0,random
Helen,butterfly-kisses-tee#Stripe,0,random
Jess,the-panel-hem-top#Khaki,0,random
Jira,mila-knit-cardigan#Clay,0,random
Jude,nova-lux-solid-v-neck-placket-shirt#CloudDance,0,random
Kate,layer-top-1#Navy,0,random
Katie,cross-over-top-with-pocket#BlackWhite,0,random
Lara,the-tie-front-top#Navy,0,random
Laura,the-button-up-swing-tunic#Wine,0,random
Lauren,softly-swinging-bamboo-tee#Starfish,0,random
Lisa,long-sleeve-softly-swinging-bamboo-tee#Storm,0,random
Ljubenka,the-luxe-long-sleeve-tee#GreyMarle,0,random
Louise,print-tee-3#Music,0,random
Lucy,meredith-78-oversized-pullover-knit#WhiteCapGr,0,random
Maddy,malibu-cardigan#Navy,0,random
Madeline,falling-for-you-cardi#Navy,0,random
Mae-Lee,belle-tie-neck-blouse-tee#RoyalBlue,0,random
Mandy,raspberry-ls-tee#WhiteRaspb,0,random
Marnee,the-soft-knit-jumper#NavyStripe,0,random
Mercy,belle-half-sleeve-forgiver-tunic#White,0,random
Miranda,the-panel-hem-top#Khaki,0,random
Monique,the-long-sleeve-v-neck-tee#Navy,0,random
Nadine,fundamental-split-hoodie-1#Lilac,0,random
Natalia,softly-falling-bamboo-tunic#White,0,random
Natalie,clara-blouse#DarkFloral,0,random
Nathalie,the-cross-front-spot-blouse#NavySpot,0,random
Nikki,the-asymmetrical-tank-top#Indigo,0,random
Olivia,lake-house-top#CoalPrint,0,random
Palatina,belle-ls-free-fall-tee#Blush,0,random
Perrie,viola-kimono-radiant-floral#Grey,0,random
Riina,long-sleeve-softly-swinging-bamboo-tee#Navy,0,random
Rosaline,the-sleeveless-cross-over-blouse#Cobalt,0,random
Shadae,sunshine-in-me-tee-1#GreyMarle,0,random
Sophia,the-cut-out-shoulder-blouse#Black,0,random
Sophie,the-cotton-bamboo-tee#White,0,random
Stacey,daisy-top-1#BrightBlue,0,random
Stefania,layer-me-cotton-candy-top#Cream,0,random
Summer,moonlight-kisses-bamboo-tee#Combat,0,random
Thais,neptune-top-1#PrimBlack,0,random
Tia,back-to-you-top#Rust,0,random
