person_id,positive_product_id,negative_product_id,negative_type,negative_distance
Fiona,the-tie-detail-hoody#Pink,natural-textured-poncho#Deeprain,hard,0.0198895027624309
Fiona,the-tie-detail-hoody#Pink,wonderland-blouse#Ink,hard,0.029034976521913555
Jess,belle-off-the-shoulder-tee#Stripe,cara-tee-2#Blush,hard,0.02465728715728717
Jess,belle-off-the-shoulder-tee#Stripe,cara-tee-2#WhiteBlk,hard,0.02465728715728717
Fiona,the-relaxed-long-sleeve-tee-1#Ink%20Stripe,natural-textured-poncho#Deeprain,hard,0.0198895027624309
Fiona,the-relaxed-long-sleeve-tee-1#Ink%20Stripe,wonderland-blouse#Ink,hard,0.029034976521913555
Laura,milan-stretch-top#Black,cara-tee-2#Blush,hard,0.009805425338985667
Laura,milan-stretch-top#Black,cara-tee-2#WhiteBlk,hard,0.009805425338985667
Chelsea,falling-for-you-cardi#Teal,voyager-stripe-crew#Stripe,hard,0.027118644067796627
Chelsea,falling-for-you-cardi#Teal,makeover-blouse#LimeGreen,hard,0.027118644067796627
Maddy,the-batwing-tee#FrenchBlue,natural-textured-poncho#Deeprain,hard,0.026966292134831427
Maddy,the-batwing-tee#FrenchBlue,voyager-stripe-crew#Stripe,hard,0.02921348314606742
Chesska,true-love-bell-blouse#Jade,voyager-stripe-crew#Stripe,hard,0.01849710982658964
Chesska,true-love-bell-blouse#Jade,makeover-blouse#LimeGreen,hard,0.01849710982658964
Riina,the-essential-pullover#SkyBlue,voyager-stripe-crew#Stripe,hard,0.022857142857142854
Riina,the-essential-pullover#SkyBlue,makeover-blouse#LimeGreen,hard,0.022857142857142854
Laura,belle-drape-tee#Sliver,cara-tee-2#Blush,hard,0.009805425338985667
Laura,belle-drape-tee#Sliver,cara-tee-2#WhiteBlk,hard,0.009805425338985667
Chelsea,millie-top#BlackSpot,voyager-stripe-crew#Stripe,hard,0.027118644067796627
Chelsea,millie-top#BlackSpot,makeover-blouse#LimeGreen,hard,0.027118644067796627
Gemma,cara-tee-3#Mustard,voyager-stripe-crew#Stripe,hard,0.025000000000000022
Gemma,cara-tee-3#Mustard,makeover-blouse#LimeGreen,hard,0.025000000000000022
Fiona,walk-in-the-park-cardi#Sand,natural-textured-poncho#Deeprain,hard,0.0198895027624309
Fiona,walk-in-the-park-cardi#Sand,wonderland-blouse#Ink,hard,0.029034976521913555
Fiona,paige-top#Black,natural-textured-poncho#Deeprain,hard,0.0198895027624309
Fiona,paige-top#Black,wonderland-blouse#Ink,hard,0.029034976521913555
Mae-Lee,long-sleeve-softly-swinging-bamboo-tee#Combat,side-buttoned-sweater#Buttoned,hard,0.0066981036406044
Mae-Lee,long-sleeve-softly-swinging-bamboo-tee#Combat,voyager-stripe-crew#Stripe,hard,0.01849710982658964
Mae-Lee,sugar-snaps-layers-tank#White,side-buttoned-sweater#Buttoned,hard,0.0066981036406044
Mae-Lee,sugar-snaps-layers-tank#White,voyager-stripe-crew#Stripe,hard,0.01849710982658964
Jess,buttoned-top#Spotty,cara-tee-2#Blush,hard,0.02465728715728717
Jess,buttoned-top#Spotty,cara-tee-2#WhiteBlk,hard,0.02465728715728717
Ljubenka,softly-swinging-bamboo-tee#Jewel,the-uneven-hem-knit-1#Sage,hard,0.02003205128205128
Ljubenka,softly-swinging-bamboo-tee#Jewel,natural-textured-poncho#Deeprain,hard,0.0222222222222222
Natalia,the-relaxed-batwing-top#Denim%20Blue,voyager-stripe-crew#Stripe,hard,0.011764705882352955
Natalia,the-relaxed-batwing-top#Denim%20Blue,makeover-blouse#LimeGreen,hard,0.011764705882352955
Mercy,belle-v-neck-forgiver-tunic#Scarlett,voyager-stripe-crew#Stripe,hard,0.01849710982658964
Mercy,belle-v-neck-forgiver-tunic#Scarlett,makeover-blouse#LimeGreen,hard,0.01849710982658964
Stacey,the-oversize-knit#Ink,makeover-blouse#LimeGreen,hard,0.009467455621301801
Stacey,the-oversize-knit#Ink,cara-tee-2#Blush,hard,0.04007527669805984
Shadae,monaco-knot-top#Black,voyager-stripe-crew#Stripe,hard,0.027118644067796627
Shadae,monaco-knot-top#Black,makeover-blouse#LimeGreen,hard,0.027118644067796627
Fiona,the-essential-pullover#DustyPeach,natural-textured-poncho#Deeprain,hard,0.0198895027624309
Fiona,the-essential-pullover#DustyPeach,wonderland-blouse#Ink,hard,0.029034976521913555
Chelsea,millie-top#Moss,voyager-stripe-crew#Stripe,hard,0.027118644067796627
Chelsea,millie-top#Moss,makeover-blouse#LimeGreen,hard,0.027118644067796627
Monique,hannah-tee-1#Black,voyager-stripe-crew#Stripe,hard,0.022857142857142854
Monique,hannah-tee-1#Black,makeover-blouse#LimeGreen,hard,0.022857142857142854
Clementine,the-sleeveless-cross-over-blouse#White,voyager-stripe-crew#Stripe,hard,0.022857142857142854
Clementine,the-sleeveless-cross-over-blouse#White,makeover-blouse#LimeGreen,hard,0.022857142857142854
Palatina,sky-jumper-1#Clouds,cara-tee-2#Blush,hard,0.02436008474699353
Palatina,sky-jumper-1#Clouds,cara-tee-2#WhiteBlk,hard,0.02436008474699353
Mercy,belle-deep-v-mesh-top#Black,voyager-stripe-crew#Stripe,hard,0.01849710982658964
Mercy,belle-deep-v-mesh-top#Black,makeover-blouse#LimeGreen,hard,0.01849710982658964
Emma,belle-v-neck-forgiver-tunic#Charcoal,voyager-stripe-crew#Stripe,hard,0.020689655172413834
Emma,belle-v-neck-forgiver-tunic#Charcoal,makeover-blouse#LimeGreen,hard,0.020689655172413834
Mae-Lee,the-striped-top#BlueStripe,side-buttoned-sweater#Buttoned,hard,0.0066981036406044
Mae-Lee,the-striped-top#BlueStripe,voyager-stripe-crew#Stripe,hard,0.01849710982658964
Jess,layered-tee-2#Black,cara-tee-2#Blush,hard,0.02465728715728717
Jess,layered-tee-2#Black,cara-tee-2#WhiteBlk,hard,0.02465728715728717
Anna,the-everyday-shirt#Cream,voyager-stripe-crew#Stripe,hard,0.022857142857142854
Anna,the-everyday-shirt#Cream,makeover-blouse#LimeGreen,hard,0.022857142857142854
Jess,the-cotton-bamboo-tank#DarkNavy,cara-tee-2#Blush,hard,0.02465728715728717
Jess,the-cotton-bamboo-tank#DarkNavy,cara-tee-2#WhiteBlk,hard,0.02465728715728717
Emma,belle-v-neck-forgiver-tunic#DenimMarl,voyager-stripe-crew#Stripe,hard,0.020689655172413834
Emma,belle-v-neck-forgiver-tunic#DenimMarl,makeover-blouse#LimeGreen,hard,0.020689655172413834
Jess,the-cut-out-shoulder-blouse#White,cara-tee-2#Blush,hard,0.02465728715728717
Jess,the-cut-out-shoulder-blouse#White,cara-tee-2#WhiteBlk,hard,0.02465728715728717
Nadine,amira-sweater#Cream,makeover-blouse#LimeGreen,hard,0.004790419161676662
Nadine,amira-sweater#Cream,pure-merino-fine-rib-v-neck#Charcoal,hard,0.02127438771274388
Sophie,the-relaxed-batwing-top#Denim%20Blue,side-buttoned-sweater#Buttoned,hard,0.0011363636363636576
Sophie,the-relaxed-batwing-top#Denim%20Blue,the-tie-front-top#Navy,hard,0.017934149184149185
Marnee,butterfly-kisses-tee#MustardStr,natural-textured-poncho#Deeprain,hard,0.026966292134831427
Marnee,butterfly-kisses-tee#MustardStr,voyager-stripe-crew#Stripe,hard,0.02921348314606742
Anna,aigli-top#White,voyager-stripe-crew#Stripe,hard,0.022857142857142854
Anna,aigli-top#White,makeover-blouse#LimeGreen,hard,0.022857142857142854
Laura,sugar-snaps-round-neck-layer-tank#White,cara-tee-2#Blush,hard,0.009805425338985667
Laura,sugar-snaps-round-neck-layer-tank#White,cara-tee-2#WhiteBlk,hard,0.009805425338985667
Fiona,sugar-snaps-throw-jacket#Black,natural-textured-poncho#Deeprain,hard,0.0198895027624309
Fiona,sugar-snaps-throw-jacket#Black,wonderland-blouse#Ink,hard,0.029034976521913555
Ljubenka,falling-for-you-cardi#Navy,the-uneven-hem-knit-1#Sage,hard,0.02003205128205128
Ljubenka,falling-for-you-cardi#Navy,natural-textured-poncho#Deeprain,hard,0.0222222222222222
Riina,the-tie-detail-hoody#FrenchBlue,voyager-stripe-crew#Stripe,hard,0.022857142857142854
Riina,the-tie-detail-hoody#FrenchBlue,makeover-blouse#LimeGreen,hard,0.022857142857142854
Olivia,the-sleeveless-cross-over-blouse#Mint,natural-textured-poncho#Deeprain,hard,0.026966292134831427
Olivia,the-sleeveless-cross-over-blouse#Mint,voyager-stripe-crew#Stripe,hard,0.02921348314606742
Fiona,belle-v-neck-forgiver-tunic#Navy,natural-textured-poncho#Deeprain,hard,0.0198895027624309
Fiona,belle-v-neck-forgiver-tunic#Navy,wonderland-blouse#Ink,hard,0.029034976521913555
Tia,the-cotton-bamboo-tank#DuckEgg,the-panel-luxe-top#BlkWhite,hard,0.014767454441367485
Tia,the-cotton-bamboo-tank#DuckEgg,the-panel-luxe-top#SilvWhite,hard,0.014767454441367485
Nikki,the-drape-tee-1#White,natural-textured-poncho#Deeprain,hard,0.026966292134831427
Nikki,the-drape-tee-1#White,voyager-stripe-crew#Stripe,hard,0.02921348314606742
Summer,stud-trim-long-sleeve-top#Mint,voyager-stripe-crew#Stripe,hard,0.025000000000000022
Summer,stud-trim-long-sleeve-top#Mint,natural-textured-poncho#Deeprain,hard,0.0318181818181818
Nathalie,the-everyday-shirt#Black,voyager-stripe-crew#Stripe,hard,0.01403508771929829
Nathalie,the-everyday-shirt#Black,makeover-blouse#LimeGreen,hard,0.01403508771929829
Riina,jordan-top#PearlBlue,voyager-stripe-crew#Stripe,hard,0.022857142857142854
Riina,jordan-top#PearlBlue,makeover-blouse#LimeGreen,hard,0.022857142857142854
Anna,layered-tee-2#White,voyager-stripe-crew#Stripe,hard,0.022857142857142854
Anna,layered-tee-2#White,makeover-blouse#LimeGreen,hard,0.022857142857142854
Laura,the-batwing-tee#FrenchBlue,cara-tee-2#Blush,hard,0.009805425338985667
Laura,the-batwing-tee#FrenchBlue,cara-tee-2#WhiteBlk,hard,0.009805425338985667
Georgia,the-cotton-bamboo-tank#DuckEgg,voyager-stripe-crew#Stripe,hard,0.011764705882352955
Georgia,the-cotton-bamboo-tank#DuckEgg,makeover-blouse#LimeGreen,hard,0.011764705882352955
Natalie,the-cross-over-blouse#Blue,natural-textured-poncho#Deeprain,hard,0.0222222222222222
Natalie,the-cross-over-blouse#Blue,voyager-stripe-crew#Stripe,hard,0.03333333333333338
Jess,belle-deep-v-mesh-top#Black,cara-tee-2#Blush,hard,0.02465728715728717
Jess,belle-deep-v-mesh-top#Black,cara-tee-2#WhiteBlk,hard,0.02465728715728717
Fiona,belle-ls-free-fall-tee#Greenland,natural-textured-poncho#Deeprain,hard,0.0198895027624309
Fiona,belle-ls-free-fall-tee#Greenland,wonderland-blouse#Ink,hard,0.029034976521913555
Fiona,the-stripe-jersey-top#Blue,natural-textured-poncho#Deeprain,hard,0.0198895027624309
Fiona,the-stripe-jersey-top#Blue,wonderland-blouse#Ink,hard,0.029034976521913555
Ljubenka,the-open-sleeve-blouse#Berry,the-uneven-hem-knit-1#Sage,hard,0.02003205128205128
Ljubenka,the-open-sleeve-blouse#Berry,natural-textured-poncho#Deeprain,hard,0.0222222222222222
Stacey,juno-cardigan#GreyMarle,makeover-blouse#LimeGreen,hard,0.009467455621301801
Stacey,juno-cardigan#GreyMarle,cara-tee-2#Blush,hard,0.04007527669805984
Tia,the-cotton-bamboo-tank#Chambray,the-panel-luxe-top#BlkWhite,hard,0.014767454441367485
Tia,the-cotton-bamboo-tank#Chambray,the-panel-luxe-top#SilvWhite,hard,0.014767454441367485
Mercy,belle-ls-free-fall-tee#Greenland,voyager-stripe-crew#Stripe,hard,0.01849710982658964
Mercy,belle-ls-free-fall-tee#Greenland,makeover-blouse#LimeGreen,hard,0.01849710982658964
Maddy,the-long-sleeve-scoop-neck-tee#Grey,natural-textured-poncho#Deeprain,hard,0.026966292134831427
Maddy,the-long-sleeve-scoop-neck-tee#Grey,voyager-stripe-crew#Stripe,hard,0.02921348314606742
Clementine,the-everyday-shirt#Cream,voyager-stripe-crew#Stripe,hard,0.022857142857142854
Clementine,the-everyday-shirt#Cream,makeover-blouse#LimeGreen,hard,0.022857142857142854
Sophia,billow-top#Peach,cara-tee-2#Blush,hard,0.010112367541426632
Sophia,billow-top#Peach,cara-tee-2#WhiteBlk,hard,0.010112367541426632
Natalia,the-reverse-sleeve-sweater#Navy,voyager-stripe-crew#Stripe,hard,0.011764705882352955
Natalia,the-reverse-sleeve-sweater#Navy,makeover-blouse#LimeGreen,hard,0.011764705882352955
Jess,sandy-off-the-shoulder-top#Gingham,cara-tee-2#Blush,hard,0.02465728715728717
Jess,sandy-off-the-shoulder-top#Gingham,cara-tee-2#WhiteBlk,hard,0.02465728715728717
Kate,runaway-top#SoftMint,natural-textured-poncho#Deeprain,hard,0.0222222222222222
Kate,runaway-top#SoftMint,animal-button-up-shirt#KhakiPrint,hard,0.024927577868754342
Jess,belle-satin-shirt#Black,cara-tee-2#Blush,hard,0.02465728715728717
Jess,belle-satin-shirt#Black,cara-tee-2#WhiteBlk,hard,0.02465728715728717
Sophie,the-zip-front-blouse#Navy,side-buttoned-sweater#Buttoned,hard,0.0011363636363636576
Sophie,the-zip-front-blouse#Navy,the-tie-front-top#Navy,hard,0.017934149184149185
Chelsea,falling-for-you-cardi#Mustard,voyager-stripe-crew#Stripe,hard,0.027118644067796627
Chelsea,falling-for-you-cardi#Mustard,makeover-blouse#LimeGreen,hard,0.027118644067796627
Jess,drama-top#BlackGrey,cara-tee-2#Blush,hard,0.02465728715728717
Jess,drama-top#BlackGrey,cara-tee-2#WhiteBlk,hard,0.02465728715728717
Jess,softly-falling-bamboo-tunic#Copper,cara-tee-2#Blush,hard,0.02465728715728717
Jess,softly-falling-bamboo-tunic#Copper,cara-tee-2#WhiteBlk,hard,0.02465728715728717
Fiona,long-sleeve-softly-swinging-bamboo-tee#Combat,natural-textured-poncho#Deeprain,hard,0.0198895027624309
Fiona,long-sleeve-softly-swinging-bamboo-tee#Combat,wonderland-blouse#Ink,hard,0.029034976521913555
Shadae,rib-tank-2#Mustard,voyager-stripe-crew#Stripe,hard,0.027118644067796627
Shadae,rib-tank-2#Mustard,makeover-blouse#LimeGreen,hard,0.027118644067796627
Amanda,the-high-low-drape-tee#Grey,natural-textured-poncho#Deeprain,hard,0.026966292134831427
Amanda,the-high-low-drape-tee#Grey,voyager-stripe-crew#Stripe,hard,0.02921348314606742
Marnee,sugar-snaps-layers-tank#DeepCobalt,natural-textured-poncho#Deeprain,hard,0.026966292134831427
Marnee,sugar-snaps-layers-tank#DeepCobalt,voyager-stripe-crew#Stripe,hard,0.02921348314606742
Amanda,the-batwing-tee#Black,natural-textured-poncho#Deeprain,hard,0.026966292134831427
Amanda,the-batwing-tee#Black,voyager-stripe-crew#Stripe,hard,0.02921348314606742
Anna Maria,falling-for-you-cardi#Mustard,natural-textured-poncho#Deeprain,hard,0.024581005586592153
Anna Maria,falling-for-you-cardi#Mustard,voyager-stripe-crew#Stripe,hard,0.03128491620111734
Jess,sugar-snaps-layers-tank#PeachyKeen,cara-tee-2#Blush,hard,0.02465728715728717
Jess,sugar-snaps-layers-tank#PeachyKeen,cara-tee-2#WhiteBlk,hard,0.02465728715728717
Laura,the-cross-over-blouse#Red,cara-tee-2#Blush,hard,0.009805425338985667
Laura,the-cross-over-blouse#Red,cara-tee-2#WhiteBlk,hard,0.009805425338985667
Riina,napoleon-top-1#NemoRed,voyager-stripe-crew#Stripe,hard,0.022857142857142854
Riina,napoleon-top-1#NemoRed,makeover-blouse#LimeGreen,hard,0.022857142857142854
Nikki,selma-top-1#IndoStripe,natural-textured-poncho#Deeprain,hard,0.026966292134831427
Nikki,selma-top-1#IndoStripe,voyager-stripe-crew#Stripe,hard,0.02921348314606742
Amanda,the-longline-waterfall-cardi#Black,natural-textured-poncho#Deeprain,hard,0.026966292134831427
Amanda,the-longline-waterfall-cardi#Black,voyager-stripe-crew#Stripe,hard,0.02921348314606742
Stacey,chill-out-slouch-top#Mustard,makeover-blouse#LimeGreen,hard,0.009467455621301801
Stacey,chill-out-slouch-top#Mustard,cara-tee-2#Blush,hard,0.04007527669805984
Laura,the-sleeveless-cross-over-blouse#Black,cara-tee-2#Blush,hard,0.009805425338985667
Laura,the-sleeveless-cross-over-blouse#Black,cara-tee-2#WhiteBlk,hard,0.009805425338985667
Natalia,napoleon-top-1#NemoRed,voyager-stripe-crew#Stripe,hard,0.011764705882352955
Natalia,napoleon-top-1#NemoRed,makeover-blouse#LimeGreen,hard,0.011764705882352955
Katie,messina-knit#Cognac,voyager-stripe-crew#Stripe,hard,0.020689655172413834
Katie,messina-knit#Cognac,makeover-blouse#LimeGreen,hard,0.020689655172413834
Chelsea,cara-tee-2#WhiteBlk,voyager-stripe-crew#Stripe,hard,0.027118644067796627
Chelsea,cara-tee-2#WhiteBlk,makeover-blouse#LimeGreen,hard,0.027118644067796627
Lara,curve-hem-cable-knit-sweater-1#Sapphire,natural-textured-poncho#Deeprain,hard,0.026966292134831427
Lara,curve-hem-cable-knit-sweater-1#Sapphire,voyager-stripe-crew#Stripe,hard,0.02921348314606742
Sophie,falling-for-you-tunic#Rust,side-buttoned-sweater#Buttoned,hard,0.0011363636363636576
Sophie,falling-for-you-tunic#Rust,the-tie-front-top#Navy,hard,0.017934149184149185
Natalie,layer-top-1#Navy,natural-textured-poncho#Deeprain,hard,0.0222222222222222
Natalie,layer-top-1#Navy,voyager-stripe-crew#Stripe,hard,0.03333333333333338
Emma,raspberry-ls-tee#WhiteRaspb,voyager-stripe-crew#Stripe,hard,0.020689655172413834
Emma,raspberry-ls-tee#WhiteRaspb,makeover-blouse#LimeGreen,hard,0.020689655172413834
Mae-Lee,falling-for-you-cardi#GreyMarle,side-buttoned-sweater#Buttoned,hard,0.0066981036406044
Mae-Lee,falling-for-you-cardi#GreyMarle,voyager-stripe-crew#Stripe,hard,0.01849710982658964
Jess,runaway-top#Sand,cara-tee-2#Blush,hard,0.02465728715728717
Jess,runaway-top#Sand,cara-tee-2#WhiteBlk,hard,0.02465728715728717
Fiona,the-twist-front-top#Navy,natural-textured-poncho#Deeprain,hard,0.0198895027624309
Fiona,the-twist-front-top#Navy,wonderland-blouse#Ink,hard,0.029034976521913555
Jess,sontana-blouse#Stone,cara-tee-2#Blush,hard,0.02465728715728717
Jess,sontana-blouse#Stone,cara-tee-2#WhiteBlk,hard,0.02465728715728717
Mae-Lee,the-long-sleeve-scoop-neck-tee#Black,side-buttoned-sweater#Buttoned,hard,0.0066981036406044
Mae-Lee,the-long-sleeve-scoop-neck-tee#Black,voyager-stripe-crew#Stripe,hard,0.01849710982658964
Amanda,the-stripe-tank-1#Hazelnut,natural-textured-poncho#Deeprain,hard,0.026966292134831427
Amanda,the-stripe-tank-1#Hazelnut,voyager-stripe-crew#Stripe,hard,0.02921348314606742
Laura,manhattan-stretch-tee#Navy,cara-tee-2#Blush,hard,0.009805425338985667
Laura,manhattan-stretch-tee#Navy,cara-tee-2#WhiteBlk,hard,0.009805425338985667
Chelsea,oversize-contrast-hood-top#Steel,voyager-stripe-crew#Stripe,hard,0.027118644067796627
Chelsea,oversize-contrast-hood-top#Steel,makeover-blouse#LimeGreen,hard,0.027118644067796627
Georgia,falling-for-you-cardi#Rust,voyager-stripe-crew#Stripe,hard,0.011764705882352955
Georgia,falling-for-you-cardi#Rust,makeover-blouse#LimeGreen,hard,0.011764705882352955
Emma,hem-frill-stripe-top#SoFrilled,voyager-stripe-crew#Stripe,hard,0.020689655172413834
Emma,hem-frill-stripe-top#SoFrilled,makeover-blouse#LimeGreen,hard,0.020689655172413834
Kate,sugar-snaps-layers-tank#White,natural-textured-poncho#Deeprain,hard,0.0222222222222222
Kate,sugar-snaps-layers-tank#White,animal-button-up-shirt#KhakiPrint,hard,0.024927577868754342
Shadae,monaco-knot-top#Olive,voyager-stripe-crew#Stripe,hard,0.027118644067796627
Shadae,monaco-knot-top#Olive,makeover-blouse#LimeGreen,hard,0.027118644067796627
Palatina,you-at-my-shoulder-tunic#Black,cara-tee-2#Blush,hard,0.02436008474699353
Palatina,you-at-my-shoulder-tunic#Black,cara-tee-2#WhiteBlk,hard,0.02436008474699353
Jess,belle-v-neck-forgiver-tunic#ArmyGreen,cara-tee-2#Blush,hard,0.02465728715728717
Jess,belle-v-neck-forgiver-tunic#ArmyGreen,cara-tee-2#WhiteBlk,hard,0.02465728715728717
Ljubenka,softly-swinging-bamboo-tee#Starfish,the-uneven-hem-knit-1#Sage,hard,0.02003205128205128
Ljubenka,softly-swinging-bamboo-tee#Starfish,natural-textured-poncho#Deeprain,hard,0.0222222222222222
Amanda,the-blouson-sleeve-jumper#Grey,natural-textured-poncho#Deeprain,hard,0.026966292134831427
Amanda,the-blouson-sleeve-jumper#Grey,voyager-stripe-crew#Stripe,hard,0.02921348314606742
Laura,softly-swinging-bamboo-tee#Blush,cara-tee-2#Blush,hard,0.009805425338985667
Laura,softly-swinging-bamboo-tee#Blush,cara-tee-2#WhiteBlk,hard,0.009805425338985667
Fiona,belle-v-neck-forgiver-tunic#White,natural-textured-poncho#Deeprain,hard,0.0198895027624309
Fiona,belle-v-neck-forgiver-tunic#White,wonderland-blouse#Ink,hard,0.029034976521913555
Fiona,hem-frill-stripe-top#Frilled,natural-textured-poncho#Deeprain,hard,0.0198895027624309
Fiona,hem-frill-stripe-top#Frilled,wonderland-blouse#Ink,hard,0.029034976521913555
Fiona,natural-pattern-cocoon-cardigan#Blossom,natural-textured-poncho#Deeprain,hard,0.0198895027624309
Fiona,natural-pattern-cocoon-cardigan#Blossom,wonderland-blouse#Ink,hard,0.029034976521913555
Emma,sugar-snaps-layers-tank#PeachyKeen,voyager-stripe-crew#Stripe,hard,0.020689655172413834
Emma,sugar-snaps-layers-tank#PeachyKeen,makeover-blouse#LimeGreen,hard,0.020689655172413834
Jess,reversible-scoopv-neck-tank#White,cara-tee-2#Blush,hard,0.02465728715728717
Jess,reversible-scoopv-neck-tank#White,cara-tee-2#WhiteBlk,hard,0.02465728715728717
Katie,crushed-top#Blue,voyager-stripe-crew#Stripe,hard,0.020689655172413834
Katie,crushed-top#Blue,makeover-blouse#LimeGreen,hard,0.020689655172413834
Amanda,the-sleeveless-cross-over-blouse#Sunshine,natural-textured-poncho#Deeprain,hard,0.026966292134831427
Amanda,the-sleeveless-cross-over-blouse#Sunshine,voyager-stripe-crew#Stripe,hard,0.02921348314606742
Tia,silver-dot-tie-sleeve-blouse#SilverDotP,the-panel-luxe-top#BlkWhite,hard,0.014767454441367485
Tia,silver-dot-tie-sleeve-blouse#SilverDotP,the-panel-luxe-top#SilvWhite,hard,0.014767454441367485
Perrie,the-everyday-shirt#Rose,natural-textured-poncho#Deeprain,hard,0.024581005586592153
Perrie,the-everyday-shirt#Rose,voyager-stripe-crew#Stripe,hard,0.03128491620111734
Jess,belle-half-sleeve-forgiver-tunic#Apricot,cara-tee-2#Blush,hard,0.02465728715728717
Jess,belle-half-sleeve-forgiver-tunic#Apricot,cara-tee-2#WhiteBlk,hard,0.02465728715728717
Kate,the-sleeveless-cross-over-blouse#Black,natural-textured-poncho#Deeprain,hard,0.0222222222222222
Kate,the-sleeveless-cross-over-blouse#Black,animal-button-up-shirt#KhakiPrint,hard,0.024927577868754342
Emma,the-drape-tee-1#Black,voyager-stripe-crew#Stripe,hard,0.020689655172413834
Emma,the-drape-tee-1#Black,makeover-blouse#LimeGreen,hard,0.020689655172413834
Lauren,layer-me-cotton-candy-top#Cream,side-buttoned-sweater#Buttoned,hard,0.010019841269841278
Lauren,layer-me-cotton-candy-top#Cream,voyager-stripe-crew#Stripe,hard,0.03333333333333338
Ljubenka,softly-swinging-bamboo-singlet#BlueJean,the-uneven-hem-knit-1#Sage,hard,0.02003205128205128
Ljubenka,softly-swinging-bamboo-singlet#BlueJean,natural-textured-poncho#Deeprain,hard,0.0222222222222222
Alex,the-cross-over-blouse#Silver,voyager-stripe-crew#Stripe,hard,0.020689655172413834
Alex,the-cross-over-blouse#Silver,makeover-blouse#LimeGreen,hard,0.020689655172413834
Riina,the-shoulder-tie-top#Black,voyager-stripe-crew#Stripe,hard,0.022857142857142854
Riina,the-shoulder-tie-top#Black,makeover-blouse#LimeGreen,hard,0.022857142857142854
Olivia,runaway-top#SoftPink,natural-textured-poncho#Deeprain,hard,0.026966292134831427
Olivia,runaway-top#SoftPink,voyager-stripe-crew#Stripe,hard,0.02921348314606742
Jess,falling-for-you-cardi#Black,cara-tee-2#Blush,hard,0.02465728715728717
Jess,falling-for-you-cardi#Black,cara-tee-2#WhiteBlk,hard,0.02465728715728717
Anna,the-cotton-bamboo-tee#DuckEgg,voyager-stripe-crew#Stripe,hard,0.022857142857142854
Anna,the-cotton-bamboo-tee#DuckEgg,makeover-blouse#LimeGreen,hard,0.022857142857142854
Stacey,poncho-2#NavySilver,makeover-blouse#LimeGreen,hard,0.009467455621301801
Stacey,poncho-2#NavySilver,cara-tee-2#Blush,hard,0.04007527669805984
Georgia,crossing-the-plains-sweater-1#Indigo,voyager-stripe-crew#Stripe,hard,0.011764705882352955
Georgia,crossing-the-plains-sweater-1#Indigo,makeover-blouse#LimeGreen,hard,0.011764705882352955
Laura,the-wrap-jersey-top#NavyWhite,cara-tee-2#Blush,hard,0.009805425338985667
Laura,the-wrap-jersey-top#NavyWhite,cara-tee-2#WhiteBlk,hard,0.009805425338985667
Laura,the-long-sleeve-scoop-neck-tee#White,cara-tee-2#Blush,hard,0.009805425338985667
Laura,the-long-sleeve-scoop-neck-tee#White,cara-tee-2#WhiteBlk,hard,0.009805425338985667
Fiona,the-check-pullover#PinkCheck,natural-textured-poncho#Deeprain,hard,0.0198895027624309
Fiona,the-check-pullover#PinkCheck,wonderland-blouse#Ink,hard,0.029034976521913555
Laura,the-batwing-tee#Sea,cara-tee-2#Blush,hard,0.009805425338985667
Laura,the-batwing-tee#Sea,cara-tee-2#WhiteBlk,hard,0.009805425338985667
Thais,relaxed-top-1#FloraStrip,natural-textured-poncho#Deeprain,hard,0.026966292134831427
Thais,relaxed-top-1#FloraStrip,voyager-stripe-crew#Stripe,hard,0.02921348314606742
Sophia,falling-for-you-cardi#Port,cara-tee-2#Blush,hard,0.010112367541426632
Sophia,falling-for-you-cardi#Port,cara-tee-2#WhiteBlk,hard,0.010112367541426632
Emma,the-relaxed-long-sleeve-tee#Navy,voyager-stripe-crew#Stripe,hard,0.020689655172413834
Emma,the-relaxed-long-sleeve-tee#Navy,makeover-blouse#LimeGreen,hard,0.020689655172413834
Miranda,the-side-panel-drape-top#OffWhite,voyager-stripe-crew#Stripe,hard,0.01403508771929829
Miranda,the-side-panel-drape-top#OffWhite,makeover-blouse#LimeGreen,hard,0.01403508771929829
Madeline,fluid-tunic-top#White,voyager-stripe-crew#Stripe,hard,0.03128491620111734
Madeline,fluid-tunic-top#White,makeover-blouse#LimeGreen,hard,0.03128491620111734
Laura,softly-swinging-bamboo-tee#Black,cara-tee-2#Blush,hard,0.009805425338985667
Laura,softly-swinging-bamboo-tee#Black,cara-tee-2#WhiteBlk,hard,0.009805425338985667
Summer,st-helens-henley-tee#White,voyager-stripe-crew#Stripe,hard,0.025000000000000022
Summer,st-helens-henley-tee#White,natural-textured-poncho#Deeprain,hard,0.0318181818181818
Ljubenka,the-high-low-drape-tee#Grey,the-uneven-hem-knit-1#Sage,hard,0.02003205128205128
Ljubenka,the-high-low-drape-tee#Grey,natural-textured-poncho#Deeprain,hard,0.0222222222222222
Laura,belle-half-sleeve-forgiver-tunic#MutedClay,cara-tee-2#Blush,hard,0.009805425338985667
Laura,belle-half-sleeve-forgiver-tunic#MutedClay,cara-tee-2#WhiteBlk,hard,0.009805425338985667
Maddy,sandy-off-the-shoulder-top#Gingham,natural-textured-poncho#Deeprain,hard,0.026966292134831427
Maddy,sandy-off-the-shoulder-top#Gingham,voyager-stripe-crew#Stripe,hard,0.02921348314606742
Laura,the-relax-blouse#White,cara-tee-2#Blush,hard,0.009805425338985667
Laura,the-relax-blouse#White,cara-tee-2#WhiteBlk,hard,0.009805425338985667
Madeline,natural-classic-cardigan#Pebble,voyager-stripe-crew#Stripe,hard,0.03128491620111734
Madeline,natural-classic-cardigan#Pebble,makeover-blouse#LimeGreen,hard,0.03128491620111734
Gemma,lucy-rib-oversized-top#Black,voyager-stripe-crew#Stripe,hard,0.025000000000000022
Gemma,lucy-rib-oversized-top#Black,makeover-blouse#LimeGreen,hard,0.025000000000000022
Jess,the-sleeveless-cross-over-blouse#Black,cara-tee-2#Blush,hard,0.02465728715728717
Jess,the-sleeveless-cross-over-blouse#Black,cara-tee-2#WhiteBlk,hard,0.02465728715728717
Shadae,capri-tank-6#ClaySpot,voyager-stripe-crew#Stripe,hard,0.027118644067796627
Shadae,capri-tank-6#ClaySpot,makeover-blouse#LimeGreen,hard,0.027118644067796627
Natalie,sugar-snaps-layers-tank#PeachyKeen,natural-textured-poncho#Deeprain,hard,0.0222222222222222
Natalie,sugar-snaps-layers-tank#PeachyKeen,voyager-stripe-crew#Stripe,hard,0.03333333333333338
Riina,the-contrast-trim-knit#BlackWhite,voyager-stripe-crew#Stripe,hard,0.022857142857142854
Riina,the-contrast-trim-knit#BlackWhite,makeover-blouse#LimeGreen,hard,0.022857142857142854
Laura,peasant-top-3#Denim,cara-tee-2#Blush,hard,0.009805425338985667
Laura,peasant-top-3#Denim,cara-tee-2#WhiteBlk,hard,0.009805425338985667
Natalie,sugar-snaps-layers-tank#Red,natural-textured-poncho#Deeprain,hard,0.0222222222222222
Natalie,sugar-snaps-layers-tank#Red,voyager-stripe-crew#Stripe,hard,0.03333333333333338
Mercy,belle-paint-brush-print-top#PaintPrint,voyager-stripe-crew#Stripe,hard,0.01849710982658964
Mercy,belle-paint-brush-print-top#PaintPrint,makeover-blouse#LimeGreen,hard,0.01849710982658964
Kate,the-cross-over-blouse#Mint,natural-textured-poncho#Deeprain,hard,0.0222222222222222
Kate,the-cross-over-blouse#Mint,animal-button-up-shirt#KhakiPrint,hard,0.024927577868754342
Stacey,the-tie-detail-hoody#FrenchBlue,makeover-blouse#LimeGreen,hard,0.009467455621301801
Stacey,the-tie-detail-hoody#FrenchBlue,cara-tee-2#Blush,hard,0.04007527669805984
Chelsea,the-lace-trim-top#Ivory,voyager-stripe-crew#Stripe,hard,0.027118644067796627
Chelsea,the-lace-trim-top#Ivory,makeover-blouse#LimeGreen,hard,0.027118644067796627
Chelsea,prickly-cactus-crew#Pink,voyager-stripe-crew#Stripe,hard,0.027118644067796627
Chelsea,prickly-cactus-crew#Pink,makeover-blouse#LimeGreen,hard,0.027118644067796627
Sophie,the-contrast-panel-top#SageStripe,side-buttoned-sweater#Buttoned,hard,0.0011363636363636576
Sophie,the-contrast-panel-top#SageStripe,the-tie-front-top#Navy,hard,0.017934149184149185
Fiona,tracie-top#Opal,natural-textured-poncho#Deeprain,hard,0.0198895027624309
Fiona,tracie-top#Opal,wonderland-blouse#Ink,hard,0.029034976521913555
Laura,the-tie-front-top#Black,cara-tee-2#Blush,hard,0.009805425338985667
Laura,the-tie-front-top#Black,cara-tee-2#WhiteBlk,hard,0.009805425338985667
Anna,the-batwing-tee#FrenchBlue,voyager-stripe-crew#Stripe,hard,0.022857142857142854
Anna,the-batwing-tee#FrenchBlue,makeover-blouse#LimeGreen,hard,0.022857142857142854
Chesska,agra-shirt#White,voyager-stripe-crew#Stripe,hard,0.01849710982658964
Chesska,agra-shirt#White,makeover-blouse#LimeGreen,hard,0.01849710982658964
Miranda,the-luxe-dobby-blouse#White,voyager-stripe-crew#Stripe,hard,0.01403508771929829
Miranda,the-luxe-dobby-blouse#White,makeover-blouse#LimeGreen,hard,0.01403508771929829
Chelsea,cross-over-top-with-pocket#Emerald,voyager-stripe-crew#Stripe,hard,0.027118644067796627
Chelsea,cross-over-top-with-pocket#Emerald,makeover-blouse#LimeGreen,hard,0.027118644067796627
Laura,the-reversible-cowl-neck-top-1#Black,cara-tee-2#Blush,hard,0.009805425338985667
Laura,the-reversible-cowl-neck-top-1#Black,cara-tee-2#WhiteBlk,hard,0.009805425338985667
Ljubenka,softly-swinging-bamboo-tee#Cashew,the-uneven-hem-knit-1#Sage,hard,0.02003205128205128
Ljubenka,softly-swinging-bamboo-tee#Cashew,natural-textured-poncho#Deeprain,hard,0.0222222222222222
Palatina,moonlight-kisses-bamboo-tee#Combat,cara-tee-2#Blush,hard,0.02436008474699353
Palatina,moonlight-kisses-bamboo-tee#Combat,cara-tee-2#WhiteBlk,hard,0.02436008474699353
Laura,the-sleeveless-cross-over-blouse#White,cara-tee-2#Blush,hard,0.009805425338985667
Laura,the-sleeveless-cross-over-blouse#White,cara-tee-2#WhiteBlk,hard,0.009805425338985667
Summer,fundamental-vee-tee#White,voyager-stripe-crew#Stripe,hard,0.025000000000000022
Summer,fundamental-vee-tee#White,natural-textured-poncho#Deeprain,hard,0.0318181818181818
Sophia,the-luxe-long-sleeve-tee#GreyMarle,cara-tee-2#Blush,hard,0.010112367541426632
Sophia,the-luxe-long-sleeve-tee#GreyMarle,cara-tee-2#WhiteBlk,hard,0.010112367541426632
Anna,the-cotton-bamboo-tank#Chambray,voyager-stripe-crew#Stripe,hard,0.022857142857142854
Anna,the-cotton-bamboo-tank#Chambray,makeover-blouse#LimeGreen,hard,0.022857142857142854
Riina,the-relaxed-batwing-top#PeachRose,voyager-stripe-crew#Stripe,hard,0.022857142857142854
Riina,the-relaxed-batwing-top#PeachRose,makeover-blouse#LimeGreen,hard,0.022857142857142854
Jess,the-cotton-bamboo-tank#Chambray,cara-tee-2#Blush,hard,0.02465728715728717
Jess,the-cotton-bamboo-tank#Chambray,cara-tee-2#WhiteBlk,hard,0.02465728715728717
Mae-Lee,long-sleeve-softly-swinging-bamboo-tee#Copper,side-buttoned-sweater#Buttoned,hard,0.0066981036406044
Mae-Lee,long-sleeve-softly-swinging-bamboo-tee#Copper,voyager-stripe-crew#Stripe,hard,0.01849710982658964
Perrie,the-cut-out-shoulder-blouse#Clay,natural-textured-poncho#Deeprain,hard,0.024581005586592153
Perrie,the-cut-out-shoulder-blouse#Clay,voyager-stripe-crew#Stripe,hard,0.03128491620111734
Lara,pattern-tunic-1#Lattice,natural-textured-poncho#Deeprain,hard,0.026966292134831427
Lara,pattern-tunic-1#Lattice,voyager-stripe-crew#Stripe,hard,0.02921348314606742
Georgia,sugar-snaps-layers-tank#PeachyKeen,voyager-stripe-crew#Stripe,hard,0.011764705882352955
Georgia,sugar-snaps-layers-tank#PeachyKeen,makeover-blouse#LimeGreen,hard,0.011764705882352955
Mae-Lee,the-cut-out-shoulder-blouse#Blue,side-buttoned-sweater#Buttoned,hard,0.0066981036406044
Mae-Lee,the-cut-out-shoulder-blouse#Blue,voyager-stripe-crew#Stripe,hard,0.01849710982658964
Gemma,falling-for-you-cardi#Navy,voyager-stripe-crew#Stripe,hard,0.025000000000000022
Gemma,falling-for-you-cardi#Navy,makeover-blouse#LimeGreen,hard,0.025000000000000022
Maddy,abigail-stripe-shirt#BlackStrip,natural-textured-poncho#Deeprain,hard,0.026966292134831427
Maddy,abigail-stripe-shirt#BlackStrip,voyager-stripe-crew#Stripe,hard,0.02921348314606742
Clementine,the-cross-front-spot-blouse#NavySpot,voyager-stripe-crew#Stripe,hard,0.022857142857142854
Clementine,the-cross-front-spot-blouse#NavySpot,makeover-blouse#LimeGreen,hard,0.022857142857142854
Clementine,the-cotton-bamboo-tank#Chambray,voyager-stripe-crew#Stripe,hard,0.022857142857142854
Clementine,the-cotton-bamboo-tank#Chambray,makeover-blouse#LimeGreen,hard,0.022857142857142854
Maddy,the-cut-out-shoulder-blouse#Black,natural-textured-poncho#Deeprain,hard,0.026966292134831427
Maddy,the-cut-out-shoulder-blouse#Black,voyager-stripe-crew#Stripe,hard,0.02921348314606742
Ljubenka,the-cut-out-shoulder-blouse#Blue,the-uneven-hem-knit-1#Sage,hard,0.02003205128205128
Ljubenka,the-cut-out-shoulder-blouse#Blue,natural-textured-poncho#Deeprain,hard,0.0222222222222222
Jess,natural-cropped-sleeve-knit#Cloudcover,cara-tee-2#Blush,hard,0.02465728715728717
Jess,natural-cropped-sleeve-knit#Cloudcover,cara-tee-2#WhiteBlk,hard,0.02465728715728717
Laura,be-mine-top-1#Sage,cara-tee-2#Blush,hard,0.009805425338985667
Laura,be-mine-top-1#Sage,cara-tee-2#WhiteBlk,hard,0.009805425338985667
Mae-Lee,the-relaxed-long-sleeve-tee#Khaki,side-buttoned-sweater#Buttoned,hard,0.0066981036406044
Mae-Lee,the-relaxed-long-sleeve-tee#Khaki,voyager-stripe-crew#Stripe,hard,0.01849710982658964
Kate,the-sleeveless-cross-over-blouse#White,natural-textured-poncho#Deeprain,hard,0.0222222222222222
Kate,the-sleeveless-cross-over-blouse#White,animal-button-up-shirt#KhakiPrint,hard,0.024927577868754342
Mae-Lee,the-drape-tee-1#Stripe,side-buttoned-sweater#Buttoned,hard,0.0066981036406044
Mae-Lee,the-drape-tee-1#Stripe,voyager-stripe-crew#Stripe,hard,0.01849710982658964
Kate,the-cross-over-blouse#Black,natural-textured-poncho#Deeprain,hard,0.0222222222222222
Kate,the-cross-over-blouse#Black,animal-button-up-shirt#KhakiPrint,hard,0.024927577868754342
Louise,layered-tee-2#Black,pure-merino-fine-rib-polo#BlackStri,hard,0.023817254174397038
Louise,layered-tee-2#Black,voyager-stripe-crew#Stripe,hard,0.025000000000000022
Sophie,the-relaxed-batwing-top#PeachRose,side-buttoned-sweater#Buttoned,hard,0.0011363636363636576
Sophie,the-relaxed-batwing-top#PeachRose,the-tie-front-top#Navy,hard,0.017934149184149185
Ljubenka,belle-flocked-tunic#White,the-uneven-hem-knit-1#Sage,hard,0.02003205128205128
Ljubenka,belle-flocked-tunic#White,natural-textured-poncho#Deeprain,hard,0.0222222222222222
Maddy,the-long-sleeve-v-neck-tee#Black,natural-textured-poncho#Deeprain,hard,0.026966292134831427
Maddy,the-long-sleeve-v-neck-tee#Black,voyager-stripe-crew#Stripe,hard,0.02921348314606742
Amanda,the-essential-layering-tee#White,natural-textured-poncho#Deeprain,hard,0.026966292134831427
Amanda,the-essential-layering-tee#White,voyager-stripe-crew#Stripe,hard,0.02921348314606742
Natalia,the-wrap-jersey-top-1#NavyStripe,voyager-stripe-crew#Stripe,hard,0.011764705882352955
Natalia,the-wrap-jersey-top-1#NavyStripe,makeover-blouse#LimeGreen,hard,0.011764705882352955
Amanda,the-daily-cross-over-top#PinkPrint,natural-textured-poncho#Deeprain,hard,0.026966292134831427
Amanda,the-daily-cross-over-top#PinkPrint,voyager-stripe-crew#Stripe,hard,0.02921348314606742
Fiona,jade-kimono-sweet-blossoms#Blue,natural-textured-poncho#Deeprain,hard,0.0198895027624309
Fiona,jade-kimono-sweet-blossoms#Blue,wonderland-blouse#Ink,hard,0.029034976521913555
Riina,the-relaxed-long-sleeve-tee-1#Ink%20Stripe,voyager-stripe-crew#Stripe,hard,0.022857142857142854
Riina,the-relaxed-long-sleeve-tee-1#Ink%20Stripe,makeover-blouse#LimeGreen,hard,0.022857142857142854
Natalie,layered-tee-2#White,natural-textured-poncho#Deeprain,hard,0.0222222222222222
Natalie,layered-tee-2#White,voyager-stripe-crew#Stripe,hard,0.03333333333333338
Stefania,weekend-vibes-blouse#Blush,voyager-stripe-crew#Stripe,hard,0.016279069767441867
Stefania,weekend-vibes-blouse#Blush,makeover-blouse#LimeGreen,hard,0.016279069767441867
Lauren,cotton-candy-side-split-top#IceBlue,side-buttoned-sweater#Buttoned,hard,0.010019841269841278
Lauren,cotton-candy-side-split-top#IceBlue,voyager-stripe-crew#Stripe,hard,0.03333333333333338
Laura,the-wrap-jersey-top#JetBlack,cara-tee-2#Blush,hard,0.009805425338985667
Laura,the-wrap-jersey-top#JetBlack,cara-tee-2#WhiteBlk,hard,0.009805425338985667
Jess,the-batwing-tee#Black,cara-tee-2#Blush,hard,0.02465728715728717
Jess,the-batwing-tee#Black,cara-tee-2#WhiteBlk,hard,0.02465728715728717
Emma,daisy-top-1#BrightBlue,voyager-stripe-crew#Stripe,hard,0.020689655172413834
Emma,daisy-top-1#BrightBlue,makeover-blouse#LimeGreen,hard,0.020689655172413834
Fiona,the-weekender-shirt#DenimStrip,natural-textured-poncho#Deeprain,hard,0.0198895027624309
Fiona,the-weekender-shirt#DenimStrip,wonderland-blouse#Ink,hard,0.029034976521913555
Ljubenka,the-everyday-shirt#Cream,the-uneven-hem-knit-1#Sage,hard,0.02003205128205128
Ljubenka,the-everyday-shirt#Cream,natural-textured-poncho#Deeprain,hard,0.0222222222222222
Sophia,falling-for-you-cardi#Mustard,cara-tee-2#Blush,hard,0.010112367541426632
Sophia,falling-for-you-cardi#Mustard,cara-tee-2#WhiteBlk,hard,0.010112367541426632
Marnee,flow-with-me-slouch-top#Brick,natural-textured-poncho#Deeprain,hard,0.026966292134831427
Marnee,flow-with-me-slouch-top#Brick,voyager-stripe-crew#Stripe,hard,0.02921348314606742
Jess,falling-for-you-cardi#Teal,cara-tee-2#Blush,hard,0.02465728715728717
Jess,falling-for-you-cardi#Teal,cara-tee-2#WhiteBlk,hard,0.02465728715728717
Miranda,the-roll-neck-sleeveless-top-1#Black,voyager-stripe-crew#Stripe,hard,0.01403508771929829
Miranda,the-roll-neck-sleeveless-top-1#Black,makeover-blouse#LimeGreen,hard,0.01403508771929829
Jess,the-cut-out-shoulder-blouse#Black,cara-tee-2#Blush,hard,0.02465728715728717
Jess,the-cut-out-shoulder-blouse#Black,cara-tee-2#WhiteBlk,hard,0.02465728715728717
Lisa,partly-cloudy-knit#Black,voyager-stripe-crew#Stripe,hard,0.020689655172413834
Lisa,partly-cloudy-knit#Black,makeover-blouse#LimeGreen,hard,0.020689655172413834
Anna,the-cotton-bamboo-tee#BlueJeans,voyager-stripe-crew#Stripe,hard,0.022857142857142854
Anna,the-cotton-bamboo-tee#BlueJeans,makeover-blouse#LimeGreen,hard,0.022857142857142854
Fiona,the-colour-block-pullover#Sage,natural-textured-poncho#Deeprain,hard,0.0198895027624309
Fiona,the-colour-block-pullover#Sage,wonderland-blouse#Ink,hard,0.029034976521913555
Alex,the-batwing-tee#FrenchBlue,voyager-stripe-crew#Stripe,hard,0.020689655172413834
Alex,the-batwing-tee#FrenchBlue,makeover-blouse#LimeGreen,hard,0.020689655172413834
Jess,belle-square-neck-drape-tee#Vanilla,cara-tee-2#Blush,hard,0.02465728715728717
Jess,belle-square-neck-drape-tee#Vanilla,cara-tee-2#WhiteBlk,hard,0.02465728715728717
Kate,the-batwing-tee#FrenchBlue,natural-textured-poncho#Deeprain,hard,0.0222222222222222
Kate,the-batwing-tee#FrenchBlue,animal-button-up-shirt#KhakiPrint,hard,0.024927577868754342
Laura,falling-for-you-cardi#Port,cara-tee-2#Blush,hard,0.009805425338985667
Laura,falling-for-you-cardi#Port,cara-tee-2#WhiteBlk,hard,0.009805425338985667
Shadae,st-helens-henley-tee#White,voyager-stripe-crew#Stripe,hard,0.027118644067796627
Shadae,st-helens-henley-tee#White,makeover-blouse#LimeGreen,hard,0.027118644067796627
Riina,the-cosy-cardigan#Grey,voyager-stripe-crew#Stripe,hard,0.022857142857142854
Riina,the-cosy-cardigan#Grey,makeover-blouse#LimeGreen,hard,0.022857142857142854
Jess,sugar-snaps-layers-tank#Black,cara-tee-2#Blush,hard,0.02465728715728717
Jess,sugar-snaps-layers-tank#Black,cara-tee-2#WhiteBlk,hard,0.02465728715728717
Jess,long-sleeve-softly-swinging-bamboo-tee#BlueJeans,cara-tee-2#Blush,hard,0.02465728715728717
Jess,long-sleeve-softly-swinging-bamboo-tee#BlueJeans,cara-tee-2#WhiteBlk,hard,0.02465728715728717
Madeline,bertie-top#BlkCherry,voyager-stripe-crew#Stripe,hard,0.03128491620111734
Madeline,bertie-top#BlkCherry,makeover-blouse#LimeGreen,hard,0.03128491620111734
Gemma,bo-cosy-cardigan#Blossom,voyager-stripe-crew#Stripe,hard,0.025000000000000022
Gemma,bo-cosy-cardigan#Blossom,makeover-blouse#LimeGreen,hard,0.025000000000000022
Summer,printed-v-neck-top#Striped,voyager-stripe-crew#Stripe,hard,0.025000000000000022
Summer,printed-v-neck-top#Striped,natural-textured-poncho#Deeprain,hard,0.0318181818181818
Amanda,the-box-top#Blush,natural-textured-poncho#Deeprain,hard,0.026966292134831427
Amanda,the-box-top#Blush,voyager-stripe-crew#Stripe,hard,0.02921348314606742
Fiona,belle-v-neck-forgiver-tunic#ArmyGreen,natural-textured-poncho#Deeprain,hard,0.0198895027624309
Fiona,belle-v-neck-forgiver-tunic#ArmyGreen,wonderland-blouse#Ink,hard,0.029034976521913555
Ljubenka,runaway-top#JetBlack,the-uneven-hem-knit-1#Sage,hard,0.02003205128205128
Ljubenka,runaway-top#JetBlack,natural-textured-poncho#Deeprain,hard,0.0222222222222222
Summer,faith-jumper#Eventide,voyager-stripe-crew#Stripe,hard,0.025000000000000022
Summer,faith-jumper#Eventide,natural-textured-poncho#Deeprain,hard,0.0318181818181818
Sophia,weekend-tunic#Navy,cara-tee-2#Blush,hard,0.010112367541426632
Sophia,weekend-tunic#Navy,cara-tee-2#WhiteBlk,hard,0.010112367541426632
Jess,jasmine-singlet#White,cara-tee-2#Blush,hard,0.02465728715728717
Jess,jasmine-singlet#White,cara-tee-2#WhiteBlk,hard,0.02465728715728717
Sophia,geena-xo-ls-pullover-knit#WhiteCapGr,cara-tee-2#Blush,hard,0.010112367541426632
Sophia,geena-xo-ls-pullover-knit#WhiteCapGr,cara-tee-2#WhiteBlk,hard,0.010112367541426632
Anna,the-cotton-bamboo-tank#DuckEgg,voyager-stripe-crew#Stripe,hard,0.022857142857142854
Anna,the-cotton-bamboo-tank#DuckEgg,makeover-blouse#LimeGreen,hard,0.022857142857142854
Emma,side-buttoned-sweater#Buttoned,voyager-stripe-crew#Stripe,hard,0.020689655172413834
Emma,side-buttoned-sweater#Buttoned,makeover-blouse#LimeGreen,hard,0.020689655172413834
Louise,paisley-top-1#Paisley,pure-merino-fine-rib-polo#BlackStri,hard,0.023817254174397038
Louise,paisley-top-1#Paisley,voyager-stripe-crew#Stripe,hard,0.025000000000000022
Maddy,long-sleeve-tee-2#NavyWhite,natural-textured-poncho#Deeprain,hard,0.026966292134831427
Maddy,long-sleeve-tee-2#NavyWhite,voyager-stripe-crew#Stripe,hard,0.02921348314606742
Riina,the-fleck-roll-neck-knit#Oatmeal,voyager-stripe-crew#Stripe,hard,0.022857142857142854
Riina,the-fleck-roll-neck-knit#Oatmeal,makeover-blouse#LimeGreen,hard,0.022857142857142854
Chelsea,the-ultimate-tie-cardi#Port,voyager-stripe-crew#Stripe,hard,0.027118644067796627
Chelsea,the-ultimate-tie-cardi#Port,makeover-blouse#LimeGreen,hard,0.027118644067796627
Nadine,adventurous-hoody#Pink,makeover-blouse#LimeGreen,hard,0.004790419161676662
Nadine,adventurous-hoody#Pink,pure-merino-fine-rib-v-neck#Charcoal,hard,0.02127438771274388
Shadae,clio-knit-jumper#Clay,voyager-stripe-crew#Stripe,hard,0.027118644067796627
Shadae,clio-knit-jumper#Clay,makeover-blouse#LimeGreen,hard,0.027118644067796627
Jess,long-sleeve-softly-swinging-bamboo-tee#Oyster,cara-tee-2#Blush,hard,0.02465728715728717
Jess,long-sleeve-softly-swinging-bamboo-tee#Oyster,cara-tee-2#WhiteBlk,hard,0.02465728715728717
Georgia,cotton-candy-side-split-top#IceBlue,voyager-stripe-crew#Stripe,hard,0.011764705882352955
Georgia,cotton-candy-side-split-top#IceBlue,makeover-blouse#LimeGreen,hard,0.011764705882352955
Helen,this-mortal-coil-drape#StormClam,voyager-stripe-crew#Stripe,hard,0.026062322946175664
Helen,this-mortal-coil-drape#StormClam,makeover-blouse#LimeGreen,hard,0.026062322946175664
Natalie,the-sleeveless-cross-over-blouse#Cobalt,natural-textured-poncho#Deeprain,hard,0.0222222222222222
Natalie,the-sleeveless-cross-over-blouse#Cobalt,voyager-stripe-crew#Stripe,hard,0.03333333333333338
Georgia,rise-top#Ink,voyager-stripe-crew#Stripe,hard,0.011764705882352955
Georgia,rise-top#Ink,makeover-blouse#LimeGreen,hard,0.011764705882352955
Riina,messina-v-neck-tee#White,voyager-stripe-crew#Stripe,hard,0.022857142857142854
Riina,messina-v-neck-tee#White,makeover-blouse#LimeGreen,hard,0.022857142857142854
Laura,falling-for-you-cardi#GreyMarle,cara-tee-2#Blush,hard,0.009805425338985667
Laura,falling-for-you-cardi#GreyMarle,cara-tee-2#WhiteBlk,hard,0.009805425338985667
Stacey,in-transit-cardi#Navy,makeover-blouse#LimeGreen,hard,0.009467455621301801
Stacey,in-transit-cardi#Navy,cara-tee-2#Blush,hard,0.04007527669805984
Rosaline,the-fleck-roll-neck-knit#Oatmeal,voyager-stripe-crew#Stripe,hard,0.022857142857142854
Rosaline,the-fleck-roll-neck-knit#Oatmeal,makeover-blouse#LimeGreen,hard,0.022857142857142854
Kate,the-everyday-shirt#Midnight,natural-textured-poncho#Deeprain,hard,0.0222222222222222
Kate,the-everyday-shirt#Midnight,animal-button-up-shirt#KhakiPrint,hard,0.024927577868754342
Stacey,side-buttoned-sweater#Buttoned,makeover-blouse#LimeGreen,hard,0.009467455621301801
Stacey,side-buttoned-sweater#Buttoned,cara-tee-2#Blush,hard,0.04007527669805984
Amanda,the-v-neck-stripe-top#BlkStripe,natural-textured-poncho#Deeprain,hard,0.026966292134831427
Amanda,the-v-neck-stripe-top#BlkStripe,voyager-stripe-crew#Stripe,hard,0.02921348314606742
Georgia,the-pirate-in-me-shirt#White,voyager-stripe-crew#Stripe,hard,0.011764705882352955
Georgia,the-pirate-in-me-shirt#White,makeover-blouse#LimeGreen,hard,0.011764705882352955
Laura,the-cotton-bamboo-tank#Chambray,cara-tee-2#Blush,hard,0.009805425338985667
Laura,the-cotton-bamboo-tank#Chambray,cara-tee-2#WhiteBlk,hard,0.009805425338985667
Lauren,the-contrast-knit-1#Sage,side-buttoned-sweater#Buttoned,hard,0.010019841269841278
Lauren,the-contrast-knit-1#Sage,voyager-stripe-crew#Stripe,hard,0.03333333333333338
Natalia,geena-xo-ls-pullover-knit#Allure,voyager-stripe-crew#Stripe,hard,0.011764705882352955
Natalia,geena-xo-ls-pullover-knit#Allure,makeover-blouse#LimeGreen,hard,0.011764705882352955
Natalia,the-relaxed-batwing-top#PeachRose,voyager-stripe-crew#Stripe,hard,0.011764705882352955
Natalia,the-relaxed-batwing-top#PeachRose,makeover-blouse#LimeGreen,hard,0.011764705882352955
Palatina,2-in-1-layered-top-1#NavyWhite,cara-tee-2#Blush,hard,0.02436008474699353
Palatina,2-in-1-layered-top-1#NavyWhite,cara-tee-2#WhiteBlk,hard,0.02436008474699353
Amanda,the-tie-detail-hoody#Pink,natural-textured-poncho#Deeprain,hard,0.026966292134831427
Amanda,the-tie-detail-hoody#Pink,voyager-stripe-crew#Stripe,hard,0.02921348314606742
Nadine,je-taime-knit#Navy,makeover-blouse#LimeGreen,hard,0.004790419161676662
Nadine,je-taime-knit#Navy,pure-merino-fine-rib-v-neck#Charcoal,hard,0.02127438771274388
Sophie,the-cross-over-top#NavyStripe,side-buttoned-sweater#Buttoned,hard,0.0011363636363636576
Sophie,the-cross-over-top#NavyStripe,the-tie-front-top#Navy,hard,0.017934149184149185
Monique,anna-top#Leona,voyager-stripe-crew#Stripe,hard,0.022857142857142854
Monique,anna-top#Leona,makeover-blouse#LimeGreen,hard,0.022857142857142854
Tia,panelled-stripe-top#NavyWhite,the-panel-luxe-top#BlkWhite,hard,0.014767454441367485
Tia,panelled-stripe-top#NavyWhite,the-panel-luxe-top#SilvWhite,hard,0.014767454441367485
Mae-Lee,belle-v-neck-forgiver-tunic#Navy,side-buttoned-sweater#Buttoned,hard,0.0066981036406044
Mae-Lee,belle-v-neck-forgiver-tunic#Navy,voyager-stripe-crew#Stripe,hard,0.01849710982658964
Marnee,the-everyday-shirt#Pink,natural-textured-poncho#Deeprain,hard,0.026966292134831427
Marnee,the-everyday-shirt#Pink,voyager-stripe-crew#Stripe,hard,0.02921348314606742
Emma,long-sleeve-softly-swinging-bamboo-tee#Cashew,voyager-stripe-crew#Stripe,hard,0.020689655172413834
Emma,long-sleeve-softly-swinging-bamboo-tee#Cashew,makeover-blouse#LimeGreen,hard,0.020689655172413834
Ljubenka,sugar-snaps-layers-tank#DeepCobalt,the-uneven-hem-knit-1#Sage,hard,0.02003205128205128
Ljubenka,sugar-snaps-layers-tank#DeepCobalt,natural-textured-poncho#Deeprain,hard,0.0222222222222222
Chesska,delicado-top#White,voyager-stripe-crew#Stripe,hard,0.01849710982658964
Chesska,delicado-top#White,makeover-blouse#LimeGreen,hard,0.01849710982658964
Madeline,analia-jersey-top#Navy,voyager-stripe-crew#Stripe,hard,0.03128491620111734
Madeline,analia-jersey-top#Navy,makeover-blouse#LimeGreen,hard,0.03128491620111734
Mae-Lee,layered-tee-2#White,side-buttoned-sweater#Buttoned,hard,0.0066981036406044
Mae-Lee,layered-tee-2#White,voyager-stripe-crew#Stripe,hard,0.01849710982658964
Lisa,ashbury-cardigan#Mocha,voyager-stripe-crew#Stripe,hard,0.020689655172413834
Lisa,ashbury-cardigan#Mocha,makeover-blouse#LimeGreen,hard,0.020689655172413834
Chelsea,the-print-contrast-34-sleeve-top#Animal,voyager-stripe-crew#Stripe,hard,0.027118644067796627
Chelsea,the-print-contrast-34-sleeve-top#Animal,makeover-blouse#LimeGreen,hard,0.027118644067796627
Mae-Lee,softly-swinging-bamboo-tee#Starfish,side-buttoned-sweater#Buttoned,hard,0.0066981036406044
Mae-Lee,softly-swinging-bamboo-tee#Starfish,voyager-stripe-crew#Stripe,hard,0.01849710982658964
Tia,softly-swinging-bamboo-tee#BlueJeans,the-panel-luxe-top#BlkWhite,hard,0.014767454441367485
Tia,softly-swinging-bamboo-tee#BlueJeans,the-panel-luxe-top#SilvWhite,hard,0.014767454441367485
Amanda,the-frill-detail-blouse#Chambray,natural-textured-poncho#Deeprain,hard,0.026966292134831427
Amanda,the-frill-detail-blouse#Chambray,voyager-stripe-crew#Stripe,hard,0.02921348314606742
Mae-Lee,sugar-snaps-layers-tank#DuckEgg,side-buttoned-sweater#Buttoned,hard,0.0066981036406044
Mae-Lee,sugar-snaps-layers-tank#DuckEgg,voyager-stripe-crew#Stripe,hard,0.01849710982658964
Maddy,batty-about-you-cotton-tee#BlkWhite,natural-textured-poncho#Deeprain,hard,0.026966292134831427
Maddy,batty-about-you-cotton-tee#BlkWhite,voyager-stripe-crew#Stripe,hard,0.02921348314606742
Ljubenka,softly-swinging-bamboo-tee#BlueJeans,the-uneven-hem-knit-1#Sage,hard,0.02003205128205128
Ljubenka,softly-swinging-bamboo-tee#BlueJeans,natural-textured-poncho#Deeprain,hard,0.0222222222222222
Tia,the-drape-tee-1#NavyStripe,the-panel-luxe-top#BlkWhite,hard,0.014767454441367485
Tia,the-drape-tee-1#NavyStripe,the-panel-luxe-top#SilvWhite,hard,0.014767454441367485
Summer,the-button-up-swing-tunic#Wine,voyager-stripe-crew#Stripe,hard,0.025000000000000022
Summer,the-button-up-swing-tunic#Wine,natural-textured-poncho#Deeprain,hard,0.0318181818181818
Ljubenka,layered-tee-2#Black,the-uneven-hem-knit-1#Sage,hard,0.02003205128205128
Ljubenka,layered-tee-2#Black,natural-textured-poncho#Deeprain,hard,0.0222222222222222
Georgia,falling-for-you-tunic#Black,voyager-stripe-crew#Stripe,hard,0.011764705882352955
Georgia,falling-for-you-tunic#Black,makeover-blouse#LimeGreen,hard,0.011764705882352955
Marnee,flying-free-top-3#WhiteBird,natural-textured-poncho#Deeprain,hard,0.026966292134831427
Marnee,flying-free-top-3#WhiteBird,voyager-stripe-crew#Stripe,hard,0.02921348314606742
Jess,paige-top#Black,cara-tee-2#Blush,hard,0.02465728715728717
Jess,paige-top#Black,cara-tee-2#WhiteBlk,hard,0.02465728715728717
Laura,milan-stretch-top#SilverMarl,cara-tee-2#Blush,hard,0.009805425338985667
Laura,milan-stretch-top#SilverMarl,cara-tee-2#WhiteBlk,hard,0.009805425338985667
Laura,square-nk-fray-trim-top#Denim,cara-tee-2#Blush,hard,0.009805425338985667
Laura,square-nk-fray-trim-top#Denim,cara-tee-2#WhiteBlk,hard,0.009805425338985667
Amanda,the-bonded-cotton-tunic-dress#Navy,natural-textured-poncho#Deeprain,hard,0.026966292134831427
Amanda,the-bonded-cotton-tunic-dress#Navy,voyager-stripe-crew#Stripe,hard,0.02921348314606742
Fiona,sequin-star-tee#Navy,natural-textured-poncho#Deeprain,hard,0.0198895027624309
Fiona,sequin-star-tee#Navy,wonderland-blouse#Ink,hard,0.029034976521913555
Ljubenka,falling-for-you-cardi#Black,the-uneven-hem-knit-1#Sage,hard,0.02003205128205128
Ljubenka,falling-for-you-cardi#Black,natural-textured-poncho#Deeprain,hard,0.0222222222222222
Anna,the-cotton-bamboo-tee#White,voyager-stripe-crew#Stripe,hard,0.022857142857142854
Anna,the-cotton-bamboo-tee#White,makeover-blouse#LimeGreen,hard,0.022857142857142854
Laura,butterfly-kisses-tee#MustardStr,cara-tee-2#Blush,hard,0.009805425338985667
Laura,butterfly-kisses-tee#MustardStr,cara-tee-2#WhiteBlk,hard,0.009805425338985667
Jess,butterfly-kisses-tee#Stripe,cara-tee-2#Blush,hard,0.02465728715728717
Jess,butterfly-kisses-tee#Stripe,cara-tee-2#WhiteBlk,hard,0.02465728715728717
Stefania,the-french-cuff-shirt#White,voyager-stripe-crew#Stripe,hard,0.016279069767441867
Stefania,the-french-cuff-shirt#White,makeover-blouse#LimeGreen,hard,0.016279069767441867
Clementine,the-everyday-shirt#Midnight,voyager-stripe-crew#Stripe,hard,0.022857142857142854
Clementine,the-everyday-shirt#Midnight,makeover-blouse#LimeGreen,hard,0.022857142857142854
Marnee,kimono-and-me-cardi#Sand,natural-textured-poncho#Deeprain,hard,0.026966292134831427
Marnee,kimono-and-me-cardi#Sand,voyager-stripe-crew#Stripe,hard,0.02921348314606742
Mandy,woolly-spotted-hoodie#Navy,voyager-stripe-crew#Stripe,hard,0.012499999999999956
Mandy,woolly-spotted-hoodie#Navy,makeover-blouse#LimeGreen,hard,0.012499999999999956
Fiona,belle-v-neck-forgiver-tunic#Scarlett,natural-textured-poncho#Deeprain,hard,0.0198895027624309
Fiona,belle-v-neck-forgiver-tunic#Scarlett,wonderland-blouse#Ink,hard,0.029034976521913555
Marnee,sugar-snaps-layers-tank#Black,natural-textured-poncho#Deeprain,hard,0.026966292134831427
Marnee,sugar-snaps-layers-tank#Black,voyager-stripe-crew#Stripe,hard,0.02921348314606742
Charlotte,natural-cross-back-knit#Lightsmoke,voyager-stripe-crew#Stripe,hard,0.009467455621301801
Charlotte,natural-cross-back-knit#Lightsmoke,makeover-blouse#LimeGreen,hard,0.009467455621301801
Chelsea,cascade-hood-top#Black,voyager-stripe-crew#Stripe,hard,0.027118644067796627
Chelsea,cascade-hood-top#Black,makeover-blouse#LimeGreen,hard,0.027118644067796627
Sophie,printed-tunic-7#RedCheck,side-buttoned-sweater#Buttoned,hard,0.0011363636363636576
Sophie,printed-tunic-7#RedCheck,the-tie-front-top#Navy,hard,0.017934149184149185
Jess,the-drape-tee-1#Black,cara-tee-2#Blush,hard,0.02465728715728717
Jess,the-drape-tee-1#Black,cara-tee-2#WhiteBlk,hard,0.02465728715728717
Fiona,belle-v-neck-forgiver-tunic#Tobacco,natural-textured-poncho#Deeprain,hard,0.0198895027624309
Fiona,belle-v-neck-forgiver-tunic#Tobacco,wonderland-blouse#Ink,hard,0.029034976521913555
Marnee,sugar-snaps-round-neck-layer-tank#DuckEgg,natural-textured-poncho#Deeprain,hard,0.026966292134831427
Marnee,sugar-snaps-round-neck-layer-tank#DuckEgg,voyager-stripe-crew#Stripe,hard,0.02921348314606742
Ljubenka,the-asymmetrical-tank-top#Indigo,the-uneven-hem-knit-1#Sage,hard,0.02003205128205128
Ljubenka,the-asymmetrical-tank-top#Indigo,natural-textured-poncho#Deeprain,hard,0.0222222222222222
Perrie,frost-cardigan#Mauvewoo,natural-textured-poncho#Deeprain,hard,0.024581005586592153
Perrie,frost-cardigan#Mauvewoo,voyager-stripe-crew#Stripe,hard,0.03128491620111734
Fiona,the-essential-layering-tee#White,natural-textured-poncho#Deeprain,hard,0.0198895027624309
Fiona,the-essential-layering-tee#White,wonderland-blouse#Ink,hard,0.029034976521913555
Natalia,falling-for-you-tunic#Black,voyager-stripe-crew#Stripe,hard,0.011764705882352955
Natalia,falling-for-you-tunic#Black,makeover-blouse#LimeGreen,hard,0.011764705882352955
Summer,capri-tank-3#Navy,voyager-stripe-crew#Stripe,hard,0.025000000000000022
Summer,capri-tank-3#Navy,natural-textured-poncho#Deeprain,hard,0.0318181818181818
Charlotte,natural-extra-fine-sweater#Snowgum,voyager-stripe-crew#Stripe,hard,0.009467455621301801
Charlotte,natural-extra-fine-sweater#Snowgum,makeover-blouse#LimeGreen,hard,0.009467455621301801
Jess,belle-longline-white-shirt#White,cara-tee-2#Blush,hard,0.02465728715728717
Jess,belle-longline-white-shirt#White,cara-tee-2#WhiteBlk,hard,0.02465728715728717
Marnee,runaway-top#SoftPink,natural-textured-poncho#Deeprain,hard,0.026966292134831427
Marnee,runaway-top#SoftPink,voyager-stripe-crew#Stripe,hard,0.02921348314606742
Helen,butterfly-blouse-1#Ivory,voyager-stripe-crew#Stripe,hard,0.026062322946175664
Helen,butterfly-blouse-1#Ivory,makeover-blouse#LimeGreen,hard,0.026062322946175664
Gemma,elcos-45-aop-top-jrs#BlackFlowe,voyager-stripe-crew#Stripe,hard,0.025000000000000022
Gemma,elcos-45-aop-top-jrs#BlackFlowe,makeover-blouse#LimeGreen,hard,0.025000000000000022
Chelsea,the-reversible-cowl-neck-top-1#White,voyager-stripe-crew#Stripe,hard,0.027118644067796627
Chelsea,the-reversible-cowl-neck-top-1#White,makeover-blouse#LimeGreen,hard,0.027118644067796627
Laura,soft-and-true-tunic#Pine,cara-tee-2#Blush,hard,0.009805425338985667
Laura,soft-and-true-tunic#Pine,cara-tee-2#WhiteBlk,hard,0.009805425338985667
Jess,the-cotton-bamboo-tank#White,cara-tee-2#Blush,hard,0.02465728715728717
Jess,the-cotton-bamboo-tank#White,cara-tee-2#WhiteBlk,hard,0.02465728715728717
Riina,the-cosy-cardigan#Blue,voyager-stripe-crew#Stripe,hard,0.022857142857142854
Riina,the-cosy-cardigan#Blue,makeover-blouse#LimeGreen,hard,0.022857142857142854
Perrie,the-batwing-tee#Black,natural-textured-poncho#Deeprain,hard,0.024581005586592153
Perrie,the-batwing-tee#Black,voyager-stripe-crew#Stripe,hard,0.03128491620111734
Mandy,heartmade-sweater#Rust,voyager-stripe-crew#Stripe,hard,0.012499999999999956
Mandy,heartmade-sweater#Rust,makeover-blouse#LimeGreen,hard,0.012499999999999956
Amanda,the-bell-sleeve-top#BlkStripe,natural-textured-poncho#Deeprain,hard,0.026966292134831427
Amanda,the-bell-sleeve-top#BlkStripe,voyager-stripe-crew#Stripe,hard,0.02921348314606742
Clementine,the-stitch-detail-top#SkyBlue,voyager-stripe-crew#Stripe,hard,0.022857142857142854
Clementine,the-stitch-detail-top#SkyBlue,makeover-blouse#LimeGreen,hard,0.022857142857142854
Riina,the-zip-detail-jacket#Grey,voyager-stripe-crew#Stripe,hard,0.022857142857142854
Riina,the-zip-detail-jacket#Grey,makeover-blouse#LimeGreen,hard,0.022857142857142854
Denniel,the-cut-out-shoulder-blouse#Salmon,natural-textured-poncho#Deeprain,hard,0.026966292134831427
Denniel,the-cut-out-shoulder-blouse#Salmon,voyager-stripe-crew#Stripe,hard,0.02921348314606742
Laura,runaway-top#SoftMint,cara-tee-2#Blush,hard,0.009805425338985667
Laura,runaway-top#SoftMint,cara-tee-2#WhiteBlk,hard,0.009805425338985667
Kate,sugar-snaps-layers-tank#Blue,natural-textured-poncho#Deeprain,hard,0.0222222222222222
Kate,sugar-snaps-layers-tank#Blue,animal-button-up-shirt#KhakiPrint,hard,0.024927577868754342
Jess,the-fleck-roll-neck-knit#Oatmeal,cara-tee-2#Blush,hard,0.02465728715728717
Jess,the-fleck-roll-neck-knit#Oatmeal,cara-tee-2#WhiteBlk,hard,0.02465728715728717
Georgia,cover-up-slouch-cardi#Alloy,voyager-stripe-crew#Stripe,hard,0.011764705882352955
Georgia,cover-up-slouch-cardi#Alloy,makeover-blouse#LimeGreen,hard,0.011764705882352955
Kate,the-everyday-shirt#Black,natural-textured-poncho#Deeprain,hard,0.0222222222222222
Kate,the-everyday-shirt#Black,animal-button-up-shirt#KhakiPrint,hard,0.024927577868754342
Chelsea,daylight-cardi#Silver,voyager-stripe-crew#Stripe,hard,0.027118644067796627
Chelsea,daylight-cardi#Silver,makeover-blouse#LimeGreen,hard,0.027118644067796627
Denniel,the-short-sleeve-wrap-jersey-top#Black,natural-textured-poncho#Deeprain,hard,0.026966292134831427
Denniel,the-short-sleeve-wrap-jersey-top#Black,voyager-stripe-crew#Stripe,hard,0.02921348314606742
Nadine,runaway-top#Sand,makeover-blouse#LimeGreen,hard,0.004790419161676662
Nadine,runaway-top#Sand,pure-merino-fine-rib-v-neck#Charcoal,hard,0.02127438771274388
Emma,weekend-tunic#Navy,voyager-stripe-crew#Stripe,hard,0.020689655172413834
Emma,weekend-tunic#Navy,makeover-blouse#LimeGreen,hard,0.020689655172413834
Laura,belle-half-sleeve-forgiver-tunic#FlamPink,cara-tee-2#Blush,hard,0.009805425338985667
Laura,belle-half-sleeve-forgiver-tunic#FlamPink,cara-tee-2#WhiteBlk,hard,0.009805425338985667
Ljubenka,belle-half-sleeve-forgiver-tunic#Apricot,the-uneven-hem-knit-1#Sage,hard,0.02003205128205128
Ljubenka,belle-half-sleeve-forgiver-tunic#Apricot,natural-textured-poncho#Deeprain,hard,0.0222222222222222
Laura,the-relaxed-long-sleeve-tee#Navy,cara-tee-2#Blush,hard,0.009805425338985667
Laura,the-relaxed-long-sleeve-tee#Navy,cara-tee-2#WhiteBlk,hard,0.009805425338985667
Mae-Lee,the-cotton-bamboo-tee#BlueJeans,side-buttoned-sweater#Buttoned,hard,0.0066981036406044
Mae-Lee,the-cotton-bamboo-tee#BlueJeans,voyager-stripe-crew#Stripe,hard,0.01849710982658964
Ljubenka,falling-for-you-cardi#Dusty,the-uneven-hem-knit-1#Sage,hard,0.02003205128205128
Ljubenka,falling-for-you-cardi#Dusty,natural-textured-poncho#Deeprain,hard,0.0222222222222222
Chelsea,the-drape-tee-1#NavyStripe,voyager-stripe-crew#Stripe,hard,0.027118644067796627
Chelsea,the-drape-tee-1#NavyStripe,makeover-blouse#LimeGreen,hard,0.027118644067796627
Kate,belle-half-sleeve-forgiver-tunic#MutedClay,natural-textured-poncho#Deeprain,hard,0.0222222222222222
Kate,belle-half-sleeve-forgiver-tunic#MutedClay,animal-button-up-shirt#KhakiPrint,hard,0.024927577868754342
Fiona,the-zip-front-top#Rose,natural-textured-poncho#Deeprain,hard,0.0198895027624309
Fiona,the-zip-front-top#Rose,wonderland-blouse#Ink,hard,0.029034976521913555
Nadine,heartmade-cardi#DustyRose,makeover-blouse#LimeGreen,hard,0.004790419161676662
Nadine,heartmade-cardi#DustyRose,pure-merino-fine-rib-v-neck#Charcoal,hard,0.02127438771274388
Ljubenka,the-cotton-bamboo-tank#Chambray,the-uneven-hem-knit-1#Sage,hard,0.02003205128205128
Ljubenka,the-cotton-bamboo-tank#Chambray,natural-textured-poncho#Deeprain,hard,0.0222222222222222
Fiona,the-ruffle-sleeve-top#NavyStripe,natural-textured-poncho#Deeprain,hard,0.0198895027624309
Fiona,the-ruffle-sleeve-top#NavyStripe,wonderland-blouse#Ink,hard,0.029034976521913555
Natalie,sugar-snaps-layers-tank#Black,natural-textured-poncho#Deeprain,hard,0.0222222222222222
Natalie,sugar-snaps-layers-tank#Black,voyager-stripe-crew#Stripe,hard,0.03333333333333338
Mae-Lee,the-cut-out-shoulder-blouse#Silver,side-buttoned-sweater#Buttoned,hard,0.0066981036406044
Mae-Lee,the-cut-out-shoulder-blouse#Silver,voyager-stripe-crew#Stripe,hard,0.01849710982658964
Mae-Lee,belle-half-sleeve-forgiver-tunic#White,side-buttoned-sweater#Buttoned,hard,0.0066981036406044
Mae-Lee,belle-half-sleeve-forgiver-tunic#White,voyager-stripe-crew#Stripe,hard,0.01849710982658964
Natalia,cover-up-slouch-cardi#Alloy,voyager-stripe-crew#Stripe,hard,0.011764705882352955
Natalia,cover-up-slouch-cardi#Alloy,makeover-blouse#LimeGreen,hard,0.011764705882352955
Bree,belle-half-sleeve-forgiver-tunic#FlamPink,cara-tee-2#Blush,hard,0.018771830454073445
Bree,belle-half-sleeve-forgiver-tunic#FlamPink,cara-tee-2#WhiteBlk,hard,0.018771830454073445
Kate,the-sleeveless-cross-over-blouse#Salmon,natural-textured-poncho#Deeprain,hard,0.0222222222222222
Kate,the-sleeveless-cross-over-blouse#Salmon,animal-button-up-shirt#KhakiPrint,hard,0.024927577868754342
Madeline,first-mix-top-1#BlackWhite,voyager-stripe-crew#Stripe,hard,0.03128491620111734
Madeline,first-mix-top-1#BlackWhite,makeover-blouse#LimeGreen,hard,0.03128491620111734
Mae-Lee,daisy-chain-tassel-blouse#DeepBlue,side-buttoned-sweater#Buttoned,hard,0.0066981036406044
Mae-Lee,daisy-chain-tassel-blouse#DeepBlue,voyager-stripe-crew#Stripe,hard,0.01849710982658964
Nikki,the-drape-tee-1#Navy,natural-textured-poncho#Deeprain,hard,0.026966292134831427
Nikki,the-drape-tee-1#Navy,voyager-stripe-crew#Stripe,hard,0.02921348314606742
Summer,rib-tank-2#White,voyager-stripe-crew#Stripe,hard,0.025000000000000022
Summer,rib-tank-2#White,natural-textured-poncho#Deeprain,hard,0.0318181818181818
Jess,sugar-snaps-layers-tank#SeaGreen,cara-tee-2#Blush,hard,0.02465728715728717
Jess,sugar-snaps-layers-tank#SeaGreen,cara-tee-2#WhiteBlk,hard,0.02465728715728717
Amanda,the-dobby-sleeve-tee#InkBlue,natural-textured-poncho#Deeprain,hard,0.026966292134831427
Amanda,the-dobby-sleeve-tee#InkBlue,voyager-stripe-crew#Stripe,hard,0.02921348314606742
Jess,belle-v-neck-forgiver-tunic#Tobacco,cara-tee-2#Blush,hard,0.02465728715728717
Jess,belle-v-neck-forgiver-tunic#Tobacco,cara-tee-2#WhiteBlk,hard,0.02465728715728717
Shadae,monaco-knot-top#ClaySpot,voyager-stripe-crew#Stripe,hard,0.027118644067796627
Shadae,monaco-knot-top#ClaySpot,makeover-blouse#LimeGreen,hard,0.027118644067796627
Laura,dusk-top#DuskPrint,cara-tee-2#Blush,hard,0.009805425338985667
Laura,dusk-top#DuskPrint,cara-tee-2#WhiteBlk,hard,0.009805425338985667
Jess,layer-me-bamboo-rouched-sleeve-tee#White,cara-tee-2#Blush,hard,0.02465728715728717
Jess,layer-me-bamboo-rouched-sleeve-tee#White,cara-tee-2#WhiteBlk,hard,0.02465728715728717
Madeline,print-tee-3#Bike,voyager-stripe-crew#Stripe,hard,0.03128491620111734
Madeline,print-tee-3#Bike,makeover-blouse#LimeGreen,hard,0.03128491620111734
Laura,softly-swinging-bamboo-tee#White,cara-tee-2#Blush,hard,0.009805425338985667
Laura,softly-swinging-bamboo-tee#White,cara-tee-2#WhiteBlk,hard,0.009805425338985667
Fiona,long-sleeve-softly-swinging-bamboo-tee#DuckEgg,natural-textured-poncho#Deeprain,hard,0.0198895027624309
Fiona,long-sleeve-softly-swinging-bamboo-tee#DuckEgg,wonderland-blouse#Ink,hard,0.029034976521913555
Laura,the-flutter-sleeve-top#Denim,cara-tee-2#Blush,hard,0.009805425338985667
Laura,the-flutter-sleeve-top#Denim,cara-tee-2#WhiteBlk,hard,0.009805425338985667
Maddy,marjorie-tie-blouse#BluePrint,natural-textured-poncho#Deeprain,hard,0.026966292134831427
Maddy,marjorie-tie-blouse#BluePrint,voyager-stripe-crew#Stripe,hard,0.02921348314606742
Perrie,dahlia-lace-trim-blouse#Dusk,natural-textured-poncho#Deeprain,hard,0.024581005586592153
Perrie,dahlia-lace-trim-blouse#Dusk,voyager-stripe-crew#Stripe,hard,0.03128491620111734
Miranda,the-open-sleeve-blouse#Berry,voyager-stripe-crew#Stripe,hard,0.01403508771929829
Miranda,the-open-sleeve-blouse#Berry,makeover-blouse#LimeGreen,hard,0.01403508771929829
Amanda,the-stripe-crossover-blouse#Bluestripe,natural-textured-poncho#Deeprain,hard,0.026966292134831427
Amanda,the-stripe-crossover-blouse#Bluestripe,voyager-stripe-crew#Stripe,hard,0.02921348314606742
Emma,frost-cardigan#Mauvewoo,voyager-stripe-crew#Stripe,hard,0.020689655172413834
Emma,frost-cardigan#Mauvewoo,makeover-blouse#LimeGreen,hard,0.020689655172413834
Kate,the-cotton-bamboo-tee#DustyPink,natural-textured-poncho#Deeprain,hard,0.0222222222222222
Kate,the-cotton-bamboo-tee#DustyPink,animal-button-up-shirt#KhakiPrint,hard,0.024927577868754342
Gemma,sequin-cross-2-in-1-top#Navy,voyager-stripe-crew#Stripe,hard,0.025000000000000022
Gemma,sequin-cross-2-in-1-top#Navy,makeover-blouse#LimeGreen,hard,0.025000000000000022
Laura,the-drape-tee-1#White,cara-tee-2#Blush,hard,0.009805425338985667
Laura,the-drape-tee-1#White,cara-tee-2#WhiteBlk,hard,0.009805425338985667
Georgia,falling-for-you-cardi-1#GreyGarden,voyager-stripe-crew#Stripe,hard,0.011764705882352955
Georgia,falling-for-you-cardi-1#GreyGarden,makeover-blouse#LimeGreen,hard,0.011764705882352955
Natalie,the-cut-out-shoulder-blouse#Clay,natural-textured-poncho#Deeprain,hard,0.0222222222222222
Natalie,the-cut-out-shoulder-blouse#Clay,voyager-stripe-crew#Stripe,hard,0.03333333333333338
Mae-Lee,the-on-or-off-the-shoulder-top#FrenchNavy,side-buttoned-sweater#Buttoned,hard,0.0066981036406044
Mae-Lee,the-on-or-off-the-shoulder-top#FrenchNavy,voyager-stripe-crew#Stripe,hard,0.01849710982658964
Kate,the-everyday-shirt#Pink,natural-textured-poncho#Deeprain,hard,0.0222222222222222
Kate,the-everyday-shirt#Pink,animal-button-up-shirt#KhakiPrint,hard,0.024927577868754342
Ljubenka,belle-v-neck-forgiver-tunic#BlueMarle,the-uneven-hem-knit-1#Sage,hard,0.02003205128205128
Ljubenka,belle-v-neck-forgiver-tunic#BlueMarle,natural-textured-poncho#Deeprain,hard,0.0222222222222222
Mae-Lee,delicado-top#White,side-buttoned-sweater#Buttoned,hard,0.0066981036406044
Mae-Lee,delicado-top#White,voyager-stripe-crew#Stripe,hard,0.01849710982658964
Laura,the-cotton-bamboo-tee#White,cara-tee-2#Blush,hard,0.009805425338985667
Laura,the-cotton-bamboo-tee#White,cara-tee-2#WhiteBlk,hard,0.009805425338985667
Ljubenka,belle-half-sleeve-forgiver-tunic#Black,the-uneven-hem-knit-1#Sage,hard,0.02003205128205128
Ljubenka,belle-half-sleeve-forgiver-tunic#Black,natural-textured-poncho#Deeprain,hard,0.0222222222222222
Ljubenka,the-drape-tee-1#Stripe,the-uneven-hem-knit-1#Sage,hard,0.02003205128205128
Ljubenka,the-drape-tee-1#Stripe,natural-textured-poncho#Deeprain,hard,0.0222222222222222
Jess,patchwork-tunic#Patchwork,cara-tee-2#Blush,hard,0.02465728715728717
Jess,patchwork-tunic#Patchwork,cara-tee-2#WhiteBlk,hard,0.02465728715728717
Fiona,long-sleeve-softly-swinging-bamboo-tee#BlueJeans,natural-textured-poncho#Deeprain,hard,0.0198895027624309
Fiona,long-sleeve-softly-swinging-bamboo-tee#BlueJeans,wonderland-blouse#Ink,hard,0.029034976521913555
Fiona,the-contrast-knit-1#Sage,natural-textured-poncho#Deeprain,hard,0.0198895027624309
Fiona,the-contrast-knit-1#Sage,wonderland-blouse#Ink,hard,0.029034976521913555
Ljubenka,sugar-snaps-layers-tank#Blue,the-uneven-hem-knit-1#Sage,hard,0.02003205128205128
Ljubenka,sugar-snaps-layers-tank#Blue,natural-textured-poncho#Deeprain,hard,0.0222222222222222
Tia,sugar-snaps-layers-tank#Red,the-panel-luxe-top#BlkWhite,hard,0.014767454441367485
Tia,sugar-snaps-layers-tank#Red,the-panel-luxe-top#SilvWhite,hard,0.014767454441367485
Stefania,the-relaxed-long-sleeve-tee#Navy,voyager-stripe-crew#Stripe,hard,0.016279069767441867
Stefania,the-relaxed-long-sleeve-tee#Navy,makeover-blouse#LimeGreen,hard,0.016279069767441867
Jess,softly-swinging-bamboo-tee#Copper,cara-tee-2#Blush,hard,0.02465728715728717
Jess,softly-swinging-bamboo-tee#Copper,cara-tee-2#WhiteBlk,hard,0.02465728715728717
Mae-Lee,double-layered-top-1#WSilver,side-buttoned-sweater#Buttoned,hard,0.0066981036406044
Mae-Lee,double-layered-top-1#WSilver,voyager-stripe-crew#Stripe,hard,0.01849710982658964
Georgia,summer-breeze-top-1#White,voyager-stripe-crew#Stripe,hard,0.011764705882352955
Georgia,summer-breeze-top-1#White,makeover-blouse#LimeGreen,hard,0.011764705882352955
Fiona,the-multi-stripe-cardi#Stripe,natural-textured-poncho#Deeprain,hard,0.0198895027624309
Fiona,the-multi-stripe-cardi#Stripe,wonderland-blouse#Ink,hard,0.029034976521913555
Anna,belle-half-sleeve-forgiver-tunic#Black,voyager-stripe-crew#Stripe,hard,0.022857142857142854
Anna,belle-half-sleeve-forgiver-tunic#Black,makeover-blouse#LimeGreen,hard,0.022857142857142854
Chelsea,always-mine-v-neck-knit#Terracotta,voyager-stripe-crew#Stripe,hard,0.027118644067796627
Chelsea,always-mine-v-neck-knit#Terracotta,makeover-blouse#LimeGreen,hard,0.027118644067796627
Summer,jewel-knit#GreyMarle,voyager-stripe-crew#Stripe,hard,0.025000000000000022
Summer,jewel-knit#GreyMarle,natural-textured-poncho#Deeprain,hard,0.0318181818181818
Marnee,runaway-top#SoftMint,natural-textured-poncho#Deeprain,hard,0.026966292134831427
Marnee,runaway-top#SoftMint,voyager-stripe-crew#Stripe,hard,0.02921348314606742
Mae-Lee,falling-for-you-cardi#Teal,side-buttoned-sweater#Buttoned,hard,0.0066981036406044
Mae-Lee,falling-for-you-cardi#Teal,voyager-stripe-crew#Stripe,hard,0.01849710982658964
Ljubenka,the-everyday-shirt#Black,the-uneven-hem-knit-1#Sage,hard,0.02003205128205128
Ljubenka,the-everyday-shirt#Black,natural-textured-poncho#Deeprain,hard,0.0222222222222222
Alex,the-batwing-tee#Black,voyager-stripe-crew#Stripe,hard,0.020689655172413834
Alex,the-batwing-tee#Black,makeover-blouse#LimeGreen,hard,0.020689655172413834
Fiona,natural-cropped-sleeve-knit#Cloudcover,natural-textured-poncho#Deeprain,hard,0.0198895027624309
Fiona,natural-cropped-sleeve-knit#Cloudcover,wonderland-blouse#Ink,hard,0.029034976521913555
Laura,overlay-top-2#Black,cara-tee-2#Blush,hard,0.009805425338985667
Laura,overlay-top-2#Black,cara-tee-2#WhiteBlk,hard,0.009805425338985667
Mae-Lee,the-cape-jersey-top#DarkNavy,side-buttoned-sweater#Buttoned,hard,0.0066981036406044
Mae-Lee,the-cape-jersey-top#DarkNavy,voyager-stripe-crew#Stripe,hard,0.01849710982658964
Jess,belle-flute-sleeve-tee#Navy,cara-tee-2#Blush,hard,0.02465728715728717
Jess,belle-flute-sleeve-tee#Navy,cara-tee-2#WhiteBlk,hard,0.02465728715728717
Ljubenka,sugar-snaps-layers-tank#SeaGreen,the-uneven-hem-knit-1#Sage,hard,0.02003205128205128
Ljubenka,sugar-snaps-layers-tank#SeaGreen,natural-textured-poncho#Deeprain,hard,0.0222222222222222
Nadine,mauevewood-crew#Charcoal,makeover-blouse#LimeGreen,hard,0.004790419161676662
Nadine,mauevewood-crew#Charcoal,pure-merino-fine-rib-v-neck#Charcoal,hard,0.02127438771274388
Gemma,flow-with-me-slouch-top#Brick,voyager-stripe-crew#Stripe,hard,0.025000000000000022
Gemma,flow-with-me-slouch-top#Brick,makeover-blouse#LimeGreen,hard,0.025000000000000022
Palatina,beach-walk-shirt#Khaki,cara-tee-2#Blush,hard,0.02436008474699353
Palatina,beach-walk-shirt#Khaki,cara-tee-2#WhiteBlk,hard,0.02436008474699353
Mae-Lee,softly-swinging-bamboo-tee#TeaRose,side-buttoned-sweater#Buttoned,hard,0.0066981036406044
Mae-Lee,softly-swinging-bamboo-tee#TeaRose,voyager-stripe-crew#Stripe,hard,0.01849710982658964
Summer,tab-sleeve-longline-shirt#Pink,voyager-stripe-crew#Stripe,hard,0.025000000000000022
Summer,tab-sleeve-longline-shirt#Pink,natural-textured-poncho#Deeprain,hard,0.0318181818181818
Maddy,the-short-sleeve-wrap-jersey-top#NavyWhite,natural-textured-poncho#Deeprain,hard,0.026966292134831427
Maddy,the-short-sleeve-wrap-jersey-top#NavyWhite,voyager-stripe-crew#Stripe,hard,0.02921348314606742
Georgia,kimono-and-me-cardi#Sand,voyager-stripe-crew#Stripe,hard,0.011764705882352955
Georgia,kimono-and-me-cardi#Sand,makeover-blouse#LimeGreen,hard,0.011764705882352955
Jess,butterfly-kisses-tee#Green,cara-tee-2#Blush,hard,0.02465728715728717
Jess,butterfly-kisses-tee#Green,cara-tee-2#WhiteBlk,hard,0.02465728715728717
Palatina,driftwood-gathering-blouse#Khaki,cara-tee-2#Blush,hard,0.02436008474699353
Palatina,driftwood-gathering-blouse#Khaki,cara-tee-2#WhiteBlk,hard,0.02436008474699353
Palatina,falling-flowers-blouse#DustyPink,cara-tee-2#Blush,hard,0.02436008474699353
Palatina,falling-flowers-blouse#DustyPink,cara-tee-2#WhiteBlk,hard,0.02436008474699353
Sophie,long-sleeve-softly-swinging-bamboo-tee#Fern,side-buttoned-sweater#Buttoned,hard,0.0011363636363636576
Sophie,long-sleeve-softly-swinging-bamboo-tee#Fern,the-tie-front-top#Navy,hard,0.017934149184149185
Riina,the-tie-detail-hoody#Pink,voyager-stripe-crew#Stripe,hard,0.022857142857142854
Riina,the-tie-detail-hoody#Pink,makeover-blouse#LimeGreen,hard,0.022857142857142854
Monique,double-layered-top-1#WBlack,voyager-stripe-crew#Stripe,hard,0.022857142857142854
Monique,double-layered-top-1#WBlack,makeover-blouse#LimeGreen,hard,0.022857142857142854
Ljubenka,falling-for-you-cardi#Teal,the-uneven-hem-knit-1#Sage,hard,0.02003205128205128
Ljubenka,falling-for-you-cardi#Teal,natural-textured-poncho#Deeprain,hard,0.0222222222222222
Laura,belle-v-neck-forgiver-tunic#Tobacco,cara-tee-2#Blush,hard,0.009805425338985667
Laura,belle-v-neck-forgiver-tunic#Tobacco,cara-tee-2#WhiteBlk,hard,0.009805425338985667
Marnee,cool-breeze-jumper#Dust,natural-textured-poncho#Deeprain,hard,0.026966292134831427
Marnee,cool-breeze-jumper#Dust,voyager-stripe-crew#Stripe,hard,0.02921348314606742
Jess,the-drape-tee-1#NavyStripe,cara-tee-2#Blush,hard,0.02465728715728717
Jess,the-drape-tee-1#NavyStripe,cara-tee-2#WhiteBlk,hard,0.02465728715728717
Natalia,the-twist-front-top#Navy,voyager-stripe-crew#Stripe,hard,0.011764705882352955
Natalia,the-twist-front-top#Navy,makeover-blouse#LimeGreen,hard,0.011764705882352955
Chelsea,printed-v-neck-blouse#NavyWhite,voyager-stripe-crew#Stripe,hard,0.027118644067796627
Chelsea,printed-v-neck-blouse#NavyWhite,makeover-blouse#LimeGreen,hard,0.027118644067796627
Laura,ruffle-top-4#Black,cara-tee-2#Blush,hard,0.009805425338985667
Laura,ruffle-top-4#Black,cara-tee-2#WhiteBlk,hard,0.009805425338985667
Anna,the-relaxed-long-sleeve-tee#Pink,voyager-stripe-crew#Stripe,hard,0.022857142857142854
Anna,the-relaxed-long-sleeve-tee#Pink,makeover-blouse#LimeGreen,hard,0.022857142857142854
Nadine,long-sleeve-ruffle-shirt#White,makeover-blouse#LimeGreen,hard,0.004790419161676662
Nadine,long-sleeve-ruffle-shirt#White,pure-merino-fine-rib-v-neck#Charcoal,hard,0.02127438771274388
Jude,falling-for-you-cardi#Port,voyager-stripe-crew#Stripe,hard,0.022857142857142854
Jude,falling-for-you-cardi#Port,makeover-blouse#LimeGreen,hard,0.022857142857142854
Tia,the-cut-out-shoulder-blouse#Salmon,the-panel-luxe-top#BlkWhite,hard,0.014767454441367485
Tia,the-cut-out-shoulder-blouse#Salmon,the-panel-luxe-top#SilvWhite,hard,0.014767454441367485
Riina,the-weekender-shirt#GreyStripe,voyager-stripe-crew#Stripe,hard,0.022857142857142854
Riina,the-weekender-shirt#GreyStripe,makeover-blouse#LimeGreen,hard,0.022857142857142854
Shadae,sequin-cross-2-in-1-top#Khaki,voyager-stripe-crew#Stripe,hard,0.027118644067796627
Shadae,sequin-cross-2-in-1-top#Khaki,makeover-blouse#LimeGreen,hard,0.027118644067796627
Laura,the-sleeveless-cross-over-blouse#Salmon,cara-tee-2#Blush,hard,0.009805425338985667
Laura,the-sleeveless-cross-over-blouse#Salmon,cara-tee-2#WhiteBlk,hard,0.009805425338985667
Sophie,the-dobby-sleeve-tee#White,side-buttoned-sweater#Buttoned,hard,0.0011363636363636576
Sophie,the-dobby-sleeve-tee#White,the-tie-front-top#Navy,hard,0.017934149184149185
Fiona,belle-ls-free-fall-tee#Airforce,natural-textured-poncho#Deeprain,hard,0.0198895027624309
Fiona,belle-ls-free-fall-tee#Airforce,wonderland-blouse#Ink,hard,0.029034976521913555
Kate,the-cross-over-blouse#Silver,natural-textured-poncho#Deeprain,hard,0.0222222222222222
Kate,the-cross-over-blouse#Silver,animal-button-up-shirt#KhakiPrint,hard,0.024927577868754342
Laura,the-on-or-off-the-shoulder-top#FrenchNavy,cara-tee-2#Blush,hard,0.009805425338985667
Laura,the-on-or-off-the-shoulder-top#FrenchNavy,cara-tee-2#WhiteBlk,hard,0.009805425338985667
Amanda,the-shoulder-tie-top#White,natural-textured-poncho#Deeprain,hard,0.026966292134831427
Amanda,the-shoulder-tie-top#White,voyager-stripe-crew#Stripe,hard,0.02921348314606742
Riina,the-panel-luxe-top#BlkWhite,voyager-stripe-crew#Stripe,hard,0.022857142857142854
Riina,the-panel-luxe-top#BlkWhite,makeover-blouse#LimeGreen,hard,0.022857142857142854
Perrie,the-short-sleeve-wrap-jersey-top#Black,natural-textured-poncho#Deeprain,hard,0.024581005586592153
Perrie,the-short-sleeve-wrap-jersey-top#Black,voyager-stripe-crew#Stripe,hard,0.03128491620111734
Anna,the-batwing-tee#Sea,voyager-stripe-crew#Stripe,hard,0.022857142857142854
Anna,the-batwing-tee#Sea,makeover-blouse#LimeGreen,hard,0.022857142857142854
Mandy,je-taime-knit#Navy,voyager-stripe-crew#Stripe,hard,0.012499999999999956
Mandy,je-taime-knit#Navy,makeover-blouse#LimeGreen,hard,0.012499999999999956
Maddy,the-wrap-jersey-top#JetBlack,natural-textured-poncho#Deeprain,hard,0.026966292134831427
Maddy,the-wrap-jersey-top#JetBlack,voyager-stripe-crew#Stripe,hard,0.02921348314606742
Gemma,spliced-lace-panel-tee#White,voyager-stripe-crew#Stripe,hard,0.025000000000000022
Gemma,spliced-lace-panel-tee#White,makeover-blouse#LimeGreen,hard,0.025000000000000022
Jess,picnic-top#BlackWhite,cara-tee-2#Blush,hard,0.02465728715728717
Jess,picnic-top#BlackWhite,cara-tee-2#WhiteBlk,hard,0.02465728715728717
Anna Maria,falling-for-you-cardi#Dusty,natural-textured-poncho#Deeprain,hard,0.024581005586592153
Anna Maria,falling-for-you-cardi#Dusty,voyager-stripe-crew#Stripe,hard,0.03128491620111734
Natalie,the-batwing-tee#Stone,natural-textured-poncho#Deeprain,hard,0.0222222222222222
Natalie,the-batwing-tee#Stone,voyager-stripe-crew#Stripe,hard,0.03333333333333338
Marnee,falling-for-you-cardi#Black,natural-textured-poncho#Deeprain,hard,0.026966292134831427
Marnee,falling-for-you-cardi#Black,voyager-stripe-crew#Stripe,hard,0.02921348314606742
Madeline,natural-detailed-sweater#Tinroof,voyager-stripe-crew#Stripe,hard,0.03128491620111734
Madeline,natural-detailed-sweater#Tinroof,makeover-blouse#LimeGreen,hard,0.03128491620111734
Laura,layered-tee-2#Black,cara-tee-2#Blush,hard,0.009805425338985667
Laura,layered-tee-2#Black,cara-tee-2#WhiteBlk,hard,0.009805425338985667
Riina,the-daily-cross-over-top#SkyBlue,voyager-stripe-crew#Stripe,hard,0.022857142857142854
Riina,the-daily-cross-over-top#SkyBlue,makeover-blouse#LimeGreen,hard,0.022857142857142854
Summer,clovis-shirt#NavyGold,voyager-stripe-crew#Stripe,hard,0.025000000000000022
Summer,clovis-shirt#NavyGold,natural-textured-poncho#Deeprain,hard,0.0318181818181818
Mae-Lee,belle-v-neck-forgiver-tunic#White,side-buttoned-sweater#Buttoned,hard,0.0066981036406044
Mae-Lee,belle-v-neck-forgiver-tunic#White,voyager-stripe-crew#Stripe,hard,0.01849710982658964
Ljubenka,belle-tie-neck-blouse-tee#RoyalBlue,the-uneven-hem-knit-1#Sage,hard,0.02003205128205128
Ljubenka,belle-tie-neck-blouse-tee#RoyalBlue,natural-textured-poncho#Deeprain,hard,0.0222222222222222
Fiona,the-cross-over-poncho#Navy,natural-textured-poncho#Deeprain,hard,0.0198895027624309
Fiona,the-cross-over-poncho#Navy,wonderland-blouse#Ink,hard,0.029034976521913555
Marnee,sugar-snaps-layers-tank#NewBeige,natural-textured-poncho#Deeprain,hard,0.026966292134831427
Marnee,sugar-snaps-layers-tank#NewBeige,voyager-stripe-crew#Stripe,hard,0.02921348314606742
Jess,belle-v-neck-forgiver-tunic#DenimMarl,cara-tee-2#Blush,hard,0.02465728715728717
Jess,belle-v-neck-forgiver-tunic#DenimMarl,cara-tee-2#WhiteBlk,hard,0.02465728715728717
Amanda,the-zip-front-blouse#Khaki,natural-textured-poncho#Deeprain,hard,0.026966292134831427
Amanda,the-zip-front-blouse#Khaki,voyager-stripe-crew#Stripe,hard,0.02921348314606742
Lauren,the-cosy-cardigan#Grey,side-buttoned-sweater#Buttoned,hard,0.010019841269841278
Lauren,the-cosy-cardigan#Grey,voyager-stripe-crew#Stripe,hard,0.03333333333333338
Maddy,the-everyday-shirt#Rose,natural-textured-poncho#Deeprain,hard,0.026966292134831427
Maddy,the-everyday-shirt#Rose,voyager-stripe-crew#Stripe,hard,0.02921348314606742
Laura,butterfly-kisses-tee#Green,cara-tee-2#Blush,hard,0.009805425338985667
Laura,butterfly-kisses-tee#Green,cara-tee-2#WhiteBlk,hard,0.009805425338985667
Marnee,falling-for-you-cardi#Port,natural-textured-poncho#Deeprain,hard,0.026966292134831427
Marnee,falling-for-you-cardi#Port,voyager-stripe-crew#Stripe,hard,0.02921348314606742
Olivia,sugar-snaps-layers-tank#Black,natural-textured-poncho#Deeprain,hard,0.026966292134831427
Olivia,sugar-snaps-layers-tank#Black,voyager-stripe-crew#Stripe,hard,0.02921348314606742
Georgia,long-sleeve-softly-swinging-bamboo-tee#White,voyager-stripe-crew#Stripe,hard,0.011764705882352955
Georgia,long-sleeve-softly-swinging-bamboo-tee#White,makeover-blouse#LimeGreen,hard,0.011764705882352955
Natalie,sugar-snaps-layers-tank#NewBeige,natural-textured-poncho#Deeprain,hard,0.0222222222222222
Natalie,sugar-snaps-layers-tank#NewBeige,voyager-stripe-crew#Stripe,hard,0.03333333333333338
Georgia,sugar-snaps-throw-jacket#Black,voyager-stripe-crew#Stripe,hard,0.011764705882352955
Georgia,sugar-snaps-throw-jacket#Black,makeover-blouse#LimeGreen,hard,0.011764705882352955
Amanda,the-sleeveless-cross-over-blouse#Chambray,natural-textured-poncho#Deeprain,hard,0.026966292134831427
Amanda,the-sleeveless-cross-over-blouse#Chambray,voyager-stripe-crew#Stripe,hard,0.02921348314606742
Katie,sparkly-star-tee#Blue,voyager-stripe-crew#Stripe,hard,0.020689655172413834
Katie,sparkly-star-tee#Blue,makeover-blouse#LimeGreen,hard,0.020689655172413834
Nadine,square-peg-pullover#SilverMix,makeover-blouse#LimeGreen,hard,0.004790419161676662
Nadine,square-peg-pullover#SilverMix,pure-merino-fine-rib-v-neck#Charcoal,hard,0.02127438771274388
Sophie,long-sleeve-softly-swinging-bamboo-tee#White,side-buttoned-sweater#Buttoned,hard,0.0011363636363636576
Sophie,long-sleeve-softly-swinging-bamboo-tee#White,the-tie-front-top#Navy,hard,0.017934149184149185
Ljubenka,the-cross-over-blouse#Mint,the-uneven-hem-knit-1#Sage,hard,0.02003205128205128
Ljubenka,the-cross-over-blouse#Mint,natural-textured-poncho#Deeprain,hard,0.0222222222222222
Fiona,the-belle-sleeve-print-top#NavyPrint,natural-textured-poncho#Deeprain,hard,0.0198895027624309
Fiona,the-belle-sleeve-print-top#NavyPrint,wonderland-blouse#Ink,hard,0.029034976521913555
Laura,the-cross-over-blouse#Silver,cara-tee-2#Blush,hard,0.009805425338985667
Laura,the-cross-over-blouse#Silver,cara-tee-2#WhiteBlk,hard,0.009805425338985667
Anna,the-cross-over-blouse#Black,voyager-stripe-crew#Stripe,hard,0.022857142857142854
Anna,the-cross-over-blouse#Black,makeover-blouse#LimeGreen,hard,0.022857142857142854
Georgia,long-sleeve-softly-swinging-bamboo-tee#SilverScon,voyager-stripe-crew#Stripe,hard,0.011764705882352955
Georgia,long-sleeve-softly-swinging-bamboo-tee#SilverScon,makeover-blouse#LimeGreen,hard,0.011764705882352955
Emma,floating-by-you-blouse#SeaFleur,voyager-stripe-crew#Stripe,hard,0.020689655172413834
Emma,floating-by-you-blouse#SeaFleur,makeover-blouse#LimeGreen,hard,0.020689655172413834
Miranda,the-asymmetrical-tank-top#Indigo,voyager-stripe-crew#Stripe,hard,0.01403508771929829
Miranda,the-asymmetrical-tank-top#Indigo,makeover-blouse#LimeGreen,hard,0.01403508771929829
Mae-Lee,the-cross-over-blouse#White,side-buttoned-sweater#Buttoned,hard,0.0066981036406044
Mae-Lee,the-cross-over-blouse#White,voyager-stripe-crew#Stripe,hard,0.01849710982658964
Amanda,the-tie-front-tank#White,natural-textured-poncho#Deeprain,hard,0.026966292134831427
Amanda,the-tie-front-tank#White,voyager-stripe-crew#Stripe,hard,0.02921348314606742
Anneliese,tracie-top#Opal,natural-textured-poncho#Deeprain,hard,0.026966292134831427
Anneliese,tracie-top#Opal,voyager-stripe-crew#Stripe,hard,0.02921348314606742
Gemma,falling-for-you-cardi#GreyMarle,voyager-stripe-crew#Stripe,hard,0.025000000000000022
Gemma,falling-for-you-cardi#GreyMarle,makeover-blouse#LimeGreen,hard,0.025000000000000022
Laura,the-long-sleeve-scoop-neck-tee#Navy,cara-tee-2#Blush,hard,0.009805425338985667
Laura,the-long-sleeve-scoop-neck-tee#Navy,cara-tee-2#WhiteBlk,hard,0.009805425338985667
Perrie,the-cut-out-shoulder-blouse#Silver,natural-textured-poncho#Deeprain,hard,0.024581005586592153
Perrie,the-cut-out-shoulder-blouse#Silver,voyager-stripe-crew#Stripe,hard,0.03128491620111734
Stacey,block-sweater#Block,makeover-blouse#LimeGreen,hard,0.009467455621301801
Stacey,block-sweater#Block,cara-tee-2#Blush,hard,0.04007527669805984
Anna Maria,the-cross-over-top#NavyStripe,natural-textured-poncho#Deeprain,hard,0.024581005586592153
Anna Maria,the-cross-over-top#NavyStripe,voyager-stripe-crew#Stripe,hard,0.03128491620111734
Stefania,hayley-button-down#NavySparro,voyager-stripe-crew#Stripe,hard,0.016279069767441867
Stefania,hayley-button-down#NavySparro,makeover-blouse#LimeGreen,hard,0.016279069767441867
Sophie,belle-half-sleeve-forgiver-tunic#Black,side-buttoned-sweater#Buttoned,hard,0.0011363636363636576
Sophie,belle-half-sleeve-forgiver-tunic#Black,the-tie-front-top#Navy,hard,0.017934149184149185
Jess,the-cut-out-shoulder-blouse#Silver,cara-tee-2#Blush,hard,0.02465728715728717
Jess,the-cut-out-shoulder-blouse#Silver,cara-tee-2#WhiteBlk,hard,0.02465728715728717
Mae-Lee,long-sleeve-softly-swinging-bamboo-tee#TeaRose,side-buttoned-sweater#Buttoned,hard,0.0066981036406044
Mae-Lee,long-sleeve-softly-swinging-bamboo-tee#TeaRose,voyager-stripe-crew#Stripe,hard,0.01849710982658964
Anna,milan-stretch-top#SilverMarl,voyager-stripe-crew#Stripe,hard,0.022857142857142854
Anna,milan-stretch-top#SilverMarl,makeover-blouse#LimeGreen,hard,0.022857142857142854
Perrie,the-cut-out-shoulder-blouse#White,natural-textured-poncho#Deeprain,hard,0.024581005586592153
Perrie,the-cut-out-shoulder-blouse#White,voyager-stripe-crew#Stripe,hard,0.03128491620111734
Clementine,the-bonded-cotton-tunic-dress#Navy,voyager-stripe-crew#Stripe,hard,0.022857142857142854
Clementine,the-bonded-cotton-tunic-dress#Navy,makeover-blouse#LimeGreen,hard,0.022857142857142854
Amanda,the-zip-front-blouse#Navy,natural-textured-poncho#Deeprain,hard,0.026966292134831427
Amanda,the-zip-front-blouse#Navy,voyager-stripe-crew#Stripe,hard,0.02921348314606742
Anna,paradise-top#Red,voyager-stripe-crew#Stripe,hard,0.022857142857142854
Anna,paradise-top#Red,makeover-blouse#LimeGreen,hard,0.022857142857142854
Emma,the-drape-tee-1#NavyStripe,voyager-stripe-crew#Stripe,hard,0.020689655172413834
Emma,the-drape-tee-1#NavyStripe,makeover-blouse#LimeGreen,hard,0.020689655172413834
Perrie,the-design-fold-tunic-top#PearlBlue,natural-textured-poncho#Deeprain,hard,0.024581005586592153
Perrie,the-design-fold-tunic-top#PearlBlue,voyager-stripe-crew#Stripe,hard,0.03128491620111734
Amanda,the-zip-detail-jacket#Grey,natural-textured-poncho#Deeprain,hard,0.026966292134831427
Amanda,the-zip-detail-jacket#Grey,voyager-stripe-crew#Stripe,hard,0.02921348314606742
Maddy,the-long-sleeve-scoop-neck-tee#White,natural-textured-poncho#Deeprain,hard,0.026966292134831427
Maddy,the-long-sleeve-scoop-neck-tee#White,voyager-stripe-crew#Stripe,hard,0.02921348314606742
Georgia,prairie-romance-blouse#Blush,voyager-stripe-crew#Stripe,hard,0.011764705882352955
Georgia,prairie-romance-blouse#Blush,makeover-blouse#LimeGreen,hard,0.011764705882352955
Marnee,daisy-chain-tassel-blouse#DeepBlue,natural-textured-poncho#Deeprain,hard,0.026966292134831427
Marnee,daisy-chain-tassel-blouse#DeepBlue,voyager-stripe-crew#Stripe,hard,0.02921348314606742
Rosaline,great-scot-merino-carcoat#Twilight,voyager-stripe-crew#Stripe,hard,0.022857142857142854
Rosaline,great-scot-merino-carcoat#Twilight,makeover-blouse#LimeGreen,hard,0.022857142857142854
Stefania,renee-sweater#Sapphire,voyager-stripe-crew#Stripe,hard,0.016279069767441867
Stefania,renee-sweater#Sapphire,makeover-blouse#LimeGreen,hard,0.016279069767441867
Ljubenka,falling-for-you-cardi#Rust,the-uneven-hem-knit-1#Sage,hard,0.02003205128205128
Ljubenka,falling-for-you-cardi#Rust,natural-textured-poncho#Deeprain,hard,0.0222222222222222
Anna Maria,falling-for-you-cardi#Black,natural-textured-poncho#Deeprain,hard,0.024581005586592153
Anna Maria,falling-for-you-cardi#Black,voyager-stripe-crew#Stripe,hard,0.03128491620111734
Maddy,oregon-safari-embroidered-top#White,natural-textured-poncho#Deeprain,hard,0.026966292134831427
Maddy,oregon-safari-embroidered-top#White,voyager-stripe-crew#Stripe,hard,0.02921348314606742
Mercy,belle-square-neck-drape-tee#Vanilla,voyager-stripe-crew#Stripe,hard,0.01849710982658964
Mercy,belle-square-neck-drape-tee#Vanilla,makeover-blouse#LimeGreen,hard,0.01849710982658964
Ljubenka,belle-half-sleeve-forgiver-tunic#White,the-uneven-hem-knit-1#Sage,hard,0.02003205128205128
Ljubenka,belle-half-sleeve-forgiver-tunic#White,natural-textured-poncho#Deeprain,hard,0.0222222222222222
Edith,patchwork-tunic#Patchwork,voyager-stripe-crew#Stripe,hard,0.022857142857142854
Edith,patchwork-tunic#Patchwork,makeover-blouse#LimeGreen,hard,0.022857142857142854
Mae-Lee,sugar-snaps-layers-tank#Black,side-buttoned-sweater#Buttoned,hard,0.0066981036406044
Mae-Lee,sugar-snaps-layers-tank#Black,voyager-stripe-crew#Stripe,hard,0.01849710982658964
Summer,felicity-cardigan#Dewkist,voyager-stripe-crew#Stripe,hard,0.025000000000000022
Summer,felicity-cardigan#Dewkist,natural-textured-poncho#Deeprain,hard,0.0318181818181818
Maddy,the-long-sleeve-scoop-neck-tee#Navy,natural-textured-poncho#Deeprain,hard,0.026966292134831427
Maddy,the-long-sleeve-scoop-neck-tee#Navy,voyager-stripe-crew#Stripe,hard,0.02921348314606742
Anna,milan-stretch-top#Black,voyager-stripe-crew#Stripe,hard,0.022857142857142854
Anna,milan-stretch-top#Black,makeover-blouse#LimeGreen,hard,0.022857142857142854
Laura,the-asymmetrical-tank-top#Indigo,cara-tee-2#Blush,hard,0.009805425338985667
Laura,the-asymmetrical-tank-top#Indigo,cara-tee-2#WhiteBlk,hard,0.009805425338985667
Jess,belle-half-sleeve-boat-tee#Black,cara-tee-2#Blush,hard,0.02465728715728717
Jess,belle-half-sleeve-boat-tee#Black,cara-tee-2#WhiteBlk,hard,0.02465728715728717
Mae-Lee,oregon-safari-embroidered-top#White,side-buttoned-sweater#Buttoned,hard,0.0066981036406044
Mae-Lee,oregon-safari-embroidered-top#White,voyager-stripe-crew#Stripe,hard,0.01849710982658964
Marnee,falling-for-you-cardi#GreyMarle,natural-textured-poncho#Deeprain,hard,0.026966292134831427
Marnee,falling-for-you-cardi#GreyMarle,voyager-stripe-crew#Stripe,hard,0.02921348314606742
Summer,printed-tunic-7#RedCheck,voyager-stripe-crew#Stripe,hard,0.025000000000000022
Summer,printed-tunic-7#RedCheck,natural-textured-poncho#Deeprain,hard,0.0318181818181818
Marnee,sugar-snaps-round-neck-layer-tank#White,natural-textured-poncho#Deeprain,hard,0.026966292134831427
Marnee,sugar-snaps-round-neck-layer-tank#White,voyager-stripe-crew#Stripe,hard,0.02921348314606742
Gemma,holly-rib-long-sleeve-tee#Khaki,voyager-stripe-crew#Stripe,hard,0.025000000000000022
Gemma,holly-rib-long-sleeve-tee#Khaki,makeover-blouse#LimeGreen,hard,0.025000000000000022
Riina,messina-v-neck-tee#Black,voyager-stripe-crew#Stripe,hard,0.022857142857142854
Riina,messina-v-neck-tee#Black,makeover-blouse#LimeGreen,hard,0.022857142857142854
Sophia,the-boat-neck-top#Navy,cara-tee-2#Blush,hard,0.010112367541426632
Sophia,the-boat-neck-top#Navy,cara-tee-2#WhiteBlk,hard,0.010112367541426632
Gemma,ruffle-sleeve-top-1#Black,voyager-stripe-crew#Stripe,hard,0.025000000000000022
Gemma,ruffle-sleeve-top-1#Black,makeover-blouse#LimeGreen,hard,0.025000000000000022
Ljubenka,the-cut-out-shoulder-blouse#Salmon,the-uneven-hem-knit-1#Sage,hard,0.02003205128205128
Ljubenka,the-cut-out-shoulder-blouse#Salmon,natural-textured-poncho#Deeprain,hard,0.0222222222222222
Perrie,the-everyday-shirt#Pink,natural-textured-poncho#Deeprain,hard,0.024581005586592153
Perrie,the-everyday-shirt#Pink,voyager-stripe-crew#Stripe,hard,0.03128491620111734
Kate,the-sleeveless-cross-over-blouse#Mint,natural-textured-poncho#Deeprain,hard,0.0222222222222222
Kate,the-sleeveless-cross-over-blouse#Mint,animal-button-up-shirt#KhakiPrint,hard,0.024927577868754342
Marnee,chasing-birds-blouse#White,natural-textured-poncho#Deeprain,hard,0.026966292134831427
Marnee,chasing-birds-blouse#White,voyager-stripe-crew#Stripe,hard,0.02921348314606742
Georgia,open-plains-kimono-throw-1#Rust,voyager-stripe-crew#Stripe,hard,0.011764705882352955
Georgia,open-plains-kimono-throw-1#Rust,makeover-blouse#LimeGreen,hard,0.011764705882352955
Jess,the-stripe-crossover-blouse#Bluestripe,cara-tee-2#Blush,hard,0.02465728715728717
Jess,the-stripe-crossover-blouse#Bluestripe,cara-tee-2#WhiteBlk,hard,0.02465728715728717
Helen,niue-neck-tie-shirt#LightBlue,voyager-stripe-crew#Stripe,hard,0.026062322946175664
Helen,niue-neck-tie-shirt#LightBlue,makeover-blouse#LimeGreen,hard,0.026062322946175664
Miranda,the-reversible-cowl-neck-top-1#White,voyager-stripe-crew#Stripe,hard,0.01403508771929829
Miranda,the-reversible-cowl-neck-top-1#White,makeover-blouse#LimeGreen,hard,0.01403508771929829
Natalia,horizontal-cabel-pullover#EnglishRos,voyager-stripe-crew#Stripe,hard,0.011764705882352955
Natalia,horizontal-cabel-pullover#EnglishRos,makeover-blouse#LimeGreen,hard,0.011764705882352955
Natalia,kimono-and-me-cardi#Sand,voyager-stripe-crew#Stripe,hard,0.011764705882352955
Natalia,kimono-and-me-cardi#Sand,makeover-blouse#LimeGreen,hard,0.011764705882352955
Maddy,border-stripe-knit#WhitePink,natural-textured-poncho#Deeprain,hard,0.026966292134831427
Maddy,border-stripe-knit#WhitePink,voyager-stripe-crew#Stripe,hard,0.02921348314606742
Edith,buttoned-top#Spotty,voyager-stripe-crew#Stripe,hard,0.022857142857142854
Edith,buttoned-top#Spotty,makeover-blouse#LimeGreen,hard,0.022857142857142854
Marnee,softly-swinging-bamboo-tee#Copper,natural-textured-poncho#Deeprain,hard,0.026966292134831427
Marnee,softly-swinging-bamboo-tee#Copper,voyager-stripe-crew#Stripe,hard,0.02921348314606742
Palatina,beach-walk-shirt#Stormy,cara-tee-2#Blush,hard,0.02436008474699353
Palatina,beach-walk-shirt#Stormy,cara-tee-2#WhiteBlk,hard,0.02436008474699353
Summer,hem-frill-stripe-top#Frilled,voyager-stripe-crew#Stripe,hard,0.025000000000000022
Summer,hem-frill-stripe-top#Frilled,natural-textured-poncho#Deeprain,hard,0.0318181818181818
Palatina,merino-boyfriend-cardigan#MelangeStr,cara-tee-2#Blush,hard,0.02436008474699353
Palatina,merino-boyfriend-cardigan#MelangeStr,cara-tee-2#WhiteBlk,hard,0.02436008474699353
Anna,the-cotton-bamboo-tank#White,voyager-stripe-crew#Stripe,hard,0.022857142857142854
Anna,the-cotton-bamboo-tank#White,makeover-blouse#LimeGreen,hard,0.022857142857142854
Amanda,the-essential-pullover#SkyBlue,natural-textured-poncho#Deeprain,hard,0.026966292134831427
Amanda,the-essential-pullover#SkyBlue,voyager-stripe-crew#Stripe,hard,0.02921348314606742
Alex,jade-kimono-kaleidoscope#Blue,voyager-stripe-crew#Stripe,hard,0.020689655172413834
Alex,jade-kimono-kaleidoscope#Blue,makeover-blouse#LimeGreen,hard,0.020689655172413834
Amanda,the-everyday-shirt#Black,natural-textured-poncho#Deeprain,hard,0.026966292134831427
Amanda,the-everyday-shirt#Black,voyager-stripe-crew#Stripe,hard,0.02921348314606742
Laura,the-long-sleeve-v-neck-tee#Black,cara-tee-2#Blush,hard,0.009805425338985667
Laura,the-long-sleeve-v-neck-tee#Black,cara-tee-2#WhiteBlk,hard,0.009805425338985667
Clementine,the-everyday-shirt#Rose,voyager-stripe-crew#Stripe,hard,0.022857142857142854
Clementine,the-everyday-shirt#Rose,makeover-blouse#LimeGreen,hard,0.022857142857142854
Jess,natural-detailed-sweater#Tinroof,cara-tee-2#Blush,hard,0.02465728715728717
Jess,natural-detailed-sweater#Tinroof,cara-tee-2#WhiteBlk,hard,0.02465728715728717
Gemma,lucy-rib-oversized-top#WhiteGrey,voyager-stripe-crew#Stripe,hard,0.025000000000000022
Gemma,lucy-rib-oversized-top#WhiteGrey,makeover-blouse#LimeGreen,hard,0.025000000000000022
Madeline,natural-overlay-knit#Greybloss,voyager-stripe-crew#Stripe,hard,0.03128491620111734
Madeline,natural-overlay-knit#Greybloss,makeover-blouse#LimeGreen,hard,0.03128491620111734
Amanda,the-batwing-tee#Stone,natural-textured-poncho#Deeprain,hard,0.026966292134831427
Amanda,the-batwing-tee#Stone,voyager-stripe-crew#Stripe,hard,0.02921348314606742
Marnee,chill-out-slouch-top#GreyMarle,natural-textured-poncho#Deeprain,hard,0.026966292134831427
Marnee,chill-out-slouch-top#GreyMarle,voyager-stripe-crew#Stripe,hard,0.02921348314606742
Georgia,long-sleeve-softly-swinging-bamboo-tee#Fern,voyager-stripe-crew#Stripe,hard,0.011764705882352955
Georgia,long-sleeve-softly-swinging-bamboo-tee#Fern,makeover-blouse#LimeGreen,hard,0.011764705882352955
Kate,sugar-snaps-layers-tank#DeepCobalt,natural-textured-poncho#Deeprain,hard,0.0222222222222222
Kate,sugar-snaps-layers-tank#DeepCobalt,animal-button-up-shirt#KhakiPrint,hard,0.024927577868754342
Sophia,ava-short-sleeve-linen-tee#Navy,cara-tee-2#Blush,hard,0.010112367541426632
Sophia,ava-short-sleeve-linen-tee#Navy,cara-tee-2#WhiteBlk,hard,0.010112367541426632
Nadine,the-everyday-shirt#Rose,makeover-blouse#LimeGreen,hard,0.004790419161676662
Nadine,the-everyday-shirt#Rose,pure-merino-fine-rib-v-neck#Charcoal,hard,0.02127438771274388
Marnee,driftwood-gathering-blouse#Khaki,natural-textured-poncho#Deeprain,hard,0.026966292134831427
Marnee,driftwood-gathering-blouse#Khaki,voyager-stripe-crew#Stripe,hard,0.02921348314606742
Natalie,the-sleeveless-cross-over-blouse#Mint,natural-textured-poncho#Deeprain,hard,0.0222222222222222
Natalie,the-sleeveless-cross-over-blouse#Mint,voyager-stripe-crew#Stripe,hard,0.03333333333333338
Marnee,moonlight-kisses-bamboo-tee#Combat,natural-textured-poncho#Deeprain,hard,0.026966292134831427
Marnee,moonlight-kisses-bamboo-tee#Combat,voyager-stripe-crew#Stripe,hard,0.02921348314606742
Stacey,long-sleeve-check-top#Check,makeover-blouse#LimeGreen,hard,0.009467455621301801
Stacey,long-sleeve-check-top#Check,cara-tee-2#Blush,hard,0.04007527669805984
Laura,the-ultimate-tie-cardi#Black,cara-tee-2#Blush,hard,0.009805425338985667
Laura,the-ultimate-tie-cardi#Black,cara-tee-2#WhiteBlk,hard,0.009805425338985667
Edith,off-shoulder-top-1#Strawberry,voyager-stripe-crew#Stripe,hard,0.022857142857142854
Edith,off-shoulder-top-1#Strawberry,makeover-blouse#LimeGreen,hard,0.022857142857142854
Summer,never-ending-winter-knit-top#DeluxeGree,voyager-stripe-crew#Stripe,hard,0.025000000000000022
Summer,never-ending-winter-knit-top#DeluxeGree,natural-textured-poncho#Deeprain,hard,0.0318181818181818
Georgia,layer-me-bamboo-rouched-sleeve-tee#Copper,voyager-stripe-crew#Stripe,hard,0.011764705882352955
Georgia,layer-me-bamboo-rouched-sleeve-tee#Copper,makeover-blouse#LimeGreen,hard,0.011764705882352955
Lauren,belle-tie-front-shirt#Black,side-buttoned-sweater#Buttoned,hard,0.010019841269841278
Lauren,belle-tie-front-shirt#Black,voyager-stripe-crew#Stripe,hard,0.03333333333333338
Anna,the-everyday-shirt#Midnight,voyager-stripe-crew#Stripe,hard,0.022857142857142854
Anna,the-everyday-shirt#Midnight,makeover-blouse#LimeGreen,hard,0.022857142857142854
Marnee,wrap-me-up-bamboo-top#Black,natural-textured-poncho#Deeprain,hard,0.026966292134831427
Marnee,wrap-me-up-bamboo-top#Black,voyager-stripe-crew#Stripe,hard,0.02921348314606742
Georgia,softly-swinging-bamboo-singlet#Cashew,voyager-stripe-crew#Stripe,hard,0.011764705882352955
Georgia,softly-swinging-bamboo-singlet#Cashew,makeover-blouse#LimeGreen,hard,0.011764705882352955
Perrie,irena-embroidered-blouse#DustyRose,natural-textured-poncho#Deeprain,hard,0.024581005586592153
Perrie,irena-embroidered-blouse#DustyRose,voyager-stripe-crew#Stripe,hard,0.03128491620111734
Jess,falling-for-you-cardi#Dusty,cara-tee-2#Blush,hard,0.02465728715728717
Jess,falling-for-you-cardi#Dusty,cara-tee-2#WhiteBlk,hard,0.02465728715728717
Summer,off-shoulder-top-2#FloraLace,voyager-stripe-crew#Stripe,hard,0.025000000000000022
Summer,off-shoulder-top-2#FloraLace,natural-textured-poncho#Deeprain,hard,0.0318181818181818
Sophia,elcos-45-aop-top-jrs#BlackFlowe,cara-tee-2#Blush,hard,0.010112367541426632
Sophia,elcos-45-aop-top-jrs#BlackFlowe,cara-tee-2#WhiteBlk,hard,0.010112367541426632
Jira,yvette-blouse#Black,voyager-stripe-crew#Stripe,hard,0.020689655172413834
Jira,yvette-blouse#Black,makeover-blouse#LimeGreen,hard,0.020689655172413834
Stacey,amira-sweater#Cream,makeover-blouse#LimeGreen,hard,0.009467455621301801
Stacey,amira-sweater#Cream,cara-tee-2#Blush,hard,0.04007527669805984
Louise,layer-top-1#Navy,pure-merino-fine-rib-polo#BlackStri,hard,0.023817254174397038
Louise,layer-top-1#Navy,voyager-stripe-crew#Stripe,hard,0.025000000000000022
Charlotte,natural-pattern-cocoon-cardigan#Blossom,voyager-stripe-crew#Stripe,hard,0.009467455621301801
Charlotte,natural-pattern-cocoon-cardigan#Blossom,makeover-blouse#LimeGreen,hard,0.009467455621301801
Laura,belle-half-sleeve-forgiver-tunic#Apricot,cara-tee-2#Blush,hard,0.009805425338985667
Laura,belle-half-sleeve-forgiver-tunic#Apricot,cara-tee-2#WhiteBlk,hard,0.009805425338985667
Denniel,the-short-sleeve-wrap-jersey-top#Emerald,natural-textured-poncho#Deeprain,hard,0.026966292134831427
Denniel,the-short-sleeve-wrap-jersey-top#Emerald,voyager-stripe-crew#Stripe,hard,0.02921348314606742
Laura,the-roll-neck-sweater#Natural,cara-tee-2#Blush,hard,0.009805425338985667
Laura,the-roll-neck-sweater#Natural,cara-tee-2#WhiteBlk,hard,0.009805425338985667
Nadine,long-sleeve-ruffle-shirt#Navy,makeover-blouse#LimeGreen,hard,0.004790419161676662
Nadine,long-sleeve-ruffle-shirt#Navy,pure-merino-fine-rib-v-neck#Charcoal,hard,0.02127438771274388
Mae-Lee,long-sleeve-softly-swinging-bamboo-tee#DuckEgg,side-buttoned-sweater#Buttoned,hard,0.0066981036406044
Mae-Lee,long-sleeve-softly-swinging-bamboo-tee#DuckEgg,voyager-stripe-crew#Stripe,hard,0.01849710982658964
Maddy,the-half-sleeve-tee#White,natural-textured-poncho#Deeprain,hard,0.026966292134831427
Maddy,the-half-sleeve-tee#White,voyager-stripe-crew#Stripe,hard,0.02921348314606742
Jess,belle-half-sleeve-forgiver-tunic#Black,cara-tee-2#Blush,hard,0.02465728715728717
Jess,belle-half-sleeve-forgiver-tunic#Black,cara-tee-2#WhiteBlk,hard,0.02465728715728717
Georgia,softly-swinging-bamboo-tee#White,voyager-stripe-crew#Stripe,hard,0.011764705882352955
Georgia,softly-swinging-bamboo-tee#White,makeover-blouse#LimeGreen,hard,0.011764705882352955
Marnee,the-drape-tee-1#NavyStripe,natural-textured-poncho#Deeprain,hard,0.026966292134831427
Marnee,the-drape-tee-1#NavyStripe,voyager-stripe-crew#Stripe,hard,0.02921348314606742
Laura,the-cotton-bamboo-tank#DuckEgg,cara-tee-2#Blush,hard,0.009805425338985667
Laura,the-cotton-bamboo-tank#DuckEgg,cara-tee-2#WhiteBlk,hard,0.009805425338985667
Mercy,overlay-tunic-3-pce-set#Emerald,voyager-stripe-crew#Stripe,hard,0.01849710982658964
Mercy,overlay-tunic-3-pce-set#Emerald,makeover-blouse#LimeGreen,hard,0.01849710982658964
Natalie,the-cross-over-blouse#Mint,natural-textured-poncho#Deeprain,hard,0.0222222222222222
Natalie,the-cross-over-blouse#Mint,voyager-stripe-crew#Stripe,hard,0.03333333333333338
Charlotte,natural-crossover-knit-1#Stormcloud,voyager-stripe-crew#Stripe,hard,0.009467455621301801
Charlotte,natural-crossover-knit-1#Stormcloud,makeover-blouse#LimeGreen,hard,0.009467455621301801
Jess,natural-waterfall-cardigan#Fallendust,cara-tee-2#Blush,hard,0.02465728715728717
Jess,natural-waterfall-cardigan#Fallendust,cara-tee-2#WhiteBlk,hard,0.02465728715728717
Jess,layered-tee-2#White,cara-tee-2#Blush,hard,0.02465728715728717
Jess,layered-tee-2#White,cara-tee-2#WhiteBlk,hard,0.02465728715728717
Stefania,the-pirate-in-me-shirt#White,voyager-stripe-crew#Stripe,hard,0.016279069767441867
Stefania,the-pirate-in-me-shirt#White,makeover-blouse#LimeGreen,hard,0.016279069767441867
Jess,runaway-top#SoftMint,cara-tee-2#Blush,hard,0.02465728715728717
Jess,runaway-top#SoftMint,cara-tee-2#WhiteBlk,hard,0.02465728715728717
Laura,the-cross-over-blouse#RoyalBlue,cara-tee-2#Blush,hard,0.009805425338985667
Laura,the-cross-over-blouse#RoyalBlue,cara-tee-2#WhiteBlk,hard,0.009805425338985667
Laura,the-short-sleeve-wrap-jersey-top#Black,cara-tee-2#Blush,hard,0.009805425338985667
Laura,the-short-sleeve-wrap-jersey-top#Black,cara-tee-2#WhiteBlk,hard,0.009805425338985667
Fiona,the-spotted-tunic#NavySpot,natural-textured-poncho#Deeprain,hard,0.0198895027624309
Fiona,the-spotted-tunic#NavySpot,wonderland-blouse#Ink,hard,0.029034976521913555
Anna Maria,the-twist-front-top#Navy,natural-textured-poncho#Deeprain,hard,0.024581005586592153
Anna Maria,the-twist-front-top#Navy,voyager-stripe-crew#Stripe,hard,0.03128491620111734
Jess,softly-swinging-bamboo-tee#TeaRose,cara-tee-2#Blush,hard,0.02465728715728717
Jess,softly-swinging-bamboo-tee#TeaRose,cara-tee-2#WhiteBlk,hard,0.02465728715728717
Laura,sugar-snaps-round-neck-layer-tank#Black,cara-tee-2#Blush,hard,0.009805425338985667
Laura,sugar-snaps-round-neck-layer-tank#Black,cara-tee-2#WhiteBlk,hard,0.009805425338985667
Laura,the-batwing-tee#Black,cara-tee-2#Blush,hard,0.009805425338985667
Laura,the-batwing-tee#Black,cara-tee-2#WhiteBlk,hard,0.009805425338985667
Jess,ynes#Black,cara-tee-2#Blush,hard,0.02465728715728717
Jess,ynes#Black,cara-tee-2#WhiteBlk,hard,0.02465728715728717
Riina,the-stitch-v-neck-knit#DenimMarle,voyager-stripe-crew#Stripe,hard,0.022857142857142854
Riina,the-stitch-v-neck-knit#DenimMarle,makeover-blouse#LimeGreen,hard,0.022857142857142854
Fiona,the-v-neck-stripe-top#BlkStripe,natural-textured-poncho#Deeprain,hard,0.0198895027624309
Fiona,the-v-neck-stripe-top#BlkStripe,wonderland-blouse#Ink,hard,0.029034976521913555
Chelsea,leah-knit-cardigan#WhiteBlk,voyager-stripe-crew#Stripe,hard,0.027118644067796627
Chelsea,leah-knit-cardigan#WhiteBlk,makeover-blouse#LimeGreen,hard,0.027118644067796627
Riina,the-linen-tie-sleeve-top#GreyMarle,voyager-stripe-crew#Stripe,hard,0.022857142857142854
Riina,the-linen-tie-sleeve-top#GreyMarle,makeover-blouse#LimeGreen,hard,0.022857142857142854
Emma,drama-top#BlackGrey,voyager-stripe-crew#Stripe,hard,0.020689655172413834
Emma,drama-top#BlackGrey,makeover-blouse#LimeGreen,hard,0.020689655172413834
Georgia,flying-free-top-3#WhiteBird,voyager-stripe-crew#Stripe,hard,0.011764705882352955
Georgia,flying-free-top-3#WhiteBird,makeover-blouse#LimeGreen,hard,0.011764705882352955
Stefania,walk-in-the-park-cardi#Sand,voyager-stripe-crew#Stripe,hard,0.016279069767441867
Stefania,walk-in-the-park-cardi#Sand,makeover-blouse#LimeGreen,hard,0.016279069767441867
Georgia,long-sleeve-softly-swinging-bamboo-tee#Oyster,voyager-stripe-crew#Stripe,hard,0.011764705882352955
Georgia,long-sleeve-softly-swinging-bamboo-tee#Oyster,makeover-blouse#LimeGreen,hard,0.011764705882352955
Lucy,the-batwing-tee#Black,manhattan-stretch-tee#White,hard,0.024144177255066686
Lucy,the-batwing-tee#Black,manhattan-stretch-tee#Navy,hard,0.024144177255066686
Palatina,oversize-contrast-hood-top#Steel,cara-tee-2#Blush,hard,0.02436008474699353
Palatina,oversize-contrast-hood-top#Steel,cara-tee-2#WhiteBlk,hard,0.02436008474699353
Emma,long-sleeve-softly-swinging-bamboo-tee#Storm,voyager-stripe-crew#Stripe,hard,0.020689655172413834
Emma,long-sleeve-softly-swinging-bamboo-tee#Storm,makeover-blouse#LimeGreen,hard,0.020689655172413834
Laura,34-sleeve-shirt-1#SkyWhite,cara-tee-2#Blush,hard,0.009805425338985667
Laura,34-sleeve-shirt-1#SkyWhite,cara-tee-2#WhiteBlk,hard,0.009805425338985667
Charlotte,natural-textured-poncho#Deeprain,voyager-stripe-crew#Stripe,hard,0.009467455621301801
Charlotte,natural-textured-poncho#Deeprain,makeover-blouse#LimeGreen,hard,0.009467455621301801
Alex,the-sleeveless-cross-over-blouse#Chambray,voyager-stripe-crew#Stripe,hard,0.020689655172413834
Alex,the-sleeveless-cross-over-blouse#Chambray,makeover-blouse#LimeGreen,hard,0.020689655172413834
Emma,forget-me-knot-tunic#ForgetMeK,voyager-stripe-crew#Stripe,hard,0.020689655172413834
Emma,forget-me-knot-tunic#ForgetMeK,makeover-blouse#LimeGreen,hard,0.020689655172413834
Georgia,softly-swinging-bamboo-tee#Chambray,voyager-stripe-crew#Stripe,hard,0.011764705882352955
Georgia,softly-swinging-bamboo-tee#Chambray,makeover-blouse#LimeGreen,hard,0.011764705882352955
Natalie,the-sleeveless-cross-over-blouse#Black,natural-textured-poncho#Deeprain,hard,0.0222222222222222
Natalie,the-sleeveless-cross-over-blouse#Black,voyager-stripe-crew#Stripe,hard,0.03333333333333338
Jess,softly-swinging-bamboo-tee#BlueJeans,cara-tee-2#Blush,hard,0.02465728715728717
Jess,softly-swinging-bamboo-tee#BlueJeans,cara-tee-2#WhiteBlk,hard,0.02465728715728717
Marnee,skipping-stones-tunic#Natural,natural-textured-poncho#Deeprain,hard,0.026966292134831427
Marnee,skipping-stones-tunic#Natural,voyager-stripe-crew#Stripe,hard,0.02921348314606742
Laura,waterfall-cardi-1#Navy,cara-tee-2#Blush,hard,0.009805425338985667
Laura,waterfall-cardi-1#Navy,cara-tee-2#WhiteBlk,hard,0.009805425338985667
Mae-Lee,the-cross-over-blouse#Sunshine,side-buttoned-sweater#Buttoned,hard,0.0066981036406044
Mae-Lee,the-cross-over-blouse#Sunshine,voyager-stripe-crew#Stripe,hard,0.01849710982658964
Emma,the-drape-tee-1#Stripe,voyager-stripe-crew#Stripe,hard,0.020689655172413834
Emma,the-drape-tee-1#Stripe,makeover-blouse#LimeGreen,hard,0.020689655172413834
Stacey,frost-cardigan#Mauvewoo,makeover-blouse#LimeGreen,hard,0.009467455621301801
Stacey,frost-cardigan#Mauvewoo,cara-tee-2#Blush,hard,0.04007527669805984
Jess,diva-ruffle-jumper#Gold%20Spot,cara-tee-2#Blush,hard,0.02465728715728717
Jess,diva-ruffle-jumper#Gold%20Spot,cara-tee-2#WhiteBlk,hard,0.02465728715728717
Nadine,starry-night-cardi#Chalk,makeover-blouse#LimeGreen,hard,0.004790419161676662
Nadine,starry-night-cardi#Chalk,pure-merino-fine-rib-v-neck#Charcoal,hard,0.02127438771274388
Georgia,sugar-snaps-layers-tank#DeepCobalt,voyager-stripe-crew#Stripe,hard,0.011764705882352955
Georgia,sugar-snaps-layers-tank#DeepCobalt,makeover-blouse#LimeGreen,hard,0.011764705882352955
Chelsea,the-ultimate-tie-cardi#Black,voyager-stripe-crew#Stripe,hard,0.027118644067796627
Chelsea,the-ultimate-tie-cardi#Black,makeover-blouse#LimeGreen,hard,0.027118644067796627
Riina,the-cross-over-poncho#Navy,voyager-stripe-crew#Stripe,hard,0.022857142857142854
Riina,the-cross-over-poncho#Navy,makeover-blouse#LimeGreen,hard,0.022857142857142854
Riina,soho-v-neck-blouse#SohoPrint,voyager-stripe-crew#Stripe,hard,0.022857142857142854
Riina,soho-v-neck-blouse#SohoPrint,makeover-blouse#LimeGreen,hard,0.022857142857142854
Alex,lola-bell-sleeve-top-ditsy-daisies#Blue,voyager-stripe-crew#Stripe,hard,0.020689655172413834
Alex,lola-bell-sleeve-top-ditsy-daisies#Blue,makeover-blouse#LimeGreen,hard,0.020689655172413834
Madeline,natural-cross-back-knit#Lightsmoke,voyager-stripe-crew#Stripe,hard,0.03128491620111734
Madeline,natural-cross-back-knit#Lightsmoke,makeover-blouse#LimeGreen,hard,0.03128491620111734
Nathalie,the-everyday-shirt#Pink,voyager-stripe-crew#Stripe,hard,0.01403508771929829
Nathalie,the-everyday-shirt#Pink,makeover-blouse#LimeGreen,hard,0.01403508771929829
Fiona,long-sleeve-ruffle-shirt#Black,natural-textured-poncho#Deeprain,hard,0.0198895027624309
Fiona,long-sleeve-ruffle-shirt#Black,wonderland-blouse#Ink,hard,0.029034976521913555
Georgia,softly-falling-bamboo-tunic#White,voyager-stripe-crew#Stripe,hard,0.011764705882352955
Georgia,softly-falling-bamboo-tunic#White,makeover-blouse#LimeGreen,hard,0.011764705882352955
Anna,the-wrap-jersey-top#JetBlack,voyager-stripe-crew#Stripe,hard,0.022857142857142854
Anna,the-wrap-jersey-top#JetBlack,makeover-blouse#LimeGreen,hard,0.022857142857142854
Jess,sugar-snaps-layers-tank#Red,cara-tee-2#Blush,hard,0.02465728715728717
Jess,sugar-snaps-layers-tank#Red,cara-tee-2#WhiteBlk,hard,0.02465728715728717
Ljubenka,sugar-snaps-layers-tank#Mint,the-uneven-hem-knit-1#Sage,hard,0.02003205128205128
Ljubenka,sugar-snaps-layers-tank#Mint,natural-textured-poncho#Deeprain,hard,0.0222222222222222
Summer,hacienda-tunic-5#PatchGold,voyager-stripe-crew#Stripe,hard,0.025000000000000022
Summer,hacienda-tunic-5#PatchGold,natural-textured-poncho#Deeprain,hard,0.0318181818181818
Miranda,the-sleeve-detail-knit#Ivory,voyager-stripe-crew#Stripe,hard,0.01403508771929829
Miranda,the-sleeve-detail-knit#Ivory,makeover-blouse#LimeGreen,hard,0.01403508771929829
Jess,belle-tier-tee#Blue,cara-tee-2#Blush,hard,0.02465728715728717
Jess,belle-tier-tee#Blue,cara-tee-2#WhiteBlk,hard,0.02465728715728717
Gemma,bubbles-print-tee#Cambridge,voyager-stripe-crew#Stripe,hard,0.025000000000000022
Gemma,bubbles-print-tee#Cambridge,makeover-blouse#LimeGreen,hard,0.025000000000000022
Sophia,to-the-beat-of-the-drum-kimono#Leaf,cara-tee-2#Blush,hard,0.010112367541426632
Sophia,to-the-beat-of-the-drum-kimono#Leaf,cara-tee-2#WhiteBlk,hard,0.010112367541426632
Marnee,the-everyday-shirt#Midnight,natural-textured-poncho#Deeprain,hard,0.026966292134831427
Marnee,the-everyday-shirt#Midnight,voyager-stripe-crew#Stripe,hard,0.02921348314606742
Laura,the-relaxed-long-sleeve-tee#Black,cara-tee-2#Blush,hard,0.009805425338985667
Laura,the-relaxed-long-sleeve-tee#Black,cara-tee-2#WhiteBlk,hard,0.009805425338985667
Miranda,the-crossover-button-blouse-1#Ornate,voyager-stripe-crew#Stripe,hard,0.01403508771929829
Miranda,the-crossover-button-blouse-1#Ornate,makeover-blouse#LimeGreen,hard,0.01403508771929829
Jess,the-cut-out-shoulder-blouse#Blue,cara-tee-2#Blush,hard,0.02465728715728717
Jess,the-cut-out-shoulder-blouse#Blue,cara-tee-2#WhiteBlk,hard,0.02465728715728717
Fiona,weekend-vibes-blouse#Blush,natural-textured-poncho#Deeprain,hard,0.0198895027624309
Fiona,weekend-vibes-blouse#Blush,wonderland-blouse#Ink,hard,0.029034976521913555
Laura,belle-v-neck-forgiver-tunic#BlueMarle,cara-tee-2#Blush,hard,0.009805425338985667
Laura,belle-v-neck-forgiver-tunic#BlueMarle,cara-tee-2#WhiteBlk,hard,0.009805425338985667
Laura,sugar-snaps-layers-tank#PeachyKeen,cara-tee-2#Blush,hard,0.009805425338985667
Laura,sugar-snaps-layers-tank#PeachyKeen,cara-tee-2#WhiteBlk,hard,0.009805425338985667
Jess,belle-cowl-swing-sweater#Black,cara-tee-2#Blush,hard,0.02465728715728717
Jess,belle-cowl-swing-sweater#Black,cara-tee-2#WhiteBlk,hard,0.02465728715728717
Fiona,the-reversible-cowl-neck-top-1#Black,natural-textured-poncho#Deeprain,hard,0.0198895027624309
Fiona,the-reversible-cowl-neck-top-1#Black,wonderland-blouse#Ink,hard,0.029034976521913555
Chelsea,pure-merino-fine-rib-polo#BlackStri,voyager-stripe-crew#Stripe,hard,0.027118644067796627
Chelsea,pure-merino-fine-rib-polo#BlackStri,makeover-blouse#LimeGreen,hard,0.027118644067796627
Bree,belle-half-sleeve-forgiver-tunic#BlueBonnet,cara-tee-2#Blush,hard,0.018771830454073445
Bree,belle-half-sleeve-forgiver-tunic#BlueBonnet,cara-tee-2#WhiteBlk,hard,0.018771830454073445
Laura,the-cut-out-shoulder-blouse#Blue,cara-tee-2#Blush,hard,0.009805425338985667
Laura,the-cut-out-shoulder-blouse#Blue,cara-tee-2#WhiteBlk,hard,0.009805425338985667
Amanda,the-bonded-cotton-shirt#Pink,natural-textured-poncho#Deeprain,hard,0.026966292134831427
Amanda,the-bonded-cotton-shirt#Pink,voyager-stripe-crew#Stripe,hard,0.02921348314606742
Fiona,the-cascade-blouse#Auburn,natural-textured-poncho#Deeprain,hard,0.0198895027624309
Fiona,the-cascade-blouse#Auburn,wonderland-blouse#Ink,hard,0.029034976521913555
Tia,softly-swinging-bamboo-tee#Storm,the-panel-luxe-top#BlkWhite,hard,0.014767454441367485
Tia,softly-swinging-bamboo-tee#Storm,the-panel-luxe-top#SilvWhite,hard,0.014767454441367485
Stacey,the-reversible-cowl-neck-top-2#Ocean,makeover-blouse#LimeGreen,hard,0.009467455621301801
Stacey,the-reversible-cowl-neck-top-2#Ocean,cara-tee-2#Blush,hard,0.04007527669805984
Laura,belle-v-neck-forgiver-tunic#White,cara-tee-2#Blush,hard,0.009805425338985667
Laura,belle-v-neck-forgiver-tunic#White,cara-tee-2#WhiteBlk,hard,0.009805425338985667
Shadae,clio-knit-jumper#Black,voyager-stripe-crew#Stripe,hard,0.027118644067796627
Shadae,clio-knit-jumper#Black,makeover-blouse#LimeGreen,hard,0.027118644067796627
Maddy,elina-lace-frill-blouse#Black,natural-textured-poncho#Deeprain,hard,0.026966292134831427
Maddy,elina-lace-frill-blouse#Black,voyager-stripe-crew#Stripe,hard,0.02921348314606742
Gemma,falling-for-you-cardi#Black,voyager-stripe-crew#Stripe,hard,0.025000000000000022
Gemma,falling-for-you-cardi#Black,makeover-blouse#LimeGreen,hard,0.025000000000000022
Madeline,natural-textured-poncho#Deeprain,voyager-stripe-crew#Stripe,hard,0.03128491620111734
Madeline,natural-textured-poncho#Deeprain,makeover-blouse#LimeGreen,hard,0.03128491620111734
Sophia,layered-sleeve-top#Moss,cara-tee-2#Blush,hard,0.010112367541426632
Sophia,layered-sleeve-top#Moss,cara-tee-2#WhiteBlk,hard,0.010112367541426632
Natalie,the-wrap-jersey-top#Charcoal,natural-textured-poncho#Deeprain,hard,0.0222222222222222
Natalie,the-wrap-jersey-top#Charcoal,voyager-stripe-crew#Stripe,hard,0.03333333333333338
Georgia,aldis-blouse#Pearl,voyager-stripe-crew#Stripe,hard,0.011764705882352955
Georgia,aldis-blouse#Pearl,makeover-blouse#LimeGreen,hard,0.011764705882352955
Jess,runaway-top#SoftPink,cara-tee-2#Blush,hard,0.02465728715728717
Jess,runaway-top#SoftPink,cara-tee-2#WhiteBlk,hard,0.02465728715728717
Sophia,rory-spliced-zip-hoodie#Silver,cara-tee-2#Blush,hard,0.010112367541426632
Sophia,rory-spliced-zip-hoodie#Silver,cara-tee-2#WhiteBlk,hard,0.010112367541426632
Georgia,roll-with-me-jumper#Chalk,voyager-stripe-crew#Stripe,hard,0.011764705882352955
Georgia,roll-with-me-jumper#Chalk,makeover-blouse#LimeGreen,hard,0.011764705882352955
Riina,the-check-pullover#PinkCheck,voyager-stripe-crew#Stripe,hard,0.022857142857142854
Riina,the-check-pullover#PinkCheck,makeover-blouse#LimeGreen,hard,0.022857142857142854
Nadine,variegated-rib-knit#Silver,makeover-blouse#LimeGreen,hard,0.004790419161676662
Nadine,variegated-rib-knit#Silver,pure-merino-fine-rib-v-neck#Charcoal,hard,0.02127438771274388
Tia,the-cross-over-blouse#RoyalBlue,the-panel-luxe-top#BlkWhite,hard,0.014767454441367485
Tia,the-cross-over-blouse#RoyalBlue,the-panel-luxe-top#SilvWhite,hard,0.014767454441367485
Natalie,sugar-snaps-layers-tank#White,natural-textured-poncho#Deeprain,hard,0.0222222222222222
Natalie,sugar-snaps-layers-tank#White,voyager-stripe-crew#Stripe,hard,0.03333333333333338
Amanda,the-zip-front-top#Blue,natural-textured-poncho#Deeprain,hard,0.026966292134831427
Amanda,the-zip-front-top#Blue,voyager-stripe-crew#Stripe,hard,0.02921348314606742
Katie,fern-print-top#Navy,voyager-stripe-crew#Stripe,hard,0.020689655172413834
Katie,fern-print-top#Navy,makeover-blouse#LimeGreen,hard,0.020689655172413834
Olivia,the-sleeveless-cross-over-blouse#Cobalt,natural-textured-poncho#Deeprain,hard,0.026966292134831427
Olivia,the-sleeveless-cross-over-blouse#Cobalt,voyager-stripe-crew#Stripe,hard,0.02921348314606742
Fiona,the-textured-spot-top#Pink,natural-textured-poncho#Deeprain,hard,0.0198895027624309
Fiona,the-textured-spot-top#Pink,wonderland-blouse#Ink,hard,0.029034976521913555
Laura,belle-v-neck-forgiver-tunic#Black,cara-tee-2#Blush,hard,0.009805425338985667
Laura,belle-v-neck-forgiver-tunic#Black,cara-tee-2#WhiteBlk,hard,0.009805425338985667
Natalia,cherrington-top#GreyRose,voyager-stripe-crew#Stripe,hard,0.011764705882352955
Natalia,cherrington-top#GreyRose,makeover-blouse#LimeGreen,hard,0.011764705882352955
Stacey,llama-long-sleeve-shirt#Mustard,makeover-blouse#LimeGreen,hard,0.009467455621301801
Stacey,llama-long-sleeve-shirt#Mustard,cara-tee-2#Blush,hard,0.04007527669805984
Jess,cross-my-heart-sweater#Regal,cara-tee-2#Blush,hard,0.02465728715728717
Jess,cross-my-heart-sweater#Regal,cara-tee-2#WhiteBlk,hard,0.02465728715728717
Mae-Lee,the-relaxed-long-sleeve-tee#Pink,side-buttoned-sweater#Buttoned,hard,0.0066981036406044
Mae-Lee,the-relaxed-long-sleeve-tee#Pink,voyager-stripe-crew#Stripe,hard,0.01849710982658964
Jess,the-printed-v-split-top#Natural,cara-tee-2#Blush,hard,0.02465728715728717
Jess,the-printed-v-split-top#Natural,cara-tee-2#WhiteBlk,hard,0.02465728715728717
Chelsea,willow-knot-top#WhiteBlk,voyager-stripe-crew#Stripe,hard,0.027118644067796627
Chelsea,willow-knot-top#WhiteBlk,makeover-blouse#LimeGreen,hard,0.027118644067796627
Sophie,the-twist-hem-jumper#DenimMarle,side-buttoned-sweater#Buttoned,hard,0.0011363636363636576
Sophie,the-twist-hem-jumper#DenimMarle,the-tie-front-top#Navy,hard,0.017934149184149185
Shadae,fundamental-vee-tee#White,voyager-stripe-crew#Stripe,hard,0.027118644067796627
Shadae,fundamental-vee-tee#White,makeover-blouse#LimeGreen,hard,0.027118644067796627
Laura,the-zip-front-top#Rose,cara-tee-2#Blush,hard,0.009805425338985667
Laura,the-zip-front-top#Rose,cara-tee-2#WhiteBlk,hard,0.009805425338985667
Georgia,softly-swinging-bamboo-tee#TeaRose,voyager-stripe-crew#Stripe,hard,0.011764705882352955
Georgia,softly-swinging-bamboo-tee#TeaRose,makeover-blouse#LimeGreen,hard,0.011764705882352955
Palatina,batty-about-you-cotton-tee#BlkWhite,cara-tee-2#Blush,hard,0.02436008474699353
Palatina,batty-about-you-cotton-tee#BlkWhite,cara-tee-2#WhiteBlk,hard,0.02436008474699353
Amanda,the-contrast-trim-knit#BlackWhite,natural-textured-poncho#Deeprain,hard,0.026966292134831427
Amanda,the-contrast-trim-knit#BlackWhite,voyager-stripe-crew#Stripe,hard,0.02921348314606742
Fiona,the-zip-front-top#Blue,natural-textured-poncho#Deeprain,hard,0.0198895027624309
Fiona,the-zip-front-top#Blue,wonderland-blouse#Ink,hard,0.029034976521913555
Mae-Lee,layer-top-1#Navy,side-buttoned-sweater#Buttoned,hard,0.0066981036406044
Mae-Lee,layer-top-1#Navy,voyager-stripe-crew#Stripe,hard,0.01849710982658964
Maddy,the-cotton-bamboo-tee#White,natural-textured-poncho#Deeprain,hard,0.026966292134831427
Maddy,the-cotton-bamboo-tee#White,voyager-stripe-crew#Stripe,hard,0.02921348314606742
Riina,the-reverse-sleeve-sweater#Navy,voyager-stripe-crew#Stripe,hard,0.022857142857142854
Riina,the-reverse-sleeve-sweater#Navy,makeover-blouse#LimeGreen,hard,0.022857142857142854
Jess,ines-top#NavyStrip,cara-tee-2#Blush,hard,0.02465728715728717
Jess,ines-top#NavyStrip,cara-tee-2#WhiteBlk,hard,0.02465728715728717
Riina,the-bell-sleeve-top#BlkStripe,voyager-stripe-crew#Stripe,hard,0.022857142857142854
Riina,the-bell-sleeve-top#BlkStripe,makeover-blouse#LimeGreen,hard,0.022857142857142854
Laura,falling-for-you-cardi#Mustard,cara-tee-2#Blush,hard,0.009805425338985667
Laura,falling-for-you-cardi#Mustard,cara-tee-2#WhiteBlk,hard,0.009805425338985667
Kate,the-batwing-tee#Stone,natural-textured-poncho#Deeprain,hard,0.0222222222222222
Kate,the-batwing-tee#Stone,animal-button-up-shirt#KhakiPrint,hard,0.024927577868754342
Fiona,spot-layered-tee#Blue,natural-textured-poncho#Deeprain,hard,0.0198895027624309
Fiona,spot-layered-tee#Blue,wonderland-blouse#Ink,hard,0.029034976521913555
Clementine,the-cross-over-blouse#White,voyager-stripe-crew#Stripe,hard,0.022857142857142854
Clementine,the-cross-over-blouse#White,makeover-blouse#LimeGreen,hard,0.022857142857142854
Emma,sugar-snaps-layers-tank#Blue,voyager-stripe-crew#Stripe,hard,0.020689655172413834
Emma,sugar-snaps-layers-tank#Blue,makeover-blouse#LimeGreen,hard,0.020689655172413834
Jess,suri-bell-sleeve-top#GreyMarle,cara-tee-2#Blush,hard,0.02465728715728717
Jess,suri-bell-sleeve-top#GreyMarle,cara-tee-2#WhiteBlk,hard,0.02465728715728717
Natalie,layered-tee-2#Black,natural-textured-poncho#Deeprain,hard,0.0222222222222222
Natalie,layered-tee-2#Black,voyager-stripe-crew#Stripe,hard,0.03333333333333338
Nadine,long-sleeve-ruffle-shirt#Black,makeover-blouse#LimeGreen,hard,0.004790419161676662
Nadine,long-sleeve-ruffle-shirt#Black,pure-merino-fine-rib-v-neck#Charcoal,hard,0.02127438771274388
Fiona,belle-v-neck-forgiver-tunic#Charcoal,natural-textured-poncho#Deeprain,hard,0.0198895027624309
Fiona,belle-v-neck-forgiver-tunic#Charcoal,wonderland-blouse#Ink,hard,0.029034976521913555
Laura,rory-spliced-zip-hoodie#Slate,cara-tee-2#Blush,hard,0.009805425338985667
Laura,rory-spliced-zip-hoodie#Slate,cara-tee-2#WhiteBlk,hard,0.009805425338985667
Lauren,natural-textured-poncho#Deeprain,side-buttoned-sweater#Buttoned,hard,0.010019841269841278
Lauren,natural-textured-poncho#Deeprain,voyager-stripe-crew#Stripe,hard,0.03333333333333338
Anna Maria,falling-for-you-cardi#Teal,natural-textured-poncho#Deeprain,hard,0.024581005586592153
Anna Maria,falling-for-you-cardi#Teal,voyager-stripe-crew#Stripe,hard,0.03128491620111734
Stacey,ashbury-cardigan#Mocha,makeover-blouse#LimeGreen,hard,0.009467455621301801
Stacey,ashbury-cardigan#Mocha,cara-tee-2#Blush,hard,0.04007527669805984
Emma,sugar-snaps-layers-tank#DeepCobalt,voyager-stripe-crew#Stripe,hard,0.020689655172413834
Emma,sugar-snaps-layers-tank#DeepCobalt,makeover-blouse#LimeGreen,hard,0.020689655172413834
Riina,the-contrast-knit-1#Sage,voyager-stripe-crew#Stripe,hard,0.022857142857142854
Riina,the-contrast-knit-1#Sage,makeover-blouse#LimeGreen,hard,0.022857142857142854
Mae-Lee,the-cut-out-shoulder-blouse#Black,side-buttoned-sweater#Buttoned,hard,0.0066981036406044
Mae-Lee,the-cut-out-shoulder-blouse#Black,voyager-stripe-crew#Stripe,hard,0.01849710982658964
Sophia,printed-v-neck-blouse#NavyWhite,cara-tee-2#Blush,hard,0.010112367541426632
Sophia,printed-v-neck-blouse#NavyWhite,cara-tee-2#WhiteBlk,hard,0.010112367541426632
Mae-Lee,the-stripe-tank-1#Hazelnut,side-buttoned-sweater#Buttoned,hard,0.0066981036406044
Mae-Lee,the-stripe-tank-1#Hazelnut,voyager-stripe-crew#Stripe,hard,0.01849710982658964
Summer,napoleon-top-1#NemoRed,voyager-stripe-crew#Stripe,hard,0.025000000000000022
Summer,napoleon-top-1#NemoRed,natural-textured-poncho#Deeprain,hard,0.0318181818181818
Perrie,high-street-knit#NavyStripe,natural-textured-poncho#Deeprain,hard,0.024581005586592153
Perrie,high-street-knit#NavyStripe,voyager-stripe-crew#Stripe,hard,0.03128491620111734
Summer,fundamental-vee-tee#GreyMarle,voyager-stripe-crew#Stripe,hard,0.025000000000000022
Summer,fundamental-vee-tee#GreyMarle,natural-textured-poncho#Deeprain,hard,0.0318181818181818
Mae-Lee,the-sleeveless-cross-over-blouse#Cobalt,side-buttoned-sweater#Buttoned,hard,0.0066981036406044
Mae-Lee,the-sleeveless-cross-over-blouse#Cobalt,voyager-stripe-crew#Stripe,hard,0.01849710982658964
Georgia,long-sleeve-softly-swinging-bamboo-tee#Copper,voyager-stripe-crew#Stripe,hard,0.011764705882352955
Georgia,long-sleeve-softly-swinging-bamboo-tee#Copper,makeover-blouse#LimeGreen,hard,0.011764705882352955
Summer,rib-tank-2#Black,voyager-stripe-crew#Stripe,hard,0.025000000000000022
Summer,rib-tank-2#Black,natural-textured-poncho#Deeprain,hard,0.0318181818181818
Jess,belle-half-sleeve-boat-tee#White,cara-tee-2#Blush,hard,0.02465728715728717
Jess,belle-half-sleeve-boat-tee#White,cara-tee-2#WhiteBlk,hard,0.02465728715728717
Alex,lola-bell-sleeve-top-entangled-vines#Gold,voyager-stripe-crew#Stripe,hard,0.020689655172413834
Alex,lola-bell-sleeve-top-entangled-vines#Gold,makeover-blouse#LimeGreen,hard,0.020689655172413834
Mae-Lee,the-batwing-tee#Sea,side-buttoned-sweater#Buttoned,hard,0.0066981036406044
Mae-Lee,the-batwing-tee#Sea,voyager-stripe-crew#Stripe,hard,0.01849710982658964
Laura,the-sleeveless-cross-over-blouse#Mint,cara-tee-2#Blush,hard,0.009805425338985667
Laura,the-sleeveless-cross-over-blouse#Mint,cara-tee-2#WhiteBlk,hard,0.009805425338985667
Anna Maria,the-ruffle-sleeve-top#NavyStripe,natural-textured-poncho#Deeprain,hard,0.024581005586592153
Anna Maria,the-ruffle-sleeve-top#NavyStripe,voyager-stripe-crew#Stripe,hard,0.03128491620111734
Chelsea,cara-tee-2#BlackSpot,voyager-stripe-crew#Stripe,hard,0.027118644067796627
Chelsea,cara-tee-2#BlackSpot,makeover-blouse#LimeGreen,hard,0.027118644067796627
Tia,the-cut-out-shoulder-blouse#Black,the-panel-luxe-top#BlkWhite,hard,0.014767454441367485
Tia,the-cut-out-shoulder-blouse#Black,the-panel-luxe-top#SilvWhite,hard,0.014767454441367485
Palatina,cascade-hood-top#Black,cara-tee-2#Blush,hard,0.02436008474699353
Palatina,cascade-hood-top#Black,cara-tee-2#WhiteBlk,hard,0.02436008474699353
Mae-Lee,the-short-sleeve-wrap-jersey-top#NavyWhite,side-buttoned-sweater#Buttoned,hard,0.0066981036406044
Mae-Lee,the-short-sleeve-wrap-jersey-top#NavyWhite,voyager-stripe-crew#Stripe,hard,0.01849710982658964
Madeline,cara-tee-4#White,voyager-stripe-crew#Stripe,hard,0.03128491620111734
Madeline,cara-tee-4#White,makeover-blouse#LimeGreen,hard,0.03128491620111734
Monique,linen-cotton-shirt#White,voyager-stripe-crew#Stripe,hard,0.022857142857142854
Monique,linen-cotton-shirt#White,makeover-blouse#LimeGreen,hard,0.022857142857142854
Laura,the-cut-out-shoulder-blouse#Silver,cara-tee-2#Blush,hard,0.009805425338985667
Laura,the-cut-out-shoulder-blouse#Silver,cara-tee-2#WhiteBlk,hard,0.009805425338985667
Marnee,the-drape-tee-1#Navy,natural-textured-poncho#Deeprain,hard,0.026966292134831427
Marnee,the-drape-tee-1#Navy,voyager-stripe-crew#Stripe,hard,0.02921348314606742
Nadine,in-transit-cardi#Navy,makeover-blouse#LimeGreen,hard,0.004790419161676662
Nadine,in-transit-cardi#Navy,pure-merino-fine-rib-v-neck#Charcoal,hard,0.02127438771274388
Marnee,sugar-snaps-throw-jacket#Duckegg,natural-textured-poncho#Deeprain,hard,0.026966292134831427
Marnee,sugar-snaps-throw-jacket#Duckegg,voyager-stripe-crew#Stripe,hard,0.02921348314606742
Marnee,butterfly-kisses-tee#Green,natural-textured-poncho#Deeprain,hard,0.026966292134831427
Marnee,butterfly-kisses-tee#Green,voyager-stripe-crew#Stripe,hard,0.02921348314606742
Jess,belle-tie-neck-blouse-tee#RoyalBlue,cara-tee-2#Blush,hard,0.02465728715728717
Jess,belle-tie-neck-blouse-tee#RoyalBlue,cara-tee-2#WhiteBlk,hard,0.02465728715728717
Maddy,the-cotton-bamboo-tee#DustyPink,natural-textured-poncho#Deeprain,hard,0.026966292134831427
Maddy,the-cotton-bamboo-tee#DustyPink,voyager-stripe-crew#Stripe,hard,0.02921348314606742
Amanda,the-cosy-cardigan#Blue,natural-textured-poncho#Deeprain,hard,0.026966292134831427
Amanda,the-cosy-cardigan#Blue,voyager-stripe-crew#Stripe,hard,0.02921348314606742
Palatina,falling-for-you-cardi#Mustard,cara-tee-2#Blush,hard,0.02436008474699353
Palatina,falling-for-you-cardi#Mustard,cara-tee-2#WhiteBlk,hard,0.02436008474699353
Summer,tia-boyfriend-shirt#White,voyager-stripe-crew#Stripe,hard,0.025000000000000022
Summer,tia-boyfriend-shirt#White,natural-textured-poncho#Deeprain,hard,0.0318181818181818
Jess,the-stitch-detail-top#SkyBlue,cara-tee-2#Blush,hard,0.02465728715728717
Jess,the-stitch-detail-top#SkyBlue,cara-tee-2#WhiteBlk,hard,0.02465728715728717
Summer,fundamental-rib-long-sleeve-tee#Black,voyager-stripe-crew#Stripe,hard,0.025000000000000022
Summer,fundamental-rib-long-sleeve-tee#Black,natural-textured-poncho#Deeprain,hard,0.0318181818181818
Chelsea,reversible-stripe-vee-scoop-neck-tank#BlackWhite,voyager-stripe-crew#Stripe,hard,0.027118644067796627
Chelsea,reversible-stripe-vee-scoop-neck-tank#BlackWhite,makeover-blouse#LimeGreen,hard,0.027118644067796627
Fiona,the-panel-luxe-top#SilvWhite,natural-textured-poncho#Deeprain,hard,0.0198895027624309
Fiona,the-panel-luxe-top#SilvWhite,wonderland-blouse#Ink,hard,0.029034976521913555
Fiona,the-panel-luxe-top#BlkWhite,natural-textured-poncho#Deeprain,hard,0.0198895027624309
Fiona,the-panel-luxe-top#BlkWhite,wonderland-blouse#Ink,hard,0.029034976521913555
Jess,long-sleeve-softly-swinging-bamboo-tee#Copper,cara-tee-2#Blush,hard,0.02465728715728717
Jess,long-sleeve-softly-swinging-bamboo-tee#Copper,cara-tee-2#WhiteBlk,hard,0.02465728715728717
Perrie,ditzy-floral-ruffle-blouse#DitzyFlora,natural-textured-poncho#Deeprain,hard,0.024581005586592153
Perrie,ditzy-floral-ruffle-blouse#DitzyFlora,voyager-stripe-crew#Stripe,hard,0.03128491620111734
Alex,the-cotton-bamboo-tee#DustyPink,voyager-stripe-crew#Stripe,hard,0.020689655172413834
Alex,the-cotton-bamboo-tee#DustyPink,makeover-blouse#LimeGreen,hard,0.020689655172413834
Mae-Lee,softly-swinging-bamboo-tee#Cashew,side-buttoned-sweater#Buttoned,hard,0.0066981036406044
Mae-Lee,softly-swinging-bamboo-tee#Cashew,voyager-stripe-crew#Stripe,hard,0.01849710982658964
Emma,printed-tunic-7#RedCheck,voyager-stripe-crew#Stripe,hard,0.020689655172413834
Emma,printed-tunic-7#RedCheck,makeover-blouse#LimeGreen,hard,0.020689655172413834
Emma,the-drape-tee-1#Navy,voyager-stripe-crew#Stripe,hard,0.020689655172413834
Emma,the-drape-tee-1#Navy,makeover-blouse#LimeGreen,hard,0.020689655172413834
Maddy,the-sleeveless-cross-over-blouse#White,natural-textured-poncho#Deeprain,hard,0.026966292134831427
Maddy,the-sleeveless-cross-over-blouse#White,voyager-stripe-crew#Stripe,hard,0.02921348314606742
Riina,the-longline-waterfall-cardi#Black,voyager-stripe-crew#Stripe,hard,0.022857142857142854
Riina,the-longline-waterfall-cardi#Black,makeover-blouse#LimeGreen,hard,0.022857142857142854
Mae-Lee,the-sleeveless-cross-over-blouse#Black,side-buttoned-sweater#Buttoned,hard,0.0066981036406044
Mae-Lee,the-sleeveless-cross-over-blouse#Black,voyager-stripe-crew#Stripe,hard,0.01849710982658964
Natalie,the-wrap-jersey-top#PortSpot,natural-textured-poncho#Deeprain,hard,0.0222222222222222
Natalie,the-wrap-jersey-top#PortSpot,voyager-stripe-crew#Stripe,hard,0.03333333333333338
Maddy,the-everyday-shirt#Cream,natural-textured-poncho#Deeprain,hard,0.026966292134831427
Maddy,the-everyday-shirt#Cream,voyager-stripe-crew#Stripe,hard,0.02921348314606742
Sophie,the-zip-front-blouse#Khaki,side-buttoned-sweater#Buttoned,hard,0.0011363636363636576
Sophie,the-zip-front-blouse#Khaki,the-tie-front-top#Navy,hard,0.017934149184149185
Georgia,softly-swinging-bamboo-tee#Black,voyager-stripe-crew#Stripe,hard,0.011764705882352955
Georgia,softly-swinging-bamboo-tee#Black,makeover-blouse#LimeGreen,hard,0.011764705882352955
Riina,neptune-top-1#PrimBlack,voyager-stripe-crew#Stripe,hard,0.022857142857142854
Riina,neptune-top-1#PrimBlack,makeover-blouse#LimeGreen,hard,0.022857142857142854
Anna Maria,the-belle-sleeve-print-top#NavyPrint,natural-textured-poncho#Deeprain,hard,0.024581005586592153
Anna Maria,the-belle-sleeve-print-top#NavyPrint,voyager-stripe-crew#Stripe,hard,0.03128491620111734
Denniel,the-cut-out-shoulder-blouse#White,natural-textured-poncho#Deeprain,hard,0.026966292134831427
Denniel,the-cut-out-shoulder-blouse#White,voyager-stripe-crew#Stripe,hard,0.02921348314606742
Jess,the-sleeveless-cross-over-blouse#Chambray,cara-tee-2#Blush,hard,0.02465728715728717
Jess,the-sleeveless-cross-over-blouse#Chambray,cara-tee-2#WhiteBlk,hard,0.02465728715728717
Georgia,butterfly-kisses-tee#Stripe,voyager-stripe-crew#Stripe,hard,0.011764705882352955
Georgia,butterfly-kisses-tee#Stripe,makeover-blouse#LimeGreen,hard,0.011764705882352955
Fiona,the-contrast-trim-knit#BlackWhite,natural-textured-poncho#Deeprain,hard,0.0198895027624309
Fiona,the-contrast-trim-knit#BlackWhite,wonderland-blouse#Ink,hard,0.029034976521913555
Emma,rosie-bell-sleeve-denim-shirt#Stripe,voyager-stripe-crew#Stripe,hard,0.020689655172413834
Emma,rosie-bell-sleeve-denim-shirt#Stripe,makeover-blouse#LimeGreen,hard,0.020689655172413834
Marnee,beach-walk-shirt#Stormy,natural-textured-poncho#Deeprain,hard,0.026966292134831427
Marnee,beach-walk-shirt#Stormy,voyager-stripe-crew#Stripe,hard,0.02921348314606742
Kate,runaway-top#JetBlack,natural-textured-poncho#Deeprain,hard,0.0222222222222222
Kate,runaway-top#JetBlack,animal-button-up-shirt#KhakiPrint,hard,0.024927577868754342
Georgia,sunshine-in-me-tee-1#GreyMarle,voyager-stripe-crew#Stripe,hard,0.011764705882352955
Georgia,sunshine-in-me-tee-1#GreyMarle,makeover-blouse#LimeGreen,hard,0.011764705882352955
Marnee,sugar-snaps-layers-tank#White,natural-textured-poncho#Deeprain,hard,0.026966292134831427
Marnee,sugar-snaps-layers-tank#White,voyager-stripe-crew#Stripe,hard,0.02921348314606742
Jess,sailaway-blouse#OxfordBlue,cara-tee-2#Blush,hard,0.02465728715728717
Jess,sailaway-blouse#OxfordBlue,cara-tee-2#WhiteBlk,hard,0.02465728715728717
Jess,lenka-lurex-stripe-blouse#NavyGoldSt,cara-tee-2#Blush,hard,0.02465728715728717
Jess,lenka-lurex-stripe-blouse#NavyGoldSt,cara-tee-2#WhiteBlk,hard,0.02465728715728717
Tia,softly-swinging-bamboo-tee#Jewel,the-panel-luxe-top#BlkWhite,hard,0.014767454441367485
Tia,softly-swinging-bamboo-tee#Jewel,the-panel-luxe-top#SilvWhite,hard,0.014767454441367485
Laura,belle-v-neck-forgiver-tunic#Scarlett,cara-tee-2#Blush,hard,0.009805425338985667
Laura,belle-v-neck-forgiver-tunic#Scarlett,cara-tee-2#WhiteBlk,hard,0.009805425338985667
Ljubenka,belle-flute-sleeve-tee#Navy,the-uneven-hem-knit-1#Sage,hard,0.02003205128205128
Ljubenka,belle-flute-sleeve-tee#Navy,natural-textured-poncho#Deeprain,hard,0.0222222222222222
Sophie,the-define-flute-sleeve-blouse#Black,side-buttoned-sweater#Buttoned,hard,0.0011363636363636576
Sophie,the-define-flute-sleeve-blouse#Black,the-tie-front-top#Navy,hard,0.017934149184149185
Emma,sugar-snaps-layers-tank#Black,voyager-stripe-crew#Stripe,hard,0.020689655172413834
Emma,sugar-snaps-layers-tank#Black,makeover-blouse#LimeGreen,hard,0.020689655172413834
Riina,the-ruffle-sleeve-sweat#KhakiMarle,voyager-stripe-crew#Stripe,hard,0.022857142857142854
Riina,the-ruffle-sleeve-sweat#KhakiMarle,makeover-blouse#LimeGreen,hard,0.022857142857142854
Natalia,marquax-tunic#OnyxSpeck,voyager-stripe-crew#Stripe,hard,0.011764705882352955
Natalia,marquax-tunic#OnyxSpeck,makeover-blouse#LimeGreen,hard,0.011764705882352955
Amanda,the-essential-layering-tee#Ink,natural-textured-poncho#Deeprain,hard,0.026966292134831427
Amanda,the-essential-layering-tee#Ink,voyager-stripe-crew#Stripe,hard,0.02921348314606742
Laura,spot-layered-tee#Blue,cara-tee-2#Blush,hard,0.009805425338985667
Laura,spot-layered-tee#Blue,cara-tee-2#WhiteBlk,hard,0.009805425338985667
Sophie,long-sleeve-softly-swinging-bamboo-tee#TeaRose,side-buttoned-sweater#Buttoned,hard,0.0011363636363636576
Sophie,long-sleeve-softly-swinging-bamboo-tee#TeaRose,the-tie-front-top#Navy,hard,0.017934149184149185
Laura,sugar-snaps-layers-tank#NewBeige,cara-tee-2#Blush,hard,0.009805425338985667
Laura,sugar-snaps-layers-tank#NewBeige,cara-tee-2#WhiteBlk,hard,0.009805425338985667
Emma,striped-sleeve-sweater#Striped,voyager-stripe-crew#Stripe,hard,0.020689655172413834
Emma,striped-sleeve-sweater#Striped,makeover-blouse#LimeGreen,hard,0.020689655172413834
Jude,curve-hem-cable-knit-sweater-1#Sapphire,voyager-stripe-crew#Stripe,hard,0.022857142857142854
Jude,curve-hem-cable-knit-sweater-1#Sapphire,makeover-blouse#LimeGreen,hard,0.022857142857142854
Laura,softly-swinging-bamboo-singlet#BlueJean,cara-tee-2#Blush,hard,0.009805425338985667
Laura,softly-swinging-bamboo-singlet#BlueJean,cara-tee-2#WhiteBlk,hard,0.009805425338985667
Laura,sugar-snaps-layers-tank#DeepCobalt,cara-tee-2#Blush,hard,0.009805425338985667
Laura,sugar-snaps-layers-tank#DeepCobalt,cara-tee-2#WhiteBlk,hard,0.009805425338985667
Anna,milan-stretch-top#NavyWhtStr,voyager-stripe-crew#Stripe,hard,0.022857142857142854
Anna,milan-stretch-top#NavyWhtStr,makeover-blouse#LimeGreen,hard,0.022857142857142854
Anna,the-short-sleeve-wrap-jersey-top#Emerald,voyager-stripe-crew#Stripe,hard,0.022857142857142854
Anna,the-short-sleeve-wrap-jersey-top#Emerald,makeover-blouse#LimeGreen,hard,0.022857142857142854
Ljubenka,the-cross-over-blouse#White,the-uneven-hem-knit-1#Sage,hard,0.02003205128205128
Ljubenka,the-cross-over-blouse#White,natural-textured-poncho#Deeprain,hard,0.0222222222222222
Mae-Lee,long-sleeve-softly-swinging-bamboo-tee#SilverScon,side-buttoned-sweater#Buttoned,hard,0.0066981036406044
Mae-Lee,long-sleeve-softly-swinging-bamboo-tee#SilverScon,voyager-stripe-crew#Stripe,hard,0.01849710982658964
Stacey,foil-spot-jumper#SilverDot,makeover-blouse#LimeGreen,hard,0.009467455621301801
Stacey,foil-spot-jumper#SilverDot,cara-tee-2#Blush,hard,0.04007527669805984
Jess,falling-for-you-cardi#GreyMarle,cara-tee-2#Blush,hard,0.02465728715728717
Jess,falling-for-you-cardi#GreyMarle,cara-tee-2#WhiteBlk,hard,0.02465728715728717
Emma,long-sleeve-softly-swinging-bamboo-tee#Smoke,voyager-stripe-crew#Stripe,hard,0.020689655172413834
Emma,long-sleeve-softly-swinging-bamboo-tee#Smoke,makeover-blouse#LimeGreen,hard,0.020689655172413834
Tia,dahlia-lace-trim-blouse#Dusk,the-panel-luxe-top#BlkWhite,hard,0.014767454441367485
Tia,dahlia-lace-trim-blouse#Dusk,the-panel-luxe-top#SilvWhite,hard,0.014767454441367485
Maddy,the-short-sleeve-wrap-jersey-top#Emerald,natural-textured-poncho#Deeprain,hard,0.026966292134831427
Maddy,the-short-sleeve-wrap-jersey-top#Emerald,voyager-stripe-crew#Stripe,hard,0.02921348314606742
Jess,sunshine-in-me-tee-1#White,cara-tee-2#Blush,hard,0.02465728715728717
Jess,sunshine-in-me-tee-1#White,cara-tee-2#WhiteBlk,hard,0.02465728715728717
Fiona,the-stripe-jersey-top#Pink,natural-textured-poncho#Deeprain,hard,0.0198895027624309
Fiona,the-stripe-jersey-top#Pink,wonderland-blouse#Ink,hard,0.029034976521913555
Monique,the-cotton-bamboo-tank#DarkNavy,voyager-stripe-crew#Stripe,hard,0.022857142857142854
Monique,the-cotton-bamboo-tank#DarkNavy,makeover-blouse#LimeGreen,hard,0.022857142857142854
Madeline,karmen-top#HighRiskRe,voyager-stripe-crew#Stripe,hard,0.03128491620111734
Madeline,karmen-top#HighRiskRe,makeover-blouse#LimeGreen,hard,0.03128491620111734
Amanda,the-oversize-knit#Ink,natural-textured-poncho#Deeprain,hard,0.026966292134831427
Amanda,the-oversize-knit#Ink,voyager-stripe-crew#Stripe,hard,0.02921348314606742
Laura,milan-stretch-top#White,cara-tee-2#Blush,hard,0.009805425338985667
Laura,milan-stretch-top#White,cara-tee-2#WhiteBlk,hard,0.009805425338985667
Laura,waterfall-cardi-1#Black,cara-tee-2#Blush,hard,0.009805425338985667
Laura,waterfall-cardi-1#Black,cara-tee-2#WhiteBlk,hard,0.009805425338985667
Emma,viola-kimono-radiant-floral#Grey,voyager-stripe-crew#Stripe,hard,0.020689655172413834
Emma,viola-kimono-radiant-floral#Grey,makeover-blouse#LimeGreen,hard,0.020689655172413834
Mae-Lee,falling-for-you-top#Blue,side-buttoned-sweater#Buttoned,hard,0.0066981036406044
Mae-Lee,falling-for-you-top#Blue,voyager-stripe-crew#Stripe,hard,0.01849710982658964
Miranda,the-define-flute-sleeve-blouse#Black,voyager-stripe-crew#Stripe,hard,0.01403508771929829
Miranda,the-define-flute-sleeve-blouse#Black,makeover-blouse#LimeGreen,hard,0.01403508771929829
Gemma,napoleon-top-1#NemoBlue,voyager-stripe-crew#Stripe,hard,0.025000000000000022
Gemma,napoleon-top-1#NemoBlue,makeover-blouse#LimeGreen,hard,0.025000000000000022
Stefania,the-daily-essential-jumper#Grey,voyager-stripe-crew#Stripe,hard,0.016279069767441867
Stefania,the-daily-essential-jumper#Grey,makeover-blouse#LimeGreen,hard,0.016279069767441867
Nadine,frost-cardigan#Mauvewoo,makeover-blouse#LimeGreen,hard,0.004790419161676662
Nadine,frost-cardigan#Mauvewoo,pure-merino-fine-rib-v-neck#Charcoal,hard,0.02127438771274388
Miranda,the-cross-over-printed-blouse#Leopard,voyager-stripe-crew#Stripe,hard,0.01403508771929829
Miranda,the-cross-over-printed-blouse#Leopard,makeover-blouse#LimeGreen,hard,0.01403508771929829
Riina,the-high-low-drape-tee#Grey,voyager-stripe-crew#Stripe,hard,0.022857142857142854
Riina,the-high-low-drape-tee#Grey,makeover-blouse#LimeGreen,hard,0.022857142857142854
Mercy,belle-cowl-swing-sweater#Black,voyager-stripe-crew#Stripe,hard,0.01849710982658964
Mercy,belle-cowl-swing-sweater#Black,makeover-blouse#LimeGreen,hard,0.01849710982658964
Sophie,the-contrast-panel-top#BlkStripe,side-buttoned-sweater#Buttoned,hard,0.0011363636363636576
Sophie,the-contrast-panel-top#BlkStripe,the-tie-front-top#Navy,hard,0.017934149184149185
Riina,the-oversize-knit#Ink,voyager-stripe-crew#Stripe,hard,0.022857142857142854
Riina,the-oversize-knit#Ink,makeover-blouse#LimeGreen,hard,0.022857142857142854
Laura,melbourne-stretch-cardigan#Black,cara-tee-2#Blush,hard,0.009805425338985667
Laura,melbourne-stretch-cardigan#Black,cara-tee-2#WhiteBlk,hard,0.009805425338985667
Chesska,midtown-ruffle-shirt#BoldRed,voyager-stripe-crew#Stripe,hard,0.01849710982658964
Chesska,midtown-ruffle-shirt#BoldRed,makeover-blouse#LimeGreen,hard,0.01849710982658964
Sophia,the-daily-cross-over-top#PinkPrint,cara-tee-2#Blush,hard,0.010112367541426632
Sophia,the-daily-cross-over-top#PinkPrint,cara-tee-2#WhiteBlk,hard,0.010112367541426632
Chelsea,leah-knit-cardigan#Black,voyager-stripe-crew#Stripe,hard,0.027118644067796627
Chelsea,leah-knit-cardigan#Black,makeover-blouse#LimeGreen,hard,0.027118644067796627
Lauren,belle-half-sleeve-boat-tee#White,side-buttoned-sweater#Buttoned,hard,0.010019841269841278
Lauren,belle-half-sleeve-boat-tee#White,voyager-stripe-crew#Stripe,hard,0.03333333333333338
Helen,picnic-top#BlackWhite,voyager-stripe-crew#Stripe,hard,0.026062322946175664
Helen,picnic-top#BlackWhite,makeover-blouse#LimeGreen,hard,0.026062322946175664
Laura,flow-with-me-slouch-top#Brick,cara-tee-2#Blush,hard,0.009805425338985667
Laura,flow-with-me-slouch-top#Brick,cara-tee-2#WhiteBlk,hard,0.009805425338985667
Ljubenka,softly-swinging-bamboo-tee#Black,the-uneven-hem-knit-1#Sage,hard,0.02003205128205128
Ljubenka,softly-swinging-bamboo-tee#Black,natural-textured-poncho#Deeprain,hard,0.0222222222222222
Laura,falling-for-you-cardi#Rust,cara-tee-2#Blush,hard,0.009805425338985667
Laura,falling-for-you-cardi#Rust,cara-tee-2#WhiteBlk,hard,0.009805425338985667
Anna Maria,falling-for-you-cardi#Navy,natural-textured-poncho#Deeprain,hard,0.024581005586592153
Anna Maria,falling-for-you-cardi#Navy,voyager-stripe-crew#Stripe,hard,0.03128491620111734
Nathalie,runaway-top#SoftPink,voyager-stripe-crew#Stripe,hard,0.01403508771929829
Nathalie,runaway-top#SoftPink,makeover-blouse#LimeGreen,hard,0.01403508771929829
Mercy,aztec-cardigan#Orange,voyager-stripe-crew#Stripe,hard,0.01849710982658964
Mercy,aztec-cardigan#Orange,makeover-blouse#LimeGreen,hard,0.01849710982658964
Perrie,the-bamboo-tunic-dress#Khaki,natural-textured-poncho#Deeprain,hard,0.024581005586592153
Perrie,the-bamboo-tunic-dress#Khaki,voyager-stripe-crew#Stripe,hard,0.03128491620111734
Tia,sugar-snaps-layers-tank#Blue,the-panel-luxe-top#BlkWhite,hard,0.014767454441367485
Tia,sugar-snaps-layers-tank#Blue,the-panel-luxe-top#SilvWhite,hard,0.014767454441367485
Nikki,jasmine-singlet#White,natural-textured-poncho#Deeprain,hard,0.026966292134831427
Nikki,jasmine-singlet#White,voyager-stripe-crew#Stripe,hard,0.02921348314606742
Stefania,the-relaxed-batwing-top#Denim%20Blue,voyager-stripe-crew#Stripe,hard,0.016279069767441867
Stefania,the-relaxed-batwing-top#Denim%20Blue,makeover-blouse#LimeGreen,hard,0.016279069767441867
Laura,softly-swinging-bamboo-tee#Starfish,cara-tee-2#Blush,hard,0.009805425338985667
Laura,softly-swinging-bamboo-tee#Starfish,cara-tee-2#WhiteBlk,hard,0.009805425338985667
Mae-Lee,belle-v-neck-forgiver-tunic#ArmyGreen,side-buttoned-sweater#Buttoned,hard,0.0066981036406044
Mae-Lee,belle-v-neck-forgiver-tunic#ArmyGreen,voyager-stripe-crew#Stripe,hard,0.01849710982658964
Tia,sugar-snaps-layers-tank#White,the-panel-luxe-top#BlkWhite,hard,0.014767454441367485
Tia,sugar-snaps-layers-tank#White,the-panel-luxe-top#SilvWhite,hard,0.014767454441367485
Mae-Lee,layered-tee-2#Black,side-buttoned-sweater#Buttoned,hard,0.0066981036406044
Mae-Lee,layered-tee-2#Black,voyager-stripe-crew#Stripe,hard,0.01849710982658964
Tia,sugar-snaps-layers-tank#PeachyKeen,the-panel-luxe-top#BlkWhite,hard,0.014767454441367485
Tia,sugar-snaps-layers-tank#PeachyKeen,the-panel-luxe-top#SilvWhite,hard,0.014767454441367485
Fiona,flow-with-me-slouch-top#Brick,natural-textured-poncho#Deeprain,hard,0.0198895027624309
Fiona,flow-with-me-slouch-top#Brick,wonderland-blouse#Ink,hard,0.029034976521913555
Summer,the-bamboo-tunic-dress#Khaki,voyager-stripe-crew#Stripe,hard,0.025000000000000022
Summer,the-bamboo-tunic-dress#Khaki,natural-textured-poncho#Deeprain,hard,0.0318181818181818
Marnee,the-cotton-bamboo-tank#Moonbeam,natural-textured-poncho#Deeprain,hard,0.026966292134831427
Marnee,the-cotton-bamboo-tank#Moonbeam,voyager-stripe-crew#Stripe,hard,0.02921348314606742
Chelsea,the-cotton-bamboo-ls-top#Black,voyager-stripe-crew#Stripe,hard,0.027118644067796627
Chelsea,the-cotton-bamboo-ls-top#Black,makeover-blouse#LimeGreen,hard,0.027118644067796627
Jess,freya-fringe-blouse#Navy,cara-tee-2#Blush,hard,0.02465728715728717
Jess,freya-fringe-blouse#Navy,cara-tee-2#WhiteBlk,hard,0.02465728715728717
Natalia,the-crossover-button-blouse-1#Ornate,voyager-stripe-crew#Stripe,hard,0.011764705882352955
Natalia,the-crossover-button-blouse-1#Ornate,makeover-blouse#LimeGreen,hard,0.011764705882352955
Alex,the-batwing-tee#Stone,voyager-stripe-crew#Stripe,hard,0.020689655172413834
Alex,the-batwing-tee#Stone,makeover-blouse#LimeGreen,hard,0.020689655172413834
Marnee,moonlight-kisses-bamboo-tee#White,natural-textured-poncho#Deeprain,hard,0.026966292134831427
Marnee,moonlight-kisses-bamboo-tee#White,voyager-stripe-crew#Stripe,hard,0.02921348314606742
Mae-Lee,belle-half-sleeve-forgiver-tunic#BlueBonnet,side-buttoned-sweater#Buttoned,hard,0.0066981036406044
Mae-Lee,belle-half-sleeve-forgiver-tunic#BlueBonnet,voyager-stripe-crew#Stripe,hard,0.01849710982658964
Maddy,pulkari-emb-top#Pulkari,natural-textured-poncho#Deeprain,hard,0.026966292134831427
Maddy,pulkari-emb-top#Pulkari,voyager-stripe-crew#Stripe,hard,0.02921348314606742
Tia,the-everyday-shirt#Midnight,the-panel-luxe-top#BlkWhite,hard,0.014767454441367485
Tia,the-everyday-shirt#Midnight,the-panel-luxe-top#SilvWhite,hard,0.014767454441367485
Ljubenka,belle-half-sleeve-forgiver-tunic#MutedClay,the-uneven-hem-knit-1#Sage,hard,0.02003205128205128
Ljubenka,belle-half-sleeve-forgiver-tunic#MutedClay,natural-textured-poncho#Deeprain,hard,0.0222222222222222
Fiona,the-twist-front-top#Grey,natural-textured-poncho#Deeprain,hard,0.0198895027624309
Fiona,the-twist-front-top#Grey,wonderland-blouse#Ink,hard,0.029034976521913555
Jess,falling-for-you-cardi#Khaki,cara-tee-2#Blush,hard,0.02465728715728717
Jess,falling-for-you-cardi#Khaki,cara-tee-2#WhiteBlk,hard,0.02465728715728717
Rosaline,batty-about-you-cotton-tee#BlkWhite,voyager-stripe-crew#Stripe,hard,0.022857142857142854
Rosaline,batty-about-you-cotton-tee#BlkWhite,makeover-blouse#LimeGreen,hard,0.022857142857142854
Clementine,sugar-snaps-layers-tank#Blue,voyager-stripe-crew#Stripe,hard,0.022857142857142854
Clementine,sugar-snaps-layers-tank#Blue,makeover-blouse#LimeGreen,hard,0.022857142857142854
Stacey,the-panel-hem-top#DenimMarle,makeover-blouse#LimeGreen,hard,0.009467455621301801
Stacey,the-panel-hem-top#DenimMarle,cara-tee-2#Blush,hard,0.04007527669805984
Fiona,sunshine-in-me-tee-1#GreyMarle,natural-textured-poncho#Deeprain,hard,0.0198895027624309
Fiona,sunshine-in-me-tee-1#GreyMarle,wonderland-blouse#Ink,hard,0.029034976521913555
Tia,the-cotton-bamboo-tank#White,the-panel-luxe-top#BlkWhite,hard,0.014767454441367485
Tia,the-cotton-bamboo-tank#White,the-panel-luxe-top#SilvWhite,hard,0.014767454441367485
Clementine,the-everyday-shirt#Pink,voyager-stripe-crew#Stripe,hard,0.022857142857142854
Clementine,the-everyday-shirt#Pink,makeover-blouse#LimeGreen,hard,0.022857142857142854
Gemma,geena-xo-ls-pullover-knit#Allure,voyager-stripe-crew#Stripe,hard,0.025000000000000022
Gemma,geena-xo-ls-pullover-knit#Allure,makeover-blouse#LimeGreen,hard,0.025000000000000022
Fiona,prairie-romance-blouse#Blush,natural-textured-poncho#Deeprain,hard,0.0198895027624309
Fiona,prairie-romance-blouse#Blush,wonderland-blouse#Ink,hard,0.029034976521913555
Sophie,belle-half-sleeve-forgiver-tunic#FlamPink,side-buttoned-sweater#Buttoned,hard,0.0011363636363636576
Sophie,belle-half-sleeve-forgiver-tunic#FlamPink,the-tie-front-top#Navy,hard,0.017934149184149185
Perrie,the-short-sleeve-wrap-jersey-top#Emerald,natural-textured-poncho#Deeprain,hard,0.024581005586592153
Perrie,the-short-sleeve-wrap-jersey-top#Emerald,voyager-stripe-crew#Stripe,hard,0.03128491620111734
Alex,the-cross-over-blouse#Black,voyager-stripe-crew#Stripe,hard,0.020689655172413834
Alex,the-cross-over-blouse#Black,makeover-blouse#LimeGreen,hard,0.020689655172413834
Jess,prairie-romance-blouse#Blush,cara-tee-2#Blush,hard,0.02465728715728717
Jess,prairie-romance-blouse#Blush,cara-tee-2#WhiteBlk,hard,0.02465728715728717
Fiona,falling-for-you-cardi#Rust,natural-textured-poncho#Deeprain,hard,0.0198895027624309
Fiona,falling-for-you-cardi#Rust,wonderland-blouse#Ink,hard,0.029034976521913555
Amanda,the-everyday-shirt#Pink,natural-textured-poncho#Deeprain,hard,0.026966292134831427
Amanda,the-everyday-shirt#Pink,voyager-stripe-crew#Stripe,hard,0.02921348314606742
Sophia,falling-for-you-cardi#Navy,cara-tee-2#Blush,hard,0.010112367541426632
Sophia,falling-for-you-cardi#Navy,cara-tee-2#WhiteBlk,hard,0.010112367541426632
Fiona,long-sleeve-ruffle-shirt#White,natural-textured-poncho#Deeprain,hard,0.0198895027624309
Fiona,long-sleeve-ruffle-shirt#White,wonderland-blouse#Ink,hard,0.029034976521913555
Georgia,soft-and-true-tunic#Pine,voyager-stripe-crew#Stripe,hard,0.011764705882352955
Georgia,soft-and-true-tunic#Pine,makeover-blouse#LimeGreen,hard,0.011764705882352955
Riina,the-zip-front-blouse#Navy,voyager-stripe-crew#Stripe,hard,0.022857142857142854
Riina,the-zip-front-blouse#Navy,makeover-blouse#LimeGreen,hard,0.022857142857142854
Tia,the-cross-over-blouse#Red,the-panel-luxe-top#BlkWhite,hard,0.014767454441367485
Tia,the-cross-over-blouse#Red,the-panel-luxe-top#SilvWhite,hard,0.014767454441367485
Anna Maria,the-bell-sleeve-top#BlkStripe,natural-textured-poncho#Deeprain,hard,0.024581005586592153
Anna Maria,the-bell-sleeve-top#BlkStripe,voyager-stripe-crew#Stripe,hard,0.03128491620111734
Gemma,holly-rib-long-sleeve-tee#Black,voyager-stripe-crew#Stripe,hard,0.025000000000000022
Gemma,holly-rib-long-sleeve-tee#Black,makeover-blouse#LimeGreen,hard,0.025000000000000022
Nathalie,the-wrap-jersey-top#JetBlack,voyager-stripe-crew#Stripe,hard,0.01403508771929829
Nathalie,the-wrap-jersey-top#JetBlack,makeover-blouse#LimeGreen,hard,0.01403508771929829
Tia,gloria-applique-crew#Charcoal,the-panel-luxe-top#BlkWhite,hard,0.014767454441367485
Tia,gloria-applique-crew#Charcoal,the-panel-luxe-top#SilvWhite,hard,0.014767454441367485
Natalia,falling-for-you-tunic#Rust,voyager-stripe-crew#Stripe,hard,0.011764705882352955
Natalia,falling-for-you-tunic#Rust,makeover-blouse#LimeGreen,hard,0.011764705882352955
Fiona,the-dobby-sleeve-tee#InkBlue,natural-textured-poncho#Deeprain,hard,0.0198895027624309
Fiona,the-dobby-sleeve-tee#InkBlue,wonderland-blouse#Ink,hard,0.029034976521913555
Stefania,the-contrast-knit-1#Sage,voyager-stripe-crew#Stripe,hard,0.016279069767441867
Stefania,the-contrast-knit-1#Sage,makeover-blouse#LimeGreen,hard,0.016279069767441867
Jude,falling-for-you-cardi#GreyMarle,voyager-stripe-crew#Stripe,hard,0.022857142857142854
Jude,falling-for-you-cardi#GreyMarle,makeover-blouse#LimeGreen,hard,0.022857142857142854
Tia,capri-tank-3#White,the-panel-luxe-top#BlkWhite,hard,0.014767454441367485
Tia,capri-tank-3#White,the-panel-luxe-top#SilvWhite,hard,0.014767454441367485
Emma,block-vest#Blockvest,voyager-stripe-crew#Stripe,hard,0.020689655172413834
Emma,block-vest#Blockvest,makeover-blouse#LimeGreen,hard,0.020689655172413834
Katie,sequin-star-tee#Navy,voyager-stripe-crew#Stripe,hard,0.020689655172413834
Katie,sequin-star-tee#Navy,makeover-blouse#LimeGreen,hard,0.020689655172413834
Stacey,the-bell-sleeve-top#Grey,makeover-blouse#LimeGreen,hard,0.009467455621301801
Stacey,the-bell-sleeve-top#Grey,cara-tee-2#Blush,hard,0.04007527669805984
Laura,stripe-me-happy-blouse#Ash,cara-tee-2#Blush,hard,0.009805425338985667
Laura,stripe-me-happy-blouse#Ash,cara-tee-2#WhiteBlk,hard,0.009805425338985667
Amanda,the-fleck-roll-neck-knit#Oatmeal,natural-textured-poncho#Deeprain,hard,0.026966292134831427
Amanda,the-fleck-roll-neck-knit#Oatmeal,voyager-stripe-crew#Stripe,hard,0.02921348314606742
Fiona,the-essential-pullover#SkyBlue,natural-textured-poncho#Deeprain,hard,0.0198895027624309
Fiona,the-essential-pullover#SkyBlue,wonderland-blouse#Ink,hard,0.029034976521913555
Fiona,the-weekender-shirt#GreyStripe,natural-textured-poncho#Deeprain,hard,0.0198895027624309
Fiona,the-weekender-shirt#GreyStripe,wonderland-blouse#Ink,hard,0.029034976521913555
Laura,the-tie-front-top#Navy,cara-tee-2#Blush,hard,0.009805425338985667
Laura,the-tie-front-top#Navy,cara-tee-2#WhiteBlk,hard,0.009805425338985667
Mae-Lee,long-sleeve-softly-swinging-bamboo-tee#Storm,side-buttoned-sweater#Buttoned,hard,0.0066981036406044
Mae-Lee,long-sleeve-softly-swinging-bamboo-tee#Storm,voyager-stripe-crew#Stripe,hard,0.01849710982658964
Mae-Lee,butterfly-kisses-tee#Green,side-buttoned-sweater#Buttoned,hard,0.0066981036406044
Mae-Lee,butterfly-kisses-tee#Green,voyager-stripe-crew#Stripe,hard,0.01849710982658964
Mae-Lee,the-cut-out-shoulder-blouse#White,side-buttoned-sweater#Buttoned,hard,0.0066981036406044
Mae-Lee,the-cut-out-shoulder-blouse#White,voyager-stripe-crew#Stripe,hard,0.01849710982658964
Jess,butterfly-kisses-tee#MustardStr,cara-tee-2#Blush,hard,0.02465728715728717
Jess,butterfly-kisses-tee#MustardStr,cara-tee-2#WhiteBlk,hard,0.02465728715728717
Marnee,beach-walk-shirt#Khaki,natural-textured-poncho#Deeprain,hard,0.026966292134831427
Marnee,beach-walk-shirt#Khaki,voyager-stripe-crew#Stripe,hard,0.02921348314606742
Gemma,ivy-cosy-pullover#Storm,voyager-stripe-crew#Stripe,hard,0.025000000000000022
Gemma,ivy-cosy-pullover#Storm,makeover-blouse#LimeGreen,hard,0.025000000000000022
Katie,spot-layered-tee#Blue,voyager-stripe-crew#Stripe,hard,0.020689655172413834
Katie,spot-layered-tee#Blue,makeover-blouse#LimeGreen,hard,0.020689655172413834
Mercy,belle-ls-free-fall-tee#Airforce,voyager-stripe-crew#Stripe,hard,0.01849710982658964
Mercy,belle-ls-free-fall-tee#Airforce,makeover-blouse#LimeGreen,hard,0.01849710982658964
Jess,karmen-top#HighRiskRe,cara-tee-2#Blush,hard,0.02465728715728717
Jess,karmen-top#HighRiskRe,cara-tee-2#WhiteBlk,hard,0.02465728715728717
Gemma,tab-sleeve-longline-shirt#Navy,voyager-stripe-crew#Stripe,hard,0.025000000000000022
Gemma,tab-sleeve-longline-shirt#Navy,makeover-blouse#LimeGreen,hard,0.025000000000000022
Riina,the-cross-over-poncho#Grey,voyager-stripe-crew#Stripe,hard,0.022857142857142854
Riina,the-cross-over-poncho#Grey,makeover-blouse#LimeGreen,hard,0.022857142857142854
Jess,belle-paint-brush-print-top#PaintPrint,cara-tee-2#Blush,hard,0.02465728715728717
Jess,belle-paint-brush-print-top#PaintPrint,cara-tee-2#WhiteBlk,hard,0.02465728715728717
Sophia,cotton-modal-print-top#PinkNavy,cara-tee-2#Blush,hard,0.010112367541426632
Sophia,cotton-modal-print-top#PinkNavy,cara-tee-2#WhiteBlk,hard,0.010112367541426632
Alex,the-sleeveless-cross-over-blouse#Sunshine,voyager-stripe-crew#Stripe,hard,0.020689655172413834
Alex,the-sleeveless-cross-over-blouse#Sunshine,makeover-blouse#LimeGreen,hard,0.020689655172413834
Jess,long-sleeve-ruffle-shirt#Navy,cara-tee-2#Blush,hard,0.02465728715728717
Jess,long-sleeve-ruffle-shirt#Navy,cara-tee-2#WhiteBlk,hard,0.02465728715728717
Mandy,tia-boyfriend-shirt#White,voyager-stripe-crew#Stripe,hard,0.012499999999999956
Mandy,tia-boyfriend-shirt#White,makeover-blouse#LimeGreen,hard,0.012499999999999956
Marnee,cover-up-slouch-cardi#Alloy,natural-textured-poncho#Deeprain,hard,0.026966292134831427
Marnee,cover-up-slouch-cardi#Alloy,voyager-stripe-crew#Stripe,hard,0.02921348314606742
Riina,the-tie-front-tank#White,voyager-stripe-crew#Stripe,hard,0.022857142857142854
Riina,the-tie-front-tank#White,makeover-blouse#LimeGreen,hard,0.022857142857142854
Katie,ruffle-hem-jersey-top#Pink,voyager-stripe-crew#Stripe,hard,0.020689655172413834
Katie,ruffle-hem-jersey-top#Pink,makeover-blouse#LimeGreen,hard,0.020689655172413834
Mae-Lee,the-button-up-swing-tunic#Wine,side-buttoned-sweater#Buttoned,hard,0.0066981036406044
Mae-Lee,the-button-up-swing-tunic#Wine,voyager-stripe-crew#Stripe,hard,0.01849710982658964
Laura,softly-swinging-bamboo-tee#Cashew,cara-tee-2#Blush,hard,0.009805425338985667
Laura,softly-swinging-bamboo-tee#Cashew,cara-tee-2#WhiteBlk,hard,0.009805425338985667
Sophia,triangle-detail-long-sleeve-tee#Bordeaux,cara-tee-2#Blush,hard,0.010112367541426632
Sophia,triangle-detail-long-sleeve-tee#Bordeaux,cara-tee-2#WhiteBlk,hard,0.010112367541426632
Emma,lola-bell-sleeve-top-ditsy-daisies#Blue,voyager-stripe-crew#Stripe,hard,0.020689655172413834
Emma,lola-bell-sleeve-top-ditsy-daisies#Blue,makeover-blouse#LimeGreen,hard,0.020689655172413834
Laura,the-relaxed-long-sleeve-tee#Pink,cara-tee-2#Blush,hard,0.009805425338985667
Laura,the-relaxed-long-sleeve-tee#Pink,cara-tee-2#WhiteBlk,hard,0.009805425338985667
Stacey,partly-cloudy-knit#Black,makeover-blouse#LimeGreen,hard,0.009467455621301801
Stacey,partly-cloudy-knit#Black,cara-tee-2#Blush,hard,0.04007527669805984
Jess,belle-poncho-sleeved-knit#BlueMarle,cara-tee-2#Blush,hard,0.02465728715728717
Jess,belle-poncho-sleeved-knit#BlueMarle,cara-tee-2#WhiteBlk,hard,0.02465728715728717
Marnee,long-sleeve-softly-swinging-bamboo-tee#Oyster,natural-textured-poncho#Deeprain,hard,0.026966292134831427
Marnee,long-sleeve-softly-swinging-bamboo-tee#Oyster,voyager-stripe-crew#Stripe,hard,0.02921348314606742
Sophia,ava-short-sleeve-linen-tee#Blush,cara-tee-2#Blush,hard,0.010112367541426632
Sophia,ava-short-sleeve-linen-tee#Blush,cara-tee-2#WhiteBlk,hard,0.010112367541426632
Summer,rib-tank-2#Khaki,voyager-stripe-crew#Stripe,hard,0.025000000000000022
Summer,rib-tank-2#Khaki,natural-textured-poncho#Deeprain,hard,0.0318181818181818
Charlotte,natural-detailed-sweater#Tinroof,voyager-stripe-crew#Stripe,hard,0.009467455621301801
Charlotte,natural-detailed-sweater#Tinroof,makeover-blouse#LimeGreen,hard,0.009467455621301801
Shadae,tinker-stripe-knit#NavyWhite,voyager-stripe-crew#Stripe,hard,0.027118644067796627
Shadae,tinker-stripe-knit#NavyWhite,makeover-blouse#LimeGreen,hard,0.027118644067796627
Summer,paradising-buttoned-shirt#Wheat,voyager-stripe-crew#Stripe,hard,0.025000000000000022
Summer,paradising-buttoned-shirt#Wheat,natural-textured-poncho#Deeprain,hard,0.0318181818181818
Tia,midtown-ruffle-shirt#BoldRed,the-panel-luxe-top#BlkWhite,hard,0.014767454441367485
Tia,midtown-ruffle-shirt#BoldRed,the-panel-luxe-top#SilvWhite,hard,0.014767454441367485
Tia,the-drape-tee-1#Navy,the-panel-luxe-top#BlkWhite,hard,0.014767454441367485
Tia,the-drape-tee-1#Navy,the-panel-luxe-top#SilvWhite,hard,0.014767454441367485
Mae-Lee,butterfly-kisses-tee#MustardStr,side-buttoned-sweater#Buttoned,hard,0.0066981036406044
Mae-Lee,butterfly-kisses-tee#MustardStr,voyager-stripe-crew#Stripe,hard,0.01849710982658964
Amanda,the-printed-v-neck-tee#White,natural-textured-poncho#Deeprain,hard,0.026966292134831427
Amanda,the-printed-v-neck-tee#White,voyager-stripe-crew#Stripe,hard,0.02921348314606742
Marnee,softly-swinging-bamboo-tee#Starfish,natural-textured-poncho#Deeprain,hard,0.026966292134831427
Marnee,softly-swinging-bamboo-tee#Starfish,voyager-stripe-crew#Stripe,hard,0.02921348314606742
Perrie,boho-embroidered-top#BohoDenim,natural-textured-poncho#Deeprain,hard,0.024581005586592153
Perrie,boho-embroidered-top#BohoDenim,voyager-stripe-crew#Stripe,hard,0.03128491620111734
Denniel,the-cotton-bamboo-tee#DuckEgg,natural-textured-poncho#Deeprain,hard,0.026966292134831427
Denniel,the-cotton-bamboo-tee#DuckEgg,voyager-stripe-crew#Stripe,hard,0.02921348314606742
Kate,the-sleeveless-cross-over-blouse#Cobalt,natural-textured-poncho#Deeprain,hard,0.0222222222222222
Kate,the-sleeveless-cross-over-blouse#Cobalt,animal-button-up-shirt#KhakiPrint,hard,0.024927577868754342
Stacey,the-cotton-cardi#Khaki,makeover-blouse#LimeGreen,hard,0.009467455621301801
Stacey,the-cotton-cardi#Khaki,cara-tee-2#Blush,hard,0.04007527669805984
Fiona,the-roll-neck-sleeveless-top-1#Black,natural-textured-poncho#Deeprain,hard,0.0198895027624309
Fiona,the-roll-neck-sleeveless-top-1#Black,wonderland-blouse#Ink,hard,0.029034976521913555
Natalie,the-wrap-jersey-top#NavyWhite,natural-textured-poncho#Deeprain,hard,0.0222222222222222
Natalie,the-wrap-jersey-top#NavyWhite,voyager-stripe-crew#Stripe,hard,0.03333333333333338
Summer,beloved-stripe-pull-over-hoodie#NavyWhite,voyager-stripe-crew#Stripe,hard,0.025000000000000022
Summer,beloved-stripe-pull-over-hoodie#NavyWhite,natural-textured-poncho#Deeprain,hard,0.0318181818181818
Palatina,falling-for-you-cardi#GreyMarle,cara-tee-2#Blush,hard,0.02436008474699353
Palatina,falling-for-you-cardi#GreyMarle,cara-tee-2#WhiteBlk,hard,0.02436008474699353
Anna,belle-half-sleeve-forgiver-tunic#Apricot,voyager-stripe-crew#Stripe,hard,0.022857142857142854
Anna,belle-half-sleeve-forgiver-tunic#Apricot,makeover-blouse#LimeGreen,hard,0.022857142857142854
Alex,viola-kimono-radiant-floral#Grey,voyager-stripe-crew#Stripe,hard,0.020689655172413834
Alex,viola-kimono-radiant-floral#Grey,makeover-blouse#LimeGreen,hard,0.020689655172413834
Perrie,janet-frill-shirt#White,natural-textured-poncho#Deeprain,hard,0.024581005586592153
Perrie,janet-frill-shirt#White,voyager-stripe-crew#Stripe,hard,0.03128491620111734
Perrie,silver-dot-tie-sleeve-blouse#SilverDotP,natural-textured-poncho#Deeprain,hard,0.024581005586592153
Perrie,silver-dot-tie-sleeve-blouse#SilverDotP,voyager-stripe-crew#Stripe,hard,0.03128491620111734
Monique,the-cotton-bamboo-tank#Moonbeam,voyager-stripe-crew#Stripe,hard,0.022857142857142854
Monique,the-cotton-bamboo-tank#Moonbeam,makeover-blouse#LimeGreen,hard,0.022857142857142854
Fiona,open-plains-kimono-throw-1#Rust,natural-textured-poncho#Deeprain,hard,0.0198895027624309
Fiona,open-plains-kimono-throw-1#Rust,wonderland-blouse#Ink,hard,0.029034976521913555
Stacey,the-oversize-knit#GreyMarle,makeover-blouse#LimeGreen,hard,0.009467455621301801
Stacey,the-oversize-knit#GreyMarle,cara-tee-2#Blush,hard,0.04007527669805984
Marnee,softly-swinging-bamboo-tee#Cashew,natural-textured-poncho#Deeprain,hard,0.026966292134831427
Marnee,softly-swinging-bamboo-tee#Cashew,voyager-stripe-crew#Stripe,hard,0.02921348314606742
Georgia,cooks-shirt#Stripes,voyager-stripe-crew#Stripe,hard,0.011764705882352955
Georgia,cooks-shirt#Stripes,makeover-blouse#LimeGreen,hard,0.011764705882352955
Laura,the-cotton-bamboo-tee#DustyPink,cara-tee-2#Blush,hard,0.009805425338985667
Laura,the-cotton-bamboo-tee#DustyPink,cara-tee-2#WhiteBlk,hard,0.009805425338985667
Gemma,triangle-detail-long-sleeve-tee#Bordeaux,voyager-stripe-crew#Stripe,hard,0.025000000000000022
Gemma,triangle-detail-long-sleeve-tee#Bordeaux,makeover-blouse#LimeGreen,hard,0.025000000000000022
Jess,crossing-the-plains-sweater-1#Indigo,cara-tee-2#Blush,hard,0.02465728715728717
Jess,crossing-the-plains-sweater-1#Indigo,cara-tee-2#WhiteBlk,hard,0.02465728715728717
Fiona,long-sleeve-softly-swinging-bamboo-tee#Storm,natural-textured-poncho#Deeprain,hard,0.0198895027624309
Fiona,long-sleeve-softly-swinging-bamboo-tee#Storm,wonderland-blouse#Ink,hard,0.029034976521913555
Fiona,the-stitch-v-neck-knit#PinkMarle,natural-textured-poncho#Deeprain,hard,0.0198895027624309
Fiona,the-stitch-v-neck-knit#PinkMarle,wonderland-blouse#Ink,hard,0.029034976521913555
Summer,aida-long-tunic-shirt#AidaStripe,voyager-stripe-crew#Stripe,hard,0.025000000000000022
Summer,aida-long-tunic-shirt#AidaStripe,natural-textured-poncho#Deeprain,hard,0.0318181818181818
Ljubenka,belle-v-neck-forgiver-tunic#Navy,the-uneven-hem-knit-1#Sage,hard,0.02003205128205128
Ljubenka,belle-v-neck-forgiver-tunic#Navy,natural-textured-poncho#Deeprain,hard,0.0222222222222222
Summer,fundamental-vee-tee#Black,voyager-stripe-crew#Stripe,hard,0.025000000000000022
Summer,fundamental-vee-tee#Black,natural-textured-poncho#Deeprain,hard,0.0318181818181818
Mercy,belle-v-neck-forgiver-tunic#Charcoal,voyager-stripe-crew#Stripe,hard,0.01849710982658964
Mercy,belle-v-neck-forgiver-tunic#Charcoal,makeover-blouse#LimeGreen,hard,0.01849710982658964
Anna,the-cut-out-shoulder-blouse#Salmon,voyager-stripe-crew#Stripe,hard,0.022857142857142854
Anna,the-cut-out-shoulder-blouse#Salmon,makeover-blouse#LimeGreen,hard,0.022857142857142854
Palatina,falling-for-you-cardi#Teal,cara-tee-2#Blush,hard,0.02436008474699353
Palatina,falling-for-you-cardi#Teal,cara-tee-2#WhiteBlk,hard,0.02436008474699353
Laura,the-cotton-bamboo-ls-top#NavyStripe,cara-tee-2#Blush,hard,0.009805425338985667
Laura,the-cotton-bamboo-ls-top#NavyStripe,cara-tee-2#WhiteBlk,hard,0.009805425338985667
Jess,layer-me-bamboo-rouched-sleeve-tee#Copper,cara-tee-2#Blush,hard,0.02465728715728717
Jess,layer-me-bamboo-rouched-sleeve-tee#Copper,cara-tee-2#WhiteBlk,hard,0.02465728715728717
Sophia,meredith-78-oversized-pullover-knit#WhiteCapGr,cara-tee-2#Blush,hard,0.010112367541426632
Sophia,meredith-78-oversized-pullover-knit#WhiteCapGr,cara-tee-2#WhiteBlk,hard,0.010112367541426632
Tia,sugar-snaps-layers-tank#NewBeige,the-panel-luxe-top#BlkWhite,hard,0.014767454441367485
Tia,sugar-snaps-layers-tank#NewBeige,the-panel-luxe-top#SilvWhite,hard,0.014767454441367485
Amanda,the-v-split-blouse#Salmon,natural-textured-poncho#Deeprain,hard,0.026966292134831427
Amanda,the-v-split-blouse#Salmon,voyager-stripe-crew#Stripe,hard,0.02921348314606742
Clementine,the-swing-tank-top#Rose,voyager-stripe-crew#Stripe,hard,0.022857142857142854
Clementine,the-swing-tank-top#Rose,makeover-blouse#LimeGreen,hard,0.022857142857142854
Tia,softly-swinging-bamboo-tee#White,the-panel-luxe-top#BlkWhite,hard,0.014767454441367485
Tia,softly-swinging-bamboo-tee#White,the-panel-luxe-top#SilvWhite,hard,0.014767454441367485
Mae-Lee,the-cut-out-shoulder-blouse#Salmon,side-buttoned-sweater#Buttoned,hard,0.0066981036406044
Mae-Lee,the-cut-out-shoulder-blouse#Salmon,voyager-stripe-crew#Stripe,hard,0.01849710982658964
Emma,sugar-snaps-layers-tank#Mint,voyager-stripe-crew#Stripe,hard,0.020689655172413834
Emma,sugar-snaps-layers-tank#Mint,makeover-blouse#LimeGreen,hard,0.020689655172413834
Anna Maria,falling-for-you-cardi#Khaki,natural-textured-poncho#Deeprain,hard,0.024581005586592153
Anna Maria,falling-for-you-cardi#Khaki,voyager-stripe-crew#Stripe,hard,0.03128491620111734
Shadae,capri-tank-6#Olive,voyager-stripe-crew#Stripe,hard,0.027118644067796627
Shadae,capri-tank-6#Olive,makeover-blouse#LimeGreen,hard,0.027118644067796627
Laura,belle-v-neck-forgiver-tunic#Charcoal,cara-tee-2#Blush,hard,0.009805425338985667
Laura,belle-v-neck-forgiver-tunic#Charcoal,cara-tee-2#WhiteBlk,hard,0.009805425338985667
Riina,the-shoulder-tie-top#Navy,voyager-stripe-crew#Stripe,hard,0.022857142857142854
Riina,the-shoulder-tie-top#Navy,makeover-blouse#LimeGreen,hard,0.022857142857142854
Clementine,the-curve-striped-tank#Marine,voyager-stripe-crew#Stripe,hard,0.022857142857142854
Clementine,the-curve-striped-tank#Marine,makeover-blouse#LimeGreen,hard,0.022857142857142854
Emma,contrast-pocket-tunic#Pinkpocket,voyager-stripe-crew#Stripe,hard,0.020689655172413834
Emma,contrast-pocket-tunic#Pinkpocket,makeover-blouse#LimeGreen,hard,0.020689655172413834
Tia,the-everyday-shirt#Cream,the-panel-luxe-top#BlkWhite,hard,0.014767454441367485
Tia,the-everyday-shirt#Cream,the-panel-luxe-top#SilvWhite,hard,0.014767454441367485
Marnee,moonlight-kisses-bamboo-tee#Black,natural-textured-poncho#Deeprain,hard,0.026966292134831427
Marnee,moonlight-kisses-bamboo-tee#Black,voyager-stripe-crew#Stripe,hard,0.02921348314606742
Gemma,kimberly-spliced-top#Zebraprint,voyager-stripe-crew#Stripe,hard,0.025000000000000022
Gemma,kimberly-spliced-top#Zebraprint,makeover-blouse#LimeGreen,hard,0.025000000000000022
Ljubenka,softly-swinging-bamboo-tee#Blush,the-uneven-hem-knit-1#Sage,hard,0.02003205128205128
Ljubenka,softly-swinging-bamboo-tee#Blush,natural-textured-poncho#Deeprain,hard,0.0222222222222222
Emma,belle-v-neck-forgiver-tunic#BlueMarle,voyager-stripe-crew#Stripe,hard,0.020689655172413834
Emma,belle-v-neck-forgiver-tunic#BlueMarle,makeover-blouse#LimeGreen,hard,0.020689655172413834
Kate,sugar-snaps-layers-tank#PeachyKeen,natural-textured-poncho#Deeprain,hard,0.0222222222222222
Kate,sugar-snaps-layers-tank#PeachyKeen,animal-button-up-shirt#KhakiPrint,hard,0.024927577868754342
Laura,the-asymmetrical-tank-top#HotPink,cara-tee-2#Blush,hard,0.009805425338985667
Laura,the-asymmetrical-tank-top#HotPink,cara-tee-2#WhiteBlk,hard,0.009805425338985667
Amanda,the-sleeveless-cross-over-blouse#White,natural-textured-poncho#Deeprain,hard,0.026966292134831427
Amanda,the-sleeveless-cross-over-blouse#White,voyager-stripe-crew#Stripe,hard,0.02921348314606742
Clementine,the-cross-over-blouse#Mint,voyager-stripe-crew#Stripe,hard,0.022857142857142854
Clementine,the-cross-over-blouse#Mint,makeover-blouse#LimeGreen,hard,0.022857142857142854
Jess,wrap-me-up-bamboo-top#Black,cara-tee-2#Blush,hard,0.02465728715728717
Jess,wrap-me-up-bamboo-top#Black,cara-tee-2#WhiteBlk,hard,0.02465728715728717
Tia,suri-bell-sleeve-top#GreyMarle,the-panel-luxe-top#BlkWhite,hard,0.014767454441367485
Tia,suri-bell-sleeve-top#GreyMarle,the-panel-luxe-top#SilvWhite,hard,0.014767454441367485
Laura,belle-v-neck-forgiver-tunic#ArmyGreen,cara-tee-2#Blush,hard,0.009805425338985667
Laura,belle-v-neck-forgiver-tunic#ArmyGreen,cara-tee-2#WhiteBlk,hard,0.009805425338985667
Marnee,hydrangea-kimono#Hydrangea,natural-textured-poncho#Deeprain,hard,0.026966292134831427
Marnee,hydrangea-kimono#Hydrangea,voyager-stripe-crew#Stripe,hard,0.02921348314606742
Riina,the-panel-luxe-top#SilvWhite,voyager-stripe-crew#Stripe,hard,0.022857142857142854
Riina,the-panel-luxe-top#SilvWhite,makeover-blouse#LimeGreen,hard,0.022857142857142854
Summer,st-helens-henley-tee#Sapphire,voyager-stripe-crew#Stripe,hard,0.025000000000000022
Summer,st-helens-henley-tee#Sapphire,natural-textured-poncho#Deeprain,hard,0.0318181818181818
Gemma,moonlight-kisses-bamboo-tee#Combat,voyager-stripe-crew#Stripe,hard,0.025000000000000022
Gemma,moonlight-kisses-bamboo-tee#Combat,makeover-blouse#LimeGreen,hard,0.025000000000000022
Sophie,long-sleeve-softly-swinging-bamboo-tee#Cashew,side-buttoned-sweater#Buttoned,hard,0.0011363636363636576
Sophie,long-sleeve-softly-swinging-bamboo-tee#Cashew,the-tie-front-top#Navy,hard,0.017934149184149185
Jess,natural-crossover-knit-1#Stormcloud,cara-tee-2#Blush,hard,0.02465728715728717
Jess,natural-crossover-knit-1#Stormcloud,cara-tee-2#WhiteBlk,hard,0.02465728715728717
Jude,falling-for-you-cardi#Rust,voyager-stripe-crew#Stripe,hard,0.022857142857142854
Jude,falling-for-you-cardi#Rust,makeover-blouse#LimeGreen,hard,0.022857142857142854
Jude,falling-for-you-cardi#Khaki,voyager-stripe-crew#Stripe,hard,0.022857142857142854
Jude,falling-for-you-cardi#Khaki,makeover-blouse#LimeGreen,hard,0.022857142857142854
Anna,the-cut-out-shoulder-blouse#Clay,voyager-stripe-crew#Stripe,hard,0.022857142857142854
Anna,the-cut-out-shoulder-blouse#Clay,makeover-blouse#LimeGreen,hard,0.022857142857142854
Anna,belle-half-sleeve-forgiver-tunic#White,voyager-stripe-crew#Stripe,hard,0.022857142857142854
Anna,belle-half-sleeve-forgiver-tunic#White,makeover-blouse#LimeGreen,hard,0.022857142857142854
Tia,the-cut-out-shoulder-blouse#Clay,the-panel-luxe-top#BlkWhite,hard,0.014767454441367485
Tia,the-cut-out-shoulder-blouse#Clay,the-panel-luxe-top#SilvWhite,hard,0.014767454441367485
Clementine,the-stripe-crossover-blouse#Bluestripe,voyager-stripe-crew#Stripe,hard,0.022857142857142854
Clementine,the-stripe-crossover-blouse#Bluestripe,makeover-blouse#LimeGreen,hard,0.022857142857142854
Laura,on-safari-blouse#Jewel,cara-tee-2#Blush,hard,0.009805425338985667
Laura,on-safari-blouse#Jewel,cara-tee-2#WhiteBlk,hard,0.009805425338985667
Mae-Lee,the-long-sleeve-scoop-neck-tee#Grey,side-buttoned-sweater#Buttoned,hard,0.0066981036406044
Mae-Lee,the-long-sleeve-scoop-neck-tee#Grey,voyager-stripe-crew#Stripe,hard,0.01849710982658964
Ljubenka,the-drape-tee-1#White,the-uneven-hem-knit-1#Sage,hard,0.02003205128205128
Ljubenka,the-drape-tee-1#White,natural-textured-poncho#Deeprain,hard,0.0222222222222222
Laura,everyday-linen-tunic#BotanicalB,cara-tee-2#Blush,hard,0.009805425338985667
Laura,everyday-linen-tunic#BotanicalB,cara-tee-2#WhiteBlk,hard,0.009805425338985667
Georgia,falling-for-you-top#Blue,voyager-stripe-crew#Stripe,hard,0.011764705882352955
Georgia,falling-for-you-top#Blue,makeover-blouse#LimeGreen,hard,0.011764705882352955
Riina,the-boat-neck-top-1#Ink,voyager-stripe-crew#Stripe,hard,0.022857142857142854
Riina,the-boat-neck-top-1#Ink,makeover-blouse#LimeGreen,hard,0.022857142857142854
Gemma,eco-78-long-cardigan#LightGreyM,voyager-stripe-crew#Stripe,hard,0.025000000000000022
Gemma,eco-78-long-cardigan#LightGreyM,makeover-blouse#LimeGreen,hard,0.025000000000000022
Maddy,the-sleeveless-cross-over-blouse#Cobalt,natural-textured-poncho#Deeprain,hard,0.026966292134831427
Maddy,the-sleeveless-cross-over-blouse#Cobalt,voyager-stripe-crew#Stripe,hard,0.02921348314606742
Gemma,falling-for-you-cardi#Khaki,voyager-stripe-crew#Stripe,hard,0.025000000000000022
Gemma,falling-for-you-cardi#Khaki,makeover-blouse#LimeGreen,hard,0.025000000000000022
Tia,the-cross-over-blouse#Sunshine,the-panel-luxe-top#BlkWhite,hard,0.014767454441367485
Tia,the-cross-over-blouse#Sunshine,the-panel-luxe-top#SilvWhite,hard,0.014767454441367485
Anneliese,paige-top#Black,natural-textured-poncho#Deeprain,hard,0.026966292134831427
Anneliese,paige-top#Black,voyager-stripe-crew#Stripe,hard,0.02921348314606742
Riina,the-high-low-drape-tee#Sage,voyager-stripe-crew#Stripe,hard,0.022857142857142854
Riina,the-high-low-drape-tee#Sage,makeover-blouse#LimeGreen,hard,0.022857142857142854
Sophia,eco-78-long-cardigan#LightGreyM,cara-tee-2#Blush,hard,0.010112367541426632
Sophia,eco-78-long-cardigan#LightGreyM,cara-tee-2#WhiteBlk,hard,0.010112367541426632
Madeline,natural-rolled-neck-tunic#BlueDam,voyager-stripe-crew#Stripe,hard,0.03128491620111734
Madeline,natural-rolled-neck-tunic#BlueDam,makeover-blouse#LimeGreen,hard,0.03128491620111734
Kate,sugar-snaps-layers-tank#DuckEgg,natural-textured-poncho#Deeprain,hard,0.0222222222222222
Kate,sugar-snaps-layers-tank#DuckEgg,animal-button-up-shirt#KhakiPrint,hard,0.024927577868754342
Georgia,long-sleeve-softly-swinging-bamboo-tee#Combat,voyager-stripe-crew#Stripe,hard,0.011764705882352955
Georgia,long-sleeve-softly-swinging-bamboo-tee#Combat,makeover-blouse#LimeGreen,hard,0.011764705882352955
Olivia,sugar-snaps-layers-tank#PeachyKeen,natural-textured-poncho#Deeprain,hard,0.026966292134831427
Olivia,sugar-snaps-layers-tank#PeachyKeen,voyager-stripe-crew#Stripe,hard,0.02921348314606742
Riina,the-double-layer-top#Black,voyager-stripe-crew#Stripe,hard,0.022857142857142854
Riina,the-double-layer-top#Black,makeover-blouse#LimeGreen,hard,0.022857142857142854
Shadae,rib-tank-2#Navy,voyager-stripe-crew#Stripe,hard,0.027118644067796627
Shadae,rib-tank-2#Navy,makeover-blouse#LimeGreen,hard,0.027118644067796627
Summer,marlow-cardigan#Cream,voyager-stripe-crew#Stripe,hard,0.025000000000000022
Summer,marlow-cardigan#Cream,natural-textured-poncho#Deeprain,hard,0.0318181818181818
Gemma,sequin-spot-shirt#Blue,voyager-stripe-crew#Stripe,hard,0.025000000000000022
Gemma,sequin-spot-shirt#Blue,makeover-blouse#LimeGreen,hard,0.025000000000000022
Jess,softly-swinging-bamboo-tee#Storm,cara-tee-2#Blush,hard,0.02465728715728717
Jess,softly-swinging-bamboo-tee#Storm,cara-tee-2#WhiteBlk,hard,0.02465728715728717
Laura,belle-two-in-one-top#Charcoal,cara-tee-2#Blush,hard,0.009805425338985667
Laura,belle-two-in-one-top#Charcoal,cara-tee-2#WhiteBlk,hard,0.009805425338985667
Laura,the-lace-trim-top#Black,cara-tee-2#Blush,hard,0.009805425338985667
Laura,the-lace-trim-top#Black,cara-tee-2#WhiteBlk,hard,0.009805425338985667
Lauren,the-cosy-cardigan#Blue,side-buttoned-sweater#Buttoned,hard,0.010019841269841278
Lauren,the-cosy-cardigan#Blue,voyager-stripe-crew#Stripe,hard,0.03333333333333338
Laura,saba-top-2#Catus,cara-tee-2#Blush,hard,0.009805425338985667
Laura,saba-top-2#Catus,cara-tee-2#WhiteBlk,hard,0.009805425338985667
Laura,the-weekender-shirt#DenimStrip,cara-tee-2#Blush,hard,0.009805425338985667
Laura,the-weekender-shirt#DenimStrip,cara-tee-2#WhiteBlk,hard,0.009805425338985667
Perrie,rosie-bell-sleeve-denim-shirt#Stripe,natural-textured-poncho#Deeprain,hard,0.024581005586592153
Perrie,rosie-bell-sleeve-denim-shirt#Stripe,voyager-stripe-crew#Stripe,hard,0.03128491620111734
Jess,the-side-panel-drape-top#OffWhite,cara-tee-2#Blush,hard,0.02465728715728717
Jess,the-side-panel-drape-top#OffWhite,cara-tee-2#WhiteBlk,hard,0.02465728715728717
Georgia,the-cotton-bamboo-tank#DarkNavy,voyager-stripe-crew#Stripe,hard,0.011764705882352955
Georgia,the-cotton-bamboo-tank#DarkNavy,makeover-blouse#LimeGreen,hard,0.011764705882352955
Stefania,cool-breeze-jumper#Dust,voyager-stripe-crew#Stripe,hard,0.016279069767441867
Stefania,cool-breeze-jumper#Dust,makeover-blouse#LimeGreen,hard,0.016279069767441867
Alex,the-cotton-bamboo-tank#White,voyager-stripe-crew#Stripe,hard,0.020689655172413834
Alex,the-cotton-bamboo-tank#White,makeover-blouse#LimeGreen,hard,0.020689655172413834
Stefania,the-high-low-drape-tee#Grey,voyager-stripe-crew#Stripe,hard,0.016279069767441867
Stefania,the-high-low-drape-tee#Grey,makeover-blouse#LimeGreen,hard,0.016279069767441867
Palatina,on-the-horizon-swing-top-1#Khaki,cara-tee-2#Blush,hard,0.02436008474699353
Palatina,on-the-horizon-swing-top-1#Khaki,cara-tee-2#WhiteBlk,hard,0.02436008474699353
Riina,the-weekender-shirt#DenimStrip,voyager-stripe-crew#Stripe,hard,0.022857142857142854
Riina,the-weekender-shirt#DenimStrip,makeover-blouse#LimeGreen,hard,0.022857142857142854
Fiona,tie-back-bell-sleeve-top-5#Summerbud,natural-textured-poncho#Deeprain,hard,0.0198895027624309
Fiona,tie-back-bell-sleeve-top-5#Summerbud,wonderland-blouse#Ink,hard,0.029034976521913555
Amanda,the-luxe-long-sleeve-tee#GreyMarle,natural-textured-poncho#Deeprain,hard,0.026966292134831427
Amanda,the-luxe-long-sleeve-tee#GreyMarle,voyager-stripe-crew#Stripe,hard,0.02921348314606742
Stefania,the-contrast-trim-knit#BlackWhite,voyager-stripe-crew#Stripe,hard,0.016279069767441867
Stefania,the-contrast-trim-knit#BlackWhite,makeover-blouse#LimeGreen,hard,0.016279069767441867
Lauren,belle-twist-front-tee-1#Black,side-buttoned-sweater#Buttoned,hard,0.010019841269841278
Lauren,belle-twist-front-tee-1#Black,voyager-stripe-crew#Stripe,hard,0.03333333333333338
Natalie,the-long-sleeve-v-neck-tee#Navy,natural-textured-poncho#Deeprain,hard,0.0222222222222222
Natalie,the-long-sleeve-v-neck-tee#Navy,voyager-stripe-crew#Stripe,hard,0.03333333333333338
Laura,belle-half-sleeve-forgiver-tunic#Black,cara-tee-2#Blush,hard,0.009805425338985667
Laura,belle-half-sleeve-forgiver-tunic#Black,cara-tee-2#WhiteBlk,hard,0.009805425338985667
Mae-Lee,belle-polka-dot-blouse#WhiteSpot,side-buttoned-sweater#Buttoned,hard,0.0066981036406044
Mae-Lee,belle-polka-dot-blouse#WhiteSpot,voyager-stripe-crew#Stripe,hard,0.01849710982658964
Ljubenka,sugar-snaps-layers-tank#NewBeige,the-uneven-hem-knit-1#Sage,hard,0.02003205128205128
Ljubenka,sugar-snaps-layers-tank#NewBeige,natural-textured-poncho#Deeprain,hard,0.0222222222222222
Jess,sequin-star-tee#Navy,cara-tee-2#Blush,hard,0.02465728715728717
Jess,sequin-star-tee#Navy,cara-tee-2#WhiteBlk,hard,0.02465728715728717
Chelsea,the-cross-over-poncho#Grey,voyager-stripe-crew#Stripe,hard,0.027118644067796627
Chelsea,the-cross-over-poncho#Grey,makeover-blouse#LimeGreen,hard,0.027118644067796627
Fiona,the-tie-front-tank#Navy,natural-textured-poncho#Deeprain,hard,0.0198895027624309
Fiona,the-tie-front-tank#Navy,wonderland-blouse#Ink,hard,0.029034976521913555
Marnee,the-relaxed-long-sleeve-tee#Black,natural-textured-poncho#Deeprain,hard,0.026966292134831427
Marnee,the-relaxed-long-sleeve-tee#Black,voyager-stripe-crew#Stripe,hard,0.02921348314606742
Marnee,oregon-safari-embroidered-top#White,natural-textured-poncho#Deeprain,hard,0.026966292134831427
Marnee,oregon-safari-embroidered-top#White,voyager-stripe-crew#Stripe,hard,0.02921348314606742
Fiona,falling-for-you-cardi#Black,natural-textured-poncho#Deeprain,hard,0.0198895027624309
Fiona,falling-for-you-cardi#Black,wonderland-blouse#Ink,hard,0.029034976521913555
Fiona,the-cross-over-printed-blouse#Leopard,natural-textured-poncho#Deeprain,hard,0.0198895027624309
Fiona,the-cross-over-printed-blouse#Leopard,wonderland-blouse#Ink,hard,0.029034976521913555
Mae-Lee,sugar-snaps-layers-tank#PeachyKeen,side-buttoned-sweater#Buttoned,hard,0.0066981036406044
Mae-Lee,sugar-snaps-layers-tank#PeachyKeen,voyager-stripe-crew#Stripe,hard,0.01849710982658964
Tia,capri-tank-3#Black,the-panel-luxe-top#BlkWhite,hard,0.014767454441367485
Tia,capri-tank-3#Black,the-panel-luxe-top#SilvWhite,hard,0.014767454441367485
Laura,sugar-snaps-round-neck-layer-tank#DuckEgg,cara-tee-2#Blush,hard,0.009805425338985667
Laura,sugar-snaps-round-neck-layer-tank#DuckEgg,cara-tee-2#WhiteBlk,hard,0.009805425338985667
Chelsea,falling-for-you-cardi#GreyMarle,voyager-stripe-crew#Stripe,hard,0.027118644067796627
Chelsea,falling-for-you-cardi#GreyMarle,makeover-blouse#LimeGreen,hard,0.027118644067796627
Mae-Lee,belle-off-the-shoulder-tee#Stripe,side-buttoned-sweater#Buttoned,hard,0.0066981036406044
Mae-Lee,belle-off-the-shoulder-tee#Stripe,voyager-stripe-crew#Stripe,hard,0.01849710982658964
Clementine,the-everyday-shirt#Black,voyager-stripe-crew#Stripe,hard,0.022857142857142854
Clementine,the-everyday-shirt#Black,makeover-blouse#LimeGreen,hard,0.022857142857142854
Natalia,messina-knit-1#Shiraz,voyager-stripe-crew#Stripe,hard,0.011764705882352955
Natalia,messina-knit-1#Shiraz,makeover-blouse#LimeGreen,hard,0.011764705882352955
Natalia,printed-tunic-7#RedCheck,voyager-stripe-crew#Stripe,hard,0.011764705882352955
Natalia,printed-tunic-7#RedCheck,makeover-blouse#LimeGreen,hard,0.011764705882352955
Maddy,natural-tie-tunic#BlueSky,natural-textured-poncho#Deeprain,hard,0.026966292134831427
Maddy,natural-tie-tunic#BlueSky,voyager-stripe-crew#Stripe,hard,0.02921348314606742
Kate,belle-half-sleeve-forgiver-tunic#Apricot,natural-textured-poncho#Deeprain,hard,0.0222222222222222
Kate,belle-half-sleeve-forgiver-tunic#Apricot,animal-button-up-shirt#KhakiPrint,hard,0.024927577868754342
Jess,the-batwing-tee#FrenchBlue,cara-tee-2#Blush,hard,0.02465728715728717
Jess,the-batwing-tee#FrenchBlue,cara-tee-2#WhiteBlk,hard,0.02465728715728717
Mae-Lee,the-sleeveless-cross-over-blouse#Mint,side-buttoned-sweater#Buttoned,hard,0.0066981036406044
Mae-Lee,the-sleeveless-cross-over-blouse#Mint,voyager-stripe-crew#Stripe,hard,0.01849710982658964
Marnee,sugar-snaps-round-neck-layer-tank#Black,natural-textured-poncho#Deeprain,hard,0.026966292134831427
Marnee,sugar-snaps-round-neck-layer-tank#Black,voyager-stripe-crew#Stripe,hard,0.02921348314606742
Jess,belle-ls-free-fall-tee#Airforce,cara-tee-2#Blush,hard,0.02465728715728717
Jess,belle-ls-free-fall-tee#Airforce,cara-tee-2#WhiteBlk,hard,0.02465728715728717
Marnee,sugar-snaps-layers-tank#Mint,natural-textured-poncho#Deeprain,hard,0.026966292134831427
Marnee,sugar-snaps-layers-tank#Mint,voyager-stripe-crew#Stripe,hard,0.02921348314606742
Anna,the-drape-tee-1#Black,voyager-stripe-crew#Stripe,hard,0.022857142857142854
Anna,the-drape-tee-1#Black,makeover-blouse#LimeGreen,hard,0.022857142857142854
Sophia,the-box-top#Blush,cara-tee-2#Blush,hard,0.010112367541426632
Sophia,the-box-top#Blush,cara-tee-2#WhiteBlk,hard,0.010112367541426632
Nadine,cable-knit-sweater#Camel,makeover-blouse#LimeGreen,hard,0.004790419161676662
Nadine,cable-knit-sweater#Camel,pure-merino-fine-rib-v-neck#Charcoal,hard,0.02127438771274388
Anna,the-relaxed-long-sleeve-tee#Navy,voyager-stripe-crew#Stripe,hard,0.022857142857142854
Anna,the-relaxed-long-sleeve-tee#Navy,makeover-blouse#LimeGreen,hard,0.022857142857142854
Chelsea,falling-for-you-cardi#Dusty,voyager-stripe-crew#Stripe,hard,0.027118644067796627
Chelsea,falling-for-you-cardi#Dusty,makeover-blouse#LimeGreen,hard,0.027118644067796627
Fiona,belle-v-neck-forgiver-tunic#Black,natural-textured-poncho#Deeprain,hard,0.0198895027624309
Fiona,belle-v-neck-forgiver-tunic#Black,wonderland-blouse#Ink,hard,0.029034976521913555
Jess,softly-swinging-bamboo-tee#Cashew,cara-tee-2#Blush,hard,0.02465728715728717
Jess,softly-swinging-bamboo-tee#Cashew,cara-tee-2#WhiteBlk,hard,0.02465728715728717
Summer,nova-lux-solid-v-neck-placket-shirt#CloudDance,voyager-stripe-crew#Stripe,hard,0.025000000000000022
Summer,nova-lux-solid-v-neck-placket-shirt#CloudDance,natural-textured-poncho#Deeprain,hard,0.0318181818181818
Mae-Lee,long-sleeve-softly-swinging-bamboo-tee#Black,side-buttoned-sweater#Buttoned,hard,0.0066981036406044
Mae-Lee,long-sleeve-softly-swinging-bamboo-tee#Black,voyager-stripe-crew#Stripe,hard,0.01849710982658964
Mae-Lee,butterfly-kisses-tee#Stripe,side-buttoned-sweater#Buttoned,hard,0.0066981036406044
Mae-Lee,butterfly-kisses-tee#Stripe,voyager-stripe-crew#Stripe,hard,0.01849710982658964
Sophia,the-contrast-detail-top#Ivory,cara-tee-2#Blush,hard,0.010112367541426632
Sophia,the-contrast-detail-top#Ivory,cara-tee-2#WhiteBlk,hard,0.010112367541426632
Summer,verona-patchwork-top#Patchwork,voyager-stripe-crew#Stripe,hard,0.025000000000000022
Summer,verona-patchwork-top#Patchwork,natural-textured-poncho#Deeprain,hard,0.0318181818181818
Miranda,the-cotton-tie-detail-top#Ivory,voyager-stripe-crew#Stripe,hard,0.01403508771929829
Miranda,the-cotton-tie-detail-top#Ivory,makeover-blouse#LimeGreen,hard,0.01403508771929829
Fiona,stud-trim-long-sleeve-top#Mint,natural-textured-poncho#Deeprain,hard,0.0198895027624309
Fiona,stud-trim-long-sleeve-top#Mint,wonderland-blouse#Ink,hard,0.029034976521913555
Emma,lola-bell-sleeve-top-entangled-vines#Gold,voyager-stripe-crew#Stripe,hard,0.020689655172413834
Emma,lola-bell-sleeve-top-entangled-vines#Gold,makeover-blouse#LimeGreen,hard,0.020689655172413834
Chelsea,the-cotton-cardi#Navy,voyager-stripe-crew#Stripe,hard,0.027118644067796627
Chelsea,the-cotton-cardi#Navy,makeover-blouse#LimeGreen,hard,0.027118644067796627
Riina,the-relaxed-batwing-top#Denim%20Blue,voyager-stripe-crew#Stripe,hard,0.022857142857142854
Riina,the-relaxed-batwing-top#Denim%20Blue,makeover-blouse#LimeGreen,hard,0.022857142857142854
Ljubenka,sugar-snaps-layers-tank#Black,the-uneven-hem-knit-1#Sage,hard,0.02003205128205128
Ljubenka,sugar-snaps-layers-tank#Black,natural-textured-poncho#Deeprain,hard,0.0222222222222222
Mercy,belle-v-neck-forgiver-tunic#BlueMarle,voyager-stripe-crew#Stripe,hard,0.01849710982658964
Mercy,belle-v-neck-forgiver-tunic#BlueMarle,makeover-blouse#LimeGreen,hard,0.01849710982658964
Laura,the-cotton-bamboo-tee#DuckEgg,cara-tee-2#Blush,hard,0.009805425338985667
Laura,the-cotton-bamboo-tee#DuckEgg,cara-tee-2#WhiteBlk,hard,0.009805425338985667
Nathalie,the-everyday-shirt#Midnight,voyager-stripe-crew#Stripe,hard,0.01403508771929829
Nathalie,the-everyday-shirt#Midnight,makeover-blouse#LimeGreen,hard,0.01403508771929829
Amanda,the-sleeveless-cross-over-blouse#Mint,natural-textured-poncho#Deeprain,hard,0.026966292134831427
Amanda,the-sleeveless-cross-over-blouse#Mint,voyager-stripe-crew#Stripe,hard,0.02921348314606742
Riina,selma-top-1#IndoStripe,voyager-stripe-crew#Stripe,hard,0.022857142857142854
Riina,selma-top-1#IndoStripe,makeover-blouse#LimeGreen,hard,0.022857142857142854
Sophia,geena-xo-ls-pullover-knit#Allure,cara-tee-2#Blush,hard,0.010112367541426632
Sophia,geena-xo-ls-pullover-knit#Allure,cara-tee-2#WhiteBlk,hard,0.010112367541426632
Lauren,belle-square-neck-drape-tee#Vanilla,side-buttoned-sweater#Buttoned,hard,0.010019841269841278
Lauren,belle-square-neck-drape-tee#Vanilla,voyager-stripe-crew#Stripe,hard,0.03333333333333338
Jess,blue-waters-cotton-blouse#White,cara-tee-2#Blush,hard,0.02465728715728717
Jess,blue-waters-cotton-blouse#White,cara-tee-2#WhiteBlk,hard,0.02465728715728717
Jess,butterfly-blouse-1#Ivory,cara-tee-2#Blush,hard,0.02465728715728717
Jess,butterfly-blouse-1#Ivory,cara-tee-2#WhiteBlk,hard,0.02465728715728717
Laura,manhattan-stretch-tee#NavyWhtStr,cara-tee-2#Blush,hard,0.009805425338985667
Laura,manhattan-stretch-tee#NavyWhtStr,cara-tee-2#WhiteBlk,hard,0.009805425338985667
Summer,block-sweater#Block,voyager-stripe-crew#Stripe,hard,0.025000000000000022
Summer,block-sweater#Block,natural-textured-poncho#Deeprain,hard,0.0318181818181818
Chelsea,the-drape-tee-1#Black,voyager-stripe-crew#Stripe,hard,0.027118644067796627
Chelsea,the-drape-tee-1#Black,makeover-blouse#LimeGreen,hard,0.027118644067796627
Kate,belle-half-sleeve-forgiver-tunic#Black,natural-textured-poncho#Deeprain,hard,0.0222222222222222
Kate,belle-half-sleeve-forgiver-tunic#Black,animal-button-up-shirt#KhakiPrint,hard,0.024927577868754342
Stefania,snug-as-a-bug-jumper#Smoke,voyager-stripe-crew#Stripe,hard,0.016279069767441867
Stefania,snug-as-a-bug-jumper#Smoke,makeover-blouse#LimeGreen,hard,0.016279069767441867
Jess,belle-v-neck-forgiver-tunic#Charcoal,cara-tee-2#Blush,hard,0.02465728715728717
Jess,belle-v-neck-forgiver-tunic#Charcoal,cara-tee-2#WhiteBlk,hard,0.02465728715728717
Lauren,belle-drape-tee#Black,side-buttoned-sweater#Buttoned,hard,0.010019841269841278
Lauren,belle-drape-tee#Black,voyager-stripe-crew#Stripe,hard,0.03333333333333338
Stacey,endeavor-long-sleeve-tee#Stripe,makeover-blouse#LimeGreen,hard,0.009467455621301801
Stacey,endeavor-long-sleeve-tee#Stripe,cara-tee-2#Blush,hard,0.04007527669805984
Ljubenka,falling-for-you-cardi#Port,the-uneven-hem-knit-1#Sage,hard,0.02003205128205128
Ljubenka,falling-for-you-cardi#Port,natural-textured-poncho#Deeprain,hard,0.0222222222222222
Jess,the-spotted-tunic#NavySpot,cara-tee-2#Blush,hard,0.02465728715728717
Jess,the-spotted-tunic#NavySpot,cara-tee-2#WhiteBlk,hard,0.02465728715728717
Georgia,frill-me-tie-throw-on#WhiteBlk,voyager-stripe-crew#Stripe,hard,0.011764705882352955
Georgia,frill-me-tie-throw-on#WhiteBlk,makeover-blouse#LimeGreen,hard,0.011764705882352955
Emma,hem-frill-stripe-top#Frilled,voyager-stripe-crew#Stripe,hard,0.020689655172413834
Emma,hem-frill-stripe-top#Frilled,makeover-blouse#LimeGreen,hard,0.020689655172413834
Laura,the-lace-trim-top#Ivory,cara-tee-2#Blush,hard,0.009805425338985667
Laura,the-lace-trim-top#Ivory,cara-tee-2#WhiteBlk,hard,0.009805425338985667
Laura,the-everyday-shirt#Pink,cara-tee-2#Blush,hard,0.009805425338985667
Laura,the-everyday-shirt#Pink,cara-tee-2#WhiteBlk,hard,0.009805425338985667
Georgia,softly-swinging-bamboo-tee#Blush,voyager-stripe-crew#Stripe,hard,0.011764705882352955
Georgia,softly-swinging-bamboo-tee#Blush,makeover-blouse#LimeGreen,hard,0.011764705882352955
Madeline,print-tee-3#Boats,voyager-stripe-crew#Stripe,hard,0.03128491620111734
Madeline,print-tee-3#Boats,makeover-blouse#LimeGreen,hard,0.03128491620111734
Laura,the-cotton-bamboo-tank#Moonbeam,cara-tee-2#Blush,hard,0.009805425338985667
Laura,the-cotton-bamboo-tank#Moonbeam,cara-tee-2#WhiteBlk,hard,0.009805425338985667
Tia,capri-tank-3#NavyStripe,the-panel-luxe-top#BlkWhite,hard,0.014767454441367485
Tia,capri-tank-3#NavyStripe,the-panel-luxe-top#SilvWhite,hard,0.014767454441367485
Laura,the-sleeveless-cross-over-blouse#Sunshine,cara-tee-2#Blush,hard,0.009805425338985667
Laura,the-sleeveless-cross-over-blouse#Sunshine,cara-tee-2#WhiteBlk,hard,0.009805425338985667
Jess,softly-swinging-bamboo-tee#Blush,cara-tee-2#Blush,hard,0.02465728715728717
Jess,softly-swinging-bamboo-tee#Blush,cara-tee-2#WhiteBlk,hard,0.02465728715728717
Perrie,the-short-sleeve-wrap-jersey-top#NavyWhite,natural-textured-poncho#Deeprain,hard,0.024581005586592153
Perrie,the-short-sleeve-wrap-jersey-top#NavyWhite,voyager-stripe-crew#Stripe,hard,0.03128491620111734
Anneliese,tracie-top#Black,natural-textured-poncho#Deeprain,hard,0.026966292134831427
Anneliese,tracie-top#Black,voyager-stripe-crew#Stripe,hard,0.02921348314606742
Lauren,the-tie-front-tank#White,side-buttoned-sweater#Buttoned,hard,0.010019841269841278
Lauren,the-tie-front-tank#White,voyager-stripe-crew#Stripe,hard,0.03333333333333338
Jess,the-printed-v-neck-tee#White,cara-tee-2#Blush,hard,0.02465728715728717
Jess,the-printed-v-neck-tee#White,cara-tee-2#WhiteBlk,hard,0.02465728715728717
Natalia,geena-xo-ls-pullover-knit#WhiteCapGr,voyager-stripe-crew#Stripe,hard,0.011764705882352955
Natalia,geena-xo-ls-pullover-knit#WhiteCapGr,makeover-blouse#LimeGreen,hard,0.011764705882352955
Mae-Lee,the-sleeveless-cross-over-blouse#Salmon,side-buttoned-sweater#Buttoned,hard,0.0066981036406044
Mae-Lee,the-sleeveless-cross-over-blouse#Salmon,voyager-stripe-crew#Stripe,hard,0.01849710982658964
Gemma,cara-tee-3#ZebraPrint,voyager-stripe-crew#Stripe,hard,0.025000000000000022
Gemma,cara-tee-3#ZebraPrint,makeover-blouse#LimeGreen,hard,0.025000000000000022
Natalia,the-relaxed-long-sleeve-tee-1#Ink%20Stripe,voyager-stripe-crew#Stripe,hard,0.011764705882352955
Natalia,the-relaxed-long-sleeve-tee-1#Ink%20Stripe,makeover-blouse#LimeGreen,hard,0.011764705882352955
Ljubenka,the-everyday-shirt#Midnight,the-uneven-hem-knit-1#Sage,hard,0.02003205128205128
Ljubenka,the-everyday-shirt#Midnight,natural-textured-poncho#Deeprain,hard,0.0222222222222222
Marnee,chill-out-slouch-top#Mustard,natural-textured-poncho#Deeprain,hard,0.026966292134831427
Marnee,chill-out-slouch-top#Mustard,voyager-stripe-crew#Stripe,hard,0.02921348314606742
Kate,sugar-snaps-layers-tank#Red,natural-textured-poncho#Deeprain,hard,0.0222222222222222
Kate,sugar-snaps-layers-tank#Red,animal-button-up-shirt#KhakiPrint,hard,0.024927577868754342
Marnee,long-sleeve-softly-swinging-bamboo-tee#Black,natural-textured-poncho#Deeprain,hard,0.026966292134831427
Marnee,long-sleeve-softly-swinging-bamboo-tee#Black,voyager-stripe-crew#Stripe,hard,0.02921348314606742
Natalie,the-cut-out-shoulder-blouse#Blue,natural-textured-poncho#Deeprain,hard,0.0222222222222222
Natalie,the-cut-out-shoulder-blouse#Blue,voyager-stripe-crew#Stripe,hard,0.03333333333333338
Fiona,the-wrap-jersey-top-1#NavyStripe,natural-textured-poncho#Deeprain,hard,0.0198895027624309
Fiona,the-wrap-jersey-top-1#NavyStripe,wonderland-blouse#Ink,hard,0.029034976521913555
Lauren,belle-drape-tee#Sliver,side-buttoned-sweater#Buttoned,hard,0.010019841269841278
Lauren,belle-drape-tee#Sliver,voyager-stripe-crew#Stripe,hard,0.03333333333333338
Fiona,the-cosy-cardigan#Blue,natural-textured-poncho#Deeprain,hard,0.0198895027624309
Fiona,the-cosy-cardigan#Blue,wonderland-blouse#Ink,hard,0.029034976521913555
Palatina,falling-for-you-cardi#Dusty,cara-tee-2#Blush,hard,0.02436008474699353
Palatina,falling-for-you-cardi#Dusty,cara-tee-2#WhiteBlk,hard,0.02436008474699353
Georgia,wrap-me-up-bamboo-top#Black,voyager-stripe-crew#Stripe,hard,0.011764705882352955
Georgia,wrap-me-up-bamboo-top#Black,makeover-blouse#LimeGreen,hard,0.011764705882352955
Jess,rika-top#BatikTile,cara-tee-2#Blush,hard,0.02465728715728717
Jess,rika-top#BatikTile,cara-tee-2#WhiteBlk,hard,0.02465728715728717
Perrie,the-short-sleeve-wrap-jersey-top#Blue,natural-textured-poncho#Deeprain,hard,0.024581005586592153
Perrie,the-short-sleeve-wrap-jersey-top#Blue,voyager-stripe-crew#Stripe,hard,0.03128491620111734
Gemma,floral-nehru-print-shirt#Pink,voyager-stripe-crew#Stripe,hard,0.025000000000000022
Gemma,floral-nehru-print-shirt#Pink,makeover-blouse#LimeGreen,hard,0.025000000000000022
Clementine,the-sleeveless-cross-over-blouse#Cobalt,voyager-stripe-crew#Stripe,hard,0.022857142857142854
Clementine,the-sleeveless-cross-over-blouse#Cobalt,makeover-blouse#LimeGreen,hard,0.022857142857142854
Mae-Lee,the-short-sleeve-wrap-jersey-top#Black,side-buttoned-sweater#Buttoned,hard,0.0066981036406044
Mae-Lee,the-short-sleeve-wrap-jersey-top#Black,voyager-stripe-crew#Stripe,hard,0.01849710982658964
Sophie,the-relaxed-long-sleeve-tee#Black,side-buttoned-sweater#Buttoned,hard,0.0011363636363636576
Sophie,the-relaxed-long-sleeve-tee#Black,the-tie-front-top#Navy,hard,0.017934149184149185
Mae-Lee,the-drape-tee-1#Black,side-buttoned-sweater#Buttoned,hard,0.0066981036406044
Mae-Lee,the-drape-tee-1#Black,voyager-stripe-crew#Stripe,hard,0.01849710982658964
Jess,softly-swinging-bamboo-tee#Black,cara-tee-2#Blush,hard,0.02465728715728717
Jess,softly-swinging-bamboo-tee#Black,cara-tee-2#WhiteBlk,hard,0.02465728715728717
Georgia,long-sleeve-softly-swinging-bamboo-tee#Black,voyager-stripe-crew#Stripe,hard,0.011764705882352955
Georgia,long-sleeve-softly-swinging-bamboo-tee#Black,makeover-blouse#LimeGreen,hard,0.011764705882352955
Mae-Lee,the-cross-over-blouse#Black,side-buttoned-sweater#Buttoned,hard,0.0066981036406044
Mae-Lee,the-cross-over-blouse#Black,voyager-stripe-crew#Stripe,hard,0.01849710982658964
Palatina,collared-shirt-1#White,cara-tee-2#Blush,hard,0.02436008474699353
Palatina,collared-shirt-1#White,cara-tee-2#WhiteBlk,hard,0.02436008474699353
Jess,oregon-safari-embroidered-top#White,cara-tee-2#Blush,hard,0.02465728715728717
Jess,oregon-safari-embroidered-top#White,cara-tee-2#WhiteBlk,hard,0.02465728715728717
Monique,the-cotton-bamboo-tank#Chambray,voyager-stripe-crew#Stripe,hard,0.022857142857142854
Monique,the-cotton-bamboo-tank#Chambray,makeover-blouse#LimeGreen,hard,0.022857142857142854
Laura,falling-for-you-cardi#Teal,cara-tee-2#Blush,hard,0.009805425338985667
Laura,falling-for-you-cardi#Teal,cara-tee-2#WhiteBlk,hard,0.009805425338985667
Anna,the-short-sleeve-wrap-jersey-top#Blue,voyager-stripe-crew#Stripe,hard,0.022857142857142854
Anna,the-short-sleeve-wrap-jersey-top#Blue,makeover-blouse#LimeGreen,hard,0.022857142857142854
Georgia,summer-whispers-kimono-1#Peacock,voyager-stripe-crew#Stripe,hard,0.011764705882352955
Georgia,summer-whispers-kimono-1#Peacock,makeover-blouse#LimeGreen,hard,0.011764705882352955
Katie,long-sleeve-ruffle-shirt#Navy,voyager-stripe-crew#Stripe,hard,0.020689655172413834
Katie,long-sleeve-ruffle-shirt#Navy,makeover-blouse#LimeGreen,hard,0.020689655172413834
Jess,natural-textured-poncho#Deeprain,cara-tee-2#Blush,hard,0.02465728715728717
Jess,natural-textured-poncho#Deeprain,cara-tee-2#WhiteBlk,hard,0.02465728715728717
Clementine,sugar-snaps-layers-tank#Black,voyager-stripe-crew#Stripe,hard,0.022857142857142854
Clementine,sugar-snaps-layers-tank#Black,makeover-blouse#LimeGreen,hard,0.022857142857142854
Clementine,the-high-low-drape-tee#Sage,voyager-stripe-crew#Stripe,hard,0.022857142857142854
Clementine,the-high-low-drape-tee#Sage,makeover-blouse#LimeGreen,hard,0.022857142857142854
Laura,the-long-sleeve-v-neck-tee#Navy,cara-tee-2#Blush,hard,0.009805425338985667
Laura,the-long-sleeve-v-neck-tee#Navy,cara-tee-2#WhiteBlk,hard,0.009805425338985667
Alex,the-cross-over-blouse#RoyalBlue,voyager-stripe-crew#Stripe,hard,0.020689655172413834
Alex,the-cross-over-blouse#RoyalBlue,makeover-blouse#LimeGreen,hard,0.020689655172413834
Jess,the-batwing-tee#Stone,cara-tee-2#Blush,hard,0.02465728715728717
Jess,the-batwing-tee#Stone,cara-tee-2#WhiteBlk,hard,0.02465728715728717
Mae-Lee,sugar-snaps-layers-tank#Mint,side-buttoned-sweater#Buttoned,hard,0.0066981036406044
Mae-Lee,sugar-snaps-layers-tank#Mint,voyager-stripe-crew#Stripe,hard,0.01849710982658964
Jess,the-bamboo-tunic-dress#Khaki,cara-tee-2#Blush,hard,0.02465728715728717
Jess,the-bamboo-tunic-dress#Khaki,cara-tee-2#WhiteBlk,hard,0.02465728715728717
Jude,falling-for-you-cardi#Dusty,voyager-stripe-crew#Stripe,hard,0.022857142857142854
Jude,falling-for-you-cardi#Dusty,makeover-blouse#LimeGreen,hard,0.022857142857142854
Laura,maui-stretch-tee#Navy,cara-tee-2#Blush,hard,0.009805425338985667
Laura,maui-stretch-tee#Navy,cara-tee-2#WhiteBlk,hard,0.009805425338985667
Georgia,softly-swinging-bamboo-tee#BlueJeans,voyager-stripe-crew#Stripe,hard,0.011764705882352955
Georgia,softly-swinging-bamboo-tee#BlueJeans,makeover-blouse#LimeGreen,hard,0.011764705882352955
Summer,alberta-stripe-top#IvoryStrip,voyager-stripe-crew#Stripe,hard,0.025000000000000022
Summer,alberta-stripe-top#IvoryStrip,natural-textured-poncho#Deeprain,hard,0.0318181818181818
Charlotte,natural-rolled-neck-tunic#BlueDam,voyager-stripe-crew#Stripe,hard,0.009467455621301801
Charlotte,natural-rolled-neck-tunic#BlueDam,makeover-blouse#LimeGreen,hard,0.009467455621301801
Laura,sugar-snaps-layers-tank#Blue,cara-tee-2#Blush,hard,0.009805425338985667
Laura,sugar-snaps-layers-tank#Blue,cara-tee-2#WhiteBlk,hard,0.009805425338985667
Jess,double-layered-top-1#WBlack,cara-tee-2#Blush,hard,0.02465728715728717
Jess,double-layered-top-1#WBlack,cara-tee-2#WhiteBlk,hard,0.02465728715728717
Stacey,voyager-stripe-crew#Stripe,makeover-blouse#LimeGreen,hard,0.009467455621301801
Stacey,voyager-stripe-crew#Stripe,cara-tee-2#Blush,hard,0.04007527669805984
Mae-Lee,natural-extra-fine-sweater#Snowgum,side-buttoned-sweater#Buttoned,hard,0.0066981036406044
Mae-Lee,natural-extra-fine-sweater#Snowgum,voyager-stripe-crew#Stripe,hard,0.01849710982658964
Ljubenka,belle-v-neck-forgiver-tunic#ArmyGreen,the-uneven-hem-knit-1#Sage,hard,0.02003205128205128
Ljubenka,belle-v-neck-forgiver-tunic#ArmyGreen,natural-textured-poncho#Deeprain,hard,0.0222222222222222
Stacey,floating-by-you-blouse#SeaFleur,makeover-blouse#LimeGreen,hard,0.009467455621301801
Stacey,floating-by-you-blouse#SeaFleur,cara-tee-2#Blush,hard,0.04007527669805984
Laura,forget-me-knot-tunic#ForgetMeK,cara-tee-2#Blush,hard,0.009805425338985667
Laura,forget-me-knot-tunic#ForgetMeK,cara-tee-2#WhiteBlk,hard,0.009805425338985667
Anna,the-long-sleeve-v-neck-tee#Navy,voyager-stripe-crew#Stripe,hard,0.022857142857142854
Anna,the-long-sleeve-v-neck-tee#Navy,makeover-blouse#LimeGreen,hard,0.022857142857142854
Madeline,cara-tee-4#Black,voyager-stripe-crew#Stripe,hard,0.03128491620111734
Madeline,cara-tee-4#Black,makeover-blouse#LimeGreen,hard,0.03128491620111734
Sophia,falling-for-you-cardi#Black,cara-tee-2#Blush,hard,0.010112367541426632
Sophia,falling-for-you-cardi#Black,cara-tee-2#WhiteBlk,hard,0.010112367541426632
Anna,the-cross-over-blouse#Silver,voyager-stripe-crew#Stripe,hard,0.022857142857142854
Anna,the-cross-over-blouse#Silver,makeover-blouse#LimeGreen,hard,0.022857142857142854
Madeline,analia-jersey-top#Black,voyager-stripe-crew#Stripe,hard,0.03128491620111734
Madeline,analia-jersey-top#Black,makeover-blouse#LimeGreen,hard,0.03128491620111734
Shadae,fundamental-stripe-long-sleeve-tee#WhiteBlack,voyager-stripe-crew#Stripe,hard,0.027118644067796627
Shadae,fundamental-stripe-long-sleeve-tee#WhiteBlack,makeover-blouse#LimeGreen,hard,0.027118644067796627
Marnee,softly-swinging-bamboo-tee#Chambray,natural-textured-poncho#Deeprain,hard,0.026966292134831427
Marnee,softly-swinging-bamboo-tee#Chambray,voyager-stripe-crew#Stripe,hard,0.02921348314606742
Laura,the-half-sleeve-tee#Black,cara-tee-2#Blush,hard,0.009805425338985667
Laura,the-half-sleeve-tee#Black,cara-tee-2#WhiteBlk,hard,0.009805425338985667
Gemma,tab-sleeve-longline-shirt#Pink,voyager-stripe-crew#Stripe,hard,0.025000000000000022
Gemma,tab-sleeve-longline-shirt#Pink,makeover-blouse#LimeGreen,hard,0.025000000000000022
Maddy,the-everyday-shirt#Black,natural-textured-poncho#Deeprain,hard,0.026966292134831427
Maddy,the-everyday-shirt#Black,voyager-stripe-crew#Stripe,hard,0.02921348314606742
Jess,softly-falling-bamboo-tunic#White,cara-tee-2#Blush,hard,0.02465728715728717
Jess,softly-falling-bamboo-tunic#White,cara-tee-2#WhiteBlk,hard,0.02465728715728717
Fiona,belle-paint-brush-print-top#PaintPrint,natural-textured-poncho#Deeprain,hard,0.0198895027624309
Fiona,belle-paint-brush-print-top#PaintPrint,wonderland-blouse#Ink,hard,0.029034976521913555
Laura,falling-for-you-cardi#Navy,cara-tee-2#Blush,hard,0.009805425338985667
Laura,falling-for-you-cardi#Navy,cara-tee-2#WhiteBlk,hard,0.009805425338985667
Summer,fundamental-vee-tee#Pink,voyager-stripe-crew#Stripe,hard,0.025000000000000022
Summer,fundamental-vee-tee#Pink,natural-textured-poncho#Deeprain,hard,0.0318181818181818
Riina,the-zip-front-top#Rose,voyager-stripe-crew#Stripe,hard,0.022857142857142854
Riina,the-zip-front-top#Rose,makeover-blouse#LimeGreen,hard,0.022857142857142854
Emma,the-bonded-cotton-shirt#Pink,voyager-stripe-crew#Stripe,hard,0.020689655172413834
Emma,the-bonded-cotton-shirt#Pink,makeover-blouse#LimeGreen,hard,0.020689655172413834
Laura,the-relaxed-long-sleeve-tee#Khaki,cara-tee-2#Blush,hard,0.009805425338985667
Laura,the-relaxed-long-sleeve-tee#Khaki,cara-tee-2#WhiteBlk,hard,0.009805425338985667
Marnee,the-crossover-2-way-blouse#Black,natural-textured-poncho#Deeprain,hard,0.026966292134831427
Marnee,the-crossover-2-way-blouse#Black,voyager-stripe-crew#Stripe,hard,0.02921348314606742
Jess,the-crossover-2-way-blouse#Black,cara-tee-2#Blush,hard,0.02465728715728717
Jess,the-crossover-2-way-blouse#Black,cara-tee-2#WhiteBlk,hard,0.02465728715728717
Clementine,the-striped-top#BlueStripe,voyager-stripe-crew#Stripe,hard,0.022857142857142854
Clementine,the-striped-top#BlueStripe,makeover-blouse#LimeGreen,hard,0.022857142857142854
Jess,sugar-snaps-layers-tank#Blue,cara-tee-2#Blush,hard,0.02465728715728717
Jess,sugar-snaps-layers-tank#Blue,cara-tee-2#WhiteBlk,hard,0.02465728715728717
Anna,waterfall-cardi-1#Black,voyager-stripe-crew#Stripe,hard,0.022857142857142854
Anna,waterfall-cardi-1#Black,makeover-blouse#LimeGreen,hard,0.022857142857142854
Natalia,clovis-shirt#NavyGold,voyager-stripe-crew#Stripe,hard,0.011764705882352955
Natalia,clovis-shirt#NavyGold,makeover-blouse#LimeGreen,hard,0.011764705882352955
Nadine,monaco-sweater#BlackCream,makeover-blouse#LimeGreen,hard,0.004790419161676662
Nadine,monaco-sweater#BlackCream,pure-merino-fine-rib-v-neck#Charcoal,hard,0.02127438771274388
Denniel,the-batwing-tee#FrenchBlue,natural-textured-poncho#Deeprain,hard,0.026966292134831427
Denniel,the-batwing-tee#FrenchBlue,voyager-stripe-crew#Stripe,hard,0.02921348314606742
Mae-Lee,the-batwing-tee#Stone,side-buttoned-sweater#Buttoned,hard,0.0066981036406044
Mae-Lee,the-batwing-tee#Stone,voyager-stripe-crew#Stripe,hard,0.01849710982658964
Tia,pattern-tunic-1#Lattice,the-panel-luxe-top#BlkWhite,hard,0.014767454441367485
Tia,pattern-tunic-1#Lattice,the-panel-luxe-top#SilvWhite,hard,0.014767454441367485
Amanda,the-cosy-cardigan#Grey,natural-textured-poncho#Deeprain,hard,0.026966292134831427
Amanda,the-cosy-cardigan#Grey,voyager-stripe-crew#Stripe,hard,0.02921348314606742
Denniel,the-cross-over-blouse#Blue,natural-textured-poncho#Deeprain,hard,0.026966292134831427
Denniel,the-cross-over-blouse#Blue,voyager-stripe-crew#Stripe,hard,0.02921348314606742
Denniel,the-cross-over-blouse#Black,natural-textured-poncho#Deeprain,hard,0.026966292134831427
Denniel,the-cross-over-blouse#Black,voyager-stripe-crew#Stripe,hard,0.02921348314606742
Ljubenka,softly-swinging-bamboo-tee#TeaRose,the-uneven-hem-knit-1#Sage,hard,0.02003205128205128
Ljubenka,softly-swinging-bamboo-tee#TeaRose,natural-textured-poncho#Deeprain,hard,0.0222222222222222
Madeline,cara-tee-4#BlackWhite,voyager-stripe-crew#Stripe,hard,0.03128491620111734
Madeline,cara-tee-4#BlackWhite,makeover-blouse#LimeGreen,hard,0.03128491620111734
Fiona,frill-me-tie-throw-on#WhiteBlk,natural-textured-poncho#Deeprain,hard,0.0198895027624309
Fiona,frill-me-tie-throw-on#WhiteBlk,wonderland-blouse#Ink,hard,0.029034976521913555
Amanda,the-multi-stripe-cardi#Stripe,natural-textured-poncho#Deeprain,hard,0.026966292134831427
Amanda,the-multi-stripe-cardi#Stripe,voyager-stripe-crew#Stripe,hard,0.02921348314606742
Fiona,natural-waterfall-cardigan#Fallendust,natural-textured-poncho#Deeprain,hard,0.0198895027624309
Fiona,natural-waterfall-cardigan#Fallendust,wonderland-blouse#Ink,hard,0.029034976521913555
Amanda,the-stitch-v-neck-knit#DenimMarle,natural-textured-poncho#Deeprain,hard,0.026966292134831427
Amanda,the-stitch-v-neck-knit#DenimMarle,voyager-stripe-crew#Stripe,hard,0.02921348314606742
Fiona,the-luxe-long-sleeve-tee#GreyMarle,natural-textured-poncho#Deeprain,hard,0.0198895027624309
Fiona,the-luxe-long-sleeve-tee#GreyMarle,wonderland-blouse#Ink,hard,0.029034976521913555
Lauren,the-twist-front-top#Grey,side-buttoned-sweater#Buttoned,hard,0.010019841269841278
Lauren,the-twist-front-top#Grey,voyager-stripe-crew#Stripe,hard,0.03333333333333338
Shadae,rib-tank-2#Khaki,voyager-stripe-crew#Stripe,hard,0.027118644067796627
Shadae,rib-tank-2#Khaki,makeover-blouse#LimeGreen,hard,0.027118644067796627
Alex,the-sleeveless-cross-over-blouse#Cobalt,voyager-stripe-crew#Stripe,hard,0.020689655172413834
Alex,the-sleeveless-cross-over-blouse#Cobalt,makeover-blouse#LimeGreen,hard,0.020689655172413834
Jess,starry-night-cardi#Chalk,cara-tee-2#Blush,hard,0.02465728715728717
Jess,starry-night-cardi#Chalk,cara-tee-2#WhiteBlk,hard,0.02465728715728717
Georgia,skipping-stones-tunic#Forest,voyager-stripe-crew#Stripe,hard,0.011764705882352955
Georgia,skipping-stones-tunic#Forest,makeover-blouse#LimeGreen,hard,0.011764705882352955
Katie,messina-knit-1#Shiraz,voyager-stripe-crew#Stripe,hard,0.020689655172413834
Katie,messina-knit-1#Shiraz,makeover-blouse#LimeGreen,hard,0.020689655172413834
Nathalie,the-wrap-jersey-top#Charcoal,voyager-stripe-crew#Stripe,hard,0.01403508771929829
Nathalie,the-wrap-jersey-top#Charcoal,makeover-blouse#LimeGreen,hard,0.01403508771929829
Jess,long-sleeve-softly-swinging-bamboo-tee#Fern,cara-tee-2#Blush,hard,0.02465728715728717
Jess,long-sleeve-softly-swinging-bamboo-tee#Fern,cara-tee-2#WhiteBlk,hard,0.02465728715728717
Fiona,sugar-snaps-throw-jacket#Duckegg,natural-textured-poncho#Deeprain,hard,0.0198895027624309
Fiona,sugar-snaps-throw-jacket#Duckegg,wonderland-blouse#Ink,hard,0.029034976521913555
Natalie,the-batwing-tee#FrenchBlue,natural-textured-poncho#Deeprain,hard,0.0222222222222222
Natalie,the-batwing-tee#FrenchBlue,voyager-stripe-crew#Stripe,hard,0.03333333333333338
Jess,waterfall-cardi-1#Black,cara-tee-2#Blush,hard,0.02465728715728717
Jess,waterfall-cardi-1#Black,cara-tee-2#WhiteBlk,hard,0.02465728715728717
Mae-Lee,the-batwing-tee#Black,side-buttoned-sweater#Buttoned,hard,0.0066981036406044
Mae-Lee,the-batwing-tee#Black,voyager-stripe-crew#Stripe,hard,0.01849710982658964
Emma,sugar-snaps-layers-tank#Red,voyager-stripe-crew#Stripe,hard,0.020689655172413834
Emma,sugar-snaps-layers-tank#Red,makeover-blouse#LimeGreen,hard,0.020689655172413834
Chesska,diva-ruffle-jumper#Gold%20Spot,voyager-stripe-crew#Stripe,hard,0.01849710982658964
Chesska,diva-ruffle-jumper#Gold%20Spot,makeover-blouse#LimeGreen,hard,0.01849710982658964
Fiona,the-boat-neck-top-1#Ink,natural-textured-poncho#Deeprain,hard,0.0198895027624309
Fiona,the-boat-neck-top-1#Ink,wonderland-blouse#Ink,hard,0.029034976521913555
Nikki,the-drape-tee-1#NavyStripe,natural-textured-poncho#Deeprain,hard,0.026966292134831427
Nikki,the-drape-tee-1#NavyStripe,voyager-stripe-crew#Stripe,hard,0.02921348314606742
Amanda,the-cross-front-spot-blouse#Spot,natural-textured-poncho#Deeprain,hard,0.026966292134831427
Amanda,the-cross-front-spot-blouse#Spot,voyager-stripe-crew#Stripe,hard,0.02921348314606742
Ljubenka,the-drape-tee-1#NavyStripe,the-uneven-hem-knit-1#Sage,hard,0.02003205128205128
Ljubenka,the-drape-tee-1#NavyStripe,natural-textured-poncho#Deeprain,hard,0.0222222222222222
Charlotte,natural-overlay-knit#Greybloss,voyager-stripe-crew#Stripe,hard,0.009467455621301801
Charlotte,natural-overlay-knit#Greybloss,makeover-blouse#LimeGreen,hard,0.009467455621301801
Madeline,layered-top-2#Navy,voyager-stripe-crew#Stripe,hard,0.03128491620111734
Madeline,layered-top-2#Navy,makeover-blouse#LimeGreen,hard,0.03128491620111734
Georgia,sunshine-in-me-tee-1#White,voyager-stripe-crew#Stripe,hard,0.011764705882352955
Georgia,sunshine-in-me-tee-1#White,makeover-blouse#LimeGreen,hard,0.011764705882352955
Amanda,the-relaxed-batwing-top#PeachRose,natural-textured-poncho#Deeprain,hard,0.026966292134831427
Amanda,the-relaxed-batwing-top#PeachRose,voyager-stripe-crew#Stripe,hard,0.02921348314606742
Mae-Lee,belle-half-sleeve-forgiver-tunic#MutedClay,side-buttoned-sweater#Buttoned,hard,0.0066981036406044
Mae-Lee,belle-half-sleeve-forgiver-tunic#MutedClay,voyager-stripe-crew#Stripe,hard,0.01849710982658964
Emma,paint-stroke-top#Strokes,voyager-stripe-crew#Stripe,hard,0.020689655172413834
Emma,paint-stroke-top#Strokes,makeover-blouse#LimeGreen,hard,0.020689655172413834
Emma,long-sleeve-softly-swinging-bamboo-tee#Combat,voyager-stripe-crew#Stripe,hard,0.020689655172413834
Emma,long-sleeve-softly-swinging-bamboo-tee#Combat,makeover-blouse#LimeGreen,hard,0.020689655172413834
Marnee,the-relaxed-long-sleeve-tee#Khaki,natural-textured-poncho#Deeprain,hard,0.026966292134831427
Marnee,the-relaxed-long-sleeve-tee#Khaki,voyager-stripe-crew#Stripe,hard,0.02921348314606742
Ljubenka,layered-tee-2#White,the-uneven-hem-knit-1#Sage,hard,0.02003205128205128
Ljubenka,layered-tee-2#White,natural-textured-poncho#Deeprain,hard,0.0222222222222222
Chelsea,natural-rolled-neck-tunic#BlueDam,voyager-stripe-crew#Stripe,hard,0.027118644067796627
Chelsea,natural-rolled-neck-tunic#BlueDam,makeover-blouse#LimeGreen,hard,0.027118644067796627
Tia,the-everyday-shirt#Rose,the-panel-luxe-top#BlkWhite,hard,0.014767454441367485
Tia,the-everyday-shirt#Rose,the-panel-luxe-top#SilvWhite,hard,0.014767454441367485
Summer,rib-tank-2#Navy,voyager-stripe-crew#Stripe,hard,0.025000000000000022
Summer,rib-tank-2#Navy,natural-textured-poncho#Deeprain,hard,0.0318181818181818
Chelsea,malibu-cardigan#Navy,voyager-stripe-crew#Stripe,hard,0.027118644067796627
Chelsea,malibu-cardigan#Navy,makeover-blouse#LimeGreen,hard,0.027118644067796627
Denniel,the-batwing-tee#Black,natural-textured-poncho#Deeprain,hard,0.026966292134831427
Denniel,the-batwing-tee#Black,voyager-stripe-crew#Stripe,hard,0.02921348314606742
Monique,the-open-sleeve-blouse#Berry,voyager-stripe-crew#Stripe,hard,0.022857142857142854
Monique,the-open-sleeve-blouse#Berry,makeover-blouse#LimeGreen,hard,0.022857142857142854
Shadae,clio-knit-jumper#StoneBlack,voyager-stripe-crew#Stripe,hard,0.027118644067796627
Shadae,clio-knit-jumper#StoneBlack,makeover-blouse#LimeGreen,hard,0.027118644067796627
Fiona,the-luxe-dobby-blouse#White,natural-textured-poncho#Deeprain,hard,0.0198895027624309
Fiona,the-luxe-dobby-blouse#White,wonderland-blouse#Ink,hard,0.029034976521913555
Ljubenka,softly-swinging-bamboo-tee#White,the-uneven-hem-knit-1#Sage,hard,0.02003205128205128
Ljubenka,softly-swinging-bamboo-tee#White,natural-textured-poncho#Deeprain,hard,0.0222222222222222
Laura,printed-v-neck-top#Striped,cara-tee-2#Blush,hard,0.009805425338985667
Laura,printed-v-neck-top#Striped,cara-tee-2#WhiteBlk,hard,0.009805425338985667
Emma,aztec-cardigan#Orange,voyager-stripe-crew#Stripe,hard,0.020689655172413834
Emma,aztec-cardigan#Orange,makeover-blouse#LimeGreen,hard,0.020689655172413834
Clementine,sugar-snaps-layers-tank#Mint,voyager-stripe-crew#Stripe,hard,0.022857142857142854
Clementine,sugar-snaps-layers-tank#Mint,makeover-blouse#LimeGreen,hard,0.022857142857142854
Marnee,softly-swinging-bamboo-tee#Storm,natural-textured-poncho#Deeprain,hard,0.026966292134831427
Marnee,softly-swinging-bamboo-tee#Storm,voyager-stripe-crew#Stripe,hard,0.02921348314606742
Jess,softly-swinging-bamboo-tee#Starfish,cara-tee-2#Blush,hard,0.02465728715728717
Jess,softly-swinging-bamboo-tee#Starfish,cara-tee-2#WhiteBlk,hard,0.02465728715728717
Fiona,the-stitch-v-neck-knit#DenimMarle,natural-textured-poncho#Deeprain,hard,0.0198895027624309
Fiona,the-stitch-v-neck-knit#DenimMarle,wonderland-blouse#Ink,hard,0.029034976521913555
Tia,the-cross-over-blouse#White,the-panel-luxe-top#BlkWhite,hard,0.014767454441367485
Tia,the-cross-over-blouse#White,the-panel-luxe-top#SilvWhite,hard,0.014767454441367485
Miranda,the-reversible-cowl-neck-top-1#Black,voyager-stripe-crew#Stripe,hard,0.01403508771929829
Miranda,the-reversible-cowl-neck-top-1#Black,makeover-blouse#LimeGreen,hard,0.01403508771929829
Jess,double-layered-top-1#WSilver,cara-tee-2#Blush,hard,0.02465728715728717
Jess,double-layered-top-1#WSilver,cara-tee-2#WhiteBlk,hard,0.02465728715728717
Laura,sugar-snaps-layers-tank#Mint,cara-tee-2#Blush,hard,0.009805425338985667
Laura,sugar-snaps-layers-tank#Mint,cara-tee-2#WhiteBlk,hard,0.009805425338985667
Kate,sugar-snaps-layers-tank#Mint,natural-textured-poncho#Deeprain,hard,0.0222222222222222
Kate,sugar-snaps-layers-tank#Mint,animal-button-up-shirt#KhakiPrint,hard,0.024927577868754342
Katie,longline-cardigan-2#Pink,voyager-stripe-crew#Stripe,hard,0.020689655172413834
Katie,longline-cardigan-2#Pink,makeover-blouse#LimeGreen,hard,0.020689655172413834
Chelsea,relaxed-cape#WhiteBlack,voyager-stripe-crew#Stripe,hard,0.027118644067796627
Chelsea,relaxed-cape#WhiteBlack,makeover-blouse#LimeGreen,hard,0.027118644067796627
Marnee,the-everyday-shirt#Rose,natural-textured-poncho#Deeprain,hard,0.026966292134831427
Marnee,the-everyday-shirt#Rose,voyager-stripe-crew#Stripe,hard,0.02921348314606742
Ljubenka,the-drape-tee-1#Navy,the-uneven-hem-knit-1#Sage,hard,0.02003205128205128
Ljubenka,the-drape-tee-1#Navy,natural-textured-poncho#Deeprain,hard,0.0222222222222222
Jess,the-print-contrast-34-sleeve-top#Animal,cara-tee-2#Blush,hard,0.02465728715728717
Jess,the-print-contrast-34-sleeve-top#Animal,cara-tee-2#WhiteBlk,hard,0.02465728715728717
Maddy,sontana-blouse#Stone,natural-textured-poncho#Deeprain,hard,0.026966292134831427
Maddy,sontana-blouse#Stone,voyager-stripe-crew#Stripe,hard,0.02921348314606742
Sophia,eco-78-long-cardigan#DarkGreyM,cara-tee-2#Blush,hard,0.010112367541426632
Sophia,eco-78-long-cardigan#DarkGreyM,cara-tee-2#WhiteBlk,hard,0.010112367541426632
Anna,the-half-sleeve-tee#White,voyager-stripe-crew#Stripe,hard,0.022857142857142854
Anna,the-half-sleeve-tee#White,makeover-blouse#LimeGreen,hard,0.022857142857142854
Laura,the-long-sleeve-v-neck-tee#White,cara-tee-2#Blush,hard,0.009805425338985667
Laura,the-long-sleeve-v-neck-tee#White,cara-tee-2#WhiteBlk,hard,0.009805425338985667
Natalie,sugar-snaps-layers-tank#Blue,natural-textured-poncho#Deeprain,hard,0.0222222222222222
Natalie,sugar-snaps-layers-tank#Blue,voyager-stripe-crew#Stripe,hard,0.03333333333333338
Marnee,on-safari-blouse#Jewel,natural-textured-poncho#Deeprain,hard,0.026966292134831427
Marnee,on-safari-blouse#Jewel,voyager-stripe-crew#Stripe,hard,0.02921348314606742
Stefania,the-cross-over-poncho#Navy,voyager-stripe-crew#Stripe,hard,0.016279069767441867
Stefania,the-cross-over-poncho#Navy,makeover-blouse#LimeGreen,hard,0.016279069767441867
Laura,runaway-top#Sand,cara-tee-2#Blush,hard,0.009805425338985667
Laura,runaway-top#Sand,cara-tee-2#WhiteBlk,hard,0.009805425338985667
Anna,the-cross-over-blouse#Blue,voyager-stripe-crew#Stripe,hard,0.022857142857142854
Anna,the-cross-over-blouse#Blue,makeover-blouse#LimeGreen,hard,0.022857142857142854
Clementine,the-sleeveless-cross-over-blouse#Sunshine,voyager-stripe-crew#Stripe,hard,0.022857142857142854
Clementine,the-sleeveless-cross-over-blouse#Sunshine,makeover-blouse#LimeGreen,hard,0.022857142857142854
Miranda,york-linen-blend-long-cardigan#BurntOrang,voyager-stripe-crew#Stripe,hard,0.01403508771929829
Miranda,york-linen-blend-long-cardigan#BurntOrang,makeover-blouse#LimeGreen,hard,0.01403508771929829
Georgia,skipping-stones-tunic#Natural,voyager-stripe-crew#Stripe,hard,0.011764705882352955
Georgia,skipping-stones-tunic#Natural,makeover-blouse#LimeGreen,hard,0.011764705882352955
Georgia,cyrus-top#LightRose,voyager-stripe-crew#Stripe,hard,0.011764705882352955
Georgia,cyrus-top#LightRose,makeover-blouse#LimeGreen,hard,0.011764705882352955
Marnee,long-sleeve-softly-swinging-bamboo-tee#Smoke,natural-textured-poncho#Deeprain,hard,0.026966292134831427
Marnee,long-sleeve-softly-swinging-bamboo-tee#Smoke,voyager-stripe-crew#Stripe,hard,0.02921348314606742
Anna,layered-tee-2#Black,voyager-stripe-crew#Stripe,hard,0.022857142857142854
Anna,layered-tee-2#Black,makeover-blouse#LimeGreen,hard,0.022857142857142854
Marnee,the-pirate-in-me-shirt#White,natural-textured-poncho#Deeprain,hard,0.026966292134831427
Marnee,the-pirate-in-me-shirt#White,voyager-stripe-crew#Stripe,hard,0.02921348314606742
Emma,belle-v-neck-forgiver-tunic#White,voyager-stripe-crew#Stripe,hard,0.020689655172413834
Emma,belle-v-neck-forgiver-tunic#White,makeover-blouse#LimeGreen,hard,0.020689655172413834
Anna,the-drape-tee-1#Navy,voyager-stripe-crew#Stripe,hard,0.022857142857142854
Anna,the-drape-tee-1#Navy,makeover-blouse#LimeGreen,hard,0.022857142857142854
Marnee,frill-me-tie-throw-on#WhiteBlk,natural-textured-poncho#Deeprain,hard,0.026966292134831427
Marnee,frill-me-tie-throw-on#WhiteBlk,voyager-stripe-crew#Stripe,hard,0.02921348314606742
Anna,the-batwing-tee#Stone,voyager-stripe-crew#Stripe,hard,0.022857142857142854
Anna,the-batwing-tee#Stone,makeover-blouse#LimeGreen,hard,0.022857142857142854
Riina,the-panel-hem-top#Khaki,voyager-stripe-crew#Stripe,hard,0.022857142857142854
Riina,the-panel-hem-top#Khaki,makeover-blouse#LimeGreen,hard,0.022857142857142854
Lauren,the-sleeve-detail-knit#Ivory,side-buttoned-sweater#Buttoned,hard,0.010019841269841278
Lauren,the-sleeve-detail-knit#Ivory,voyager-stripe-crew#Stripe,hard,0.03333333333333338
Monique,alberta-stripe-top#IvoryStrip,voyager-stripe-crew#Stripe,hard,0.022857142857142854
Monique,alberta-stripe-top#IvoryStrip,makeover-blouse#LimeGreen,hard,0.022857142857142854
Jess,natural-cross-back-knit#Lightsmoke,cara-tee-2#Blush,hard,0.02465728715728717
Jess,natural-cross-back-knit#Lightsmoke,cara-tee-2#WhiteBlk,hard,0.02465728715728717
Fiona,the-tie-layering-knit#Grey,natural-textured-poncho#Deeprain,hard,0.0198895027624309
Fiona,the-tie-layering-knit#Grey,wonderland-blouse#Ink,hard,0.029034976521913555
Mae-Lee,belle-half-sleeve-forgiver-tunic#Black,side-buttoned-sweater#Buttoned,hard,0.0066981036406044
Mae-Lee,belle-half-sleeve-forgiver-tunic#Black,voyager-stripe-crew#Stripe,hard,0.01849710982658964
Nadine,the-everyday-shirt#Midnight,makeover-blouse#LimeGreen,hard,0.004790419161676662
Nadine,the-everyday-shirt#Midnight,pure-merino-fine-rib-v-neck#Charcoal,hard,0.02127438771274388
Ljubenka,the-stella-tee#Marine,the-uneven-hem-knit-1#Sage,hard,0.02003205128205128
Ljubenka,the-stella-tee#Marine,natural-textured-poncho#Deeprain,hard,0.0222222222222222
Georgia,baobab-sweater#Bark,voyager-stripe-crew#Stripe,hard,0.011764705882352955
Georgia,baobab-sweater#Bark,makeover-blouse#LimeGreen,hard,0.011764705882352955
Georgia,runaway-top#Sand,voyager-stripe-crew#Stripe,hard,0.011764705882352955
Georgia,runaway-top#Sand,makeover-blouse#LimeGreen,hard,0.011764705882352955
Nadine,half-sleeve-fluffy-knit#Ivory,makeover-blouse#LimeGreen,hard,0.004790419161676662
Nadine,half-sleeve-fluffy-knit#Ivory,pure-merino-fine-rib-v-neck#Charcoal,hard,0.02127438771274388
Fiona,printed-v-neck-top#Striped,natural-textured-poncho#Deeprain,hard,0.0198895027624309
Fiona,printed-v-neck-top#Striped,wonderland-blouse#Ink,hard,0.029034976521913555
Maddy,the-cross-over-blouse#Black,natural-textured-poncho#Deeprain,hard,0.026966292134831427
Maddy,the-cross-over-blouse#Black,voyager-stripe-crew#Stripe,hard,0.02921348314606742
Marnee,blue-waters-cotton-blouse#White,natural-textured-poncho#Deeprain,hard,0.026966292134831427
Marnee,blue-waters-cotton-blouse#White,voyager-stripe-crew#Stripe,hard,0.02921348314606742
Tia,wrap-me-up-bamboo-top#BlueJeans,the-panel-luxe-top#BlkWhite,hard,0.014767454441367485
Tia,wrap-me-up-bamboo-top#BlueJeans,the-panel-luxe-top#SilvWhite,hard,0.014767454441367485
Perrie,the-button-up-swing-tunic#Wine,natural-textured-poncho#Deeprain,hard,0.024581005586592153
Perrie,the-button-up-swing-tunic#Wine,voyager-stripe-crew#Stripe,hard,0.03128491620111734
Gemma,geena-xo-ls-pullover-knit#WhiteCapGr,voyager-stripe-crew#Stripe,hard,0.025000000000000022
Gemma,geena-xo-ls-pullover-knit#WhiteCapGr,makeover-blouse#LimeGreen,hard,0.025000000000000022
Fiona,nuzuri-longline-cardi#Forest,natural-textured-poncho#Deeprain,hard,0.0198895027624309
Fiona,nuzuri-longline-cardi#Forest,wonderland-blouse#Ink,hard,0.029034976521913555
Lisa,seeker-knot-front-shirt#Olive,voyager-stripe-crew#Stripe,hard,0.020689655172413834
Lisa,seeker-knot-front-shirt#Olive,makeover-blouse#LimeGreen,hard,0.020689655172413834
Gemma,tuck-layer-shirt#White,voyager-stripe-crew#Stripe,hard,0.025000000000000022
Gemma,tuck-layer-shirt#White,makeover-blouse#LimeGreen,hard,0.025000000000000022
Clementine,the-stripe-tank-1#Hazelnut,voyager-stripe-crew#Stripe,hard,0.022857142857142854
Clementine,the-stripe-tank-1#Hazelnut,makeover-blouse#LimeGreen,hard,0.022857142857142854
Chelsea,the-high-low-drape-tee#Sage,voyager-stripe-crew#Stripe,hard,0.027118644067796627
Chelsea,the-high-low-drape-tee#Sage,makeover-blouse#LimeGreen,hard,0.027118644067796627
Sophie,the-relaxed-long-sleeve-tee#Navy,side-buttoned-sweater#Buttoned,hard,0.0011363636363636576
Sophie,the-relaxed-long-sleeve-tee#Navy,the-tie-front-top#Navy,hard,0.017934149184149185
Fiona,belle-deep-v-mesh-top#Black,natural-textured-poncho#Deeprain,hard,0.0198895027624309
Fiona,belle-deep-v-mesh-top#Black,wonderland-blouse#Ink,hard,0.029034976521913555
Alex,the-cotton-bamboo-tee#White,voyager-stripe-crew#Stripe,hard,0.020689655172413834
Alex,the-cotton-bamboo-tee#White,makeover-blouse#LimeGreen,hard,0.020689655172413834
Miranda,the-asymmetrical-tank-top#HotPink,voyager-stripe-crew#Stripe,hard,0.01403508771929829
Miranda,the-asymmetrical-tank-top#HotPink,makeover-blouse#LimeGreen,hard,0.01403508771929829
Marnee,the-cotton-bamboo-tank#White,natural-textured-poncho#Deeprain,hard,0.026966292134831427
Marnee,the-cotton-bamboo-tank#White,voyager-stripe-crew#Stripe,hard,0.02921348314606742
Ljubenka,sugar-snaps-layers-tank#PeachyKeen,the-uneven-hem-knit-1#Sage,hard,0.02003205128205128
Ljubenka,sugar-snaps-layers-tank#PeachyKeen,natural-textured-poncho#Deeprain,hard,0.0222222222222222
Kate,the-wrap-jersey-top#NavyWhite,natural-textured-poncho#Deeprain,hard,0.0222222222222222
Kate,the-wrap-jersey-top#NavyWhite,animal-button-up-shirt#KhakiPrint,hard,0.024927577868754342
Summer,fundamental-sydney-crew#Burgundy,voyager-stripe-crew#Stripe,hard,0.025000000000000022
Summer,fundamental-sydney-crew#Burgundy,natural-textured-poncho#Deeprain,hard,0.0318181818181818
Riina,the-dobby-sleeve-tee#InkBlue,voyager-stripe-crew#Stripe,hard,0.022857142857142854
Riina,the-dobby-sleeve-tee#InkBlue,makeover-blouse#LimeGreen,hard,0.022857142857142854
Gemma,meredith-78-oversized-pullover-knit#WhiteCapGr,voyager-stripe-crew#Stripe,hard,0.025000000000000022
Gemma,meredith-78-oversized-pullover-knit#WhiteCapGr,makeover-blouse#LimeGreen,hard,0.025000000000000022
Gemma,falling-for-you-cardi#Port,voyager-stripe-crew#Stripe,hard,0.025000000000000022
Gemma,falling-for-you-cardi#Port,makeover-blouse#LimeGreen,hard,0.025000000000000022
Ljubenka,ponte-spot-top#BlackWhite,the-uneven-hem-knit-1#Sage,hard,0.02003205128205128
Ljubenka,ponte-spot-top#BlackWhite,natural-textured-poncho#Deeprain,hard,0.0222222222222222
Stacey,square-peg-pullover#SilverMix,makeover-blouse#LimeGreen,hard,0.009467455621301801
Stacey,square-peg-pullover#SilverMix,cara-tee-2#Blush,hard,0.04007527669805984
Sophia,the-shoulder-tie-top#White,cara-tee-2#Blush,hard,0.010112367541426632
Sophia,the-shoulder-tie-top#White,cara-tee-2#WhiteBlk,hard,0.010112367541426632
Palatina,bird-print-jumper#Navy,cara-tee-2#Blush,hard,0.02436008474699353
Palatina,bird-print-jumper#Navy,cara-tee-2#WhiteBlk,hard,0.02436008474699353
Natalie,the-cut-out-shoulder-blouse#Black,natural-textured-poncho#Deeprain,hard,0.0222222222222222
Natalie,the-cut-out-shoulder-blouse#Black,voyager-stripe-crew#Stripe,hard,0.03333333333333338
Gemma,triangle-detail-long-sleeve-tee#Navy,voyager-stripe-crew#Stripe,hard,0.025000000000000022
Gemma,triangle-detail-long-sleeve-tee#Navy,makeover-blouse#LimeGreen,hard,0.025000000000000022
Anna,the-cotton-bamboo-tank#DarkNavy,voyager-stripe-crew#Stripe,hard,0.022857142857142854
Anna,the-cotton-bamboo-tank#DarkNavy,makeover-blouse#LimeGreen,hard,0.022857142857142854
Anna Maria,the-bell-sleeve-top#Grey,natural-textured-poncho#Deeprain,hard,0.024581005586592153
Anna Maria,the-bell-sleeve-top#Grey,voyager-stripe-crew#Stripe,hard,0.03128491620111734
Chelsea,relaxed-cape#Black,voyager-stripe-crew#Stripe,hard,0.027118644067796627
Chelsea,relaxed-cape#Black,makeover-blouse#LimeGreen,hard,0.027118644067796627
Sophie,the-define-flute-sleeve-blouse#White,side-buttoned-sweater#Buttoned,hard,0.0011363636363636576
Sophie,the-define-flute-sleeve-blouse#White,the-tie-front-top#Navy,hard,0.017934149184149185
Sophie,long-sleeve-softly-swinging-bamboo-tee#DuckEgg,side-buttoned-sweater#Buttoned,hard,0.0011363636363636576
Sophie,long-sleeve-softly-swinging-bamboo-tee#DuckEgg,the-tie-front-top#Navy,hard,0.017934149184149185
Marnee,runaway-top#JetBlack,natural-textured-poncho#Deeprain,hard,0.026966292134831427
Marnee,runaway-top#JetBlack,voyager-stripe-crew#Stripe,hard,0.02921348314606742
Olivia,sugar-snaps-layers-tank#Red,natural-textured-poncho#Deeprain,hard,0.026966292134831427
Olivia,sugar-snaps-layers-tank#Red,voyager-stripe-crew#Stripe,hard,0.02921348314606742
Tia,still-the-one-ruffle-blouse#Spot,the-panel-luxe-top#BlkWhite,hard,0.014767454441367485
Tia,still-the-one-ruffle-blouse#Spot,the-panel-luxe-top#SilvWhite,hard,0.014767454441367485
Anna,linen-v-neck-cami-2#BlueWhite,voyager-stripe-crew#Stripe,hard,0.022857142857142854
Anna,linen-v-neck-cami-2#BlueWhite,makeover-blouse#LimeGreen,hard,0.022857142857142854
Chelsea,colourblock-cardi#NavyRed,voyager-stripe-crew#Stripe,hard,0.027118644067796627
Chelsea,colourblock-cardi#NavyRed,makeover-blouse#LimeGreen,hard,0.027118644067796627
Sophie,belle-half-sleeve-forgiver-tunic#White,side-buttoned-sweater#Buttoned,hard,0.0011363636363636576
Sophie,belle-half-sleeve-forgiver-tunic#White,the-tie-front-top#Navy,hard,0.017934149184149185
Georgia,butterfly-kisses-tee#MustardStr,voyager-stripe-crew#Stripe,hard,0.011764705882352955
Georgia,butterfly-kisses-tee#MustardStr,makeover-blouse#LimeGreen,hard,0.011764705882352955
Mae-Lee,sugar-snaps-layers-tank#Blue,side-buttoned-sweater#Buttoned,hard,0.0066981036406044
Mae-Lee,sugar-snaps-layers-tank#Blue,voyager-stripe-crew#Stripe,hard,0.01849710982658964
Nadine,mauevewood-crew#YellowWhit,makeover-blouse#LimeGreen,hard,0.004790419161676662
Nadine,mauevewood-crew#YellowWhit,pure-merino-fine-rib-v-neck#Charcoal,hard,0.02127438771274388
Georgia,cross-my-heart-bamboo-slouch-tee#White,voyager-stripe-crew#Stripe,hard,0.011764705882352955
Georgia,cross-my-heart-bamboo-slouch-tee#White,makeover-blouse#LimeGreen,hard,0.011764705882352955
Amanda,the-stripe-jersey-top#Pink,natural-textured-poncho#Deeprain,hard,0.026966292134831427
Amanda,the-stripe-jersey-top#Pink,voyager-stripe-crew#Stripe,hard,0.02921348314606742
Georgia,kimono-and-me-cardi#DustyPink,voyager-stripe-crew#Stripe,hard,0.011764705882352955
Georgia,kimono-and-me-cardi#DustyPink,makeover-blouse#LimeGreen,hard,0.011764705882352955
Fiona,softly-falling-bamboo-tunic#White,natural-textured-poncho#Deeprain,hard,0.0198895027624309
Fiona,softly-falling-bamboo-tunic#White,wonderland-blouse#Ink,hard,0.029034976521913555
Mae-Lee,the-cotton-bamboo-tank#Moonbeam,side-buttoned-sweater#Buttoned,hard,0.0066981036406044
Mae-Lee,the-cotton-bamboo-tank#Moonbeam,voyager-stripe-crew#Stripe,hard,0.01849710982658964
Laura,the-tie-front-tank#White,cara-tee-2#Blush,hard,0.009805425338985667
Laura,the-tie-front-tank#White,cara-tee-2#WhiteBlk,hard,0.009805425338985667
Amanda,the-soft-knit-jumper#PinkStripe,natural-textured-poncho#Deeprain,hard,0.026966292134831427
Amanda,the-soft-knit-jumper#PinkStripe,voyager-stripe-crew#Stripe,hard,0.02921348314606742
Emma,batty-about-you-cotton-tee#BlkWhite,voyager-stripe-crew#Stripe,hard,0.020689655172413834
Emma,batty-about-you-cotton-tee#BlkWhite,makeover-blouse#LimeGreen,hard,0.020689655172413834
Jess,belle-cowl-swing-sweater#Green,cara-tee-2#Blush,hard,0.02465728715728717
Jess,belle-cowl-swing-sweater#Green,cara-tee-2#WhiteBlk,hard,0.02465728715728717
Sophia,layered-sleeve-top#DarkBlue,cara-tee-2#Blush,hard,0.010112367541426632
Sophia,layered-sleeve-top#DarkBlue,cara-tee-2#WhiteBlk,hard,0.010112367541426632
Mae-Lee,the-long-sleeve-v-neck-tee#Black,side-buttoned-sweater#Buttoned,hard,0.0066981036406044
Mae-Lee,the-long-sleeve-v-neck-tee#Black,voyager-stripe-crew#Stripe,hard,0.01849710982658964
Georgia,layer-me-cotton-candy-top#Cream,voyager-stripe-crew#Stripe,hard,0.011764705882352955
Georgia,layer-me-cotton-candy-top#Cream,makeover-blouse#LimeGreen,hard,0.011764705882352955
Amanda,the-wrap-jersey-top-1#NavyStripe,natural-textured-poncho#Deeprain,hard,0.026966292134831427
Amanda,the-wrap-jersey-top-1#NavyStripe,voyager-stripe-crew#Stripe,hard,0.02921348314606742
Jess,westward-top#BotanicalD,cara-tee-2#Blush,hard,0.02465728715728717
Jess,westward-top#BotanicalD,cara-tee-2#WhiteBlk,hard,0.02465728715728717
Tia,the-drape-tee-1#Black,the-panel-luxe-top#BlkWhite,hard,0.014767454441367485
Tia,the-drape-tee-1#Black,the-panel-luxe-top#SilvWhite,hard,0.014767454441367485
Mae-Lee,the-stripe-button-through-top#Coral,side-buttoned-sweater#Buttoned,hard,0.0066981036406044
Mae-Lee,the-stripe-button-through-top#Coral,voyager-stripe-crew#Stripe,hard,0.01849710982658964
Natalie,the-sleeveless-cross-over-blouse#White,natural-textured-poncho#Deeprain,hard,0.0222222222222222
Natalie,the-sleeveless-cross-over-blouse#White,voyager-stripe-crew#Stripe,hard,0.03333333333333338
Mae-Lee,long-sleeve-softly-swinging-bamboo-tee#Fern,side-buttoned-sweater#Buttoned,hard,0.0066981036406044
Mae-Lee,long-sleeve-softly-swinging-bamboo-tee#Fern,voyager-stripe-crew#Stripe,hard,0.01849710982658964
Amanda,the-daily-cross-over-top#SkyBlue,natural-textured-poncho#Deeprain,hard,0.026966292134831427
Amanda,the-daily-cross-over-top#SkyBlue,voyager-stripe-crew#Stripe,hard,0.02921348314606742
Perrie,the-everyday-shirt#Midnight,natural-textured-poncho#Deeprain,hard,0.024581005586592153
Perrie,the-everyday-shirt#Midnight,voyager-stripe-crew#Stripe,hard,0.03128491620111734
Shadae,rib-tank-2#Black,voyager-stripe-crew#Stripe,hard,0.027118644067796627
Shadae,rib-tank-2#Black,makeover-blouse#LimeGreen,hard,0.027118644067796627
Sophia,the-pocket-tee#NavyStripe,cara-tee-2#Blush,hard,0.010112367541426632
Sophia,the-pocket-tee#NavyStripe,cara-tee-2#WhiteBlk,hard,0.010112367541426632
Natalia,paint-stroke-top#Strokes,voyager-stripe-crew#Stripe,hard,0.011764705882352955
Natalia,paint-stroke-top#Strokes,makeover-blouse#LimeGreen,hard,0.011764705882352955
Chesska,dream-girl-ruffle-jumper#SoftPink,voyager-stripe-crew#Stripe,hard,0.01849710982658964
Chesska,dream-girl-ruffle-jumper#SoftPink,makeover-blouse#LimeGreen,hard,0.01849710982658964
Palatina,moonlight-kisses-bamboo-tee#Black,cara-tee-2#Blush,hard,0.02436008474699353
Palatina,moonlight-kisses-bamboo-tee#Black,cara-tee-2#WhiteBlk,hard,0.02436008474699353
Olivia,the-sleeveless-cross-over-blouse#Black,natural-textured-poncho#Deeprain,hard,0.026966292134831427
Olivia,the-sleeveless-cross-over-blouse#Black,voyager-stripe-crew#Stripe,hard,0.02921348314606742
Mae-Lee,softly-swinging-bamboo-tee#Black,side-buttoned-sweater#Buttoned,hard,0.0066981036406044
Mae-Lee,softly-swinging-bamboo-tee#Black,voyager-stripe-crew#Stripe,hard,0.01849710982658964
Clementine,the-high-low-drape-tee#Grey,voyager-stripe-crew#Stripe,hard,0.022857142857142854
Clementine,the-high-low-drape-tee#Grey,makeover-blouse#LimeGreen,hard,0.022857142857142854
Amanda,the-stripe-button-through-top#Coral,natural-textured-poncho#Deeprain,hard,0.026966292134831427
Amanda,the-stripe-button-through-top#Coral,voyager-stripe-crew#Stripe,hard,0.02921348314606742
Katie,spliced-stripe-tunic#Navy,voyager-stripe-crew#Stripe,hard,0.020689655172413834
Katie,spliced-stripe-tunic#Navy,makeover-blouse#LimeGreen,hard,0.020689655172413834
Ljubenka,the-cross-over-blouse#Blue,the-uneven-hem-knit-1#Sage,hard,0.02003205128205128
Ljubenka,the-cross-over-blouse#Blue,natural-textured-poncho#Deeprain,hard,0.0222222222222222
Riina,the-v-neck-stripe-top#BlkStripe,voyager-stripe-crew#Stripe,hard,0.022857142857142854
Riina,the-v-neck-stripe-top#BlkStripe,makeover-blouse#LimeGreen,hard,0.022857142857142854
Palatina,2-in-1-layered-knit-top#PalePink,cara-tee-2#Blush,hard,0.02436008474699353
Palatina,2-in-1-layered-knit-top#PalePink,cara-tee-2#WhiteBlk,hard,0.02436008474699353
Fiona,the-pirate-in-me-shirt#White,natural-textured-poncho#Deeprain,hard,0.0198895027624309
Fiona,the-pirate-in-me-shirt#White,wonderland-blouse#Ink,hard,0.029034976521913555
Nadine,funnel-neck-knit-jumper#BlueMulti,makeover-blouse#LimeGreen,hard,0.004790419161676662
Nadine,funnel-neck-knit-jumper#BlueMulti,pure-merino-fine-rib-v-neck#Charcoal,hard,0.02127438771274388
Georgia,the-cotton-bamboo-tank#White,voyager-stripe-crew#Stripe,hard,0.011764705882352955
Georgia,the-cotton-bamboo-tank#White,makeover-blouse#LimeGreen,hard,0.011764705882352955
Maddy,the-short-sleeve-wrap-jersey-top#Blue,natural-textured-poncho#Deeprain,hard,0.026966292134831427
Maddy,the-short-sleeve-wrap-jersey-top#Blue,voyager-stripe-crew#Stripe,hard,0.02921348314606742
Stacey,multi-pattern-print-top#NavyMulti,makeover-blouse#LimeGreen,hard,0.009467455621301801
Stacey,multi-pattern-print-top#NavyMulti,cara-tee-2#Blush,hard,0.04007527669805984
Nikki,the-drape-tee-1#Stripe,natural-textured-poncho#Deeprain,hard,0.026966292134831427
Nikki,the-drape-tee-1#Stripe,voyager-stripe-crew#Stripe,hard,0.02921348314606742
Laura,softly-swinging-bamboo-tee#Storm,cara-tee-2#Blush,hard,0.009805425338985667
Laura,softly-swinging-bamboo-tee#Storm,cara-tee-2#WhiteBlk,hard,0.009805425338985667
Alex,the-cotton-bamboo-tank#Chambray,voyager-stripe-crew#Stripe,hard,0.020689655172413834
Alex,the-cotton-bamboo-tank#Chambray,makeover-blouse#LimeGreen,hard,0.020689655172413834
Maddy,the-cross-over-blouse#Mint,natural-textured-poncho#Deeprain,hard,0.026966292134831427
Maddy,the-cross-over-blouse#Mint,voyager-stripe-crew#Stripe,hard,0.02921348314606742
Olivia,the-sleeveless-cross-over-blouse#Chambray,natural-textured-poncho#Deeprain,hard,0.026966292134831427
Olivia,the-sleeveless-cross-over-blouse#Chambray,voyager-stripe-crew#Stripe,hard,0.02921348314606742
Laura,the-oversized-cotton-blend-shirt#Navy,cara-tee-2#Blush,hard,0.009805425338985667
Laura,the-oversized-cotton-blend-shirt#Navy,cara-tee-2#WhiteBlk,hard,0.009805425338985667
Stacey,the-soft-knit-jumper#NavyStripe,makeover-blouse#LimeGreen,hard,0.009467455621301801
Stacey,the-soft-knit-jumper#NavyStripe,cara-tee-2#Blush,hard,0.04007527669805984
Shadae,not-today-buttoned-cardigan#Almond,voyager-stripe-crew#Stripe,hard,0.027118644067796627
Shadae,not-today-buttoned-cardigan#Almond,makeover-blouse#LimeGreen,hard,0.027118644067796627
Ljubenka,softly-swinging-bamboo-tee#Navy,the-uneven-hem-knit-1#Sage,hard,0.02003205128205128
Ljubenka,softly-swinging-bamboo-tee#Navy,natural-textured-poncho#Deeprain,hard,0.0222222222222222
Ljubenka,belle-v-neck-forgiver-tunic#DenimMarl,the-uneven-hem-knit-1#Sage,hard,0.02003205128205128
Ljubenka,belle-v-neck-forgiver-tunic#DenimMarl,natural-textured-poncho#Deeprain,hard,0.0222222222222222
Chelsea,ava-short-sleeve-linen-tee#Navy,voyager-stripe-crew#Stripe,hard,0.027118644067796627
Chelsea,ava-short-sleeve-linen-tee#Navy,makeover-blouse#LimeGreen,hard,0.027118644067796627
Chelsea,falling-for-you-cardi#Rust,voyager-stripe-crew#Stripe,hard,0.027118644067796627
Chelsea,falling-for-you-cardi#Rust,makeover-blouse#LimeGreen,hard,0.027118644067796627
Gemma,relaxed-animal-print-blouse#Leopard,voyager-stripe-crew#Stripe,hard,0.025000000000000022
Gemma,relaxed-animal-print-blouse#Leopard,makeover-blouse#LimeGreen,hard,0.025000000000000022
Natalie,the-everyday-shirt#Black,natural-textured-poncho#Deeprain,hard,0.0222222222222222
Natalie,the-everyday-shirt#Black,voyager-stripe-crew#Stripe,hard,0.03333333333333338
Jess,birds-tee-1#Navy,cara-tee-2#Blush,hard,0.02465728715728717
Jess,birds-tee-1#Navy,cara-tee-2#WhiteBlk,hard,0.02465728715728717
Fiona,natural-overlay-knit#Greybloss,natural-textured-poncho#Deeprain,hard,0.0198895027624309
Fiona,natural-overlay-knit#Greybloss,wonderland-blouse#Ink,hard,0.029034976521913555
Maddy,the-everyday-shirt#Midnight,natural-textured-poncho#Deeprain,hard,0.026966292134831427
Maddy,the-everyday-shirt#Midnight,voyager-stripe-crew#Stripe,hard,0.02921348314606742
Maddy,the-cotton-bamboo-tank#White,natural-textured-poncho#Deeprain,hard,0.026966292134831427
Maddy,the-cotton-bamboo-tank#White,voyager-stripe-crew#Stripe,hard,0.02921348314606742
Mae-Lee,cross-my-heart-sweater#Regal,side-buttoned-sweater#Buttoned,hard,0.0066981036406044
Mae-Lee,cross-my-heart-sweater#Regal,voyager-stripe-crew#Stripe,hard,0.01849710982658964
Perrie,suri-bell-sleeve-top#GreyMarle,natural-textured-poncho#Deeprain,hard,0.024581005586592153
Perrie,suri-bell-sleeve-top#GreyMarle,voyager-stripe-crew#Stripe,hard,0.03128491620111734
Mae-Lee,sugar-snaps-layers-tank#Red,side-buttoned-sweater#Buttoned,hard,0.0066981036406044
Mae-Lee,sugar-snaps-layers-tank#Red,voyager-stripe-crew#Stripe,hard,0.01849710982658964
Monique,wildflower-shirt#White,voyager-stripe-crew#Stripe,hard,0.022857142857142854
Monique,wildflower-shirt#White,makeover-blouse#LimeGreen,hard,0.022857142857142854
Natalie,sugar-snaps-layers-tank#DeepCobalt,natural-textured-poncho#Deeprain,hard,0.0222222222222222
Natalie,sugar-snaps-layers-tank#DeepCobalt,voyager-stripe-crew#Stripe,hard,0.03333333333333338
Mae-Lee,belle-v-neck-forgiver-tunic#BlueMarle,side-buttoned-sweater#Buttoned,hard,0.0066981036406044
Mae-Lee,belle-v-neck-forgiver-tunic#BlueMarle,voyager-stripe-crew#Stripe,hard,0.01849710982658964
Emma,long-sleeve-softly-swinging-bamboo-tee#Fern,voyager-stripe-crew#Stripe,hard,0.020689655172413834
Emma,long-sleeve-softly-swinging-bamboo-tee#Fern,makeover-blouse#LimeGreen,hard,0.020689655172413834
Riina,rory-spliced-zip-hoodie#Slate,voyager-stripe-crew#Stripe,hard,0.022857142857142854
Riina,rory-spliced-zip-hoodie#Slate,makeover-blouse#LimeGreen,hard,0.022857142857142854
Amanda,the-check-pullover#PinkCheck,natural-textured-poncho#Deeprain,hard,0.026966292134831427
Amanda,the-check-pullover#PinkCheck,voyager-stripe-crew#Stripe,hard,0.02921348314606742
Fiona,the-pocket-tee#NavyStripe,natural-textured-poncho#Deeprain,hard,0.0198895027624309
Fiona,the-pocket-tee#NavyStripe,wonderland-blouse#Ink,hard,0.029034976521913555
Emma,long-sleeve-softly-swinging-bamboo-tee#White,voyager-stripe-crew#Stripe,hard,0.020689655172413834
Emma,long-sleeve-softly-swinging-bamboo-tee#White,makeover-blouse#LimeGreen,hard,0.020689655172413834
Amanda,the-blouson-sleeve-jumper#Navy,natural-textured-poncho#Deeprain,hard,0.026966292134831427
Amanda,the-blouson-sleeve-jumper#Navy,voyager-stripe-crew#Stripe,hard,0.02921348314606742
Stefania,the-cross-over-poncho#Grey,voyager-stripe-crew#Stripe,hard,0.016279069767441867
Stefania,the-cross-over-poncho#Grey,makeover-blouse#LimeGreen,hard,0.016279069767441867
Olivia,the-sleeveless-cross-over-blouse#Sunshine,natural-textured-poncho#Deeprain,hard,0.026966292134831427
Olivia,the-sleeveless-cross-over-blouse#Sunshine,voyager-stripe-crew#Stripe,hard,0.02921348314606742
Gemma,cara-tee-4#White,voyager-stripe-crew#Stripe,hard,0.025000000000000022
Gemma,cara-tee-4#White,makeover-blouse#LimeGreen,hard,0.025000000000000022
Jess,the-open-sleeve-blouse#Berry,cara-tee-2#Blush,hard,0.02465728715728717
Jess,the-open-sleeve-blouse#Berry,cara-tee-2#WhiteBlk,hard,0.02465728715728717
Perrie,the-batwing-tee#Stone,natural-textured-poncho#Deeprain,hard,0.024581005586592153
Perrie,the-batwing-tee#Stone,voyager-stripe-crew#Stripe,hard,0.03128491620111734
Laura,the-weekender-shirt#GreyStripe,cara-tee-2#Blush,hard,0.009805425338985667
Laura,the-weekender-shirt#GreyStripe,cara-tee-2#WhiteBlk,hard,0.009805425338985667
Fiona,the-asymmetrical-hem-sweater#Blush,natural-textured-poncho#Deeprain,hard,0.0198895027624309
Fiona,the-asymmetrical-hem-sweater#Blush,wonderland-blouse#Ink,hard,0.029034976521913555
Sophia,the-panel-luxe-top#BlkWhite,cara-tee-2#Blush,hard,0.010112367541426632
Sophia,the-panel-luxe-top#BlkWhite,cara-tee-2#WhiteBlk,hard,0.010112367541426632
Jess,shirt-in-a-box#Silver,cara-tee-2#Blush,hard,0.02465728715728717
Jess,shirt-in-a-box#Silver,cara-tee-2#WhiteBlk,hard,0.02465728715728717
Jess,belle-polka-dot-blouse#WhiteSpot,cara-tee-2#Blush,hard,0.02465728715728717
Jess,belle-polka-dot-blouse#WhiteSpot,cara-tee-2#WhiteBlk,hard,0.02465728715728717
Jess,the-cotton-bamboo-tee#BlueJeans,cara-tee-2#Blush,hard,0.02465728715728717
Jess,the-cotton-bamboo-tee#BlueJeans,cara-tee-2#WhiteBlk,hard,0.02465728715728717
Clementine,the-cross-over-blouse#Red,voyager-stripe-crew#Stripe,hard,0.022857142857142854
Clementine,the-cross-over-blouse#Red,makeover-blouse#LimeGreen,hard,0.022857142857142854
Mae-Lee,agra-shirt#White,side-buttoned-sweater#Buttoned,hard,0.0066981036406044
Mae-Lee,agra-shirt#White,voyager-stripe-crew#Stripe,hard,0.01849710982658964
Stacey,2-in-1-jumper#Navy,makeover-blouse#LimeGreen,hard,0.009467455621301801
Stacey,2-in-1-jumper#Navy,cara-tee-2#Blush,hard,0.04007527669805984
Sophia,the-daily-cross-over-top#SkyBlue,cara-tee-2#Blush,hard,0.010112367541426632
Sophia,the-daily-cross-over-top#SkyBlue,cara-tee-2#WhiteBlk,hard,0.010112367541426632
Katie,sequin-heart-layered-top#Natural,voyager-stripe-crew#Stripe,hard,0.020689655172413834
Katie,sequin-heart-layered-top#Natural,makeover-blouse#LimeGreen,hard,0.020689655172413834
Sophie,crosses-jumper#xmyheart,side-buttoned-sweater#Buttoned,hard,0.0011363636363636576
Sophie,crosses-jumper#xmyheart,the-tie-front-top#Navy,hard,0.017934149184149185
Palatina,the-boat-neck-top-1#NavyWhite,cara-tee-2#Blush,hard,0.02436008474699353
Palatina,the-boat-neck-top-1#NavyWhite,cara-tee-2#WhiteBlk,hard,0.02436008474699353
Laura,layered-tee-2#White,cara-tee-2#Blush,hard,0.009805425338985667
Laura,layered-tee-2#White,cara-tee-2#WhiteBlk,hard,0.009805425338985667
Jess,sugar-snaps-layers-tank#DuckEgg,cara-tee-2#Blush,hard,0.02465728715728717
Jess,sugar-snaps-layers-tank#DuckEgg,cara-tee-2#WhiteBlk,hard,0.02465728715728717
Palatina,the-boat-neck-top#Black,cara-tee-2#Blush,hard,0.02436008474699353
Palatina,the-boat-neck-top#Black,cara-tee-2#WhiteBlk,hard,0.02436008474699353
Sophie,the-everyday-shirt#Black,side-buttoned-sweater#Buttoned,hard,0.0011363636363636576
Sophie,the-everyday-shirt#Black,the-tie-front-top#Navy,hard,0.017934149184149185
Fiona,falling-for-you-cardi#Port,natural-textured-poncho#Deeprain,hard,0.0198895027624309
Fiona,falling-for-you-cardi#Port,wonderland-blouse#Ink,hard,0.029034976521913555
Stacey,open-plains-kimono-throw-1#Rust,makeover-blouse#LimeGreen,hard,0.009467455621301801
Stacey,open-plains-kimono-throw-1#Rust,cara-tee-2#Blush,hard,0.04007527669805984
Jess,print-shirt-1#Blush,cara-tee-2#Blush,hard,0.02465728715728717
Jess,print-shirt-1#Blush,cara-tee-2#WhiteBlk,hard,0.02465728715728717
Nathalie,runaway-top#SoftMint,voyager-stripe-crew#Stripe,hard,0.01403508771929829
Nathalie,runaway-top#SoftMint,makeover-blouse#LimeGreen,hard,0.01403508771929829
Nadine,hayley-button-down#NavySparro,makeover-blouse#LimeGreen,hard,0.004790419161676662
Nadine,hayley-button-down#NavySparro,pure-merino-fine-rib-v-neck#Charcoal,hard,0.02127438771274388
Natalie,the-sleeveless-cross-over-blouse#Salmon,natural-textured-poncho#Deeprain,hard,0.0222222222222222
Natalie,the-sleeveless-cross-over-blouse#Salmon,voyager-stripe-crew#Stripe,hard,0.03333333333333338
Chelsea,the-contrast-34-sleeve-top#Navy,voyager-stripe-crew#Stripe,hard,0.027118644067796627
Chelsea,the-contrast-34-sleeve-top#Navy,makeover-blouse#LimeGreen,hard,0.027118644067796627
Jess,softly-swinging-bamboo-tee#Jewel,cara-tee-2#Blush,hard,0.02465728715728717
Jess,softly-swinging-bamboo-tee#Jewel,cara-tee-2#WhiteBlk,hard,0.02465728715728717
Palatina,under-the-stars-blouse#Petal,cara-tee-2#Blush,hard,0.02436008474699353
Palatina,under-the-stars-blouse#Petal,cara-tee-2#WhiteBlk,hard,0.02436008474699353
Katie,long-sleeve-ruffle-shirt#White,voyager-stripe-crew#Stripe,hard,0.020689655172413834
Katie,long-sleeve-ruffle-shirt#White,makeover-blouse#LimeGreen,hard,0.020689655172413834
Jess,sugar-snaps-layers-tank#White,cara-tee-2#Blush,hard,0.02465728715728717
Jess,sugar-snaps-layers-tank#White,cara-tee-2#WhiteBlk,hard,0.02465728715728717
Maddy,the-cut-out-shoulder-blouse#Salmon,natural-textured-poncho#Deeprain,hard,0.026966292134831427
Maddy,the-cut-out-shoulder-blouse#Salmon,voyager-stripe-crew#Stripe,hard,0.02921348314606742
Jess,softly-swinging-bamboo-tee#White,cara-tee-2#Blush,hard,0.02465728715728717
Jess,softly-swinging-bamboo-tee#White,cara-tee-2#WhiteBlk,hard,0.02465728715728717
Helen,icing-sugar-top#Ivory,voyager-stripe-crew#Stripe,hard,0.026062322946175664
Helen,icing-sugar-top#Ivory,makeover-blouse#LimeGreen,hard,0.026062322946175664
Alex,the-short-sleeve-wrap-jersey-top#Emerald,voyager-stripe-crew#Stripe,hard,0.020689655172413834
Alex,the-short-sleeve-wrap-jersey-top#Emerald,makeover-blouse#LimeGreen,hard,0.020689655172413834
Laura,the-cotton-bamboo-tank#White,cara-tee-2#Blush,hard,0.009805425338985667
Laura,the-cotton-bamboo-tank#White,cara-tee-2#WhiteBlk,hard,0.009805425338985667
Jess,natural-pattern-cocoon-cardigan#Blossom,cara-tee-2#Blush,hard,0.02465728715728717
Jess,natural-pattern-cocoon-cardigan#Blossom,cara-tee-2#WhiteBlk,hard,0.02465728715728717
Jess,the-layered-cross-over-top#Navy,cara-tee-2#Blush,hard,0.02465728715728717
Jess,the-layered-cross-over-top#Navy,cara-tee-2#WhiteBlk,hard,0.02465728715728717
Riina,paradise-cardi#MultiStrip,voyager-stripe-crew#Stripe,hard,0.022857142857142854
Riina,paradise-cardi#MultiStrip,makeover-blouse#LimeGreen,hard,0.022857142857142854
Natalie,the-cross-over-blouse#Black,natural-textured-poncho#Deeprain,hard,0.0222222222222222
Natalie,the-cross-over-blouse#Black,voyager-stripe-crew#Stripe,hard,0.03333333333333338
Natalie,belle-two-in-one-top#Charcoal,natural-textured-poncho#Deeprain,hard,0.0222222222222222
Natalie,belle-two-in-one-top#Charcoal,voyager-stripe-crew#Stripe,hard,0.03333333333333338
Chelsea,star-and-spot-sweater#SilverMult,voyager-stripe-crew#Stripe,hard,0.027118644067796627
Chelsea,star-and-spot-sweater#SilverMult,makeover-blouse#LimeGreen,hard,0.027118644067796627
Georgia,falling-for-you-cardi#Teal,voyager-stripe-crew#Stripe,hard,0.011764705882352955
Georgia,falling-for-you-cardi#Teal,makeover-blouse#LimeGreen,hard,0.011764705882352955
Perrie,the-cut-out-shoulder-blouse#Blue,natural-textured-poncho#Deeprain,hard,0.024581005586592153
Perrie,the-cut-out-shoulder-blouse#Blue,voyager-stripe-crew#Stripe,hard,0.03128491620111734
Mae-Lee,softly-swinging-bamboo-tee#Blush,side-buttoned-sweater#Buttoned,hard,0.0066981036406044
Mae-Lee,softly-swinging-bamboo-tee#Blush,voyager-stripe-crew#Stripe,hard,0.01849710982658964
Katie,lavaux-bell-sleeve#Mustard,voyager-stripe-crew#Stripe,hard,0.020689655172413834
Katie,lavaux-bell-sleeve#Mustard,makeover-blouse#LimeGreen,hard,0.020689655172413834
Amanda,the-layered-cross-over-top#Navy,natural-textured-poncho#Deeprain,hard,0.026966292134831427
Amanda,the-layered-cross-over-top#Navy,voyager-stripe-crew#Stripe,hard,0.02921348314606742
Laura,the-contrast-34-sleeve-top#Navy,cara-tee-2#Blush,hard,0.009805425338985667
Laura,the-contrast-34-sleeve-top#Navy,cara-tee-2#WhiteBlk,hard,0.009805425338985667
Anna,belle-half-sleeve-forgiver-tunic#MutedClay,voyager-stripe-crew#Stripe,hard,0.022857142857142854
Anna,belle-half-sleeve-forgiver-tunic#MutedClay,makeover-blouse#LimeGreen,hard,0.022857142857142854
Fiona,belle-satin-shirt#Black,natural-textured-poncho#Deeprain,hard,0.0198895027624309
Fiona,belle-satin-shirt#Black,wonderland-blouse#Ink,hard,0.029034976521913555
Laura,the-reversible-cowl-neck-top-1#White,cara-tee-2#Blush,hard,0.009805425338985667
Laura,the-reversible-cowl-neck-top-1#White,cara-tee-2#WhiteBlk,hard,0.009805425338985667
Amanda,the-sleeveless-cross-over-blouse#Black,natural-textured-poncho#Deeprain,hard,0.026966292134831427
Amanda,the-sleeveless-cross-over-blouse#Black,voyager-stripe-crew#Stripe,hard,0.02921348314606742
Natalie,the-cross-over-blouse#Sunshine,natural-textured-poncho#Deeprain,hard,0.0222222222222222
Natalie,the-cross-over-blouse#Sunshine,voyager-stripe-crew#Stripe,hard,0.03333333333333338
Shadae,fundamental-rib-long-sleeve-tee#White,voyager-stripe-crew#Stripe,hard,0.027118644067796627
Shadae,fundamental-rib-long-sleeve-tee#White,makeover-blouse#LimeGreen,hard,0.027118644067796627
Mae-Lee,the-cotton-bamboo-tank#Chambray,side-buttoned-sweater#Buttoned,hard,0.0066981036406044
Mae-Lee,the-cotton-bamboo-tank#Chambray,voyager-stripe-crew#Stripe,hard,0.01849710982658964
Laura,the-drape-tee-1#NavyStripe,cara-tee-2#Blush,hard,0.009805425338985667
Laura,the-drape-tee-1#NavyStripe,cara-tee-2#WhiteBlk,hard,0.009805425338985667
Fiona,the-high-low-drape-tee#Sage,natural-textured-poncho#Deeprain,hard,0.0198895027624309
Fiona,the-high-low-drape-tee#Sage,wonderland-blouse#Ink,hard,0.029034976521913555
Ljubenka,softly-swinging-bamboo-tee#Copper,the-uneven-hem-knit-1#Sage,hard,0.02003205128205128
Ljubenka,softly-swinging-bamboo-tee#Copper,natural-textured-poncho#Deeprain,hard,0.0222222222222222
Stacey,chill-out-slouch-top#GreyMarle,makeover-blouse#LimeGreen,hard,0.009467455621301801
Stacey,chill-out-slouch-top#GreyMarle,cara-tee-2#Blush,hard,0.04007527669805984
Mae-Lee,the-relaxed-long-sleeve-tee#Black,side-buttoned-sweater#Buttoned,hard,0.0066981036406044
Mae-Lee,the-relaxed-long-sleeve-tee#Black,voyager-stripe-crew#Stripe,hard,0.01849710982658964
Gemma,hydrangea-kimono#Hydrangea,voyager-stripe-crew#Stripe,hard,0.025000000000000022
Gemma,hydrangea-kimono#Hydrangea,makeover-blouse#LimeGreen,hard,0.025000000000000022
Gemma,love-song-relaxed-blouse#SagePearl,voyager-stripe-crew#Stripe,hard,0.025000000000000022
Gemma,love-song-relaxed-blouse#SagePearl,makeover-blouse#LimeGreen,hard,0.025000000000000022
Kate,the-wrap-jersey-top#JetBlack,natural-textured-poncho#Deeprain,hard,0.0222222222222222
Kate,the-wrap-jersey-top#JetBlack,animal-button-up-shirt#KhakiPrint,hard,0.024927577868754342
Ljubenka,the-cotton-bamboo-tank#Moonbeam,the-uneven-hem-knit-1#Sage,hard,0.02003205128205128
Ljubenka,the-cotton-bamboo-tank#Moonbeam,natural-textured-poncho#Deeprain,hard,0.0222222222222222
Laura,ruffle-top-4#Terracotta,cara-tee-2#Blush,hard,0.009805425338985667
Laura,ruffle-top-4#Terracotta,cara-tee-2#WhiteBlk,hard,0.009805425338985667
Summer,fundamental-split-hoodie#Navy,voyager-stripe-crew#Stripe,hard,0.025000000000000022
Summer,fundamental-split-hoodie#Navy,natural-textured-poncho#Deeprain,hard,0.0318181818181818
Stefania,the-blouson-sleeve-jumper#Grey,voyager-stripe-crew#Stripe,hard,0.016279069767441867
Stefania,the-blouson-sleeve-jumper#Grey,makeover-blouse#LimeGreen,hard,0.016279069767441867
Mae-Lee,falling-for-you-cardi#Dusty,side-buttoned-sweater#Buttoned,hard,0.0066981036406044
Mae-Lee,falling-for-you-cardi#Dusty,voyager-stripe-crew#Stripe,hard,0.01849710982658964
Charlotte,natural-cropped-sleeve-knit#Cloudcover,voyager-stripe-crew#Stripe,hard,0.009467455621301801
Charlotte,natural-cropped-sleeve-knit#Cloudcover,makeover-blouse#LimeGreen,hard,0.009467455621301801
Nikki,hacienda-tunic-pushkar#Cornflower,natural-textured-poncho#Deeprain,hard,0.026966292134831427
Nikki,hacienda-tunic-pushkar#Cornflower,voyager-stripe-crew#Stripe,hard,0.02921348314606742
Stacey,robyn-top-1#Roanne,makeover-blouse#LimeGreen,hard,0.009467455621301801
Stacey,robyn-top-1#Roanne,cara-tee-2#Blush,hard,0.04007527669805984
Georgia,sugar-snaps-layers-tank#Red,voyager-stripe-crew#Stripe,hard,0.011764705882352955
Georgia,sugar-snaps-layers-tank#Red,makeover-blouse#LimeGreen,hard,0.011764705882352955
Laura,the-relaxed-long-sleeve-tee#White,cara-tee-2#Blush,hard,0.009805425338985667
Laura,the-relaxed-long-sleeve-tee#White,cara-tee-2#WhiteBlk,hard,0.009805425338985667
Fiona,be-mine-top-1#Sage,natural-textured-poncho#Deeprain,hard,0.0198895027624309
Fiona,be-mine-top-1#Sage,wonderland-blouse#Ink,hard,0.029034976521913555
Gemma,you-at-my-shoulder-tunic#Black,voyager-stripe-crew#Stripe,hard,0.025000000000000022
Gemma,you-at-my-shoulder-tunic#Black,makeover-blouse#LimeGreen,hard,0.025000000000000022
Riina,the-essential-pullover#DustyPeach,voyager-stripe-crew#Stripe,hard,0.022857142857142854
Riina,the-essential-pullover#DustyPeach,makeover-blouse#LimeGreen,hard,0.022857142857142854
Monique,layered-tunic-1#Natural,voyager-stripe-crew#Stripe,hard,0.022857142857142854
Monique,layered-tunic-1#Natural,makeover-blouse#LimeGreen,hard,0.022857142857142854
Emma,printed-v-neck-top#Striped,voyager-stripe-crew#Stripe,hard,0.020689655172413834
Emma,printed-v-neck-top#Striped,makeover-blouse#LimeGreen,hard,0.020689655172413834
Marnee,sugar-snaps-throw-jacket#White,natural-textured-poncho#Deeprain,hard,0.026966292134831427
Marnee,sugar-snaps-throw-jacket#White,voyager-stripe-crew#Stripe,hard,0.02921348314606742
Maddy,the-wrap-jersey-top#PortSpot,natural-textured-poncho#Deeprain,hard,0.026966292134831427
Maddy,the-wrap-jersey-top#PortSpot,voyager-stripe-crew#Stripe,hard,0.02921348314606742
Ljubenka,the-half-sleeve-tee#White,the-uneven-hem-knit-1#Sage,hard,0.02003205128205128
Ljubenka,the-half-sleeve-tee#White,natural-textured-poncho#Deeprain,hard,0.0222222222222222
Fiona,the-relax-blouse#White,natural-textured-poncho#Deeprain,hard,0.0198895027624309
Fiona,the-relax-blouse#White,wonderland-blouse#Ink,hard,0.029034976521913555
Anna,the-sleeveless-cross-over-blouse#White,voyager-stripe-crew#Stripe,hard,0.022857142857142854
Anna,the-sleeveless-cross-over-blouse#White,makeover-blouse#LimeGreen,hard,0.022857142857142854
Jess,off-shoulder-top-1#Strawberry,cara-tee-2#Blush,hard,0.02465728715728717
Jess,off-shoulder-top-1#Strawberry,cara-tee-2#WhiteBlk,hard,0.02465728715728717
Emma,crosses-jumper#xmyheart,voyager-stripe-crew#Stripe,hard,0.020689655172413834
Emma,crosses-jumper#xmyheart,makeover-blouse#LimeGreen,hard,0.020689655172413834
Fiona,softly-falling-bamboo-tunic#Copper,natural-textured-poncho#Deeprain,hard,0.0198895027624309
Fiona,softly-falling-bamboo-tunic#Copper,wonderland-blouse#Ink,hard,0.029034976521913555
Georgia,sugar-snaps-round-neck-layer-tank#DuckEgg,voyager-stripe-crew#Stripe,hard,0.011764705882352955
Georgia,sugar-snaps-round-neck-layer-tank#DuckEgg,makeover-blouse#LimeGreen,hard,0.011764705882352955
Mae-Lee,the-drape-tee-1#NavyStripe,side-buttoned-sweater#Buttoned,hard,0.0066981036406044
Mae-Lee,the-drape-tee-1#NavyStripe,voyager-stripe-crew#Stripe,hard,0.01849710982658964
Monique,lurex-stitch-top#White,voyager-stripe-crew#Stripe,hard,0.022857142857142854
Monique,lurex-stitch-top#White,makeover-blouse#LimeGreen,hard,0.022857142857142854
Nathalie,the-everyday-shirt#Rose,voyager-stripe-crew#Stripe,hard,0.01403508771929829
Nathalie,the-everyday-shirt#Rose,makeover-blouse#LimeGreen,hard,0.01403508771929829
Madeline,ruffle-top-4#Terracotta,voyager-stripe-crew#Stripe,hard,0.03128491620111734
Madeline,ruffle-top-4#Terracotta,makeover-blouse#LimeGreen,hard,0.03128491620111734
Laura,belle-drape-tee#Black,cara-tee-2#Blush,hard,0.009805425338985667
Laura,belle-drape-tee#Black,cara-tee-2#WhiteBlk,hard,0.009805425338985667
Emma,tie-back-bell-sleeve-top-5#Summerbud,voyager-stripe-crew#Stripe,hard,0.020689655172413834
Emma,tie-back-bell-sleeve-top-5#Summerbud,makeover-blouse#LimeGreen,hard,0.020689655172413834
Chelsea,daylight-jumper#Silver,voyager-stripe-crew#Stripe,hard,0.027118644067796627
Chelsea,daylight-jumper#Silver,makeover-blouse#LimeGreen,hard,0.027118644067796627
Ljubenka,the-cotton-bamboo-tank#DarkNavy,the-uneven-hem-knit-1#Sage,hard,0.02003205128205128
Ljubenka,the-cotton-bamboo-tank#DarkNavy,natural-textured-poncho#Deeprain,hard,0.0222222222222222
Summer,striped-sleeve-sweater#Striped,voyager-stripe-crew#Stripe,hard,0.025000000000000022
Summer,striped-sleeve-sweater#Striped,natural-textured-poncho#Deeprain,hard,0.0318181818181818
Clementine,sugar-snaps-layers-tank#DeepCobalt,voyager-stripe-crew#Stripe,hard,0.022857142857142854
Clementine,sugar-snaps-layers-tank#DeepCobalt,makeover-blouse#LimeGreen,hard,0.022857142857142854
Amanda,the-stitch-detail-top#Pink,natural-textured-poncho#Deeprain,hard,0.026966292134831427
Amanda,the-stitch-detail-top#Pink,voyager-stripe-crew#Stripe,hard,0.02921348314606742
Fiona,lola-bell-sleeve-top-ditsy-daisies#Blue,natural-textured-poncho#Deeprain,hard,0.0198895027624309
Fiona,lola-bell-sleeve-top-ditsy-daisies#Blue,wonderland-blouse#Ink,hard,0.029034976521913555
Georgia,falling-for-you-cardi#GreyMarle,voyager-stripe-crew#Stripe,hard,0.011764705882352955
Georgia,falling-for-you-cardi#GreyMarle,makeover-blouse#LimeGreen,hard,0.011764705882352955
Jess,belle-half-sleeve-forgiver-tunic#White,cara-tee-2#Blush,hard,0.02465728715728717
Jess,belle-half-sleeve-forgiver-tunic#White,cara-tee-2#WhiteBlk,hard,0.02465728715728717
Jess,the-short-sleeve-wrap-jersey-top#Blue,cara-tee-2#Blush,hard,0.02465728715728717
Jess,the-short-sleeve-wrap-jersey-top#Blue,cara-tee-2#WhiteBlk,hard,0.02465728715728717
Stacey,skipping-stones-tunic#Forest,makeover-blouse#LimeGreen,hard,0.009467455621301801
Stacey,skipping-stones-tunic#Forest,cara-tee-2#Blush,hard,0.04007527669805984
Laura,the-essential-layering-tee#White,cara-tee-2#Blush,hard,0.009805425338985667
Laura,the-essential-layering-tee#White,cara-tee-2#WhiteBlk,hard,0.009805425338985667
Georgia,nuzuri-longline-cardi#Forest,voyager-stripe-crew#Stripe,hard,0.011764705882352955
Georgia,nuzuri-longline-cardi#Forest,makeover-blouse#LimeGreen,hard,0.011764705882352955
Tia,the-drape-tee-1#White,the-panel-luxe-top#BlkWhite,hard,0.014767454441367485
Tia,the-drape-tee-1#White,the-panel-luxe-top#SilvWhite,hard,0.014767454441367485
Stacey,the-belle-sleeve-print-top#NavyPrint,makeover-blouse#LimeGreen,hard,0.009467455621301801
Stacey,the-belle-sleeve-print-top#NavyPrint,cara-tee-2#Blush,hard,0.04007527669805984
Jess,falling-for-you-cardi#Port,cara-tee-2#Blush,hard,0.02465728715728717
Jess,falling-for-you-cardi#Port,cara-tee-2#WhiteBlk,hard,0.02465728715728717
Shadae,ember-knit#EmberGlow,voyager-stripe-crew#Stripe,hard,0.027118644067796627
Shadae,ember-knit#EmberGlow,makeover-blouse#LimeGreen,hard,0.027118644067796627
Alex,the-cross-over-blouse#Blue,voyager-stripe-crew#Stripe,hard,0.020689655172413834
Alex,the-cross-over-blouse#Blue,makeover-blouse#LimeGreen,hard,0.020689655172413834
Marnee,long-sleeve-softly-swinging-bamboo-tee#Storm,natural-textured-poncho#Deeprain,hard,0.026966292134831427
Marnee,long-sleeve-softly-swinging-bamboo-tee#Storm,voyager-stripe-crew#Stripe,hard,0.02921348314606742
Mae-Lee,falling-for-you-cardi#Mustard,side-buttoned-sweater#Buttoned,hard,0.0066981036406044
Mae-Lee,falling-for-you-cardi#Mustard,voyager-stripe-crew#Stripe,hard,0.01849710982658964
Jess,the-button-up-swing-tunic#Wine,cara-tee-2#Blush,hard,0.02465728715728717
Jess,the-button-up-swing-tunic#Wine,cara-tee-2#WhiteBlk,hard,0.02465728715728717
Kate,sugar-snaps-layers-tank#NewBeige,natural-textured-poncho#Deeprain,hard,0.0222222222222222
Kate,sugar-snaps-layers-tank#NewBeige,animal-button-up-shirt#KhakiPrint,hard,0.024927577868754342
Chelsea,the-drape-tee-1#Navy,voyager-stripe-crew#Stripe,hard,0.027118644067796627
Chelsea,the-drape-tee-1#Navy,makeover-blouse#LimeGreen,hard,0.027118644067796627
Jess,for-the-frill-top#Ivory,cara-tee-2#Blush,hard,0.02465728715728717
Jess,for-the-frill-top#Ivory,cara-tee-2#WhiteBlk,hard,0.02465728715728717
Jess,long-sleeve-spot-top#Multispot,cara-tee-2#Blush,hard,0.02465728715728717
Jess,long-sleeve-spot-top#Multispot,cara-tee-2#WhiteBlk,hard,0.02465728715728717
Laura,summer-breeze-top-1#White,cara-tee-2#Blush,hard,0.009805425338985667
Laura,summer-breeze-top-1#White,cara-tee-2#WhiteBlk,hard,0.009805425338985667
Chelsea,the-drape-tee-1#Stripe,voyager-stripe-crew#Stripe,hard,0.027118644067796627
Chelsea,the-drape-tee-1#Stripe,makeover-blouse#LimeGreen,hard,0.027118644067796627
Jess,belle-ls-free-fall-tee#Blush,cara-tee-2#Blush,hard,0.02465728715728717
Jess,belle-ls-free-fall-tee#Blush,cara-tee-2#WhiteBlk,hard,0.02465728715728717
Perrie,the-everyday-shirt#Cream,natural-textured-poncho#Deeprain,hard,0.024581005586592153
Perrie,the-everyday-shirt#Cream,voyager-stripe-crew#Stripe,hard,0.03128491620111734
Lauren,natural-cross-back-knit#Lightsmoke,side-buttoned-sweater#Buttoned,hard,0.010019841269841278
Lauren,natural-cross-back-knit#Lightsmoke,voyager-stripe-crew#Stripe,hard,0.03333333333333338
Maddy,the-everyday-shirt#Pink,natural-textured-poncho#Deeprain,hard,0.026966292134831427
Maddy,the-everyday-shirt#Pink,voyager-stripe-crew#Stripe,hard,0.02921348314606742
Georgia,walk-in-the-park-cardi#Sand,voyager-stripe-crew#Stripe,hard,0.011764705882352955
Georgia,walk-in-the-park-cardi#Sand,makeover-blouse#LimeGreen,hard,0.011764705882352955
Sophia,bubbles-print-tee#Cambridge,cara-tee-2#Blush,hard,0.010112367541426632
Sophia,bubbles-print-tee#Cambridge,cara-tee-2#WhiteBlk,hard,0.010112367541426632
Emma,long-sleeve-softly-swinging-bamboo-tee#SilverScon,voyager-stripe-crew#Stripe,hard,0.020689655172413834
Emma,long-sleeve-softly-swinging-bamboo-tee#SilverScon,makeover-blouse#LimeGreen,hard,0.020689655172413834
Lauren,to-the-beat-of-the-drum-kimono#Leaf,side-buttoned-sweater#Buttoned,hard,0.010019841269841278
Lauren,to-the-beat-of-the-drum-kimono#Leaf,voyager-stripe-crew#Stripe,hard,0.03333333333333338
Natalia,the-zip-front-blouse#Khaki,voyager-stripe-crew#Stripe,hard,0.011764705882352955
Natalia,the-zip-front-blouse#Khaki,makeover-blouse#LimeGreen,hard,0.011764705882352955
Fiona,long-sleeve-softly-swinging-bamboo-tee#Smoke,natural-textured-poncho#Deeprain,hard,0.0198895027624309
Fiona,long-sleeve-softly-swinging-bamboo-tee#Smoke,wonderland-blouse#Ink,hard,0.029034976521913555
Chelsea,the-flutter-sleeve-top#SnakePrint,voyager-stripe-crew#Stripe,hard,0.027118644067796627
Chelsea,the-flutter-sleeve-top#SnakePrint,makeover-blouse#LimeGreen,hard,0.027118644067796627
Fiona,sunshine-in-me-tee-1#White,natural-textured-poncho#Deeprain,hard,0.0198895027624309
Fiona,sunshine-in-me-tee-1#White,wonderland-blouse#Ink,hard,0.029034976521913555
Chelsea,luxe-shirt#Champagne,voyager-stripe-crew#Stripe,hard,0.027118644067796627
Chelsea,luxe-shirt#Champagne,makeover-blouse#LimeGreen,hard,0.027118644067796627
Mae-Lee,lurex-stitch-top#White,side-buttoned-sweater#Buttoned,hard,0.0066981036406044
Mae-Lee,lurex-stitch-top#White,voyager-stripe-crew#Stripe,hard,0.01849710982658964
Georgia,softly-swinging-bamboo-tee#Storm,voyager-stripe-crew#Stripe,hard,0.011764705882352955
Georgia,softly-swinging-bamboo-tee#Storm,makeover-blouse#LimeGreen,hard,0.011764705882352955
Mae-Lee,softly-swinging-bamboo-tee#Jewel,side-buttoned-sweater#Buttoned,hard,0.0066981036406044
Mae-Lee,softly-swinging-bamboo-tee#Jewel,voyager-stripe-crew#Stripe,hard,0.01849710982658964
Marnee,soft-and-true-tunic#Pine,natural-textured-poncho#Deeprain,hard,0.026966292134831427
Marnee,soft-and-true-tunic#Pine,voyager-stripe-crew#Stripe,hard,0.02921348314606742
Stacey,bird-jumper#Navy,makeover-blouse#LimeGreen,hard,0.009467455621301801
Stacey,bird-jumper#Navy,cara-tee-2#Blush,hard,0.04007527669805984
Jess,the-stitch-detail-top#Pink,cara-tee-2#Blush,hard,0.02465728715728717
Jess,the-stitch-detail-top#Pink,cara-tee-2#WhiteBlk,hard,0.02465728715728717
Maddy,the-sleeveless-cross-over-blouse#Salmon,natural-textured-poncho#Deeprain,hard,0.026966292134831427
Maddy,the-sleeveless-cross-over-blouse#Salmon,voyager-stripe-crew#Stripe,hard,0.02921348314606742
Sophie,long-sleeve-softly-swinging-bamboo-tee#Oyster,side-buttoned-sweater#Buttoned,hard,0.0011363636363636576
Sophie,long-sleeve-softly-swinging-bamboo-tee#Oyster,the-tie-front-top#Navy,hard,0.017934149184149185
Laura,the-long-sleeve-scoop-neck-tee#Black,cara-tee-2#Blush,hard,0.009805425338985667
Laura,the-long-sleeve-scoop-neck-tee#Black,cara-tee-2#WhiteBlk,hard,0.009805425338985667
Riina,the-daily-essential-jumper#Grey,voyager-stripe-crew#Stripe,hard,0.022857142857142854
Riina,the-daily-essential-jumper#Grey,makeover-blouse#LimeGreen,hard,0.022857142857142854
Mercy,belle-v-neck-forgiver-tunic#Tobacco,voyager-stripe-crew#Stripe,hard,0.01849710982658964
Mercy,belle-v-neck-forgiver-tunic#Tobacco,makeover-blouse#LimeGreen,hard,0.01849710982658964
Tia,sugar-snaps-layers-tank#Mint,the-panel-luxe-top#BlkWhite,hard,0.014767454441367485
Tia,sugar-snaps-layers-tank#Mint,the-panel-luxe-top#SilvWhite,hard,0.014767454441367485
Natalie,the-batwing-tee#Sea,natural-textured-poncho#Deeprain,hard,0.0222222222222222
Natalie,the-batwing-tee#Sea,voyager-stripe-crew#Stripe,hard,0.03333333333333338
Emma,long-sleeve-softly-swinging-bamboo-tee#Oyster,voyager-stripe-crew#Stripe,hard,0.020689655172413834
Emma,long-sleeve-softly-swinging-bamboo-tee#Oyster,makeover-blouse#LimeGreen,hard,0.020689655172413834
Katie,birds-tee-1#Navy,voyager-stripe-crew#Stripe,hard,0.020689655172413834
Katie,birds-tee-1#Navy,makeover-blouse#LimeGreen,hard,0.020689655172413834
Shadae,fundamental-vee-tee#Black,voyager-stripe-crew#Stripe,hard,0.027118644067796627
Shadae,fundamental-vee-tee#Black,makeover-blouse#LimeGreen,hard,0.027118644067796627
Marnee,the-cotton-bamboo-tank#DarkNavy,natural-textured-poncho#Deeprain,hard,0.026966292134831427
Marnee,the-cotton-bamboo-tank#DarkNavy,voyager-stripe-crew#Stripe,hard,0.02921348314606742
Gemma,on-the-horizon-swing-top-1#Khaki,voyager-stripe-crew#Stripe,hard,0.025000000000000022
Gemma,on-the-horizon-swing-top-1#Khaki,makeover-blouse#LimeGreen,hard,0.025000000000000022
Amanda,the-sleeveless-cross-over-blouse#Salmon,natural-textured-poncho#Deeprain,hard,0.026966292134831427
Amanda,the-sleeveless-cross-over-blouse#Salmon,voyager-stripe-crew#Stripe,hard,0.02921348314606742
Fiona,the-ruffle-sleeve-sweat#KhakiMarle,natural-textured-poncho#Deeprain,hard,0.0198895027624309
Fiona,the-ruffle-sleeve-sweat#KhakiMarle,wonderland-blouse#Ink,hard,0.029034976521913555
Amanda,the-bell-sleeve-top#Grey,natural-textured-poncho#Deeprain,hard,0.026966292134831427
Amanda,the-bell-sleeve-top#Grey,voyager-stripe-crew#Stripe,hard,0.02921348314606742
Anna,the-long-sleeve-v-neck-tee#Black,voyager-stripe-crew#Stripe,hard,0.022857142857142854
Anna,the-long-sleeve-v-neck-tee#Black,makeover-blouse#LimeGreen,hard,0.022857142857142854
Laura,the-everyday-shirt#Midnight,cara-tee-2#Blush,hard,0.009805425338985667
Laura,the-everyday-shirt#Midnight,cara-tee-2#WhiteBlk,hard,0.009805425338985667
Chelsea,glasgow-top#Melange,voyager-stripe-crew#Stripe,hard,0.027118644067796627
Chelsea,glasgow-top#Melange,makeover-blouse#LimeGreen,hard,0.027118644067796627
Clementine,the-cotton-bamboo-tank#DuckEgg,voyager-stripe-crew#Stripe,hard,0.022857142857142854
Clementine,the-cotton-bamboo-tank#DuckEgg,makeover-blouse#LimeGreen,hard,0.022857142857142854
Jess,first-mix-top-1#BlackWhite,cara-tee-2#Blush,hard,0.02465728715728717
Jess,first-mix-top-1#BlackWhite,cara-tee-2#WhiteBlk,hard,0.02465728715728717
Amanda,the-essential-pullover#DustyPeach,natural-textured-poncho#Deeprain,hard,0.026966292134831427
Amanda,the-essential-pullover#DustyPeach,voyager-stripe-crew#Stripe,hard,0.02921348314606742
Emma,the-relaxed-long-sleeve-tee#Khaki,voyager-stripe-crew#Stripe,hard,0.020689655172413834
Emma,the-relaxed-long-sleeve-tee#Khaki,makeover-blouse#LimeGreen,hard,0.020689655172413834
Maddy,annabelle-sweater#Midnight,natural-textured-poncho#Deeprain,hard,0.026966292134831427
Maddy,annabelle-sweater#Midnight,voyager-stripe-crew#Stripe,hard,0.02921348314606742
Marnee,the-cotton-bamboo-tank#Chambray,natural-textured-poncho#Deeprain,hard,0.026966292134831427
Marnee,the-cotton-bamboo-tank#Chambray,voyager-stripe-crew#Stripe,hard,0.02921348314606742
Clementine,sugar-snaps-layers-tank#White,voyager-stripe-crew#Stripe,hard,0.022857142857142854
Clementine,sugar-snaps-layers-tank#White,makeover-blouse#LimeGreen,hard,0.022857142857142854
Madeline,bertie-top#Black,voyager-stripe-crew#Stripe,hard,0.03128491620111734
Madeline,bertie-top#Black,makeover-blouse#LimeGreen,hard,0.03128491620111734
Gemma,under-the-stars-blouse#Petal,voyager-stripe-crew#Stripe,hard,0.025000000000000022
Gemma,under-the-stars-blouse#Petal,makeover-blouse#LimeGreen,hard,0.025000000000000022
Fiona,the-luxe-cotton-tunic#White,natural-textured-poncho#Deeprain,hard,0.0198895027624309
Fiona,the-luxe-cotton-tunic#White,wonderland-blouse#Ink,hard,0.029034976521913555
Emma,long-sleeve-check-top#Check,voyager-stripe-crew#Stripe,hard,0.020689655172413834
Emma,long-sleeve-check-top#Check,makeover-blouse#LimeGreen,hard,0.020689655172413834
Lauren,the-twist-front-top#Navy,side-buttoned-sweater#Buttoned,hard,0.010019841269841278
Lauren,the-twist-front-top#Navy,voyager-stripe-crew#Stripe,hard,0.03333333333333338
Palatina,pure-merino-fine-rib-v-neck#Charcoal,cara-tee-2#Blush,hard,0.02436008474699353
Palatina,pure-merino-fine-rib-v-neck#Charcoal,cara-tee-2#WhiteBlk,hard,0.02436008474699353
Natalia,neptune-top-1#PrimBlack,voyager-stripe-crew#Stripe,hard,0.011764705882352955
Natalia,neptune-top-1#PrimBlack,makeover-blouse#LimeGreen,hard,0.011764705882352955
Mae-Lee,the-cotton-bamboo-tee#DustyPink,side-buttoned-sweater#Buttoned,hard,0.0066981036406044
Mae-Lee,the-cotton-bamboo-tee#DustyPink,voyager-stripe-crew#Stripe,hard,0.01849710982658964
Mae-Lee,falling-for-you-cardi#Port,side-buttoned-sweater#Buttoned,hard,0.0066981036406044
Mae-Lee,falling-for-you-cardi#Port,voyager-stripe-crew#Stripe,hard,0.01849710982658964
Georgia,long-sleeve-softly-swinging-bamboo-tee#DuckEgg,voyager-stripe-crew#Stripe,hard,0.011764705882352955
Georgia,long-sleeve-softly-swinging-bamboo-tee#DuckEgg,makeover-blouse#LimeGreen,hard,0.011764705882352955
Mae-Lee,the-short-sleeve-wrap-jersey-top#Emerald,side-buttoned-sweater#Buttoned,hard,0.0066981036406044
Mae-Lee,the-short-sleeve-wrap-jersey-top#Emerald,voyager-stripe-crew#Stripe,hard,0.01849710982658964
Marnee,falling-for-you-cardi#Dusty,natural-textured-poncho#Deeprain,hard,0.026966292134831427
Marnee,falling-for-you-cardi#Dusty,voyager-stripe-crew#Stripe,hard,0.02921348314606742
Laura,the-drape-tee-1#Black,cara-tee-2#Blush,hard,0.009805425338985667
Laura,the-drape-tee-1#Black,cara-tee-2#WhiteBlk,hard,0.009805425338985667
Ljubenka,runaway-top#SoftMint,the-uneven-hem-knit-1#Sage,hard,0.02003205128205128
Ljubenka,runaway-top#SoftMint,natural-textured-poncho#Deeprain,hard,0.0222222222222222
Maddy,the-relaxed-long-sleeve-tee#Pink,natural-textured-poncho#Deeprain,hard,0.026966292134831427
Maddy,the-relaxed-long-sleeve-tee#Pink,voyager-stripe-crew#Stripe,hard,0.02921348314606742
Chelsea,2-in-1-layered-top-1#NavyWhite,voyager-stripe-crew#Stripe,hard,0.027118644067796627
Chelsea,2-in-1-layered-top-1#NavyWhite,makeover-blouse#LimeGreen,hard,0.027118644067796627
Amanda,the-everyday-shirt#Midnight,natural-textured-poncho#Deeprain,hard,0.026966292134831427
Amanda,the-everyday-shirt#Midnight,voyager-stripe-crew#Stripe,hard,0.02921348314606742
Mae-Lee,softly-swinging-bamboo-tee#Copper,side-buttoned-sweater#Buttoned,hard,0.0066981036406044
Mae-Lee,softly-swinging-bamboo-tee#Copper,voyager-stripe-crew#Stripe,hard,0.01849710982658964
Gemma,placement-print-shirt#WhiteNavy,voyager-stripe-crew#Stripe,hard,0.025000000000000022
Gemma,placement-print-shirt#WhiteNavy,makeover-blouse#LimeGreen,hard,0.025000000000000022
Mae-Lee,the-long-sleeve-v-neck-tee#White,side-buttoned-sweater#Buttoned,hard,0.0066981036406044
Mae-Lee,the-long-sleeve-v-neck-tee#White,voyager-stripe-crew#Stripe,hard,0.01849710982658964
Maddy,the-sleeveless-cross-over-blouse#Black,natural-textured-poncho#Deeprain,hard,0.026966292134831427
Maddy,the-sleeveless-cross-over-blouse#Black,voyager-stripe-crew#Stripe,hard,0.02921348314606742
Jess,the-bonded-cotton-shirt#Pink,cara-tee-2#Blush,hard,0.02465728715728717
Jess,the-bonded-cotton-shirt#Pink,cara-tee-2#WhiteBlk,hard,0.02465728715728717
Fiona,the-slouch-pocket-tee#Stripe,natural-textured-poncho#Deeprain,hard,0.0198895027624309
Fiona,the-slouch-pocket-tee#Stripe,wonderland-blouse#Ink,hard,0.029034976521913555
Georgia,layer-me-bamboo-rouched-sleeve-tee#Black,voyager-stripe-crew#Stripe,hard,0.011764705882352955
Georgia,layer-me-bamboo-rouched-sleeve-tee#Black,makeover-blouse#LimeGreen,hard,0.011764705882352955
Palatina,the-essential-pullover#SkyBlue,cara-tee-2#Blush,hard,0.02436008474699353
Palatina,the-essential-pullover#SkyBlue,cara-tee-2#WhiteBlk,hard,0.02436008474699353
Anna,melbourne-stretch-cardigan#NavyWhtStr,voyager-stripe-crew#Stripe,hard,0.022857142857142854
Anna,melbourne-stretch-cardigan#NavyWhtStr,makeover-blouse#LimeGreen,hard,0.022857142857142854
Amanda,the-cross-front-spot-blouse#NavySpot,natural-textured-poncho#Deeprain,hard,0.026966292134831427
Amanda,the-cross-front-spot-blouse#NavySpot,voyager-stripe-crew#Stripe,hard,0.02921348314606742
Georgia,rising-mist-jumper#Nickel,voyager-stripe-crew#Stripe,hard,0.011764705882352955
Georgia,rising-mist-jumper#Nickel,makeover-blouse#LimeGreen,hard,0.011764705882352955
Riina,the-bell-sleeve-top#Grey,voyager-stripe-crew#Stripe,hard,0.022857142857142854
Riina,the-bell-sleeve-top#Grey,makeover-blouse#LimeGreen,hard,0.022857142857142854
Georgia,dusk-top#DuskPrint,voyager-stripe-crew#Stripe,hard,0.011764705882352955
Georgia,dusk-top#DuskPrint,makeover-blouse#LimeGreen,hard,0.011764705882352955
Sophie,long-sleeve-softly-swinging-bamboo-tee#BlueJeans,side-buttoned-sweater#Buttoned,hard,0.0011363636363636576
Sophie,long-sleeve-softly-swinging-bamboo-tee#BlueJeans,the-tie-front-top#Navy,hard,0.017934149184149185
Riina,the-soft-knit-jumper#NavyStripe,voyager-stripe-crew#Stripe,hard,0.022857142857142854
Riina,the-soft-knit-jumper#NavyStripe,makeover-blouse#LimeGreen,hard,0.022857142857142854
Stacey,layer-me-bamboo-rouched-sleeve-tee#Fern,makeover-blouse#LimeGreen,hard,0.009467455621301801
Stacey,layer-me-bamboo-rouched-sleeve-tee#Fern,cara-tee-2#Blush,hard,0.04007527669805984
Alex,the-sleeveless-cross-over-blouse#Black,voyager-stripe-crew#Stripe,hard,0.020689655172413834
Alex,the-sleeveless-cross-over-blouse#Black,makeover-blouse#LimeGreen,hard,0.020689655172413834
Amanda,the-batwing-tee#FrenchBlue,natural-textured-poncho#Deeprain,hard,0.026966292134831427
Amanda,the-batwing-tee#FrenchBlue,voyager-stripe-crew#Stripe,hard,0.02921348314606742
Denniel,the-cut-out-shoulder-blouse#Blue,natural-textured-poncho#Deeprain,hard,0.026966292134831427
Denniel,the-cut-out-shoulder-blouse#Blue,voyager-stripe-crew#Stripe,hard,0.02921348314606742
Fiona,the-tie-detail-hoody#FrenchBlue,natural-textured-poncho#Deeprain,hard,0.0198895027624309
Fiona,the-tie-detail-hoody#FrenchBlue,wonderland-blouse#Ink,hard,0.029034976521913555
Anna,the-long-sleeve-v-neck-tee#White,voyager-stripe-crew#Stripe,hard,0.022857142857142854
Anna,the-long-sleeve-v-neck-tee#White,makeover-blouse#LimeGreen,hard,0.022857142857142854
Georgia,long-sleeve-softly-swinging-bamboo-tee#Cashew,voyager-stripe-crew#Stripe,hard,0.011764705882352955
Georgia,long-sleeve-softly-swinging-bamboo-tee#Cashew,makeover-blouse#LimeGreen,hard,0.011764705882352955
Madeline,natural-crossover-knit-1#Stormcloud,voyager-stripe-crew#Stripe,hard,0.03128491620111734
Madeline,natural-crossover-knit-1#Stormcloud,makeover-blouse#LimeGreen,hard,0.03128491620111734
Gemma,falling-for-you-cardi#Mustard,voyager-stripe-crew#Stripe,hard,0.025000000000000022
Gemma,falling-for-you-cardi#Mustard,makeover-blouse#LimeGreen,hard,0.025000000000000022
Riina,the-luxe-long-sleeve-tee#GreyMarle,voyager-stripe-crew#Stripe,hard,0.022857142857142854
Riina,the-luxe-long-sleeve-tee#GreyMarle,makeover-blouse#LimeGreen,hard,0.022857142857142854
Kate,the-everyday-shirt#Cream,natural-textured-poncho#Deeprain,hard,0.0222222222222222
Kate,the-everyday-shirt#Cream,animal-button-up-shirt#KhakiPrint,hard,0.024927577868754342
Riina,the-bamboo-tunic-dress#Khaki,voyager-stripe-crew#Stripe,hard,0.022857142857142854
Riina,the-bamboo-tunic-dress#Khaki,makeover-blouse#LimeGreen,hard,0.022857142857142854
Georgia,first-love-kimono-jacket#Stone,voyager-stripe-crew#Stripe,hard,0.011764705882352955
Georgia,first-love-kimono-jacket#Stone,makeover-blouse#LimeGreen,hard,0.011764705882352955
Gemma,falling-for-you-cardi#Rust,voyager-stripe-crew#Stripe,hard,0.025000000000000022
Gemma,falling-for-you-cardi#Rust,makeover-blouse#LimeGreen,hard,0.025000000000000022
Olivia,runaway-top#Sand,natural-textured-poncho#Deeprain,hard,0.026966292134831427
Olivia,runaway-top#Sand,voyager-stripe-crew#Stripe,hard,0.02921348314606742
Fiona,chill-out-slouch-top#GreyMarle,natural-textured-poncho#Deeprain,hard,0.0198895027624309
Fiona,chill-out-slouch-top#GreyMarle,wonderland-blouse#Ink,hard,0.029034976521913555
Sophia,falling-for-you-cardi#Teal,cara-tee-2#Blush,hard,0.010112367541426632
Sophia,falling-for-you-cardi#Teal,cara-tee-2#WhiteBlk,hard,0.010112367541426632
Fiona,foil-spot-tee-1#Navy,natural-textured-poncho#Deeprain,hard,0.0198895027624309
Fiona,foil-spot-tee-1#Navy,wonderland-blouse#Ink,hard,0.029034976521913555
Mae-Lee,double-layered-top-1#WBlack,side-buttoned-sweater#Buttoned,hard,0.0066981036406044
Mae-Lee,double-layered-top-1#WBlack,voyager-stripe-crew#Stripe,hard,0.01849710982658964
Clementine,the-cotton-bamboo-tank#DarkNavy,voyager-stripe-crew#Stripe,hard,0.022857142857142854
Clementine,the-cotton-bamboo-tank#DarkNavy,makeover-blouse#LimeGreen,hard,0.022857142857142854
Bree,belle-half-sleeve-forgiver-tunic#Apricot,cara-tee-2#Blush,hard,0.018771830454073445
Bree,belle-half-sleeve-forgiver-tunic#Apricot,cara-tee-2#WhiteBlk,hard,0.018771830454073445
Clementine,the-cross-over-blouse#Sunshine,voyager-stripe-crew#Stripe,hard,0.022857142857142854
Clementine,the-cross-over-blouse#Sunshine,makeover-blouse#LimeGreen,hard,0.022857142857142854
Georgia,sugar-snaps-layers-tank#Black,voyager-stripe-crew#Stripe,hard,0.011764705882352955
Georgia,sugar-snaps-layers-tank#Black,makeover-blouse#LimeGreen,hard,0.011764705882352955
Fiona,starry-night-cardi#Chalk,natural-textured-poncho#Deeprain,hard,0.0198895027624309
Fiona,starry-night-cardi#Chalk,wonderland-blouse#Ink,hard,0.029034976521913555
Summer,long-sleeve-spot-top#Multispot,voyager-stripe-crew#Stripe,hard,0.025000000000000022
Summer,long-sleeve-spot-top#Multispot,natural-textured-poncho#Deeprain,hard,0.0318181818181818
Fiona,falling-for-you-cardi#Mustard,natural-textured-poncho#Deeprain,hard,0.0198895027624309
Fiona,falling-for-you-cardi#Mustard,wonderland-blouse#Ink,hard,0.029034976521913555
Mercy,belle-satin-shirt#Black,voyager-stripe-crew#Stripe,hard,0.01849710982658964
Mercy,belle-satin-shirt#Black,makeover-blouse#LimeGreen,hard,0.01849710982658964
Riina,the-panel-hem-top#DenimMarle,voyager-stripe-crew#Stripe,hard,0.022857142857142854
Riina,the-panel-hem-top#DenimMarle,makeover-blouse#LimeGreen,hard,0.022857142857142854
Palatina,falling-for-you-cardi#Rust,cara-tee-2#Blush,hard,0.02436008474699353
Palatina,falling-for-you-cardi#Rust,cara-tee-2#WhiteBlk,hard,0.02436008474699353
Georgia,falling-for-you-cardi-2#WinterRose,voyager-stripe-crew#Stripe,hard,0.011764705882352955
Georgia,falling-for-you-cardi-2#WinterRose,makeover-blouse#LimeGreen,hard,0.011764705882352955
Laura,the-high-low-drape-tee#Grey,cara-tee-2#Blush,hard,0.009805425338985667
Laura,the-high-low-drape-tee#Grey,cara-tee-2#WhiteBlk,hard,0.009805425338985667
Amanda,the-double-layer-top#White,natural-textured-poncho#Deeprain,hard,0.026966292134831427
Amanda,the-double-layer-top#White,voyager-stripe-crew#Stripe,hard,0.02921348314606742
Sophia,the-pocket-tee#GreyStripe,cara-tee-2#Blush,hard,0.010112367541426632
Sophia,the-pocket-tee#GreyStripe,cara-tee-2#WhiteBlk,hard,0.010112367541426632
Fiona,cross-my-heart-bamboo-slouch-tee#White,natural-textured-poncho#Deeprain,hard,0.0198895027624309
Fiona,cross-my-heart-bamboo-slouch-tee#White,wonderland-blouse#Ink,hard,0.029034976521913555
Fiona,long-sleeve-layer-top#White,natural-textured-poncho#Deeprain,hard,0.0198895027624309
Fiona,long-sleeve-layer-top#White,wonderland-blouse#Ink,hard,0.029034976521913555
Natalia,the-cosy-cardigan#Grey,voyager-stripe-crew#Stripe,hard,0.011764705882352955
Natalia,the-cosy-cardigan#Grey,makeover-blouse#LimeGreen,hard,0.011764705882352955
Summer,cool-breeze-jumper#Dust,voyager-stripe-crew#Stripe,hard,0.025000000000000022
Summer,cool-breeze-jumper#Dust,natural-textured-poncho#Deeprain,hard,0.0318181818181818
Jess,natural-overlay-knit#Greybloss,cara-tee-2#Blush,hard,0.02465728715728717
Jess,natural-overlay-knit#Greybloss,cara-tee-2#WhiteBlk,hard,0.02465728715728717
Fiona,the-frill-wrap-blouse#Spot,natural-textured-poncho#Deeprain,hard,0.0198895027624309
Fiona,the-frill-wrap-blouse#Spot,wonderland-blouse#Ink,hard,0.029034976521913555
Gemma,ryder-cosy-sweater#Blossom,voyager-stripe-crew#Stripe,hard,0.025000000000000022
Gemma,ryder-cosy-sweater#Blossom,makeover-blouse#LimeGreen,hard,0.025000000000000022
Mae-Lee,the-design-fold-tunic-top#PearlBlue,side-buttoned-sweater#Buttoned,hard,0.0066981036406044
Mae-Lee,the-design-fold-tunic-top#PearlBlue,voyager-stripe-crew#Stripe,hard,0.01849710982658964
Marnee,the-drape-tee-1#Stripe,natural-textured-poncho#Deeprain,hard,0.026966292134831427
Marnee,the-drape-tee-1#Stripe,voyager-stripe-crew#Stripe,hard,0.02921348314606742
Emma,overlay-tunic-3-pce-set#Emerald,voyager-stripe-crew#Stripe,hard,0.020689655172413834
Emma,overlay-tunic-3-pce-set#Emerald,makeover-blouse#LimeGreen,hard,0.020689655172413834
Mae-Lee,softly-swinging-bamboo-tee#BlueJeans,side-buttoned-sweater#Buttoned,hard,0.0066981036406044
Mae-Lee,softly-swinging-bamboo-tee#BlueJeans,voyager-stripe-crew#Stripe,hard,0.01849710982658964
Jess,the-sleeveless-cross-over-blouse#Mint,cara-tee-2#Blush,hard,0.02465728715728717
Jess,the-sleeveless-cross-over-blouse#Mint,cara-tee-2#WhiteBlk,hard,0.02465728715728717
Mae-Lee,softly-swinging-bamboo-tee#Navy,side-buttoned-sweater#Buttoned,hard,0.0066981036406044
Mae-Lee,softly-swinging-bamboo-tee#Navy,voyager-stripe-crew#Stripe,hard,0.01849710982658964
Emma,long-sleeve-softly-swinging-bamboo-tee#BlueJeans,voyager-stripe-crew#Stripe,hard,0.020689655172413834
Emma,long-sleeve-softly-swinging-bamboo-tee#BlueJeans,makeover-blouse#LimeGreen,hard,0.020689655172413834
Nadine,the-everyday-shirt#Cream,makeover-blouse#LimeGreen,hard,0.004790419161676662
Nadine,the-everyday-shirt#Cream,pure-merino-fine-rib-v-neck#Charcoal,hard,0.02127438771274388
Miranda,the-side-ring-detail-blouse-1#Black,voyager-stripe-crew#Stripe,hard,0.01403508771929829
Miranda,the-side-ring-detail-blouse-1#Black,makeover-blouse#LimeGreen,hard,0.01403508771929829
Mae-Lee,reversible-scoopv-neck-tank#Navy,side-buttoned-sweater#Buttoned,hard,0.0066981036406044
Mae-Lee,reversible-scoopv-neck-tank#Navy,voyager-stripe-crew#Stripe,hard,0.01849710982658964
Laura,lola-bell-sleeve-top-ditsy-daisies#Blue,cara-tee-2#Blush,hard,0.009805425338985667
Laura,lola-bell-sleeve-top-ditsy-daisies#Blue,cara-tee-2#WhiteBlk,hard,0.009805425338985667
Jude,falling-for-you-cardi#Teal,voyager-stripe-crew#Stripe,hard,0.022857142857142854
Jude,falling-for-you-cardi#Teal,makeover-blouse#LimeGreen,hard,0.022857142857142854
Mercy,belle-v-neck-forgiver-tunic#Black,voyager-stripe-crew#Stripe,hard,0.01849710982658964
Mercy,belle-v-neck-forgiver-tunic#Black,makeover-blouse#LimeGreen,hard,0.01849710982658964
Emma,sugar-snaps-layers-tank#SeaGreen,voyager-stripe-crew#Stripe,hard,0.020689655172413834
Emma,sugar-snaps-layers-tank#SeaGreen,makeover-blouse#LimeGreen,hard,0.020689655172413834
Clementine,the-cross-over-blouse#Blue,voyager-stripe-crew#Stripe,hard,0.022857142857142854
Clementine,the-cross-over-blouse#Blue,makeover-blouse#LimeGreen,hard,0.022857142857142854
Jess,long-sleeve-softly-swinging-bamboo-tee#DuckEgg,cara-tee-2#Blush,hard,0.02465728715728717
Jess,long-sleeve-softly-swinging-bamboo-tee#DuckEgg,cara-tee-2#WhiteBlk,hard,0.02465728715728717
Laura,foil-print-top-2#Navy,cara-tee-2#Blush,hard,0.009805425338985667
Laura,foil-print-top-2#Navy,cara-tee-2#WhiteBlk,hard,0.009805425338985667
Kate,the-cotton-bamboo-tee#White,natural-textured-poncho#Deeprain,hard,0.0222222222222222
Kate,the-cotton-bamboo-tee#White,animal-button-up-shirt#KhakiPrint,hard,0.024927577868754342
Jess,belle-mid-length-knit-cardi#Black,cara-tee-2#Blush,hard,0.02465728715728717
Jess,belle-mid-length-knit-cardi#Black,cara-tee-2#WhiteBlk,hard,0.02465728715728717
Gemma,floral-embroidered-jumper#Navy,voyager-stripe-crew#Stripe,hard,0.025000000000000022
Gemma,floral-embroidered-jumper#Navy,makeover-blouse#LimeGreen,hard,0.025000000000000022
Mae-Lee,long-sleeve-softly-swinging-bamboo-tee#BlueJeans,side-buttoned-sweater#Buttoned,hard,0.0066981036406044
Mae-Lee,long-sleeve-softly-swinging-bamboo-tee#BlueJeans,voyager-stripe-crew#Stripe,hard,0.01849710982658964
Georgia,softly-swinging-bamboo-tee#Cashew,voyager-stripe-crew#Stripe,hard,0.011764705882352955
Georgia,softly-swinging-bamboo-tee#Cashew,makeover-blouse#LimeGreen,hard,0.011764705882352955
Clementine,wrap-me-up-bamboo-top#Black,voyager-stripe-crew#Stripe,hard,0.022857142857142854
Clementine,wrap-me-up-bamboo-top#Black,makeover-blouse#LimeGreen,hard,0.022857142857142854
Chelsea,falling-for-you-cardi#Navy,voyager-stripe-crew#Stripe,hard,0.027118644067796627
Chelsea,falling-for-you-cardi#Navy,makeover-blouse#LimeGreen,hard,0.027118644067796627
Natalie,the-wrap-jersey-top#JetBlack,natural-textured-poncho#Deeprain,hard,0.0222222222222222
Natalie,the-wrap-jersey-top#JetBlack,voyager-stripe-crew#Stripe,hard,0.03333333333333338
Natalia,the-contrast-knit-1#Sage,voyager-stripe-crew#Stripe,hard,0.011764705882352955
Natalia,the-contrast-knit-1#Sage,makeover-blouse#LimeGreen,hard,0.011764705882352955
Maddy,the-sleeveless-cross-over-blouse#Chambray,natural-textured-poncho#Deeprain,hard,0.026966292134831427
Maddy,the-sleeveless-cross-over-blouse#Chambray,voyager-stripe-crew#Stripe,hard,0.02921348314606742
Mae-Lee,for-the-frill-top#Ivory,side-buttoned-sweater#Buttoned,hard,0.0066981036406044
Mae-Lee,for-the-frill-top#Ivory,voyager-stripe-crew#Stripe,hard,0.01849710982658964
Anna,melbourne-stretch-cardigan#Black,voyager-stripe-crew#Stripe,hard,0.022857142857142854
Anna,melbourne-stretch-cardigan#Black,makeover-blouse#LimeGreen,hard,0.022857142857142854
Gemma,foil-striped-2-in-1-top#Blue,voyager-stripe-crew#Stripe,hard,0.025000000000000022
Gemma,foil-striped-2-in-1-top#Blue,makeover-blouse#LimeGreen,hard,0.025000000000000022
Sophie,the-everyday-shirt#Midnight,side-buttoned-sweater#Buttoned,hard,0.0011363636363636576
Sophie,the-everyday-shirt#Midnight,the-tie-front-top#Navy,hard,0.017934149184149185
Anna Maria,the-cross-over-top#GreyStripe,natural-textured-poncho#Deeprain,hard,0.024581005586592153
Anna Maria,the-cross-over-top#GreyStripe,voyager-stripe-crew#Stripe,hard,0.03128491620111734
Alex,the-cotton-bamboo-tee#DuckEgg,voyager-stripe-crew#Stripe,hard,0.020689655172413834
Alex,the-cotton-bamboo-tee#DuckEgg,makeover-blouse#LimeGreen,hard,0.020689655172413834
Katie,silver-cross-sweater#Silver,voyager-stripe-crew#Stripe,hard,0.020689655172413834
Katie,silver-cross-sweater#Silver,makeover-blouse#LimeGreen,hard,0.020689655172413834
Fiona,long-sleeve-softly-swinging-bamboo-tee#Navy,natural-textured-poncho#Deeprain,hard,0.0198895027624309
Fiona,long-sleeve-softly-swinging-bamboo-tee#Navy,wonderland-blouse#Ink,hard,0.029034976521913555
Palatina,falling-for-you-cardi#Navy,cara-tee-2#Blush,hard,0.02436008474699353
Palatina,falling-for-you-cardi#Navy,cara-tee-2#WhiteBlk,hard,0.02436008474699353
Tia,softly-swinging-bamboo-tee#Copper,the-panel-luxe-top#BlkWhite,hard,0.014767454441367485
Tia,softly-swinging-bamboo-tee#Copper,the-panel-luxe-top#SilvWhite,hard,0.014767454441367485
Fiona,the-tie-front-tank#White,natural-textured-poncho#Deeprain,hard,0.0198895027624309
Fiona,the-tie-front-tank#White,wonderland-blouse#Ink,hard,0.029034976521913555
Denniel,the-short-sleeve-wrap-jersey-top#Blue,natural-textured-poncho#Deeprain,hard,0.026966292134831427
Denniel,the-short-sleeve-wrap-jersey-top#Blue,voyager-stripe-crew#Stripe,hard,0.02921348314606742
Laura,the-cotton-bamboo-tank#DarkNavy,cara-tee-2#Blush,hard,0.009805425338985667
Laura,the-cotton-bamboo-tank#DarkNavy,cara-tee-2#WhiteBlk,hard,0.009805425338985667
Riina,the-stitch-v-neck-knit#PinkMarle,voyager-stripe-crew#Stripe,hard,0.022857142857142854
Riina,the-stitch-v-neck-knit#PinkMarle,makeover-blouse#LimeGreen,hard,0.022857142857142854
Mae-Lee,the-cross-over-blouse#Mint,side-buttoned-sweater#Buttoned,hard,0.0066981036406044
Mae-Lee,the-cross-over-blouse#Mint,voyager-stripe-crew#Stripe,hard,0.01849710982658964
Amanda,the-everyday-shirt#Cream,natural-textured-poncho#Deeprain,hard,0.026966292134831427
Amanda,the-everyday-shirt#Cream,voyager-stripe-crew#Stripe,hard,0.02921348314606742
Chelsea,the-cotton-bamboo-ls-top#NavyStripe,voyager-stripe-crew#Stripe,hard,0.027118644067796627
Chelsea,the-cotton-bamboo-ls-top#NavyStripe,makeover-blouse#LimeGreen,hard,0.027118644067796627
Tia,sugar-snaps-layers-tank#SeaGreen,the-panel-luxe-top#BlkWhite,hard,0.014767454441367485
Tia,sugar-snaps-layers-tank#SeaGreen,the-panel-luxe-top#SilvWhite,hard,0.014767454441367485
Emma,longline-cardigan-2#Pink,voyager-stripe-crew#Stripe,hard,0.020689655172413834
Emma,longline-cardigan-2#Pink,makeover-blouse#LimeGreen,hard,0.020689655172413834
Sophie,the-cross-over-top#GreyStripe,side-buttoned-sweater#Buttoned,hard,0.0011363636363636576
Sophie,the-cross-over-top#GreyStripe,the-tie-front-top#Navy,hard,0.017934149184149185
Madeline,llama-long-sleeve-shirt#Mustard,voyager-stripe-crew#Stripe,hard,0.03128491620111734
Madeline,llama-long-sleeve-shirt#Mustard,makeover-blouse#LimeGreen,hard,0.03128491620111734
Marnee,falling-for-you-tunic#Rust,natural-textured-poncho#Deeprain,hard,0.026966292134831427
Marnee,falling-for-you-tunic#Rust,voyager-stripe-crew#Stripe,hard,0.02921348314606742
Miranda,the-define-flute-sleeve-blouse#White,voyager-stripe-crew#Stripe,hard,0.01403508771929829
Miranda,the-define-flute-sleeve-blouse#White,makeover-blouse#LimeGreen,hard,0.01403508771929829
Tia,sugar-snaps-layers-tank#DuckEgg,the-panel-luxe-top#BlkWhite,hard,0.014767454441367485
Tia,sugar-snaps-layers-tank#DuckEgg,the-panel-luxe-top#SilvWhite,hard,0.014767454441367485
Riina,napoleon-top-1#NemoBlue,voyager-stripe-crew#Stripe,hard,0.022857142857142854
Riina,napoleon-top-1#NemoBlue,makeover-blouse#LimeGreen,hard,0.022857142857142854
Denniel,the-batwing-tee#Stone,natural-textured-poncho#Deeprain,hard,0.026966292134831427
Denniel,the-batwing-tee#Stone,voyager-stripe-crew#Stripe,hard,0.02921348314606742
Rosaline,roll-with-me-jumper#Chalk,voyager-stripe-crew#Stripe,hard,0.022857142857142854
Rosaline,roll-with-me-jumper#Chalk,makeover-blouse#LimeGreen,hard,0.022857142857142854
Miranda,the-cape-jersey-top#DarkNavy,voyager-stripe-crew#Stripe,hard,0.01403508771929829
Miranda,the-cape-jersey-top#DarkNavy,makeover-blouse#LimeGreen,hard,0.01403508771929829
Nadine,merino-boyfriend-cardigan#MelangeStr,makeover-blouse#LimeGreen,hard,0.004790419161676662
Nadine,merino-boyfriend-cardigan#MelangeStr,pure-merino-fine-rib-v-neck#Charcoal,hard,0.02127438771274388
Ljubenka,long-sleeve-tee-2#NavyWhite,the-uneven-hem-knit-1#Sage,hard,0.02003205128205128
Ljubenka,long-sleeve-tee-2#NavyWhite,natural-textured-poncho#Deeprain,hard,0.0222222222222222
Olivia,runaway-top#SoftMint,natural-textured-poncho#Deeprain,hard,0.026966292134831427
Olivia,runaway-top#SoftMint,voyager-stripe-crew#Stripe,hard,0.02921348314606742
Laura,falling-for-you-cardi#Black,cara-tee-2#Blush,hard,0.009805425338985667
Laura,falling-for-you-cardi#Black,cara-tee-2#WhiteBlk,hard,0.009805425338985667
Amanda,the-tie-layering-knit#Grey,natural-textured-poncho#Deeprain,hard,0.026966292134831427
Amanda,the-tie-layering-knit#Grey,voyager-stripe-crew#Stripe,hard,0.02921348314606742
Olivia,sugar-snaps-layers-tank#White,natural-textured-poncho#Deeprain,hard,0.026966292134831427
Olivia,sugar-snaps-layers-tank#White,voyager-stripe-crew#Stripe,hard,0.02921348314606742
Maddy,the-relaxed-long-sleeve-tee#Black,natural-textured-poncho#Deeprain,hard,0.026966292134831427
Maddy,the-relaxed-long-sleeve-tee#Black,voyager-stripe-crew#Stripe,hard,0.02921348314606742
Jess,silver-dot-tie-sleeve-blouse#SilverDotP,cara-tee-2#Blush,hard,0.02465728715728717
Jess,silver-dot-tie-sleeve-blouse#SilverDotP,cara-tee-2#WhiteBlk,hard,0.02465728715728717
Laura,jade-kimono-kaleidoscope#Blue,cara-tee-2#Blush,hard,0.009805425338985667
Laura,jade-kimono-kaleidoscope#Blue,cara-tee-2#WhiteBlk,hard,0.009805425338985667
Emma,long-sleeve-softly-swinging-bamboo-tee#Black,voyager-stripe-crew#Stripe,hard,0.020689655172413834
Emma,long-sleeve-softly-swinging-bamboo-tee#Black,makeover-blouse#LimeGreen,hard,0.020689655172413834
Marnee,wrap-me-up-bamboo-top#BlueJeans,natural-textured-poncho#Deeprain,hard,0.026966292134831427
Marnee,wrap-me-up-bamboo-top#BlueJeans,voyager-stripe-crew#Stripe,hard,0.02921348314606742
Mae-Lee,nuzuri-longline-cardi#Forest,side-buttoned-sweater#Buttoned,hard,0.0066981036406044
Mae-Lee,nuzuri-longline-cardi#Forest,voyager-stripe-crew#Stripe,hard,0.01849710982658964
Perrie,marjorie-tie-blouse#BluePrint,natural-textured-poncho#Deeprain,hard,0.024581005586592153
Perrie,marjorie-tie-blouse#BluePrint,voyager-stripe-crew#Stripe,hard,0.03128491620111734
Maddy,saba-top-2#Catus,natural-textured-poncho#Deeprain,hard,0.026966292134831427
Maddy,saba-top-2#Catus,voyager-stripe-crew#Stripe,hard,0.02921348314606742
Fiona,falling-for-you-cardi#Navy,natural-textured-poncho#Deeprain,hard,0.0198895027624309
Fiona,falling-for-you-cardi#Navy,wonderland-blouse#Ink,hard,0.029034976521913555
Jess,natural-extra-fine-sweater#Snowgum,cara-tee-2#Blush,hard,0.02465728715728717
Jess,natural-extra-fine-sweater#Snowgum,cara-tee-2#WhiteBlk,hard,0.02465728715728717
Summer,nova-lux-long-sleeve-tie-top-1#CloudDance,voyager-stripe-crew#Stripe,hard,0.025000000000000022
Summer,nova-lux-long-sleeve-tie-top-1#CloudDance,natural-textured-poncho#Deeprain,hard,0.0318181818181818
Chelsea,the-drape-tee-1#White,voyager-stripe-crew#Stripe,hard,0.027118644067796627
Chelsea,the-drape-tee-1#White,makeover-blouse#LimeGreen,hard,0.027118644067796627
Tia,wildflower-shirt#White,the-panel-luxe-top#BlkWhite,hard,0.014767454441367485
Tia,wildflower-shirt#White,the-panel-luxe-top#SilvWhite,hard,0.014767454441367485
Georgia,batty-about-you-cotton-tee#BlkWhite,voyager-stripe-crew#Stripe,hard,0.011764705882352955
Georgia,batty-about-you-cotton-tee#BlkWhite,makeover-blouse#LimeGreen,hard,0.011764705882352955
Monique,the-cotton-bamboo-tank#White,voyager-stripe-crew#Stripe,hard,0.022857142857142854
Monique,the-cotton-bamboo-tank#White,makeover-blouse#LimeGreen,hard,0.022857142857142854
Natalia,the-tie-layering-knit#Grey,voyager-stripe-crew#Stripe,hard,0.011764705882352955
Natalia,the-tie-layering-knit#Grey,makeover-blouse#LimeGreen,hard,0.011764705882352955
Charlotte,natural-classic-cardigan#Pebble,voyager-stripe-crew#Stripe,hard,0.009467455621301801
Charlotte,natural-classic-cardigan#Pebble,makeover-blouse#LimeGreen,hard,0.009467455621301801
Sophia,the-shoulder-tie-top#Black,cara-tee-2#Blush,hard,0.010112367541426632
Sophia,the-shoulder-tie-top#Black,cara-tee-2#WhiteBlk,hard,0.010112367541426632
Jess,long-sleeve-softly-swinging-bamboo-tee#Smoke,cara-tee-2#Blush,hard,0.02465728715728717
Jess,long-sleeve-softly-swinging-bamboo-tee#Smoke,cara-tee-2#WhiteBlk,hard,0.02465728715728717
Fiona,natural-cosy-sweater#Rosered,natural-textured-poncho#Deeprain,hard,0.0198895027624309
Fiona,natural-cosy-sweater#Rosered,wonderland-blouse#Ink,hard,0.029034976521913555
Ljubenka,belle-tie-neck-blouse-tee#White,the-uneven-hem-knit-1#Sage,hard,0.02003205128205128
Ljubenka,belle-tie-neck-blouse-tee#White,natural-textured-poncho#Deeprain,hard,0.0222222222222222
Alex,the-cross-over-blouse#White,voyager-stripe-crew#Stripe,hard,0.020689655172413834
Alex,the-cross-over-blouse#White,makeover-blouse#LimeGreen,hard,0.020689655172413834
Anna,the-drape-tee-1#White,voyager-stripe-crew#Stripe,hard,0.022857142857142854
Anna,the-drape-tee-1#White,makeover-blouse#LimeGreen,hard,0.022857142857142854
Tia,the-cross-over-blouse#Mint,the-panel-luxe-top#BlkWhite,hard,0.014767454441367485
Tia,the-cross-over-blouse#Mint,the-panel-luxe-top#SilvWhite,hard,0.014767454441367485
Mae-Lee,softly-swinging-bamboo-tee#White,side-buttoned-sweater#Buttoned,hard,0.0066981036406044
Mae-Lee,softly-swinging-bamboo-tee#White,voyager-stripe-crew#Stripe,hard,0.01849710982658964
Fiona,belle-v-neck-forgiver-tunic#DenimMarl,natural-textured-poncho#Deeprain,hard,0.0198895027624309
Fiona,belle-v-neck-forgiver-tunic#DenimMarl,wonderland-blouse#Ink,hard,0.029034976521913555
Anna,melbourne-stretch-cardigan#Navy,voyager-stripe-crew#Stripe,hard,0.022857142857142854
Anna,melbourne-stretch-cardigan#Navy,makeover-blouse#LimeGreen,hard,0.022857142857142854
Chelsea,the-reversible-cowl-neck-top-2#Ocean,voyager-stripe-crew#Stripe,hard,0.027118644067796627
Chelsea,the-reversible-cowl-neck-top-2#Ocean,makeover-blouse#LimeGreen,hard,0.027118644067796627
Jess,the-cotton-bamboo-tank#Moonbeam,cara-tee-2#Blush,hard,0.02465728715728717
Jess,the-cotton-bamboo-tank#Moonbeam,cara-tee-2#WhiteBlk,hard,0.02465728715728717
Georgia,softly-swinging-bamboo-singlet#BlueJean,voyager-stripe-crew#Stripe,hard,0.011764705882352955
Georgia,softly-swinging-bamboo-singlet#BlueJean,makeover-blouse#LimeGreen,hard,0.011764705882352955
Amanda,the-daily-essential-jumper#Grey,natural-textured-poncho#Deeprain,hard,0.026966292134831427
Amanda,the-daily-essential-jumper#Grey,voyager-stripe-crew#Stripe,hard,0.02921348314606742
Laura,hannah-tee-1#Black,cara-tee-2#Blush,hard,0.009805425338985667
Laura,hannah-tee-1#Black,cara-tee-2#WhiteBlk,hard,0.009805425338985667
Charlotte,natural-waterfall-cardigan#Fallendust,voyager-stripe-crew#Stripe,hard,0.009467455621301801
Charlotte,natural-waterfall-cardigan#Fallendust,makeover-blouse#LimeGreen,hard,0.009467455621301801
Stacey,the-bell-sleeve-top#BlkStripe,makeover-blouse#LimeGreen,hard,0.009467455621301801
Stacey,the-bell-sleeve-top#BlkStripe,cara-tee-2#Blush,hard,0.04007527669805984
Sophia,the-shoulder-tie-top#Navy,cara-tee-2#Blush,hard,0.010112367541426632
Sophia,the-shoulder-tie-top#Navy,cara-tee-2#WhiteBlk,hard,0.010112367541426632
Laura,milan-stretch-top#Navy,cara-tee-2#Blush,hard,0.009805425338985667
Laura,milan-stretch-top#Navy,cara-tee-2#WhiteBlk,hard,0.009805425338985667
Marnee,the-drape-tee-1#White,natural-textured-poncho#Deeprain,hard,0.026966292134831427
Marnee,the-drape-tee-1#White,voyager-stripe-crew#Stripe,hard,0.02921348314606742
Summer,capri-tank-3#NavyStripe,voyager-stripe-crew#Stripe,hard,0.025000000000000022
Summer,capri-tank-3#NavyStripe,natural-textured-poncho#Deeprain,hard,0.0318181818181818
Clementine,the-sleeveless-cross-over-blouse#Black,voyager-stripe-crew#Stripe,hard,0.022857142857142854
Clementine,the-sleeveless-cross-over-blouse#Black,makeover-blouse#LimeGreen,hard,0.022857142857142854
Perrie,the-everyday-shirt#Black,natural-textured-poncho#Deeprain,hard,0.024581005586592153
Perrie,the-everyday-shirt#Black,voyager-stripe-crew#Stripe,hard,0.03128491620111734
Riina,the-relaxed-long-sleeve-tee#Navy,voyager-stripe-crew#Stripe,hard,0.022857142857142854
Riina,the-relaxed-long-sleeve-tee#Navy,makeover-blouse#LimeGreen,hard,0.022857142857142854
Marnee,softly-swinging-bamboo-tee#Black,natural-textured-poncho#Deeprain,hard,0.026966292134831427
Marnee,softly-swinging-bamboo-tee#Black,voyager-stripe-crew#Stripe,hard,0.02921348314606742
Anna,milan-stretch-top#Navy,voyager-stripe-crew#Stripe,hard,0.022857142857142854
Anna,milan-stretch-top#Navy,makeover-blouse#LimeGreen,hard,0.022857142857142854
Laura,the-cut-out-shoulder-blouse#White,cara-tee-2#Blush,hard,0.009805425338985667
Laura,the-cut-out-shoulder-blouse#White,cara-tee-2#WhiteBlk,hard,0.009805425338985667
Chelsea,york-linen-blend-top#BurntOrang,voyager-stripe-crew#Stripe,hard,0.027118644067796627
Chelsea,york-linen-blend-top#BurntOrang,makeover-blouse#LimeGreen,hard,0.027118644067796627
Lucy,the-batwing-tee#Sea,manhattan-stretch-tee#White,hard,0.024144177255066686
Lucy,the-batwing-tee#Sea,manhattan-stretch-tee#Navy,hard,0.024144177255066686
Stefania,the-relaxed-batwing-top#PeachRose,voyager-stripe-crew#Stripe,hard,0.016279069767441867
Stefania,the-relaxed-batwing-top#PeachRose,makeover-blouse#LimeGreen,hard,0.016279069767441867
Sophie,long-sleeve-softly-swinging-bamboo-tee#Black,side-buttoned-sweater#Buttoned,hard,0.0011363636363636576
Sophie,long-sleeve-softly-swinging-bamboo-tee#Black,the-tie-front-top#Navy,hard,0.017934149184149185
Summer,square-nk-fray-trim-top#Denim,voyager-stripe-crew#Stripe,hard,0.025000000000000022
Summer,square-nk-fray-trim-top#Denim,natural-textured-poncho#Deeprain,hard,0.0318181818181818
Maddy,the-cotton-bamboo-tank#Moonbeam,natural-textured-poncho#Deeprain,hard,0.026966292134831427
Maddy,the-cotton-bamboo-tank#Moonbeam,voyager-stripe-crew#Stripe,hard,0.02921348314606742
Gemma,eco-78-long-cardigan#DarkGreyM,voyager-stripe-crew#Stripe,hard,0.025000000000000022
Gemma,eco-78-long-cardigan#DarkGreyM,makeover-blouse#LimeGreen,hard,0.025000000000000022
Stacey,contrast-pocket-tunic#Pinkpocket,makeover-blouse#LimeGreen,hard,0.009467455621301801
Stacey,contrast-pocket-tunic#Pinkpocket,cara-tee-2#Blush,hard,0.04007527669805984
Natalia,the-define-flute-sleeve-blouse#Black,voyager-stripe-crew#Stripe,hard,0.011764705882352955
Natalia,the-define-flute-sleeve-blouse#Black,makeover-blouse#LimeGreen,hard,0.011764705882352955
Summer,nova-lux-long-sleeve-tie-top-1#SimplyGree,voyager-stripe-crew#Stripe,hard,0.025000000000000022
Summer,nova-lux-long-sleeve-tie-top-1#SimplyGree,natural-textured-poncho#Deeprain,hard,0.0318181818181818
Tia,the-cut-out-shoulder-blouse#Silver,the-panel-luxe-top#BlkWhite,hard,0.014767454441367485
Tia,the-cut-out-shoulder-blouse#Silver,the-panel-luxe-top#SilvWhite,hard,0.014767454441367485
Marnee,the-button-up-swing-tunic#Wine,natural-textured-poncho#Deeprain,hard,0.026966292134831427
Marnee,the-button-up-swing-tunic#Wine,voyager-stripe-crew#Stripe,hard,0.02921348314606742
Gemma,moonlight-kisses-bamboo-tee#Black,voyager-stripe-crew#Stripe,hard,0.025000000000000022
Gemma,moonlight-kisses-bamboo-tee#Black,makeover-blouse#LimeGreen,hard,0.025000000000000022
Amanda,the-oversize-knit#GreyMarle,natural-textured-poncho#Deeprain,hard,0.026966292134831427
Amanda,the-oversize-knit#GreyMarle,voyager-stripe-crew#Stripe,hard,0.02921348314606742
Madeline,aigli-top#White,voyager-stripe-crew#Stripe,hard,0.03128491620111734
Madeline,aigli-top#White,makeover-blouse#LimeGreen,hard,0.03128491620111734
Ljubenka,the-cross-over-blouse#Sunshine,the-uneven-hem-knit-1#Sage,hard,0.02003205128205128
Ljubenka,the-cross-over-blouse#Sunshine,natural-textured-poncho#Deeprain,hard,0.0222222222222222
Emma,sugar-snaps-layers-tank#White,voyager-stripe-crew#Stripe,hard,0.020689655172413834
Emma,sugar-snaps-layers-tank#White,makeover-blouse#LimeGreen,hard,0.020689655172413834
Monique,the-stella-tee#Marine,voyager-stripe-crew#Stripe,hard,0.022857142857142854
Monique,the-stella-tee#Marine,makeover-blouse#LimeGreen,hard,0.022857142857142854
Chelsea,the-oversized-cotton-blend-shirt#Sand,voyager-stripe-crew#Stripe,hard,0.027118644067796627
Chelsea,the-oversized-cotton-blend-shirt#Sand,makeover-blouse#LimeGreen,hard,0.027118644067796627
Nadine,the-everyday-shirt#Pink,makeover-blouse#LimeGreen,hard,0.004790419161676662
Nadine,the-everyday-shirt#Pink,pure-merino-fine-rib-v-neck#Charcoal,hard,0.02127438771274388
Summer,emerald-knit#Emerald,voyager-stripe-crew#Stripe,hard,0.025000000000000022
Summer,emerald-knit#Emerald,natural-textured-poncho#Deeprain,hard,0.0318181818181818
Summer,napoleon-top-1#NemoBlue,voyager-stripe-crew#Stripe,hard,0.025000000000000022
Summer,napoleon-top-1#NemoBlue,natural-textured-poncho#Deeprain,hard,0.0318181818181818
Jess,belle-flocked-tunic#Pale%20Blue,cara-tee-2#Blush,hard,0.02465728715728717
Jess,belle-flocked-tunic#Pale%20Blue,cara-tee-2#WhiteBlk,hard,0.02465728715728717
Marnee,softly-swinging-bamboo-tee#Blush,natural-textured-poncho#Deeprain,hard,0.026966292134831427
Marnee,softly-swinging-bamboo-tee#Blush,voyager-stripe-crew#Stripe,hard,0.02921348314606742
Natalia,bodega-knit#Moss,voyager-stripe-crew#Stripe,hard,0.011764705882352955
Natalia,bodega-knit#Moss,makeover-blouse#LimeGreen,hard,0.011764705882352955
Amanda,the-panel-luxe-top#SilvWhite,natural-textured-poncho#Deeprain,hard,0.026966292134831427
Amanda,the-panel-luxe-top#SilvWhite,voyager-stripe-crew#Stripe,hard,0.02921348314606742
Jess,everyday-linen-tunic#BotanicalB,cara-tee-2#Blush,hard,0.02465728715728717
Jess,everyday-linen-tunic#BotanicalB,cara-tee-2#WhiteBlk,hard,0.02465728715728717
Fiona,belle-v-neck-forgiver-tunic#BlueMarle,natural-textured-poncho#Deeprain,hard,0.0198895027624309
Fiona,belle-v-neck-forgiver-tunic#BlueMarle,wonderland-blouse#Ink,hard,0.029034976521913555
Riina,the-roll-neck-sweater#Natural,voyager-stripe-crew#Stripe,hard,0.022857142857142854
Riina,the-roll-neck-sweater#Natural,makeover-blouse#LimeGreen,hard,0.022857142857142854
Georgia,to-the-beat-of-the-drum-kimono#Leaf,voyager-stripe-crew#Stripe,hard,0.011764705882352955
Georgia,to-the-beat-of-the-drum-kimono#Leaf,makeover-blouse#LimeGreen,hard,0.011764705882352955
Fiona,the-reversible-cowl-neck-top-1#White,natural-textured-poncho#Deeprain,hard,0.0198895027624309
Fiona,the-reversible-cowl-neck-top-1#White,wonderland-blouse#Ink,hard,0.029034976521913555
Perrie,shirt-in-a-box#Silver,natural-textured-poncho#Deeprain,hard,0.024581005586592153
Perrie,shirt-in-a-box#Silver,voyager-stripe-crew#Stripe,hard,0.03128491620111734
Jess,belle-v-neck-forgiver-tunic#Navy,cara-tee-2#Blush,hard,0.02465728715728717
Jess,belle-v-neck-forgiver-tunic#Navy,cara-tee-2#WhiteBlk,hard,0.02465728715728717
Marnee,falling-for-you-tunic#Black,natural-textured-poncho#Deeprain,hard,0.026966292134831427
Marnee,falling-for-you-tunic#Black,voyager-stripe-crew#Stripe,hard,0.02921348314606742
Mae-Lee,the-drape-tee-1#White,side-buttoned-sweater#Buttoned,hard,0.0066981036406044
Mae-Lee,the-drape-tee-1#White,voyager-stripe-crew#Stripe,hard,0.01849710982658964
Nadine,the-everyday-shirt#Black,makeover-blouse#LimeGreen,hard,0.004790419161676662
Nadine,the-everyday-shirt#Black,pure-merino-fine-rib-v-neck#Charcoal,hard,0.02127438771274388
Summer,fundamental-split-hoodie#Pink,voyager-stripe-crew#Stripe,hard,0.025000000000000022
Summer,fundamental-split-hoodie#Pink,natural-textured-poncho#Deeprain,hard,0.0318181818181818
Tia,the-everyday-shirt#Black,the-panel-luxe-top#BlkWhite,hard,0.014767454441367485
Tia,the-everyday-shirt#Black,the-panel-luxe-top#SilvWhite,hard,0.014767454441367485
Georgia,layer-me-bamboo-rouched-sleeve-tee#Fern,voyager-stripe-crew#Stripe,hard,0.011764705882352955
Georgia,layer-me-bamboo-rouched-sleeve-tee#Fern,makeover-blouse#LimeGreen,hard,0.011764705882352955
Marnee,the-relaxed-long-sleeve-tee#Navy,natural-textured-poncho#Deeprain,hard,0.026966292134831427
Marnee,the-relaxed-long-sleeve-tee#Navy,voyager-stripe-crew#Stripe,hard,0.02921348314606742
Grazi,germaine-blouse#Pearl,voyager-stripe-crew#Stripe,hard,0.016279069767441867
Grazi,germaine-blouse#Pearl,makeover-blouse#LimeGreen,hard,0.016279069767441867
Mae-Lee,the-batwing-tee#FrenchBlue,side-buttoned-sweater#Buttoned,hard,0.0066981036406044
Mae-Lee,the-batwing-tee#FrenchBlue,voyager-stripe-crew#Stripe,hard,0.01849710982658964
Jess,the-v-split-blouse#Salmon,cara-tee-2#Blush,hard,0.02465728715728717
Jess,the-v-split-blouse#Salmon,cara-tee-2#WhiteBlk,hard,0.02465728715728717
Sophie,the-daily-cross-over-top#PinkPrint,side-buttoned-sweater#Buttoned,hard,0.0011363636363636576
Sophie,the-daily-cross-over-top#PinkPrint,the-tie-front-top#Navy,hard,0.017934149184149185
Fiona,the-contrast-detail-top#Ivory,natural-textured-poncho#Deeprain,hard,0.0198895027624309
Fiona,the-contrast-detail-top#Ivory,wonderland-blouse#Ink,hard,0.029034976521913555
Georgia,falling-for-you-cardi#Dusty,voyager-stripe-crew#Stripe,hard,0.011764705882352955
Georgia,falling-for-you-cardi#Dusty,makeover-blouse#LimeGreen,hard,0.011764705882352955
Fiona,summer-haze-top#Teal,natural-textured-poncho#Deeprain,hard,0.0198895027624309
Fiona,summer-haze-top#Teal,wonderland-blouse#Ink,hard,0.029034976521913555
Laura,the-drape-tee-1#Navy,cara-tee-2#Blush,hard,0.009805425338985667
Laura,the-drape-tee-1#Navy,cara-tee-2#WhiteBlk,hard,0.009805425338985667
Anna,the-everyday-shirt#Pink,voyager-stripe-crew#Stripe,hard,0.022857142857142854
Anna,the-everyday-shirt#Pink,makeover-blouse#LimeGreen,hard,0.022857142857142854
Georgia,layer-me-bamboo-rouched-sleeve-tee#White,voyager-stripe-crew#Stripe,hard,0.011764705882352955
Georgia,layer-me-bamboo-rouched-sleeve-tee#White,makeover-blouse#LimeGreen,hard,0.011764705882352955
Chelsea,falling-for-you-cardi#Khaki,voyager-stripe-crew#Stripe,hard,0.027118644067796627
Chelsea,falling-for-you-cardi#Khaki,makeover-blouse#LimeGreen,hard,0.027118644067796627
Sophia,falling-for-you-cardi#Khaki,cara-tee-2#Blush,hard,0.010112367541426632
Sophia,falling-for-you-cardi#Khaki,cara-tee-2#WhiteBlk,hard,0.010112367541426632
Marnee,walk-in-the-park-cardi#Sand,natural-textured-poncho#Deeprain,hard,0.026966292134831427
Marnee,walk-in-the-park-cardi#Sand,voyager-stripe-crew#Stripe,hard,0.02921348314606742
Sophia,the-linen-tie-sleeve-top#GreyMarle,cara-tee-2#Blush,hard,0.010112367541426632
Sophia,the-linen-tie-sleeve-top#GreyMarle,cara-tee-2#WhiteBlk,hard,0.010112367541426632
Fiona,the-double-layer-top#White,natural-textured-poncho#Deeprain,hard,0.0198895027624309
Fiona,the-double-layer-top#White,wonderland-blouse#Ink,hard,0.029034976521913555
Jess,layer-me-bamboo-rouched-sleeve-tee#Fern,cara-tee-2#Blush,hard,0.02465728715728717
Jess,layer-me-bamboo-rouched-sleeve-tee#Fern,cara-tee-2#WhiteBlk,hard,0.02465728715728717
Shadae,st-helens-henley-tee#Sapphire,voyager-stripe-crew#Stripe,hard,0.027118644067796627
Shadae,st-helens-henley-tee#Sapphire,makeover-blouse#LimeGreen,hard,0.027118644067796627
Fiona,the-cosy-cardigan#Grey,natural-textured-poncho#Deeprain,hard,0.0198895027624309
Fiona,the-cosy-cardigan#Grey,wonderland-blouse#Ink,hard,0.029034976521913555
Lisa,frill-sleeve-top-1#LeafPrint,voyager-stripe-crew#Stripe,hard,0.020689655172413834
Lisa,frill-sleeve-top-1#LeafPrint,makeover-blouse#LimeGreen,hard,0.020689655172413834
Lisa,the-boat-neck-top#Black,voyager-stripe-crew#Stripe,hard,0.020689655172413834
Lisa,the-boat-neck-top#Black,makeover-blouse#LimeGreen,hard,0.020689655172413834
Fiona,cool-breeze-jumper#Dust,natural-textured-poncho#Deeprain,hard,0.0198895027624309
Fiona,cool-breeze-jumper#Dust,wonderland-blouse#Ink,hard,0.029034976521913555
Ljubenka,belle-half-sleeve-forgiver-tunic#BlueBonnet,the-uneven-hem-knit-1#Sage,hard,0.02003205128205128
Ljubenka,belle-half-sleeve-forgiver-tunic#BlueBonnet,natural-textured-poncho#Deeprain,hard,0.0222222222222222
Jess,cotton-stripe-cardi-with-pockets#White,cara-tee-2#Blush,hard,0.02465728715728717
Jess,cotton-stripe-cardi-with-pockets#White,cara-tee-2#WhiteBlk,hard,0.02465728715728717
Mae-Lee,belle-v-neck-forgiver-tunic#Charcoal,side-buttoned-sweater#Buttoned,hard,0.0066981036406044
Mae-Lee,belle-v-neck-forgiver-tunic#Charcoal,voyager-stripe-crew#Stripe,hard,0.01849710982658964
Marnee,the-drape-tee-1#Black,natural-textured-poncho#Deeprain,hard,0.026966292134831427
Marnee,the-drape-tee-1#Black,voyager-stripe-crew#Stripe,hard,0.02921348314606742
Clementine,sugar-snaps-layers-tank#PeachyKeen,voyager-stripe-crew#Stripe,hard,0.022857142857142854
Clementine,sugar-snaps-layers-tank#PeachyKeen,makeover-blouse#LimeGreen,hard,0.022857142857142854
Riina,the-zip-front-blouse#Khaki,voyager-stripe-crew#Stripe,hard,0.022857142857142854
Riina,the-zip-front-blouse#Khaki,makeover-blouse#LimeGreen,hard,0.022857142857142854
Marnee,long-sleeve-softly-swinging-bamboo-tee#White,natural-textured-poncho#Deeprain,hard,0.026966292134831427
Marnee,long-sleeve-softly-swinging-bamboo-tee#White,voyager-stripe-crew#Stripe,hard,0.02921348314606742
Mae-Lee,the-printed-v-split-top#Natural,side-buttoned-sweater#Buttoned,hard,0.0066981036406044
Mae-Lee,the-printed-v-split-top#Natural,voyager-stripe-crew#Stripe,hard,0.01849710982658964
Summer,contrast-pocket-tunic#Pinkpocket,voyager-stripe-crew#Stripe,hard,0.025000000000000022
Summer,contrast-pocket-tunic#Pinkpocket,natural-textured-poncho#Deeprain,hard,0.0318181818181818
Monique,reversible-scoopv-neck-tank#Black,voyager-stripe-crew#Stripe,hard,0.022857142857142854
Monique,reversible-scoopv-neck-tank#Black,makeover-blouse#LimeGreen,hard,0.022857142857142854
Natalie,the-long-sleeve-v-neck-tee#Black,natural-textured-poncho#Deeprain,hard,0.0222222222222222
Natalie,the-long-sleeve-v-neck-tee#Black,voyager-stripe-crew#Stripe,hard,0.03333333333333338
Natalia,the-define-flute-sleeve-blouse#White,voyager-stripe-crew#Stripe,hard,0.011764705882352955
Natalia,the-define-flute-sleeve-blouse#White,makeover-blouse#LimeGreen,hard,0.011764705882352955
Sophie,the-relaxed-long-sleeve-tee#White,side-buttoned-sweater#Buttoned,hard,0.0011363636363636576
Sophie,the-relaxed-long-sleeve-tee#White,the-tie-front-top#Navy,hard,0.017934149184149185
Anna,the-cross-over-blouse#Red,voyager-stripe-crew#Stripe,hard,0.022857142857142854
Anna,the-cross-over-blouse#Red,makeover-blouse#LimeGreen,hard,0.022857142857142854
Natalia,lavaux-bell-sleeve#Mustard,voyager-stripe-crew#Stripe,hard,0.011764705882352955
Natalia,lavaux-bell-sleeve#Mustard,makeover-blouse#LimeGreen,hard,0.011764705882352955
Fiona,roll-with-me-jumper#Chalk,natural-textured-poncho#Deeprain,hard,0.0198895027624309
Fiona,roll-with-me-jumper#Chalk,wonderland-blouse#Ink,hard,0.029034976521913555
Laura,the-roll-neck-sleeveless-top-1#Black,cara-tee-2#Blush,hard,0.009805425338985667
Laura,the-roll-neck-sleeveless-top-1#Black,cara-tee-2#WhiteBlk,hard,0.009805425338985667
Tia,softly-swinging-bamboo-tee#Black,the-panel-luxe-top#BlkWhite,hard,0.014767454441367485
Tia,softly-swinging-bamboo-tee#Black,the-panel-luxe-top#SilvWhite,hard,0.014767454441367485
Summer,rama-top#Stonewash,voyager-stripe-crew#Stripe,hard,0.025000000000000022
Summer,rama-top#Stonewash,natural-textured-poncho#Deeprain,hard,0.0318181818181818
Monique,double-layered-top-1#WSilver,voyager-stripe-crew#Stripe,hard,0.022857142857142854
Monique,double-layered-top-1#WSilver,makeover-blouse#LimeGreen,hard,0.022857142857142854
Georgia,sugar-snaps-throw-jacket#Duckegg,voyager-stripe-crew#Stripe,hard,0.011764705882352955
Georgia,sugar-snaps-throw-jacket#Duckegg,makeover-blouse#LimeGreen,hard,0.011764705882352955
Chesska,coogee-shirt#White,voyager-stripe-crew#Stripe,hard,0.01849710982658964
Chesska,coogee-shirt#White,makeover-blouse#LimeGreen,hard,0.01849710982658964
Laura,belle-v-neck-forgiver-tunic#Navy,cara-tee-2#Blush,hard,0.009805425338985667
Laura,belle-v-neck-forgiver-tunic#Navy,cara-tee-2#WhiteBlk,hard,0.009805425338985667
Mae-Lee,belle-lace-trim-tee#GreyMarle,side-buttoned-sweater#Buttoned,hard,0.0066981036406044
Mae-Lee,belle-lace-trim-tee#GreyMarle,voyager-stripe-crew#Stripe,hard,0.01849710982658964
Emma,crushed-top#Blue,voyager-stripe-crew#Stripe,hard,0.020689655172413834
Emma,crushed-top#Blue,makeover-blouse#LimeGreen,hard,0.020689655172413834
Chelsea,the-cross-over-poncho#Navy,voyager-stripe-crew#Stripe,hard,0.027118644067796627
Chelsea,the-cross-over-poncho#Navy,makeover-blouse#LimeGreen,hard,0.027118644067796627
Ljubenka,belle-flocked-tunic#Pale%20Blue,the-uneven-hem-knit-1#Sage,hard,0.02003205128205128
Ljubenka,belle-flocked-tunic#Pale%20Blue,natural-textured-poncho#Deeprain,hard,0.0222222222222222
Natalia,lola-bell-sleeve-top-entangled-vines#Gold,voyager-stripe-crew#Stripe,hard,0.011764705882352955
Natalia,lola-bell-sleeve-top-entangled-vines#Gold,makeover-blouse#LimeGreen,hard,0.011764705882352955
Chelsea,milan-34-sleeve-1#Melange,voyager-stripe-crew#Stripe,hard,0.027118644067796627
Chelsea,milan-34-sleeve-1#Melange,makeover-blouse#LimeGreen,hard,0.027118644067796627
Monique,yvette-blouse#Black,voyager-stripe-crew#Stripe,hard,0.022857142857142854
Monique,yvette-blouse#Black,makeover-blouse#LimeGreen,hard,0.022857142857142854
Alex,the-short-sleeve-wrap-jersey-top#NavyWhite,voyager-stripe-crew#Stripe,hard,0.020689655172413834
Alex,the-short-sleeve-wrap-jersey-top#NavyWhite,makeover-blouse#LimeGreen,hard,0.020689655172413834
Jess,long-sleeve-ruffle-shirt#Black,cara-tee-2#Blush,hard,0.02465728715728717
Jess,long-sleeve-ruffle-shirt#Black,cara-tee-2#WhiteBlk,hard,0.02465728715728717
Mercy,belle-cowl-swing-sweater#Green,voyager-stripe-crew#Stripe,hard,0.01849710982658964
Mercy,belle-cowl-swing-sweater#Green,makeover-blouse#LimeGreen,hard,0.01849710982658964
Tia,the-drape-tee-1#Stripe,the-panel-luxe-top#BlkWhite,hard,0.014767454441367485
Tia,the-drape-tee-1#Stripe,the-panel-luxe-top#SilvWhite,hard,0.014767454441367485
Gemma,kimberly-spliced-top#Black,voyager-stripe-crew#Stripe,hard,0.025000000000000022
Gemma,kimberly-spliced-top#Black,makeover-blouse#LimeGreen,hard,0.025000000000000022
Laura,the-everyday-shirt#Black,cara-tee-2#Blush,hard,0.009805425338985667
Laura,the-everyday-shirt#Black,cara-tee-2#WhiteBlk,hard,0.009805425338985667
Fiona,the-daily-essential-jumper#Grey,natural-textured-poncho#Deeprain,hard,0.0198895027624309
Fiona,the-daily-essential-jumper#Grey,wonderland-blouse#Ink,hard,0.029034976521913555
Laura,delicado-top#White,cara-tee-2#Blush,hard,0.009805425338985667
Laura,delicado-top#White,cara-tee-2#WhiteBlk,hard,0.009805425338985667
Chelsea,cross-over-top-with-pocket#BlackWhite,voyager-stripe-crew#Stripe,hard,0.027118644067796627
Chelsea,cross-over-top-with-pocket#BlackWhite,makeover-blouse#LimeGreen,hard,0.027118644067796627
Anna,the-drape-tee-1#Stripe,voyager-stripe-crew#Stripe,hard,0.022857142857142854
Anna,the-drape-tee-1#Stripe,makeover-blouse#LimeGreen,hard,0.022857142857142854
Mae-Lee,belle-half-sleeve-forgiver-tunic#Apricot,side-buttoned-sweater#Buttoned,hard,0.0066981036406044
Mae-Lee,belle-half-sleeve-forgiver-tunic#Apricot,voyager-stripe-crew#Stripe,hard,0.01849710982658964
Laura,the-sleeveless-cross-over-blouse#Cobalt,cara-tee-2#Blush,hard,0.009805425338985667
Laura,the-sleeveless-cross-over-blouse#Cobalt,cara-tee-2#WhiteBlk,hard,0.009805425338985667
Kate,the-cross-over-blouse#Sunshine,natural-textured-poncho#Deeprain,hard,0.0222222222222222
Kate,the-cross-over-blouse#Sunshine,animal-button-up-shirt#KhakiPrint,hard,0.024927577868754342
Alex,the-cotton-bamboo-tee#BlueJeans,voyager-stripe-crew#Stripe,hard,0.020689655172413834
Alex,the-cotton-bamboo-tee#BlueJeans,makeover-blouse#LimeGreen,hard,0.020689655172413834
Georgia,softly-swinging-bamboo-tee#Navy,voyager-stripe-crew#Stripe,hard,0.011764705882352955
Georgia,softly-swinging-bamboo-tee#Navy,makeover-blouse#LimeGreen,hard,0.011764705882352955
Laura,the-batwing-tee#Stone,cara-tee-2#Blush,hard,0.009805425338985667
Laura,the-batwing-tee#Stone,cara-tee-2#WhiteBlk,hard,0.009805425338985667
Natalie,sugar-snaps-layers-tank#Mint,natural-textured-poncho#Deeprain,hard,0.0222222222222222
Natalie,sugar-snaps-layers-tank#Mint,voyager-stripe-crew#Stripe,hard,0.03333333333333338
Anna,the-batwing-tee#Black,voyager-stripe-crew#Stripe,hard,0.022857142857142854
Anna,the-batwing-tee#Black,makeover-blouse#LimeGreen,hard,0.022857142857142854
Mercy,belle-tie-front-shirt#Black,voyager-stripe-crew#Stripe,hard,0.01849710982658964
Mercy,belle-tie-front-shirt#Black,makeover-blouse#LimeGreen,hard,0.01849710982658964
Fiona,the-blouson-sleeve-jumper#Grey,natural-textured-poncho#Deeprain,hard,0.0198895027624309
Fiona,the-blouson-sleeve-jumper#Grey,wonderland-blouse#Ink,hard,0.029034976521913555
Miranda,the-french-cuff-shirt#White,voyager-stripe-crew#Stripe,hard,0.01403508771929829
Miranda,the-french-cuff-shirt#White,makeover-blouse#LimeGreen,hard,0.01403508771929829
Ljubenka,the-cotton-bamboo-tank#White,the-uneven-hem-knit-1#Sage,hard,0.02003205128205128
Ljubenka,the-cotton-bamboo-tank#White,natural-textured-poncho#Deeprain,hard,0.0222222222222222
Summer,haze-swing-top#OffWhite,voyager-stripe-crew#Stripe,hard,0.025000000000000022
Summer,haze-swing-top#OffWhite,natural-textured-poncho#Deeprain,hard,0.0318181818181818
Amanda,the-midi-waterfall-cardi#BlueMarle,natural-textured-poncho#Deeprain,hard,0.026966292134831427
Amanda,the-midi-waterfall-cardi#BlueMarle,voyager-stripe-crew#Stripe,hard,0.02921348314606742
Sophia,falling-for-you-cardi#Dusty,cara-tee-2#Blush,hard,0.010112367541426632
Sophia,falling-for-you-cardi#Dusty,cara-tee-2#WhiteBlk,hard,0.010112367541426632
Emma,everyday-linen-tunic#BotanicalB,voyager-stripe-crew#Stripe,hard,0.020689655172413834
Emma,everyday-linen-tunic#BotanicalB,makeover-blouse#LimeGreen,hard,0.020689655172413834
Jess,belle-petal-print-top#Petal,cara-tee-2#Blush,hard,0.02465728715728717
Jess,belle-petal-print-top#Petal,cara-tee-2#WhiteBlk,hard,0.02465728715728717
Laura,the-cross-over-blouse#Mint,cara-tee-2#Blush,hard,0.009805425338985667
Laura,the-cross-over-blouse#Mint,cara-tee-2#WhiteBlk,hard,0.009805425338985667
Sophie,the-relaxed-long-sleeve-tee#Khaki,side-buttoned-sweater#Buttoned,hard,0.0011363636363636576
Sophie,the-relaxed-long-sleeve-tee#Khaki,the-tie-front-top#Navy,hard,0.017934149184149185
Laura,the-cross-over-blouse#Blue,cara-tee-2#Blush,hard,0.009805425338985667
Laura,the-cross-over-blouse#Blue,cara-tee-2#WhiteBlk,hard,0.009805425338985667
Fiona,the-essential-layering-tee#Ink,natural-textured-poncho#Deeprain,hard,0.0198895027624309
Fiona,the-essential-layering-tee#Ink,wonderland-blouse#Ink,hard,0.029034976521913555
Anna,the-cut-out-shoulder-blouse#Black,voyager-stripe-crew#Stripe,hard,0.022857142857142854
Anna,the-cut-out-shoulder-blouse#Black,makeover-blouse#LimeGreen,hard,0.022857142857142854
Fiona,long-sleeve-softly-swinging-bamboo-tee#Copper,natural-textured-poncho#Deeprain,hard,0.0198895027624309
Fiona,long-sleeve-softly-swinging-bamboo-tee#Copper,wonderland-blouse#Ink,hard,0.029034976521913555
Laura,softly-swinging-bamboo-tee#Copper,cara-tee-2#Blush,hard,0.009805425338985667
Laura,softly-swinging-bamboo-tee#Copper,cara-tee-2#WhiteBlk,hard,0.009805425338985667
Maddy,the-cotton-bamboo-tank#DuckEgg,natural-textured-poncho#Deeprain,hard,0.026966292134831427
Maddy,the-cotton-bamboo-tank#DuckEgg,voyager-stripe-crew#Stripe,hard,0.02921348314606742
Jess,the-sleeveless-cross-over-blouse#Salmon,cara-tee-2#Blush,hard,0.02465728715728717
Jess,the-sleeveless-cross-over-blouse#Salmon,cara-tee-2#WhiteBlk,hard,0.02465728715728717
Laura,jade-kimono-sweet-blossoms#Blue,cara-tee-2#Blush,hard,0.009805425338985667
Laura,jade-kimono-sweet-blossoms#Blue,cara-tee-2#WhiteBlk,hard,0.009805425338985667
Laura,the-everyday-shirt#Cream,cara-tee-2#Blush,hard,0.009805425338985667
Laura,the-everyday-shirt#Cream,cara-tee-2#WhiteBlk,hard,0.009805425338985667
Amanda,the-on-or-off-the-shoulder-top#Pink,natural-textured-poncho#Deeprain,hard,0.026966292134831427
Amanda,the-on-or-off-the-shoulder-top#Pink,voyager-stripe-crew#Stripe,hard,0.02921348314606742
Louise,ponte-spot-top#BlackWhite,pure-merino-fine-rib-polo#BlackStri,hard,0.023817254174397038
Louise,ponte-spot-top#BlackWhite,voyager-stripe-crew#Stripe,hard,0.025000000000000022
Sophia,falling-for-you-cardi#GreyMarle,cara-tee-2#Blush,hard,0.010112367541426632
Sophia,falling-for-you-cardi#GreyMarle,cara-tee-2#WhiteBlk,hard,0.010112367541426632
Georgia,sugar-snaps-layers-tank#Blue,voyager-stripe-crew#Stripe,hard,0.011764705882352955
Georgia,sugar-snaps-layers-tank#Blue,makeover-blouse#LimeGreen,hard,0.011764705882352955
Laura,the-double-layer-top#Black,cara-tee-2#Blush,hard,0.009805425338985667
Laura,the-double-layer-top#Black,cara-tee-2#WhiteBlk,hard,0.009805425338985667
Stefania,the-relaxed-long-sleeve-tee#White,voyager-stripe-crew#Stripe,hard,0.016279069767441867
Stefania,the-relaxed-long-sleeve-tee#White,makeover-blouse#LimeGreen,hard,0.016279069767441867
Ljubenka,the-cross-over-blouse#RoyalBlue,the-uneven-hem-knit-1#Sage,hard,0.02003205128205128
Ljubenka,the-cross-over-blouse#RoyalBlue,natural-textured-poncho#Deeprain,hard,0.0222222222222222
Summer,knit-hoodie-1#Sage,voyager-stripe-crew#Stripe,hard,0.025000000000000022
Summer,knit-hoodie-1#Sage,natural-textured-poncho#Deeprain,hard,0.0318181818181818
Fiona,square-peg-pullover#SilverMix,natural-textured-poncho#Deeprain,hard,0.0198895027624309
Fiona,square-peg-pullover#SilverMix,wonderland-blouse#Ink,hard,0.029034976521913555
Jess,daisy-top-1#BrightBlue,cara-tee-2#Blush,hard,0.02465728715728717
Jess,daisy-top-1#BrightBlue,cara-tee-2#WhiteBlk,hard,0.02465728715728717
Anna,belle-half-sleeve-forgiver-tunic#FlamPink,voyager-stripe-crew#Stripe,hard,0.022857142857142854
Anna,belle-half-sleeve-forgiver-tunic#FlamPink,makeover-blouse#LimeGreen,hard,0.022857142857142854
Madeline,layered-top-2#White,voyager-stripe-crew#Stripe,hard,0.03128491620111734
Madeline,layered-top-2#White,makeover-blouse#LimeGreen,hard,0.03128491620111734
Marnee,softly-falling-bamboo-tunic#White,natural-textured-poncho#Deeprain,hard,0.026966292134831427
Marnee,softly-falling-bamboo-tunic#White,voyager-stripe-crew#Stripe,hard,0.02921348314606742
Summer,sky-jumper-1#Clouds,voyager-stripe-crew#Stripe,hard,0.025000000000000022
Summer,sky-jumper-1#Clouds,natural-textured-poncho#Deeprain,hard,0.0318181818181818
Ljubenka,the-cut-out-shoulder-blouse#Silver,the-uneven-hem-knit-1#Sage,hard,0.02003205128205128
Ljubenka,the-cut-out-shoulder-blouse#Silver,natural-textured-poncho#Deeprain,hard,0.0222222222222222
Natalie,sugar-snaps-layers-tank#DuckEgg,natural-textured-poncho#Deeprain,hard,0.0222222222222222
Natalie,sugar-snaps-layers-tank#DuckEgg,voyager-stripe-crew#Stripe,hard,0.03333333333333338
Kate,sugar-snaps-layers-tank#SeaGreen,natural-textured-poncho#Deeprain,hard,0.0222222222222222
Kate,sugar-snaps-layers-tank#SeaGreen,animal-button-up-shirt#KhakiPrint,hard,0.024927577868754342
Fiona,the-blouson-sleeve-jumper#Navy,natural-textured-poncho#Deeprain,hard,0.0198895027624309
Fiona,the-blouson-sleeve-jumper#Navy,wonderland-blouse#Ink,hard,0.029034976521913555
Jude,crossing-the-plains-sweater-1#Indigo,voyager-stripe-crew#Stripe,hard,0.022857142857142854
Jude,crossing-the-plains-sweater-1#Indigo,makeover-blouse#LimeGreen,hard,0.022857142857142854
Natalie,the-everyday-shirt#Midnight,natural-textured-poncho#Deeprain,hard,0.0222222222222222
Natalie,the-everyday-shirt#Midnight,voyager-stripe-crew#Stripe,hard,0.03333333333333338
Mae-Lee,long-sleeve-softly-swinging-bamboo-tee#Cashew,side-buttoned-sweater#Buttoned,hard,0.0066981036406044
Mae-Lee,long-sleeve-softly-swinging-bamboo-tee#Cashew,voyager-stripe-crew#Stripe,hard,0.01849710982658964
Gemma,sequin-cross-2-in-1-top#Khaki,voyager-stripe-crew#Stripe,hard,0.025000000000000022
Gemma,sequin-cross-2-in-1-top#Khaki,makeover-blouse#LimeGreen,hard,0.025000000000000022
Maddy,the-cut-out-shoulder-blouse#Clay,natural-textured-poncho#Deeprain,hard,0.026966292134831427
Maddy,the-cut-out-shoulder-blouse#Clay,voyager-stripe-crew#Stripe,hard,0.02921348314606742
Palatina,luxe-shirt#Black,cara-tee-2#Blush,hard,0.02436008474699353
Palatina,luxe-shirt#Black,cara-tee-2#WhiteBlk,hard,0.02436008474699353
Katie,elcos-top#LightGrey,voyager-stripe-crew#Stripe,hard,0.020689655172413834
Katie,elcos-top#LightGrey,makeover-blouse#LimeGreen,hard,0.020689655172413834
Marnee,softly-swinging-bamboo-tee#TeaRose,natural-textured-poncho#Deeprain,hard,0.026966292134831427
Marnee,softly-swinging-bamboo-tee#TeaRose,voyager-stripe-crew#Stripe,hard,0.02921348314606742
Madeline,natural-cosy-sweater#Rosered,voyager-stripe-crew#Stripe,hard,0.03128491620111734
Madeline,natural-cosy-sweater#Rosered,makeover-blouse#LimeGreen,hard,0.03128491620111734
Kate,the-cotton-bamboo-tee#BlueJeans,natural-textured-poncho#Deeprain,hard,0.0222222222222222
Kate,the-cotton-bamboo-tee#BlueJeans,animal-button-up-shirt#KhakiPrint,hard,0.024927577868754342
Chesska,gloria-applique-crew#Charcoal,voyager-stripe-crew#Stripe,hard,0.01849710982658964
Chesska,gloria-applique-crew#Charcoal,makeover-blouse#LimeGreen,hard,0.01849710982658964
Riina,the-longline-cardi-1#Nude,voyager-stripe-crew#Stripe,hard,0.022857142857142854
Riina,the-longline-cardi-1#Nude,makeover-blouse#LimeGreen,hard,0.022857142857142854
Georgia,for-the-frill-top#Ivory,voyager-stripe-crew#Stripe,hard,0.011764705882352955
Georgia,for-the-frill-top#Ivory,makeover-blouse#LimeGreen,hard,0.011764705882352955
Amanda,the-layered-cross-over-top#Black,natural-textured-poncho#Deeprain,hard,0.026966292134831427
Amanda,the-layered-cross-over-top#Black,voyager-stripe-crew#Stripe,hard,0.02921348314606742
Natalia,the-twist-hem-jumper#DenimMarle,voyager-stripe-crew#Stripe,hard,0.011764705882352955
Natalia,the-twist-hem-jumper#DenimMarle,makeover-blouse#LimeGreen,hard,0.011764705882352955
Denniel,the-cotton-bamboo-tee#BlueJeans,natural-textured-poncho#Deeprain,hard,0.026966292134831427
Denniel,the-cotton-bamboo-tee#BlueJeans,voyager-stripe-crew#Stripe,hard,0.02921348314606742
Kate,the-sleeveless-cross-over-blouse#Sunshine,natural-textured-poncho#Deeprain,hard,0.0222222222222222
Kate,the-sleeveless-cross-over-blouse#Sunshine,animal-button-up-shirt#KhakiPrint,hard,0.024927577868754342
Madeline,natural-cropped-sleeve-knit#Cloudcover,voyager-stripe-crew#Stripe,hard,0.03128491620111734
Madeline,natural-cropped-sleeve-knit#Cloudcover,makeover-blouse#LimeGreen,hard,0.03128491620111734
Laura,the-cotton-bamboo-ls-top#Black,cara-tee-2#Blush,hard,0.009805425338985667
Laura,the-cotton-bamboo-ls-top#Black,cara-tee-2#WhiteBlk,hard,0.009805425338985667
Ljubenka,cross-my-heart-sweater#Regal,the-uneven-hem-knit-1#Sage,hard,0.02003205128205128
Ljubenka,cross-my-heart-sweater#Regal,natural-textured-poncho#Deeprain,hard,0.0222222222222222
Fiona,the-pocket-tee#GreyStripe,natural-textured-poncho#Deeprain,hard,0.0198895027624309
Fiona,the-pocket-tee#GreyStripe,wonderland-blouse#Ink,hard,0.029034976521913555
Amanda,the-contrast-knit-1#Navy,natural-textured-poncho#Deeprain,hard,0.026966292134831427
Amanda,the-contrast-knit-1#Navy,voyager-stripe-crew#Stripe,hard,0.02921348314606742
Fiona,lola-bell-sleeve-top-entangled-vines#Gold,natural-textured-poncho#Deeprain,hard,0.0198895027624309
Fiona,lola-bell-sleeve-top-entangled-vines#Gold,wonderland-blouse#Ink,hard,0.029034976521913555
Jude,falling-for-you-cardi#Navy,voyager-stripe-crew#Stripe,hard,0.022857142857142854
Jude,falling-for-you-cardi#Navy,makeover-blouse#LimeGreen,hard,0.022857142857142854
Emma,belle-flute-sleeve-tee#Navy,voyager-stripe-crew#Stripe,hard,0.020689655172413834
Emma,belle-flute-sleeve-tee#Navy,makeover-blouse#LimeGreen,hard,0.020689655172413834
Amanda,the-cotton-blend-stripe-jumper#BlueStripe,natural-textured-poncho#Deeprain,hard,0.026966292134831427
Amanda,the-cotton-blend-stripe-jumper#BlueStripe,voyager-stripe-crew#Stripe,hard,0.02921348314606742
Summer,wonderland-blouse#Ink,voyager-stripe-crew#Stripe,hard,0.025000000000000022
Summer,wonderland-blouse#Ink,natural-textured-poncho#Deeprain,hard,0.0318181818181818
Riina,the-relaxed-long-sleeve-tee#Black,voyager-stripe-crew#Stripe,hard,0.022857142857142854
Riina,the-relaxed-long-sleeve-tee#Black,makeover-blouse#LimeGreen,hard,0.022857142857142854
Lauren,sugar-snaps-throw-jacket#Duckegg,side-buttoned-sweater#Buttoned,hard,0.010019841269841278
Lauren,sugar-snaps-throw-jacket#Duckegg,voyager-stripe-crew#Stripe,hard,0.03333333333333338
Shadae,monaco-knot-top#HeatheGrey,voyager-stripe-crew#Stripe,hard,0.027118644067796627
Shadae,monaco-knot-top#HeatheGrey,makeover-blouse#LimeGreen,hard,0.027118644067796627
Chelsea,weekend-cardigan#Black,voyager-stripe-crew#Stripe,hard,0.027118644067796627
Chelsea,weekend-cardigan#Black,makeover-blouse#LimeGreen,hard,0.027118644067796627
Jess,the-cotton-bamboo-tee#DuckEgg,cara-tee-2#Blush,hard,0.02465728715728717
Jess,the-cotton-bamboo-tee#DuckEgg,cara-tee-2#WhiteBlk,hard,0.02465728715728717
Stefania,the-relaxed-long-sleeve-tee#Black,voyager-stripe-crew#Stripe,hard,0.016279069767441867
Stefania,the-relaxed-long-sleeve-tee#Black,makeover-blouse#LimeGreen,hard,0.016279069767441867
Mae-Lee,belle-v-neck-forgiver-tunic#Scarlett,side-buttoned-sweater#Buttoned,hard,0.0066981036406044
Mae-Lee,belle-v-neck-forgiver-tunic#Scarlett,voyager-stripe-crew#Stripe,hard,0.01849710982658964
Summer,nova-lux-long-sleeve-tie-top-1#NightSky,voyager-stripe-crew#Stripe,hard,0.025000000000000022
Summer,nova-lux-long-sleeve-tie-top-1#NightSky,natural-textured-poncho#Deeprain,hard,0.0318181818181818
Stefania,the-zip-detail-jacket#Grey,voyager-stripe-crew#Stripe,hard,0.016279069767441867
Stefania,the-zip-detail-jacket#Grey,makeover-blouse#LimeGreen,hard,0.016279069767441867
Palatina,the-boat-neck-top#Navy,cara-tee-2#Blush,hard,0.02436008474699353
Palatina,the-boat-neck-top#Navy,cara-tee-2#WhiteBlk,hard,0.02436008474699353
Jess,belle-nautical-applique-tee#BlueStripe,cara-tee-2#Blush,hard,0.02465728715728717
Jess,belle-nautical-applique-tee#BlueStripe,cara-tee-2#WhiteBlk,hard,0.02465728715728717
Chelsea,bird-print-jumper#Navy,voyager-stripe-crew#Stripe,hard,0.027118644067796627
Chelsea,bird-print-jumper#Navy,makeover-blouse#LimeGreen,hard,0.027118644067796627
Tia,the-cross-over-blouse#Black,the-panel-luxe-top#BlkWhite,hard,0.014767454441367485
Tia,the-cross-over-blouse#Black,the-panel-luxe-top#SilvWhite,hard,0.014767454441367485
Fiona,the-boat-neck-top-1#NavyWhite,natural-textured-poncho#Deeprain,hard,0.0198895027624309
Fiona,the-boat-neck-top-1#NavyWhite,wonderland-blouse#Ink,hard,0.029034976521913555
Jess,wrap-me-up-bamboo-top#BlueJeans,cara-tee-2#Blush,hard,0.02465728715728717
Jess,wrap-me-up-bamboo-top#BlueJeans,cara-tee-2#WhiteBlk,hard,0.02465728715728717
Marnee,to-the-beat-of-the-drum-kimono#Leaf,natural-textured-poncho#Deeprain,hard,0.026966292134831427
Marnee,to-the-beat-of-the-drum-kimono#Leaf,voyager-stripe-crew#Stripe,hard,0.02921348314606742
Tia,softly-swinging-bamboo-tee#Blush,the-panel-luxe-top#BlkWhite,hard,0.014767454441367485
Tia,softly-swinging-bamboo-tee#Blush,the-panel-luxe-top#SilvWhite,hard,0.014767454441367485
Natalia,crosses-jumper#xmyheart,voyager-stripe-crew#Stripe,hard,0.011764705882352955
Natalia,crosses-jumper#xmyheart,makeover-blouse#LimeGreen,hard,0.011764705882352955
Jess,long-sleeve-softly-swinging-bamboo-tee#Storm,cara-tee-2#Blush,hard,0.02465728715728717
Jess,long-sleeve-softly-swinging-bamboo-tee#Storm,cara-tee-2#WhiteBlk,hard,0.02465728715728717
Georgia,softly-swinging-bamboo-tee#Jewel,voyager-stripe-crew#Stripe,hard,0.011764705882352955
Georgia,softly-swinging-bamboo-tee#Jewel,makeover-blouse#LimeGreen,hard,0.011764705882352955
Marnee,falling-for-you-top#Blue,natural-textured-poncho#Deeprain,hard,0.026966292134831427
Marnee,falling-for-you-top#Blue,voyager-stripe-crew#Stripe,hard,0.02921348314606742
Laura,the-slouch-pocket-tee#Stripe,cara-tee-2#Blush,hard,0.009805425338985667
Laura,the-slouch-pocket-tee#Stripe,cara-tee-2#WhiteBlk,hard,0.009805425338985667
Gemma,art-deco-print-top#NavyWhite,voyager-stripe-crew#Stripe,hard,0.025000000000000022
Gemma,art-deco-print-top#NavyWhite,makeover-blouse#LimeGreen,hard,0.025000000000000022
Chelsea,falling-for-you-cardi#Port,voyager-stripe-crew#Stripe,hard,0.027118644067796627
Chelsea,falling-for-you-cardi#Port,makeover-blouse#LimeGreen,hard,0.027118644067796627
Fiona,falling-for-you-cardi#Dusty,natural-textured-poncho#Deeprain,hard,0.0198895027624309
Fiona,falling-for-you-cardi#Dusty,wonderland-blouse#Ink,hard,0.029034976521913555
Ljubenka,belle-v-neck-forgiver-tunic#Tobacco,the-uneven-hem-knit-1#Sage,hard,0.02003205128205128
Ljubenka,belle-v-neck-forgiver-tunic#Tobacco,natural-textured-poncho#Deeprain,hard,0.0222222222222222
Shadae,sadie-crew#GreyMarle,voyager-stripe-crew#Stripe,hard,0.027118644067796627
Shadae,sadie-crew#GreyMarle,makeover-blouse#LimeGreen,hard,0.027118644067796627
Laura,crossing-the-plains-sweater-1#Indigo,cara-tee-2#Blush,hard,0.009805425338985667
Laura,crossing-the-plains-sweater-1#Indigo,cara-tee-2#WhiteBlk,hard,0.009805425338985667
Tia,softly-swinging-bamboo-tee#Chambray,the-panel-luxe-top#BlkWhite,hard,0.014767454441367485
Tia,softly-swinging-bamboo-tee#Chambray,the-panel-luxe-top#SilvWhite,hard,0.014767454441367485
Sophia,billow-top#Black,cara-tee-2#Blush,hard,0.010112367541426632
Sophia,billow-top#Black,cara-tee-2#WhiteBlk,hard,0.010112367541426632
Marnee,summer-haze-top#Teal,natural-textured-poncho#Deeprain,hard,0.026966292134831427
Marnee,summer-haze-top#Teal,voyager-stripe-crew#Stripe,hard,0.02921348314606742
Marnee,the-bamboo-tunic-dress#Khaki,natural-textured-poncho#Deeprain,hard,0.026966292134831427
Marnee,the-bamboo-tunic-dress#Khaki,voyager-stripe-crew#Stripe,hard,0.02921348314606742
Marnee,pocket-shirt-1#Ivory,natural-textured-poncho#Deeprain,hard,0.026966292134831427
Marnee,pocket-shirt-1#Ivory,voyager-stripe-crew#Stripe,hard,0.02921348314606742
Jess,linen-cotton-shirt#White,cara-tee-2#Blush,hard,0.02465728715728717
Jess,linen-cotton-shirt#White,cara-tee-2#WhiteBlk,hard,0.02465728715728717
Riina,the-contrast-panel-top#SageStripe,voyager-stripe-crew#Stripe,hard,0.022857142857142854
Riina,the-contrast-panel-top#SageStripe,makeover-blouse#LimeGreen,hard,0.022857142857142854
Emma,the-pocket-tee#NavyStripe,voyager-stripe-crew#Stripe,hard,0.020689655172413834
Emma,the-pocket-tee#NavyStripe,makeover-blouse#LimeGreen,hard,0.020689655172413834
Maddy,the-cross-over-blouse#Blue,natural-textured-poncho#Deeprain,hard,0.026966292134831427
Maddy,the-cross-over-blouse#Blue,voyager-stripe-crew#Stripe,hard,0.02921348314606742
Summer,cherrington-top#GreyRose,voyager-stripe-crew#Stripe,hard,0.025000000000000022
Summer,cherrington-top#GreyRose,natural-textured-poncho#Deeprain,hard,0.0318181818181818
Clementine,sugar-snaps-layers-tank#NewBeige,voyager-stripe-crew#Stripe,hard,0.022857142857142854
Clementine,sugar-snaps-layers-tank#NewBeige,makeover-blouse#LimeGreen,hard,0.022857142857142854
Amanda,the-tie-front-tank#Navy,natural-textured-poncho#Deeprain,hard,0.026966292134831427
Amanda,the-tie-front-tank#Navy,voyager-stripe-crew#Stripe,hard,0.02921348314606742
Mae-Lee,falling-for-you-cardi#Black,side-buttoned-sweater#Buttoned,hard,0.0066981036406044
Mae-Lee,falling-for-you-cardi#Black,voyager-stripe-crew#Stripe,hard,0.01849710982658964
Anna Maria,the-textured-spot-top#Pink,natural-textured-poncho#Deeprain,hard,0.024581005586592153
Anna Maria,the-textured-spot-top#Pink,voyager-stripe-crew#Stripe,hard,0.03128491620111734
Clementine,still-the-one-ruffle-blouse#Spot,voyager-stripe-crew#Stripe,hard,0.022857142857142854
Clementine,still-the-one-ruffle-blouse#Spot,makeover-blouse#LimeGreen,hard,0.022857142857142854
Katie,layered-stripe-top#PinkStripe,voyager-stripe-crew#Stripe,hard,0.020689655172413834
Katie,layered-stripe-top#PinkStripe,makeover-blouse#LimeGreen,hard,0.020689655172413834
Lucy,the-batwing-tee#Stone,manhattan-stretch-tee#White,hard,0.024144177255066686
Lucy,the-batwing-tee#Stone,manhattan-stretch-tee#Navy,hard,0.024144177255066686
Clementine,the-on-or-off-the-shoulder-top#Pink,voyager-stripe-crew#Stripe,hard,0.022857142857142854
Clementine,the-on-or-off-the-shoulder-top#Pink,makeover-blouse#LimeGreen,hard,0.022857142857142854
Jude,contrast-stripe-sweater#Pockets,voyager-stripe-crew#Stripe,hard,0.022857142857142854
Jude,contrast-stripe-sweater#Pockets,makeover-blouse#LimeGreen,hard,0.022857142857142854
Nikki,rika-top#BatikTile,natural-textured-poncho#Deeprain,hard,0.026966292134831427
Nikki,rika-top#BatikTile,voyager-stripe-crew#Stripe,hard,0.02921348314606742
Clementine,the-cross-over-blouse#Black,voyager-stripe-crew#Stripe,hard,0.022857142857142854
Clementine,the-cross-over-blouse#Black,makeover-blouse#LimeGreen,hard,0.022857142857142854
Fiona,chill-out-slouch-top#Mustard,natural-textured-poncho#Deeprain,hard,0.0198895027624309
Fiona,chill-out-slouch-top#Mustard,wonderland-blouse#Ink,hard,0.029034976521913555
Marnee,the-relaxed-long-sleeve-tee#White,natural-textured-poncho#Deeprain,hard,0.026966292134831427
Marnee,the-relaxed-long-sleeve-tee#White,voyager-stripe-crew#Stripe,hard,0.02921348314606742
Marnee,softly-swinging-bamboo-tee#BlueJeans,natural-textured-poncho#Deeprain,hard,0.026966292134831427
Marnee,softly-swinging-bamboo-tee#BlueJeans,voyager-stripe-crew#Stripe,hard,0.02921348314606742
Shadae,fundamental-rib-long-sleeve-tee#Black,voyager-stripe-crew#Stripe,hard,0.027118644067796627
Shadae,fundamental-rib-long-sleeve-tee#Black,makeover-blouse#LimeGreen,hard,0.027118644067796627
Monique,the-crossover-2-way-blouse#Black,voyager-stripe-crew#Stripe,hard,0.022857142857142854
Monique,the-crossover-2-way-blouse#Black,makeover-blouse#LimeGreen,hard,0.022857142857142854
Fiona,foil-print-top-2#Navy,natural-textured-poncho#Deeprain,hard,0.0198895027624309
Fiona,foil-print-top-2#Navy,wonderland-blouse#Ink,hard,0.029034976521913555
Emma,the-pocket-tee#GreyStripe,voyager-stripe-crew#Stripe,hard,0.020689655172413834
Emma,the-pocket-tee#GreyStripe,makeover-blouse#LimeGreen,hard,0.020689655172413834
Mae-Lee,the-sleeveless-cross-over-blouse#Chambray,side-buttoned-sweater#Buttoned,hard,0.0066981036406044
Mae-Lee,the-sleeveless-cross-over-blouse#Chambray,voyager-stripe-crew#Stripe,hard,0.01849710982658964
Anna,the-everyday-shirt#Rose,voyager-stripe-crew#Stripe,hard,0.022857142857142854
Anna,the-everyday-shirt#Rose,makeover-blouse#LimeGreen,hard,0.022857142857142854
Miranda,the-printed-side-ring-detail-blouse#Block,voyager-stripe-crew#Stripe,hard,0.01403508771929829
Miranda,the-printed-side-ring-detail-blouse#Block,makeover-blouse#LimeGreen,hard,0.01403508771929829
Marnee,softly-swinging-bamboo-tee#Navy,natural-textured-poncho#Deeprain,hard,0.026966292134831427
Marnee,softly-swinging-bamboo-tee#Navy,voyager-stripe-crew#Stripe,hard,0.02921348314606742
Anna,belle-half-sleeve-forgiver-tunic#BlueBonnet,voyager-stripe-crew#Stripe,hard,0.022857142857142854
Anna,belle-half-sleeve-forgiver-tunic#BlueBonnet,makeover-blouse#LimeGreen,hard,0.022857142857142854
Riina,the-box-top#Blush,voyager-stripe-crew#Stripe,hard,0.022857142857142854
Riina,the-box-top#Blush,makeover-blouse#LimeGreen,hard,0.022857142857142854
Chesska,soho-ruffle-jumper#OatmealMar,voyager-stripe-crew#Stripe,hard,0.01849710982658964
Chesska,soho-ruffle-jumper#OatmealMar,makeover-blouse#LimeGreen,hard,0.01849710982658964
Maddy,the-long-sleeve-scoop-neck-tee#Black,natural-textured-poncho#Deeprain,hard,0.026966292134831427
Maddy,the-long-sleeve-scoop-neck-tee#Black,voyager-stripe-crew#Stripe,hard,0.02921348314606742
Chelsea,pure-merino-fine-rib-v-neck#Charcoal,voyager-stripe-crew#Stripe,hard,0.027118644067796627
Chelsea,pure-merino-fine-rib-v-neck#Charcoal,makeover-blouse#LimeGreen,hard,0.027118644067796627
Laura,the-sleeveless-cross-over-blouse#Chambray,cara-tee-2#Blush,hard,0.009805425338985667
Laura,the-sleeveless-cross-over-blouse#Chambray,cara-tee-2#WhiteBlk,hard,0.009805425338985667
Anna Maria,the-twist-front-top#Grey,natural-textured-poncho#Deeprain,hard,0.024581005586592153
Anna Maria,the-twist-front-top#Grey,voyager-stripe-crew#Stripe,hard,0.03128491620111734
Marnee,on-the-open-road-maxi-shirt#DarkOchre,natural-textured-poncho#Deeprain,hard,0.026966292134831427
Marnee,on-the-open-road-maxi-shirt#DarkOchre,voyager-stripe-crew#Stripe,hard,0.02921348314606742
Mae-Lee,baobab-sweater#Bark,side-buttoned-sweater#Buttoned,hard,0.0066981036406044
Mae-Lee,baobab-sweater#Bark,voyager-stripe-crew#Stripe,hard,0.01849710982658964
Maddy,the-batwing-tee#Black,natural-textured-poncho#Deeprain,hard,0.026966292134831427
Maddy,the-batwing-tee#Black,voyager-stripe-crew#Stripe,hard,0.02921348314606742
Amanda,the-twist-hem-jumper#DenimMarle,natural-textured-poncho#Deeprain,hard,0.026966292134831427
Amanda,the-twist-hem-jumper#DenimMarle,voyager-stripe-crew#Stripe,hard,0.02921348314606742
Amanda,the-dobby-sleeve-tee#White,natural-textured-poncho#Deeprain,hard,0.026966292134831427
Amanda,the-dobby-sleeve-tee#White,voyager-stripe-crew#Stripe,hard,0.02921348314606742
Lauren,belle-mesh-cardi#Black,side-buttoned-sweater#Buttoned,hard,0.010019841269841278
Lauren,belle-mesh-cardi#Black,voyager-stripe-crew#Stripe,hard,0.03333333333333338
Amanda,the-panel-hem-top#Khaki,natural-textured-poncho#Deeprain,hard,0.026966292134831427
Amanda,the-panel-hem-top#Khaki,voyager-stripe-crew#Stripe,hard,0.02921348314606742
Maddy,the-relaxed-long-sleeve-tee#White,natural-textured-poncho#Deeprain,hard,0.026966292134831427
Maddy,the-relaxed-long-sleeve-tee#White,voyager-stripe-crew#Stripe,hard,0.02921348314606742
Laura,the-short-sleeve-wrap-jersey-top#Blue,cara-tee-2#Blush,hard,0.009805425338985667
Laura,the-short-sleeve-wrap-jersey-top#Blue,cara-tee-2#WhiteBlk,hard,0.009805425338985667
Nadine,heartmade-sweater#Rust,makeover-blouse#LimeGreen,hard,0.004790419161676662
Nadine,heartmade-sweater#Rust,pure-merino-fine-rib-v-neck#Charcoal,hard,0.02127438771274388
Sophie,natural-crossover-knit-1#Stormcloud,side-buttoned-sweater#Buttoned,hard,0.0011363636363636576
Sophie,natural-crossover-knit-1#Stormcloud,the-tie-front-top#Navy,hard,0.017934149184149185
Marnee,skipping-stones-tunic#Forest,natural-textured-poncho#Deeprain,hard,0.026966292134831427
Marnee,skipping-stones-tunic#Forest,voyager-stripe-crew#Stripe,hard,0.02921348314606742
Anna,bella-ls-tee#GreenWhite,voyager-stripe-crew#Stripe,hard,0.022857142857142854
Anna,bella-ls-tee#GreenWhite,makeover-blouse#LimeGreen,hard,0.022857142857142854
Marnee,the-cotton-bamboo-tank#DuckEgg,natural-textured-poncho#Deeprain,hard,0.026966292134831427
Marnee,the-cotton-bamboo-tank#DuckEgg,voyager-stripe-crew#Stripe,hard,0.02921348314606742
Jess,the-batwing-tee#Sea,cara-tee-2#Blush,hard,0.02465728715728717
Jess,the-batwing-tee#Sea,cara-tee-2#WhiteBlk,hard,0.02465728715728717
Emma,jade-kimono-sweet-blossoms#Blue,voyager-stripe-crew#Stripe,hard,0.020689655172413834
Emma,jade-kimono-sweet-blossoms#Blue,makeover-blouse#LimeGreen,hard,0.020689655172413834
Laura,maui-stretch-tee#NavyWhtStr,cara-tee-2#Blush,hard,0.009805425338985667
Laura,maui-stretch-tee#NavyWhtStr,cara-tee-2#WhiteBlk,hard,0.009805425338985667
Anna,the-sleeveless-cross-over-blouse#Chambray,voyager-stripe-crew#Stripe,hard,0.022857142857142854
Anna,the-sleeveless-cross-over-blouse#Chambray,makeover-blouse#LimeGreen,hard,0.022857142857142854
Lisa,partly-cloudy-knit#PawPaw,voyager-stripe-crew#Stripe,hard,0.020689655172413834
Lisa,partly-cloudy-knit#PawPaw,makeover-blouse#LimeGreen,hard,0.020689655172413834
Anna,the-short-sleeve-wrap-jersey-top#Black,voyager-stripe-crew#Stripe,hard,0.022857142857142854
Anna,the-short-sleeve-wrap-jersey-top#Black,makeover-blouse#LimeGreen,hard,0.022857142857142854
Summer,nature-ls-top#BlueGum,voyager-stripe-crew#Stripe,hard,0.025000000000000022
Summer,nature-ls-top#BlueGum,natural-textured-poncho#Deeprain,hard,0.0318181818181818
Mae-Lee,relaxed-top-1#FloraStrip,side-buttoned-sweater#Buttoned,hard,0.0066981036406044
Mae-Lee,relaxed-top-1#FloraStrip,voyager-stripe-crew#Stripe,hard,0.01849710982658964
Jess,marjorie-tie-blouse#BluePrint,cara-tee-2#Blush,hard,0.02465728715728717
Jess,marjorie-tie-blouse#BluePrint,cara-tee-2#WhiteBlk,hard,0.02465728715728717
Alex,the-sleeveless-cross-over-blouse#Mint,voyager-stripe-crew#Stripe,hard,0.020689655172413834
Alex,the-sleeveless-cross-over-blouse#Mint,makeover-blouse#LimeGreen,hard,0.020689655172413834
Clementine,sugar-snaps-layers-tank#DuckEgg,voyager-stripe-crew#Stripe,hard,0.022857142857142854
Clementine,sugar-snaps-layers-tank#DuckEgg,makeover-blouse#LimeGreen,hard,0.022857142857142854
Sophia,the-box-top#Khaki,cara-tee-2#Blush,hard,0.010112367541426632
Sophia,the-box-top#Khaki,cara-tee-2#WhiteBlk,hard,0.010112367541426632
Gemma,sand-queen-throw-blouse#Fleur,voyager-stripe-crew#Stripe,hard,0.025000000000000022
Gemma,sand-queen-throw-blouse#Fleur,makeover-blouse#LimeGreen,hard,0.025000000000000022
Lauren,drama-top#BlackGrey,side-buttoned-sweater#Buttoned,hard,0.010019841269841278
Lauren,drama-top#BlackGrey,voyager-stripe-crew#Stripe,hard,0.03333333333333338
Clementine,natural-extra-fine-sweater#Snowgum,voyager-stripe-crew#Stripe,hard,0.022857142857142854
Clementine,natural-extra-fine-sweater#Snowgum,makeover-blouse#LimeGreen,hard,0.022857142857142854
Riina,the-shoulder-tie-top#White,voyager-stripe-crew#Stripe,hard,0.022857142857142854
Riina,the-shoulder-tie-top#White,makeover-blouse#LimeGreen,hard,0.022857142857142854
Laura,frill-me-tie-throw-on#WhiteBlk,cara-tee-2#Blush,hard,0.009805425338985667
Laura,frill-me-tie-throw-on#WhiteBlk,cara-tee-2#WhiteBlk,hard,0.009805425338985667
Tia,sugar-snaps-layers-tank#Black,the-panel-luxe-top#BlkWhite,hard,0.014767454441367485
Tia,sugar-snaps-layers-tank#Black,the-panel-luxe-top#SilvWhite,hard,0.014767454441367485
Laura,the-wrap-jersey-top#Charcoal,cara-tee-2#Blush,hard,0.009805425338985667
Laura,the-wrap-jersey-top#Charcoal,cara-tee-2#WhiteBlk,hard,0.009805425338985667
Gemma,foil-2-in-1-spot-top#Charcoal,voyager-stripe-crew#Stripe,hard,0.025000000000000022
Gemma,foil-2-in-1-spot-top#Charcoal,makeover-blouse#LimeGreen,hard,0.025000000000000022
Summer,fundamental-vee-tee#Navy,voyager-stripe-crew#Stripe,hard,0.025000000000000022
Summer,fundamental-vee-tee#Navy,natural-textured-poncho#Deeprain,hard,0.0318181818181818
Monique,reversible-scoopv-neck-tank#Navy,voyager-stripe-crew#Stripe,hard,0.022857142857142854
Monique,reversible-scoopv-neck-tank#Navy,makeover-blouse#LimeGreen,hard,0.022857142857142854
Chelsea,falling-for-you-cardi#Black,voyager-stripe-crew#Stripe,hard,0.027118644067796627
Chelsea,falling-for-you-cardi#Black,makeover-blouse#LimeGreen,hard,0.027118644067796627
Jess,sugar-snaps-layers-tank#Mint,cara-tee-2#Blush,hard,0.02465728715728717
Jess,sugar-snaps-layers-tank#Mint,cara-tee-2#WhiteBlk,hard,0.02465728715728717
Jess,softly-swinging-bamboo-tee#Navy,cara-tee-2#Blush,hard,0.02465728715728717
Jess,softly-swinging-bamboo-tee#Navy,cara-tee-2#WhiteBlk,hard,0.02465728715728717
Chelsea,the-reversible-cowl-neck-top-1#Black,voyager-stripe-crew#Stripe,hard,0.027118644067796627
Chelsea,the-reversible-cowl-neck-top-1#Black,makeover-blouse#LimeGreen,hard,0.027118644067796627
Mercy,aztec-cardigan#BlackIvory,voyager-stripe-crew#Stripe,hard,0.01849710982658964
Mercy,aztec-cardigan#BlackIvory,makeover-blouse#LimeGreen,hard,0.01849710982658964
Katie,long-sleeve-ruffle-shirt#Black,voyager-stripe-crew#Stripe,hard,0.020689655172413834
Katie,long-sleeve-ruffle-shirt#Black,makeover-blouse#LimeGreen,hard,0.020689655172413834
Gemma,napoleon-top-1#NemoRed,voyager-stripe-crew#Stripe,hard,0.025000000000000022
Gemma,napoleon-top-1#NemoRed,makeover-blouse#LimeGreen,hard,0.025000000000000022
Laura,high-street-knit#NavyStripe,cara-tee-2#Blush,hard,0.009805425338985667
Laura,high-street-knit#NavyStripe,cara-tee-2#WhiteBlk,hard,0.009805425338985667
Riina,the-dobby-sleeve-tee#White,voyager-stripe-crew#Stripe,hard,0.022857142857142854
Riina,the-dobby-sleeve-tee#White,makeover-blouse#LimeGreen,hard,0.022857142857142854
Fiona,the-shoulder-tie-top#Black,natural-textured-poncho#Deeprain,hard,0.0198895027624309
Fiona,the-shoulder-tie-top#Black,wonderland-blouse#Ink,hard,0.029034976521913555
Fiona,sugar-snaps-round-neck-layer-tank#DuckEgg,natural-textured-poncho#Deeprain,hard,0.0198895027624309
Fiona,sugar-snaps-round-neck-layer-tank#DuckEgg,wonderland-blouse#Ink,hard,0.029034976521913555
Fiona,sugar-snaps-round-neck-layer-tank#Black,natural-textured-poncho#Deeprain,hard,0.0198895027624309
Fiona,sugar-snaps-round-neck-layer-tank#Black,wonderland-blouse#Ink,hard,0.029034976521913555
Natalie,the-long-sleeve-v-neck-tee#White,natural-textured-poncho#Deeprain,hard,0.0222222222222222
Natalie,the-long-sleeve-v-neck-tee#White,voyager-stripe-crew#Stripe,hard,0.03333333333333338
Tia,vivian-blouse#Check,the-panel-luxe-top#BlkWhite,hard,0.014767454441367485
Tia,vivian-blouse#Check,the-panel-luxe-top#SilvWhite,hard,0.014767454441367485
Mae-Lee,the-short-sleeve-wrap-jersey-top#Blue,side-buttoned-sweater#Buttoned,hard,0.0066981036406044
Mae-Lee,the-short-sleeve-wrap-jersey-top#Blue,voyager-stripe-crew#Stripe,hard,0.01849710982658964
Palatina,sky-shirt#Clouds,cara-tee-2#Blush,hard,0.02436008474699353
Palatina,sky-shirt#Clouds,cara-tee-2#WhiteBlk,hard,0.02436008474699353
Marnee,softly-falling-bamboo-tunic#Copper,natural-textured-poncho#Deeprain,hard,0.026966292134831427
Marnee,softly-falling-bamboo-tunic#Copper,voyager-stripe-crew#Stripe,hard,0.02921348314606742
Jude,pattern-tunic-1#Lattice,voyager-stripe-crew#Stripe,hard,0.022857142857142854
Jude,pattern-tunic-1#Lattice,makeover-blouse#LimeGreen,hard,0.022857142857142854
Laura,softly-swinging-bamboo-singlet#Cashew,cara-tee-2#Blush,hard,0.009805425338985667
Laura,softly-swinging-bamboo-singlet#Cashew,cara-tee-2#WhiteBlk,hard,0.009805425338985667
Riina,the-colour-block-pullover#Sage,voyager-stripe-crew#Stripe,hard,0.022857142857142854
Riina,the-colour-block-pullover#Sage,makeover-blouse#LimeGreen,hard,0.022857142857142854
Sophia,the-boat-neck-top#Black,cara-tee-2#Blush,hard,0.010112367541426632
Sophia,the-boat-neck-top#Black,cara-tee-2#WhiteBlk,hard,0.010112367541426632
Ljubenka,softly-swinging-bamboo-tee#Storm,the-uneven-hem-knit-1#Sage,hard,0.02003205128205128
Ljubenka,softly-swinging-bamboo-tee#Storm,natural-textured-poncho#Deeprain,hard,0.0222222222222222
Gemma,animal-button-up-shirt#KhakiPrint,voyager-stripe-crew#Stripe,hard,0.025000000000000022
Gemma,animal-button-up-shirt#KhakiPrint,makeover-blouse#LimeGreen,hard,0.025000000000000022
Summer,the-excess-shirt#Pearl,voyager-stripe-crew#Stripe,hard,0.025000000000000022
Summer,the-excess-shirt#Pearl,natural-textured-poncho#Deeprain,hard,0.0318181818181818
Gemma,driftwood-gathering-blouse#Khaki,voyager-stripe-crew#Stripe,hard,0.025000000000000022
Gemma,driftwood-gathering-blouse#Khaki,makeover-blouse#LimeGreen,hard,0.025000000000000022
Clementine,the-frill-detail-blouse#Chambray,voyager-stripe-crew#Stripe,hard,0.022857142857142854
Clementine,the-frill-detail-blouse#Chambray,makeover-blouse#LimeGreen,hard,0.022857142857142854
Laura,the-double-layer-top#White,cara-tee-2#Blush,hard,0.009805425338985667
Laura,the-double-layer-top#White,cara-tee-2#WhiteBlk,hard,0.009805425338985667
Riina,rory-spliced-zip-hoodie#Silver,voyager-stripe-crew#Stripe,hard,0.022857142857142854
Riina,rory-spliced-zip-hoodie#Silver,makeover-blouse#LimeGreen,hard,0.022857142857142854
Summer,circles-knit#Plum,voyager-stripe-crew#Stripe,hard,0.025000000000000022
Summer,circles-knit#Plum,natural-textured-poncho#Deeprain,hard,0.0318181818181818
Jess,the-cut-out-shoulder-blouse#Clay,cara-tee-2#Blush,hard,0.02465728715728717
Jess,the-cut-out-shoulder-blouse#Clay,cara-tee-2#WhiteBlk,hard,0.02465728715728717
Olivia,the-sleeveless-cross-over-blouse#Salmon,natural-textured-poncho#Deeprain,hard,0.026966292134831427
Olivia,the-sleeveless-cross-over-blouse#Salmon,voyager-stripe-crew#Stripe,hard,0.02921348314606742
Amanda,the-shoulder-tie-top#Navy,natural-textured-poncho#Deeprain,hard,0.026966292134831427
Amanda,the-shoulder-tie-top#Navy,voyager-stripe-crew#Stripe,hard,0.02921348314606742
Lauren,sugar-snaps-throw-jacket#White,side-buttoned-sweater#Buttoned,hard,0.010019841269841278
Lauren,sugar-snaps-throw-jacket#White,voyager-stripe-crew#Stripe,hard,0.03333333333333338
Mae-Lee,softly-swinging-bamboo-tee#Chambray,side-buttoned-sweater#Buttoned,hard,0.0066981036406044
Mae-Lee,softly-swinging-bamboo-tee#Chambray,voyager-stripe-crew#Stripe,hard,0.01849710982658964
Lauren,sugar-snaps-throw-jacket#Black,side-buttoned-sweater#Buttoned,hard,0.010019841269841278
Lauren,sugar-snaps-throw-jacket#Black,voyager-stripe-crew#Stripe,hard,0.03333333333333338
Natalie,the-everyday-shirt#Rose,natural-textured-poncho#Deeprain,hard,0.0222222222222222
Natalie,the-everyday-shirt#Rose,voyager-stripe-crew#Stripe,hard,0.03333333333333338
Sophie,paint-stroke-top#Strokes,side-buttoned-sweater#Buttoned,hard,0.0011363636363636576
Sophie,paint-stroke-top#Strokes,the-tie-front-top#Navy,hard,0.017934149184149185
Riina,the-tie-front-tank#Navy,voyager-stripe-crew#Stripe,hard,0.022857142857142854
Riina,the-tie-front-tank#Navy,makeover-blouse#LimeGreen,hard,0.022857142857142854
Jess,summer-whispers-kimono-1#Peacock,cara-tee-2#Blush,hard,0.02465728715728717
Jess,summer-whispers-kimono-1#Peacock,cara-tee-2#WhiteBlk,hard,0.02465728715728717
Sophia,cotton-candy-side-split-top#IceBlue,cara-tee-2#Blush,hard,0.010112367541426632
Sophia,cotton-candy-side-split-top#IceBlue,cara-tee-2#WhiteBlk,hard,0.010112367541426632
Ljubenka,the-cotton-bamboo-tank#DuckEgg,the-uneven-hem-knit-1#Sage,hard,0.02003205128205128
Ljubenka,the-cotton-bamboo-tank#DuckEgg,natural-textured-poncho#Deeprain,hard,0.0222222222222222
Emma,sequin-spot-cardi#Grey,voyager-stripe-crew#Stripe,hard,0.020689655172413834
Emma,sequin-spot-cardi#Grey,makeover-blouse#LimeGreen,hard,0.020689655172413834
Riina,the-box-top#Khaki,voyager-stripe-crew#Stripe,hard,0.022857142857142854
Riina,the-box-top#Khaki,makeover-blouse#LimeGreen,hard,0.022857142857142854
Sophia,layer-me-cotton-candy-top#Cream,cara-tee-2#Blush,hard,0.010112367541426632
Sophia,layer-me-cotton-candy-top#Cream,cara-tee-2#WhiteBlk,hard,0.010112367541426632
Marnee,falling-flowers-cardi#GreyMarle,natural-textured-poncho#Deeprain,hard,0.026966292134831427
Marnee,falling-flowers-cardi#GreyMarle,voyager-stripe-crew#Stripe,hard,0.02921348314606742
Laura,belle-half-sleeve-forgiver-tunic#White,cara-tee-2#Blush,hard,0.009805425338985667
Laura,belle-half-sleeve-forgiver-tunic#White,cara-tee-2#WhiteBlk,hard,0.009805425338985667
Jess,layer-top-1#Navy,cara-tee-2#Blush,hard,0.02465728715728717
Jess,layer-top-1#Navy,cara-tee-2#WhiteBlk,hard,0.02465728715728717
Chelsea,cara-tee-2#Blush,voyager-stripe-crew#Stripe,hard,0.027118644067796627
Chelsea,cara-tee-2#Blush,makeover-blouse#LimeGreen,hard,0.027118644067796627
Emma,aztec-cardigan#BlackIvory,voyager-stripe-crew#Stripe,hard,0.020689655172413834
Emma,aztec-cardigan#BlackIvory,makeover-blouse#LimeGreen,hard,0.020689655172413834
Fiona,hem-frill-stripe-top#SoFrilled,natural-textured-poncho#Deeprain,hard,0.0198895027624309
Fiona,hem-frill-stripe-top#SoFrilled,wonderland-blouse#Ink,hard,0.029034976521913555
Laura,the-v-split-blouse#Salmon,cara-tee-2#Blush,hard,0.009805425338985667
Laura,the-v-split-blouse#Salmon,cara-tee-2#WhiteBlk,hard,0.009805425338985667
Riina,the-multi-stripe-cardi#Stripe,voyager-stripe-crew#Stripe,hard,0.022857142857142854
Riina,the-multi-stripe-cardi#Stripe,makeover-blouse#LimeGreen,hard,0.022857142857142854
Kate,the-sleeveless-cross-over-blouse#Chambray,natural-textured-poncho#Deeprain,hard,0.0222222222222222
Kate,the-sleeveless-cross-over-blouse#Chambray,animal-button-up-shirt#KhakiPrint,hard,0.024927577868754342
Olivia,crossing-the-plains-sweater-1#Indigo,natural-textured-poncho#Deeprain,hard,0.026966292134831427
Olivia,crossing-the-plains-sweater-1#Indigo,voyager-stripe-crew#Stripe,hard,0.02921348314606742
Madeline,aigli-top#Navy,voyager-stripe-crew#Stripe,hard,0.03128491620111734
Madeline,aigli-top#Navy,makeover-blouse#LimeGreen,hard,0.03128491620111734
Laura,maui-stretch-tee#Black,cara-tee-2#Blush,hard,0.009805425338985667
Laura,maui-stretch-tee#Black,cara-tee-2#WhiteBlk,hard,0.009805425338985667
Mae-Lee,the-long-sleeve-scoop-neck-tee#White,side-buttoned-sweater#Buttoned,hard,0.0066981036406044
Mae-Lee,the-long-sleeve-scoop-neck-tee#White,voyager-stripe-crew#Stripe,hard,0.01849710982658964
Mae-Lee,the-relaxed-long-sleeve-tee#Navy,side-buttoned-sweater#Buttoned,hard,0.0066981036406044
Mae-Lee,the-relaxed-long-sleeve-tee#Navy,voyager-stripe-crew#Stripe,hard,0.01849710982658964
Riina,the-layered-cross-over-top#Black,voyager-stripe-crew#Stripe,hard,0.022857142857142854
Riina,the-layered-cross-over-top#Black,makeover-blouse#LimeGreen,hard,0.022857142857142854
Chesska,arya-frilled-blouse#Oyster,voyager-stripe-crew#Stripe,hard,0.01849710982658964
Chesska,arya-frilled-blouse#Oyster,makeover-blouse#LimeGreen,hard,0.01849710982658964
Laura,the-ultimate-tie-cardi#Port,cara-tee-2#Blush,hard,0.009805425338985667
Laura,the-ultimate-tie-cardi#Port,cara-tee-2#WhiteBlk,hard,0.009805425338985667
Maddy,34-sleeve-shirt-1#SkyWhite,natural-textured-poncho#Deeprain,hard,0.026966292134831427
Maddy,34-sleeve-shirt-1#SkyWhite,voyager-stripe-crew#Stripe,hard,0.02921348314606742
Summer,paint-stroke-top#Strokes,voyager-stripe-crew#Stripe,hard,0.025000000000000022
Summer,paint-stroke-top#Strokes,natural-textured-poncho#Deeprain,hard,0.0318181818181818
Maddy,the-cotton-bamboo-tee#BlueJeans,natural-textured-poncho#Deeprain,hard,0.026966292134831427
Maddy,the-cotton-bamboo-tee#BlueJeans,voyager-stripe-crew#Stripe,hard,0.02921348314606742
Fiona,the-printed-side-ring-detail-blouse#Block,natural-textured-poncho#Deeprain,hard,0.0198895027624309
Fiona,the-printed-side-ring-detail-blouse#Block,wonderland-blouse#Ink,hard,0.029034976521913555
Nathalie,the-wrap-jersey-top#NavyWhite,voyager-stripe-crew#Stripe,hard,0.01403508771929829
Nathalie,the-wrap-jersey-top#NavyWhite,makeover-blouse#LimeGreen,hard,0.01403508771929829
Laura,messina-v-neck-tee#Black,cara-tee-2#Blush,hard,0.009805425338985667
Laura,messina-v-neck-tee#Black,cara-tee-2#WhiteBlk,hard,0.009805425338985667
Ljubenka,yvette-blouse#Black,the-uneven-hem-knit-1#Sage,hard,0.02003205128205128
Ljubenka,yvette-blouse#Black,natural-textured-poncho#Deeprain,hard,0.0222222222222222
Jess,long-sleeve-softly-swinging-bamboo-tee#White,cara-tee-2#Blush,hard,0.02465728715728717
Jess,long-sleeve-softly-swinging-bamboo-tee#White,cara-tee-2#WhiteBlk,hard,0.02465728715728717
Riina,the-zip-front-top#Blue,voyager-stripe-crew#Stripe,hard,0.022857142857142854
Riina,the-zip-front-top#Blue,makeover-blouse#LimeGreen,hard,0.022857142857142854
Gemma,ivy-cosy-pullover#Blossom,voyager-stripe-crew#Stripe,hard,0.025000000000000022
Gemma,ivy-cosy-pullover#Blossom,makeover-blouse#LimeGreen,hard,0.025000000000000022
Ljubenka,softly-swinging-bamboo-tee#Chambray,the-uneven-hem-knit-1#Sage,hard,0.02003205128205128
Ljubenka,softly-swinging-bamboo-tee#Chambray,natural-textured-poncho#Deeprain,hard,0.0222222222222222
Riina,the-wrap-jersey-top-1#NavyStripe,voyager-stripe-crew#Stripe,hard,0.022857142857142854
Riina,the-wrap-jersey-top-1#NavyStripe,makeover-blouse#LimeGreen,hard,0.022857142857142854
Emma,long-sleeve-softly-swinging-bamboo-tee#Navy,voyager-stripe-crew#Stripe,hard,0.020689655172413834
Emma,long-sleeve-softly-swinging-bamboo-tee#Navy,makeover-blouse#LimeGreen,hard,0.020689655172413834
Stacey,the-stripe-jersey-top#Pink,makeover-blouse#LimeGreen,hard,0.009467455621301801
Stacey,the-stripe-jersey-top#Pink,cara-tee-2#Blush,hard,0.04007527669805984
Laura,sugar-snaps-layers-tank#Red,cara-tee-2#Blush,hard,0.009805425338985667
Laura,sugar-snaps-layers-tank#Red,cara-tee-2#WhiteBlk,hard,0.009805425338985667
Jess,layered-tunic-1#Natural,cara-tee-2#Blush,hard,0.02465728715728717
Jess,layered-tunic-1#Natural,cara-tee-2#WhiteBlk,hard,0.02465728715728717
Mae-Lee,shirt-in-a-box#Silver,side-buttoned-sweater#Buttoned,hard,0.0066981036406044
Mae-Lee,shirt-in-a-box#Silver,voyager-stripe-crew#Stripe,hard,0.01849710982658964
Laura,long-sleeve-layer-top#Navy,cara-tee-2#Blush,hard,0.009805425338985667
Laura,long-sleeve-layer-top#Navy,cara-tee-2#WhiteBlk,hard,0.009805425338985667
Katie,marquax-tunic#OnyxSpeck,voyager-stripe-crew#Stripe,hard,0.020689655172413834
Katie,marquax-tunic#OnyxSpeck,makeover-blouse#LimeGreen,hard,0.020689655172413834
Clementine,sugar-snaps-layers-tank#SeaGreen,voyager-stripe-crew#Stripe,hard,0.022857142857142854
Clementine,sugar-snaps-layers-tank#SeaGreen,makeover-blouse#LimeGreen,hard,0.022857142857142854
Marnee,sugar-snaps-throw-jacket#Black,natural-textured-poncho#Deeprain,hard,0.026966292134831427
Marnee,sugar-snaps-throw-jacket#Black,voyager-stripe-crew#Stripe,hard,0.02921348314606742
Katie,selene-cardigan#Ivy,voyager-stripe-crew#Stripe,hard,0.020689655172413834
Katie,selene-cardigan#Ivy,makeover-blouse#LimeGreen,hard,0.020689655172413834
Nadine,heart-spliced-top#Navy,makeover-blouse#LimeGreen,hard,0.004790419161676662
Nadine,heart-spliced-top#Navy,pure-merino-fine-rib-v-neck#Charcoal,hard,0.02127438771274388
Mae-Lee,the-long-sleeve-scoop-neck-tee#Navy,side-buttoned-sweater#Buttoned,hard,0.0066981036406044
Mae-Lee,the-long-sleeve-scoop-neck-tee#Navy,voyager-stripe-crew#Stripe,hard,0.01849710982658964
Georgia,runaway-top#SoftPink,voyager-stripe-crew#Stripe,hard,0.011764705882352955
Georgia,runaway-top#SoftPink,makeover-blouse#LimeGreen,hard,0.011764705882352955
Palatina,luxe-shirt#Navy,cara-tee-2#Blush,hard,0.02436008474699353
Palatina,luxe-shirt#Navy,cara-tee-2#WhiteBlk,hard,0.02436008474699353
Stacey,the-panel-hem-top#Khaki,makeover-blouse#LimeGreen,hard,0.009467455621301801
Stacey,the-panel-hem-top#Khaki,cara-tee-2#Blush,hard,0.04007527669805984
Summer,peasant-top-3#Denim,voyager-stripe-crew#Stripe,hard,0.025000000000000022
Summer,peasant-top-3#Denim,natural-textured-poncho#Deeprain,hard,0.0318181818181818
Georgia,starry-night-cardi#Chalk,voyager-stripe-crew#Stripe,hard,0.011764705882352955
Georgia,starry-night-cardi#Chalk,makeover-blouse#LimeGreen,hard,0.011764705882352955
Fiona,the-boat-neck-top#Black,natural-textured-poncho#Deeprain,hard,0.0198895027624309
Fiona,the-boat-neck-top#Black,wonderland-blouse#Ink,hard,0.029034976521913555
Laura,melbourne-stretch-cardigan#Navy,cara-tee-2#Blush,hard,0.009805425338985667
Laura,melbourne-stretch-cardigan#Navy,cara-tee-2#WhiteBlk,hard,0.009805425338985667
Mae-Lee,belle-half-sleeve-forgiver-tunic#FlamPink,side-buttoned-sweater#Buttoned,hard,0.0066981036406044
Mae-Lee,belle-half-sleeve-forgiver-tunic#FlamPink,voyager-stripe-crew#Stripe,hard,0.01849710982658964
Summer,shell-top-3#PapBlue,voyager-stripe-crew#Stripe,hard,0.025000000000000022
Summer,shell-top-3#PapBlue,natural-textured-poncho#Deeprain,hard,0.0318181818181818
Jess,long-sleeve-softly-swinging-bamboo-tee#Combat,cara-tee-2#Blush,hard,0.02465728715728717
Jess,long-sleeve-softly-swinging-bamboo-tee#Combat,cara-tee-2#WhiteBlk,hard,0.02465728715728717
Stacey,the-tie-detail-hoody#Pink,makeover-blouse#LimeGreen,hard,0.009467455621301801
Stacey,the-tie-detail-hoody#Pink,cara-tee-2#Blush,hard,0.04007527669805984
Marnee,prairie-romance-blouse#Blush,natural-textured-poncho#Deeprain,hard,0.026966292134831427
Marnee,prairie-romance-blouse#Blush,voyager-stripe-crew#Stripe,hard,0.02921348314606742
Summer,relaxed-top-1#FloraStrip,voyager-stripe-crew#Stripe,hard,0.025000000000000022
Summer,relaxed-top-1#FloraStrip,natural-textured-poncho#Deeprain,hard,0.0318181818181818
Nathalie,the-everyday-shirt#Cream,voyager-stripe-crew#Stripe,hard,0.01403508771929829
Nathalie,the-everyday-shirt#Cream,makeover-blouse#LimeGreen,hard,0.01403508771929829
Riina,the-spotted-tunic#NavySpot,voyager-stripe-crew#Stripe,hard,0.022857142857142854
Riina,the-spotted-tunic#NavySpot,makeover-blouse#LimeGreen,hard,0.022857142857142854
Stacey,block-vest#Blockvest,makeover-blouse#LimeGreen,hard,0.009467455621301801
Stacey,block-vest#Blockvest,cara-tee-2#Blush,hard,0.04007527669805984
Laura,milan-stretch-top#NavyWhtStr,cara-tee-2#Blush,hard,0.009805425338985667
Laura,milan-stretch-top#NavyWhtStr,cara-tee-2#WhiteBlk,hard,0.009805425338985667
Georgia,pulkari-emb-top#Pulkari,voyager-stripe-crew#Stripe,hard,0.011764705882352955
Georgia,pulkari-emb-top#Pulkari,makeover-blouse#LimeGreen,hard,0.011764705882352955
Laura,meera-oversized-shirt#Mint,cara-tee-2#Blush,hard,0.009805425338985667
Laura,meera-oversized-shirt#Mint,cara-tee-2#WhiteBlk,hard,0.009805425338985667
Anna,the-relaxed-long-sleeve-tee#Black,voyager-stripe-crew#Stripe,hard,0.022857142857142854
Anna,the-relaxed-long-sleeve-tee#Black,makeover-blouse#LimeGreen,hard,0.022857142857142854
Marnee,moonlight-kisses-bamboo-tee#Saffron,natural-textured-poncho#Deeprain,hard,0.026966292134831427
Marnee,moonlight-kisses-bamboo-tee#Saffron,voyager-stripe-crew#Stripe,hard,0.02921348314606742
Katie,bodega-knit#Moss,voyager-stripe-crew#Stripe,hard,0.020689655172413834
Katie,bodega-knit#Moss,makeover-blouse#LimeGreen,hard,0.020689655172413834
Chelsea,millie-top#Blush,voyager-stripe-crew#Stripe,hard,0.027118644067796627
Chelsea,millie-top#Blush,makeover-blouse#LimeGreen,hard,0.027118644067796627
Nathalie,runaway-top#Sand,voyager-stripe-crew#Stripe,hard,0.01403508771929829
Nathalie,runaway-top#Sand,makeover-blouse#LimeGreen,hard,0.01403508771929829
Emma,long-sleeve-spot-top#Multispot,voyager-stripe-crew#Stripe,hard,0.020689655172413834
Emma,long-sleeve-spot-top#Multispot,makeover-blouse#LimeGreen,hard,0.020689655172413834
Ljubenka,the-high-low-drape-tee#Sage,the-uneven-hem-knit-1#Sage,hard,0.02003205128205128
Ljubenka,the-high-low-drape-tee#Sage,natural-textured-poncho#Deeprain,hard,0.0222222222222222
Clementine,the-cotton-bamboo-tank#White,voyager-stripe-crew#Stripe,hard,0.022857142857142854
Clementine,the-cotton-bamboo-tank#White,makeover-blouse#LimeGreen,hard,0.022857142857142854
Marnee,rising-mist-jumper#Nickel,natural-textured-poncho#Deeprain,hard,0.026966292134831427
Marnee,rising-mist-jumper#Nickel,voyager-stripe-crew#Stripe,hard,0.02921348314606742
Palatina,flow-with-me-slouch-top#Brick,cara-tee-2#Blush,hard,0.02436008474699353
Palatina,flow-with-me-slouch-top#Brick,cara-tee-2#WhiteBlk,hard,0.02436008474699353
Lucy,the-batwing-tee#FrenchBlue,manhattan-stretch-tee#White,hard,0.024144177255066686
Lucy,the-batwing-tee#FrenchBlue,manhattan-stretch-tee#Navy,hard,0.024144177255066686
Georgia,snug-as-a-bug-jumper#Smoke,voyager-stripe-crew#Stripe,hard,0.011764705882352955
Georgia,snug-as-a-bug-jumper#Smoke,makeover-blouse#LimeGreen,hard,0.011764705882352955
Olivia,sugar-snaps-layers-tank#DuckEgg,natural-textured-poncho#Deeprain,hard,0.026966292134831427
Olivia,sugar-snaps-layers-tank#DuckEgg,voyager-stripe-crew#Stripe,hard,0.02921348314606742
Georgia,sugar-snaps-round-neck-layer-tank#Black,voyager-stripe-crew#Stripe,hard,0.011764705882352955
Georgia,sugar-snaps-round-neck-layer-tank#Black,makeover-blouse#LimeGreen,hard,0.011764705882352955
Chelsea,the-flutter-sleeve-top#Denim,voyager-stripe-crew#Stripe,hard,0.027118644067796627
Chelsea,the-flutter-sleeve-top#Denim,makeover-blouse#LimeGreen,hard,0.027118644067796627
Nikki,the-drape-tee-1#Black,natural-textured-poncho#Deeprain,hard,0.026966292134831427
Nikki,the-drape-tee-1#Black,voyager-stripe-crew#Stripe,hard,0.02921348314606742
Nathalie,runaway-top#JetBlack,voyager-stripe-crew#Stripe,hard,0.01403508771929829
Nathalie,runaway-top#JetBlack,makeover-blouse#LimeGreen,hard,0.01403508771929829
Marnee,falling-for-you-cardi#Teal,natural-textured-poncho#Deeprain,hard,0.026966292134831427
Marnee,falling-for-you-cardi#Teal,voyager-stripe-crew#Stripe,hard,0.02921348314606742
Miranda,the-frill-wrap-blouse#Spot,voyager-stripe-crew#Stripe,hard,0.01403508771929829
Miranda,the-frill-wrap-blouse#Spot,makeover-blouse#LimeGreen,hard,0.01403508771929829
Marnee,roll-with-me-jumper#Chalk,natural-textured-poncho#Deeprain,hard,0.026966292134831427
Marnee,roll-with-me-jumper#Chalk,voyager-stripe-crew#Stripe,hard,0.02921348314606742
Jess,the-cross-front-spot-blouse#NavySpot,cara-tee-2#Blush,hard,0.02465728715728717
Jess,the-cross-front-spot-blouse#NavySpot,cara-tee-2#WhiteBlk,hard,0.02465728715728717
Fiona,the-shoulder-tie-top#White,natural-textured-poncho#Deeprain,hard,0.0198895027624309
Fiona,the-shoulder-tie-top#White,wonderland-blouse#Ink,hard,0.029034976521913555
Fiona,birds-tee-1#Navy,natural-textured-poncho#Deeprain,hard,0.0198895027624309
Fiona,birds-tee-1#Navy,wonderland-blouse#Ink,hard,0.029034976521913555
Fiona,flying-free-top-3#WhiteBird,natural-textured-poncho#Deeprain,hard,0.0198895027624309
Fiona,flying-free-top-3#WhiteBird,wonderland-blouse#Ink,hard,0.029034976521913555
Kate,the-cross-over-blouse#RoyalBlue,natural-textured-poncho#Deeprain,hard,0.0222222222222222
Kate,the-cross-over-blouse#RoyalBlue,animal-button-up-shirt#KhakiPrint,hard,0.024927577868754342
Perrie,the-cut-out-shoulder-blouse#Black,natural-textured-poncho#Deeprain,hard,0.024581005586592153
Perrie,the-cut-out-shoulder-blouse#Black,voyager-stripe-crew#Stripe,hard,0.03128491620111734
Summer,ally-long-sleeve-tee#CosmosPr,voyager-stripe-crew#Stripe,hard,0.025000000000000022
Summer,ally-long-sleeve-tee#CosmosPr,natural-textured-poncho#Deeprain,hard,0.0318181818181818
Natalie,the-cross-over-blouse#Red,natural-textured-poncho#Deeprain,hard,0.0222222222222222
Natalie,the-cross-over-blouse#Red,voyager-stripe-crew#Stripe,hard,0.03333333333333338
Bree,belle-half-sleeve-forgiver-tunic#MutedClay,cara-tee-2#Blush,hard,0.018771830454073445
Bree,belle-half-sleeve-forgiver-tunic#MutedClay,cara-tee-2#WhiteBlk,hard,0.018771830454073445
Ljubenka,34-sleeve-shirt-1#SkyWhite,the-uneven-hem-knit-1#Sage,hard,0.02003205128205128
Ljubenka,34-sleeve-shirt-1#SkyWhite,natural-textured-poncho#Deeprain,hard,0.0222222222222222
Georgia,stripe-me-happy-blouse#Ash,voyager-stripe-crew#Stripe,hard,0.011764705882352955
Georgia,stripe-me-happy-blouse#Ash,makeover-blouse#LimeGreen,hard,0.011764705882352955
Anna,the-half-sleeve-tee#Black,voyager-stripe-crew#Stripe,hard,0.022857142857142854
Anna,the-half-sleeve-tee#Black,makeover-blouse#LimeGreen,hard,0.022857142857142854
Ljubenka,the-everyday-shirt#Rose,the-uneven-hem-knit-1#Sage,hard,0.02003205128205128
Ljubenka,the-everyday-shirt#Rose,natural-textured-poncho#Deeprain,hard,0.0222222222222222
Nadine,cotton-cashmere-v-neck-knit#Navy,makeover-blouse#LimeGreen,hard,0.004790419161676662
Nadine,cotton-cashmere-v-neck-knit#Navy,pure-merino-fine-rib-v-neck#Charcoal,hard,0.02127438771274388
Georgia,long-sleeve-softly-swinging-bamboo-tee#Smoke,voyager-stripe-crew#Stripe,hard,0.011764705882352955
Georgia,long-sleeve-softly-swinging-bamboo-tee#Smoke,makeover-blouse#LimeGreen,hard,0.011764705882352955
Jess,the-cut-out-shoulder-blouse#Salmon,cara-tee-2#Blush,hard,0.02465728715728717
Jess,the-cut-out-shoulder-blouse#Salmon,cara-tee-2#WhiteBlk,hard,0.02465728715728717
Jude,falling-for-you-cardi#Mustard,voyager-stripe-crew#Stripe,hard,0.022857142857142854
Jude,falling-for-you-cardi#Mustard,makeover-blouse#LimeGreen,hard,0.022857142857142854
Jess,ricki-one-shoulder-top#BlackWhite,cara-tee-2#Blush,hard,0.02465728715728717
Jess,ricki-one-shoulder-top#BlackWhite,cara-tee-2#WhiteBlk,hard,0.02465728715728717
Mae-Lee,soft-and-true-tunic#Pine,side-buttoned-sweater#Buttoned,hard,0.0066981036406044
Mae-Lee,soft-and-true-tunic#Pine,voyager-stripe-crew#Stripe,hard,0.01849710982658964
Miranda,the-boat-neck-top#Black,voyager-stripe-crew#Stripe,hard,0.01403508771929829
Miranda,the-boat-neck-top#Black,makeover-blouse#LimeGreen,hard,0.01403508771929829
Clementine,wrap-me-up-bamboo-top#BlueJeans,voyager-stripe-crew#Stripe,hard,0.022857142857142854
Clementine,wrap-me-up-bamboo-top#BlueJeans,makeover-blouse#LimeGreen,hard,0.022857142857142854
Jess,softly-swinging-bamboo-tee#Chambray,cara-tee-2#Blush,hard,0.02465728715728717
Jess,softly-swinging-bamboo-tee#Chambray,cara-tee-2#WhiteBlk,hard,0.02465728715728717
Jess,rise-top#Ink,cara-tee-2#Blush,hard,0.02465728715728717
Jess,rise-top#Ink,cara-tee-2#WhiteBlk,hard,0.02465728715728717
Sophia,the-asymmetrical-hem-sweater#Blush,cara-tee-2#Blush,hard,0.010112367541426632
Sophia,the-asymmetrical-hem-sweater#Blush,cara-tee-2#WhiteBlk,hard,0.010112367541426632
Marnee,long-sleeve-softly-swinging-bamboo-tee#TeaRose,natural-textured-poncho#Deeprain,hard,0.026966292134831427
Marnee,long-sleeve-softly-swinging-bamboo-tee#TeaRose,voyager-stripe-crew#Stripe,hard,0.02921348314606742
Marnee,crossing-the-plains-sweater-1#Indigo,natural-textured-poncho#Deeprain,hard,0.026966292134831427
Marnee,crossing-the-plains-sweater-1#Indigo,voyager-stripe-crew#Stripe,hard,0.02921348314606742
Denniel,the-cross-over-blouse#Sunshine,natural-textured-poncho#Deeprain,hard,0.026966292134831427
Denniel,the-cross-over-blouse#Sunshine,voyager-stripe-crew#Stripe,hard,0.02921348314606742
Denniel,the-cotton-bamboo-tee#White,natural-textured-poncho#Deeprain,hard,0.026966292134831427
Denniel,the-cotton-bamboo-tee#White,voyager-stripe-crew#Stripe,hard,0.02921348314606742
Jess,belle-ls-free-fall-tee#Greenland,cara-tee-2#Blush,hard,0.02465728715728717
Jess,belle-ls-free-fall-tee#Greenland,cara-tee-2#WhiteBlk,hard,0.02465728715728717
Emma,long-sleeve-softly-swinging-bamboo-tee#DuckEgg,voyager-stripe-crew#Stripe,hard,0.020689655172413834
Emma,long-sleeve-softly-swinging-bamboo-tee#DuckEgg,makeover-blouse#LimeGreen,hard,0.020689655172413834
Shadae,clio-knit-jumper#InkWhite,voyager-stripe-crew#Stripe,hard,0.027118644067796627
Shadae,clio-knit-jumper#InkWhite,makeover-blouse#LimeGreen,hard,0.027118644067796627
Nadine,juno-cardigan#GreyMarle,makeover-blouse#LimeGreen,hard,0.004790419161676662
Nadine,juno-cardigan#GreyMarle,pure-merino-fine-rib-v-neck#Charcoal,hard,0.02127438771274388
Tia,wrap-me-up-bamboo-top#Black,the-panel-luxe-top#BlkWhite,hard,0.014767454441367485
Tia,wrap-me-up-bamboo-top#Black,the-panel-luxe-top#SilvWhite,hard,0.014767454441367485
Laura,true-love-bell-blouse#Jade,cara-tee-2#Blush,hard,0.009805425338985667
Laura,true-love-bell-blouse#Jade,cara-tee-2#WhiteBlk,hard,0.009805425338985667
Summer,capri-tank-3#Black,voyager-stripe-crew#Stripe,hard,0.025000000000000022
Summer,capri-tank-3#Black,natural-textured-poncho#Deeprain,hard,0.0318181818181818
Shadae,fundamental-split-hoodie#Navy,voyager-stripe-crew#Stripe,hard,0.027118644067796627
Shadae,fundamental-split-hoodie#Navy,makeover-blouse#LimeGreen,hard,0.027118644067796627
Fiona,the-cotton-tie-detail-top#Ivory,natural-textured-poncho#Deeprain,hard,0.0198895027624309
Fiona,the-cotton-tie-detail-top#Ivory,wonderland-blouse#Ink,hard,0.029034976521913555
Gemma,button-through-animal-shirt#Animal,voyager-stripe-crew#Stripe,hard,0.025000000000000022
Gemma,button-through-animal-shirt#Animal,makeover-blouse#LimeGreen,hard,0.025000000000000022
Laura,the-everyday-shirt#Rose,cara-tee-2#Blush,hard,0.009805425338985667
Laura,the-everyday-shirt#Rose,cara-tee-2#WhiteBlk,hard,0.009805425338985667
Fiona,the-french-cuff-shirt#White,natural-textured-poncho#Deeprain,hard,0.0198895027624309
Fiona,the-french-cuff-shirt#White,wonderland-blouse#Ink,hard,0.029034976521913555
Clementine,the-cotton-bamboo-tank#Moonbeam,voyager-stripe-crew#Stripe,hard,0.022857142857142854
Clementine,the-cotton-bamboo-tank#Moonbeam,makeover-blouse#LimeGreen,hard,0.022857142857142854
Chelsea,jersey-split-back-hooded-top#NavyStrip,voyager-stripe-crew#Stripe,hard,0.027118644067796627
Chelsea,jersey-split-back-hooded-top#NavyStrip,makeover-blouse#LimeGreen,hard,0.027118644067796627
Summer,rib-tank-2#Red,voyager-stripe-crew#Stripe,hard,0.025000000000000022
Summer,rib-tank-2#Red,natural-textured-poncho#Deeprain,hard,0.0318181818181818
Mae-Lee,the-cut-out-shoulder-blouse#Clay,side-buttoned-sweater#Buttoned,hard,0.0066981036406044
Mae-Lee,the-cut-out-shoulder-blouse#Clay,voyager-stripe-crew#Stripe,hard,0.01849710982658964
Laura,falling-for-you-cardi#Khaki,cara-tee-2#Blush,hard,0.009805425338985667
Laura,falling-for-you-cardi#Khaki,cara-tee-2#WhiteBlk,hard,0.009805425338985667
Summer,cuddled-longline-cardigan#Sunflower,voyager-stripe-crew#Stripe,hard,0.025000000000000022
Summer,cuddled-longline-cardigan#Sunflower,natural-textured-poncho#Deeprain,hard,0.0318181818181818
Emma,belle-v-neck-forgiver-tunic#Black,voyager-stripe-crew#Stripe,hard,0.020689655172413834
Emma,belle-v-neck-forgiver-tunic#Black,makeover-blouse#LimeGreen,hard,0.020689655172413834
Gemma,ella-funnel-neck-top#Khaki,voyager-stripe-crew#Stripe,hard,0.025000000000000022
Gemma,ella-funnel-neck-top#Khaki,makeover-blouse#LimeGreen,hard,0.025000000000000022
Maddy,the-cross-over-blouse#Silver,natural-textured-poncho#Deeprain,hard,0.026966292134831427
Maddy,the-cross-over-blouse#Silver,voyager-stripe-crew#Stripe,hard,0.02921348314606742
Amanda,the-longline-cardi-1#Nude,natural-textured-poncho#Deeprain,hard,0.026966292134831427
Amanda,the-longline-cardi-1#Nude,voyager-stripe-crew#Stripe,hard,0.02921348314606742
Ljubenka,belle-v-neck-forgiver-tunic#White,the-uneven-hem-knit-1#Sage,hard,0.02003205128205128
Ljubenka,belle-v-neck-forgiver-tunic#White,natural-textured-poncho#Deeprain,hard,0.0222222222222222
Madeline,natural-pattern-cocoon-cardigan#Blossom,voyager-stripe-crew#Stripe,hard,0.03128491620111734
Madeline,natural-pattern-cocoon-cardigan#Blossom,makeover-blouse#LimeGreen,hard,0.03128491620111734
Natalia,the-asymmetrical-hem-sweater#Blush,voyager-stripe-crew#Stripe,hard,0.011764705882352955
Natalia,the-asymmetrical-hem-sweater#Blush,makeover-blouse#LimeGreen,hard,0.011764705882352955
Summer,hem-frill-stripe-top#SoFrilled,voyager-stripe-crew#Stripe,hard,0.025000000000000022
Summer,hem-frill-stripe-top#SoFrilled,natural-textured-poncho#Deeprain,hard,0.0318181818181818
Georgia,falling-for-you-cardi#Port,voyager-stripe-crew#Stripe,hard,0.011764705882352955
Georgia,falling-for-you-cardi#Port,makeover-blouse#LimeGreen,hard,0.011764705882352955
Laura,softly-swinging-bamboo-tee#Chambray,cara-tee-2#Blush,hard,0.009805425338985667
Laura,softly-swinging-bamboo-tee#Chambray,cara-tee-2#WhiteBlk,hard,0.009805425338985667
Palatina,the-essential-pullover#DustyPeach,cara-tee-2#Blush,hard,0.02436008474699353
Palatina,the-essential-pullover#DustyPeach,cara-tee-2#WhiteBlk,hard,0.02436008474699353
Alex,the-cotton-bamboo-tank#Moonbeam,voyager-stripe-crew#Stripe,hard,0.020689655172413834
Alex,the-cotton-bamboo-tank#Moonbeam,makeover-blouse#LimeGreen,hard,0.020689655172413834
Katie,foil-spot-tee-1#Navy,voyager-stripe-crew#Stripe,hard,0.020689655172413834
Katie,foil-spot-tee-1#Navy,makeover-blouse#LimeGreen,hard,0.020689655172413834
Tia,capri-tank-3#Navy,the-panel-luxe-top#BlkWhite,hard,0.014767454441367485
Tia,capri-tank-3#Navy,the-panel-luxe-top#SilvWhite,hard,0.014767454441367485
Jess,ditzy-floral-ruffle-blouse#DitzyFlora,cara-tee-2#Blush,hard,0.02465728715728717
Jess,ditzy-floral-ruffle-blouse#DitzyFlora,cara-tee-2#WhiteBlk,hard,0.02465728715728717
Bree,belle-half-sleeve-forgiver-tunic#Black,cara-tee-2#Blush,hard,0.018771830454073445
Bree,belle-half-sleeve-forgiver-tunic#Black,cara-tee-2#WhiteBlk,hard,0.018771830454073445
Riina,the-daily-cross-over-top#PinkPrint,voyager-stripe-crew#Stripe,hard,0.022857142857142854
Riina,the-daily-cross-over-top#PinkPrint,makeover-blouse#LimeGreen,hard,0.022857142857142854
Amanda,the-asymmetrical-hem-sweater#Blush,natural-textured-poncho#Deeprain,hard,0.026966292134831427
Amanda,the-asymmetrical-hem-sweater#Blush,voyager-stripe-crew#Stripe,hard,0.02921348314606742
Jess,belle-flocked-tunic#White,cara-tee-2#Blush,hard,0.02465728715728717
Jess,belle-flocked-tunic#White,cara-tee-2#WhiteBlk,hard,0.02465728715728717
Laura,the-drape-tee-1#Stripe,cara-tee-2#Blush,hard,0.009805425338985667
Laura,the-drape-tee-1#Stripe,cara-tee-2#WhiteBlk,hard,0.009805425338985667
Laura,the-cotton-bamboo-tee#BlueJeans,cara-tee-2#Blush,hard,0.009805425338985667
Laura,the-cotton-bamboo-tee#BlueJeans,cara-tee-2#WhiteBlk,hard,0.009805425338985667
Amanda,the-weekender-shirt#GreyStripe,natural-textured-poncho#Deeprain,hard,0.026966292134831427
Amanda,the-weekender-shirt#GreyStripe,voyager-stripe-crew#Stripe,hard,0.02921348314606742
Chelsea,2-in-1-layered-knit-top#Khaki,voyager-stripe-crew#Stripe,hard,0.027118644067796627
Chelsea,2-in-1-layered-knit-top#Khaki,makeover-blouse#LimeGreen,hard,0.027118644067796627
Fiona,long-sleeve-softly-swinging-bamboo-tee#SilverScon,natural-textured-poncho#Deeprain,hard,0.0198895027624309
Fiona,long-sleeve-softly-swinging-bamboo-tee#SilverScon,wonderland-blouse#Ink,hard,0.029034976521913555
Mae-Lee,the-sleeveless-cross-over-blouse#White,side-buttoned-sweater#Buttoned,hard,0.0066981036406044
Mae-Lee,the-sleeveless-cross-over-blouse#White,voyager-stripe-crew#Stripe,hard,0.01849710982658964
Marnee,falling-for-you-cardi-2#WinterRose,natural-textured-poncho#Deeprain,hard,0.026966292134831427
Marnee,falling-for-you-cardi-2#WinterRose,voyager-stripe-crew#Stripe,hard,0.02921348314606742
Laura,vivid-dreams-blouse#Dusty%20Rose,cara-tee-2#Blush,hard,0.009805425338985667
Laura,vivid-dreams-blouse#Dusty%20Rose,cara-tee-2#WhiteBlk,hard,0.009805425338985667
Amanda,the-on-or-off-the-shoulder-top#FrenchNavy,natural-textured-poncho#Deeprain,hard,0.026966292134831427
Amanda,the-on-or-off-the-shoulder-top#FrenchNavy,voyager-stripe-crew#Stripe,hard,0.02921348314606742
Laura,sugar-snaps-layers-tank#DuckEgg,cara-tee-2#Blush,hard,0.009805425338985667
Laura,sugar-snaps-layers-tank#DuckEgg,cara-tee-2#WhiteBlk,hard,0.009805425338985667
Jess,belle-v-neck-forgiver-tunic#BlueMarle,cara-tee-2#Blush,hard,0.02465728715728717
Jess,belle-v-neck-forgiver-tunic#BlueMarle,cara-tee-2#WhiteBlk,hard,0.02465728715728717
Stacey,layer-me-bamboo-rouched-sleeve-tee#Copper,makeover-blouse#LimeGreen,hard,0.009467455621301801
Stacey,layer-me-bamboo-rouched-sleeve-tee#Copper,cara-tee-2#Blush,hard,0.04007527669805984
Maddy,the-cross-over-blouse#RoyalBlue,natural-textured-poncho#Deeprain,hard,0.026966292134831427
Maddy,the-cross-over-blouse#RoyalBlue,voyager-stripe-crew#Stripe,hard,0.02921348314606742
Olivia,sugar-snaps-layers-tank#DeepCobalt,natural-textured-poncho#Deeprain,hard,0.026966292134831427
Olivia,sugar-snaps-layers-tank#DeepCobalt,voyager-stripe-crew#Stripe,hard,0.02921348314606742
Laura,belle-off-the-shoulder-tee#Stripe,cara-tee-2#Blush,hard,0.009805425338985667
Laura,belle-off-the-shoulder-tee#Stripe,cara-tee-2#WhiteBlk,hard,0.009805425338985667
Kate,the-cross-over-blouse#Blue,natural-textured-poncho#Deeprain,hard,0.0222222222222222
Kate,the-cross-over-blouse#Blue,animal-button-up-shirt#KhakiPrint,hard,0.024927577868754342
Summer,block-vest#Blockvest,voyager-stripe-crew#Stripe,hard,0.025000000000000022
Summer,block-vest#Blockvest,natural-textured-poncho#Deeprain,hard,0.0318181818181818
Chelsea,cross-over-top-with-pocket#NavyMustrd,voyager-stripe-crew#Stripe,hard,0.027118644067796627
Chelsea,cross-over-top-with-pocket#NavyMustrd,makeover-blouse#LimeGreen,hard,0.027118644067796627
Gemma,falling-for-you-cardi#Teal,voyager-stripe-crew#Stripe,hard,0.025000000000000022
Gemma,falling-for-you-cardi#Teal,makeover-blouse#LimeGreen,hard,0.025000000000000022
Palatina,falling-for-you-cardi#Khaki,cara-tee-2#Blush,hard,0.02436008474699353
Palatina,falling-for-you-cardi#Khaki,cara-tee-2#WhiteBlk,hard,0.02436008474699353
Denniel,the-batwing-tee#Sea,natural-textured-poncho#Deeprain,hard,0.026966292134831427
Denniel,the-batwing-tee#Sea,voyager-stripe-crew#Stripe,hard,0.02921348314606742
Natalia,the-cosy-cardigan#Blue,voyager-stripe-crew#Stripe,hard,0.011764705882352955
Natalia,the-cosy-cardigan#Blue,makeover-blouse#LimeGreen,hard,0.011764705882352955
Jess,the-drape-tee-1#White,cara-tee-2#Blush,hard,0.02465728715728717
Jess,the-drape-tee-1#White,cara-tee-2#WhiteBlk,hard,0.02465728715728717
Georgia,falling-for-you-cardi#Mustard,voyager-stripe-crew#Stripe,hard,0.011764705882352955
Georgia,falling-for-you-cardi#Mustard,makeover-blouse#LimeGreen,hard,0.011764705882352955
Anna,waterfall-cardi-1#Navy,voyager-stripe-crew#Stripe,hard,0.022857142857142854
Anna,waterfall-cardi-1#Navy,makeover-blouse#LimeGreen,hard,0.022857142857142854
Nadine,great-scot-merino-carcoat#Twilight,makeover-blouse#LimeGreen,hard,0.004790419161676662
Nadine,great-scot-merino-carcoat#Twilight,pure-merino-fine-rib-v-neck#Charcoal,hard,0.02127438771274388
Mandy,monaco-sweater#BlackCream,voyager-stripe-crew#Stripe,hard,0.012499999999999956
Mandy,monaco-sweater#BlackCream,makeover-blouse#LimeGreen,hard,0.012499999999999956
Jess,falling-for-you-cardi-1#GreyGarden,cara-tee-2#Blush,hard,0.02465728715728717
Jess,falling-for-you-cardi-1#GreyGarden,cara-tee-2#WhiteBlk,hard,0.02465728715728717
Mae-Lee,falling-for-you-cardi#Khaki,side-buttoned-sweater#Buttoned,hard,0.0066981036406044
Mae-Lee,falling-for-you-cardi#Khaki,voyager-stripe-crew#Stripe,hard,0.01849710982658964
Marnee,sugar-snaps-layers-tank#PeachyKeen,natural-textured-poncho#Deeprain,hard,0.026966292134831427
Marnee,sugar-snaps-layers-tank#PeachyKeen,voyager-stripe-crew#Stripe,hard,0.02921348314606742
Palatina,the-boat-neck-top-1#Ink,cara-tee-2#Blush,hard,0.02436008474699353
Palatina,the-boat-neck-top-1#Ink,cara-tee-2#WhiteBlk,hard,0.02436008474699353
Anna,layer-top-1#Navy,voyager-stripe-crew#Stripe,hard,0.022857142857142854
Anna,layer-top-1#Navy,makeover-blouse#LimeGreen,hard,0.022857142857142854
Laura,layer-top-1#Navy,cara-tee-2#Blush,hard,0.009805425338985667
Laura,layer-top-1#Navy,cara-tee-2#WhiteBlk,hard,0.009805425338985667
Natalia,the-contrast-knit-1#Navy,voyager-stripe-crew#Stripe,hard,0.011764705882352955
Natalia,the-contrast-knit-1#Navy,makeover-blouse#LimeGreen,hard,0.011764705882352955
Riina,the-cotton-blend-stripe-jumper#BlueStripe,voyager-stripe-crew#Stripe,hard,0.022857142857142854
Riina,the-cotton-blend-stripe-jumper#BlueStripe,makeover-blouse#LimeGreen,hard,0.022857142857142854
Jess,long-sleeve-softly-swinging-bamboo-tee#SilverScon,cara-tee-2#Blush,hard,0.02465728715728717
Jess,long-sleeve-softly-swinging-bamboo-tee#SilverScon,cara-tee-2#WhiteBlk,hard,0.02465728715728717
Summer,magnolia-fields-keyhole-blouse#Magnolia,voyager-stripe-crew#Stripe,hard,0.025000000000000022
Summer,magnolia-fields-keyhole-blouse#Magnolia,natural-textured-poncho#Deeprain,hard,0.0318181818181818
Fiona,natural-detailed-sweater#Tinroof,natural-textured-poncho#Deeprain,hard,0.0198895027624309
Fiona,natural-detailed-sweater#Tinroof,wonderland-blouse#Ink,hard,0.029034976521913555
Amanda,the-weekender-shirt#DenimStrip,natural-textured-poncho#Deeprain,hard,0.026966292134831427
Amanda,the-weekender-shirt#DenimStrip,voyager-stripe-crew#Stripe,hard,0.02921348314606742
Fiona,long-sleeve-softly-swinging-bamboo-tee#Cashew,natural-textured-poncho#Deeprain,hard,0.0198895027624309
Fiona,long-sleeve-softly-swinging-bamboo-tee#Cashew,wonderland-blouse#Ink,hard,0.029034976521913555
Fiona,falling-for-you-cardi#Khaki,natural-textured-poncho#Deeprain,hard,0.0198895027624309
Fiona,falling-for-you-cardi#Khaki,wonderland-blouse#Ink,hard,0.029034976521913555
Laura,softly-swinging-bamboo-tee#Jewel,cara-tee-2#Blush,hard,0.009805425338985667
Laura,softly-swinging-bamboo-tee#Jewel,cara-tee-2#WhiteBlk,hard,0.009805425338985667
Clementine,the-printed-v-neck-tee#White,voyager-stripe-crew#Stripe,hard,0.022857142857142854
Clementine,the-printed-v-neck-tee#White,makeover-blouse#LimeGreen,hard,0.022857142857142854
Marnee,long-sleeve-softly-swinging-bamboo-tee#DuckEgg,natural-textured-poncho#Deeprain,hard,0.026966292134831427
Marnee,long-sleeve-softly-swinging-bamboo-tee#DuckEgg,voyager-stripe-crew#Stripe,hard,0.02921348314606742
Summer,always-mine-spliced-cardigan#GreyEmeral,voyager-stripe-crew#Stripe,hard,0.025000000000000022
Summer,always-mine-spliced-cardigan#GreyEmeral,natural-textured-poncho#Deeprain,hard,0.0318181818181818
Amanda,the-printed-v-split-top#Natural,natural-textured-poncho#Deeprain,hard,0.026966292134831427
Amanda,the-printed-v-split-top#Natural,voyager-stripe-crew#Stripe,hard,0.02921348314606742
Amanda,the-longline-cardi-1#GreyMarle,natural-textured-poncho#Deeprain,hard,0.026966292134831427
Amanda,the-longline-cardi-1#GreyMarle,voyager-stripe-crew#Stripe,hard,0.02921348314606742
Natalia,kimono-and-me-cardi#DustyPink,voyager-stripe-crew#Stripe,hard,0.011764705882352955
Natalia,kimono-and-me-cardi#DustyPink,makeover-blouse#LimeGreen,hard,0.011764705882352955
Riina,bora-bora-layered-tank#BoraBora,voyager-stripe-crew#Stripe,hard,0.022857142857142854
Riina,bora-bora-layered-tank#BoraBora,makeover-blouse#LimeGreen,hard,0.022857142857142854
Laura,germaine-blouse#Pearl,cara-tee-2#Blush,hard,0.009805425338985667
Laura,germaine-blouse#Pearl,cara-tee-2#WhiteBlk,hard,0.009805425338985667
Laura,the-flutter-sleeve-top#SnakePrint,cara-tee-2#Blush,hard,0.009805425338985667
Laura,the-flutter-sleeve-top#SnakePrint,cara-tee-2#WhiteBlk,hard,0.009805425338985667
Anna,aigli-top#Navy,voyager-stripe-crew#Stripe,hard,0.022857142857142854
Anna,aigli-top#Navy,makeover-blouse#LimeGreen,hard,0.022857142857142854
Amanda,the-stitch-detail-top#SkyBlue,natural-textured-poncho#Deeprain,hard,0.026966292134831427
Amanda,the-stitch-detail-top#SkyBlue,voyager-stripe-crew#Stripe,hard,0.02921348314606742
Marnee,long-sleeve-softly-swinging-bamboo-tee#Cashew,natural-textured-poncho#Deeprain,hard,0.026966292134831427
Marnee,long-sleeve-softly-swinging-bamboo-tee#Cashew,voyager-stripe-crew#Stripe,hard,0.02921348314606742
Mae-Lee,long-sleeve-softly-swinging-bamboo-tee#Navy,side-buttoned-sweater#Buttoned,hard,0.0066981036406044
Mae-Lee,long-sleeve-softly-swinging-bamboo-tee#Navy,voyager-stripe-crew#Stripe,hard,0.01849710982658964
Anna,milan-stretch-top#White,voyager-stripe-crew#Stripe,hard,0.022857142857142854
Anna,milan-stretch-top#White,makeover-blouse#LimeGreen,hard,0.022857142857142854
Shadae,rib-tank-2#Red,voyager-stripe-crew#Stripe,hard,0.027118644067796627
Shadae,rib-tank-2#Red,makeover-blouse#LimeGreen,hard,0.027118644067796627
Georgia,blue-waters-cotton-blouse#White,voyager-stripe-crew#Stripe,hard,0.011764705882352955
Georgia,blue-waters-cotton-blouse#White,makeover-blouse#LimeGreen,hard,0.011764705882352955
Natalie,the-cross-over-blouse#White,natural-textured-poncho#Deeprain,hard,0.0222222222222222
Natalie,the-cross-over-blouse#White,voyager-stripe-crew#Stripe,hard,0.03333333333333338
Nadine,renee-sweater#Sapphire,makeover-blouse#LimeGreen,hard,0.004790419161676662
Nadine,renee-sweater#Sapphire,pure-merino-fine-rib-v-neck#Charcoal,hard,0.02127438771274388
Laura,the-high-low-drape-tee#Sage,cara-tee-2#Blush,hard,0.009805425338985667
Laura,the-high-low-drape-tee#Sage,cara-tee-2#WhiteBlk,hard,0.009805425338985667
Mae-Lee,falling-for-you-cardi#Rust,side-buttoned-sweater#Buttoned,hard,0.0066981036406044
Mae-Lee,falling-for-you-cardi#Rust,voyager-stripe-crew#Stripe,hard,0.01849710982658964
Tia,softly-swinging-bamboo-tee#Cashew,the-panel-luxe-top#BlkWhite,hard,0.014767454441367485
Tia,softly-swinging-bamboo-tee#Cashew,the-panel-luxe-top#SilvWhite,hard,0.014767454441367485
Jess,reversible-scoopv-neck-tank#Black,cara-tee-2#Blush,hard,0.02465728715728717
Jess,reversible-scoopv-neck-tank#Black,cara-tee-2#WhiteBlk,hard,0.02465728715728717
Amanda,the-relaxed-batwing-top#Denim%20Blue,natural-textured-poncho#Deeprain,hard,0.026966292134831427
Amanda,the-relaxed-batwing-top#Denim%20Blue,voyager-stripe-crew#Stripe,hard,0.02921348314606742
Laura,maui-stretch-tee#White,cara-tee-2#Blush,hard,0.009805425338985667
Laura,maui-stretch-tee#White,cara-tee-2#WhiteBlk,hard,0.009805425338985667
Laura,the-cross-over-blouse#Sunshine,cara-tee-2#Blush,hard,0.009805425338985667
Laura,the-cross-over-blouse#Sunshine,cara-tee-2#WhiteBlk,hard,0.009805425338985667
Marnee,summer-whispers-kimono-1#Peacock,natural-textured-poncho#Deeprain,hard,0.026966292134831427
Marnee,summer-whispers-kimono-1#Peacock,voyager-stripe-crew#Stripe,hard,0.02921348314606742
Riina,the-cotton-cardi#Navy,voyager-stripe-crew#Stripe,hard,0.022857142857142854
Riina,the-cotton-cardi#Navy,makeover-blouse#LimeGreen,hard,0.022857142857142854
Georgia,butterfly-kisses-tee#Green,voyager-stripe-crew#Stripe,hard,0.011764705882352955
Georgia,butterfly-kisses-tee#Green,makeover-blouse#LimeGreen,hard,0.011764705882352955
Marnee,sugar-snaps-layers-tank#Blue,natural-textured-poncho#Deeprain,hard,0.026966292134831427
Marnee,sugar-snaps-layers-tank#Blue,voyager-stripe-crew#Stripe,hard,0.02921348314606742
Tia,the-cross-over-blouse#Blue,the-panel-luxe-top#BlkWhite,hard,0.014767454441367485
Tia,the-cross-over-blouse#Blue,the-panel-luxe-top#SilvWhite,hard,0.014767454441367485
Marnee,falling-for-you-cardi-1#GreyGarden,natural-textured-poncho#Deeprain,hard,0.026966292134831427
Marnee,falling-for-you-cardi-1#GreyGarden,voyager-stripe-crew#Stripe,hard,0.02921348314606742
Laura,the-long-sleeve-scoop-neck-tee#Grey,cara-tee-2#Blush,hard,0.009805425338985667
Laura,the-long-sleeve-scoop-neck-tee#Grey,cara-tee-2#WhiteBlk,hard,0.009805425338985667
Laura,the-cut-out-shoulder-blouse#Clay,cara-tee-2#Blush,hard,0.009805425338985667
Laura,the-cut-out-shoulder-blouse#Clay,cara-tee-2#WhiteBlk,hard,0.009805425338985667
Jess,the-sleeveless-cross-over-blouse#White,cara-tee-2#Blush,hard,0.02465728715728717
Jess,the-sleeveless-cross-over-blouse#White,cara-tee-2#WhiteBlk,hard,0.02465728715728717
Anna Maria,falling-for-you-cardi#Port,natural-textured-poncho#Deeprain,hard,0.024581005586592153
Anna Maria,falling-for-you-cardi#Port,voyager-stripe-crew#Stripe,hard,0.03128491620111734
Laura,the-oversized-cotton-blend-shirt#Sand,cara-tee-2#Blush,hard,0.009805425338985667
Laura,the-oversized-cotton-blend-shirt#Sand,cara-tee-2#WhiteBlk,hard,0.009805425338985667
Ljubenka,the-asymmetrical-tank-top#HotPink,the-uneven-hem-knit-1#Sage,hard,0.02003205128205128
Ljubenka,the-asymmetrical-tank-top#HotPink,natural-textured-poncho#Deeprain,hard,0.0222222222222222
Alex,the-short-sleeve-wrap-jersey-top#Black,voyager-stripe-crew#Stripe,hard,0.020689655172413834
Alex,the-short-sleeve-wrap-jersey-top#Black,makeover-blouse#LimeGreen,hard,0.020689655172413834
Summer,tab-sleeve-longline-shirt#Navy,voyager-stripe-crew#Stripe,hard,0.025000000000000022
Summer,tab-sleeve-longline-shirt#Navy,natural-textured-poncho#Deeprain,hard,0.0318181818181818
Laura,the-cut-out-shoulder-blouse#Salmon,cara-tee-2#Blush,hard,0.009805425338985667
Laura,the-cut-out-shoulder-blouse#Salmon,cara-tee-2#WhiteBlk,hard,0.009805425338985667
Amanda,the-high-low-drape-tee#Sage,natural-textured-poncho#Deeprain,hard,0.026966292134831427
Amanda,the-high-low-drape-tee#Sage,voyager-stripe-crew#Stripe,hard,0.02921348314606742
Laura,rory-spliced-zip-hoodie#Silver,cara-tee-2#Blush,hard,0.009805425338985667
Laura,rory-spliced-zip-hoodie#Silver,cara-tee-2#WhiteBlk,hard,0.009805425338985667
Olivia,sugar-snaps-layers-tank#Mint,natural-textured-poncho#Deeprain,hard,0.026966292134831427
Olivia,sugar-snaps-layers-tank#Mint,voyager-stripe-crew#Stripe,hard,0.02921348314606742
Anna,the-cut-out-shoulder-blouse#White,voyager-stripe-crew#Stripe,hard,0.022857142857142854
Anna,the-cut-out-shoulder-blouse#White,makeover-blouse#LimeGreen,hard,0.022857142857142854
Amanda,the-linen-tie-sleeve-top#GreyMarle,natural-textured-poncho#Deeprain,hard,0.026966292134831427
Amanda,the-linen-tie-sleeve-top#GreyMarle,voyager-stripe-crew#Stripe,hard,0.02921348314606742
Summer,capri-tank-3#White,voyager-stripe-crew#Stripe,hard,0.025000000000000022
Summer,capri-tank-3#White,natural-textured-poncho#Deeprain,hard,0.0318181818181818
Gemma,layered-sleeve-top#DarkBlue,voyager-stripe-crew#Stripe,hard,0.025000000000000022
Gemma,layered-sleeve-top#DarkBlue,makeover-blouse#LimeGreen,hard,0.025000000000000022
Riina,the-asymmetrical-hem-sweater#Blush,voyager-stripe-crew#Stripe,hard,0.022857142857142854
Riina,the-asymmetrical-hem-sweater#Blush,makeover-blouse#LimeGreen,hard,0.022857142857142854
Gemma,animal-knit-1#Animal,voyager-stripe-crew#Stripe,hard,0.025000000000000022
Gemma,animal-knit-1#Animal,makeover-blouse#LimeGreen,hard,0.025000000000000022
Marnee,long-sleeve-softly-swinging-bamboo-tee#Fern,natural-textured-poncho#Deeprain,hard,0.026966292134831427
Marnee,long-sleeve-softly-swinging-bamboo-tee#Fern,voyager-stripe-crew#Stripe,hard,0.02921348314606742
Gemma,longline-gather-back-shirt#Black,voyager-stripe-crew#Stripe,hard,0.025000000000000022
Gemma,longline-gather-back-shirt#Black,makeover-blouse#LimeGreen,hard,0.025000000000000022
Chelsea,luxe-shirt#Black,voyager-stripe-crew#Stripe,hard,0.027118644067796627
Chelsea,luxe-shirt#Black,makeover-blouse#LimeGreen,hard,0.027118644067796627
Laura,softly-swinging-bamboo-tee#BlueJeans,cara-tee-2#Blush,hard,0.009805425338985667
Laura,softly-swinging-bamboo-tee#BlueJeans,cara-tee-2#WhiteBlk,hard,0.009805425338985667
Jess,sugar-snaps-layers-tank#DeepCobalt,cara-tee-2#Blush,hard,0.02465728715728717
Jess,sugar-snaps-layers-tank#DeepCobalt,cara-tee-2#WhiteBlk,hard,0.02465728715728717
Stacey,sequin-heart-layered-top#Natural,makeover-blouse#LimeGreen,hard,0.009467455621301801
Stacey,sequin-heart-layered-top#Natural,cara-tee-2#Blush,hard,0.04007527669805984
Chelsea,luxe-shirt#Navy,voyager-stripe-crew#Stripe,hard,0.027118644067796627
Chelsea,luxe-shirt#Navy,makeover-blouse#LimeGreen,hard,0.027118644067796627
Clementine,the-sleeveless-cross-over-blouse#Mint,voyager-stripe-crew#Stripe,hard,0.022857142857142854
Clementine,the-sleeveless-cross-over-blouse#Mint,makeover-blouse#LimeGreen,hard,0.022857142857142854
Mae-Lee,sugar-snaps-layers-tank#SeaGreen,side-buttoned-sweater#Buttoned,hard,0.0066981036406044
Mae-Lee,sugar-snaps-layers-tank#SeaGreen,voyager-stripe-crew#Stripe,hard,0.01849710982658964
Sophia,rory-spliced-zip-hoodie#Slate,cara-tee-2#Blush,hard,0.010112367541426632
Sophia,rory-spliced-zip-hoodie#Slate,cara-tee-2#WhiteBlk,hard,0.010112367541426632
Stacey,skipping-stones-tunic#Natural,makeover-blouse#LimeGreen,hard,0.009467455621301801
Stacey,skipping-stones-tunic#Natural,cara-tee-2#Blush,hard,0.04007527669805984
Anna,the-cotton-bamboo-tank#Moonbeam,voyager-stripe-crew#Stripe,hard,0.022857142857142854
Anna,the-cotton-bamboo-tank#Moonbeam,makeover-blouse#LimeGreen,hard,0.022857142857142854
Alex,the-cross-over-blouse#Mint,voyager-stripe-crew#Stripe,hard,0.020689655172413834
Alex,the-cross-over-blouse#Mint,makeover-blouse#LimeGreen,hard,0.020689655172413834
Marnee,long-sleeve-softly-swinging-bamboo-tee#Combat,natural-textured-poncho#Deeprain,hard,0.026966292134831427
Marnee,long-sleeve-softly-swinging-bamboo-tee#Combat,voyager-stripe-crew#Stripe,hard,0.02921348314606742
Palatina,2-in-1-layered-knit-top#Khaki,cara-tee-2#Blush,hard,0.02436008474699353
Palatina,2-in-1-layered-knit-top#Khaki,cara-tee-2#WhiteBlk,hard,0.02436008474699353
Laura,the-cut-out-shoulder-blouse#Black,cara-tee-2#Blush,hard,0.009805425338985667
Laura,the-cut-out-shoulder-blouse#Black,cara-tee-2#WhiteBlk,hard,0.009805425338985667
Fiona,long-sleeve-layer-top#Navy,natural-textured-poncho#Deeprain,hard,0.0198895027624309
Fiona,long-sleeve-layer-top#Navy,wonderland-blouse#Ink,hard,0.029034976521913555
Fiona,the-spotted-tunic#GreySpot,natural-textured-poncho#Deeprain,hard,0.0198895027624309
Fiona,the-spotted-tunic#GreySpot,wonderland-blouse#Ink,hard,0.029034976521913555
Chelsea,the-oversized-cotton-blend-shirt#Navy,voyager-stripe-crew#Stripe,hard,0.027118644067796627
Chelsea,the-oversized-cotton-blend-shirt#Navy,makeover-blouse#LimeGreen,hard,0.027118644067796627
Monique,the-cotton-bamboo-tank#DuckEgg,voyager-stripe-crew#Stripe,hard,0.022857142857142854
Monique,the-cotton-bamboo-tank#DuckEgg,makeover-blouse#LimeGreen,hard,0.022857142857142854
Jess,sugar-snaps-layers-tank#NewBeige,cara-tee-2#Blush,hard,0.02465728715728717
Jess,sugar-snaps-layers-tank#NewBeige,cara-tee-2#WhiteBlk,hard,0.02465728715728717
Alex,the-cotton-bamboo-tank#DuckEgg,voyager-stripe-crew#Stripe,hard,0.020689655172413834
Alex,the-cotton-bamboo-tank#DuckEgg,makeover-blouse#LimeGreen,hard,0.020689655172413834
Riina,the-spotted-tunic#GreySpot,voyager-stripe-crew#Stripe,hard,0.022857142857142854
Riina,the-spotted-tunic#GreySpot,makeover-blouse#LimeGreen,hard,0.022857142857142854
Palatina,hydrangea-kimono#Hydrangea,cara-tee-2#Blush,hard,0.02436008474699353
Palatina,hydrangea-kimono#Hydrangea,cara-tee-2#WhiteBlk,hard,0.02436008474699353
Summer,back-to-you-top#BlackMagic,voyager-stripe-crew#Stripe,hard,0.025000000000000022
Summer,back-to-you-top#BlackMagic,natural-textured-poncho#Deeprain,hard,0.0318181818181818
Riina,the-blouson-sleeve-jumper#Navy,voyager-stripe-crew#Stripe,hard,0.022857142857142854
Riina,the-blouson-sleeve-jumper#Navy,makeover-blouse#LimeGreen,hard,0.022857142857142854
Marnee,the-relaxed-long-sleeve-tee#Pink,natural-textured-poncho#Deeprain,hard,0.026966292134831427
Marnee,the-relaxed-long-sleeve-tee#Pink,voyager-stripe-crew#Stripe,hard,0.02921348314606742
Lauren,the-tie-front-tank#Navy,side-buttoned-sweater#Buttoned,hard,0.010019841269841278
Lauren,the-tie-front-tank#Navy,voyager-stripe-crew#Stripe,hard,0.03333333333333338
Sophie,long-sleeve-softly-swinging-bamboo-tee#SilverScon,side-buttoned-sweater#Buttoned,hard,0.0011363636363636576
Sophie,long-sleeve-softly-swinging-bamboo-tee#SilverScon,the-tie-front-top#Navy,hard,0.017934149184149185
Monique,layered-tunic-1#White,voyager-stripe-crew#Stripe,hard,0.022857142857142854
Monique,layered-tunic-1#White,makeover-blouse#LimeGreen,hard,0.022857142857142854
Fiona,snug-as-a-bug-jumper#Smoke,natural-textured-poncho#Deeprain,hard,0.0198895027624309
Fiona,snug-as-a-bug-jumper#Smoke,wonderland-blouse#Ink,hard,0.029034976521913555
Jess,long-sleeve-softly-swinging-bamboo-tee#Cashew,cara-tee-2#Blush,hard,0.02465728715728717
Jess,long-sleeve-softly-swinging-bamboo-tee#Cashew,cara-tee-2#WhiteBlk,hard,0.02465728715728717
Stefania,the-contrast-panel-top#SageStripe,voyager-stripe-crew#Stripe,hard,0.016279069767441867
Stefania,the-contrast-panel-top#SageStripe,makeover-blouse#LimeGreen,hard,0.016279069767441867
Palatina,2-in-1-layered-top-1#PinkWhite,cara-tee-2#Blush,hard,0.02436008474699353
Palatina,2-in-1-layered-top-1#PinkWhite,cara-tee-2#WhiteBlk,hard,0.02436008474699353
Tia,softly-swinging-bamboo-tee#Navy,the-panel-luxe-top#BlkWhite,hard,0.014767454441367485
Tia,softly-swinging-bamboo-tee#Navy,the-panel-luxe-top#SilvWhite,hard,0.014767454441367485
Summer,layered-tee-2#Black,voyager-stripe-crew#Stripe,hard,0.025000000000000022
Summer,layered-tee-2#Black,natural-textured-poncho#Deeprain,hard,0.0318181818181818
Ljubenka,the-cut-out-shoulder-blouse#Black,the-uneven-hem-knit-1#Sage,hard,0.02003205128205128
Ljubenka,the-cut-out-shoulder-blouse#Black,natural-textured-poncho#Deeprain,hard,0.0222222222222222
Jess,the-drape-tee-1#Navy,cara-tee-2#Blush,hard,0.02465728715728717
Jess,the-drape-tee-1#Navy,cara-tee-2#WhiteBlk,hard,0.02465728715728717
Fiona,long-sleeve-softly-swinging-bamboo-tee#White,natural-textured-poncho#Deeprain,hard,0.0198895027624309
Fiona,long-sleeve-softly-swinging-bamboo-tee#White,wonderland-blouse#Ink,hard,0.029034976521913555
Amanda,the-shoulder-tie-top#Black,natural-textured-poncho#Deeprain,hard,0.026966292134831427
Amanda,the-shoulder-tie-top#Black,voyager-stripe-crew#Stripe,hard,0.02921348314606742
Mandy,heartmade-cardi#DustyRose,voyager-stripe-crew#Stripe,hard,0.012499999999999956
Mandy,heartmade-cardi#DustyRose,makeover-blouse#LimeGreen,hard,0.012499999999999956
Summer,dot-to-dot-knit-1#GreyMarle,voyager-stripe-crew#Stripe,hard,0.025000000000000022
Summer,dot-to-dot-knit-1#GreyMarle,natural-textured-poncho#Deeprain,hard,0.0318181818181818
Lauren,belle-handkerchief-printed-cami#RustFlwrs,side-buttoned-sweater#Buttoned,hard,0.010019841269841278
Lauren,belle-handkerchief-printed-cami#RustFlwrs,voyager-stripe-crew#Stripe,hard,0.03333333333333338
Ljubenka,the-cross-over-blouse#Red,the-uneven-hem-knit-1#Sage,hard,0.02003205128205128
Ljubenka,the-cross-over-blouse#Red,natural-textured-poncho#Deeprain,hard,0.0222222222222222
Stacey,out-of-my-mind-scallop-knit#GreyMarle,makeover-blouse#LimeGreen,hard,0.009467455621301801
Stacey,out-of-my-mind-scallop-knit#GreyMarle,cara-tee-2#Blush,hard,0.04007527669805984
Mae-Lee,the-cross-over-blouse#RoyalBlue,side-buttoned-sweater#Buttoned,hard,0.0066981036406044
Mae-Lee,the-cross-over-blouse#RoyalBlue,voyager-stripe-crew#Stripe,hard,0.01849710982658964
Laura,the-short-sleeve-wrap-jersey-top#NavyWhite,cara-tee-2#Blush,hard,0.009805425338985667
Laura,the-short-sleeve-wrap-jersey-top#NavyWhite,cara-tee-2#WhiteBlk,hard,0.009805425338985667
Maddy,the-long-sleeve-v-neck-tee#White,natural-textured-poncho#Deeprain,hard,0.026966292134831427
Maddy,the-long-sleeve-v-neck-tee#White,voyager-stripe-crew#Stripe,hard,0.02921348314606742
Summer,rib-tank-2#Mustard,voyager-stripe-crew#Stripe,hard,0.025000000000000022
Summer,rib-tank-2#Mustard,natural-textured-poncho#Deeprain,hard,0.0318181818181818
Maddy,the-batwing-tee#Stone,natural-textured-poncho#Deeprain,hard,0.026966292134831427
Maddy,the-batwing-tee#Stone,voyager-stripe-crew#Stripe,hard,0.02921348314606742
Emma,block-sweater#Block,voyager-stripe-crew#Stripe,hard,0.020689655172413834
Emma,block-sweater#Block,makeover-blouse#LimeGreen,hard,0.020689655172413834
Mae-Lee,belle-v-neck-forgiver-tunic#Tobacco,side-buttoned-sweater#Buttoned,hard,0.0066981036406044
Mae-Lee,belle-v-neck-forgiver-tunic#Tobacco,voyager-stripe-crew#Stripe,hard,0.01849710982658964
Maddy,the-cross-over-blouse#Red,natural-textured-poncho#Deeprain,hard,0.026966292134831427
Maddy,the-cross-over-blouse#Red,voyager-stripe-crew#Stripe,hard,0.02921348314606742
Tia,layered-tee-2#White,the-panel-luxe-top#BlkWhite,hard,0.014767454441367485
Tia,layered-tee-2#White,the-panel-luxe-top#SilvWhite,hard,0.014767454441367485
Fiona,the-boat-neck-top#Navy,natural-textured-poncho#Deeprain,hard,0.0198895027624309
Fiona,the-boat-neck-top#Navy,wonderland-blouse#Ink,hard,0.029034976521913555
Riina,the-oversize-knit#GreyMarle,voyager-stripe-crew#Stripe,hard,0.022857142857142854
Riina,the-oversize-knit#GreyMarle,makeover-blouse#LimeGreen,hard,0.022857142857142854
Mae-Lee,falling-for-you-cardi#Navy,side-buttoned-sweater#Buttoned,hard,0.0066981036406044
Mae-Lee,falling-for-you-cardi#Navy,voyager-stripe-crew#Stripe,hard,0.01849710982658964
Thais,jade-kimono-kaleidoscope#Blue,natural-textured-poncho#Deeprain,hard,0.026966292134831427
Thais,jade-kimono-kaleidoscope#Blue,voyager-stripe-crew#Stripe,hard,0.02921348314606742
Stefania,cable-knit-sweater#Camel,voyager-stripe-crew#Stripe,hard,0.016279069767441867
Stefania,cable-knit-sweater#Camel,makeover-blouse#LimeGreen,hard,0.016279069767441867
Summer,nova-lux-long-sleeve-tie-top#AidaStripe,voyager-stripe-crew#Stripe,hard,0.025000000000000022
Summer,nova-lux-long-sleeve-tie-top#AidaStripe,natural-textured-poncho#Deeprain,hard,0.0318181818181818
Riina,the-stripe-jersey-top#Blue,voyager-stripe-crew#Stripe,hard,0.022857142857142854
Riina,the-stripe-jersey-top#Blue,makeover-blouse#LimeGreen,hard,0.022857142857142854
Marnee,long-sleeve-softly-swinging-bamboo-tee#Navy,natural-textured-poncho#Deeprain,hard,0.026966292134831427
Marnee,long-sleeve-softly-swinging-bamboo-tee#Navy,voyager-stripe-crew#Stripe,hard,0.02921348314606742
Emma,annabelle-sweater#Midnight,voyager-stripe-crew#Stripe,hard,0.020689655172413834
Emma,annabelle-sweater#Midnight,makeover-blouse#LimeGreen,hard,0.020689655172413834
Miranda,york-linen-blend-top#BurntOrang,voyager-stripe-crew#Stripe,hard,0.01403508771929829
Miranda,york-linen-blend-top#BurntOrang,makeover-blouse#LimeGreen,hard,0.01403508771929829
Natalie,the-sleeveless-cross-over-blouse#Chambray,natural-textured-poncho#Deeprain,hard,0.0222222222222222
Natalie,the-sleeveless-cross-over-blouse#Chambray,voyager-stripe-crew#Stripe,hard,0.03333333333333338
Ljubenka,paisley-top-1#Paisley,the-uneven-hem-knit-1#Sage,hard,0.02003205128205128
Ljubenka,paisley-top-1#Paisley,natural-textured-poncho#Deeprain,hard,0.0222222222222222
Georgia,floating-by-you-blouse#SeaFleur,voyager-stripe-crew#Stripe,hard,0.011764705882352955
Georgia,floating-by-you-blouse#SeaFleur,makeover-blouse#LimeGreen,hard,0.011764705882352955
Georgia,softly-swinging-bamboo-tee#Starfish,voyager-stripe-crew#Stripe,hard,0.011764705882352955
Georgia,softly-swinging-bamboo-tee#Starfish,makeover-blouse#LimeGreen,hard,0.011764705882352955
Marnee,long-sleeve-softly-swinging-bamboo-tee#SilverScon,natural-textured-poncho#Deeprain,hard,0.026966292134831427
Marnee,long-sleeve-softly-swinging-bamboo-tee#SilverScon,voyager-stripe-crew#Stripe,hard,0.02921348314606742
Maddy,the-long-sleeve-v-neck-tee#Navy,natural-textured-poncho#Deeprain,hard,0.026966292134831427
Maddy,the-long-sleeve-v-neck-tee#Navy,voyager-stripe-crew#Stripe,hard,0.02921348314606742
Laura,layla-long-line-kimono#MultiStrip,cara-tee-2#Blush,hard,0.009805425338985667
Laura,layla-long-line-kimono#MultiStrip,cara-tee-2#WhiteBlk,hard,0.009805425338985667
Monique,still-the-one-ruffle-blouse#Spot,voyager-stripe-crew#Stripe,hard,0.022857142857142854
Monique,still-the-one-ruffle-blouse#Spot,makeover-blouse#LimeGreen,hard,0.022857142857142854
Natalia,viola-kimono-radiant-floral#Grey,voyager-stripe-crew#Stripe,hard,0.011764705882352955
Natalia,viola-kimono-radiant-floral#Grey,makeover-blouse#LimeGreen,hard,0.011764705882352955
Laura,flying-free-top-3#WhiteBird,cara-tee-2#Blush,hard,0.009805425338985667
Laura,flying-free-top-3#WhiteBird,cara-tee-2#WhiteBlk,hard,0.009805425338985667
Clementine,cross-my-heart-sweater#Regal,voyager-stripe-crew#Stripe,hard,0.022857142857142854
Clementine,cross-my-heart-sweater#Regal,makeover-blouse#LimeGreen,hard,0.022857142857142854
Mae-Lee,crossing-the-plains-sweater-1#Indigo,side-buttoned-sweater#Buttoned,hard,0.0066981036406044
Mae-Lee,crossing-the-plains-sweater-1#Indigo,voyager-stripe-crew#Stripe,hard,0.01849710982658964
Chelsea,ava-short-sleeve-linen-tee#Blush,voyager-stripe-crew#Stripe,hard,0.027118644067796627
Chelsea,ava-short-sleeve-linen-tee#Blush,makeover-blouse#LimeGreen,hard,0.027118644067796627
Mae-Lee,the-long-sleeve-v-neck-tee#Navy,side-buttoned-sweater#Buttoned,hard,0.0066981036406044
Mae-Lee,the-long-sleeve-v-neck-tee#Navy,voyager-stripe-crew#Stripe,hard,0.01849710982658964
Perrie,the-batwing-tee#FrenchBlue,natural-textured-poncho#Deeprain,hard,0.024581005586592153
Perrie,the-batwing-tee#FrenchBlue,voyager-stripe-crew#Stripe,hard,0.03128491620111734
Palatina,chasing-birds-blouse#White,cara-tee-2#Blush,hard,0.02436008474699353
Palatina,chasing-birds-blouse#White,cara-tee-2#WhiteBlk,hard,0.02436008474699353
Ljubenka,belle-v-neck-forgiver-tunic#Charcoal,the-uneven-hem-knit-1#Sage,hard,0.02003205128205128
Ljubenka,belle-v-neck-forgiver-tunic#Charcoal,natural-textured-poncho#Deeprain,hard,0.0222222222222222
Helen,sailaway-blouse#OxfordBlue,voyager-stripe-crew#Stripe,hard,0.026062322946175664
Helen,sailaway-blouse#OxfordBlue,makeover-blouse#LimeGreen,hard,0.026062322946175664
Gemma,cara-tee-4#Black,voyager-stripe-crew#Stripe,hard,0.025000000000000022
Gemma,cara-tee-4#Black,makeover-blouse#LimeGreen,hard,0.025000000000000022
Sophie,the-everyday-shirt#Pink,side-buttoned-sweater#Buttoned,hard,0.0011363636363636576
Sophie,the-everyday-shirt#Pink,the-tie-front-top#Navy,hard,0.017934149184149185
Marnee,softly-swinging-bamboo-tee#Jewel,natural-textured-poncho#Deeprain,hard,0.026966292134831427
Marnee,softly-swinging-bamboo-tee#Jewel,voyager-stripe-crew#Stripe,hard,0.02921348314606742
Mercy,belle-petal-print-top#Petal,voyager-stripe-crew#Stripe,hard,0.01849710982658964
Mercy,belle-petal-print-top#Petal,makeover-blouse#LimeGreen,hard,0.01849710982658964
Mae-Lee,long-sleeve-softly-swinging-bamboo-tee#Smoke,side-buttoned-sweater#Buttoned,hard,0.0066981036406044
Mae-Lee,long-sleeve-softly-swinging-bamboo-tee#Smoke,voyager-stripe-crew#Stripe,hard,0.01849710982658964
Fiona,batty-about-you-cotton-tee#BlkWhite,natural-textured-poncho#Deeprain,hard,0.0198895027624309
Fiona,batty-about-you-cotton-tee#BlkWhite,wonderland-blouse#Ink,hard,0.029034976521913555
Jess,relaxed-top-1#FloraStrip,cara-tee-2#Blush,hard,0.02465728715728717
Jess,relaxed-top-1#FloraStrip,cara-tee-2#WhiteBlk,hard,0.02465728715728717
Maddy,the-cut-out-shoulder-blouse#Blue,natural-textured-poncho#Deeprain,hard,0.026966292134831427
Maddy,the-cut-out-shoulder-blouse#Blue,voyager-stripe-crew#Stripe,hard,0.02921348314606742
Emma,stripe-me-happy-blouse#Ash,voyager-stripe-crew#Stripe,hard,0.020689655172413834
Emma,stripe-me-happy-blouse#Ash,makeover-blouse#LimeGreen,hard,0.020689655172413834
Mercy,belle-ls-free-fall-tee#Blush,voyager-stripe-crew#Stripe,hard,0.01849710982658964
Mercy,belle-ls-free-fall-tee#Blush,makeover-blouse#LimeGreen,hard,0.01849710982658964
Palatina,falling-for-you-cardi#Black,cara-tee-2#Blush,hard,0.02436008474699353
Palatina,falling-for-you-cardi#Black,cara-tee-2#WhiteBlk,hard,0.02436008474699353
Perrie,the-batwing-tee#Sea,natural-textured-poncho#Deeprain,hard,0.024581005586592153
Perrie,the-batwing-tee#Sea,voyager-stripe-crew#Stripe,hard,0.03128491620111734
Palatina,jersey-split-back-hooded-top#NavyStrip,cara-tee-2#Blush,hard,0.02436008474699353
Palatina,jersey-split-back-hooded-top#NavyStrip,cara-tee-2#WhiteBlk,hard,0.02436008474699353
Amanda,the-belle-sleeve-print-top#NavyPrint,natural-textured-poncho#Deeprain,hard,0.026966292134831427
Amanda,the-belle-sleeve-print-top#NavyPrint,voyager-stripe-crew#Stripe,hard,0.02921348314606742
Natalie,the-sleeveless-cross-over-blouse#Sunshine,natural-textured-poncho#Deeprain,hard,0.0222222222222222
Natalie,the-sleeveless-cross-over-blouse#Sunshine,voyager-stripe-crew#Stripe,hard,0.03333333333333338
Nadine,runaway-top#SoftPink,makeover-blouse#LimeGreen,hard,0.004790419161676662
Nadine,runaway-top#SoftPink,pure-merino-fine-rib-v-neck#Charcoal,hard,0.02127438771274388
Anna,the-wrap-jersey-top#Charcoal,voyager-stripe-crew#Stripe,hard,0.022857142857142854
Anna,the-wrap-jersey-top#Charcoal,makeover-blouse#LimeGreen,hard,0.022857142857142854
Jess,belle-tie-neck-blouse-tee#White,cara-tee-2#Blush,hard,0.02465728715728717
Jess,belle-tie-neck-blouse-tee#White,cara-tee-2#WhiteBlk,hard,0.02465728715728717
Marnee,nuzuri-longline-cardi#Forest,natural-textured-poncho#Deeprain,hard,0.026966292134831427
Marnee,nuzuri-longline-cardi#Forest,voyager-stripe-crew#Stripe,hard,0.02921348314606742
Clementine,the-cross-over-blouse#Silver,voyager-stripe-crew#Stripe,hard,0.022857142857142854
Clementine,the-cross-over-blouse#Silver,makeover-blouse#LimeGreen,hard,0.022857142857142854
Laura,belle-lace-trim-tee#GreyMarle,cara-tee-2#Blush,hard,0.009805425338985667
Laura,belle-lace-trim-tee#GreyMarle,cara-tee-2#WhiteBlk,hard,0.009805425338985667
Anna,the-wrap-jersey-top#NavyWhite,voyager-stripe-crew#Stripe,hard,0.022857142857142854
Anna,the-wrap-jersey-top#NavyWhite,makeover-blouse#LimeGreen,hard,0.022857142857142854
Gemma,snake-print-johnny-collar-top#BeigeSnake,voyager-stripe-crew#Stripe,hard,0.025000000000000022
Gemma,snake-print-johnny-collar-top#BeigeSnake,makeover-blouse#LimeGreen,hard,0.025000000000000022
Ljubenka,wrap-me-up-bamboo-top#Black,the-uneven-hem-knit-1#Sage,hard,0.02003205128205128
Ljubenka,wrap-me-up-bamboo-top#Black,natural-textured-poncho#Deeprain,hard,0.0222222222222222
Summer,tab-sleeve-longline-shirt#Silver,voyager-stripe-crew#Stripe,hard,0.025000000000000022
Summer,tab-sleeve-longline-shirt#Silver,natural-textured-poncho#Deeprain,hard,0.0318181818181818
Marnee,weekend-vibes-blouse#Blush,natural-textured-poncho#Deeprain,hard,0.026966292134831427
Marnee,weekend-vibes-blouse#Blush,voyager-stripe-crew#Stripe,hard,0.02921348314606742
Sophia,elcos-45-aop-top-jrs#BlackZigZa,cara-tee-2#Blush,hard,0.010112367541426632
Sophia,elcos-45-aop-top-jrs#BlackZigZa,cara-tee-2#WhiteBlk,hard,0.010112367541426632
Marnee,first-love-kimono-jacket#Stone,natural-textured-poncho#Deeprain,hard,0.026966292134831427
Marnee,first-love-kimono-jacket#Stone,voyager-stripe-crew#Stripe,hard,0.02921348314606742
Alex,the-cross-over-blouse#Sunshine,voyager-stripe-crew#Stripe,hard,0.020689655172413834
Alex,the-cross-over-blouse#Sunshine,makeover-blouse#LimeGreen,hard,0.020689655172413834
Ljubenka,sugar-snaps-layers-tank#Red,the-uneven-hem-knit-1#Sage,hard,0.02003205128205128
Ljubenka,sugar-snaps-layers-tank#Red,natural-textured-poncho#Deeprain,hard,0.0222222222222222
Georgia,arizona-off-the-shoulder-top#Khaki,voyager-stripe-crew#Stripe,hard,0.011764705882352955
Georgia,arizona-off-the-shoulder-top#Khaki,makeover-blouse#LimeGreen,hard,0.011764705882352955
Fiona,the-cross-over-poncho#Grey,natural-textured-poncho#Deeprain,hard,0.0198895027624309
Fiona,the-cross-over-poncho#Grey,wonderland-blouse#Ink,hard,0.029034976521913555
Sophie,the-daily-cross-over-top#SkyBlue,side-buttoned-sweater#Buttoned,hard,0.0011363636363636576
Sophie,the-daily-cross-over-top#SkyBlue,the-tie-front-top#Navy,hard,0.017934149184149185
Fiona,belle-cowl-swing-sweater#Black,natural-textured-poncho#Deeprain,hard,0.0198895027624309
Fiona,belle-cowl-swing-sweater#Black,wonderland-blouse#Ink,hard,0.029034976521913555
Anna,the-sleeveless-cross-over-blouse#Black,voyager-stripe-crew#Stripe,hard,0.022857142857142854
Anna,the-sleeveless-cross-over-blouse#Black,makeover-blouse#LimeGreen,hard,0.022857142857142854
Maddy,the-cross-over-blouse#White,natural-textured-poncho#Deeprain,hard,0.026966292134831427
Maddy,the-cross-over-blouse#White,voyager-stripe-crew#Stripe,hard,0.02921348314606742
Chelsea,drapey-stripe-tee#Navy,voyager-stripe-crew#Stripe,hard,0.027118644067796627
Chelsea,drapey-stripe-tee#Navy,makeover-blouse#LimeGreen,hard,0.027118644067796627
Natalie,the-cross-over-blouse#RoyalBlue,natural-textured-poncho#Deeprain,hard,0.0222222222222222
Natalie,the-cross-over-blouse#RoyalBlue,voyager-stripe-crew#Stripe,hard,0.03333333333333338
Anna,the-relaxed-long-sleeve-tee#Khaki,voyager-stripe-crew#Stripe,hard,0.022857142857142854
Anna,the-relaxed-long-sleeve-tee#Khaki,makeover-blouse#LimeGreen,hard,0.022857142857142854
Jess,runaway-top#JetBlack,cara-tee-2#Blush,hard,0.02465728715728717
Jess,runaway-top#JetBlack,cara-tee-2#WhiteBlk,hard,0.02465728715728717
Laura,runaway-top#JetBlack,cara-tee-2#Blush,hard,0.009805425338985667
Laura,runaway-top#JetBlack,cara-tee-2#WhiteBlk,hard,0.009805425338985667
Ljubenka,belle-v-neck-forgiver-tunic#Scarlett,the-uneven-hem-knit-1#Sage,hard,0.02003205128205128
Ljubenka,belle-v-neck-forgiver-tunic#Scarlett,natural-textured-poncho#Deeprain,hard,0.0222222222222222
Maddy,the-short-sleeve-wrap-jersey-top#Black,natural-textured-poncho#Deeprain,hard,0.026966292134831427
Maddy,the-short-sleeve-wrap-jersey-top#Black,voyager-stripe-crew#Stripe,hard,0.02921348314606742
Sophie,the-reverse-sleeve-sweater#Navy,side-buttoned-sweater#Buttoned,hard,0.0011363636363636576
Sophie,the-reverse-sleeve-sweater#Navy,the-tie-front-top#Navy,hard,0.017934149184149185
Stacey,the-stripe-jersey-top#Blue,makeover-blouse#LimeGreen,hard,0.009467455621301801
Stacey,the-stripe-jersey-top#Blue,cara-tee-2#Blush,hard,0.04007527669805984
Amanda,the-curve-striped-tank#Marine,natural-textured-poncho#Deeprain,hard,0.026966292134831427
Amanda,the-curve-striped-tank#Marine,voyager-stripe-crew#Stripe,hard,0.02921348314606742
Anna,the-sleeveless-cross-over-blouse#Cobalt,voyager-stripe-crew#Stripe,hard,0.022857142857142854
Anna,the-sleeveless-cross-over-blouse#Cobalt,makeover-blouse#LimeGreen,hard,0.022857142857142854
Clementine,the-stripe-button-through-top#Coral,voyager-stripe-crew#Stripe,hard,0.022857142857142854
Clementine,the-stripe-button-through-top#Coral,makeover-blouse#LimeGreen,hard,0.022857142857142854
Marnee,snug-as-a-bug-jumper#Smoke,natural-textured-poncho#Deeprain,hard,0.026966292134831427
Marnee,snug-as-a-bug-jumper#Smoke,voyager-stripe-crew#Stripe,hard,0.02921348314606742
Natalia,roll-neck-jumper-3#GreyMarl,voyager-stripe-crew#Stripe,hard,0.011764705882352955
Natalia,roll-neck-jumper-3#GreyMarl,makeover-blouse#LimeGreen,hard,0.011764705882352955
Olivia,sugar-snaps-layers-tank#Blue,natural-textured-poncho#Deeprain,hard,0.026966292134831427
Olivia,sugar-snaps-layers-tank#Blue,voyager-stripe-crew#Stripe,hard,0.02921348314606742
Mae-Lee,the-cotton-bamboo-tank#DuckEgg,side-buttoned-sweater#Buttoned,hard,0.0066981036406044
Mae-Lee,the-cotton-bamboo-tank#DuckEgg,voyager-stripe-crew#Stripe,hard,0.01849710982658964
Georgia,falling-for-you-cardi#Khaki,voyager-stripe-crew#Stripe,hard,0.011764705882352955
Georgia,falling-for-you-cardi#Khaki,makeover-blouse#LimeGreen,hard,0.011764705882352955
Olivia,runaway-top#JetBlack,natural-textured-poncho#Deeprain,hard,0.026966292134831427
Olivia,runaway-top#JetBlack,voyager-stripe-crew#Stripe,hard,0.02921348314606742
Fiona,long-sleeve-softly-swinging-bamboo-tee#Fern,natural-textured-poncho#Deeprain,hard,0.0198895027624309
Fiona,long-sleeve-softly-swinging-bamboo-tee#Fern,wonderland-blouse#Ink,hard,0.029034976521913555
Laura,the-dobby-sleeve-tee#White,cara-tee-2#Blush,hard,0.009805425338985667
Laura,the-dobby-sleeve-tee#White,cara-tee-2#WhiteBlk,hard,0.009805425338985667
Jess,layer-me-bamboo-rouched-sleeve-tee#Black,cara-tee-2#Blush,hard,0.02465728715728717
Jess,layer-me-bamboo-rouched-sleeve-tee#Black,cara-tee-2#WhiteBlk,hard,0.02465728715728717
Sophie,long-sleeve-softly-swinging-bamboo-tee#Smoke,side-buttoned-sweater#Buttoned,hard,0.0011363636363636576
Sophie,long-sleeve-softly-swinging-bamboo-tee#Smoke,the-tie-front-top#Navy,hard,0.017934149184149185
Monique,layered-tunic-1#PalePink,voyager-stripe-crew#Stripe,hard,0.022857142857142854
Monique,layered-tunic-1#PalePink,makeover-blouse#LimeGreen,hard,0.022857142857142854
Ljubenka,belle-nautical-applique-tee#BlueStripe,the-uneven-hem-knit-1#Sage,hard,0.02003205128205128
Ljubenka,belle-nautical-applique-tee#BlueStripe,natural-textured-poncho#Deeprain,hard,0.0222222222222222
Riina,the-relaxed-long-sleeve-tee#Khaki,voyager-stripe-crew#Stripe,hard,0.022857142857142854
Riina,the-relaxed-long-sleeve-tee#Khaki,makeover-blouse#LimeGreen,hard,0.022857142857142854
Ljubenka,runaway-top#Sand,the-uneven-hem-knit-1#Sage,hard,0.02003205128205128
Ljubenka,runaway-top#Sand,natural-textured-poncho#Deeprain,hard,0.0222222222222222
Gemma,cara-tee-4#BlackWhite,voyager-stripe-crew#Stripe,hard,0.025000000000000022
Gemma,cara-tee-4#BlackWhite,makeover-blouse#LimeGreen,hard,0.025000000000000022
Fiona,the-pleated-sleeve-top#Sage,natural-textured-poncho#Deeprain,hard,0.0198895027624309
Fiona,the-pleated-sleeve-top#Sage,wonderland-blouse#Ink,hard,0.029034976521913555
Fiona,leopard-print-kimono#GoldMulti,natural-textured-poncho#Deeprain,hard,0.0198895027624309
Fiona,leopard-print-kimono#GoldMulti,wonderland-blouse#Ink,hard,0.029034976521913555
Summer,back-to-you-top#Rust,voyager-stripe-crew#Stripe,hard,0.025000000000000022
Summer,back-to-you-top#Rust,natural-textured-poncho#Deeprain,hard,0.0318181818181818
Alex,the-cotton-bamboo-tank#DarkNavy,voyager-stripe-crew#Stripe,hard,0.020689655172413834
Alex,the-cotton-bamboo-tank#DarkNavy,makeover-blouse#LimeGreen,hard,0.020689655172413834
Laura,softly-swinging-bamboo-tee#TeaRose,cara-tee-2#Blush,hard,0.009805425338985667
Laura,softly-swinging-bamboo-tee#TeaRose,cara-tee-2#WhiteBlk,hard,0.009805425338985667
Georgia,long-sleeve-softly-swinging-bamboo-tee#Storm,voyager-stripe-crew#Stripe,hard,0.011764705882352955
Georgia,long-sleeve-softly-swinging-bamboo-tee#Storm,makeover-blouse#LimeGreen,hard,0.011764705882352955
Natalie,the-cut-out-shoulder-blouse#White,natural-textured-poncho#Deeprain,hard,0.0222222222222222
Natalie,the-cut-out-shoulder-blouse#White,voyager-stripe-crew#Stripe,hard,0.03333333333333338
Summer,lake-house-top#CoalPrint,voyager-stripe-crew#Stripe,hard,0.025000000000000022
Summer,lake-house-top#CoalPrint,natural-textured-poncho#Deeprain,hard,0.0318181818181818
Jess,border-stripe-knit#WhitePink,cara-tee-2#Blush,hard,0.02465728715728717
Jess,border-stripe-knit#WhitePink,cara-tee-2#WhiteBlk,hard,0.02465728715728717
Kate,the-everyday-shirt#Rose,natural-textured-poncho#Deeprain,hard,0.0222222222222222
Kate,the-everyday-shirt#Rose,animal-button-up-shirt#KhakiPrint,hard,0.024927577868754342
Alex,the-sleeveless-cross-over-blouse#White,voyager-stripe-crew#Stripe,hard,0.020689655172413834
Alex,the-sleeveless-cross-over-blouse#White,makeover-blouse#LimeGreen,hard,0.020689655172413834
Kate,the-cross-over-blouse#White,natural-textured-poncho#Deeprain,hard,0.0222222222222222
Kate,the-cross-over-blouse#White,animal-button-up-shirt#KhakiPrint,hard,0.024927577868754342
Gemma,holly-rib-long-sleeve-tee#WhiteGrey,voyager-stripe-crew#Stripe,hard,0.025000000000000022
Gemma,holly-rib-long-sleeve-tee#WhiteGrey,makeover-blouse#LimeGreen,hard,0.025000000000000022
Emma,long-sleeve-softly-swinging-bamboo-tee#TeaRose,voyager-stripe-crew#Stripe,hard,0.020689655172413834
Emma,long-sleeve-softly-swinging-bamboo-tee#TeaRose,makeover-blouse#LimeGreen,hard,0.020689655172413834
Laura,the-essential-layering-tee#Ink,cara-tee-2#Blush,hard,0.009805425338985667
Laura,the-essential-layering-tee#Ink,cara-tee-2#WhiteBlk,hard,0.009805425338985667
Summer,makeover-blouse#LimeGreen,voyager-stripe-crew#Stripe,hard,0.025000000000000022
Summer,makeover-blouse#LimeGreen,natural-textured-poncho#Deeprain,hard,0.0318181818181818
Maddy,the-batwing-tee#Sea,natural-textured-poncho#Deeprain,hard,0.026966292134831427
Maddy,the-batwing-tee#Sea,voyager-stripe-crew#Stripe,hard,0.02921348314606742
Mae-Lee,the-bamboo-tunic-dress#Khaki,side-buttoned-sweater#Buttoned,hard,0.0066981036406044
Mae-Lee,the-bamboo-tunic-dress#Khaki,voyager-stripe-crew#Stripe,hard,0.01849710982658964
Georgia,chill-out-slouch-top#GreyMarle,voyager-stripe-crew#Stripe,hard,0.011764705882352955
Georgia,chill-out-slouch-top#GreyMarle,makeover-blouse#LimeGreen,hard,0.011764705882352955
Monique,gloria-applique-crew#Charcoal,voyager-stripe-crew#Stripe,hard,0.022857142857142854
Monique,gloria-applique-crew#Charcoal,makeover-blouse#LimeGreen,hard,0.022857142857142854
Fiona,long-sleeve-spot-top#Multispot,natural-textured-poncho#Deeprain,hard,0.0198895027624309
Fiona,long-sleeve-spot-top#Multispot,wonderland-blouse#Ink,hard,0.029034976521913555
Fiona,the-double-layer-top#Black,natural-textured-poncho#Deeprain,hard,0.0198895027624309
Fiona,the-double-layer-top#Black,wonderland-blouse#Ink,hard,0.029034976521913555
Olivia,the-sleeveless-cross-over-blouse#White,natural-textured-poncho#Deeprain,hard,0.026966292134831427
Olivia,the-sleeveless-cross-over-blouse#White,voyager-stripe-crew#Stripe,hard,0.02921348314606742
Laura,the-cross-front-spot-blouse#NavySpot,cara-tee-2#Blush,hard,0.009805425338985667
Laura,the-cross-front-spot-blouse#NavySpot,cara-tee-2#WhiteBlk,hard,0.009805425338985667
Marnee,cross-my-heart-sweater#Regal,natural-textured-poncho#Deeprain,hard,0.026966292134831427
Marnee,cross-my-heart-sweater#Regal,voyager-stripe-crew#Stripe,hard,0.02921348314606742
Marnee,falling-for-you-cardi#Navy,natural-textured-poncho#Deeprain,hard,0.026966292134831427
Marnee,falling-for-you-cardi#Navy,voyager-stripe-crew#Stripe,hard,0.02921348314606742
Ljubenka,belle-v-neck-forgiver-tunic#Black,the-uneven-hem-knit-1#Sage,hard,0.02003205128205128
Ljubenka,belle-v-neck-forgiver-tunic#Black,natural-textured-poncho#Deeprain,hard,0.0222222222222222
Kate,runaway-top#SoftPink,natural-textured-poncho#Deeprain,hard,0.0222222222222222
Kate,runaway-top#SoftPink,animal-button-up-shirt#KhakiPrint,hard,0.024927577868754342
Jess,the-sleeveless-cross-over-blouse#Sunshine,cara-tee-2#Blush,hard,0.02465728715728717
Jess,the-sleeveless-cross-over-blouse#Sunshine,cara-tee-2#WhiteBlk,hard,0.02465728715728717
Riina,the-contrast-knit-1#Navy,voyager-stripe-crew#Stripe,hard,0.022857142857142854
Riina,the-contrast-knit-1#Navy,makeover-blouse#LimeGreen,hard,0.022857142857142854
Anna,the-wrap-jersey-top#PortSpot,voyager-stripe-crew#Stripe,hard,0.022857142857142854
Anna,the-wrap-jersey-top#PortSpot,makeover-blouse#LimeGreen,hard,0.022857142857142854
Laura,ponte-spot-top#BlackWhite,cara-tee-2#Blush,hard,0.009805425338985667
Laura,ponte-spot-top#BlackWhite,cara-tee-2#WhiteBlk,hard,0.009805425338985667
Georgia,sugar-snaps-layers-tank#White,voyager-stripe-crew#Stripe,hard,0.011764705882352955
Georgia,sugar-snaps-layers-tank#White,makeover-blouse#LimeGreen,hard,0.011764705882352955
Maddy,the-wrap-jersey-top#NavyWhite,natural-textured-poncho#Deeprain,hard,0.026966292134831427
Maddy,the-wrap-jersey-top#NavyWhite,voyager-stripe-crew#Stripe,hard,0.02921348314606742
Riina,the-blouson-sleeve-jumper#Grey,voyager-stripe-crew#Stripe,hard,0.022857142857142854
Riina,the-blouson-sleeve-jumper#Grey,makeover-blouse#LimeGreen,hard,0.022857142857142854
Georgia,falling-for-you-tunic#Rust,voyager-stripe-crew#Stripe,hard,0.011764705882352955
Georgia,falling-for-you-tunic#Rust,makeover-blouse#LimeGreen,hard,0.011764705882352955
Ljubenka,belle-half-sleeve-forgiver-tunic#FlamPink,the-uneven-hem-knit-1#Sage,hard,0.02003205128205128
Ljubenka,belle-half-sleeve-forgiver-tunic#FlamPink,natural-textured-poncho#Deeprain,hard,0.0222222222222222
Perrie,vivid-dreams-blouse#Dusty%20Rose,natural-textured-poncho#Deeprain,hard,0.024581005586592153
Perrie,vivid-dreams-blouse#Dusty%20Rose,voyager-stripe-crew#Stripe,hard,0.03128491620111734
Riina,the-soft-knit-jumper#PinkStripe,voyager-stripe-crew#Stripe,hard,0.022857142857142854
Riina,the-soft-knit-jumper#PinkStripe,makeover-blouse#LimeGreen,hard,0.022857142857142854
Georgia,lazy-daze-tee#Khaki,voyager-stripe-crew#Stripe,hard,0.011764705882352955
Georgia,lazy-daze-tee#Khaki,makeover-blouse#LimeGreen,hard,0.011764705882352955
Olivia,sugar-snaps-layers-tank#SeaGreen,natural-textured-poncho#Deeprain,hard,0.026966292134831427
Olivia,sugar-snaps-layers-tank#SeaGreen,voyager-stripe-crew#Stripe,hard,0.02921348314606742
Palatina,luxe-shirt#Champagne,cara-tee-2#Blush,hard,0.02436008474699353
Palatina,luxe-shirt#Champagne,cara-tee-2#WhiteBlk,hard,0.02436008474699353
Monique,the-design-fold-tunic-top#PearlBlue,voyager-stripe-crew#Stripe,hard,0.022857142857142854
Monique,the-design-fold-tunic-top#PearlBlue,makeover-blouse#LimeGreen,hard,0.022857142857142854
Stacey,the-midi-waterfall-cardi#BlueMarle,makeover-blouse#LimeGreen,hard,0.009467455621301801
Stacey,the-midi-waterfall-cardi#BlueMarle,cara-tee-2#Blush,hard,0.04007527669805984
Emma,contrast-stripe-sweater#Pockets,voyager-stripe-crew#Stripe,hard,0.020689655172413834
Emma,contrast-stripe-sweater#Pockets,makeover-blouse#LimeGreen,hard,0.020689655172413834
Fiona,the-fleck-roll-neck-knit#Oatmeal,natural-textured-poncho#Deeprain,hard,0.0198895027624309
Fiona,the-fleck-roll-neck-knit#Oatmeal,wonderland-blouse#Ink,hard,0.029034976521913555
Georgia,chill-out-slouch-top#Mustard,voyager-stripe-crew#Stripe,hard,0.011764705882352955
Georgia,chill-out-slouch-top#Mustard,makeover-blouse#LimeGreen,hard,0.011764705882352955
Louise,layered-tee-2#White,pure-merino-fine-rib-polo#BlackStri,hard,0.023817254174397038
Louise,layered-tee-2#White,voyager-stripe-crew#Stripe,hard,0.025000000000000022
Denniel,the-cut-out-shoulder-blouse#Black,natural-textured-poncho#Deeprain,hard,0.026966292134831427
Denniel,the-cut-out-shoulder-blouse#Black,voyager-stripe-crew#Stripe,hard,0.02921348314606742
Laura,the-cape-jersey-top#DarkNavy,cara-tee-2#Blush,hard,0.009805425338985667
Laura,the-cape-jersey-top#DarkNavy,cara-tee-2#WhiteBlk,hard,0.009805425338985667
Tia,layer-top-1#Navy,the-panel-luxe-top#BlkWhite,hard,0.014767454441367485
Tia,layer-top-1#Navy,the-panel-luxe-top#SilvWhite,hard,0.014767454441367485
Amanda,the-sleeveless-cross-over-blouse#Cobalt,natural-textured-poncho#Deeprain,hard,0.026966292134831427
Amanda,the-sleeveless-cross-over-blouse#Cobalt,voyager-stripe-crew#Stripe,hard,0.02921348314606742
Lauren,belle-half-sleeve-boat-tee#Black,side-buttoned-sweater#Buttoned,hard,0.010019841269841278
Lauren,belle-half-sleeve-boat-tee#Black,voyager-stripe-crew#Stripe,hard,0.03333333333333338
Laura,the-zip-front-top#Blue,cara-tee-2#Blush,hard,0.009805425338985667
Laura,the-zip-front-top#Blue,cara-tee-2#WhiteBlk,hard,0.009805425338985667
Fiona,the-high-low-drape-tee#Grey,natural-textured-poncho#Deeprain,hard,0.0198895027624309
Fiona,the-high-low-drape-tee#Grey,wonderland-blouse#Ink,hard,0.029034976521913555
Kate,the-wrap-jersey-top#Charcoal,natural-textured-poncho#Deeprain,hard,0.0222222222222222
Kate,the-wrap-jersey-top#Charcoal,animal-button-up-shirt#KhakiPrint,hard,0.024927577868754342
Fiona,tracie-top#Black,natural-textured-poncho#Deeprain,hard,0.0198895027624309
Fiona,tracie-top#Black,wonderland-blouse#Ink,hard,0.029034976521913555
Stefania,the-contrast-panel-top#BlkStripe,voyager-stripe-crew#Stripe,hard,0.016279069767441867
Stefania,the-contrast-panel-top#BlkStripe,makeover-blouse#LimeGreen,hard,0.016279069767441867
Amanda,the-contrast-knit-1#Sage,natural-textured-poncho#Deeprain,hard,0.026966292134831427
Amanda,the-contrast-knit-1#Sage,voyager-stripe-crew#Stripe,hard,0.02921348314606742
Stefania,the-sleeve-detail-knit#Ivory,voyager-stripe-crew#Stripe,hard,0.016279069767441867
Stefania,the-sleeve-detail-knit#Ivory,makeover-blouse#LimeGreen,hard,0.016279069767441867
Jess,the-drape-tee-1#Stripe,cara-tee-2#Blush,hard,0.02465728715728717
Jess,the-drape-tee-1#Stripe,cara-tee-2#WhiteBlk,hard,0.02465728715728717
Sophie,the-everyday-shirt#Rose,side-buttoned-sweater#Buttoned,hard,0.0011363636363636576
Sophie,the-everyday-shirt#Rose,the-tie-front-top#Navy,hard,0.017934149184149185
Sophie,long-sleeve-softly-swinging-bamboo-tee#Storm,side-buttoned-sweater#Buttoned,hard,0.0011363636363636576
Sophie,long-sleeve-softly-swinging-bamboo-tee#Storm,the-tie-front-top#Navy,hard,0.017934149184149185
Jess,natural-tie-tunic#BlueSky,cara-tee-2#Blush,hard,0.02465728715728717
Jess,natural-tie-tunic#BlueSky,cara-tee-2#WhiteBlk,hard,0.02465728715728717
Jess,the-short-sleeve-wrap-jersey-top#Black,cara-tee-2#Blush,hard,0.02465728715728717
Jess,the-short-sleeve-wrap-jersey-top#Black,cara-tee-2#WhiteBlk,hard,0.02465728715728717
Amanda,the-double-layer-top#Black,natural-textured-poncho#Deeprain,hard,0.026966292134831427
Amanda,the-double-layer-top#Black,voyager-stripe-crew#Stripe,hard,0.02921348314606742
Georgia,daisy-chain-tassel-blouse#DeepBlue,voyager-stripe-crew#Stripe,hard,0.011764705882352955
Georgia,daisy-chain-tassel-blouse#DeepBlue,makeover-blouse#LimeGreen,hard,0.011764705882352955
Sophie,long-sleeve-softly-swinging-bamboo-tee#Navy,side-buttoned-sweater#Buttoned,hard,0.0011363636363636576
Sophie,long-sleeve-softly-swinging-bamboo-tee#Navy,the-tie-front-top#Navy,hard,0.017934149184149185
Mae-Lee,reversible-scoopv-neck-tank#White,side-buttoned-sweater#Buttoned,hard,0.0066981036406044
Mae-Lee,reversible-scoopv-neck-tank#White,voyager-stripe-crew#Stripe,hard,0.01849710982658964
Jude,falling-for-you-cardi#Black,voyager-stripe-crew#Stripe,hard,0.022857142857142854
Jude,falling-for-you-cardi#Black,makeover-blouse#LimeGreen,hard,0.022857142857142854
Kate,the-cross-over-blouse#Red,natural-textured-poncho#Deeprain,hard,0.0222222222222222
Kate,the-cross-over-blouse#Red,animal-button-up-shirt#KhakiPrint,hard,0.024927577868754342
Mae-Lee,pocket-shirt-1#Ivory,side-buttoned-sweater#Buttoned,hard,0.0066981036406044
Mae-Lee,pocket-shirt-1#Ivory,voyager-stripe-crew#Stripe,hard,0.01849710982658964
Denniel,the-short-sleeve-wrap-jersey-top#NavyWhite,natural-textured-poncho#Deeprain,hard,0.026966292134831427
Denniel,the-short-sleeve-wrap-jersey-top#NavyWhite,voyager-stripe-crew#Stripe,hard,0.02921348314606742
Anna,the-cotton-bamboo-tee#DustyPink,voyager-stripe-crew#Stripe,hard,0.022857142857142854
Anna,the-cotton-bamboo-tee#DustyPink,makeover-blouse#LimeGreen,hard,0.022857142857142854
Natalie,the-cut-out-shoulder-blouse#Silver,natural-textured-poncho#Deeprain,hard,0.0222222222222222
Natalie,the-cut-out-shoulder-blouse#Silver,voyager-stripe-crew#Stripe,hard,0.03333333333333338
Jess,the-cross-front-spot-blouse#Spot,cara-tee-2#Blush,hard,0.02465728715728717
Jess,the-cross-front-spot-blouse#Spot,cara-tee-2#WhiteBlk,hard,0.02465728715728717
Mae-Lee,reversible-scoopv-neck-tank#Black,side-buttoned-sweater#Buttoned,hard,0.0066981036406044
Mae-Lee,reversible-scoopv-neck-tank#Black,voyager-stripe-crew#Stripe,hard,0.01849710982658964
Sophie,the-dobby-sleeve-tee#InkBlue,side-buttoned-sweater#Buttoned,hard,0.0011363636363636576
Sophie,the-dobby-sleeve-tee#InkBlue,the-tie-front-top#Navy,hard,0.017934149184149185
Anna,the-sleeveless-cross-over-blouse#Sunshine,voyager-stripe-crew#Stripe,hard,0.022857142857142854
Anna,the-sleeveless-cross-over-blouse#Sunshine,makeover-blouse#LimeGreen,hard,0.022857142857142854
Laura,manhattan-stretch-tee#Black,cara-tee-2#Blush,hard,0.009805425338985667
Laura,manhattan-stretch-tee#Black,cara-tee-2#WhiteBlk,hard,0.009805425338985667
Jess,the-design-fold-tunic-top#PearlBlue,cara-tee-2#Blush,hard,0.02465728715728717
Jess,the-design-fold-tunic-top#PearlBlue,cara-tee-2#WhiteBlk,hard,0.02465728715728717
Georgia,runaway-top#SoftMint,voyager-stripe-crew#Stripe,hard,0.011764705882352955
Georgia,runaway-top#SoftMint,makeover-blouse#LimeGreen,hard,0.011764705882352955
Riina,the-contrast-panel-top#BlkStripe,voyager-stripe-crew#Stripe,hard,0.022857142857142854
Riina,the-contrast-panel-top#BlkStripe,makeover-blouse#LimeGreen,hard,0.022857142857142854
Amanda,the-everyday-shirt#Rose,natural-textured-poncho#Deeprain,hard,0.026966292134831427
Amanda,the-everyday-shirt#Rose,voyager-stripe-crew#Stripe,hard,0.02921348314606742
Clementine,the-on-or-off-the-shoulder-top#FrenchNavy,voyager-stripe-crew#Stripe,hard,0.022857142857142854
Clementine,the-on-or-off-the-shoulder-top#FrenchNavy,makeover-blouse#LimeGreen,hard,0.022857142857142854
Denniel,the-cut-out-shoulder-blouse#Clay,natural-textured-poncho#Deeprain,hard,0.026966292134831427
Denniel,the-cut-out-shoulder-blouse#Clay,voyager-stripe-crew#Stripe,hard,0.02921348314606742
Nadine,multi-sequin-dot-stripe-top#Navy,makeover-blouse#LimeGreen,hard,0.004790419161676662
Nadine,multi-sequin-dot-stripe-top#Navy,pure-merino-fine-rib-v-neck#Charcoal,hard,0.02127438771274388
Jess,the-short-sleeve-wrap-jersey-top#NavyWhite,cara-tee-2#Blush,hard,0.02465728715728717
Jess,the-short-sleeve-wrap-jersey-top#NavyWhite,cara-tee-2#WhiteBlk,hard,0.02465728715728717
Fiona,belle-cowl-swing-sweater#Green,natural-textured-poncho#Deeprain,hard,0.0198895027624309
Fiona,belle-cowl-swing-sweater#Green,wonderland-blouse#Ink,hard,0.029034976521913555
Laura,this-mortal-coil-drape#StormClam,cara-tee-2#Blush,hard,0.009805425338985667
Laura,this-mortal-coil-drape#StormClam,cara-tee-2#WhiteBlk,hard,0.009805425338985667
Kate,runaway-top#Sand,natural-textured-poncho#Deeprain,hard,0.0222222222222222
Kate,runaway-top#Sand,animal-button-up-shirt#KhakiPrint,hard,0.024927577868754342
Fiona,long-sleeve-softly-swinging-bamboo-tee#Black,natural-textured-poncho#Deeprain,hard,0.0198895027624309
Fiona,long-sleeve-softly-swinging-bamboo-tee#Black,wonderland-blouse#Ink,hard,0.029034976521913555
Gemma,wonderlust-tee#BurntOran,voyager-stripe-crew#Stripe,hard,0.025000000000000022
Gemma,wonderlust-tee#BurntOran,makeover-blouse#LimeGreen,hard,0.025000000000000022
Emma,the-relaxed-long-sleeve-tee#White,voyager-stripe-crew#Stripe,hard,0.020689655172413834
Emma,the-relaxed-long-sleeve-tee#White,makeover-blouse#LimeGreen,hard,0.020689655172413834
Fiona,the-shoulder-tie-top#Navy,natural-textured-poncho#Deeprain,hard,0.0198895027624309
Fiona,the-shoulder-tie-top#Navy,wonderland-blouse#Ink,hard,0.029034976521913555
Chelsea,cotton-modal-print-top#PinkNavy,voyager-stripe-crew#Stripe,hard,0.027118644067796627
Chelsea,cotton-modal-print-top#PinkNavy,makeover-blouse#LimeGreen,hard,0.027118644067796627
Mae-Lee,the-cotton-bamboo-tank#DarkNavy,side-buttoned-sweater#Buttoned,hard,0.0066981036406044
Mae-Lee,the-cotton-bamboo-tank#DarkNavy,voyager-stripe-crew#Stripe,hard,0.01849710982658964
Mae-Lee,sugar-snaps-layers-tank#NewBeige,side-buttoned-sweater#Buttoned,hard,0.0066981036406044
Mae-Lee,sugar-snaps-layers-tank#NewBeige,voyager-stripe-crew#Stripe,hard,0.01849710982658964
Charlotte,natural-tie-tunic#BlueSky,voyager-stripe-crew#Stripe,hard,0.009467455621301801
Charlotte,natural-tie-tunic#BlueSky,makeover-blouse#LimeGreen,hard,0.009467455621301801
Emma,westward-top#BotanicalD,voyager-stripe-crew#Stripe,hard,0.020689655172413834
Emma,westward-top#BotanicalD,makeover-blouse#LimeGreen,hard,0.020689655172413834
Laura,the-cross-front-spot-blouse#Spot,cara-tee-2#Blush,hard,0.009805425338985667
Laura,the-cross-front-spot-blouse#Spot,cara-tee-2#WhiteBlk,hard,0.009805425338985667
Chelsea,the-high-low-drape-tee#Grey,voyager-stripe-crew#Stripe,hard,0.027118644067796627
Chelsea,the-high-low-drape-tee#Grey,makeover-blouse#LimeGreen,hard,0.027118644067796627
Palatina,sand-queen-throw-blouse#Fleur,cara-tee-2#Blush,hard,0.02436008474699353
Palatina,sand-queen-throw-blouse#Fleur,cara-tee-2#WhiteBlk,hard,0.02436008474699353
Shadae,capri-tank-6#HeatheGrey,voyager-stripe-crew#Stripe,hard,0.027118644067796627
Shadae,capri-tank-6#HeatheGrey,makeover-blouse#LimeGreen,hard,0.027118644067796627
Marnee,sugar-snaps-layers-tank#Red,natural-textured-poncho#Deeprain,hard,0.026966292134831427
Marnee,sugar-snaps-layers-tank#Red,voyager-stripe-crew#Stripe,hard,0.02921348314606742
Denniel,the-cross-over-blouse#Silver,natural-textured-poncho#Deeprain,hard,0.026966292134831427
Denniel,the-cross-over-blouse#Silver,voyager-stripe-crew#Stripe,hard,0.02921348314606742
Anna,the-drape-tee-1#NavyStripe,voyager-stripe-crew#Stripe,hard,0.022857142857142854
Anna,the-drape-tee-1#NavyStripe,makeover-blouse#LimeGreen,hard,0.022857142857142854
Sophia,sugar-snaps-throw-jacket#Duckegg,cara-tee-2#Blush,hard,0.010112367541426632
Sophia,sugar-snaps-throw-jacket#Duckegg,cara-tee-2#WhiteBlk,hard,0.010112367541426632
Gemma,billow-top#Black,voyager-stripe-crew#Stripe,hard,0.025000000000000022
Gemma,billow-top#Black,makeover-blouse#LimeGreen,hard,0.025000000000000022
Mae-Lee,the-cross-over-blouse#Red,side-buttoned-sweater#Buttoned,hard,0.0066981036406044
Mae-Lee,the-cross-over-blouse#Red,voyager-stripe-crew#Stripe,hard,0.01849710982658964
Sophie,long-sleeve-softly-swinging-bamboo-tee#Copper,side-buttoned-sweater#Buttoned,hard,0.0011363636363636576
Sophie,long-sleeve-softly-swinging-bamboo-tee#Copper,the-tie-front-top#Navy,hard,0.017934149184149185
Anna,the-cross-over-blouse#Mint,voyager-stripe-crew#Stripe,hard,0.022857142857142854
Anna,the-cross-over-blouse#Mint,makeover-blouse#LimeGreen,hard,0.022857142857142854
Jess,the-cotton-bamboo-tank#DuckEgg,cara-tee-2#Blush,hard,0.02465728715728717
Jess,the-cotton-bamboo-tank#DuckEgg,cara-tee-2#WhiteBlk,hard,0.02465728715728717
Olivia,the-button-up-swing-tunic#Wine,natural-textured-poncho#Deeprain,hard,0.026966292134831427
Olivia,the-button-up-swing-tunic#Wine,voyager-stripe-crew#Stripe,hard,0.02921348314606742
Georgia,sugar-snaps-layers-tank#DuckEgg,voyager-stripe-crew#Stripe,hard,0.011764705882352955
Georgia,sugar-snaps-layers-tank#DuckEgg,makeover-blouse#LimeGreen,hard,0.011764705882352955
Laura,belle-v-neck-forgiver-tunic#DenimMarl,cara-tee-2#Blush,hard,0.009805425338985667
Laura,belle-v-neck-forgiver-tunic#DenimMarl,cara-tee-2#WhiteBlk,hard,0.009805425338985667
Katie,horizontal-cabel-pullover#EnglishRos,voyager-stripe-crew#Stripe,hard,0.020689655172413834
Katie,horizontal-cabel-pullover#EnglishRos,makeover-blouse#LimeGreen,hard,0.020689655172413834
Laura,nuzuri-longline-cardi#Forest,cara-tee-2#Blush,hard,0.009805425338985667
Laura,nuzuri-longline-cardi#Forest,cara-tee-2#WhiteBlk,hard,0.009805425338985667
Jess,the-stripe-button-through-top#Coral,cara-tee-2#Blush,hard,0.02465728715728717
Jess,the-stripe-button-through-top#Coral,cara-tee-2#WhiteBlk,hard,0.02465728715728717
Summer,long-sleeve-check-top#Check,voyager-stripe-crew#Stripe,hard,0.025000000000000022
Summer,long-sleeve-check-top#Check,natural-textured-poncho#Deeprain,hard,0.0318181818181818
Emma,the-relaxed-long-sleeve-tee#Pink,voyager-stripe-crew#Stripe,hard,0.020689655172413834
Emma,the-relaxed-long-sleeve-tee#Pink,makeover-blouse#LimeGreen,hard,0.020689655172413834
Mae-Lee,verona-patchwork-top#Patchwork,side-buttoned-sweater#Buttoned,hard,0.0066981036406044
Mae-Lee,verona-patchwork-top#Patchwork,voyager-stripe-crew#Stripe,hard,0.01849710982658964
Jess,belle-half-sleeve-forgiver-tunic#BlueBonnet,cara-tee-2#Blush,hard,0.02465728715728717
Jess,belle-half-sleeve-forgiver-tunic#BlueBonnet,cara-tee-2#WhiteBlk,hard,0.02465728715728717
Helen,freya-fringe-blouse#Navy,voyager-stripe-crew#Stripe,hard,0.026062322946175664
Helen,freya-fringe-blouse#Navy,makeover-blouse#LimeGreen,hard,0.026062322946175664
Chelsea,2-in-1-layered-knit-top#Navy,voyager-stripe-crew#Stripe,hard,0.027118644067796627
Chelsea,2-in-1-layered-knit-top#Navy,makeover-blouse#LimeGreen,hard,0.027118644067796627
Gemma,falling-flowers-blouse#DustyPink,voyager-stripe-crew#Stripe,hard,0.025000000000000022
Gemma,falling-flowers-blouse#DustyPink,makeover-blouse#LimeGreen,hard,0.025000000000000022
Chelsea,2-in-1-layered-knit-top#PalePink,voyager-stripe-crew#Stripe,hard,0.027118644067796627
Chelsea,2-in-1-layered-knit-top#PalePink,makeover-blouse#LimeGreen,hard,0.027118644067796627
Jess,long-sleeve-softly-swinging-bamboo-tee#Navy,cara-tee-2#Blush,hard,0.02465728715728717
Jess,long-sleeve-softly-swinging-bamboo-tee#Navy,cara-tee-2#WhiteBlk,hard,0.02465728715728717
Sophia,the-ruffle-sleeve-top#NavyStripe,cara-tee-2#Blush,hard,0.010112367541426632
Sophia,the-ruffle-sleeve-top#NavyStripe,cara-tee-2#WhiteBlk,hard,0.010112367541426632
Palatina,moonlight-kisses-bamboo-tee#White,cara-tee-2#Blush,hard,0.02436008474699353
Palatina,moonlight-kisses-bamboo-tee#White,cara-tee-2#WhiteBlk,hard,0.02436008474699353
Anna,the-roll-neck-sweater#Natural,voyager-stripe-crew#Stripe,hard,0.022857142857142854
Anna,the-roll-neck-sweater#Natural,makeover-blouse#LimeGreen,hard,0.022857142857142854
Emma,belle-v-neck-forgiver-tunic#Scarlett,voyager-stripe-crew#Stripe,hard,0.020689655172413834
Emma,belle-v-neck-forgiver-tunic#Scarlett,makeover-blouse#LimeGreen,hard,0.020689655172413834
Mandy,open-plains-kimono-throw-1#Rust,voyager-stripe-crew#Stripe,hard,0.012499999999999956
Mandy,open-plains-kimono-throw-1#Rust,makeover-blouse#LimeGreen,hard,0.012499999999999956
Laura,the-wrap-jersey-top#PortSpot,cara-tee-2#Blush,hard,0.009805425338985667
Laura,the-wrap-jersey-top#PortSpot,cara-tee-2#WhiteBlk,hard,0.009805425338985667
Fiona,the-linen-tie-sleeve-top#GreyMarle,natural-textured-poncho#Deeprain,hard,0.0198895027624309
Fiona,the-linen-tie-sleeve-top#GreyMarle,wonderland-blouse#Ink,hard,0.029034976521913555
Mae-Lee,the-relaxed-long-sleeve-tee#White,side-buttoned-sweater#Buttoned,hard,0.0066981036406044
Mae-Lee,the-relaxed-long-sleeve-tee#White,voyager-stripe-crew#Stripe,hard,0.01849710982658964
Emma,sugar-snaps-layers-tank#NewBeige,voyager-stripe-crew#Stripe,hard,0.020689655172413834
Emma,sugar-snaps-layers-tank#NewBeige,makeover-blouse#LimeGreen,hard,0.020689655172413834
Natalie,the-everyday-shirt#Pink,natural-textured-poncho#Deeprain,hard,0.0222222222222222
Natalie,the-everyday-shirt#Pink,voyager-stripe-crew#Stripe,hard,0.03333333333333338
Mae-Lee,the-sleeveless-cross-over-blouse#Sunshine,side-buttoned-sweater#Buttoned,hard,0.0066981036406044
Mae-Lee,the-sleeveless-cross-over-blouse#Sunshine,voyager-stripe-crew#Stripe,hard,0.01849710982658964
Marnee,runaway-top#Sand,natural-textured-poncho#Deeprain,hard,0.026966292134831427
Marnee,runaway-top#Sand,voyager-stripe-crew#Stripe,hard,0.02921348314606742
Maddy,the-half-sleeve-tee#Black,natural-textured-poncho#Deeprain,hard,0.026966292134831427
Maddy,the-half-sleeve-tee#Black,voyager-stripe-crew#Stripe,hard,0.02921348314606742
Mae-Lee,the-cotton-bamboo-tee#White,side-buttoned-sweater#Buttoned,hard,0.0066981036406044
Mae-Lee,the-cotton-bamboo-tee#White,voyager-stripe-crew#Stripe,hard,0.01849710982658964
Amanda,the-batwing-tee#Sea,natural-textured-poncho#Deeprain,hard,0.026966292134831427
Amanda,the-batwing-tee#Sea,voyager-stripe-crew#Stripe,hard,0.02921348314606742
Amanda,the-spotted-tunic#NavySpot,natural-textured-poncho#Deeprain,hard,0.026966292134831427
Amanda,the-spotted-tunic#NavySpot,voyager-stripe-crew#Stripe,hard,0.02921348314606742
Amanda,the-panel-hem-top#DenimMarle,natural-textured-poncho#Deeprain,hard,0.026966292134831427
Amanda,the-panel-hem-top#DenimMarle,voyager-stripe-crew#Stripe,hard,0.02921348314606742
Marnee,softly-swinging-bamboo-tee#White,natural-textured-poncho#Deeprain,hard,0.026966292134831427
Marnee,softly-swinging-bamboo-tee#White,voyager-stripe-crew#Stripe,hard,0.02921348314606742
Ljubenka,the-cut-out-shoulder-blouse#White,the-uneven-hem-knit-1#Sage,hard,0.02003205128205128
Ljubenka,the-cut-out-shoulder-blouse#White,natural-textured-poncho#Deeprain,hard,0.0222222222222222
Fiona,overlay-top-2#Black,natural-textured-poncho#Deeprain,hard,0.0198895027624309
Fiona,overlay-top-2#Black,wonderland-blouse#Ink,hard,0.029034976521913555
Mercy,belle-v-neck-forgiver-tunic#Navy,voyager-stripe-crew#Stripe,hard,0.01849710982658964
Mercy,belle-v-neck-forgiver-tunic#Navy,makeover-blouse#LimeGreen,hard,0.01849710982658964
Georgia,be-mine-top-1#Sage,voyager-stripe-crew#Stripe,hard,0.011764705882352955
Georgia,be-mine-top-1#Sage,makeover-blouse#LimeGreen,hard,0.011764705882352955
Olivia,sugar-snaps-layers-tank#NewBeige,natural-textured-poncho#Deeprain,hard,0.026966292134831427
Olivia,sugar-snaps-layers-tank#NewBeige,voyager-stripe-crew#Stripe,hard,0.02921348314606742
Jess,belle-half-sleeve-forgiver-tunic#FlamPink,cara-tee-2#Blush,hard,0.02465728715728717
Jess,belle-half-sleeve-forgiver-tunic#FlamPink,cara-tee-2#WhiteBlk,hard,0.02465728715728717
Madeline,ruffle-top-4#Black,voyager-stripe-crew#Stripe,hard,0.03128491620111734
Madeline,ruffle-top-4#Black,makeover-blouse#LimeGreen,hard,0.03128491620111734
Jess,the-cotton-bamboo-tee#White,cara-tee-2#Blush,hard,0.02465728715728717
Jess,the-cotton-bamboo-tee#White,cara-tee-2#WhiteBlk,hard,0.02465728715728717
Laura,the-cross-over-blouse#White,cara-tee-2#Blush,hard,0.009805425338985667
Laura,the-cross-over-blouse#White,cara-tee-2#WhiteBlk,hard,0.009805425338985667
Laura,the-tie-front-tank#Navy,cara-tee-2#Blush,hard,0.009805425338985667
Laura,the-tie-front-tank#Navy,cara-tee-2#WhiteBlk,hard,0.009805425338985667
Georgia,long-sleeve-softly-swinging-bamboo-tee#Navy,voyager-stripe-crew#Stripe,hard,0.011764705882352955
Georgia,long-sleeve-softly-swinging-bamboo-tee#Navy,makeover-blouse#LimeGreen,hard,0.011764705882352955
Ljubenka,sugar-snaps-layers-tank#White,the-uneven-hem-knit-1#Sage,hard,0.02003205128205128
Ljubenka,sugar-snaps-layers-tank#White,natural-textured-poncho#Deeprain,hard,0.0222222222222222
Jess,contrast-stripe-sweater#Pockets,cara-tee-2#Blush,hard,0.02465728715728717
Jess,contrast-stripe-sweater#Pockets,cara-tee-2#WhiteBlk,hard,0.02465728715728717
Tia,the-cut-out-shoulder-blouse#Blue,the-panel-luxe-top#BlkWhite,hard,0.014767454441367485
Tia,the-cut-out-shoulder-blouse#Blue,the-panel-luxe-top#SilvWhite,hard,0.014767454441367485
Ljubenka,falling-for-you-cardi#Mustard,the-uneven-hem-knit-1#Sage,hard,0.02003205128205128
Ljubenka,falling-for-you-cardi#Mustard,natural-textured-poncho#Deeprain,hard,0.0222222222222222
Marnee,baobab-sweater#Bark,natural-textured-poncho#Deeprain,hard,0.026966292134831427
Marnee,baobab-sweater#Bark,voyager-stripe-crew#Stripe,hard,0.02921348314606742
Marnee,for-the-frill-top#Ivory,natural-textured-poncho#Deeprain,hard,0.026966292134831427
Marnee,for-the-frill-top#Ivory,voyager-stripe-crew#Stripe,hard,0.02921348314606742
Laura,butterfly-kisses-tee#Stripe,cara-tee-2#Blush,hard,0.009805425338985667
Laura,butterfly-kisses-tee#Stripe,cara-tee-2#WhiteBlk,hard,0.009805425338985667
Amanda,the-stripe-jersey-top#Blue,natural-textured-poncho#Deeprain,hard,0.026966292134831427
Amanda,the-stripe-jersey-top#Blue,voyager-stripe-crew#Stripe,hard,0.02921348314606742
Natalia,rising-mist-jumper#Nickel,voyager-stripe-crew#Stripe,hard,0.011764705882352955
Natalia,rising-mist-jumper#Nickel,makeover-blouse#LimeGreen,hard,0.011764705882352955
Ljubenka,the-cross-over-blouse#Silver,the-uneven-hem-knit-1#Sage,hard,0.02003205128205128
Ljubenka,the-cross-over-blouse#Silver,natural-textured-poncho#Deeprain,hard,0.0222222222222222
Lauren,the-zip-detail-jacket#Grey,side-buttoned-sweater#Buttoned,hard,0.010019841269841278
Lauren,the-zip-detail-jacket#Grey,voyager-stripe-crew#Stripe,hard,0.03333333333333338
Marnee,the-everyday-shirt#Black,natural-textured-poncho#Deeprain,hard,0.026966292134831427
Marnee,the-everyday-shirt#Black,voyager-stripe-crew#Stripe,hard,0.02921348314606742
Riina,the-essential-layering-tee#Ink,voyager-stripe-crew#Stripe,hard,0.022857142857142854
Riina,the-essential-layering-tee#Ink,makeover-blouse#LimeGreen,hard,0.022857142857142854
Natalie,the-everyday-shirt#Cream,natural-textured-poncho#Deeprain,hard,0.0222222222222222
Natalie,the-everyday-shirt#Cream,voyager-stripe-crew#Stripe,hard,0.03333333333333338
Alex,the-batwing-tee#Sea,voyager-stripe-crew#Stripe,hard,0.020689655172413834
Alex,the-batwing-tee#Sea,makeover-blouse#LimeGreen,hard,0.020689655172413834
Jess,the-cotton-bamboo-tee#DustyPink,cara-tee-2#Blush,hard,0.02465728715728717
Jess,the-cotton-bamboo-tee#DustyPink,cara-tee-2#WhiteBlk,hard,0.02465728715728717
Riina,the-layered-cross-over-top#Navy,voyager-stripe-crew#Stripe,hard,0.022857142857142854
Riina,the-layered-cross-over-top#Navy,makeover-blouse#LimeGreen,hard,0.022857142857142854
Marnee,falling-for-you-cardi#Mustard,natural-textured-poncho#Deeprain,hard,0.026966292134831427
Marnee,falling-for-you-cardi#Mustard,voyager-stripe-crew#Stripe,hard,0.02921348314606742
Denniel,the-cotton-bamboo-tee#DustyPink,natural-textured-poncho#Deeprain,hard,0.026966292134831427
Denniel,the-cotton-bamboo-tee#DustyPink,voyager-stripe-crew#Stripe,hard,0.02921348314606742
Shadae,fundamental-vee-tee#GreyMarle,voyager-stripe-crew#Stripe,hard,0.027118644067796627
Shadae,fundamental-vee-tee#GreyMarle,makeover-blouse#LimeGreen,hard,0.027118644067796627
Summer,fundamental-sydney-crew#GreyMarle,voyager-stripe-crew#Stripe,hard,0.025000000000000022
Summer,fundamental-sydney-crew#GreyMarle,natural-textured-poncho#Deeprain,hard,0.0318181818181818
Maddy,the-cotton-bamboo-tank#Chambray,natural-textured-poncho#Deeprain,hard,0.026966292134831427
Maddy,the-cotton-bamboo-tank#Chambray,voyager-stripe-crew#Stripe,hard,0.02921348314606742
Gemma,bo-cosy-cardigan#Storm,voyager-stripe-crew#Stripe,hard,0.025000000000000022
Gemma,bo-cosy-cardigan#Storm,makeover-blouse#LimeGreen,hard,0.025000000000000022
Monique,the-asymmetrical-tank-top#Indigo,voyager-stripe-crew#Stripe,hard,0.022857142857142854
Monique,the-asymmetrical-tank-top#Indigo,makeover-blouse#LimeGreen,hard,0.022857142857142854
Jess,waterfall-cardi-1#Navy,cara-tee-2#Blush,hard,0.02465728715728717
Jess,waterfall-cardi-1#Navy,cara-tee-2#WhiteBlk,hard,0.02465728715728717
Marnee,long-sleeve-softly-swinging-bamboo-tee#Copper,natural-textured-poncho#Deeprain,hard,0.026966292134831427
Marnee,long-sleeve-softly-swinging-bamboo-tee#Copper,voyager-stripe-crew#Stripe,hard,0.02921348314606742
Marnee,kimono-and-me-cardi#DustyPink,natural-textured-poncho#Deeprain,hard,0.026966292134831427
Marnee,kimono-and-me-cardi#DustyPink,voyager-stripe-crew#Stripe,hard,0.02921348314606742
Tia,the-cotton-bamboo-tank#DarkNavy,the-panel-luxe-top#BlkWhite,hard,0.014767454441367485
Tia,the-cotton-bamboo-tank#DarkNavy,the-panel-luxe-top#SilvWhite,hard,0.014767454441367485
Natalia,the-ruffle-sleeve-sweat#KhakiMarle,voyager-stripe-crew#Stripe,hard,0.011764705882352955
Natalia,the-ruffle-sleeve-sweat#KhakiMarle,makeover-blouse#LimeGreen,hard,0.011764705882352955
Stacey,the-uneven-hem-knit-1#Sage,makeover-blouse#LimeGreen,hard,0.009467455621301801
Stacey,the-uneven-hem-knit-1#Sage,cara-tee-2#Blush,hard,0.04007527669805984
Bree,belle-half-sleeve-forgiver-tunic#White,cara-tee-2#Blush,hard,0.018771830454073445
Bree,belle-half-sleeve-forgiver-tunic#White,cara-tee-2#WhiteBlk,hard,0.018771830454073445
Chelsea,the-daily-essential-jumper#Grey,voyager-stripe-crew#Stripe,hard,0.027118644067796627
Chelsea,the-daily-essential-jumper#Grey,makeover-blouse#LimeGreen,hard,0.027118644067796627
Ljubenka,the-cut-out-shoulder-blouse#Clay,the-uneven-hem-knit-1#Sage,hard,0.02003205128205128
Ljubenka,the-cut-out-shoulder-blouse#Clay,natural-textured-poncho#Deeprain,hard,0.0222222222222222
Laura,runaway-top#SoftPink,cara-tee-2#Blush,hard,0.009805425338985667
Laura,runaway-top#SoftPink,cara-tee-2#WhiteBlk,hard,0.009805425338985667
Mae-Lee,the-cross-over-blouse#Blue,side-buttoned-sweater#Buttoned,hard,0.0066981036406044
Mae-Lee,the-cross-over-blouse#Blue,voyager-stripe-crew#Stripe,hard,0.01849710982658964
Sophia,the-panel-luxe-top#SilvWhite,cara-tee-2#Blush,hard,0.010112367541426632
Sophia,the-panel-luxe-top#SilvWhite,cara-tee-2#WhiteBlk,hard,0.010112367541426632
Stacey,sequin-spot-cardi#Grey,makeover-blouse#LimeGreen,hard,0.009467455621301801
Stacey,sequin-spot-cardi#Grey,cara-tee-2#Blush,hard,0.04007527669805984
Ljubenka,runaway-top#SoftPink,the-uneven-hem-knit-1#Sage,hard,0.02003205128205128
Ljubenka,runaway-top#SoftPink,natural-textured-poncho#Deeprain,hard,0.0222222222222222
Maddy,the-cut-out-shoulder-blouse#Silver,natural-textured-poncho#Deeprain,hard,0.026966292134831427
Maddy,the-cut-out-shoulder-blouse#Silver,voyager-stripe-crew#Stripe,hard,0.02921348314606742
Anna,the-cut-out-shoulder-blouse#Blue,voyager-stripe-crew#Stripe,hard,0.022857142857142854
Anna,the-cut-out-shoulder-blouse#Blue,makeover-blouse#LimeGreen,hard,0.022857142857142854
Monique,reversible-scoopv-neck-tank#White,voyager-stripe-crew#Stripe,hard,0.022857142857142854
Monique,reversible-scoopv-neck-tank#White,makeover-blouse#LimeGreen,hard,0.022857142857142854
Chelsea,the-tie-sleeve-blouse#Grey,voyager-stripe-crew#Stripe,hard,0.027118644067796627
Chelsea,the-tie-sleeve-blouse#Grey,makeover-blouse#LimeGreen,hard,0.027118644067796627
Miranda,the-contrast-detail-top#Ivory,voyager-stripe-crew#Stripe,hard,0.01403508771929829
Miranda,the-contrast-detail-top#Ivory,makeover-blouse#LimeGreen,hard,0.01403508771929829
Georgia,cross-my-heart-sweater#Regal,voyager-stripe-crew#Stripe,hard,0.011764705882352955
Georgia,cross-my-heart-sweater#Regal,makeover-blouse#LimeGreen,hard,0.011764705882352955
Emma,belle-v-neck-forgiver-tunic#Navy,voyager-stripe-crew#Stripe,hard,0.020689655172413834
Emma,belle-v-neck-forgiver-tunic#Navy,makeover-blouse#LimeGreen,hard,0.020689655172413834
Lauren,natural-classic-cardigan#Pebble,side-buttoned-sweater#Buttoned,hard,0.010019841269841278
Lauren,natural-classic-cardigan#Pebble,voyager-stripe-crew#Stripe,hard,0.03333333333333338
Chelsea,the-cotton-cardi#Khaki,voyager-stripe-crew#Stripe,hard,0.027118644067796627
Chelsea,the-cotton-cardi#Khaki,makeover-blouse#LimeGreen,hard,0.027118644067796627
Jess,laurina-stripe-pullover#NightSky,cara-tee-2#Blush,hard,0.02465728715728717
Jess,laurina-stripe-pullover#NightSky,cara-tee-2#WhiteBlk,hard,0.02465728715728717
Tia,the-cut-out-shoulder-blouse#White,the-panel-luxe-top#BlkWhite,hard,0.014767454441367485
Tia,the-cut-out-shoulder-blouse#White,the-panel-luxe-top#SilvWhite,hard,0.014767454441367485
Shadae,fundamental-vee-tee#Navy,voyager-stripe-crew#Stripe,hard,0.027118644067796627
Shadae,fundamental-vee-tee#Navy,makeover-blouse#LimeGreen,hard,0.027118644067796627
Emma,belle-v-neck-forgiver-tunic#Tobacco,voyager-stripe-crew#Stripe,hard,0.020689655172413834
Emma,belle-v-neck-forgiver-tunic#Tobacco,makeover-blouse#LimeGreen,hard,0.020689655172413834
Ljubenka,sugar-snaps-layers-tank#DuckEgg,the-uneven-hem-knit-1#Sage,hard,0.02003205128205128
Ljubenka,sugar-snaps-layers-tank#DuckEgg,natural-textured-poncho#Deeprain,hard,0.0222222222222222
Anna,the-cross-over-blouse#White,voyager-stripe-crew#Stripe,hard,0.022857142857142854
Anna,the-cross-over-blouse#White,makeover-blouse#LimeGreen,hard,0.022857142857142854
Fiona,the-box-top#Blush,natural-textured-poncho#Deeprain,hard,0.0198895027624309
Fiona,the-box-top#Blush,wonderland-blouse#Ink,hard,0.029034976521913555
Chelsea,henson-jumper#Cream,voyager-stripe-crew#Stripe,hard,0.027118644067796627
Chelsea,henson-jumper#Cream,makeover-blouse#LimeGreen,hard,0.027118644067796627
Anna,the-cross-over-blouse#RoyalBlue,voyager-stripe-crew#Stripe,hard,0.022857142857142854
Anna,the-cross-over-blouse#RoyalBlue,makeover-blouse#LimeGreen,hard,0.022857142857142854
Emma,the-slouch-pocket-tee#Stripe,voyager-stripe-crew#Stripe,hard,0.020689655172413834
Emma,the-slouch-pocket-tee#Stripe,makeover-blouse#LimeGreen,hard,0.020689655172413834
Laura,softly-swinging-bamboo-tee#Navy,cara-tee-2#Blush,hard,0.009805425338985667
Laura,softly-swinging-bamboo-tee#Navy,cara-tee-2#WhiteBlk,hard,0.009805425338985667
Sophia,sugar-snaps-throw-jacket#Black,cara-tee-2#Blush,hard,0.010112367541426632
Sophia,sugar-snaps-throw-jacket#Black,cara-tee-2#WhiteBlk,hard,0.010112367541426632
Amanda,the-stitch-v-neck-knit#PinkMarle,natural-textured-poncho#Deeprain,hard,0.026966292134831427
Amanda,the-stitch-v-neck-knit#PinkMarle,voyager-stripe-crew#Stripe,hard,0.02921348314606742
Ljubenka,the-cross-over-blouse#Black,the-uneven-hem-knit-1#Sage,hard,0.02003205128205128
Ljubenka,the-cross-over-blouse#Black,natural-textured-poncho#Deeprain,hard,0.0222222222222222
Clementine,crossing-the-plains-sweater-1#Indigo,voyager-stripe-crew#Stripe,hard,0.022857142857142854
Clementine,crossing-the-plains-sweater-1#Indigo,makeover-blouse#LimeGreen,hard,0.022857142857142854
Jess,cross-my-heart-bamboo-slouch-tee#White,cara-tee-2#Blush,hard,0.02465728715728717
Jess,cross-my-heart-bamboo-slouch-tee#White,cara-tee-2#WhiteBlk,hard,0.02465728715728717
Anna,the-cut-out-shoulder-blouse#Silver,voyager-stripe-crew#Stripe,hard,0.022857142857142854
Anna,the-cut-out-shoulder-blouse#Silver,makeover-blouse#LimeGreen,hard,0.022857142857142854
Georgia,sugar-snaps-layers-tank#SeaGreen,voyager-stripe-crew#Stripe,hard,0.011764705882352955
Georgia,sugar-snaps-layers-tank#SeaGreen,makeover-blouse#LimeGreen,hard,0.011764705882352955
Mae-Lee,belle-v-neck-forgiver-tunic#DenimMarl,side-buttoned-sweater#Buttoned,hard,0.0066981036406044
Mae-Lee,belle-v-neck-forgiver-tunic#DenimMarl,voyager-stripe-crew#Stripe,hard,0.01849710982658964
Laura,the-dobby-sleeve-tee#InkBlue,cara-tee-2#Blush,hard,0.009805425338985667
Laura,the-dobby-sleeve-tee#InkBlue,cara-tee-2#WhiteBlk,hard,0.009805425338985667
Amanda,the-box-top#Khaki,natural-textured-poncho#Deeprain,hard,0.026966292134831427
Amanda,the-box-top#Khaki,voyager-stripe-crew#Stripe,hard,0.02921348314606742
Gemma,layered-sleeve-top#Moss,voyager-stripe-crew#Stripe,hard,0.025000000000000022
Gemma,layered-sleeve-top#Moss,makeover-blouse#LimeGreen,hard,0.025000000000000022
Kate,the-wrap-jersey-top#PortSpot,natural-textured-poncho#Deeprain,hard,0.0222222222222222
Kate,the-wrap-jersey-top#PortSpot,animal-button-up-shirt#KhakiPrint,hard,0.024927577868754342
Chelsea,2-in-1-layered-top-1#PinkWhite,voyager-stripe-crew#Stripe,hard,0.027118644067796627
Chelsea,2-in-1-layered-top-1#PinkWhite,makeover-blouse#LimeGreen,hard,0.027118644067796627
Mae-Lee,the-cotton-bamboo-tank#White,side-buttoned-sweater#Buttoned,hard,0.0066981036406044
Mae-Lee,the-cotton-bamboo-tank#White,voyager-stripe-crew#Stripe,hard,0.01849710982658964
Madeline,the-cascade-blouse#Auburn,voyager-stripe-crew#Stripe,hard,0.03128491620111734
Madeline,the-cascade-blouse#Auburn,makeover-blouse#LimeGreen,hard,0.03128491620111734
Jess,belle-v-neck-forgiver-tunic#White,cara-tee-2#Blush,hard,0.02465728715728717
Jess,belle-v-neck-forgiver-tunic#White,cara-tee-2#WhiteBlk,hard,0.02465728715728717
Emma,sugar-snaps-layers-tank#DuckEgg,voyager-stripe-crew#Stripe,hard,0.020689655172413834
Emma,sugar-snaps-layers-tank#DuckEgg,makeover-blouse#LimeGreen,hard,0.020689655172413834
Georgia,weekend-vibes-blouse#Blush,voyager-stripe-crew#Stripe,hard,0.011764705882352955
Georgia,weekend-vibes-blouse#Blush,makeover-blouse#LimeGreen,hard,0.011764705882352955
Mae-Lee,long-sleeve-softly-swinging-bamboo-tee#Oyster,side-buttoned-sweater#Buttoned,hard,0.0066981036406044
Mae-Lee,long-sleeve-softly-swinging-bamboo-tee#Oyster,voyager-stripe-crew#Stripe,hard,0.01849710982658964
Clementine,the-printed-v-split-top#Natural,voyager-stripe-crew#Stripe,hard,0.022857142857142854
Clementine,the-printed-v-split-top#Natural,makeover-blouse#LimeGreen,hard,0.022857142857142854
Amanda,the-striped-top#BlueStripe,natural-textured-poncho#Deeprain,hard,0.026966292134831427
Amanda,the-striped-top#BlueStripe,voyager-stripe-crew#Stripe,hard,0.02921348314606742
Georgia,falling-for-you-cardi#Navy,voyager-stripe-crew#Stripe,hard,0.011764705882352955
Georgia,falling-for-you-cardi#Navy,makeover-blouse#LimeGreen,hard,0.011764705882352955
Laura,the-stella-tee#Marine,cara-tee-2#Blush,hard,0.009805425338985667
Laura,the-stella-tee#Marine,cara-tee-2#WhiteBlk,hard,0.009805425338985667
Thais,off-shoulder-top-2#FloraLace,natural-textured-poncho#Deeprain,hard,0.026966292134831427
Thais,off-shoulder-top-2#FloraLace,voyager-stripe-crew#Stripe,hard,0.02921348314606742
Summer,fundamental-sydney-crew#Navy,voyager-stripe-crew#Stripe,hard,0.025000000000000022
Summer,fundamental-sydney-crew#Navy,natural-textured-poncho#Deeprain,hard,0.0318181818181818
Nadine,collared-shirt-1#White,makeover-blouse#LimeGreen,hard,0.004790419161676662
Nadine,collared-shirt-1#White,pure-merino-fine-rib-v-neck#Charcoal,hard,0.02127438771274388
Miranda,the-uneven-hem-knit-1#Sage,voyager-stripe-crew#Stripe,hard,0.01403508771929829
Miranda,the-uneven-hem-knit-1#Sage,makeover-blouse#LimeGreen,hard,0.01403508771929829
Amanda,the-swing-tank-top#Rose,natural-textured-poncho#Deeprain,hard,0.026966292134831427
Amanda,the-swing-tank-top#Rose,voyager-stripe-crew#Stripe,hard,0.02921348314606742
Shadae,sequin-cross-2-in-1-top#Navy,voyager-stripe-crew#Stripe,hard,0.027118644067796627
Shadae,sequin-cross-2-in-1-top#Navy,makeover-blouse#LimeGreen,hard,0.027118644067796627
Georgia,falling-flowers-cardi#GreyMarle,voyager-stripe-crew#Stripe,hard,0.011764705882352955
Georgia,falling-flowers-cardi#GreyMarle,makeover-blouse#LimeGreen,hard,0.011764705882352955
Maddy,the-sleeveless-cross-over-blouse#Sunshine,natural-textured-poncho#Deeprain,hard,0.026966292134831427
Maddy,the-sleeveless-cross-over-blouse#Sunshine,voyager-stripe-crew#Stripe,hard,0.02921348314606742
Georgia,softly-falling-bamboo-tunic#Copper,voyager-stripe-crew#Stripe,hard,0.011764705882352955
Georgia,softly-falling-bamboo-tunic#Copper,makeover-blouse#LimeGreen,hard,0.011764705882352955
Palatina,reversible-stripe-vee-scoop-neck-tank#BlackWhite,cara-tee-2#Blush,hard,0.02436008474699353
Palatina,reversible-stripe-vee-scoop-neck-tank#BlackWhite,cara-tee-2#WhiteBlk,hard,0.02436008474699353
Jess,reversible-scoopv-neck-tank#Navy,cara-tee-2#Blush,hard,0.02465728715728717
Jess,reversible-scoopv-neck-tank#Navy,cara-tee-2#WhiteBlk,hard,0.02465728715728717
Chesska,vivian-blouse#Check,voyager-stripe-crew#Stripe,hard,0.01849710982658964
Chesska,vivian-blouse#Check,makeover-blouse#LimeGreen,hard,0.01849710982658964
Stefania,the-contrast-knit-1#Navy,voyager-stripe-crew#Stripe,hard,0.016279069767441867
Stefania,the-contrast-knit-1#Navy,makeover-blouse#LimeGreen,hard,0.016279069767441867
Sophie,the-crossover-button-blouse-1#Ornate,side-buttoned-sweater#Buttoned,hard,0.0011363636363636576
Sophie,the-crossover-button-blouse-1#Ornate,the-tie-front-top#Navy,hard,0.017934149184149185
Jess,belle-half-sleeve-forgiver-tunic#MutedClay,cara-tee-2#Blush,hard,0.02465728715728717
Jess,belle-half-sleeve-forgiver-tunic#MutedClay,cara-tee-2#WhiteBlk,hard,0.02465728715728717
Fiona,long-sleeve-softly-swinging-bamboo-tee#Oyster,natural-textured-poncho#Deeprain,hard,0.0198895027624309
Fiona,long-sleeve-softly-swinging-bamboo-tee#Oyster,wonderland-blouse#Ink,hard,0.029034976521913555
Jess,layered-tunic-1#PalePink,cara-tee-2#Blush,hard,0.02465728715728717
Jess,layered-tunic-1#PalePink,cara-tee-2#WhiteBlk,hard,0.02465728715728717
Stacey,striped-sleeve-sweater#Striped,makeover-blouse#LimeGreen,hard,0.009467455621301801
Stacey,striped-sleeve-sweater#Striped,cara-tee-2#Blush,hard,0.04007527669805984
Maddy,print-shirt-1#Blush,natural-textured-poncho#Deeprain,hard,0.026966292134831427
Maddy,print-shirt-1#Blush,voyager-stripe-crew#Stripe,hard,0.02921348314606742
Anna Maria,falling-for-you-cardi#GreyMarle,natural-textured-poncho#Deeprain,hard,0.024581005586592153
Anna Maria,falling-for-you-cardi#GreyMarle,voyager-stripe-crew#Stripe,hard,0.03128491620111734
Clementine,the-cross-front-spot-blouse#Spot,voyager-stripe-crew#Stripe,hard,0.022857142857142854
Clementine,the-cross-front-spot-blouse#Spot,makeover-blouse#LimeGreen,hard,0.022857142857142854
Kate,the-cotton-bamboo-tee#DuckEgg,natural-textured-poncho#Deeprain,hard,0.0222222222222222
Kate,the-cotton-bamboo-tee#DuckEgg,animal-button-up-shirt#KhakiPrint,hard,0.024927577868754342
Summer,sky-shirt#Clouds,voyager-stripe-crew#Stripe,hard,0.025000000000000022
Summer,sky-shirt#Clouds,natural-textured-poncho#Deeprain,hard,0.0318181818181818
Sophie,long-sleeve-softly-swinging-bamboo-tee#Combat,side-buttoned-sweater#Buttoned,hard,0.0011363636363636576
Sophie,long-sleeve-softly-swinging-bamboo-tee#Combat,the-tie-front-top#Navy,hard,0.017934149184149185
Gemma,elcos-45-aop-top-jrs#BlackZigZa,voyager-stripe-crew#Stripe,hard,0.025000000000000022
Gemma,elcos-45-aop-top-jrs#BlackZigZa,makeover-blouse#LimeGreen,hard,0.025000000000000022
Jess,hem-frill-stripe-top#SoFrilled,cara-tee-2#Blush,hard,0.02465728715728717
Jess,hem-frill-stripe-top#SoFrilled,cara-tee-2#WhiteBlk,hard,0.02465728715728717
Ljubenka,the-drape-tee-1#Black,the-uneven-hem-knit-1#Sage,hard,0.02003205128205128
Ljubenka,the-drape-tee-1#Black,natural-textured-poncho#Deeprain,hard,0.0222222222222222
Sophia,tuck-layer-shirt#White,cara-tee-2#Blush,hard,0.010112367541426632
Sophia,tuck-layer-shirt#White,cara-tee-2#WhiteBlk,hard,0.010112367541426632
Riina,the-boat-neck-top-1#NavyWhite,voyager-stripe-crew#Stripe,hard,0.022857142857142854
Riina,the-boat-neck-top-1#NavyWhite,makeover-blouse#LimeGreen,hard,0.022857142857142854
Fiona,the-box-top#Khaki,natural-textured-poncho#Deeprain,hard,0.0198895027624309
Fiona,the-box-top#Khaki,wonderland-blouse#Ink,hard,0.029034976521913555
Georgia,on-the-open-road-maxi-shirt#DarkOchre,voyager-stripe-crew#Stripe,hard,0.011764705882352955
Georgia,on-the-open-road-maxi-shirt#DarkOchre,makeover-blouse#LimeGreen,hard,0.011764705882352955
Nadine,runaway-top#SoftMint,makeover-blouse#LimeGreen,hard,0.004790419161676662
Nadine,runaway-top#SoftMint,pure-merino-fine-rib-v-neck#Charcoal,hard,0.02127438771274388
Marnee,falling-for-you-cardi#Khaki,natural-textured-poncho#Deeprain,hard,0.026966292134831427
Marnee,falling-for-you-cardi#Khaki,voyager-stripe-crew#Stripe,hard,0.02921348314606742
Fiona,sugar-snaps-throw-jacket#White,natural-textured-poncho#Deeprain,hard,0.0198895027624309
Fiona,sugar-snaps-throw-jacket#White,wonderland-blouse#Ink,hard,0.029034976521913555
Ljubenka,falling-for-you-cardi#GreyMarle,the-uneven-hem-knit-1#Sage,hard,0.02003205128205128
Ljubenka,falling-for-you-cardi#GreyMarle,natural-textured-poncho#Deeprain,hard,0.0222222222222222
Fiona,the-contrast-knit-1#Navy,natural-textured-poncho#Deeprain,hard,0.0198895027624309
Fiona,the-contrast-knit-1#Navy,wonderland-blouse#Ink,hard,0.029034976521913555
Mandy,snug-as-a-bug-jumper#Smoke,voyager-stripe-crew#Stripe,hard,0.012499999999999956
Mandy,snug-as-a-bug-jumper#Smoke,makeover-blouse#LimeGreen,hard,0.012499999999999956
Chelsea,the-lace-trim-top#Black,voyager-stripe-crew#Stripe,hard,0.027118644067796627
Chelsea,the-lace-trim-top#Black,makeover-blouse#LimeGreen,hard,0.027118644067796627
Laura,sugar-snaps-layers-tank#Black,cara-tee-2#Blush,hard,0.009805425338985667
Laura,sugar-snaps-layers-tank#Black,cara-tee-2#WhiteBlk,hard,0.009805425338985667
Madeline,print-tee-3#Cntryhous,voyager-stripe-crew#Stripe,hard,0.03128491620111734
Madeline,print-tee-3#Cntryhous,makeover-blouse#LimeGreen,hard,0.03128491620111734
Maddy,the-sleeveless-cross-over-blouse#Mint,natural-textured-poncho#Deeprain,hard,0.026966292134831427
Maddy,the-sleeveless-cross-over-blouse#Mint,voyager-stripe-crew#Stripe,hard,0.02921348314606742
Stacey,partly-cloudy-knit#PawPaw,makeover-blouse#LimeGreen,hard,0.009467455621301801
Stacey,partly-cloudy-knit#PawPaw,cara-tee-2#Blush,hard,0.04007527669805984
Kate,sugar-snaps-layers-tank#Black,natural-textured-poncho#Deeprain,hard,0.0222222222222222
Kate,sugar-snaps-layers-tank#Black,animal-button-up-shirt#KhakiPrint,hard,0.024927577868754342
Stefania,the-relaxed-long-sleeve-tee#Khaki,voyager-stripe-crew#Stripe,hard,0.016279069767441867
Stefania,the-relaxed-long-sleeve-tee#Khaki,makeover-blouse#LimeGreen,hard,0.016279069767441867
Georgia,long-sleeve-softly-swinging-bamboo-tee#TeaRose,voyager-stripe-crew#Stripe,hard,0.011764705882352955
Georgia,long-sleeve-softly-swinging-bamboo-tee#TeaRose,makeover-blouse#LimeGreen,hard,0.011764705882352955
Georgia,ines-top#NavyStrip,voyager-stripe-crew#Stripe,hard,0.011764705882352955
Georgia,ines-top#NavyStrip,makeover-blouse#LimeGreen,hard,0.011764705882352955
Marnee,open-plains-kimono-throw-1#Rust,natural-textured-poncho#Deeprain,hard,0.026966292134831427
Marnee,open-plains-kimono-throw-1#Rust,voyager-stripe-crew#Stripe,hard,0.02921348314606742
Riina,york-linen-blend-long-cardigan#BurntOrang,voyager-stripe-crew#Stripe,hard,0.022857142857142854
Riina,york-linen-blend-long-cardigan#BurntOrang,makeover-blouse#LimeGreen,hard,0.022857142857142854
Denniel,the-cut-out-shoulder-blouse#Silver,natural-textured-poncho#Deeprain,hard,0.026966292134831427
Denniel,the-cut-out-shoulder-blouse#Silver,voyager-stripe-crew#Stripe,hard,0.02921348314606742
Gemma,moonlight-kisses-bamboo-tee#White,voyager-stripe-crew#Stripe,hard,0.025000000000000022
Gemma,moonlight-kisses-bamboo-tee#White,makeover-blouse#LimeGreen,hard,0.025000000000000022
Laura,the-short-sleeve-wrap-jersey-top#Emerald,cara-tee-2#Blush,hard,0.009805425338985667
Laura,the-short-sleeve-wrap-jersey-top#Emerald,cara-tee-2#WhiteBlk,hard,0.009805425338985667
Nadine,overlay-top-2#Black,makeover-blouse#LimeGreen,hard,0.004790419161676662
Nadine,overlay-top-2#Black,pure-merino-fine-rib-v-neck#Charcoal,hard,0.02127438771274388
Nadine,voyager-stripe-crew#Stripe,makeover-blouse#LimeGreen,hard,0.004790419161676662
Nadine,voyager-stripe-crew#Stripe,pure-merino-fine-rib-v-neck#Charcoal,hard,0.02127438771274388
Kate,belle-half-sleeve-forgiver-tunic#White,natural-textured-poncho#Deeprain,hard,0.0222222222222222
Kate,belle-half-sleeve-forgiver-tunic#White,animal-button-up-shirt#KhakiPrint,hard,0.024927577868754342
Jess,the-striped-top#BlueStripe,cara-tee-2#Blush,hard,0.02465728715728717
Jess,the-striped-top#BlueStripe,cara-tee-2#WhiteBlk,hard,0.02465728715728717
Laura,high-neck-tie-top#Black,cara-tee-2#Blush,hard,0.009805425338985667
Laura,high-neck-tie-top#Black,cara-tee-2#WhiteBlk,hard,0.009805425338985667
Jess,the-bonded-cotton-tunic-dress#Navy,cara-tee-2#Blush,hard,0.02465728715728717
Jess,the-bonded-cotton-tunic-dress#Navy,cara-tee-2#WhiteBlk,hard,0.02465728715728717
Stefania,the-printed-side-ring-detail-blouse#Block,voyager-stripe-crew#Stripe,hard,0.016279069767441867
Stefania,the-printed-side-ring-detail-blouse#Block,makeover-blouse#LimeGreen,hard,0.016279069767441867
Summer,crosses-jumper#xmyheart,voyager-stripe-crew#Stripe,hard,0.025000000000000022
Summer,crosses-jumper#xmyheart,natural-textured-poncho#Deeprain,hard,0.0318181818181818
Marnee,shirt-in-a-box#Silver,natural-textured-poncho#Deeprain,hard,0.026966292134831427
Marnee,shirt-in-a-box#Silver,voyager-stripe-crew#Stripe,hard,0.02921348314606742
Jess,falling-for-you-top#Blue,cara-tee-2#Blush,hard,0.02465728715728717
Jess,falling-for-you-top#Blue,cara-tee-2#WhiteBlk,hard,0.02465728715728717
Jess,tracie-top#Opal,cara-tee-2#Blush,hard,0.02465728715728717
Jess,tracie-top#Opal,cara-tee-2#WhiteBlk,hard,0.02465728715728717
Ljubenka,the-everyday-shirt#Pink,the-uneven-hem-knit-1#Sage,hard,0.02003205128205128
Ljubenka,the-everyday-shirt#Pink,natural-textured-poncho#Deeprain,hard,0.0222222222222222
Perrie,the-cut-out-shoulder-blouse#Salmon,natural-textured-poncho#Deeprain,hard,0.024581005586592153
Perrie,the-cut-out-shoulder-blouse#Salmon,voyager-stripe-crew#Stripe,hard,0.03128491620111734
Marnee,sugar-snaps-layers-tank#DuckEgg,natural-textured-poncho#Deeprain,hard,0.026966292134831427
Marnee,sugar-snaps-layers-tank#DuckEgg,voyager-stripe-crew#Stripe,hard,0.02921348314606742
Madeline,natural-waterfall-cardigan#Fallendust,voyager-stripe-crew#Stripe,hard,0.03128491620111734
Madeline,natural-waterfall-cardigan#Fallendust,makeover-blouse#LimeGreen,hard,0.03128491620111734
Sophia,the-textured-spot-top#Pink,cara-tee-2#Blush,hard,0.010112367541426632
Sophia,the-textured-spot-top#Pink,cara-tee-2#WhiteBlk,hard,0.010112367541426632
Nadine,woolly-spotted-hoodie#Navy,makeover-blouse#LimeGreen,hard,0.004790419161676662
Nadine,woolly-spotted-hoodie#Navy,pure-merino-fine-rib-v-neck#Charcoal,hard,0.02127438771274388
Ljubenka,the-printed-v-neck-tee#White,the-uneven-hem-knit-1#Sage,hard,0.02003205128205128
Ljubenka,the-printed-v-neck-tee#White,natural-textured-poncho#Deeprain,hard,0.0222222222222222
Shadae,fundamental-vee-tee#Pink,voyager-stripe-crew#Stripe,hard,0.027118644067796627
Shadae,fundamental-vee-tee#Pink,makeover-blouse#LimeGreen,hard,0.027118644067796627
Chelsea,the-tie-front-top#Navy,voyager-stripe-crew#Stripe,hard,0.027118644067796627
Chelsea,the-tie-front-top#Navy,makeover-blouse#LimeGreen,hard,0.027118644067796627
Jess,icing-sugar-top#Ivory,cara-tee-2#Blush,hard,0.02465728715728717
Jess,icing-sugar-top#Ivory,cara-tee-2#WhiteBlk,hard,0.02465728715728717
Jess,cyrus-top#LightRose,cara-tee-2#Blush,hard,0.02465728715728717
Jess,cyrus-top#LightRose,cara-tee-2#WhiteBlk,hard,0.02465728715728717
Marnee,starry-night-cardi#Chalk,natural-textured-poncho#Deeprain,hard,0.026966292134831427
Marnee,starry-night-cardi#Chalk,voyager-stripe-crew#Stripe,hard,0.02921348314606742
Jess,layered-tunic-1#White,cara-tee-2#Blush,hard,0.02465728715728717
Jess,layered-tunic-1#White,cara-tee-2#WhiteBlk,hard,0.02465728715728717
Gemma,floral-blouse-2#NavyMulti,voyager-stripe-crew#Stripe,hard,0.025000000000000022
Gemma,floral-blouse-2#NavyMulti,makeover-blouse#LimeGreen,hard,0.025000000000000022
Sophie,belle-half-sleeve-forgiver-tunic#BlueBonnet,side-buttoned-sweater#Buttoned,hard,0.0011363636363636576
Sophie,belle-half-sleeve-forgiver-tunic#BlueBonnet,the-tie-front-top#Navy,hard,0.017934149184149185
Jess,daisy-chain-tassel-blouse#DeepBlue,cara-tee-2#Blush,hard,0.02465728715728717
Jess,daisy-chain-tassel-blouse#DeepBlue,cara-tee-2#WhiteBlk,hard,0.02465728715728717
Clementine,sugar-snaps-layers-tank#Red,voyager-stripe-crew#Stripe,hard,0.022857142857142854
Clementine,sugar-snaps-layers-tank#Red,makeover-blouse#LimeGreen,hard,0.022857142857142854
Amanda,the-zip-front-top#Rose,natural-textured-poncho#Deeprain,hard,0.026966292134831427
Amanda,the-zip-front-top#Rose,voyager-stripe-crew#Stripe,hard,0.02921348314606742
Denniel,the-cross-over-blouse#White,natural-textured-poncho#Deeprain,hard,0.026966292134831427
Denniel,the-cross-over-blouse#White,voyager-stripe-crew#Stripe,hard,0.02921348314606742
Summer,jordan-top#PearlBlue,voyager-stripe-crew#Stripe,hard,0.025000000000000022
Summer,jordan-top#PearlBlue,natural-textured-poncho#Deeprain,hard,0.0318181818181818
Maddy,the-relaxed-long-sleeve-tee#Navy,natural-textured-poncho#Deeprain,hard,0.026966292134831427
Maddy,the-relaxed-long-sleeve-tee#Navy,voyager-stripe-crew#Stripe,hard,0.02921348314606742
Riina,the-midi-waterfall-cardi#BlueMarle,voyager-stripe-crew#Stripe,hard,0.022857142857142854
Riina,the-midi-waterfall-cardi#BlueMarle,makeover-blouse#LimeGreen,hard,0.022857142857142854
Stacey,multi-stripe-jumper#NavyMulti,makeover-blouse#LimeGreen,hard,0.009467455621301801
Stacey,multi-stripe-jumper#NavyMulti,cara-tee-2#Blush,hard,0.04007527669805984
Jess,the-spotted-tunic#GreySpot,cara-tee-2#Blush,hard,0.02465728715728717
Jess,the-spotted-tunic#GreySpot,cara-tee-2#WhiteBlk,hard,0.02465728715728717
Mae-Lee,sugar-snaps-layers-tank#DeepCobalt,side-buttoned-sweater#Buttoned,hard,0.0066981036406044
Mae-Lee,sugar-snaps-layers-tank#DeepCobalt,voyager-stripe-crew#Stripe,hard,0.01849710982658964
Riina,the-longline-cardi-1#GreyMarle,voyager-stripe-crew#Stripe,hard,0.022857142857142854
Riina,the-longline-cardi-1#GreyMarle,makeover-blouse#LimeGreen,hard,0.022857142857142854
Laura,summer-haze-top#Teal,cara-tee-2#Blush,hard,0.009805425338985667
Laura,summer-haze-top#Teal,cara-tee-2#WhiteBlk,hard,0.009805425338985667
Nadine,long-sleeve-layer-top#Navy,makeover-blouse#LimeGreen,hard,0.004790419161676662
Nadine,long-sleeve-layer-top#Navy,pure-merino-fine-rib-v-neck#Charcoal,hard,0.02127438771274388
Emma,long-sleeve-softly-swinging-bamboo-tee#Copper,voyager-stripe-crew#Stripe,hard,0.020689655172413834
Emma,long-sleeve-softly-swinging-bamboo-tee#Copper,makeover-blouse#LimeGreen,hard,0.020689655172413834
Laura,celestial-woven-top#White,cara-tee-2#Blush,hard,0.009805425338985667
Laura,celestial-woven-top#White,cara-tee-2#WhiteBlk,hard,0.009805425338985667
Clementine,the-v-split-blouse#Salmon,voyager-stripe-crew#Stripe,hard,0.022857142857142854
Clementine,the-v-split-blouse#Salmon,makeover-blouse#LimeGreen,hard,0.022857142857142854
Natalia,selene-cardigan#Ivy,voyager-stripe-crew#Stripe,hard,0.011764705882352955
Natalia,selene-cardigan#Ivy,makeover-blouse#LimeGreen,hard,0.011764705882352955
Gemma,meredith-78-oversized-pullover-knit#CameoRose,voyager-stripe-crew#Stripe,hard,0.025000000000000022
Gemma,meredith-78-oversized-pullover-knit#CameoRose,makeover-blouse#LimeGreen,hard,0.025000000000000022
Natalia,the-twist-front-top#Grey,voyager-stripe-crew#Stripe,hard,0.011764705882352955
Natalia,the-twist-front-top#Grey,makeover-blouse#LimeGreen,hard,0.011764705882352955
Marnee,sugar-snaps-layers-tank#SeaGreen,natural-textured-poncho#Deeprain,hard,0.026966292134831427
Marnee,sugar-snaps-layers-tank#SeaGreen,voyager-stripe-crew#Stripe,hard,0.02921348314606742
Miranda,the-pleated-sleeve-top#Sage,voyager-stripe-crew#Stripe,hard,0.01403508771929829
Miranda,the-pleated-sleeve-top#Sage,makeover-blouse#LimeGreen,hard,0.01403508771929829
Anna,the-cross-over-blouse#Sunshine,voyager-stripe-crew#Stripe,hard,0.022857142857142854
Anna,the-cross-over-blouse#Sunshine,makeover-blouse#LimeGreen,hard,0.022857142857142854
Natalie,sugar-snaps-layers-tank#SeaGreen,natural-textured-poncho#Deeprain,hard,0.0222222222222222
Natalie,sugar-snaps-layers-tank#SeaGreen,voyager-stripe-crew#Stripe,hard,0.03333333333333338
Amanda,the-panel-luxe-top#BlkWhite,natural-textured-poncho#Deeprain,hard,0.026966292134831427
Amanda,the-panel-luxe-top#BlkWhite,voyager-stripe-crew#Stripe,hard,0.02921348314606742
Riina,the-essential-layering-tee#White,voyager-stripe-crew#Stripe,hard,0.022857142857142854
Riina,the-essential-layering-tee#White,makeover-blouse#LimeGreen,hard,0.022857142857142854
Laura,westward-top#BotanicalD,cara-tee-2#Blush,hard,0.009805425338985667
Laura,westward-top#BotanicalD,cara-tee-2#WhiteBlk,hard,0.009805425338985667
Natalie,the-cut-out-shoulder-blouse#Salmon,natural-textured-poncho#Deeprain,hard,0.0222222222222222
Natalie,the-cut-out-shoulder-blouse#Salmon,voyager-stripe-crew#Stripe,hard,0.03333333333333338
Clementine,the-stella-tee#Marine,voyager-stripe-crew#Stripe,hard,0.022857142857142854
Clementine,the-stella-tee#Marine,makeover-blouse#LimeGreen,hard,0.022857142857142854
Georgia,sugar-snaps-throw-jacket#White,voyager-stripe-crew#Stripe,hard,0.011764705882352955
Georgia,sugar-snaps-throw-jacket#White,makeover-blouse#LimeGreen,hard,0.011764705882352955
Sophie,the-everyday-shirt#Cream,side-buttoned-sweater#Buttoned,hard,0.0011363636363636576
Sophie,the-everyday-shirt#Cream,the-tie-front-top#Navy,hard,0.017934149184149185
Fiona,falling-for-you-cardi#Teal,natural-textured-poncho#Deeprain,hard,0.0198895027624309
Fiona,falling-for-you-cardi#Teal,wonderland-blouse#Ink,hard,0.029034976521913555
Tia,softly-swinging-bamboo-tee#Starfish,the-panel-luxe-top#BlkWhite,hard,0.014767454441367485
Tia,softly-swinging-bamboo-tee#Starfish,the-panel-luxe-top#SilvWhite,hard,0.014767454441367485
Palatina,falling-for-you-cardi#Port,cara-tee-2#Blush,hard,0.02436008474699353
Palatina,falling-for-you-cardi#Port,cara-tee-2#WhiteBlk,hard,0.02436008474699353
Maddy,the-wrap-jersey-top#Charcoal,natural-textured-poncho#Deeprain,hard,0.026966292134831427
Maddy,the-wrap-jersey-top#Charcoal,voyager-stripe-crew#Stripe,hard,0.02921348314606742
Ljubenka,falling-for-you-cardi#Khaki,the-uneven-hem-knit-1#Sage,hard,0.02003205128205128
Ljubenka,falling-for-you-cardi#Khaki,natural-textured-poncho#Deeprain,hard,0.0222222222222222
Charlotte,natural-cosy-sweater#Rosered,voyager-stripe-crew#Stripe,hard,0.009467455621301801
Charlotte,natural-cosy-sweater#Rosered,makeover-blouse#LimeGreen,hard,0.009467455621301801
Fiona,sugar-snaps-round-neck-layer-tank#White,natural-textured-poncho#Deeprain,hard,0.0198895027624309
Fiona,sugar-snaps-round-neck-layer-tank#White,wonderland-blouse#Ink,hard,0.029034976521913555
Laura,melbourne-stretch-cardigan#NavyWhtStr,cara-tee-2#Blush,hard,0.009805425338985667
Laura,melbourne-stretch-cardigan#NavyWhtStr,cara-tee-2#WhiteBlk,hard,0.009805425338985667
Georgia,the-cotton-bamboo-tank#Moonbeam,voyager-stripe-crew#Stripe,hard,0.011764705882352955
Georgia,the-cotton-bamboo-tank#Moonbeam,makeover-blouse#LimeGreen,hard,0.011764705882352955
Marnee,on-the-horizon-swing-top-1#Khaki,natural-textured-poncho#Deeprain,hard,0.026966292134831427
Marnee,on-the-horizon-swing-top-1#Khaki,voyager-stripe-crew#Stripe,hard,0.02921348314606742
Mae-Lee,the-v-split-blouse#Salmon,side-buttoned-sweater#Buttoned,hard,0.0066981036406044
Mae-Lee,the-v-split-blouse#Salmon,voyager-stripe-crew#Stripe,hard,0.01849710982658964
Laura,belle-half-sleeve-forgiver-tunic#BlueBonnet,cara-tee-2#Blush,hard,0.009805425338985667
Laura,belle-half-sleeve-forgiver-tunic#BlueBonnet,cara-tee-2#WhiteBlk,hard,0.009805425338985667
Alex,jade-kimono-sweet-blossoms#Blue,voyager-stripe-crew#Stripe,hard,0.020689655172413834
Alex,jade-kimono-sweet-blossoms#Blue,makeover-blouse#LimeGreen,hard,0.020689655172413834
Helen,lenka-lurex-stripe-blouse#NavyGoldSt,voyager-stripe-crew#Stripe,hard,0.026062322946175664
Helen,lenka-lurex-stripe-blouse#NavyGoldSt,makeover-blouse#LimeGreen,hard,0.026062322946175664
Kate,belle-half-sleeve-forgiver-tunic#BlueBonnet,natural-textured-poncho#Deeprain,hard,0.0222222222222222
Kate,belle-half-sleeve-forgiver-tunic#BlueBonnet,animal-button-up-shirt#KhakiPrint,hard,0.024927577868754342
Laura,foil-spot-tee-1#Navy,cara-tee-2#Blush,hard,0.009805425338985667
Laura,foil-spot-tee-1#Navy,cara-tee-2#WhiteBlk,hard,0.009805425338985667
Chelsea,malibu-cardigan#Wine,voyager-stripe-crew#Stripe,hard,0.027118644067796627
Chelsea,malibu-cardigan#Wine,makeover-blouse#LimeGreen,hard,0.027118644067796627
Georgia,long-sleeve-softly-swinging-bamboo-tee#BlueJeans,voyager-stripe-crew#Stripe,hard,0.011764705882352955
Georgia,long-sleeve-softly-swinging-bamboo-tee#BlueJeans,makeover-blouse#LimeGreen,hard,0.011764705882352955
Palatina,2-in-1-layered-knit-top#Navy,cara-tee-2#Blush,hard,0.02436008474699353
Palatina,2-in-1-layered-knit-top#Navy,cara-tee-2#WhiteBlk,hard,0.02436008474699353
Clementine,the-sleeveless-cross-over-blouse#Chambray,voyager-stripe-crew#Stripe,hard,0.022857142857142854
Clementine,the-sleeveless-cross-over-blouse#Chambray,makeover-blouse#LimeGreen,hard,0.022857142857142854
Sophia,the-pleated-sleeve-top#Sage,cara-tee-2#Blush,hard,0.010112367541426632
Sophia,the-pleated-sleeve-top#Sage,cara-tee-2#WhiteBlk,hard,0.010112367541426632
Monique,the-asymmetrical-tank-top#HotPink,voyager-stripe-crew#Stripe,hard,0.022857142857142854
Monique,the-asymmetrical-tank-top#HotPink,makeover-blouse#LimeGreen,hard,0.022857142857142854
Mae-Lee,on-safari-blouse#Jewel,side-buttoned-sweater#Buttoned,hard,0.0066981036406044
Mae-Lee,on-safari-blouse#Jewel,voyager-stripe-crew#Stripe,hard,0.01849710982658964
Sophia,falling-for-you-cardi#Rust,cara-tee-2#Blush,hard,0.010112367541426632
Sophia,falling-for-you-cardi#Rust,cara-tee-2#WhiteBlk,hard,0.010112367541426632
Laura,long-sleeve-layer-top#White,cara-tee-2#Blush,hard,0.009805425338985667
Laura,long-sleeve-layer-top#White,cara-tee-2#WhiteBlk,hard,0.009805425338985667
Riina,the-cotton-cardi#Khaki,voyager-stripe-crew#Stripe,hard,0.022857142857142854
Riina,the-cotton-cardi#Khaki,makeover-blouse#LimeGreen,hard,0.022857142857142854
Maddy,the-stripe-pocket-tank#Stripe,natural-textured-poncho#Deeprain,hard,0.026966292134831427
Maddy,the-stripe-pocket-tank#Stripe,voyager-stripe-crew#Stripe,hard,0.02921348314606742
Lisa,out-of-my-mind-scallop-knit#GreyMarle,voyager-stripe-crew#Stripe,hard,0.020689655172413834
Lisa,out-of-my-mind-scallop-knit#GreyMarle,makeover-blouse#LimeGreen,hard,0.020689655172413834
Laura,long-sleeve-tee-2#NavyWhite,cara-tee-2#Blush,hard,0.009805425338985667
Laura,long-sleeve-tee-2#NavyWhite,cara-tee-2#WhiteBlk,hard,0.009805425338985667
Anna,the-sleeveless-cross-over-blouse#Salmon,voyager-stripe-crew#Stripe,hard,0.022857142857142854
Anna,the-sleeveless-cross-over-blouse#Salmon,makeover-blouse#LimeGreen,hard,0.022857142857142854
Laura,the-half-sleeve-tee#White,cara-tee-2#Blush,hard,0.009805425338985667
Laura,the-half-sleeve-tee#White,cara-tee-2#WhiteBlk,hard,0.009805425338985667
Summer,weekend-tunic#Navy,voyager-stripe-crew#Stripe,hard,0.025000000000000022
Summer,weekend-tunic#Navy,natural-textured-poncho#Deeprain,hard,0.0318181818181818
Jess,falling-for-you-cardi#Mustard,cara-tee-2#Blush,hard,0.02465728715728717
Jess,falling-for-you-cardi#Mustard,cara-tee-2#WhiteBlk,hard,0.02465728715728717
Mae-Lee,the-on-or-off-the-shoulder-top#Pink,side-buttoned-sweater#Buttoned,hard,0.0066981036406044
Mae-Lee,the-on-or-off-the-shoulder-top#Pink,voyager-stripe-crew#Stripe,hard,0.01849710982658964
Stefania,the-check-pullover#PinkCheck,voyager-stripe-crew#Stripe,hard,0.016279069767441867
Stefania,the-check-pullover#PinkCheck,makeover-blouse#LimeGreen,hard,0.016279069767441867
Jess,falling-for-you-cardi#Navy,cara-tee-2#Blush,hard,0.02465728715728717
Jess,falling-for-you-cardi#Navy,cara-tee-2#WhiteBlk,hard,0.02465728715728717
Chelsea,the-tie-front-top#Black,voyager-stripe-crew#Stripe,hard,0.027118644067796627
Chelsea,the-tie-front-top#Black,makeover-blouse#LimeGreen,hard,0.027118644067796627
Stacey,layer-me-bamboo-rouched-sleeve-tee#White,makeover-blouse#LimeGreen,hard,0.009467455621301801
Stacey,layer-me-bamboo-rouched-sleeve-tee#White,cara-tee-2#Blush,hard,0.04007527669805984
Ljubenka,softly-swinging-bamboo-singlet#Cashew,the-uneven-hem-knit-1#Sage,hard,0.02003205128205128
Ljubenka,softly-swinging-bamboo-singlet#Cashew,natural-textured-poncho#Deeprain,hard,0.0222222222222222
Maddy,the-relaxed-long-sleeve-tee#Khaki,natural-textured-poncho#Deeprain,hard,0.026966292134831427
Maddy,the-relaxed-long-sleeve-tee#Khaki,voyager-stripe-crew#Stripe,hard,0.02921348314606742
Fiona,belle-ls-free-fall-tee#Blush,natural-textured-poncho#Deeprain,hard,0.0198895027624309
Fiona,belle-ls-free-fall-tee#Blush,wonderland-blouse#Ink,hard,0.029034976521913555
Georgia,summer-haze-top#Teal,voyager-stripe-crew#Stripe,hard,0.011764705882352955
Georgia,summer-haze-top#Teal,makeover-blouse#LimeGreen,hard,0.011764705882352955
Summer,tie-back-bell-sleeve-top-5#Summerbud,voyager-stripe-crew#Stripe,hard,0.025000000000000022
Summer,tie-back-bell-sleeve-top-5#Summerbud,natural-textured-poncho#Deeprain,hard,0.0318181818181818
Amanda,the-soft-overlay-top#Pink,natural-textured-poncho#Deeprain,hard,0.026966292134831427
Amanda,the-soft-overlay-top#Pink,voyager-stripe-crew#Stripe,hard,0.02921348314606742
Georgia,the-cotton-bamboo-tank#Chambray,voyager-stripe-crew#Stripe,hard,0.011764705882352955
Georgia,the-cotton-bamboo-tank#Chambray,makeover-blouse#LimeGreen,hard,0.011764705882352955
Anna Maria,falling-for-you-cardi#Rust,natural-textured-poncho#Deeprain,hard,0.024581005586592153
Anna Maria,falling-for-you-cardi#Rust,voyager-stripe-crew#Stripe,hard,0.03128491620111734
Ljubenka,the-bonded-cotton-shirt#Pink,the-uneven-hem-knit-1#Sage,hard,0.02003205128205128
Ljubenka,the-bonded-cotton-shirt#Pink,natural-textured-poncho#Deeprain,hard,0.0222222222222222
Maddy,the-cross-over-blouse#Sunshine,natural-textured-poncho#Deeprain,hard,0.026966292134831427
Maddy,the-cross-over-blouse#Sunshine,voyager-stripe-crew#Stripe,hard,0.02921348314606742
Kate,belle-half-sleeve-forgiver-tunic#FlamPink,natural-textured-poncho#Deeprain,hard,0.0222222222222222
Kate,belle-half-sleeve-forgiver-tunic#FlamPink,animal-button-up-shirt#KhakiPrint,hard,0.024927577868754342
Ljubenka,wrap-me-up-bamboo-top#BlueJeans,the-uneven-hem-knit-1#Sage,hard,0.02003205128205128
Ljubenka,wrap-me-up-bamboo-top#BlueJeans,natural-textured-poncho#Deeprain,hard,0.0222222222222222
Jess,lurex-stitch-top#White,cara-tee-2#Blush,hard,0.02465728715728717
Jess,lurex-stitch-top#White,cara-tee-2#WhiteBlk,hard,0.02465728715728717
Marnee,the-everyday-shirt#Cream,natural-textured-poncho#Deeprain,hard,0.026966292134831427
Marnee,the-everyday-shirt#Cream,voyager-stripe-crew#Stripe,hard,0.02921348314606742
Jess,belle-twist-front-tee-1#Black,cara-tee-2#Blush,hard,0.02465728715728717
Jess,belle-twist-front-tee-1#Black,cara-tee-2#WhiteBlk,hard,0.02465728715728717
Mandy,nuzuri-longline-cardi#Forest,voyager-stripe-crew#Stripe,hard,0.012499999999999956
Mandy,nuzuri-longline-cardi#Forest,makeover-blouse#LimeGreen,hard,0.012499999999999956
Laura,hannah-tee-1#RedWhite,cara-tee-2#Blush,hard,0.009805425338985667
Laura,hannah-tee-1#RedWhite,cara-tee-2#WhiteBlk,hard,0.009805425338985667
Fiona,fern-print-top#Navy,natural-textured-poncho#Deeprain,hard,0.0198895027624309
Fiona,fern-print-top#Navy,wonderland-blouse#Ink,hard,0.029034976521913555
Marnee,butterfly-kisses-tee#Stripe,natural-textured-poncho#Deeprain,hard,0.026966292134831427
Marnee,butterfly-kisses-tee#Stripe,voyager-stripe-crew#Stripe,hard,0.02921348314606742
Palatina,moonlight-kisses-bamboo-tee#Saffron,cara-tee-2#Blush,hard,0.02436008474699353
Palatina,moonlight-kisses-bamboo-tee#Saffron,cara-tee-2#WhiteBlk,hard,0.02436008474699353
Riina,the-relaxed-long-sleeve-tee#White,voyager-stripe-crew#Stripe,hard,0.022857142857142854
Riina,the-relaxed-long-sleeve-tee#White,makeover-blouse#LimeGreen,hard,0.022857142857142854
Natalia,napoleon-top-1#NemoBlue,voyager-stripe-crew#Stripe,hard,0.011764705882352955
Natalia,napoleon-top-1#NemoBlue,makeover-blouse#LimeGreen,hard,0.011764705882352955
Emma,the-relaxed-long-sleeve-tee#Black,voyager-stripe-crew#Stripe,hard,0.020689655172413834
Emma,the-relaxed-long-sleeve-tee#Black,makeover-blouse#LimeGreen,hard,0.020689655172413834
Riina,the-double-layer-top#White,voyager-stripe-crew#Stripe,hard,0.022857142857142854
Riina,the-double-layer-top#White,makeover-blouse#LimeGreen,hard,0.022857142857142854
Gemma,relaxed-v-neck-knit#Silver,voyager-stripe-crew#Stripe,hard,0.025000000000000022
Gemma,relaxed-v-neck-knit#Silver,makeover-blouse#LimeGreen,hard,0.025000000000000022
Riina,agra-shirt#White,voyager-stripe-crew#Stripe,hard,0.022857142857142854
Riina,agra-shirt#White,makeover-blouse#LimeGreen,hard,0.022857142857142854
Summer,layered-tee-2#White,voyager-stripe-crew#Stripe,hard,0.025000000000000022
Summer,layered-tee-2#White,natural-textured-poncho#Deeprain,hard,0.0318181818181818
Mae-Lee,long-sleeve-softly-swinging-bamboo-tee#White,side-buttoned-sweater#Buttoned,hard,0.0066981036406044
Mae-Lee,long-sleeve-softly-swinging-bamboo-tee#White,voyager-stripe-crew#Stripe,hard,0.01849710982658964
Mercy,belle-v-neck-forgiver-tunic#DenimMarl,voyager-stripe-crew#Stripe,hard,0.01849710982658964
Mercy,belle-v-neck-forgiver-tunic#DenimMarl,makeover-blouse#LimeGreen,hard,0.01849710982658964
Lauren,the-pirate-in-me-shirt#White,side-buttoned-sweater#Buttoned,hard,0.010019841269841278
Lauren,the-pirate-in-me-shirt#White,voyager-stripe-crew#Stripe,hard,0.03333333333333338
Marnee,falling-for-you-cardi#Rust,natural-textured-poncho#Deeprain,hard,0.026966292134831427
Marnee,falling-for-you-cardi#Rust,voyager-stripe-crew#Stripe,hard,0.02921348314606742
Ljubenka,summer-whispers-kimono-1#Peacock,the-uneven-hem-knit-1#Sage,hard,0.02003205128205128
Ljubenka,summer-whispers-kimono-1#Peacock,natural-textured-poncho#Deeprain,hard,0.0222222222222222
Chelsea,millie-top#WhiteBlk,voyager-stripe-crew#Stripe,hard,0.027118644067796627
Chelsea,millie-top#WhiteBlk,makeover-blouse#LimeGreen,hard,0.027118644067796627
Jess,long-sleeve-softly-swinging-bamboo-tee#TeaRose,cara-tee-2#Blush,hard,0.02465728715728717
Jess,long-sleeve-softly-swinging-bamboo-tee#TeaRose,cara-tee-2#WhiteBlk,hard,0.02465728715728717
Amanda,the-spotted-tunic#GreySpot,natural-textured-poncho#Deeprain,hard,0.026966292134831427
Amanda,the-spotted-tunic#GreySpot,voyager-stripe-crew#Stripe,hard,0.02921348314606742
Madeline,print-tee-3#Music,voyager-stripe-crew#Stripe,hard,0.03128491620111734
Madeline,print-tee-3#Music,makeover-blouse#LimeGreen,hard,0.03128491620111734
Gemma,stripe-sweater-2#Blue,voyager-stripe-crew#Stripe,hard,0.025000000000000022
Gemma,stripe-sweater-2#Blue,makeover-blouse#LimeGreen,hard,0.025000000000000022
Georgia,runaway-top#JetBlack,voyager-stripe-crew#Stripe,hard,0.011764705882352955
Georgia,runaway-top#JetBlack,makeover-blouse#LimeGreen,hard,0.011764705882352955
Jess,belle-mesh-cardi#Black,cara-tee-2#Blush,hard,0.02465728715728717
Jess,belle-mesh-cardi#Black,cara-tee-2#WhiteBlk,hard,0.02465728715728717
Fiona,long-sleeve-softly-swinging-bamboo-tee#TeaRose,natural-textured-poncho#Deeprain,hard,0.0198895027624309
Fiona,long-sleeve-softly-swinging-bamboo-tee#TeaRose,wonderland-blouse#Ink,hard,0.029034976521913555
Nathalie,the-wrap-jersey-top#PortSpot,voyager-stripe-crew#Stripe,hard,0.01403508771929829
Nathalie,the-wrap-jersey-top#PortSpot,makeover-blouse#LimeGreen,hard,0.01403508771929829
Perrie,wildflower-shirt#White,natural-textured-poncho#Deeprain,hard,0.024581005586592153
Perrie,wildflower-shirt#White,voyager-stripe-crew#Stripe,hard,0.03128491620111734
Fiona,the-dobby-sleeve-tee#White,natural-textured-poncho#Deeprain,hard,0.0198895027624309
Fiona,the-dobby-sleeve-tee#White,wonderland-blouse#Ink,hard,0.029034976521913555
Sophie,belle-half-sleeve-forgiver-tunic#Apricot,side-buttoned-sweater#Buttoned,hard,0.0011363636363636576
Sophie,belle-half-sleeve-forgiver-tunic#Apricot,the-tie-front-top#Navy,hard,0.017934149184149185
Stefania,the-relaxed-long-sleeve-tee#Pink,voyager-stripe-crew#Stripe,hard,0.016279069767441867
Stefania,the-relaxed-long-sleeve-tee#Pink,makeover-blouse#LimeGreen,hard,0.016279069767441867
Mercy,belle-v-neck-forgiver-tunic#White,voyager-stripe-crew#Stripe,hard,0.01849710982658964
Mercy,belle-v-neck-forgiver-tunic#White,makeover-blouse#LimeGreen,hard,0.01849710982658964
Georgia,softly-swinging-bamboo-tee#Copper,voyager-stripe-crew#Stripe,hard,0.011764705882352955
Georgia,softly-swinging-bamboo-tee#Copper,makeover-blouse#LimeGreen,hard,0.011764705882352955
Laura,sugar-snaps-layers-tank#White,cara-tee-2#Blush,hard,0.009805425338985667
Laura,sugar-snaps-layers-tank#White,cara-tee-2#WhiteBlk,hard,0.009805425338985667
Jess,sunshine-in-me-tee-1#GreyMarle,cara-tee-2#Blush,hard,0.02465728715728717
Jess,sunshine-in-me-tee-1#GreyMarle,cara-tee-2#WhiteBlk,hard,0.02465728715728717
Nathalie,on-the-open-road-maxi-shirt#DarkOchre,voyager-stripe-crew#Stripe,hard,0.01403508771929829
Nathalie,on-the-open-road-maxi-shirt#DarkOchre,makeover-blouse#LimeGreen,hard,0.01403508771929829
Emma,the-drape-tee-1#White,voyager-stripe-crew#Stripe,hard,0.020689655172413834
Emma,the-drape-tee-1#White,makeover-blouse#LimeGreen,hard,0.020689655172413834
Marnee,summer-breeze-top-1#White,natural-textured-poncho#Deeprain,hard,0.026966292134831427
Marnee,summer-breeze-top-1#White,voyager-stripe-crew#Stripe,hard,0.02921348314606742
Tia,the-cross-over-blouse#Silver,the-panel-luxe-top#BlkWhite,hard,0.014767454441367485
Tia,the-cross-over-blouse#Silver,the-panel-luxe-top#SilvWhite,hard,0.014767454441367485
Denniel,the-cross-over-blouse#RoyalBlue,natural-textured-poncho#Deeprain,hard,0.026966292134831427
Denniel,the-cross-over-blouse#RoyalBlue,voyager-stripe-crew#Stripe,hard,0.02921348314606742
Georgia,flow-with-me-slouch-top#Brick,voyager-stripe-crew#Stripe,hard,0.011764705882352955
Georgia,flow-with-me-slouch-top#Brick,makeover-blouse#LimeGreen,hard,0.011764705882352955
Gemma,billow-top#Peach,voyager-stripe-crew#Stripe,hard,0.025000000000000022
Gemma,billow-top#Peach,makeover-blouse#LimeGreen,hard,0.025000000000000022
Miranda,the-boat-neck-top#Navy,voyager-stripe-crew#Stripe,hard,0.01403508771929829
Miranda,the-boat-neck-top#Navy,makeover-blouse#LimeGreen,hard,0.01403508771929829
Stefania,the-high-low-drape-tee#Sage,voyager-stripe-crew#Stripe,hard,0.016279069767441867
Stefania,the-high-low-drape-tee#Sage,makeover-blouse#LimeGreen,hard,0.016279069767441867
Mae-Lee,the-cotton-bamboo-tee#DuckEgg,side-buttoned-sweater#Buttoned,hard,0.0066981036406044
Mae-Lee,the-cotton-bamboo-tee#DuckEgg,voyager-stripe-crew#Stripe,hard,0.01849710982658964
Georgia,wrap-me-up-bamboo-top#BlueJeans,voyager-stripe-crew#Stripe,hard,0.011764705882352955
Georgia,wrap-me-up-bamboo-top#BlueJeans,makeover-blouse#LimeGreen,hard,0.011764705882352955
Laura,falling-for-you-cardi#Dusty,cara-tee-2#Blush,hard,0.009805425338985667
Laura,falling-for-you-cardi#Dusty,cara-tee-2#WhiteBlk,hard,0.009805425338985667
Amanda,the-colour-block-pullover#Sage,natural-textured-poncho#Deeprain,hard,0.026966292134831427
Amanda,the-colour-block-pullover#Sage,voyager-stripe-crew#Stripe,hard,0.02921348314606742
Natalie,the-batwing-tee#Black,natural-textured-poncho#Deeprain,hard,0.0222222222222222
Natalie,the-batwing-tee#Black,voyager-stripe-crew#Stripe,hard,0.03333333333333338
Jess,tracie-top#Black,cara-tee-2#Blush,hard,0.02465728715728717
Jess,tracie-top#Black,cara-tee-2#WhiteBlk,hard,0.02465728715728717
Jess,belle-handkerchief-printed-cami#RustFlwrs,cara-tee-2#Blush,hard,0.02465728715728717
Jess,belle-handkerchief-printed-cami#RustFlwrs,cara-tee-2#WhiteBlk,hard,0.02465728715728717
Stacey,the-cotton-cardi#Navy,makeover-blouse#LimeGreen,hard,0.009467455621301801
Stacey,the-cotton-cardi#Navy,cara-tee-2#Blush,hard,0.04007527669805984
Summer,side-buttoned-sweater#Buttoned,voyager-stripe-crew#Stripe,hard,0.025000000000000022
Summer,side-buttoned-sweater#Buttoned,natural-textured-poncho#Deeprain,hard,0.0318181818181818
Riina,the-tie-layering-knit#Grey,voyager-stripe-crew#Stripe,hard,0.022857142857142854
Riina,the-tie-layering-knit#Grey,makeover-blouse#LimeGreen,hard,0.022857142857142854
Summer,fundamental-rib-long-sleeve-tee#White,voyager-stripe-crew#Stripe,hard,0.025000000000000022
Summer,fundamental-rib-long-sleeve-tee#White,natural-textured-poncho#Deeprain,hard,0.0318181818181818
Stefania,the-blouson-sleeve-jumper#Navy,voyager-stripe-crew#Stripe,hard,0.016279069767441867
Stefania,the-blouson-sleeve-jumper#Navy,makeover-blouse#LimeGreen,hard,0.016279069767441867
Miranda,the-relax-blouse#White,voyager-stripe-crew#Stripe,hard,0.01403508771929829
Miranda,the-relax-blouse#White,makeover-blouse#LimeGreen,hard,0.01403508771929829
Georgia,on-safari-blouse#Jewel,voyager-stripe-crew#Stripe,hard,0.011764705882352955
Georgia,on-safari-blouse#Jewel,makeover-blouse#LimeGreen,hard,0.011764705882352955
Jess,fern-print-top#Navy,cara-tee-2#Blush,hard,0.02465728715728717
Jess,fern-print-top#Navy,cara-tee-2#WhiteBlk,hard,0.02465728715728717
Tia,the-cotton-bamboo-tank#Moonbeam,the-panel-luxe-top#BlkWhite,hard,0.014767454441367485
Tia,the-cotton-bamboo-tank#Moonbeam,the-panel-luxe-top#SilvWhite,hard,0.014767454441367485
Mercy,belle-v-neck-forgiver-tunic#ArmyGreen,voyager-stripe-crew#Stripe,hard,0.01849710982658964
Mercy,belle-v-neck-forgiver-tunic#ArmyGreen,makeover-blouse#LimeGreen,hard,0.01849710982658964
Fiona,viola-kimono-radiant-floral#Grey,natural-textured-poncho#Deeprain,hard,0.0198895027624309
Fiona,viola-kimono-radiant-floral#Grey,wonderland-blouse#Ink,hard,0.029034976521913555
Tia,the-everyday-shirt#Pink,the-panel-luxe-top#BlkWhite,hard,0.014767454441367485
Tia,the-everyday-shirt#Pink,the-panel-luxe-top#SilvWhite,hard,0.014767454441367485
Madeline,kimono-top-36#BlueMarle,voyager-stripe-crew#Stripe,hard,0.03128491620111734
Madeline,kimono-top-36#BlueMarle,makeover-blouse#LimeGreen,hard,0.03128491620111734
Mae-Lee,belle-v-neck-forgiver-tunic#Black,side-buttoned-sweater#Buttoned,hard,0.0066981036406044
Mae-Lee,belle-v-neck-forgiver-tunic#Black,voyager-stripe-crew#Stripe,hard,0.01849710982658964
Kate,the-batwing-tee#Black,natural-textured-poncho#Deeprain,hard,0.0222222222222222
Kate,the-batwing-tee#Black,animal-button-up-shirt#KhakiPrint,hard,0.024927577868754342
Jess,the-stripe-tank-1#Hazelnut,cara-tee-2#Blush,hard,0.02465728715728717
Jess,the-stripe-tank-1#Hazelnut,cara-tee-2#WhiteBlk,hard,0.02465728715728717
Gemma,tab-sleeve-longline-shirt#Silver,voyager-stripe-crew#Stripe,hard,0.025000000000000022
Gemma,tab-sleeve-longline-shirt#Silver,makeover-blouse#LimeGreen,hard,0.025000000000000022
Nadine,long-sleeve-layer-top#White,makeover-blouse#LimeGreen,hard,0.004790419161676662
Nadine,long-sleeve-layer-top#White,pure-merino-fine-rib-v-neck#Charcoal,hard,0.02127438771274388
Maddy,the-cut-out-shoulder-blouse#White,natural-textured-poncho#Deeprain,hard,0.026966292134831427
Maddy,the-cut-out-shoulder-blouse#White,voyager-stripe-crew#Stripe,hard,0.02921348314606742
Monique,hannah-tee-1#RedWhite,voyager-stripe-crew#Stripe,hard,0.022857142857142854
Monique,hannah-tee-1#RedWhite,makeover-blouse#LimeGreen,hard,0.022857142857142854
Laura,sugar-snaps-layers-tank#SeaGreen,cara-tee-2#Blush,hard,0.009805425338985667
Laura,sugar-snaps-layers-tank#SeaGreen,cara-tee-2#WhiteBlk,hard,0.009805425338985667
Gemma,rose-shirt#BlueIllusi,voyager-stripe-crew#Stripe,hard,0.025000000000000022
Gemma,rose-shirt#BlueIllusi,makeover-blouse#LimeGreen,hard,0.025000000000000022
Lauren,the-contrast-knit-1#Navy,side-buttoned-sweater#Buttoned,hard,0.010019841269841278
Lauren,the-contrast-knit-1#Navy,voyager-stripe-crew#Stripe,hard,0.03333333333333338
Laura,the-cross-over-blouse#Black,cara-tee-2#Blush,hard,0.009805425338985667
Laura,the-cross-over-blouse#Black,cara-tee-2#WhiteBlk,hard,0.009805425338985667
Shadae,fundamental-split-hoodie#Pink,voyager-stripe-crew#Stripe,hard,0.027118644067796627
Shadae,fundamental-split-hoodie#Pink,makeover-blouse#LimeGreen,hard,0.027118644067796627
Jess,hem-frill-stripe-top#Frilled,cara-tee-2#Blush,hard,0.02465728715728717
Jess,hem-frill-stripe-top#Frilled,cara-tee-2#WhiteBlk,hard,0.02465728715728717
Stefania,roll-with-me-jumper#Chalk,voyager-stripe-crew#Stripe,hard,0.016279069767441867
Stefania,roll-with-me-jumper#Chalk,makeover-blouse#LimeGreen,hard,0.016279069767441867
Jess,the-sleeveless-cross-over-blouse#Cobalt,cara-tee-2#Blush,hard,0.02465728715728717
Jess,the-sleeveless-cross-over-blouse#Cobalt,cara-tee-2#WhiteBlk,hard,0.02465728715728717
Nadine,runaway-top#JetBlack,makeover-blouse#LimeGreen,hard,0.004790419161676662
Nadine,runaway-top#JetBlack,pure-merino-fine-rib-v-neck#Charcoal,hard,0.02127438771274388
Mae-Lee,the-drape-tee-1#Navy,side-buttoned-sweater#Buttoned,hard,0.0066981036406044
Mae-Lee,the-drape-tee-1#Navy,voyager-stripe-crew#Stripe,hard,0.01849710982658964
Denniel,the-cross-over-blouse#Red,natural-textured-poncho#Deeprain,hard,0.026966292134831427
Denniel,the-cross-over-blouse#Red,voyager-stripe-crew#Stripe,hard,0.02921348314606742
Jude,striped-cardigan-3#Rainbow,voyager-stripe-crew#Stripe,hard,0.022857142857142854
Jude,striped-cardigan-3#Rainbow,makeover-blouse#LimeGreen,hard,0.022857142857142854
Georgia,sugar-snaps-round-neck-layer-tank#White,voyager-stripe-crew#Stripe,hard,0.011764705882352955
Georgia,sugar-snaps-round-neck-layer-tank#White,makeover-blouse#LimeGreen,hard,0.011764705882352955
Clementine,the-sleeveless-cross-over-blouse#Salmon,voyager-stripe-crew#Stripe,hard,0.022857142857142854
Clementine,the-sleeveless-cross-over-blouse#Salmon,makeover-blouse#LimeGreen,hard,0.022857142857142854
Georgia,sugar-snaps-layers-tank#NewBeige,voyager-stripe-crew#Stripe,hard,0.011764705882352955
Georgia,sugar-snaps-layers-tank#NewBeige,makeover-blouse#LimeGreen,hard,0.011764705882352955
Amanda,the-soft-knit-jumper#NavyStripe,natural-textured-poncho#Deeprain,hard,0.026966292134831427
Amanda,the-soft-knit-jumper#NavyStripe,voyager-stripe-crew#Stripe,hard,0.02921348314606742
Anna,the-short-sleeve-wrap-jersey-top#NavyWhite,voyager-stripe-crew#Stripe,hard,0.022857142857142854
Anna,the-short-sleeve-wrap-jersey-top#NavyWhite,makeover-blouse#LimeGreen,hard,0.022857142857142854
Emma,the-bamboo-tunic-dress#Khaki,voyager-stripe-crew#Stripe,hard,0.020689655172413834
Emma,the-bamboo-tunic-dress#Khaki,makeover-blouse#LimeGreen,hard,0.020689655172413834
Gemma,moonlight-kisses-bamboo-tee#Saffron,voyager-stripe-crew#Stripe,hard,0.025000000000000022
Gemma,moonlight-kisses-bamboo-tee#Saffron,makeover-blouse#LimeGreen,hard,0.025000000000000022
Sophia,sugar-snaps-throw-jacket#White,cara-tee-2#Blush,hard,0.010112367541426632
Sophia,sugar-snaps-throw-jacket#White,cara-tee-2#WhiteBlk,hard,0.010112367541426632
Kate,the-batwing-tee#Sea,natural-textured-poncho#Deeprain,hard,0.0222222222222222
Kate,the-batwing-tee#Sea,animal-button-up-shirt#KhakiPrint,hard,0.024927577868754342
Jess,falling-for-you-cardi#Rust,cara-tee-2#Blush,hard,0.02465728715728717
Jess,falling-for-you-cardi#Rust,cara-tee-2#WhiteBlk,hard,0.02465728715728717
Amanda,the-tie-detail-hoody#FrenchBlue,natural-textured-poncho#Deeprain,hard,0.026966292134831427
Amanda,the-tie-detail-hoody#FrenchBlue,voyager-stripe-crew#Stripe,hard,0.02921348314606742
Jess,long-sleeve-ruffle-shirt#White,cara-tee-2#Blush,hard,0.02465728715728717
Jess,long-sleeve-ruffle-shirt#White,cara-tee-2#WhiteBlk,hard,0.02465728715728717
Tia,softly-swinging-bamboo-tee#TeaRose,the-panel-luxe-top#BlkWhite,hard,0.014767454441367485
Tia,softly-swinging-bamboo-tee#TeaRose,the-panel-luxe-top#SilvWhite,hard,0.014767454441367485
Jess,belle-v-neck-forgiver-tunic#Black,cara-tee-2#Blush,hard,0.02465728715728717
Jess,belle-v-neck-forgiver-tunic#Black,cara-tee-2#WhiteBlk,hard,0.02465728715728717
Jess,long-sleeve-softly-swinging-bamboo-tee#Black,cara-tee-2#Blush,hard,0.02465728715728717
Jess,long-sleeve-softly-swinging-bamboo-tee#Black,cara-tee-2#WhiteBlk,hard,0.02465728715728717
Fiona,falling-for-you-cardi#GreyMarle,natural-textured-poncho#Deeprain,hard,0.0198895027624309
Fiona,falling-for-you-cardi#GreyMarle,wonderland-blouse#Ink,hard,0.029034976521913555
Laura,messina-v-neck-tee#White,cara-tee-2#Blush,hard,0.009805425338985667
Laura,messina-v-neck-tee#White,cara-tee-2#WhiteBlk,hard,0.009805425338985667
Anna,the-sleeveless-cross-over-blouse#Mint,voyager-stripe-crew#Stripe,hard,0.022857142857142854
Anna,the-sleeveless-cross-over-blouse#Mint,makeover-blouse#LimeGreen,hard,0.022857142857142854
Tia,sugar-snaps-layers-tank#DeepCobalt,the-panel-luxe-top#BlkWhite,hard,0.014767454441367485
Tia,sugar-snaps-layers-tank#DeepCobalt,the-panel-luxe-top#SilvWhite,hard,0.014767454441367485
Riina,the-stripe-jersey-top#Pink,voyager-stripe-crew#Stripe,hard,0.022857142857142854
Riina,the-stripe-jersey-top#Pink,makeover-blouse#LimeGreen,hard,0.022857142857142854
Stacey,the-soft-knit-jumper#PinkStripe,makeover-blouse#LimeGreen,hard,0.009467455621301801
Stacey,the-soft-knit-jumper#PinkStripe,cara-tee-2#Blush,hard,0.04007527669805984
Tia,layered-tee-2#Black,the-panel-luxe-top#BlkWhite,hard,0.014767454441367485
Tia,layered-tee-2#Black,the-panel-luxe-top#SilvWhite,hard,0.014767454441367485
Laura,the-on-or-off-the-shoulder-top#Pink,cara-tee-2#Blush,hard,0.009805425338985667
Laura,the-on-or-off-the-shoulder-top#Pink,cara-tee-2#WhiteBlk,hard,0.009805425338985667
Emma,belle-v-neck-forgiver-tunic#ArmyGreen,voyager-stripe-crew#Stripe,hard,0.020689655172413834
Emma,belle-v-neck-forgiver-tunic#ArmyGreen,makeover-blouse#LimeGreen,hard,0.020689655172413834
Anna,the-everyday-shirt#Black,voyager-stripe-crew#Stripe,hard,0.022857142857142854
Anna,the-everyday-shirt#Black,makeover-blouse#LimeGreen,hard,0.022857142857142854
Laura,cross-my-heart-sweater#Regal,cara-tee-2#Blush,hard,0.009805425338985667
Laura,cross-my-heart-sweater#Regal,cara-tee-2#WhiteBlk,hard,0.009805425338985667
Tia,soho-ruffle-jumper#OatmealMar,the-panel-luxe-top#BlkWhite,hard,0.014767454441367485
Tia,soho-ruffle-jumper#OatmealMar,the-panel-luxe-top#SilvWhite,hard,0.014767454441367485
Alex,the-sleeveless-cross-over-blouse#Salmon,voyager-stripe-crew#Stripe,hard,0.020689655172413834
Alex,the-sleeveless-cross-over-blouse#Salmon,makeover-blouse#LimeGreen,hard,0.020689655172413834
Denniel,the-cross-over-blouse#Mint,natural-textured-poncho#Deeprain,hard,0.026966292134831427
Denniel,the-cross-over-blouse#Mint,voyager-stripe-crew#Stripe,hard,0.02921348314606742
Anna,the-relaxed-long-sleeve-tee#White,voyager-stripe-crew#Stripe,hard,0.022857142857142854
Anna,the-relaxed-long-sleeve-tee#White,makeover-blouse#LimeGreen,hard,0.022857142857142854
Marnee,be-mine-top-1#Sage,natural-textured-poncho#Deeprain,hard,0.026966292134831427
Marnee,be-mine-top-1#Sage,voyager-stripe-crew#Stripe,hard,0.02921348314606742
Natalie,the-cross-over-blouse#Silver,natural-textured-poncho#Deeprain,hard,0.0222222222222222
Natalie,the-cross-over-blouse#Silver,voyager-stripe-crew#Stripe,hard,0.03333333333333338
Gemma,falling-for-you-cardi#Dusty,voyager-stripe-crew#Stripe,hard,0.025000000000000022
Gemma,falling-for-you-cardi#Dusty,makeover-blouse#LimeGreen,hard,0.025000000000000022
Fiona,cover-up-slouch-cardi#Alloy,natural-textured-poncho#Deeprain,hard,0.0198895027624309
Fiona,cover-up-slouch-cardi#Alloy,wonderland-blouse#Ink,hard,0.029034976521913555
Jess,natural-classic-cardigan#Pebble,cara-tee-2#Blush,hard,0.02465728715728717
Jess,natural-classic-cardigan#Pebble,cara-tee-2#WhiteBlk,hard,0.02465728715728717
Marnee,long-sleeve-softly-swinging-bamboo-tee#BlueJeans,natural-textured-poncho#Deeprain,hard,0.026966292134831427
Marnee,long-sleeve-softly-swinging-bamboo-tee#BlueJeans,voyager-stripe-crew#Stripe,hard,0.02921348314606742
Gemma,chasing-birds-blouse#White,voyager-stripe-crew#Stripe,hard,0.025000000000000022
Gemma,chasing-birds-blouse#White,makeover-blouse#LimeGreen,hard,0.025000000000000022
Sophia,meredith-78-oversized-pullover-knit#CameoRose,cara-tee-2#Blush,hard,0.010112367541426632
Sophia,meredith-78-oversized-pullover-knit#CameoRose,cara-tee-2#WhiteBlk,hard,0.010112367541426632
Fiona,rising-mist-jumper#Nickel,natural-textured-poncho#Deeprain,hard,0.0198895027624309
Fiona,rising-mist-jumper#Nickel,wonderland-blouse#Ink,hard,0.029034976521913555
Laura,manhattan-stretch-tee#White,cara-tee-2#Blush,hard,0.009805425338985667
Laura,manhattan-stretch-tee#White,cara-tee-2#WhiteBlk,hard,0.009805425338985667
Stacey,the-cotton-blend-stripe-jumper#BlueStripe,makeover-blouse#LimeGreen,hard,0.009467455621301801
Stacey,the-cotton-blend-stripe-jumper#BlueStripe,cara-tee-2#Blush,hard,0.04007527669805984
Mercy,belle-mid-length-knit-cardi#Black,voyager-stripe-crew#Stripe,hard,0.01849710982658964
Mercy,belle-mid-length-knit-cardi#Black,makeover-blouse#LimeGreen,hard,0.01849710982658964
Summer,splice-knit-1#Multi,voyager-stripe-crew#Stripe,hard,0.025000000000000022
Summer,splice-knit-1#Multi,natural-textured-poncho#Deeprain,hard,0.0318181818181818
Jess,the-short-sleeve-wrap-jersey-top#Emerald,cara-tee-2#Blush,hard,0.02465728715728717
Jess,the-short-sleeve-wrap-jersey-top#Emerald,cara-tee-2#WhiteBlk,hard,0.02465728715728717
Natalia,messina-knit#Cognac,voyager-stripe-crew#Stripe,hard,0.011764705882352955
Natalia,messina-knit#Cognac,makeover-blouse#LimeGreen,hard,0.011764705882352955
Georgia,sugar-snaps-layers-tank#Mint,voyager-stripe-crew#Stripe,hard,0.011764705882352955
Georgia,sugar-snaps-layers-tank#Mint,makeover-blouse#LimeGreen,hard,0.011764705882352955
Maddy,the-cotton-bamboo-tee#DuckEgg,natural-textured-poncho#Deeprain,hard,0.026966292134831427
Maddy,the-cotton-bamboo-tee#DuckEgg,voyager-stripe-crew#Stripe,hard,0.02921348314606742
Madeline,analia-top#White,voyager-stripe-crew#Stripe,hard,0.03128491620111734
Madeline,analia-top#White,makeover-blouse#LimeGreen,hard,0.03128491620111734
Stacey,layer-me-bamboo-rouched-sleeve-tee#Black,makeover-blouse#LimeGreen,hard,0.009467455621301801
Stacey,layer-me-bamboo-rouched-sleeve-tee#Black,cara-tee-2#Blush,hard,0.04007527669805984
Riina,the-relaxed-long-sleeve-tee#Pink,voyager-stripe-crew#Stripe,hard,0.022857142857142854
Riina,the-relaxed-long-sleeve-tee#Pink,makeover-blouse#LimeGreen,hard,0.022857142857142854
Mae-Lee,softly-swinging-bamboo-tee#Storm,side-buttoned-sweater#Buttoned,hard,0.0066981036406044
Mae-Lee,softly-swinging-bamboo-tee#Storm,voyager-stripe-crew#Stripe,hard,0.01849710982658964
Laura,shell-top-3#PapBlue,cara-tee-2#Blush,hard,0.009805425338985667
Laura,shell-top-3#PapBlue,cara-tee-2#WhiteBlk,hard,0.009805425338985667
Alex,the-short-sleeve-wrap-jersey-top#Blue,voyager-stripe-crew#Stripe,hard,0.020689655172413834
Alex,the-short-sleeve-wrap-jersey-top#Blue,makeover-blouse#LimeGreen,hard,0.020689655172413834
Riina,the-twist-hem-jumper#DenimMarle,voyager-stripe-crew#Stripe,hard,0.022857142857142854
Riina,the-twist-hem-jumper#DenimMarle,makeover-blouse#LimeGreen,hard,0.022857142857142854
Alex,the-cross-over-blouse#Red,voyager-stripe-crew#Stripe,hard,0.020689655172413834
Alex,the-cross-over-blouse#Red,makeover-blouse#LimeGreen,hard,0.020689655172413834
Jess,belle-v-neck-forgiver-tunic#Scarlett,cara-tee-2#Blush,hard,0.02465728715728717
Jess,belle-v-neck-forgiver-tunic#Scarlett,cara-tee-2#WhiteBlk,hard,0.02465728715728717
Mae-Lee,the-cross-over-blouse#Silver,side-buttoned-sweater#Buttoned,hard,0.0066981036406044
Mae-Lee,the-cross-over-blouse#Silver,voyager-stripe-crew#Stripe,hard,0.01849710982658964
Ljubenka,the-half-sleeve-tee#Black,the-uneven-hem-knit-1#Sage,hard,0.02003205128205128
Ljubenka,the-half-sleeve-tee#Black,natural-textured-poncho#Deeprain,hard,0.0222222222222222
Sophie,falling-for-you-tunic#Black,side-buttoned-sweater#Buttoned,hard,0.0011363636363636576
Sophie,falling-for-you-tunic#Black,the-tie-front-top#Navy,hard,0.017934149184149185
Madeline,the-luxe-cotton-tunic#White,voyager-stripe-crew#Stripe,hard,0.03128491620111734
Madeline,the-luxe-cotton-tunic#White,makeover-blouse#LimeGreen,hard,0.03128491620111734
Natalia,the-zip-front-blouse#Navy,voyager-stripe-crew#Stripe,hard,0.011764705882352955
Natalia,the-zip-front-blouse#Navy,makeover-blouse#LimeGreen,hard,0.011764705882352955
Madeline,frill-blouse#Rust,voyager-stripe-crew#Stripe,hard,0.03128491620111734
Madeline,frill-blouse#Rust,makeover-blouse#LimeGreen,hard,0.03128491620111734
Lara,striped-cardigan-3#Rainbow,natural-textured-poncho#Deeprain,hard,0.026966292134831427
Lara,striped-cardigan-3#Rainbow,voyager-stripe-crew#Stripe,hard,0.02921348314606742
Shadae,rib-tank-2#White,voyager-stripe-crew#Stripe,hard,0.027118644067796627
Shadae,rib-tank-2#White,makeover-blouse#LimeGreen,hard,0.027118644067796627
Maddy,the-cotton-bamboo-tank#DarkNavy,natural-textured-poncho#Deeprain,hard,0.026966292134831427
Maddy,the-cotton-bamboo-tank#DarkNavy,voyager-stripe-crew#Stripe,hard,0.02921348314606742
Clementine,the-soft-overlay-top#Pink,voyager-stripe-crew#Stripe,hard,0.022857142857142854
Clementine,the-soft-overlay-top#Pink,makeover-blouse#LimeGreen,hard,0.022857142857142854
Ljubenka,belle-tier-tee#Blue,the-uneven-hem-knit-1#Sage,hard,0.02003205128205128
Ljubenka,belle-tier-tee#Blue,natural-textured-poncho#Deeprain,hard,0.0222222222222222
Lisa,the-boat-neck-top#Navy,voyager-stripe-crew#Stripe,hard,0.020689655172413834
Lisa,the-boat-neck-top#Navy,makeover-blouse#LimeGreen,hard,0.020689655172413834
Sophia,longline-gather-back-shirt#Black,cara-tee-2#Blush,hard,0.010112367541426632
Sophia,longline-gather-back-shirt#Black,cara-tee-2#WhiteBlk,hard,0.010112367541426632
Clementine,the-stitch-detail-top#Pink,voyager-stripe-crew#Stripe,hard,0.022857142857142854
Clementine,the-stitch-detail-top#Pink,makeover-blouse#LimeGreen,hard,0.022857142857142854
Clementine,the-cross-over-blouse#RoyalBlue,voyager-stripe-crew#Stripe,hard,0.022857142857142854
Clementine,the-cross-over-blouse#RoyalBlue,makeover-blouse#LimeGreen,hard,0.022857142857142854
Sophie,the-relaxed-long-sleeve-tee#Pink,side-buttoned-sweater#Buttoned,hard,0.0011363636363636576
Sophie,the-relaxed-long-sleeve-tee#Pink,the-tie-front-top#Navy,hard,0.017934149184149185
Jess,natural-cosy-sweater#Rosered,cara-tee-2#Blush,hard,0.02465728715728717
Jess,natural-cosy-sweater#Rosered,cara-tee-2#WhiteBlk,hard,0.02465728715728717
Georgia,falling-for-you-cardi#Black,voyager-stripe-crew#Stripe,hard,0.011764705882352955
Georgia,falling-for-you-cardi#Black,makeover-blouse#LimeGreen,hard,0.011764705882352955
Laura,tie-back-bell-sleeve-top-5#Summerbud,cara-tee-2#Blush,hard,0.009805425338985667
Laura,tie-back-bell-sleeve-top-5#Summerbud,cara-tee-2#WhiteBlk,hard,0.009805425338985667
Mae-Lee,panelled-stripe-top#NavyWhite,side-buttoned-sweater#Buttoned,hard,0.0066981036406044
Mae-Lee,panelled-stripe-top#NavyWhite,voyager-stripe-crew#Stripe,hard,0.01849710982658964
Fiona,the-longline-waterfall-cardi#Black,natural-textured-poncho#Deeprain,hard,0.0198895027624309
Fiona,the-longline-waterfall-cardi#Black,wonderland-blouse#Ink,hard,0.029034976521913555
Jess,the-layered-cross-over-top#Black,cara-tee-2#Blush,hard,0.02465728715728717
Jess,the-layered-cross-over-top#Black,cara-tee-2#WhiteBlk,hard,0.02465728715728717
Perrie,laurina-stripe-pullover#NightSky,natural-textured-poncho#Deeprain,hard,0.024581005586592153
Perrie,laurina-stripe-pullover#NightSky,voyager-stripe-crew#Stripe,hard,0.03128491620111734
Sophie,summer-breeze-top-1#White,side-buttoned-sweater#Buttoned,hard,0.0011363636363636576
Sophie,summer-breeze-top-1#White,the-tie-front-top#Navy,hard,0.017934149184149185
Sophie,belle-half-sleeve-forgiver-tunic#MutedClay,side-buttoned-sweater#Buttoned,hard,0.0011363636363636576
Sophie,belle-half-sleeve-forgiver-tunic#MutedClay,the-tie-front-top#Navy,hard,0.017934149184149185
Sophia,triangle-detail-long-sleeve-tee#Navy,cara-tee-2#Blush,hard,0.010112367541426632
Sophia,triangle-detail-long-sleeve-tee#Navy,cara-tee-2#WhiteBlk,hard,0.010112367541426632
Marnee,falling-flowers-blouse#DustyPink,natural-textured-poncho#Deeprain,hard,0.026966292134831427
Marnee,falling-flowers-blouse#DustyPink,voyager-stripe-crew#Stripe,hard,0.02921348314606742
Fiona,long-sleeve-ruffle-shirt#Navy,natural-textured-poncho#Deeprain,hard,0.0198895027624309
Fiona,long-sleeve-ruffle-shirt#Navy,wonderland-blouse#Ink,hard,0.029034976521913555
Fiona,the-tie-detail-hoody#Pink,luxe-shirt#Navy,random,0.11093897283074454
Jess,belle-off-the-shoulder-tee#Stripe,the-define-flute-sleeve-blouse#Black,random,0.25015366577866577
Fiona,the-relaxed-long-sleeve-tee-1#Ink%20Stripe,ditzy-floral-ruffle-blouse#DitzyFlora,random,0.13220183493073573
Laura,milan-stretch-top#Black,leah-knit-cardigan#Black,random,0.12641443177557435
Chelsea,falling-for-you-cardi#Teal,the-button-up-swing-tunic#Wine,random,0.6615895240434666
Maddy,the-batwing-tee#FrenchBlue,the-curve-striped-tank#Marine,random,0.49500580998037835
Chesska,true-love-bell-blouse#Jade,belle-v-neck-forgiver-tunic#DenimMarl,random,0.4105354189260932
Riina,the-essential-pullover#SkyBlue,the-short-sleeve-wrap-jersey-top#Emerald,random,0.2225580228825264
Laura,belle-drape-tee#Sliver,hem-frill-stripe-top#Frilled,random,0.2165296190636013
Chelsea,millie-top#BlackSpot,the-cut-out-shoulder-blouse#White,random,0.4279857309541355
Gemma,cara-tee-3#Mustard,softly-falling-bamboo-tunic#White,random,0.5712093445658545
Fiona,walk-in-the-park-cardi#Sand,elcos-45-aop-top-jrs#BlackZigZa,random,0.15367421267014628
Fiona,paige-top#Black,the-wrap-jersey-top#Charcoal,random,0.08669795422596244
Mae-Lee,long-sleeve-softly-swinging-bamboo-tee#Combat,hacienda-tunic-pushkar#Cornflower,random,0.1572631353028625
Mae-Lee,sugar-snaps-layers-tank#White,tracie-top#Black,random,0.17572755490482736
Jess,buttoned-top#Spotty,the-cotton-blend-stripe-jumper#BlueStripe,random,0.14217171717171717
Ljubenka,softly-swinging-bamboo-tee#Jewel,monaco-knot-top#ClaySpot,random,0.18704218761036945
Natalia,the-relaxed-batwing-top#Denim%20Blue,the-boat-neck-top-1#NavyWhite,random,0.3493385483997856
Mercy,belle-v-neck-forgiver-tunic#Scarlett,ava-short-sleeve-linen-tee#Blush,random,0.1020900746708147
Stacey,the-oversize-knit#Ink,butterfly-kisses-tee#Stripe,random,0.17735075282676196
Shadae,monaco-knot-top#Black,luxe-shirt#Black,random,0.27902962889167066
Fiona,the-essential-pullover#DustyPeach,rise-top#Ink,random,0.1357711145106274
Chelsea,millie-top#Moss,westward-top#BotanicalD,random,0.21442268045759205
Monique,hannah-tee-1#Black,cara-tee-4#Black,random,0.21101602637834524
Clementine,the-sleeveless-cross-over-blouse#White,hacienda-tunic-pushkar#Cornflower,random,0.40113723485816505
Palatina,sky-jumper-1#Clouds,daylight-jumper#Silver,random,0.24117978059441209
Mercy,belle-deep-v-mesh-top#Black,the-cross-over-poncho#Grey,random,0.09047639051587834
Emma,belle-v-neck-forgiver-tunic#Charcoal,holly-rib-long-sleeve-tee#Black,random,0.11072604691498371
Mae-Lee,the-striped-top#BlueStripe,mila-knit-cardigan#InkWhite,random,0.1308995538612496
Jess,layered-tee-2#Black,sugar-snaps-round-neck-layer-tank#DuckEgg,random,0.3375385031635032
Anna,the-everyday-shirt#Cream,2-in-1-layered-knit-top#Navy,random,0.3847392290249433
Jess,the-cotton-bamboo-tank#DarkNavy,the-relaxed-long-sleeve-tee#Navy,random,0.16828403078403076
Emma,belle-v-neck-forgiver-tunic#DenimMarl,falling-for-you-cardi#Mustard,random,0.2666666666666666
Jess,the-cut-out-shoulder-blouse#White,fundamental-vee-tee#Pink,random,0.1054563492063492
Nadine,amira-sweater#Cream,clio-knit-jumper#StoneBlack,random,0.3785204186893958
Sophie,the-relaxed-batwing-top#Denim%20Blue,the-oversize-knit#Ink,random,0.3038465406275141
Marnee,butterfly-kisses-tee#MustardStr,belle-handkerchief-printed-cami#RustFlwrs,random,0.6442525185531974
Anna,aigli-top#White,fundamental-sydney-crew#GreyMarle,random,0.30460884353741496
Laura,sugar-snaps-round-neck-layer-tank#White,snug-as-a-bug-jumper#Smoke,random,0.336879936878612
Fiona,sugar-snaps-throw-jacket#Black,the-roll-neck-sweater#Natural,random,0.13806969935523458
Ljubenka,falling-for-you-cardi#Navy,the-sleeveless-cross-over-blouse#Black,random,0.14916991152786607
Riina,the-tie-detail-hoody#FrenchBlue,capri-tank-6#HeatheGrey,random,0.29917765920713724
Olivia,the-sleeveless-cross-over-blouse#Mint,overlay-tunic-3-pce-set#Emerald,random,0.10488825840009887
Fiona,belle-v-neck-forgiver-tunic#Navy,paisley-top-1#Paisley,random,0.14410573180815675
Tia,the-cotton-bamboo-tank#DuckEgg,sand-queen-throw-blouse#Fleur,random,0.2483176244045809
Nikki,the-drape-tee-1#White,annabelle-sweater#Midnight,random,0.8997149120407771
Summer,stud-trim-long-sleeve-top#Mint,the-cotton-bamboo-tee#White,random,0.27912608225108226
Nathalie,the-everyday-shirt#Black,the-soft-knit-jumper#PinkStripe,random,0.2314565483476132
Riina,jordan-top#PearlBlue,sugar-snaps-throw-jacket#White,random,0.7356811564448094
Anna,layered-tee-2#White,geneva-v-neck-top#ClaySpot,random,0.33564625850340135
Laura,the-batwing-tee#FrenchBlue,layer-me-bamboo-rouched-sleeve-tee#Black,random,0.11908308629765826
Georgia,the-cotton-bamboo-tank#DuckEgg,sontana-blouse#Stone,random,0.5131427446646368
Natalie,the-cross-over-blouse#Blue,print-tee-3#Bike,random,0.853983176645225
Jess,belle-deep-v-mesh-top#Black,relaxed-cape#Black,random,0.3909252784252784
Fiona,belle-ls-free-fall-tee#Greenland,multi-sequin-dot-stripe-top#Navy,random,0.08705130107719175
Fiona,the-stripe-jersey-top#Blue,sugar-snaps-layers-tank#White,random,0.2691040261439849
Ljubenka,the-open-sleeve-blouse#Berry,overlay-top-2#Black,random,0.07197940947940949
Stacey,juno-cardigan#GreyMarle,this-mortal-coil-drape#StormClam,random,0.3912400755457142
Tia,the-cotton-bamboo-tank#Chambray,foil-spot-jumper#SilverDot,random,0.09713101479405828
Mercy,belle-ls-free-fall-tee#Greenland,chill-out-slouch-top#GreyMarle,random,0.42576799236968615
Maddy,the-long-sleeve-scoop-neck-tee#Grey,mauevewood-crew#YellowWhit,random,0.31617794949826084
Clementine,the-everyday-shirt#Cream,relaxed-v-neck-knit#Silver,random,0.19903910043444928
Sophia,billow-top#Peach,jasmine-singlet#White,random,0.245550930796603
Natalia,the-reverse-sleeve-sweater#Navy,ember-knit#EmberGlow,random,0.21286480562969762
Jess,sandy-off-the-shoulder-top#Gingham,flying-free-top-3#WhiteBird,random,0.280879884004884
Kate,runaway-top#SoftMint,spliced-lace-panel-tee#White,random,0.11091359620771385
Jess,belle-satin-shirt#Black,dot-to-dot-knit-1#GreyMarle,random,0.13742611555111556
Sophie,the-zip-front-blouse#Navy,soho-v-neck-blouse#SohoPrint,random,0.09854363925160387
Chelsea,falling-for-you-cardi#Mustard,the-sleeveless-cross-over-blouse#White,random,0.4144363332105134
Jess,drama-top#BlackGrey,ivy-cosy-pullover#Blossom,random,0.31191829004329
Jess,softly-falling-bamboo-tunic#Copper,aztec-cardigan#Orange,random,0.0957660395160395
Fiona,long-sleeve-softly-swinging-bamboo-tee#Combat,great-scot-merino-carcoat#Twilight,random,0.11233421280940756
Shadae,rib-tank-2#Mustard,woolly-spotted-hoodie#Navy,random,0.46232057260831405
Amanda,the-high-low-drape-tee#Grey,the-cotton-bamboo-tank#Chambray,random,0.46580911746467557
Marnee,sugar-snaps-layers-tank#DeepCobalt,the-half-sleeve-tee#White,random,0.3131949863018449
Amanda,the-batwing-tee#Black,saba-top-2#Catus,random,0.21689576028922541
Anna Maria,falling-for-you-cardi#Mustard,belle-flocked-tunic#White,random,0.7999742977963997
Jess,sugar-snaps-layers-tank#PeachyKeen,the-relaxed-long-sleeve-tee#Navy,random,0.16828403078403076
Laura,the-cross-over-blouse#Red,fundamental-split-hoodie-1#Lilac,random,0.3268958755050807
Riina,napoleon-top-1#NemoRed,the-uneven-hem-knit-1#Sage,random,0.3273982558139535
Nikki,selma-top-1#IndoStripe,bora-bora-layered-tank#BoraBora,random,0.6349204103055468
Amanda,the-longline-waterfall-cardi#Black,layered-tunic-1#PalePink,random,0.32692534193417555
Stacey,chill-out-slouch-top#Mustard,half-sleeve-fluffy-knit#Ivory,random,0.2675257896819751
Laura,the-sleeveless-cross-over-blouse#Black,milan-34-sleeve-1#Melange,random,0.2799198695870654
Natalia,napoleon-top-1#NemoRed,belle-tie-neck-blouse-tee#White,random,0.29027837884315555
Katie,messina-knit#Cognac,yvette-blouse#Black,random,0.7673184110413165
Chelsea,cara-tee-2#WhiteBlk,butterfly-kisses-tee#MustardStr,random,0.3007062146892655
Lara,curve-hem-cable-knit-sweater-1#Sapphire,snug-as-a-bug-jumper#Smoke,random,0.5429921235809545
Sophie,falling-for-you-tunic#Rust,ines-top#NavyStrip,random,0.0888977633723209
Natalie,layer-top-1#Navy,fundamental-sydney-crew#GreyMarle,random,0.35414271939506975
Emma,raspberry-ls-tee#WhiteRaspb,layered-tunic-1#PalePink,random,0.3573985773698417
Mae-Lee,falling-for-you-cardi#GreyMarle,freya-fringe-blouse#Navy,random,0.07518257217120225
Jess,runaway-top#Sand,the-define-flute-sleeve-blouse#White,random,0.25015366577866577
Fiona,the-twist-front-top#Navy,back-to-you-top#BlackMagic,random,0.0982618773469717
Jess,sontana-blouse#Stone,clio-knit-jumper#InkWhite,random,0.2966168091168091
Mae-Lee,the-long-sleeve-scoop-neck-tee#Black,natural-cropped-sleeve-knit#Cloudcover,random,0.023444619709764036
Amanda,the-stripe-tank-1#Hazelnut,the-cross-over-blouse#Silver,random,0.5210322180578685
Laura,manhattan-stretch-tee#Navy,geneva-v-neck-top#Olive,random,0.22892003786821027
Chelsea,oversize-contrast-hood-top#Steel,the-tie-front-tank#White,random,0.3619966027125663
Georgia,falling-for-you-cardi#Rust,billow-top#Peach,random,0.8133333079177654
Emma,hem-frill-stripe-top#SoFrilled,jersey-split-back-hooded-top#NavyStrip,random,0.6011617200913179
Kate,sugar-snaps-layers-tank#White,the-long-sleeve-scoop-neck-tee#Black,random,0.09006410256410256
Shadae,monaco-knot-top#Olive,neptune-top-1#PrimBlack,random,0.31622268809891985
Palatina,you-at-my-shoulder-tunic#Black,the-stripe-jersey-top#Blue,random,0.17592300658617555
Jess,belle-v-neck-forgiver-tunic#ArmyGreen,the-asymmetrical-tank-top#HotPink,random,0.314086260961261
Ljubenka,softly-swinging-bamboo-tee#Starfish,grace-oversized-knit#StoneBlack,random,0.20202329236420147
Amanda,the-blouson-sleeve-jumper#Grey,belle-half-sleeve-boat-tee#White,random,0.3303551162400696
Laura,softly-swinging-bamboo-tee#Blush,splice-knit-1#Multi,random,0.12321743946260534
Fiona,belle-v-neck-forgiver-tunic#White,the-ultimate-tie-cardi#Black,random,0.21270329102779956
Fiona,hem-frill-stripe-top#Frilled,the-cross-over-blouse#Sunshine,random,0.28344333780755576
Fiona,natural-pattern-cocoon-cardigan#Blossom,multi-stripe-jumper#NavyMulti,random,0.18589775631447478
Emma,sugar-snaps-layers-tank#PeachyKeen,sugar-snaps-throw-jacket#Duckegg,random,0.7610248574329034
Jess,reversible-scoopv-neck-tank#White,fundamental-vee-tee#Pink,random,0.1054563492063492
Katie,crushed-top#Blue,karmen-top#HighRiskRe,random,0.28179322412284674
Amanda,the-sleeveless-cross-over-blouse#Sunshine,daylight-cardi#Silver,random,0.2890069186339013
Tia,silver-dot-tie-sleeve-blouse#SilverDotP,butterfly-kisses-tee#Green,random,0.14965034965034965
Perrie,the-everyday-shirt#Rose,softly-swinging-bamboo-tee#Chambray,random,0.4803705052997019
Jess,belle-half-sleeve-forgiver-tunic#Apricot,boho-embroidered-top#BohoDenim,random,0.13789613164613165
Kate,the-sleeveless-cross-over-blouse#Black,the-long-sleeve-scoop-neck-tee#White,random,0.09006410256410256
Emma,the-drape-tee-1#Black,baobab-sweater#Bark,random,0.39800647769996433
Lauren,layer-me-cotton-candy-top#Cream,falling-for-you-tunic#Black,random,0.21467972132034632
Ljubenka,softly-swinging-bamboo-singlet#BlueJean,fundamental-split-hoodie-1#Khaki,random,0.2150982067175249
Alex,the-cross-over-blouse#Silver,belle-half-sleeve-boat-tee#Black,random,0.3596455916768416
Riina,the-shoulder-tie-top#Black,belle-v-neck-forgiver-tunic#Tobacco,random,0.47538628844861697
Olivia,runaway-top#SoftPink,the-v-split-blouse#Salmon,random,0.27202176750850154
Jess,falling-for-you-cardi#Black,sequin-spot-shirt#Blue,random,0.27702401764901763
Anna,the-cotton-bamboo-tee#DuckEgg,sugar-snaps-layers-tank#Black,random,0.4422108843537415
Stacey,poncho-2#NavySilver,cherrington-top#GreyRose,random,0.09288055473522235
Georgia,crossing-the-plains-sweater-1#Indigo,the-short-sleeve-wrap-jersey-top#NavyWhite,random,0.2567969221212154
Laura,the-wrap-jersey-top#NavyWhite,the-uneven-hem-knit-1#Sage,random,0.1233715476810839
Laura,the-long-sleeve-scoop-neck-tee#White,millie-top#WhiteBlk,random,0.10157454718518281
Fiona,the-check-pullover#PinkCheck,tutti-frutti-drop-shoulder-tee#Orange,random,0.10343157710623592
Laura,the-batwing-tee#Sea,the-shoulder-tie-top#Black,random,0.3743764789432164
Thais,relaxed-top-1#FloraStrip,gloria-applique-crew#Charcoal,random,0.24182628304330211
Sophia,falling-for-you-cardi#Port,fundamental-rib-long-sleeve-tee#Black,random,0.12105103624846421
Emma,the-relaxed-long-sleeve-tee#Navy,belle-longline-white-shirt#White,random,0.56346221460266
Miranda,the-side-panel-drape-top#OffWhite,sequin-spot-shirt#Blue,random,0.5091487415641659
Madeline,fluid-tunic-top#White,reversible-scoopv-neck-tank#Black,random,0.27198509908876645
Laura,softly-swinging-bamboo-tee#Black,belle-flute-sleeve-tee#Navy,random,0.544933484580002
Summer,st-helens-henley-tee#White,falling-for-you-tunic#Black,random,0.5311891233766234
Ljubenka,the-high-low-drape-tee#Grey,fundamental-vee-tee#Navy,random,0.05047061524334252
Laura,belle-half-sleeve-forgiver-tunic#MutedClay,the-design-fold-tunic-top#PearlBlue,random,0.16102895573891302
Maddy,sandy-off-the-shoulder-top#Gingham,peasant-top-3#Denim,random,0.5312704915457763
Laura,the-relax-blouse#White,the-french-cuff-shirt#White,random,0.2416650814643354
Madeline,natural-classic-cardigan#Pebble,celestial-woven-top#White,random,0.42040851694987724
Gemma,lucy-rib-oversized-top#Black,janet-frill-shirt#White,random,0.28713169312761844
Jess,the-sleeveless-cross-over-blouse#Black,belle-drape-tee#Sliver,random,0.2504308191808192
Shadae,capri-tank-6#ClaySpot,crushed-top#Blue,random,0.4440550055646627
Natalie,sugar-snaps-layers-tank#PeachyKeen,nova-lux-solid-v-neck-placket-shirt#CloudDance,random,0.2501759305074496
Riina,the-contrast-trim-knit#BlackWhite,the-boat-neck-top#Navy,random,0.2145423436391803
Laura,peasant-top-3#Denim,the-cotton-cardi#Navy,random,0.21897410079991048
Natalie,sugar-snaps-layers-tank#Red,belle-ls-free-fall-tee#Blush,random,0.5635877241950967
Mercy,belle-paint-brush-print-top#PaintPrint,dot-to-dot-knit-1#GreyMarle,random,0.0874439488794577
Kate,the-cross-over-blouse#Mint,belle-longline-white-shirt#White,random,0.2795708240561182
Stacey,the-tie-detail-hoody#FrenchBlue,the-drape-tee-1#NavyStripe,random,0.3351272127575033
Chelsea,the-lace-trim-top#Ivory,skipping-stones-tunic#Forest,random,0.5483516905288276
Chelsea,prickly-cactus-crew#Pink,the-boat-neck-top-1#NavyWhite,random,0.46851433922869073
Sophie,the-contrast-panel-top#SageStripe,rib-tank-2#Black,random,0.06458662097489533
Fiona,tracie-top#Opal,marjorie-tie-blouse#BluePrint,random,0.12805818852189593
Laura,the-tie-front-top#Black,birds-tee-1#Navy,random,0.10688865511310401
Anna,the-batwing-tee#FrenchBlue,always-mine-spliced-cardigan#GreyEmeral,random,0.3339994331065759
Chesska,agra-shirt#White,messina-v-neck-tee#Black,random,0.3017222620526831
Miranda,the-luxe-dobby-blouse#White,the-pirate-in-me-shirt#White,random,0.7366154344982826
Chelsea,cross-over-top-with-pocket#Emerald,border-stripe-knit#WhitePink,random,0.2692932589395375
Laura,the-reversible-cowl-neck-top-1#Black,the-boat-neck-top#Black,random,0.30213835127291233
Ljubenka,softly-swinging-bamboo-tee#Cashew,nova-lux-solid-v-neck-placket-shirt#CloudDance,random,0.05947940947940948
Palatina,moonlight-kisses-bamboo-tee#Combat,germaine-blouse#Pearl,random,0.08101580405827923
Laura,the-sleeveless-cross-over-blouse#White,the-check-pullover#PinkCheck,random,0.6761163927571862
Summer,fundamental-vee-tee#White,messina-knit-1#Shiraz,random,0.6226258116883117
Sophia,the-luxe-long-sleeve-tee#GreyMarle,stara-cardigan#GreyMarle,random,0.10718583315553658
Anna,the-cotton-bamboo-tank#Chambray,belle-v-neck-forgiver-tunic#Navy,random,0.397468820861678
Riina,the-relaxed-batwing-top#PeachRose,falling-for-you-cardi#Mustard,random,0.2628571428571428
Jess,the-cotton-bamboo-tank#Chambray,neptune-top-1#PrimBlack,random,0.14968260905760905
Mae-Lee,long-sleeve-softly-swinging-bamboo-tee#Copper,relaxed-v-neck-knit#Silver,random,0.07906535566346108
Perrie,the-cut-out-shoulder-blouse#Clay,the-pocket-tee#GreyStripe,random,0.3738838035778771
Lara,pattern-tunic-1#Lattice,the-boat-neck-top#Black,random,0.2017775977223581
Georgia,sugar-snaps-layers-tank#PeachyKeen,waterfall-cardi-1#Navy,random,0.3627428808653279
Mae-Lee,the-cut-out-shoulder-blouse#Blue,ella-funnel-neck-top#Khaki,random,0.0907490716706907
Gemma,falling-for-you-cardi#Navy,blue-waters-cotton-blouse#White,random,0.42515521785930677
Maddy,abigail-stripe-shirt#BlackStrip,analia-jersey-top#Black,random,0.19801097798010048
Clementine,the-cross-front-spot-blouse#NavySpot,longline-cardigan-2#Pink,random,0.3121492461027344
Clementine,the-cotton-bamboo-tank#Chambray,belle-satin-shirt#Black,random,0.569255047278303
Maddy,the-cut-out-shoulder-blouse#Black,layla-long-line-kimono#MultiStrip,random,0.5454983185428923
Ljubenka,the-cut-out-shoulder-blouse#Blue,the-tie-front-tank#Navy,random,0.11177255509641874
Jess,natural-cropped-sleeve-knit#Cloudcover,first-love-kimono-jacket#Stone,random,0.36485389610389607
Laura,be-mine-top-1#Sage,mixed-messages-jumper#MixedStrip,random,0.1389815788001637
Mae-Lee,the-relaxed-long-sleeve-tee#Khaki,curve-hem-cable-knit-sweater-1#Sapphire,random,0.022343800110045043
Kate,the-sleeveless-cross-over-blouse#White,silver-cross-sweater#Silver,random,0.11178625296272357
Mae-Lee,the-drape-tee-1#Stripe,tab-sleeve-longline-shirt#Pink,random,0.2626925007651048
Kate,the-cross-over-blouse#Black,the-relaxed-batwing-top#PeachRose,random,0.3607124901242549
Louise,layered-tee-2#Black,aldis-blouse#Pearl,random,0.3911495724772122
Sophie,the-relaxed-batwing-top#PeachRose,the-tie-front-tank#White,random,0.04234314726571365
Ljubenka,belle-flocked-tunic#White,ava-short-sleeve-linen-tee#Navy,random,0.08058579677897862
Maddy,the-long-sleeve-v-neck-tee#Black,side-buttoned-sweater#Buttoned,random,0.16034753070290045
Amanda,the-essential-layering-tee#White,star-and-spot-sweater#SilverMult,random,0.376055052669758
Natalia,the-wrap-jersey-top-1#NavyStripe,shell-top-3#PapBlue,random,0.2712132111424511
Amanda,the-daily-cross-over-top#PinkPrint,flow-with-me-slouch-top#Brick,random,0.940908957953894
Fiona,jade-kimono-sweet-blossoms#Blue,juno-cardigan#GreyMarle,random,0.14242979963367403
Riina,the-relaxed-long-sleeve-tee-1#Ink%20Stripe,the-wrap-jersey-top#JetBlack,random,0.29505405670237783
Natalie,layered-tee-2#White,star-and-spot-sweater#SilverMult,random,0.37247332495971786
Stefania,weekend-vibes-blouse#Blush,weekend-tunic#Navy,random,0.4679929469973119
Lauren,cotton-candy-side-split-top#IceBlue,2-in-1-layered-knit-top#PalePink,random,0.14154604076479077
Laura,the-wrap-jersey-top#JetBlack,layer-me-bamboo-rouched-sleeve-tee#White,random,0.11908308629765826
Jess,the-batwing-tee#Black,lola-bell-sleeve-top-ditsy-daisies#Blue,random,0.18335738335738336
Emma,daisy-top-1#BrightBlue,the-long-sleeve-scoop-neck-tee#Navy,random,0.2624308216262239
Fiona,the-weekender-shirt#DenimStrip,partly-cloudy-knit#Black,random,0.32203365181089766
Ljubenka,the-everyday-shirt#Cream,ruffle-hem-jersey-top#Pink,random,0.07162865543547361
Sophia,falling-for-you-cardi#Mustard,ember-knit#EmberGlow,random,0.1457253616630985
Marnee,flow-with-me-slouch-top#Brick,the-relax-blouse#White,random,0.22549796695103344
Jess,falling-for-you-cardi#Teal,marquax-tunic#OnyxSpeck,random,0.27958742646242646
Miranda,the-roll-neck-sleeveless-top-1#Black,billow-top#Black,random,0.7911758012940368
Jess,the-cut-out-shoulder-blouse#Black,pure-merino-fine-rib-polo#BlackStri,random,0.07660325785325786
Lisa,partly-cloudy-knit#Black,geneva-v-neck-top#ClaySpot,random,0.3569659442724458
Anna,the-cotton-bamboo-tee#BlueJeans,2-in-1-layered-knit-top#Navy,random,0.3847392290249433
Fiona,the-colour-block-pullover#Sage,the-wrap-jersey-top#Charcoal,random,0.08669795422596244
Alex,the-batwing-tee#FrenchBlue,2-in-1-layered-top-1#PinkWhite,random,0.3449618495595507
Jess,belle-square-neck-drape-tee#Vanilla,pure-merino-fine-rib-v-neck#Charcoal,random,0.1058894808894809
Kate,the-batwing-tee#FrenchBlue,aigli-top#White,random,0.1184665461626246
Laura,falling-for-you-cardi#Port,luxe-shirt#Black,random,0.13846790033034667
Shadae,st-helens-henley-tee#White,belle-drape-tee#Black,random,0.43593017152339186
Riina,the-cosy-cardigan#Grey,the-open-sleeve-blouse#Berry,random,0.465190131677181
Jess,sugar-snaps-layers-tank#Black,the-ultimate-tie-cardi#Black,random,0.25249819624819625
Jess,long-sleeve-softly-swinging-bamboo-tee#BlueJeans,hacienda-tunic-5#PatchGold,random,0.1673840048840049
Madeline,bertie-top#BlkCherry,layer-top-1#Navy,random,0.27076379167229975
Gemma,bo-cosy-cardigan#Blossom,forget-me-knot-tunic#ForgetMeK,random,0.1700456054534871
Summer,printed-v-neck-top#Striped,animal-button-up-shirt#KhakiPrint,random,0.16544011544011547
Amanda,the-box-top#Blush,birds-tee-1#Navy,random,0.24954282025981928
Fiona,belle-v-neck-forgiver-tunic#ArmyGreen,art-deco-print-top#NavyWhite,random,0.1222607284127317
Ljubenka,runaway-top#JetBlack,overlay-top-2#Black,random,0.07197940947940949
Summer,faith-jumper#Eventide,the-cross-over-blouse#Red,random,0.5284834956709956
Sophia,weekend-tunic#Navy,the-cosy-cardigan#Blue,random,0.3069767441860465
Jess,jasmine-singlet#White,the-cotton-cardi#Navy,random,0.23339646464646463
Sophia,geena-xo-ls-pullover-knit#WhiteCapGr,the-excess-shirt#Pearl,random,0.16144574501739956
Anna,the-cotton-bamboo-tank#DuckEgg,willow-knot-top#WhiteBlk,random,0.274937641723356
Emma,side-buttoned-sweater#Buttoned,the-cotton-tie-detail-top#Ivory,random,0.5131341034178678
Louise,paisley-top-1#Paisley,block-vest#Blockvest,random,0.1712473279825764
Maddy,long-sleeve-tee-2#NavyWhite,belle-tier-tee#Blue,random,0.5225431304189062
Riina,the-fleck-roll-neck-knit#Oatmeal,falling-for-you-tunic#Black,random,0.5522829099630445
Chelsea,the-ultimate-tie-cardi#Port,patchwork-tunic#Patchwork,random,0.5131820893427378
Nadine,adventurous-hoody#Pink,long-sleeve-softly-swinging-bamboo-tee#SilverScon,random,0.40908764959945243
Shadae,clio-knit-jumper#Clay,the-long-sleeve-v-neck-tee#Black,random,0.1716463342202404
Jess,long-sleeve-softly-swinging-bamboo-tee#Oyster,zara-top#ZebraPrint,random,0.2867334054834054
Georgia,cotton-candy-side-split-top#IceBlue,aigli-top#White,random,0.38457026220706386
Helen,this-mortal-coil-drape#StormClam,daylight-jumper#Silver,random,0.4639633373056217
Natalie,the-sleeveless-cross-over-blouse#Cobalt,the-ruffle-sleeve-sweat#KhakiMarle,random,0.5260683760683761
Georgia,rise-top#Ink,stud-trim-long-sleeve-top#Mint,random,0.7022796560551319
Riina,messina-v-neck-tee#White,capri-tank-6#HeatheGrey,random,0.29917765920713724
Laura,falling-for-you-cardi#GreyMarle,karmen-top#HighRiskRe,random,0.14992477838327992
Stacey,in-transit-cardi#Navy,geneva-v-neck-top#ClaySpot,random,0.2305190158552143
Rosaline,the-fleck-roll-neck-knit#Oatmeal,cara-tee-3#Mustard,random,0.0732888295505118
Kate,the-everyday-shirt#Midnight,curve-hem-cable-knit-sweater-1#Sapphire,random,0.05982786276903925
Stacey,side-buttoned-sweater#Buttoned,the-reversible-cowl-neck-top-1#White,random,0.18224095463072454
Amanda,the-v-neck-stripe-top#BlkStripe,long-sleeve-softly-swinging-bamboo-tee#Navy,random,0.4693067521030853
Georgia,the-pirate-in-me-shirt#White,the-essential-layering-tee#White,random,0.46148904283588865
Laura,the-cotton-bamboo-tank#Chambray,wrap-me-up-bamboo-top#Black,random,0.22632812199700636
Lauren,the-contrast-knit-1#Sage,lake-house-top#CoalPrint,random,0.07510146103896105
Natalia,geena-xo-ls-pullover-knit#Allure,nature-ls-top#BlueGum,random,0.23927512439166665
Natalia,the-relaxed-batwing-top#PeachRose,merino-boyfriend-cardigan#MelangeStr,random,0.08556173350693282
Palatina,2-in-1-layered-top-1#NavyWhite,westward-top#BotanicalD,random,0.07905495321401006
Amanda,the-tie-detail-hoody#Pink,cool-breeze-jumper#Dust,random,0.24115495165926315
Nadine,je-taime-knit#Navy,the-define-flute-sleeve-blouse#Black,random,0.367211151145683
Sophie,the-cross-over-top#NavyStripe,the-high-low-drape-tee#Grey,random,0.18924477071600967
Monique,anna-top#Leona,the-daily-cross-over-top#PinkPrint,random,0.3333333333333333
Tia,panelled-stripe-top#NavyWhite,kimberly-spliced-top#Black,random,0.05394729633860069
Mae-Lee,belle-v-neck-forgiver-tunic#Navy,soho-ruffle-jumper#OatmealMar,random,0.11734472116105989
Marnee,the-everyday-shirt#Pink,sequin-cross-2-in-1-top#Khaki,random,0.35754764010264944
Emma,long-sleeve-softly-swinging-bamboo-tee#Cashew,karmen-top#HighRiskRe,random,0.29201344543777497
Ljubenka,sugar-snaps-layers-tank#DeepCobalt,striped-sleeve-sweater#Striped,random,0.5416666666666666
Chesska,delicado-top#White,fundamental-split-hoodie-1#Lilac,random,0.4541942977346345
Madeline,analia-jersey-top#Navy,double-layered-top-1#WBlack,random,0.26099508168790553
Mae-Lee,layered-tee-2#White,long-sleeve-spot-top#Multispot,random,0.2948920243485286
Lisa,ashbury-cardigan#Mocha,falling-for-you-cardi#Teal,random,0.2666666666666666
Chelsea,the-print-contrast-34-sleeve-top#Animal,runaway-top#SoftMint,random,0.31992534301856335
Mae-Lee,softly-swinging-bamboo-tee#Starfish,snake-print-johnny-collar-top#BeigeSnake,random,0.06960629379884055
Tia,softly-swinging-bamboo-tee#BlueJeans,tia-boyfriend-shirt#White,random,0.08531511330424374
Amanda,the-frill-detail-blouse#Chambray,butterfly-blouse-1#Ivory,random,0.36819534415718636
Mae-Lee,sugar-snaps-layers-tank#DuckEgg,the-stitch-detail-top#SkyBlue,random,0.24025895990382895
Maddy,batty-about-you-cotton-tee#BlkWhite,layered-top-2#Navy,random,0.16579322309400674
Ljubenka,softly-swinging-bamboo-tee#BlueJeans,monaco-knot-top#Black,random,0.18704218761036945
Tia,the-drape-tee-1#NavyStripe,belle-v-neck-forgiver-tunic#DenimMarl,random,0.19448014162688076
Summer,the-button-up-swing-tunic#Wine,the-relax-blouse#White,random,0.22965029761904762
Ljubenka,layered-tee-2#Black,the-short-sleeve-wrap-jersey-top#Black,random,0.06003434696616515
Georgia,falling-for-you-tunic#Black,nature-ls-top#BlueGum,random,0.42424332503581924
Marnee,flying-free-top-3#WhiteBird,ivy-cosy-pullover#Blossom,random,0.5564704275905118
Jess,paige-top#Black,reversible-stripe-vee-scoop-neck-tank#BlackWhite,random,0.0908910533910534
Laura,milan-stretch-top#SilverMarl,arya-frilled-blouse#Oyster,random,0.18486632957609084
Laura,square-nk-fray-trim-top#Denim,ella-funnel-neck-top#Khaki,random,0.2292934443323029
Amanda,the-bonded-cotton-tunic-dress#Navy,layered-top-2#White,random,0.2184962306315301
Fiona,sequin-star-tee#Navy,the-daily-cross-over-top#SkyBlue,random,0.17494666593731198
Ljubenka,falling-for-you-cardi#Black,relaxed-cape#Black,random,0.26018518518518513
Anna,the-cotton-bamboo-tee#White,triangle-detail-long-sleeve-tee#Bordeaux,random,0.43260770975056684
Laura,butterfly-kisses-tee#MustardStr,animal-button-up-shirt#KhakiPrint,random,0.052646284745693016
Jess,butterfly-kisses-tee#Stripe,maui-stretch-tee#NavyWhtStr,random,0.1779394216894217
Stefania,the-french-cuff-shirt#White,messina-knit-1#Shiraz,random,0.46792811882079666
Clementine,the-everyday-shirt#Midnight,frill-blouse#Rust,random,0.343613595706619
Marnee,kimono-and-me-cardi#Sand,the-sleeveless-cross-over-blouse#Salmon,random,0.4898105883270911
Mandy,woolly-spotted-hoodie#Navy,belle-lace-trim-tee#GreyMarle,random,0.43752638426244395
Fiona,belle-v-neck-forgiver-tunic#Scarlett,kimono-and-me-cardi#Sand,random,0.28733815353120906
Marnee,sugar-snaps-layers-tank#Black,the-cross-over-blouse#Mint,random,0.5685241538354834
Charlotte,natural-cross-back-knit#Lightsmoke,the-half-sleeve-tee#Black,random,0.26482216319537155
Chelsea,cascade-hood-top#Black,the-belle-sleeve-print-top#NavyPrint,random,0.5563474517785498
Sophie,printed-tunic-7#RedCheck,ally-long-sleeve-tee#CosmosPr,random,0.17963957134311118
Jess,the-drape-tee-1#Black,the-longline-cardi-1#Nude,random,0.15278714341214344
Fiona,belle-v-neck-forgiver-tunic#Tobacco,capri-tank-3#NavyStripe,random,0.07624271711485925
Marnee,sugar-snaps-round-neck-layer-tank#DuckEgg,frill-blouse#Rust,random,0.3792006953114163
Ljubenka,the-asymmetrical-tank-top#Indigo,meredith-78-oversized-pullover-knit#CameoRose,random,0.45804843304843307
Perrie,frost-cardigan#Mauvewoo,belle-longline-white-shirt#White,random,0.5232297942390987
Fiona,the-essential-layering-tee#White,tutti-frutti-drop-shoulder-tee#Orange,random,0.10343157710623592
Natalia,falling-for-you-tunic#Black,patchwork-tunic#Patchwork,random,0.3792466814904656
Summer,capri-tank-3#Navy,the-tie-detail-hoody#FrenchBlue,random,0.2987554112554113
Charlotte,natural-extra-fine-sweater#Snowgum,the-longline-cardi-1#GreyMarle,random,0.28858061535578106
Jess,belle-longline-white-shirt#White,the-pocket-tee#GreyStripe,random,0.22591390091390093
Marnee,runaway-top#SoftPink,manhattan-stretch-tee#White,random,0.20034115341933695
Helen,butterfly-blouse-1#Ivory,bella-ls-tee#GreenWhite,random,0.25576545800106276
Gemma,elcos-45-aop-top-jrs#BlackFlowe,the-luxe-long-sleeve-tee#GreyMarle,random,0.4307288271705973
Chelsea,the-reversible-cowl-neck-top-1#White,the-cross-front-spot-blouse#Spot,random,0.6011807712215321
Laura,soft-and-true-tunic#Pine,cherrington-top#GreyRose,random,0.09527319767000503
Jess,the-cotton-bamboo-tank#White,sequin-spot-cardi#Grey,random,0.1327654983904984
Riina,the-cosy-cardigan#Blue,wellington-tee#HeatheGrey,random,0.42629010508044346
Perrie,the-batwing-tee#Black,layer-me-bamboo-rouched-sleeve-tee#Fern,random,0.26431510680447756
Mandy,heartmade-sweater#Rust,the-cut-out-shoulder-blouse#Blue,random,0.23089266301869094
Amanda,the-bell-sleeve-top#BlkStripe,the-drape-tee-1#White,random,0.46556920128908635
Clementine,the-stitch-detail-top#SkyBlue,the-cross-over-poncho#Navy,random,0.2980385893176591
Riina,the-zip-detail-jacket#Grey,york-linen-blend-top#BurntOrang,random,0.23547400518869688
Denniel,the-cut-out-shoulder-blouse#Salmon,ryder-cosy-sweater#Blossom,random,0.2738733075182925
Laura,runaway-top#SoftMint,relaxed-top-1#FloraStrip,random,0.19928399619622977
Kate,sugar-snaps-layers-tank#Blue,the-luxe-long-sleeve-tee#GreyMarle,random,0.21124278771337593
Jess,the-fleck-roll-neck-knit#Oatmeal,layered-sleeve-top#Moss,random,0.2413725163725164
Georgia,cover-up-slouch-cardi#Alloy,belle-mid-length-knit-cardi#Black,random,0.6583482683236547
Kate,the-everyday-shirt#Black,overlay-top-2#Black,random,0.12217204545635918
Chelsea,daylight-cardi#Silver,wellington-tee#Black,random,0.3778110415131417
Denniel,the-short-sleeve-wrap-jersey-top#Black,the-fleck-roll-neck-knit#Oatmeal,random,0.279966531197705
Nadine,runaway-top#Sand,fundamental-rib-long-sleeve-tee#White,random,0.2657035376796816
Emma,weekend-tunic#Navy,henson-jumper#Cream,random,0.12615525837508595
Laura,belle-half-sleeve-forgiver-tunic#FlamPink,ruffle-sleeve-top-1#Black,random,0.2848396937745414
Ljubenka,belle-half-sleeve-forgiver-tunic#Apricot,the-cotton-bamboo-ls-top#NavyStripe,random,0.15084116220479857
Laura,the-relaxed-long-sleeve-tee#Navy,ember-knit#EmberGlow,random,0.19737615549177784
Mae-Lee,the-cotton-bamboo-tee#BlueJeans,rose-shirt#BlueIllusi,random,0.05917746212855744
Ljubenka,falling-for-you-cardi#Dusty,hem-frill-stripe-top#SoFrilled,random,0.19935897435897437
Chelsea,the-drape-tee-1#NavyStripe,linen-v-neck-cami-2#BlueWhite,random,0.2773289732252518
Kate,belle-half-sleeve-forgiver-tunic#MutedClay,indi-crosover-front-blouse#MixedStrip,random,0.1005064893953783
Fiona,the-zip-front-top#Rose,the-tie-front-top#Black,random,0.14869442976931713
Nadine,heartmade-cardi#DustyRose,ava-short-sleeve-linen-tee#Navy,random,0.2564338335332197
Ljubenka,the-cotton-bamboo-tank#Chambray,clovis-shirt#NavyGold,random,0.04338556014692378
Fiona,the-ruffle-sleeve-top#NavyStripe,ricki-one-shoulder-top#BlackWhite,random,0.08816258032703994
Natalie,sugar-snaps-layers-tank#Black,daisy-top-1#BrightBlue,random,0.35126407761241996
Mae-Lee,the-cut-out-shoulder-blouse#Silver,aigli-top#Navy,random,0.0666466059525455
Mae-Lee,belle-half-sleeve-forgiver-tunic#White,arya-frilled-blouse#Oyster,random,0.06855495753570735
Natalia,cover-up-slouch-cardi#Alloy,westward-top#BotanicalD,random,0.11900990175987325
Bree,belle-half-sleeve-forgiver-tunic#FlamPink,the-tie-layering-knit#Grey,random,0.47558922558922556
Kate,the-sleeveless-cross-over-blouse#Salmon,the-cotton-bamboo-ls-top#Black,random,0.1570452967511791
Madeline,first-mix-top-1#BlackWhite,the-v-neck-stripe-top#BlkStripe,random,0.5768550983258157
Mae-Lee,daisy-chain-tassel-blouse#DeepBlue,the-essential-layering-tee#White,random,0.1546160823116388
Nikki,the-drape-tee-1#Navy,the-sleeveless-cross-over-blouse#Chambray,random,0.5523293891655059
Summer,rib-tank-2#White,laurina-stripe-pullover#NightSky,random,0.2617965367965368
Jess,sugar-snaps-layers-tank#SeaGreen,rib-tank-2#Red,random,0.10435848873348874
Amanda,the-dobby-sleeve-tee#InkBlue,belle-satin-shirt#Black,random,0.5607002874314084
Jess,belle-v-neck-forgiver-tunic#Tobacco,capri-tank-3#NavyStripe,random,0.09584443334443335
Shadae,monaco-knot-top#ClaySpot,the-layered-cross-over-top#Navy,random,0.4620185063917819
Laura,dusk-top#DuskPrint,ruffle-hem-jersey-top#Pink,random,0.19336466634149554
Jess,layer-me-bamboo-rouched-sleeve-tee#White,capri-tank-6#Olive,random,0.11838265900765901
Madeline,print-tee-3#Bike,the-long-sleeve-v-neck-tee#Navy,random,0.21087268127562797
Laura,softly-swinging-bamboo-tee#White,fundamental-vee-tee#GreyMarle,random,0.10299739783310785
Fiona,long-sleeve-softly-swinging-bamboo-tee#DuckEgg,the-on-or-off-the-shoulder-top#Pink,random,0.48652604390873866
Laura,the-flutter-sleeve-top#Denim,juno-cardigan#GreyMarle,random,0.15724303330230477
Maddy,marjorie-tie-blouse#BluePrint,sugar-snaps-layers-tank#SeaGreen,random,0.4376659235411017
Perrie,dahlia-lace-trim-blouse#Dusk,long-sleeve-softly-swinging-bamboo-tee#DuckEgg,random,0.46759776374483963
Miranda,the-open-sleeve-blouse#Berry,patchwork-tunic#Patchwork,random,0.5897197456300131
Amanda,the-stripe-crossover-blouse#Bluestripe,falling-for-you-cardi#Teal,random,0.251685393258427
Emma,frost-cardigan#Mauvewoo,cross-over-top-with-pocket#NavyMustrd,random,0.49911883096150333
Kate,the-cotton-bamboo-tee#DustyPink,geena-xo-ls-pullover-knit#WhiteCapGr,random,0.1289223666674647
Gemma,sequin-cross-2-in-1-top#Navy,the-cross-front-spot-blouse#Spot,random,0.5993003325719733
Laura,the-drape-tee-1#White,nova-lux-long-sleeve-tie-top-1#SimplyGree,random,0.11217119656891365
Georgia,falling-for-you-cardi-1#GreyGarden,the-fleck-roll-neck-knit#Oatmeal,random,0.407116920842411
Natalie,the-cut-out-shoulder-blouse#Clay,bamboo-layer-tank#Black,random,0.14076814177630606
Mae-Lee,the-on-or-off-the-shoulder-top#FrenchNavy,sugar-snaps-throw-jacket#Black,random,0.43572882039429056
Kate,the-everyday-shirt#Pink,the-bonded-cotton-shirt#Pink,random,0.35883629805198425
Ljubenka,belle-v-neck-forgiver-tunic#BlueMarle,llama-long-sleeve-shirt#Mustard,random,0.08543447293447294
Mae-Lee,delicado-top#White,the-contrast-knit-1#Sage,random,0.12477853511325149
Laura,the-cotton-bamboo-tee#White,belle-ls-free-fall-tee#Blush,random,0.38124536081543825
Ljubenka,belle-half-sleeve-forgiver-tunic#Black,belle-off-the-shoulder-tee#Stripe,random,0.11902625467966377
Ljubenka,the-drape-tee-1#Stripe,relaxed-cape#WhiteBlack,random,0.26018518518518513
Jess,patchwork-tunic#Patchwork,spliced-stripe-tunic#Navy,random,0.13948620823620822
Fiona,long-sleeve-softly-swinging-bamboo-tee#BlueJeans,the-long-sleeve-scoop-neck-tee#White,random,0.10619222143208795
Fiona,the-contrast-knit-1#Sage,layered-sleeve-top#Moss,random,0.2075140230524417
Ljubenka,sugar-snaps-layers-tank#Blue,the-long-sleeve-v-neck-tee#Black,random,0.118971842551388
Tia,sugar-snaps-layers-tank#Red,sand-queen-throw-blouse#Fleur,random,0.2483176244045809
Stefania,the-relaxed-long-sleeve-tee#Navy,holly-rib-long-sleeve-tee#Black,random,0.10509334834929009
Jess,softly-swinging-bamboo-tee#Copper,capri-tank-3#NavyStripe,random,0.09584443334443335
Mae-Lee,double-layered-top-1#WSilver,the-high-low-drape-tee#Grey,random,0.2494018175725002
Georgia,summer-breeze-top-1#White,elina-lace-frill-blouse#Black,random,0.18902944366793195
Fiona,the-multi-stripe-cardi#Stripe,the-tie-front-top#Navy,random,0.14869442976931713
Anna,belle-half-sleeve-forgiver-tunic#Black,long-sleeve-softly-swinging-bamboo-tee#Oyster,random,0.4081831065759637
Chelsea,always-mine-v-neck-knit#Terracotta,sequin-spot-shirt#Blue,random,0.4243781143629154
Summer,jewel-knit#GreyMarle,the-tie-front-tank#Navy,random,0.39293492965367965
Marnee,runaway-top#SoftMint,belle-two-in-one-top#Charcoal,random,0.4111774344569288
Mae-Lee,falling-for-you-cardi#Teal,the-v-neck-stripe-top#BlkStripe,random,0.2609603744144448
Ljubenka,the-everyday-shirt#Black,nova-lux-long-sleeve-tie-top-1#CloudDance,random,0.0781071201525747
Alex,the-batwing-tee#Black,monaco-sweater#BlackCream,random,0.31508942313540017
Fiona,natural-cropped-sleeve-knit#Cloudcover,dahlia-lace-trim-blouse#Dusk,random,0.11803802113843004
Laura,overlay-top-2#Black,striped-cardigan-3#Rainbow,random,0.03995589801337176
Mae-Lee,the-cape-jersey-top#DarkNavy,paint-stroke-top#Strokes,random,0.17484498048712976
Jess,belle-flute-sleeve-tee#Navy,the-colour-block-pullover#Sage,random,0.15107323232323233
Ljubenka,sugar-snaps-layers-tank#SeaGreen,melbourne-stretch-cardigan#NavyWhtStr,random,0.0915054169315533
Nadine,mauevewood-crew#Charcoal,ivy-cosy-pullover#Blossom,random,0.4343830237831218
Gemma,flow-with-me-slouch-top#Brick,the-stitch-detail-top#SkyBlue,random,0.5531964364680773
Palatina,beach-walk-shirt#Khaki,milan-stretch-top#SilverMarl,random,0.2500589584896708
Mae-Lee,softly-swinging-bamboo-tee#TeaRose,drama-top#BlackGrey,random,0.07779784000285898
Summer,tab-sleeve-longline-shirt#Pink,2-in-1-layered-knit-top#Khaki,random,0.44638798701298704
Maddy,the-short-sleeve-wrap-jersey-top#NavyWhite,the-relaxed-long-sleeve-tee-1#Ink%20Stripe,random,0.3129002815918607
Georgia,kimono-and-me-cardi#Sand,ella-funnel-neck-top#Khaki,random,0.4510232374537721
Jess,butterfly-kisses-tee#Green,fluid-tunic-top#White,random,0.1331508769008769
Palatina,driftwood-gathering-blouse#Khaki,belle-paint-brush-print-top#PaintPrint,random,0.4531958403591894
Palatina,falling-flowers-blouse#DustyPink,softly-falling-bamboo-tunic#Copper,random,0.38159158647183583
Sophie,long-sleeve-softly-swinging-bamboo-tee#Fern,the-excess-shirt#Pearl,random,0.07126227386183139
Riina,the-tie-detail-hoody#Pink,sugar-snaps-throw-jacket#White,random,0.7356811564448094
Monique,double-layered-top-1#WBlack,ember-knit#EmberGlow,random,0.3584249674104747
Ljubenka,falling-for-you-cardi#Teal,juno-cardigan#GreyMarle,random,0.10240494984813167
Laura,belle-v-neck-forgiver-tunic#Tobacco,the-wrap-jersey-top-1#NavyStripe,random,0.14545422027842275
Marnee,cool-breeze-jumper#Dust,analia-jersey-top#Black,random,0.28882104834234984
Jess,the-drape-tee-1#NavyStripe,tuck-layer-shirt#White,random,0.4871017871017871
Natalia,the-twist-front-top#Navy,irena-embroidered-blouse#DustyRose,random,0.15319184575079237
Chelsea,printed-v-neck-blouse#NavyWhite,cyrus-top#LightRose,random,0.22644587588167178
Laura,ruffle-top-4#Black,grace-oversized-knit#Clay,random,0.34285091289356867
Anna,the-relaxed-long-sleeve-tee#Pink,meadow-cardigan#Cream,random,0.23879818594104307
Nadine,long-sleeve-ruffle-shirt#White,sontana-blouse#Stone,random,0.37928435410782
Jude,falling-for-you-cardi#Port,the-curve-striped-tank#Marine,random,0.5895294828628163
Tia,the-cut-out-shoulder-blouse#Salmon,birds-tee-1#Navy,random,0.04288466503140416
Riina,the-weekender-shirt#GreyStripe,lilly-layer-stripe-tank#NavyWhite,random,0.31117956530665575
Shadae,sequin-cross-2-in-1-top#Khaki,the-cross-over-blouse#RoyalBlue,random,0.5212133681585791
Laura,the-sleeveless-cross-over-blouse#Salmon,pure-merino-fine-rib-v-neck#Charcoal,random,0.09000339286265074
Sophie,the-dobby-sleeve-tee#White,born-to-run-shirt-jacket#Leopard,random,0.0952278915774491
Fiona,belle-ls-free-fall-tee#Airforce,tinker-stripe-knit#NavyWhite,random,0.09830520451221457
Kate,the-cross-over-blouse#Silver,selene-cardigan#Ivy,random,0.5022170549131334
Laura,the-on-or-off-the-shoulder-top#FrenchNavy,long-sleeve-softly-swinging-bamboo-tee#DuckEgg,random,0.2953754131259458
Amanda,the-shoulder-tie-top#White,belle-ls-free-fall-tee#Greenland,random,0.5722879267108408
Riina,the-panel-luxe-top#BlkWhite,holly-rib-long-sleeve-tee#WhiteGrey,random,0.10150732343499197
Perrie,the-short-sleeve-wrap-jersey-top#Black,the-crossover-2-way-blouse#Black,random,0.2704703274001252
Anna,the-batwing-tee#Sea,lurex-stitch-top#White,random,0.41032312925170067
Mandy,je-taime-knit#Navy,multi-pattern-print-top#NavyMulti,random,0.07617904704236023
Maddy,the-wrap-jersey-top#JetBlack,ryder-cosy-sweater#Blossom,random,0.2739801303845342
Gemma,spliced-lace-panel-tee#White,cross-over-top-with-pocket#Emerald,random,0.4310705076375975
Jess,picnic-top#BlackWhite,bubbles-print-tee#Cambridge,random,0.09915188977688977
Anna Maria,falling-for-you-cardi#Dusty,the-reversible-cowl-neck-top-1#White,random,0.3579328361931365
Natalie,the-batwing-tee#Stone,the-stitch-detail-top#Pink,random,0.579478985608377
Marnee,falling-for-you-cardi#Black,luxe-shirt#Champagne,random,0.3192490867896611
Madeline,natural-detailed-sweater#Tinroof,cross-over-top-with-pocket#Emerald,random,0.5212993990330372
Laura,layered-tee-2#Black,star-and-spot-sweater#SilverMult,random,0.21576214313136818
Riina,the-daily-cross-over-top#SkyBlue,the-stitch-detail-top#Pink,random,0.6122524986934936
Summer,clovis-shirt#NavyGold,geneva-v-neck-top#HeatheGrey,random,0.3946428571428572
Mae-Lee,belle-v-neck-forgiver-tunic#White,laurina-stripe-pullover#NightSky,random,0.08492961062759484
Ljubenka,belle-tie-neck-blouse-tee#RoyalBlue,paradise-cardi#MultiStrip,random,0.13733378364060184
Fiona,the-cross-over-poncho#Navy,analia-jersey-top#Black,random,0.06933663976679294
Marnee,sugar-snaps-layers-tank#NewBeige,the-half-sleeve-tee#Black,random,0.3131949863018449
Jess,belle-v-neck-forgiver-tunic#DenimMarl,floating-by-you-blouse#SeaFleur,random,0.417572705072705
Amanda,the-zip-front-blouse#Khaki,always-mine-v-neck-knit#Terracotta,random,0.3224244273796942
Lauren,the-cosy-cardigan#Grey,the-cotton-cardi#Khaki,random,0.15198412698412697
Maddy,the-everyday-shirt#Rose,long-sleeve-softly-swinging-bamboo-tee#TeaRose,random,0.39889466232076193
Laura,butterfly-kisses-tee#Green,the-spotted-tunic#GreySpot,random,0.4448789197764766
Marnee,falling-for-you-cardi#Port,luxe-shirt#Navy,random,0.3192490867896611
Olivia,sugar-snaps-layers-tank#Black,starry-night-cardi#Chalk,random,0.21767943132309103
Georgia,long-sleeve-softly-swinging-bamboo-tee#White,belle-mid-length-knit-cardi#Black,random,0.6583482683236547
Natalie,sugar-snaps-layers-tank#NewBeige,fern-print-top#Navy,random,0.35823585260745083
Georgia,sugar-snaps-throw-jacket#Black,the-everyday-shirt#Pink,random,0.6150578779365181
Amanda,the-sleeveless-cross-over-blouse#Chambray,napoleon-top-1#NemoBlue,random,0.2702465592081401
Katie,sparkly-star-tee#Blue,belle-nautical-applique-tee#BlueStripe,random,0.5300858466161316
Nadine,square-peg-pullover#SilverMix,never-ending-winter-knit-top#DeluxeGree,random,0.5980526011118644
Sophie,long-sleeve-softly-swinging-bamboo-tee#White,belle-ls-free-fall-tee#Airforce,random,0.1611860392557295
Ljubenka,the-cross-over-blouse#Mint,layer-top-1#Navy,random,0.029487179487179504
Fiona,the-belle-sleeve-print-top#NavyPrint,bora-bora-layered-tank#BoraBora,random,0.30238792984062407
Laura,the-cross-over-blouse#Silver,button-through-animal-shirt#Animal,random,0.1147324419220249
Anna,the-cross-over-blouse#Black,the-daily-essential-jumper#Grey,random,0.4777777777777777
Georgia,long-sleeve-softly-swinging-bamboo-tee#SilverScon,the-button-up-swing-tunic#Wine,random,0.7846200856379791
Emma,floating-by-you-blouse#SeaFleur,the-panel-hem-top#DenimMarle,random,0.38821778410499674
Miranda,the-asymmetrical-tank-top#Indigo,analia-top#White,random,0.17335279171715956
Mae-Lee,the-cross-over-blouse#White,hydrangea-kimono#Hydrangea,random,0.22277659466585537
Amanda,the-tie-front-tank#White,rika-top#BatikTile,random,0.13328227558315037
Anneliese,tracie-top#Opal,the-excess-shirt#Pearl,random,0.38084833004074575
Gemma,falling-for-you-cardi#GreyMarle,skipping-stones-tunic#Forest,random,0.548266877907146
Laura,the-long-sleeve-scoop-neck-tee#Navy,belle-ls-free-fall-tee#Greenland,random,0.38124536081543825
Perrie,the-cut-out-shoulder-blouse#Silver,layered-tunic-1#Natural,random,0.32660800952019936
Stacey,block-sweater#Block,pulkari-emb-top#Pulkari,random,0.09388420169755171
Anna Maria,the-cross-over-top#NavyStripe,the-long-sleeve-scoop-neck-tee#White,random,0.22973530194200584
Stefania,hayley-button-down#NavySparro,paint-stroke-top#Strokes,random,0.3585663709316722
Sophie,belle-half-sleeve-forgiver-tunic#Black,the-long-sleeve-scoop-neck-tee#Navy,random,0.04846641190667739
Jess,the-cut-out-shoulder-blouse#Silver,st-helens-henley-tee#White,random,0.1009920634920635
Mae-Lee,long-sleeve-softly-swinging-bamboo-tee#TeaRose,weekend-tunic#Navy,random,0.2624816125985636
Anna,milan-stretch-top#SilverMarl,the-flutter-sleeve-top#Denim,random,0.42117913832199544
Perrie,the-cut-out-shoulder-blouse#White,willow-knot-top#WhiteBlk,random,0.3277141714723374
Clementine,the-bonded-cotton-tunic-dress#Navy,the-batwing-tee#Stone,random,0.21318681318681318
Amanda,the-zip-front-blouse#Navy,tuck-layer-shirt#White,random,0.6689746979760202
Anna,paradise-top#Red,marlow-cardigan#Cream,random,0.30413832199546487
Emma,the-drape-tee-1#NavyStripe,verona-patchwork-top#Patchwork,random,0.3033093124149159
Perrie,the-design-fold-tunic-top#PearlBlue,belle-cowl-swing-sweater#Black,random,0.22310794517703303
Amanda,the-zip-detail-jacket#Grey,the-cross-over-blouse#Mint,random,0.5210322180578685
Maddy,the-long-sleeve-scoop-neck-tee#White,the-print-contrast-34-sleeve-top#Animal,random,0.5515929676322742
Georgia,prairie-romance-blouse#Blush,high-street-knit#NavyStripe,random,0.2147293315585241
Marnee,daisy-chain-tassel-blouse#DeepBlue,the-ultimate-tie-cardi#Port,random,0.4771068499445138
Rosaline,great-scot-merino-carcoat#Twilight,kimberly-spliced-top#Black,random,0.12340815531820205
Stefania,renee-sweater#Sapphire,sugar-snaps-layers-tank#DuckEgg,random,0.3667919824082515
Ljubenka,falling-for-you-cardi#Rust,the-boat-neck-top-1#NavyWhite,random,0.18999633573497207
Anna Maria,falling-for-you-cardi#Black,oregon-safari-embroidered-top#White,random,0.3271955639797819
Maddy,oregon-safari-embroidered-top#White,snake-print-johnny-collar-top#BeigeSnake,random,0.3046951626739067
Mercy,belle-square-neck-drape-tee#Vanilla,natural-tie-tunic#BlueSky,random,0.06932863480114454
Ljubenka,belle-half-sleeve-forgiver-tunic#White,the-tie-front-top#Black,random,0.08226219802924348
Edith,patchwork-tunic#Patchwork,nova-lux-long-sleeve-tie-top-1#SimplyGree,random,0.21822039346791824
Mae-Lee,sugar-snaps-layers-tank#Black,rama-top#Stonewash,random,0.2676799784118866
Summer,felicity-cardigan#Dewkist,floral-blouse-2#NavyMulti,random,0.3268668831168831
Maddy,the-long-sleeve-scoop-neck-tee#Navy,partly-cloudy-knit#Black,random,0.4922119775529758
Anna,milan-stretch-top#Black,bertie-top#Black,random,0.23599773242630387
Laura,the-asymmetrical-tank-top#Indigo,rib-tank-2#Red,random,0.12033456897258336
Jess,belle-half-sleeve-boat-tee#Black,the-stitch-v-neck-knit#PinkMarle,random,0.3575276575276575
Mae-Lee,oregon-safari-embroidered-top#White,the-swing-tank-top#Rose,random,0.24568526793845138
Marnee,falling-for-you-cardi#GreyMarle,nova-lux-solid-v-neck-placket-shirt#CloudDance,random,0.29016593841032046
Summer,printed-tunic-7#RedCheck,the-oversized-cotton-blend-shirt#Navy,random,0.7807832792207793
Marnee,sugar-snaps-round-neck-layer-tank#White,luxe-shirt#Navy,random,0.3192490867896611
Gemma,holly-rib-long-sleeve-tee#Khaki,the-double-layer-top#Black,random,0.5718161327916846
Riina,messina-v-neck-tee#Black,hannah-tee-1#Black,random,0.24316858132069136
Sophia,the-boat-neck-top#Navy,reversible-stripe-vee-scoop-neck-tank#BlackWhite,random,0.05288833874080668
Gemma,ruffle-sleeve-top-1#Black,midtown-ruffle-shirt#BoldRed,random,0.3230013800162691
Ljubenka,the-cut-out-shoulder-blouse#Salmon,in-transit-cardi#Navy,random,0.17493289538744083
Perrie,the-everyday-shirt#Pink,sandy-off-the-shoulder-top#Gingham,random,0.28608763837017337
Kate,the-sleeveless-cross-over-blouse#Mint,frost-cardigan#Mauvewoo,random,0.18874554095142332
Marnee,chasing-birds-blouse#White,hannah-tee-1#RedWhite,random,0.2593793348592037
Georgia,open-plains-kimono-throw-1#Rust,tie-back-bell-sleeve-top-5#Summerbud,random,0.41043001736418355
Jess,the-stripe-crossover-blouse#Bluestripe,the-wrap-jersey-top#JetBlack,random,0.11565621878121879
Helen,niue-neck-tie-shirt#LightBlue,arlo-cardigan#Navy,random,0.3364840920678358
Miranda,the-reversible-cowl-neck-top-1#White,billow-top#Peach,random,0.7911758012940368
Natalia,horizontal-cabel-pullover#EnglishRos,summer-whispers-kimono-1#Peacock,random,0.6817558734928398
Natalia,kimono-and-me-cardi#Sand,cross-my-heart-bamboo-slouch-tee#White,random,0.6213223612793709
Maddy,border-stripe-knit#WhitePink,millie-top#WhiteBlk,random,0.19045353142951757
Edith,buttoned-top#Spotty,rib-tank-2#Mustard,random,0.23969525523980967
Marnee,softly-swinging-bamboo-tee#Copper,drama-top#BlackGrey,random,0.3649455108198085
Palatina,beach-walk-shirt#Stormy,layered-tunic-1#Natural,random,0.16872792013860474
Summer,hem-frill-stripe-top#Frilled,layered-top-2#White,random,0.21904761904761905
Palatina,merino-boyfriend-cardigan#MelangeStr,half-sleeve-fluffy-knit#Ivory,random,0.29209381366885584
Anna,the-cotton-bamboo-tank#White,the-slouch-pocket-tee#Stripe,random,0.4085714285714286
Amanda,the-essential-pullover#SkyBlue,the-cut-out-shoulder-blouse#Black,random,0.45832790580673843
Alex,jade-kimono-kaleidoscope#Blue,the-flutter-sleeve-top#Denim,random,0.48260876345167536
Amanda,the-everyday-shirt#Black,the-half-sleeve-tee#Black,random,0.2726151383141777
Laura,the-long-sleeve-v-neck-tee#Black,tracie-top#Black,random,0.32643548583517673
Clementine,the-everyday-shirt#Rose,long-sleeve-softly-swinging-bamboo-tee#Copper,random,0.4756312292358804
Jess,natural-detailed-sweater#Tinroof,monaco-knot-top#Olive,random,0.11529373404373405
Gemma,lucy-rib-oversized-top#WhiteGrey,sugar-snaps-layers-tank#PeachyKeen,random,0.4702013873591268
Madeline,natural-overlay-knit#Greybloss,nova-lux-solid-v-neck-placket-shirt#CloudDance,random,0.2994042259527585
Amanda,the-batwing-tee#Stone,buttoned-top#Spotty,random,0.38013239264872395
Marnee,chill-out-slouch-top#GreyMarle,tia-boyfriend-shirt#White,random,0.35255063115550006
Georgia,long-sleeve-softly-swinging-bamboo-tee#Fern,foil-print-top-2#Navy,random,0.380634042842354
Kate,sugar-snaps-layers-tank#DeepCobalt,daisy-chain-tassel-blouse#DeepBlue,random,0.2967721276544806
Sophia,ava-short-sleeve-linen-tee#Navy,natural-waterfall-cardigan#Fallendust,random,0.07674418604651162
Nadine,the-everyday-shirt#Rose,waterfall-cardi-1#Black,random,0.24364775192467664
Marnee,driftwood-gathering-blouse#Khaki,multi-pattern-print-top#NavyMulti,random,0.26775363261201274
Natalie,the-sleeveless-cross-over-blouse#Mint,layered-sleeve-top#DarkBlue,random,0.42045303162942943
Marnee,moonlight-kisses-bamboo-tee#Combat,the-cross-front-spot-blouse#NavySpot,random,0.6883753164447218
Stacey,long-sleeve-check-top#Check,fundamental-vee-tee#Navy,random,0.11148624251387823
Laura,the-ultimate-tie-cardi#Black,the-daily-cross-over-top#SkyBlue,random,0.17057671868881805
Edith,off-shoulder-top-1#Strawberry,the-sleeve-detail-knit#Ivory,random,0.366969696969697
Summer,never-ending-winter-knit-top#DeluxeGree,on-safari-blouse#Jewel,random,0.05454545454545451
Georgia,layer-me-bamboo-rouched-sleeve-tee#Copper,wonderlust-tee#BurntOran,random,0.6441365147738689
Lauren,belle-tie-front-shirt#Black,belle-lace-trim-tee#GreyMarle,random,0.3124565972222222
Anna,the-everyday-shirt#Midnight,the-on-or-off-the-shoulder-top#FrenchNavy,random,0.7670068027210883
Marnee,wrap-me-up-bamboo-top#Black,raspberry-ls-tee#WhiteRaspb,random,0.3671677763906228
Georgia,softly-swinging-bamboo-singlet#Cashew,mila-knit-cardigan#Black,random,0.2969906027944016
Perrie,irena-embroidered-blouse#DustyRose,cara-tee-2#WhiteBlk,random,0.11607641844963264
Jess,falling-for-you-cardi#Dusty,frill-me-tie-throw-on#WhiteBlk,random,0.17029394216894217
Summer,off-shoulder-top-2#FloraLace,variegated-rib-knit#Silver,random,0.3290652056277057
Sophia,elcos-45-aop-top-jrs#BlackFlowe,reversible-scoopv-neck-tank#White,random,0.0602748798952348
Jira,yvette-blouse#Black,bertie-top#Black,random,0.2806614901981985
Stacey,amira-sweater#Cream,sparkly-star-tee#Blue,random,0.16679539587819428
Louise,layer-top-1#Navy,overlay-top-2#Black,random,0.1692239049770106
Charlotte,natural-pattern-cocoon-cardigan#Blossom,fundamental-sydney-crew#Burgundy,random,0.3304770461320219
Laura,belle-half-sleeve-forgiver-tunic#Apricot,karmen-top#HighRiskRe,random,0.14992477838327992
Denniel,the-short-sleeve-wrap-jersey-top#Emerald,monaco-sweater#BlackCream,random,0.24903275861917984
Laura,the-roll-neck-sweater#Natural,paige-top#Black,random,0.16923053143851408
Nadine,long-sleeve-ruffle-shirt#Navy,the-stripe-jersey-top#Blue,random,0.2982511117771346
Mae-Lee,long-sleeve-softly-swinging-bamboo-tee#DuckEgg,the-frill-detail-blouse#Chambray,random,0.18811665957996193
Maddy,the-half-sleeve-tee#White,paradise-cardi#MultiStrip,random,0.3686236943713782
Jess,belle-half-sleeve-forgiver-tunic#Black,rib-tank-2#Black,random,0.10435848873348874
Georgia,softly-swinging-bamboo-tee#White,belle-drape-tee#Black,random,0.508242358976705
Marnee,the-drape-tee-1#NavyStripe,merino-boyfriend-cardigan#MelangeStr,random,0.23503259814121236
Laura,the-cotton-bamboo-tank#DuckEgg,sugar-snaps-throw-jacket#Black,random,0.5688809697330293
Mercy,overlay-tunic-3-pce-set#Emerald,the-bell-sleeve-top#Grey,random,0.27275576807771995
Natalie,the-cross-over-blouse#Mint,the-cotton-bamboo-tank#DuckEgg,random,0.45889088713804205
Charlotte,natural-crossover-knit-1#Stormcloud,long-sleeve-softly-swinging-bamboo-tee#Combat,random,0.44919020255142067
Jess,natural-waterfall-cardigan#Fallendust,meadow-cardigan#Cream,random,0.16580537518037516
Jess,layered-tee-2#White,malibu-cardigan#Navy,random,0.16377442002442
Stefania,the-pirate-in-me-shirt#White,softly-swinging-bamboo-singlet#Cashew,random,0.43014292386881864
Jess,runaway-top#SoftMint,the-dobby-sleeve-tee#White,random,0.19225589225589226
Laura,the-cross-over-blouse#RoyalBlue,the-swing-tank-top#Rose,random,0.4083558240147924
Laura,the-short-sleeve-wrap-jersey-top#Black,the-curve-striped-tank#Marine,random,0.37842252440372387
Fiona,the-spotted-tunic#NavySpot,freya-fringe-blouse#Navy,random,0.09709986658711772
Anna Maria,the-twist-front-top#Navy,the-on-or-off-the-shoulder-top#Pink,random,0.8404761904761905
Jess,softly-swinging-bamboo-tee#TeaRose,tab-sleeve-longline-shirt#Pink,random,0.3963855588855589
Laura,sugar-snaps-round-neck-layer-tank#Black,belle-flocked-tunic#Pale%20Blue,random,0.5517355447913588
Laura,the-batwing-tee#Black,bertie-top#BlkCherry,random,0.1834875062118332
Jess,ynes#Black,monaco-knot-top#HeatheGrey,random,0.11529373404373405
Riina,the-stitch-v-neck-knit#DenimMarle,layered-top-2#White,random,0.23439781720109
Fiona,the-v-neck-stripe-top#BlkStripe,grace-oversized-knit#StoneBlack,random,0.2832852705203435
Chelsea,leah-knit-cardigan#WhiteBlk,renee-sweater#Sapphire,random,0.12447790556900727
Riina,the-linen-tie-sleeve-top#GreyMarle,block-sweater#Block,random,0.2939267749822689
Emma,drama-top#BlackGrey,zara-top#ZebraPrint,random,0.5148316196627979
Georgia,flying-free-top-3#WhiteBird,lola-bell-sleeve-top-entangled-vines#Gold,random,0.38085780573846967
Stefania,walk-in-the-park-cardi#Sand,tracie-top#Black,random,0.3668284519941793
Georgia,long-sleeve-softly-swinging-bamboo-tee#Oyster,the-cotton-bamboo-tee#DuckEgg,random,0.3377856826882394
Lucy,the-batwing-tee#Black,monaco-knot-top#HeatheGrey,random,0.12631702418109794
Palatina,oversize-contrast-hood-top#Steel,softly-swinging-bamboo-tee#White,random,0.27236354860095957
Emma,long-sleeve-softly-swinging-bamboo-tee#Storm,germaine-blouse#Pearl,random,0.24982866949461777
Laura,34-sleeve-shirt-1#SkyWhite,holly-rib-long-sleeve-tee#WhiteGrey,random,0.11326226908083524
Charlotte,natural-textured-poncho#Deeprain,laurina-stripe-pullover#NightSky,random,0.23507943114253993
Alex,the-sleeveless-cross-over-blouse#Chambray,the-spotted-tunic#GreySpot,random,0.6841661235608792
Emma,forget-me-knot-tunic#ForgetMeK,ava-short-sleeve-linen-tee#Blush,random,0.35078333690043456
Georgia,softly-swinging-bamboo-tee#Chambray,2-in-1-layered-knit-top#Navy,random,0.5079831402485884
Natalie,the-sleeveless-cross-over-blouse#Black,sugar-snaps-throw-jacket#Duckegg,random,0.7070910355794077
Jess,softly-swinging-bamboo-tee#BlueJeans,the-zip-front-top#Rose,random,0.2299426268176268
Marnee,skipping-stones-tunic#Natural,the-half-sleeve-tee#White,random,0.3131949863018449
Laura,waterfall-cardi-1#Navy,the-contrast-panel-top#BlkStripe,random,0.14977904570118025
Mae-Lee,the-cross-over-blouse#Sunshine,geneva-v-neck-top#HeatheGrey,random,0.08903194869983674
Emma,the-drape-tee-1#Stripe,belle-half-sleeve-forgiver-tunic#MutedClay,random,0.46310280722098246
Stacey,frost-cardigan#Mauvewoo,sunshine-in-me-tee-1#GreyMarle,random,0.14468920264807544
Jess,diva-ruffle-jumper#Gold%20Spot,boho-embroidered-top#BohoDenim,random,0.13789613164613165
Nadine,starry-night-cardi#Chalk,the-sleeveless-cross-over-blouse#Chambray,random,0.3741721685004967
Georgia,sugar-snaps-layers-tank#DeepCobalt,leah-knit-cardigan#Black,random,0.32093310114205525
Chelsea,the-ultimate-tie-cardi#Black,rib-tank-2#Mustard,random,0.23779082008632485
Riina,the-cross-over-poncho#Navy,delicado-top#White,random,0.6825596560155287
Riina,soho-v-neck-blouse#SohoPrint,midtown-ruffle-shirt#BoldRed,random,0.35853916252939644
Alex,lola-bell-sleeve-top-ditsy-daisies#Blue,belle-half-sleeve-forgiver-tunic#Apricot,random,0.46310280722098246
Madeline,natural-cross-back-knit#Lightsmoke,germaine-blouse#Pearl,random,0.26737033183354975
Nathalie,the-everyday-shirt#Pink,striped-sleeve-sweater#Striped,random,1.3125
Fiona,long-sleeve-ruffle-shirt#Black,marjorie-tie-blouse#BluePrint,random,0.12805818852189593
Georgia,softly-falling-bamboo-tunic#White,soho-v-neck-blouse#SohoPrint,random,0.2255953585643932
Anna,the-wrap-jersey-top#JetBlack,the-bonded-cotton-shirt#Pink,random,0.5636366213151928
Jess,sugar-snaps-layers-tank#Red,bertie-top#BlkCherry,random,0.18870469807969809
Ljubenka,sugar-snaps-layers-tank#Mint,out-of-my-mind-scallop-knit#GreyMarle,random,0.17074724517906337
Summer,hacienda-tunic-5#PatchGold,print-tee-3#Bike,random,0.8663194444444443
Miranda,the-sleeve-detail-knit#Ivory,ella-funnel-neck-top#Khaki,random,0.4339840341634942
Jess,belle-tier-tee#Blue,the-tie-front-tank#Navy,random,0.21287150349650352
Gemma,bubbles-print-tee#Cambridge,belle-half-sleeve-forgiver-tunic#Apricot,random,0.3957574024415207
Sophia,to-the-beat-of-the-drum-kimono#Leaf,the-lace-trim-top#Ivory,random,0.22514614892255178
Marnee,the-everyday-shirt#Midnight,grace-oversized-knit#StoneBlack,random,0.5692116625052017
Laura,the-relaxed-long-sleeve-tee#Black,wildflower-shirt#White,random,0.12412582677811414
Miranda,the-crossover-button-blouse-1#Ornate,the-midi-waterfall-cardi#BlueMarle,random,0.5460887556565718
Jess,the-cut-out-shoulder-blouse#Blue,2-in-1-layered-knit-top#Khaki,random,0.25670267232767235
Fiona,weekend-vibes-blouse#Blush,belle-handkerchief-printed-cami#RustFlwrs,random,0.33773675743398074
Laura,belle-v-neck-forgiver-tunic#BlueMarle,bird-print-jumper#Navy,random,0.17642535931917785
Laura,sugar-snaps-layers-tank#PeachyKeen,neptune-top-1#PrimBlack,random,0.16547487310195666
Jess,belle-cowl-swing-sweater#Black,printed-v-neck-top#Striped,random,0.2015752765752766
Fiona,the-reversible-cowl-neck-top-1#Black,saba-top-2#Catus,random,0.10225723054754127
Chelsea,pure-merino-fine-rib-polo#BlackStri,monaco-knot-top#ClaySpot,random,0.0773775529003053
Bree,belle-half-sleeve-forgiver-tunic#BlueBonnet,circles-knit#Plum,random,0.17696002076843198
Laura,the-cut-out-shoulder-blouse#Blue,the-stripe-button-through-top#Coral,random,0.361749106955682
Amanda,the-bonded-cotton-shirt#Pink,the-twist-front-top#Grey,random,0.5662969448550298
Fiona,the-cascade-blouse#Auburn,the-midi-waterfall-cardi#BlueMarle,random,0.25704547187496607
Tia,softly-swinging-bamboo-tee#Storm,bird-jumper#Navy,random,0.08444232275754016
Stacey,the-reversible-cowl-neck-top-2#Ocean,hydrangea-kimono#Hydrangea,random,0.30451110199777376
Laura,belle-v-neck-forgiver-tunic#White,long-sleeve-ruffle-shirt#Navy,random,0.28778965453966593
Shadae,clio-knit-jumper#Black,the-stitch-detail-top#Pink,random,0.5861960959812753
Maddy,elina-lace-frill-blouse#Black,suri-bell-sleeve-top#GreyMarle,random,0.197181799164649
Gemma,falling-for-you-cardi#Black,st-helens-henley-tee#Sapphire,random,0.23405019776489974
Madeline,natural-textured-poncho#Deeprain,millie-top#Moss,random,0.2875665162374959
Sophia,layered-sleeve-top#Moss,multi-stripe-jumper#NavyMulti,random,0.18203368819110818
Natalie,the-wrap-jersey-top#Charcoal,animal-knit-1#Animal,random,0.37426149363309186
Georgia,aldis-blouse#Pearl,tracie-top#Black,random,0.5689949634370302
Jess,runaway-top#SoftPink,belle-drape-tee#Sliver,random,0.2504308191808192
Sophia,rory-spliced-zip-hoodie#Silver,great-scot-merino-carcoat#Twilight,random,0.10553082750282634
Georgia,roll-with-me-jumper#Chalk,the-shoulder-tie-top#White,random,0.6346147227301991
Riina,the-check-pullover#PinkCheck,off-shoulder-top-2#FloraLace,random,0.2407308970099668
Nadine,variegated-rib-knit#Silver,sugar-snaps-layers-tank#Blue,random,0.429989592236528
Tia,the-cross-over-blouse#RoyalBlue,falling-for-you-cardi-2#WinterRose,random,0.25909090909090904
Natalie,sugar-snaps-layers-tank#White,cross-my-heart-bamboo-slouch-tee#White,random,0.8100488672359034
Amanda,the-zip-front-top#Blue,the-long-sleeve-v-neck-tee#Black,random,0.1718688696574613
Katie,fern-print-top#Navy,linen-v-neck-cami-2#BlueWhite,random,0.3344882754146239
Olivia,the-sleeveless-cross-over-blouse#Cobalt,the-cross-over-poncho#Navy,random,0.14088009552957936
Fiona,the-textured-spot-top#Pink,clara-blouse#DarkFloral,random,0.11786214359391364
Laura,belle-v-neck-forgiver-tunic#Black,the-tie-detail-hoody#FrenchBlue,random,0.1656262236393131
Natalia,cherrington-top#GreyRose,sugar-snaps-layers-tank#NewBeige,random,0.34334918529404834
Stacey,llama-long-sleeve-shirt#Mustard,ruffle-top-4#Terracotta,random,0.1672710388566933
Jess,cross-my-heart-sweater#Regal,the-cross-over-poncho#Navy,random,0.13838522588522592
Mae-Lee,the-relaxed-long-sleeve-tee#Pink,millie-top#Blush,random,0.06286419855697395
Jess,the-printed-v-split-top#Natural,always-mine-v-neck-knit#Terracotta,random,0.15515491452991453
Chelsea,willow-knot-top#WhiteBlk,fundamental-sydney-crew#Navy,random,0.3290493297540092
Sophie,the-twist-hem-jumper#DenimMarle,lola-bell-sleeve-top-ditsy-daisies#Blue,random,0.06773263609546797
Shadae,fundamental-vee-tee#White,juno-cardigan#GreyMarle,random,0.2905864205430622
Laura,the-zip-front-top#Rose,laurina-stripe-pullover#NightSky,random,0.1171216916184186
Georgia,softly-swinging-bamboo-tee#TeaRose,star-and-spot-sweater#SilverMult,random,0.4358000345919256
Palatina,batty-about-you-cotton-tee#BlkWhite,selma-top-1#IndoStripe,random,0.24874650807297244
Amanda,the-contrast-trim-knit#BlackWhite,marquax-tunic#OnyxSpeck,random,0.4734797725508854
Fiona,the-zip-front-top#Blue,ashbury-cardigan#Mocha,random,0.12868925561090444
Mae-Lee,layer-top-1#Navy,analia-top#White,random,0.09960079831633603
Maddy,the-cotton-bamboo-tee#White,the-boat-neck-top#Black,random,0.25447261307563435
Riina,the-reverse-sleeve-sweater#Navy,lola-bell-sleeve-top-entangled-vines#Gold,random,0.3539303445444026
Jess,ines-top#NavyStrip,maui-stretch-tee#White,random,0.1779394216894217
Riina,the-bell-sleeve-top#BlkStripe,paint-stroke-top#Strokes,random,0.5172996845720258
Laura,falling-for-you-cardi#Mustard,relaxed-cape#WhiteBlack,random,0.39863354756528285
Kate,the-batwing-tee#Stone,high-neck-tie-top#Black,random,0.15182122706632512
Fiona,spot-layered-tee#Blue,the-sleeveless-cross-over-blouse#Mint,random,0.22310976806434468
Clementine,the-cross-over-blouse#White,relaxed-top-1#FloraStrip,random,0.3225249169435216
Emma,sugar-snaps-layers-tank#Blue,long-sleeve-ruffle-shirt#Black,random,0.49189720520539487
Jess,suri-bell-sleeve-top#GreyMarle,renee-sweater#Sapphire,random,0.11646270396270397
Natalie,layered-tee-2#Black,paige-top#Black,random,0.08115682766845557
Nadine,long-sleeve-ruffle-shirt#Black,millie-top#Blush,random,0.18316810114700782
Fiona,belle-v-neck-forgiver-tunic#Charcoal,manhattan-stretch-tee#NavyWhtStr,random,0.07856920436160608
Laura,rory-spliced-zip-hoodie#Slate,oregon-safari-embroidered-top#White,random,0.15465863759794238
Lauren,natural-textured-poncho#Deeprain,rib-tank-2#Mustard,random,0.10441017316017316
Anna Maria,falling-for-you-cardi#Teal,the-batwing-tee#Black,random,0.21466480446927375
Stacey,ashbury-cardigan#Mocha,belle-ls-free-fall-tee#Greenland,random,0.4001296060049188
Emma,sugar-snaps-layers-tank#DeepCobalt,frill-sleeve-top-1#LeafPrint,random,0.3411849106353417
Riina,the-contrast-knit-1#Sage,milan-stretch-top#Black,random,0.4698306324424204
Mae-Lee,the-cut-out-shoulder-blouse#Black,millie-top#WhiteBlk,random,0.06286419855697395
Sophia,printed-v-neck-blouse#NavyWhite,reversible-stripe-vee-scoop-neck-tank#BlackWhite,random,0.05288833874080668
Mae-Lee,the-stripe-tank-1#Hazelnut,heartmade-sweater#Rust,random,0.13437413095245196
Summer,napoleon-top-1#NemoRed,the-contrast-panel-top#BlkStripe,random,0.28119588744588747
Perrie,high-street-knit#NavyStripe,first-love-kimono-jacket#Stone,random,0.5984427141268076
Summer,fundamental-vee-tee#GreyMarle,waterfall-cardi-1#Navy,random,0.3086377164502165
Mae-Lee,the-sleeveless-cross-over-blouse#Cobalt,geneva-v-neck-top#ClaySpot,random,0.08903194869983674
Georgia,long-sleeve-softly-swinging-bamboo-tee#Copper,the-crossover-2-way-blouse#Black,random,0.3194530801639563
Summer,rib-tank-2#Black,layered-top-2#Navy,random,0.21904761904761905
Jess,belle-half-sleeve-boat-tee#White,the-daily-cross-over-top#SkyBlue,random,0.18295454545454548
Alex,lola-bell-sleeve-top-entangled-vines#Gold,mila-knit-cardigan#Black,random,0.2683487449651243
Mae-Lee,the-batwing-tee#Sea,the-relax-blouse#White,random,0.0982649812185553
Laura,the-sleeveless-cross-over-blouse#Mint,the-ruffle-sleeve-sweat#KhakiMarle,random,0.35018503634484777
Anna Maria,the-ruffle-sleeve-top#NavyStripe,softly-falling-bamboo-tunic#Copper,random,0.632072470515208
Chelsea,cara-tee-2#BlackSpot,the-crossover-2-way-blouse#Black,random,0.2719363734194243
Tia,the-cut-out-shoulder-blouse#Black,fundamental-stripe-long-sleeve-tee#WhiteBlack,random,0.05699153470892602
Palatina,cascade-hood-top#Black,belle-ls-free-fall-tee#Greenland,random,0.3475862543866214
Mae-Lee,the-short-sleeve-wrap-jersey-top#NavyWhite,milan-stretch-top#NavyWhtStr,random,0.1346663110350264
Madeline,cara-tee-4#White,the-drape-tee-1#White,random,0.47910966240324093
Monique,linen-cotton-shirt#White,34-sleeve-shirt-1#SkyWhite,random,0.20713825626869106
Laura,the-cut-out-shoulder-blouse#Silver,cascade-hood-top#Black,random,0.24698964539921522
Marnee,the-drape-tee-1#Navy,mila-knit-cardigan#Black,random,0.2711701518934665
Nadine,in-transit-cardi#Navy,the-longline-cardi-1#GreyMarle,random,0.2539768701250423
Marnee,sugar-snaps-throw-jacket#Duckegg,tracie-top#Black,random,0.5478478507768068
Marnee,butterfly-kisses-tee#Green,panelled-stripe-top#NavyWhite,random,0.3757772402552365
Jess,belle-tie-neck-blouse-tee#RoyalBlue,the-flutter-sleeve-top#SnakePrint,random,0.2726310726310726
Maddy,the-cotton-bamboo-tee#DustyPink,hacienda-tunic-pushkar#Cornflower,random,0.3315340935340314
Amanda,the-cosy-cardigan#Blue,manhattan-stretch-tee#Navy,random,0.1673820926722541
Palatina,falling-for-you-cardi#Mustard,nature-ls-top#BlueGum,random,0.19112726410696013
Summer,tia-boyfriend-shirt#White,diva-ruffle-jumper#Gold%20Spot,random,0.3403950216450216
Jess,the-stitch-detail-top#SkyBlue,the-belle-sleeve-print-top#NavyPrint,random,0.39784382284382286
Summer,fundamental-rib-long-sleeve-tee#Black,sugar-snaps-layers-tank#Mint,random,0.5074337121212121
Chelsea,reversible-stripe-vee-scoop-neck-tank#BlackWhite,cable-knit-sweater#Camel,random,0.15497398849001648
Fiona,the-panel-luxe-top#SilvWhite,fundamental-sydney-crew#GreyMarle,random,0.15141688899520372
Fiona,the-panel-luxe-top#BlkWhite,hacienda-tunic-pushkar#Cornflower,random,0.18539592856744352
Jess,long-sleeve-softly-swinging-bamboo-tee#Copper,the-midi-waterfall-cardi#BlueMarle,random,0.3002317127317128
Perrie,ditzy-floral-ruffle-blouse#DitzyFlora,2-in-1-layered-top-1#PinkWhite,random,0.30346167097865134
Alex,the-cotton-bamboo-tee#DustyPink,grace-oversized-knit#StoneBlack,random,0.5584699503880538
Mae-Lee,softly-swinging-bamboo-tee#Cashew,the-reversible-cowl-neck-top-2#Ocean,random,0.13926378693157254
Emma,printed-tunic-7#RedCheck,holly-rib-long-sleeve-tee#Khaki,random,0.11072604691498371
Emma,the-drape-tee-1#Navy,the-cut-out-shoulder-blouse#Blue,random,0.494445380077564
Maddy,the-sleeveless-cross-over-blouse#White,tie-back-bell-sleeve-top-5#Summerbud,random,0.2926625990644158
Riina,the-longline-waterfall-cardi#Black,half-sleeve-fluffy-knit#Ivory,random,0.42283518888349697
Mae-Lee,the-sleeveless-cross-over-blouse#Black,belle-nautical-applique-tee#BlueStripe,random,0.16854715372934642
Natalie,the-wrap-jersey-top#PortSpot,falling-for-you-cardi#Khaki,random,0.24444444444444446
Maddy,the-everyday-shirt#Cream,be-mine-top-1#Sage,random,0.582088690409972
Sophie,the-zip-front-blouse#Khaki,relaxed-cape#WhiteBlack,random,0.1871230171008932
Georgia,softly-swinging-bamboo-tee#Black,tutti-frutti-drop-shoulder-tee#Orange,random,0.29229317044897135
Riina,neptune-top-1#PrimBlack,the-bonded-cotton-tunic-dress#Navy,random,0.6793752974635112
Anna Maria,the-belle-sleeve-print-top#NavyPrint,the-crossover-button-blouse-1#Ornate,random,0.41239026336791695
Denniel,the-cut-out-shoulder-blouse#White,rise-top#Ink,random,0.2625335834126109
Jess,the-sleeveless-cross-over-blouse#Chambray,billow-top#Peach,random,0.49172424797424796
Georgia,butterfly-kisses-tee#Stripe,the-crossover-button-blouse-1#Ornate,random,0.4532679738562091
Fiona,the-contrast-trim-knit#BlackWhite,falling-for-you-tunic#Rust,random,0.29506234220457317
Emma,rosie-bell-sleeve-denim-shirt#Stripe,natural-overlay-knit#Greybloss,random,0.39193889691973977
Marnee,beach-walk-shirt#Stormy,spliced-stripe-tunic#Navy,random,0.3418901286586211
Kate,runaway-top#JetBlack,relaxed-cape#WhiteBlack,random,0.3502057613168725
Georgia,sunshine-in-me-tee-1#GreyMarle,the-stripe-pocket-tank#Stripe,random,0.3752995146652063
Marnee,sugar-snaps-layers-tank#White,layer-me-bamboo-rouched-sleeve-tee#Black,random,0.3006665929740602
Jess,sailaway-blouse#OxfordBlue,indi-crosover-front-blouse#MixedStrip,random,0.09712185962185964
Jess,lenka-lurex-stripe-blouse#NavyGoldSt,daylight-cardi#Silver,random,0.12900883838383836
Tia,softly-swinging-bamboo-tee#Jewel,the-reverse-sleeve-sweater#Navy,random,0.17435264011350968
Laura,belle-v-neck-forgiver-tunic#Scarlett,belle-poncho-sleeved-knit#BlueMarle,random,0.46621153853402963
Ljubenka,belle-flute-sleeve-tee#Navy,moonlight-kisses-bamboo-tee#Saffron,random,0.16944874885215794
Sophie,the-define-flute-sleeve-blouse#Black,belle-mesh-cardi#Black,random,0.31253274748849974
Emma,sugar-snaps-layers-tank#Black,the-tie-detail-hoody#Pink,random,0.3283099191145168
Riina,the-ruffle-sleeve-sweat#KhakiMarle,ruffle-top-4#Terracotta,random,0.3338690670611072
Natalia,marquax-tunic#OnyxSpeck,paradising-buttoned-shirt#Wheat,random,0.13393075511310987
Amanda,the-essential-layering-tee#Ink,spliced-stripe-tunic#Navy,random,0.30502868464055466
Laura,spot-layered-tee#Blue,first-mix-top-1#BlackWhite,random,0.15521826045227183
Sophie,long-sleeve-softly-swinging-bamboo-tee#TeaRose,jordan-top#PearlBlue,random,0.0819057233327145
Laura,sugar-snaps-layers-tank#NewBeige,cross-over-top-with-pocket#Emerald,random,0.29365383696281033
Emma,striped-sleeve-sweater#Striped,the-swing-tank-top#Rose,random,0.6368135449852405
Jude,curve-hem-cable-knit-sweater-1#Sapphire,natural-rolled-neck-tunic#BlueDam,random,0.31849319404874965
Laura,softly-swinging-bamboo-singlet#BlueJean,ditzy-floral-ruffle-blouse#DitzyFlora,random,0.18002499990301
Laura,sugar-snaps-layers-tank#DeepCobalt,lake-house-top#CoalPrint,random,0.11085903493514916
Anna,milan-stretch-top#NavyWhtStr,the-open-sleeve-blouse#Berry,random,0.39020975056689344
Anna,the-short-sleeve-wrap-jersey-top#Emerald,the-twist-front-top#Grey,random,0.5320105820105819
Ljubenka,the-cross-over-blouse#White,belle-cowl-swing-sweater#Black,random,0.03687199795154341
Mae-Lee,long-sleeve-softly-swinging-bamboo-tee#SilverScon,the-essential-pullover#SkyBlue,random,0.12875569860841607
Stacey,foil-spot-jumper#SilverDot,aldis-blouse#Pearl,random,0.3586798659940864
Jess,falling-for-you-cardi#GreyMarle,under-the-stars-blouse#Petal,random,0.358345473970474
Emma,long-sleeve-softly-swinging-bamboo-tee#Smoke,bo-cosy-cardigan#Blossom,random,0.37748892298102066
Tia,dahlia-lace-trim-blouse#Dusk,sugar-snaps-round-neck-layer-tank#White,random,0.26138142360968447
Maddy,the-short-sleeve-wrap-jersey-top#Emerald,layered-tunic-1#White,random,0.2642935681077907
Jess,sunshine-in-me-tee-1#White,clio-knit-jumper#Black,random,0.2966168091168091
Fiona,the-stripe-jersey-top#Pink,rib-tank-2#Khaki,random,0.08792072273511224
Monique,the-cotton-bamboo-tank#DarkNavy,batty-about-you-cotton-tee#BlkWhite,random,0.5377471052833371
Madeline,karmen-top#HighRiskRe,sugar-snaps-layers-tank#Red,random,0.5628576257652108
Amanda,the-oversize-knit#Ink,annabelle-sweater#Midnight,random,0.7632547999485197
Laura,milan-stretch-top#White,the-zip-detail-jacket#Grey,random,0.16527381551714493
Laura,waterfall-cardi-1#Black,the-cosy-cardigan#Grey,random,0.29183308161324606
Emma,viola-kimono-radiant-floral#Grey,cara-tee-4#White,random,0.23496211709214582
Mae-Lee,falling-for-you-top#Blue,bo-cosy-cardigan#Blossom,random,0.08237708510897578
Miranda,the-define-flute-sleeve-blouse#Black,foil-2-in-1-spot-top#Charcoal,random,0.5459415966252001
Gemma,napoleon-top-1#NemoBlue,print-tee-3#Music,random,0.8142583392370183
Stefania,the-daily-essential-jumper#Grey,york-linen-blend-top#BurntOrang,random,0.137681272973647
Nadine,frost-cardigan#Mauvewoo,belle-half-sleeve-forgiver-tunic#BlueBonnet,random,0.36967569755695406
Miranda,the-cross-over-printed-blouse#Leopard,ruffle-hem-jersey-top#Pink,random,0.4001982599638457
Riina,the-high-low-drape-tee#Grey,holly-rib-long-sleeve-tee#Khaki,random,0.10150732343499197
Mercy,belle-cowl-swing-sweater#Black,baobab-sweater#Bark,random,0.18056243692081841
Sophie,the-contrast-panel-top#BlkStripe,2-in-1-jumper#Navy,random,0.06135648090847205
Riina,the-oversize-knit#Ink,maui-stretch-tee#White,random,0.2782841838067864
Laura,melbourne-stretch-cardigan#Black,elcos-top#LightGrey,random,0.174772466887947
Chesska,midtown-ruffle-shirt#BoldRed,the-stella-tee#Marine,random,0.44987346310179605
Sophia,the-daily-cross-over-top#PinkPrint,nature-ls-top#BlueGum,random,0.18309140101380927
Chelsea,leah-knit-cardigan#Black,peasant-top-3#Denim,random,0.5677137067059691
Lauren,belle-half-sleeve-boat-tee#White,spot-layered-tee#Blue,random,0.18483157467532468
Helen,picnic-top#BlackWhite,the-bell-sleeve-top#Grey,random,0.5437135714435833
Laura,flow-with-me-slouch-top#Brick,elcos-top#LightGrey,random,0.174772466887947
Ljubenka,softly-swinging-bamboo-tee#Black,baobab-sweater#Bark,random,0.14589013679922772
Laura,falling-for-you-cardi#Rust,off-shoulder-top-2#FloraLace,random,0.13729372937293732
Anna Maria,falling-for-you-cardi#Navy,the-soft-overlay-top#Pink,random,0.9543982636117762
Nathalie,runaway-top#SoftPink,the-batwing-tee#FrenchBlue,random,0.22494414876141663
Mercy,aztec-cardigan#Orange,open-plains-kimono-throw-1#Rust,random,0.6307805868684346
Perrie,the-bamboo-tunic-dress#Khaki,softly-falling-bamboo-tunic#Copper,random,0.6053421528783275
Tia,sugar-snaps-layers-tank#Blue,messina-v-neck-tee#Black,random,0.10583683599987947
Nikki,jasmine-singlet#White,natural-crossover-knit-1#Stormcloud,random,0.28008656862005565
Stefania,the-relaxed-batwing-top#Denim%20Blue,the-cut-out-shoulder-blouse#White,random,0.3265009598157297
Laura,softly-swinging-bamboo-tee#Starfish,the-linen-tie-sleeve-top#GreyMarle,random,0.3760570699391131
Mae-Lee,belle-v-neck-forgiver-tunic#ArmyGreen,crosses-jumper#xmyheart,random,0.13054039382713842
Tia,sugar-snaps-layers-tank#White,the-stripe-button-through-top#Coral,random,0.3296935046935047
Mae-Lee,layered-tee-2#Black,vivian-blouse#Check,random,0.0755531487171052
Tia,sugar-snaps-layers-tank#PeachyKeen,sky-shirt#Clouds,random,0.3333297211014602
Fiona,flow-with-me-slouch-top#Brick,the-long-sleeve-scoop-neck-tee#White,random,0.10619222143208795
Summer,the-bamboo-tunic-dress#Khaki,woolly-spotted-hoodie#Navy,random,0.4680330086580087
Marnee,the-cotton-bamboo-tank#Moonbeam,the-reverse-sleeve-sweater#Navy,random,0.48050570467471215
Chelsea,the-cotton-bamboo-ls-top#Black,janet-frill-shirt#White,random,0.28695630241779835
Jess,freya-fringe-blouse#Navy,grace-oversized-knit#StoneBlack,random,0.3219187062937063
Natalia,the-crossover-button-blouse-1#Ornate,birds-tee-1#Navy,random,0.12147081608846613
Alex,the-batwing-tee#Stone,great-scot-merino-carcoat#Twilight,random,0.33320781961227364
Marnee,moonlight-kisses-bamboo-tee#White,wellington-tee#Olive,random,0.4504408551810237
Mae-Lee,belle-half-sleeve-forgiver-tunic#BlueBonnet,cara-tee-4#Black,random,0.07038508067429601
Maddy,pulkari-emb-top#Pulkari,foil-2-in-1-spot-top#Charcoal,random,0.42242273594637075
Tia,the-everyday-shirt#Midnight,moonlight-kisses-bamboo-tee#Saffron,random,0.21378080155254064
Ljubenka,belle-half-sleeve-forgiver-tunic#MutedClay,the-asymmetrical-hem-sweater#Blush,random,0.15044383226201405
Fiona,the-twist-front-top#Grey,coil-print-hi-lo-shirt#White,random,0.26190151281594937
Jess,falling-for-you-cardi#Khaki,the-contrast-panel-top#SageStripe,random,0.1639520202020202
Rosaline,batty-about-you-cotton-tee#BlkWhite,belle-off-the-shoulder-tee#Stripe,random,0.23641675011125945
Clementine,sugar-snaps-layers-tank#Blue,layer-me-bamboo-rouched-sleeve-tee#Copper,random,0.26664068489649884
Stacey,the-panel-hem-top#DenimMarle,sugar-snaps-layers-tank#White,random,0.3298605988180028
Fiona,sunshine-in-me-tee-1#GreyMarle,cotton-modal-print-top#PinkNavy,random,0.10383006639066761
Tia,the-cotton-bamboo-tank#White,the-zip-front-blouse#Khaki,random,0.26027667984189723
Clementine,the-everyday-shirt#Pink,kimono-top-36#BlueMarle,random,0.2415367578158276
Gemma,geena-xo-ls-pullover-knit#Allure,neptune-top-1#PrimBlack,random,0.2893988145489496
Fiona,prairie-romance-blouse#Blush,belle-nautical-applique-tee#BlueStripe,random,0.2592188906268531
Sophie,belle-half-sleeve-forgiver-tunic#FlamPink,the-drape-tee-1#Black,random,0.15154532046124966
Perrie,the-short-sleeve-wrap-jersey-top#Emerald,belle-half-sleeve-forgiver-tunic#Black,random,0.42531371986616623
Alex,the-cross-over-blouse#Black,cooks-shirt#Stripes,random,0.3227246352785146
Jess,prairie-romance-blouse#Blush,lucy-rib-oversized-top#Black,random,0.16539814352314353
Fiona,falling-for-you-cardi#Rust,millie-top#Moss,random,0.07972112154389528
Amanda,the-everyday-shirt#Pink,belle-tier-tee#Blue,random,0.5968209969228849
Sophia,falling-for-you-cardi#Navy,wonderlust-tee#BurntOran,random,0.3229492065360535
Fiona,long-sleeve-ruffle-shirt#White,magnolia-fields-keyhole-blouse#Magnolia,random,0.05628082570708269
Georgia,soft-and-true-tunic#Pine,fundamental-sydney-crew#Navy,random,0.41636735822427046
Riina,the-zip-front-blouse#Navy,the-cross-over-blouse#Blue,random,0.5461905306282431
Tia,the-cross-over-blouse#Red,the-pleated-sleeve-top#Sage,random,0.15869755244755246
Anna Maria,the-bell-sleeve-top#BlkStripe,seeker-knot-front-shirt#Olive,random,0.3049799924625344
Gemma,holly-rib-long-sleeve-tee#Black,the-short-sleeve-wrap-jersey-top#Emerald,random,0.18242494825131278
Nathalie,the-wrap-jersey-top#JetBlack,the-cotton-bamboo-ls-top#NavyStripe,random,0.36894278928165586
Tia,gloria-applique-crew#Charcoal,rib-tank-2#Khaki,random,0.04228436687675819
Natalia,falling-for-you-tunic#Rust,butterfly-kisses-tee#Stripe,random,0.20321406913280776
Fiona,the-dobby-sleeve-tee#InkBlue,cara-tee-3#Mustard,random,0.0746797513435347
Stefania,the-contrast-knit-1#Sage,out-of-my-mind-scallop-knit#GreyMarle,random,0.3127741066035571
Jude,falling-for-you-cardi#GreyMarle,the-long-sleeve-scoop-neck-tee#Black,random,0.2611992945326278
Tia,capri-tank-3#White,jordan-top#PearlBlue,random,0.12235278186365144
Emma,block-vest#Blockvest,lazy-daze-tee#Khaki,random,0.6328317864686399
Katie,sequin-star-tee#Navy,splice-knit-1#Multi,random,0.2947006418366631
Stacey,the-bell-sleeve-top#Grey,the-stitch-detail-top#SkyBlue,random,0.41146417571656935
Laura,stripe-me-happy-blouse#Ash,cool-breeze-jumper#Dust,random,0.13307042568663646
Amanda,the-fleck-roll-neck-knit#Oatmeal,relaxed-v-neck-knit#Silver,random,0.19573181908591353
Fiona,the-essential-pullover#SkyBlue,summer-breeze-top-1#White,random,0.48335759755833135
Fiona,the-weekender-shirt#GreyStripe,indi-crosover-front-blouse#MixedStrip,random,0.08243865456904476
Laura,the-tie-front-top#Navy,aigli-top#White,random,0.17673808682443104
Mae-Lee,long-sleeve-softly-swinging-bamboo-tee#Storm,belle-handkerchief-printed-cami#RustFlwrs,random,0.24536902747946138
Mae-Lee,butterfly-kisses-tee#Green,capri-tank-3#Navy,random,0.0728871760887747
Mae-Lee,the-cut-out-shoulder-blouse#White,napoleon-top-1#NemoRed,random,0.10965898726066688
Jess,butterfly-kisses-tee#MustardStr,layered-sleeve-top#DarkBlue,random,0.2413725163725164
Marnee,beach-walk-shirt#Khaki,relaxed-v-neck-knit#Silver,random,0.230826050769871
Gemma,ivy-cosy-pullover#Storm,sequin-star-tee#Navy,random,0.36162814589150705
Katie,spot-layered-tee#Blue,the-bamboo-tunic-dress#Khaki,random,0.3957343960443534
Mercy,belle-ls-free-fall-tee#Airforce,mila-knit-cardigan#StoneBlack,random,0.12359920208169302
Jess,karmen-top#HighRiskRe,the-luxe-dobby-blouse#White,random,0.48486513486513494
Gemma,tab-sleeve-longline-shirt#Navy,the-shoulder-tie-top#Black,random,0.526102181146659
Riina,the-cross-over-poncho#Grey,geneva-v-neck-top#Olive,random,0.41038014670200457
Jess,belle-paint-brush-print-top#PaintPrint,always-mine-v-neck-knit#Terracotta,random,0.15515491452991453
Sophia,cotton-modal-print-top#PinkNavy,belle-flocked-tunic#Pale%20Blue,random,0.4865142642035074
Alex,the-sleeveless-cross-over-blouse#Sunshine,rory-spliced-zip-hoodie#Silver,random,0.3058998831628142
Jess,long-sleeve-ruffle-shirt#Navy,paradise-top#Red,random,0.24347319347319352
Mandy,tia-boyfriend-shirt#White,daylight-cardi#Silver,random,0.11681153725528283
Marnee,cover-up-slouch-cardi#Alloy,buttoned-top#Spotty,random,0.4102788181439867
Riina,the-tie-front-tank#White,cara-tee-2#Blush,random,0.13508131446986946
Katie,ruffle-hem-jersey-top#Pink,natural-detailed-sweater#Tinroof,random,0.32342207708344867
Mae-Lee,the-button-up-swing-tunic#Wine,the-tie-detail-hoody#Pink,random,0.09003143697393773
Laura,softly-swinging-bamboo-tee#Cashew,the-v-neck-stripe-top#BlkStripe,random,0.3692442489932503
Sophia,triangle-detail-long-sleeve-tee#Bordeaux,belle-v-neck-forgiver-tunic#ArmyGreen,random,0.23359297788698996
Emma,lola-bell-sleeve-top-ditsy-daisies#Blue,clio-knit-jumper#StoneBlack,random,0.5004221654604797
Laura,the-relaxed-long-sleeve-tee#Pink,the-zip-detail-jacket#Grey,random,0.16527381551714493
Stacey,partly-cloudy-knit#Black,long-sleeve-layer-top#Navy,random,0.23080110171082313
Jess,belle-poncho-sleeved-knit#BlueMarle,milan-stretch-top#SilverMarl,random,0.26249028749028747
Marnee,long-sleeve-softly-swinging-bamboo-tee#Oyster,the-longline-waterfall-cardi#Black,random,0.7714615989272668
Sophia,ava-short-sleeve-linen-tee#Blush,side-buttoned-sweater#Buttoned,random,0.06848837209302325
Summer,rib-tank-2#Khaki,amira-sweater#Cream,random,0.23622835497835498
Charlotte,natural-detailed-sweater#Tinroof,willow-knot-top#WhiteBlk,random,0.2998933239026199
Shadae,tinker-stripe-knit#NavyWhite,chill-out-slouch-top#Mustard,random,0.721083331331656
Summer,paradising-buttoned-shirt#Wheat,the-fleck-roll-neck-knit#Oatmeal,random,0.3701839826839827
Tia,midtown-ruffle-shirt#BoldRed,kimono-top-36#BlueMarle,random,0.2016083391083391
Tia,the-drape-tee-1#Navy,picnic-top#BlackWhite,random,0.06104956906587341
Mae-Lee,butterfly-kisses-tee#MustardStr,the-twist-front-top#Grey,random,0.23986763530808738
Amanda,the-printed-v-neck-tee#White,the-cotton-bamboo-tee#DustyPink,random,0.27754524997172486
Marnee,softly-swinging-bamboo-tee#Starfish,fundamental-rib-long-sleeve-tee#Black,random,0.35686598349285614
Perrie,boho-embroidered-top#BohoDenim,the-side-panel-drape-top#OffWhite,random,0.2830520704085994
Denniel,the-cotton-bamboo-tee#DuckEgg,block-sweater#Block,random,0.21961777838919722
Kate,the-sleeveless-cross-over-blouse#Cobalt,cara-tee-4#BlackWhite,random,0.0949510003431572
Stacey,the-cotton-cardi#Khaki,cotton-cashmere-v-neck-knit#Navy,random,0.18689323406437974
Fiona,the-roll-neck-sleeveless-top-1#Black,chasing-birds-blouse#White,random,0.15512280509818938
Natalie,the-wrap-jersey-top#NavyWhite,belle-satin-shirt#Black,random,0.5534234025636797
Summer,beloved-stripe-pull-over-hoodie#NavyWhite,floral-blouse-2#NavyMulti,random,0.3268668831168831
Palatina,falling-for-you-cardi#GreyMarle,high-neck-tie-top#Black,random,0.10801616846407638
Anna,belle-half-sleeve-forgiver-tunic#Apricot,softly-swinging-bamboo-tee#Copper,random,0.41943877551020403
Alex,viola-kimono-radiant-floral#Grey,the-reversible-cowl-neck-top-1#Black,random,0.3649401055920452
Perrie,janet-frill-shirt#White,ashbury-cardigan#Mocha,random,0.26095970616016556
Perrie,silver-dot-tie-sleeve-blouse#SilverDotP,butterfly-kisses-tee#Green,random,0.27107172670647917
Monique,the-cotton-bamboo-tank#Moonbeam,sugar-snaps-layers-tank#SeaGreen,random,0.5075465838509317
Fiona,open-plains-kimono-throw-1#Rust,forget-me-knot-tunic#ForgetMeK,random,0.11749386770390152
Stacey,the-oversize-knit#GreyMarle,billow-top#Black,random,0.5215939939453431
Marnee,softly-swinging-bamboo-tee#Cashew,messina-v-neck-tee#Black,random,0.38592839679567215
Georgia,cooks-shirt#Stripes,the-cotton-bamboo-tee#White,random,0.3377856826882394
Laura,the-cotton-bamboo-tee#DustyPink,fundamental-sydney-crew#Burgundy,random,0.19983740137042375
Gemma,triangle-detail-long-sleeve-tee#Bordeaux,boho-embroidered-top#BohoDenim,random,0.2815671068484249
Jess,crossing-the-plains-sweater-1#Indigo,rib-tank-2#Mustard,random,0.10435848873348874
Fiona,long-sleeve-softly-swinging-bamboo-tee#Storm,cuddled-longline-cardigan#Sunflower,random,0.13178135038686126
Fiona,the-stitch-v-neck-knit#PinkMarle,capri-tank-3#White,random,0.07624271711485925
Summer,aida-long-tunic-shirt#AidaStripe,triangle-detail-long-sleeve-tee#Navy,random,0.4953057359307359
Ljubenka,belle-v-neck-forgiver-tunic#Navy,meadow-cardigan#Cream,random,0.1045684113865932
Summer,fundamental-vee-tee#Black,2-in-1-layered-knit-top#PalePink,random,0.44638798701298704
Mercy,belle-v-neck-forgiver-tunic#Charcoal,saba-top-2#Catus,random,0.09055660643071586
Anna,the-cut-out-shoulder-blouse#Salmon,bo-cosy-cardigan#Storm,random,0.2922278911564626
Palatina,falling-for-you-cardi#Teal,the-side-ring-detail-blouse-1#Black,random,0.17480845607169337
Laura,the-cotton-bamboo-ls-top#NavyStripe,reversible-scoopv-neck-tank#Navy,random,0.1121271692852462
Jess,layer-me-bamboo-rouched-sleeve-tee#Copper,fundamental-vee-tee#Black,random,0.1054563492063492
Sophia,meredith-78-oversized-pullover-knit#WhiteCapGr,high-neck-tie-top#Black,random,0.10197502752784052
Tia,sugar-snaps-layers-tank#NewBeige,belle-paint-brush-print-top#PaintPrint,random,0.3801899982606505
Amanda,the-v-split-blouse#Salmon,aigli-top#White,random,0.3322276129153033
Clementine,the-swing-tank-top#Rose,the-pocket-tee#NavyStripe,random,0.39429082545361616
Tia,softly-swinging-bamboo-tee#White,belle-tie-neck-blouse-tee#White,random,0.18542059561081298
Mae-Lee,the-cut-out-shoulder-blouse#Salmon,the-boat-neck-top#Black,random,0.3641950766286099
Emma,sugar-snaps-layers-tank#Mint,falling-flowers-cardi#GreyMarle,random,0.6250208434206279
Anna Maria,falling-for-you-cardi#Khaki,natural-detailed-sweater#Tinroof,random,0.3212645207058615
Shadae,capri-tank-6#Olive,multi-pattern-print-top#NavyMulti,random,0.2303890564828681
Laura,belle-v-neck-forgiver-tunic#Charcoal,the-uneven-hem-knit-1#Sage,random,0.1233715476810839
Riina,the-shoulder-tie-top#Navy,longline-gather-back-shirt#Black,random,0.623532886632573
Clementine,the-curve-striped-tank#Marine,the-lace-trim-top#Black,random,0.38062526620666154
Emma,contrast-pocket-tunic#Pinkpocket,meredith-78-oversized-pullover-knit#CameoRose,random,0.8884507591883071
Tia,the-everyday-shirt#Cream,manhattan-stretch-tee#Black,random,0.04747468184968186
Marnee,moonlight-kisses-bamboo-tee#Black,belle-lace-trim-tee#GreyMarle,random,0.732851622104314
Gemma,kimberly-spliced-top#Zebraprint,belle-v-neck-forgiver-tunic#ArmyGreen,random,0.42196799842108046
Ljubenka,softly-swinging-bamboo-tee#Blush,icing-sugar-top#Ivory,random,0.09354449212403758
Emma,belle-v-neck-forgiver-tunic#BlueMarle,the-weekender-shirt#GreyStripe,random,0.4724618222702513
Kate,sugar-snaps-layers-tank#PeachyKeen,belle-tie-neck-blouse-tee#RoyalBlue,random,0.20498775008578932
Laura,the-asymmetrical-tank-top#HotPink,adventurous-hoody#Pink,random,0.3230800878198652
Amanda,the-sleeveless-cross-over-blouse#White,mauevewood-crew#YellowWhit,random,0.37344203986599533
Clementine,the-cross-over-blouse#Mint,the-cut-out-shoulder-blouse#Salmon,random,0.46395093278814215
Jess,wrap-me-up-bamboo-top#Black,the-essential-layering-tee#White,random,0.2404641654641654
Tia,suri-bell-sleeve-top#GreyMarle,tia-boyfriend-shirt#White,random,0.08531511330424374
Laura,belle-v-neck-forgiver-tunic#ArmyGreen,the-stitch-detail-top#Pink,random,0.3972424736491841
Marnee,hydrangea-kimono#Hydrangea,leah-knit-cardigan#Black,random,0.29504655638784855
Riina,the-panel-luxe-top#SilvWhite,runaway-top#SoftMint,random,0.34564684509811244
Summer,st-helens-henley-tee#Sapphire,the-blouson-sleeve-jumper#Grey,random,0.47426046176046177
Gemma,moonlight-kisses-bamboo-tee#Combat,butterfly-kisses-tee#MustardStr,random,0.2790133998949028
Sophie,long-sleeve-softly-swinging-bamboo-tee#Cashew,under-the-stars-blouse#Petal,random,0.15626811426037088
Jess,natural-crossover-knit-1#Stormcloud,print-tee-3#Bike,random,0.5676106301106301
Jude,falling-for-you-cardi#Rust,rama-top#Stonewash,random,0.6512136012136012
Jude,falling-for-you-cardi#Khaki,printed-v-neck-blouse#NavyWhite,random,0.24391337058003726
Anna,the-cut-out-shoulder-blouse#Clay,the-linen-tie-sleeve-top#GreyMarle,random,0.5012840136054422
Anna,belle-half-sleeve-forgiver-tunic#White,rib-tank-2#Black,random,0.2147222222222222
Tia,the-cut-out-shoulder-blouse#Clay,belle-half-sleeve-boat-tee#Black,random,0.09772395152829937
Clementine,the-stripe-crossover-blouse#Bluestripe,the-relaxed-long-sleeve-tee#Pink,random,0.32818638725615473
Laura,on-safari-blouse#Jewel,triangle-detail-long-sleeve-tee#Navy,random,0.31654846264470876
Mae-Lee,the-long-sleeve-scoop-neck-tee#Grey,the-printed-side-ring-detail-blouse#Block,random,0.07336604767288012
Ljubenka,the-drape-tee-1#White,the-wrap-jersey-top#JetBlack,random,0.04962960019778202
Laura,everyday-linen-tunic#BotanicalB,bella-ls-tee#GreenWhite,random,0.09996629218058659
Georgia,falling-for-you-top#Blue,the-panel-luxe-top#SilvWhite,random,0.2649318334402793
Riina,the-boat-neck-top-1#Ink,alberta-stripe-top#IvoryStrip,random,0.35262890085482845
Gemma,eco-78-long-cardigan#LightGreyM,the-cotton-bamboo-ls-top#Black,random,0.35587136167895195
Maddy,the-sleeveless-cross-over-blouse#Cobalt,malibu-cardigan#Wine,random,0.27412106491174704
Gemma,falling-for-you-cardi#Khaki,the-drape-tee-1#NavyStripe,random,0.44922128276032386
Tia,the-cross-over-blouse#Sunshine,holly-rib-long-sleeve-tee#Khaki,random,0.11003682593356508
Anneliese,paige-top#Black,zara-top#ZebraPrint,random,0.5047082072889657
Riina,the-high-low-drape-tee#Sage,capri-tank-3#White,random,0.2707884649482997
Sophia,eco-78-long-cardigan#LightGreyM,runaway-top#JetBlack,random,0.18511912381765164
Madeline,natural-rolled-neck-tunic#BlueDam,maui-stretch-tee#NavyWhtStr,random,0.3078315352541755
Kate,sugar-snaps-layers-tank#DuckEgg,the-cut-out-shoulder-blouse#Silver,random,0.22497536051457623
Georgia,long-sleeve-softly-swinging-bamboo-tee#Combat,the-cross-over-printed-blouse#Leopard,random,0.5857915738831229
Olivia,sugar-snaps-layers-tank#PeachyKeen,eco-78-long-cardigan#LightGreyM,random,0.05743746114504995
Riina,the-double-layer-top#Black,gloria-applique-crew#Charcoal,random,0.23365348183956103
Shadae,rib-tank-2#Navy,belle-two-in-one-top#Charcoal,random,0.3708149884539321
Summer,marlow-cardigan#Cream,lazy-daze-tee#Khaki,random,0.5975142045454546
Gemma,sequin-spot-shirt#Blue,york-linen-blend-top#BurntOrang,random,0.19319261966909554
Jess,softly-swinging-bamboo-tee#Storm,moonlight-kisses-bamboo-tee#Black,random,0.2839649933399933
Laura,belle-two-in-one-top#Charcoal,frill-blouse#Rust,random,0.18443072051542236
Laura,the-lace-trim-top#Black,verona-patchwork-top#Patchwork,random,0.12951878897778313
Lauren,the-cosy-cardigan#Blue,heartmade-cardi#DustyRose,random,0.17300234487734487
Laura,saba-top-2#Catus,agra-shirt#White,random,0.2191630745273332
Laura,the-weekender-shirt#DenimStrip,monaco-knot-top#HeatheGrey,random,0.10514444759856946
Perrie,rosie-bell-sleeve-denim-shirt#Stripe,knit-hoodie-1#Sage,random,0.26624419616872047
Jess,the-side-panel-drape-top#OffWhite,the-roll-neck-sleeveless-top-1#Black,random,0.2790775197025197
Georgia,the-cotton-bamboo-tank#DarkNavy,the-ruffle-sleeve-top#NavyStripe,random,0.3799893379463035
Stefania,cool-breeze-jumper#Dust,softly-swinging-bamboo-tee#Navy,random,0.3518635962394827
Alex,the-cotton-bamboo-tank#White,messina-v-neck-tee#White,random,0.3765125898207795
Stefania,the-high-low-drape-tee#Grey,sugar-snaps-round-neck-layer-tank#Black,random,0.40129585566162146
Palatina,on-the-horizon-swing-top-1#Khaki,the-v-neck-stripe-top#BlkStripe,random,0.3819640941115292
Riina,the-weekender-shirt#DenimStrip,layered-tee-2#White,random,0.347007260442719
Fiona,tie-back-bell-sleeve-top-5#Summerbud,sand-queen-throw-blouse#Fleur,random,0.3093603669093528
Amanda,the-luxe-long-sleeve-tee#GreyMarle,cara-tee-2#Blush,random,0.13729640275237348
Stefania,the-contrast-trim-knit#BlackWhite,belle-handkerchief-printed-cami#RustFlwrs,random,0.45368829836307917
Lauren,belle-twist-front-tee-1#Black,cotton-modal-print-top#PinkNavy,random,0.1104099025974026
Natalie,the-long-sleeve-v-neck-tee#Navy,nova-lux-solid-v-neck-placket-shirt#CloudDance,random,0.2501759305074496
Laura,belle-half-sleeve-forgiver-tunic#Black,sequin-star-tee#Navy,random,0.22938986308611936
Mae-Lee,belle-polka-dot-blouse#WhiteSpot,be-mine-top-1#Sage,random,0.32155047235964856
Ljubenka,sugar-snaps-layers-tank#NewBeige,the-reversible-cowl-neck-top-1#Black,random,0.0837051679381225
Jess,sequin-star-tee#Navy,sequin-spot-shirt#Blue,random,0.27702401764901763
Chelsea,the-cross-over-poncho#Grey,driftwood-gathering-blouse#Khaki,random,0.29202986279257465
Fiona,the-tie-front-tank#Navy,ruffle-sleeve-top-1#Black,random,0.22772966800310696
Marnee,the-relaxed-long-sleeve-tee#Black,the-longline-waterfall-cardi#Black,random,0.7714615989272668
Marnee,oregon-safari-embroidered-top#White,belle-half-sleeve-forgiver-tunic#BlueBonnet,random,0.4681076822374809
Fiona,falling-for-you-cardi#Black,the-drape-tee-1#Stripe,random,0.2546851129984486
Fiona,the-cross-over-printed-blouse#Leopard,layered-tee-2#Black,random,0.12597086963427495
Mae-Lee,sugar-snaps-layers-tank#PeachyKeen,llama-long-sleeve-shirt#Mustard,random,0.08415931806723383
Tia,capri-tank-3#Black,the-on-or-off-the-shoulder-top#Pink,random,0.4893451143451144
Laura,sugar-snaps-round-neck-layer-tank#DuckEgg,wellington-tee#Olive,random,0.24278428142946853
Chelsea,falling-for-you-cardi#GreyMarle,falling-for-you-cardi-1#GreyGarden,random,0.255367231638418
Mae-Lee,belle-off-the-shoulder-tee#Stripe,rib-tank-2#Khaki,random,0.06883961787240642
Clementine,the-everyday-shirt#Black,ynes#Black,random,0.16086634295936625
Natalia,messina-knit-1#Shiraz,for-the-frill-top#Ivory,random,0.3749310320778777
Natalia,printed-tunic-7#RedCheck,anna-top#Leona,random,0.3824443403196503
Maddy,natural-tie-tunic#BlueSky,belle-flute-sleeve-tee#Navy,random,0.6727940738939323
Kate,belle-half-sleeve-forgiver-tunic#Apricot,34-sleeve-shirt-1#SkyWhite,random,0.1081157676745912
Jess,the-batwing-tee#FrenchBlue,jewel-knit#GreyMarle,random,0.2188551032301032
Mae-Lee,the-sleeveless-cross-over-blouse#Mint,natural-classic-cardigan#Pebble,random,0.10882112910066166
Marnee,sugar-snaps-round-neck-layer-tank#Black,natural-detailed-sweater#Tinroof,random,0.3436491422758589
Jess,belle-ls-free-fall-tee#Airforce,the-essential-layering-tee#Ink,random,0.2404641654641654
Marnee,sugar-snaps-layers-tank#Mint,the-cross-over-blouse#Blue,random,0.5685241538354834
Anna,the-drape-tee-1#Black,marjorie-tie-blouse#BluePrint,random,0.2609920634920635
Sophia,the-box-top#Blush,love-song-relaxed-blouse#SagePearl,random,0.28712137877082367
Nadine,cable-knit-sweater#Camel,the-zip-detail-jacket#Grey,random,0.27101252041371804
Anna,the-relaxed-long-sleeve-tee#Navy,circles-knit#Plum,random,0.24789682539682542
Chelsea,falling-for-you-cardi#Dusty,the-sleeveless-cross-over-blouse#White,random,0.4144363332105134
Fiona,belle-v-neck-forgiver-tunic#Black,always-mine-spliced-cardigan#GreyEmeral,random,0.17168812527349012
Jess,softly-swinging-bamboo-tee#Cashew,the-panel-hem-top#DenimMarle,random,0.1886887418137418
Summer,nova-lux-solid-v-neck-placket-shirt#CloudDance,the-printed-v-split-top#Natural,random,0.46991341991342
Mae-Lee,long-sleeve-softly-swinging-bamboo-tee#Black,karmen-top#HighRiskRe,random,0.0986591637951929
Mae-Lee,butterfly-kisses-tee#Stripe,the-weekender-shirt#DenimStrip,random,0.18476271149368376
Sophia,the-contrast-detail-top#Ivory,the-printed-v-split-top#Natural,random,0.3113967712111514
Summer,verona-patchwork-top#Patchwork,the-double-layer-top#White,random,0.6123275162337662
Miranda,the-cotton-tie-detail-top#Ivory,belle-mid-length-knit-cardi#Black,random,0.6381953995783831
Fiona,stud-trim-long-sleeve-top#Mint,the-cross-over-blouse#Sunshine,random,0.28344333780755576
Emma,lola-bell-sleeve-top-entangled-vines#Gold,verona-patchwork-top#Patchwork,random,0.3033093124149159
Chelsea,the-cotton-cardi#Navy,haze-swing-top#OffWhite,random,0.49172778421120356
Riina,the-relaxed-batwing-top#Denim%20Blue,2-in-1-layered-knit-top#Khaki,random,0.46626794113255443
Ljubenka,sugar-snaps-layers-tank#Black,on-the-open-road-maxi-shirt#DarkOchre,random,0.35796657572225754
Mercy,belle-v-neck-forgiver-tunic#BlueMarle,spliced-lace-panel-tee#White,random,0.136744196715295
Laura,the-cotton-bamboo-tee#DuckEgg,napoleon-top-1#NemoBlue,random,0.13190803867417683
Nathalie,the-everyday-shirt#Midnight,beach-walk-shirt#Stormy,random,0.6389092887256902
Amanda,the-sleeveless-cross-over-blouse#Mint,oversize-contrast-hood-top#Steel,random,0.7081572799706718
Riina,selma-top-1#IndoStripe,the-textured-spot-top#Pink,random,0.5541877146403374
Sophia,geena-xo-ls-pullover-knit#Allure,the-stitch-detail-top#Pink,random,0.34204488325498017
Lauren,belle-square-neck-drape-tee#Vanilla,first-mix-top-1#BlackWhite,random,0.12016594516594518
Jess,blue-waters-cotton-blouse#White,messina-knit#Cognac,random,0.40350031912531914
Jess,butterfly-blouse-1#Ivory,dream-girl-ruffle-jumper#SoftPink,random,0.129983904983905
Laura,manhattan-stretch-tee#NavyWhtStr,the-check-pullover#PinkCheck,random,0.6761163927571862
Summer,block-sweater#Block,panelled-stripe-top#NavyWhite,random,0.3383658008658009
Chelsea,the-drape-tee-1#Black,meredith-78-oversized-pullover-knit#WhiteCapGr,random,0.8042694552642969
Kate,belle-half-sleeve-forgiver-tunic#Black,cara-tee-4#Black,random,0.0949510003431572
Stefania,snug-as-a-bug-jumper#Smoke,sadie-crew#GreyMarle,random,0.2872858440813787
Jess,belle-v-neck-forgiver-tunic#Charcoal,rising-mist-jumper#Nickel,random,0.06477272727272732
Lauren,belle-drape-tee#Black,the-on-or-off-the-shoulder-top#FrenchNavy,random,0.33816964285714285
Stacey,endeavor-long-sleeve-tee#Stripe,the-twist-front-top#Navy,random,0.3818398851719491
Ljubenka,falling-for-you-cardi#Port,fundamental-stripe-long-sleeve-tee#WhiteBlack,random,0.05905978491205764
Jess,the-spotted-tunic#NavySpot,monaco-knot-top#HeatheGrey,random,0.11529373404373405
Georgia,frill-me-tie-throw-on#WhiteBlk,soho-ruffle-jumper#OatmealMar,random,0.3000325386152769
Emma,hem-frill-stripe-top#Frilled,weekend-cardigan#Black,random,0.33972048399131727
Laura,the-lace-trim-top#Ivory,drama-top#BlackGrey,random,0.17124838566626555
Laura,the-everyday-shirt#Pink,frill-blouse#Rust,random,0.18443072051542236
Georgia,softly-swinging-bamboo-tee#Blush,nova-lux-long-sleeve-tie-top-1#SimplyGree,random,0.2943889983764803
Madeline,print-tee-3#Boats,henson-jumper#Cream,random,0.13009494839939864
Laura,the-cotton-bamboo-tank#Moonbeam,meadow-cardigan#Cream,random,0.15767029502936952
Tia,capri-tank-3#NavyStripe,the-wrap-jersey-top#JetBlack,random,0.05535478280043498
Laura,the-sleeveless-cross-over-blouse#Sunshine,the-layered-cross-over-top#Navy,random,0.28990327679378525
Jess,softly-swinging-bamboo-tee#Blush,the-oversize-knit#GreyMarle,random,0.41647727272727275
Perrie,the-short-sleeve-wrap-jersey-top#NavyWhite,the-textured-spot-top#Pink,random,0.5293617578656609
Anneliese,tracie-top#Black,cara-tee-3#Mustard,random,0.22753921523233323
Lauren,the-tie-front-tank#White,tia-boyfriend-shirt#White,random,0.11003449675324675
Jess,the-printed-v-neck-tee#White,daylight-cardi#Silver,random,0.12900883838383836
Natalia,geena-xo-ls-pullover-knit#WhiteCapGr,reversible-stripe-vee-scoop-neck-tank#BlackWhite,random,0.11628369628958043
Mae-Lee,the-sleeveless-cross-over-blouse#Salmon,the-contrast-knit-1#Navy,random,0.12477853511325149
Gemma,cara-tee-3#ZebraPrint,fundamental-vee-tee#Black,random,0.21765675514194893
Natalia,the-relaxed-long-sleeve-tee-1#Ink%20Stripe,cross-over-top-with-pocket#Emerald,random,0.3094919012823053
Ljubenka,the-everyday-shirt#Midnight,layer-top-1#Navy,random,0.029487179487179504
Marnee,chill-out-slouch-top#Mustard,knit-hoodie-1#Sage,random,0.2795693750866972
Kate,sugar-snaps-layers-tank#Red,clio-knit-jumper#InkWhite,random,0.2597815764482431
Marnee,long-sleeve-softly-swinging-bamboo-tee#Black,fundamental-sydney-crew#Burgundy,random,0.39882893778610073
Natalie,the-cut-out-shoulder-blouse#Blue,elcos-top#LightGrey,random,0.3079737013495054
Fiona,the-wrap-jersey-top-1#NavyStripe,the-roll-neck-sweater#Natural,random,0.13806969935523458
Lauren,belle-drape-tee#Sliver,crushed-top#Blue,random,0.14154604076479077
Fiona,the-cosy-cardigan#Blue,the-long-sleeve-scoop-neck-tee#Black,random,0.10619222143208795
Palatina,falling-for-you-cardi#Dusty,animal-button-up-shirt#KhakiPrint,random,0.0614546061252055
Georgia,wrap-me-up-bamboo-top#Black,sontana-blouse#Stone,random,0.5131427446646368
Jess,rika-top#BatikTile,tab-sleeve-longline-shirt#Navy,random,0.3963855588855589
Perrie,the-short-sleeve-wrap-jersey-top#Blue,always-mine-spliced-cardigan#GreyEmeral,random,0.3853420651670696
Gemma,floral-nehru-print-shirt#Pink,mila-knit-cardigan#InkWhite,random,0.21174556239111342
Clementine,the-sleeveless-cross-over-blouse#Cobalt,diva-ruffle-jumper#Gold%20Spot,random,0.34049578328648095
Mae-Lee,the-short-sleeve-wrap-jersey-top#Black,first-love-kimono-jacket#Stone,random,0.2349624060150376
Sophie,the-relaxed-long-sleeve-tee#Black,milan-stretch-top#Black,random,0.10417530478371187
Mae-Lee,the-drape-tee-1#Black,pure-merino-fine-rib-v-neck#Charcoal,random,0.2157291434677641
Jess,softly-swinging-bamboo-tee#Black,agra-shirt#White,random,0.20111069486069483
Georgia,long-sleeve-softly-swinging-bamboo-tee#Black,knit-hoodie-1#Sage,random,0.2952113725837988
Mae-Lee,the-cross-over-blouse#Black,the-swing-tank-top#Rose,random,0.24568526793845138
Palatina,collared-shirt-1#White,paradising-buttoned-shirt#Wheat,random,0.09370664963913401
Jess,oregon-safari-embroidered-top#White,marlow-cardigan#Cream,random,0.1831494893994894
Monique,the-cotton-bamboo-tank#Chambray,st-helens-henley-tee#Sapphire,random,0.26446591519055285
Laura,falling-for-you-cardi#Teal,the-shoulder-tie-top#White,random,0.3743764789432164
Anna,the-short-sleeve-wrap-jersey-top#Blue,messina-v-neck-tee#Black,random,0.29185374149659865
Georgia,summer-whispers-kimono-1#Peacock,the-contrast-knit-1#Sage,random,0.504980336599323
Katie,long-sleeve-ruffle-shirt#Navy,the-midi-waterfall-cardi#BlueMarle,random,0.526745081046388
Jess,natural-textured-poncho#Deeprain,melbourne-stretch-cardigan#Black,random,0.138974913974914
Clementine,sugar-snaps-layers-tank#Black,llama-long-sleeve-shirt#Mustard,random,0.34430530709600476
Clementine,the-high-low-drape-tee#Sage,the-cross-over-poncho#Navy,random,0.2980385893176591
Laura,the-long-sleeve-v-neck-tee#Navy,sky-jumper-1#Clouds,random,0.3243952024905609
Alex,the-cross-over-blouse#RoyalBlue,sugar-snaps-layers-tank#Mint,random,0.5401176529409288
Jess,the-batwing-tee#Stone,silver-cross-sweater#Silver,random,0.12959540459540458
Mae-Lee,sugar-snaps-layers-tank#Mint,willow-knot-top#WhiteBlk,random,0.08203169052511838
Jess,the-bamboo-tunic-dress#Khaki,the-cape-jersey-top#DarkNavy,random,0.1486575924075924
Jude,falling-for-you-cardi#Dusty,rib-tank-2#Navy,random,0.28162368495701834
Laura,maui-stretch-tee#Navy,paisley-top-1#Paisley,random,0.194965794986295
Georgia,softly-swinging-bamboo-tee#BlueJeans,tuck-layer-shirt#White,random,0.7886567377406335
Summer,alberta-stripe-top#IvoryStrip,henson-jumper#Cream,random,0.12982954545454545
Charlotte,natural-rolled-neck-tunic#BlueDam,lavaux-bell-sleeve#Mustard,random,0.8147203021661376
Laura,sugar-snaps-layers-tank#Blue,capri-tank-3#White,random,0.11678608203221551
Jess,double-layered-top-1#WBlack,the-contrast-detail-top#Ivory,random,0.16054292929292932
Stacey,voyager-stripe-crew#Stripe,the-printed-v-split-top#Natural,random,0.3705797557173904
Mae-Lee,natural-extra-fine-sweater#Snowgum,floral-embroidered-jumper#Navy,random,0.19070065507188577
Ljubenka,belle-v-neck-forgiver-tunic#ArmyGreen,the-spotted-tunic#GreySpot,random,0.2941187442607897
Stacey,floating-by-you-blouse#SeaFleur,faith-jumper#Eventide,random,0.1016311645051717
Laura,forget-me-knot-tunic#ForgetMeK,the-daily-cross-over-top#SkyBlue,random,0.17057671868881805
Anna,the-long-sleeve-v-neck-tee#Navy,butterfly-kisses-tee#Stripe,random,0.3030952380952381
Madeline,cara-tee-4#Black,capri-tank-3#NavyStripe,random,0.29928437483446735
Sophia,falling-for-you-cardi#Black,cross-over-top-with-pocket#Emerald,random,0.2345190536799021
Anna,the-cross-over-blouse#Silver,belle-ls-free-fall-tee#Airforce,random,0.5070975056689343
Madeline,analia-jersey-top#Black,contrast-stripe-sweater#Pockets,random,0.6204800643985228
Shadae,fundamental-stripe-long-sleeve-tee#WhiteBlack,jersey-split-back-hooded-top#NavyStrip,random,0.5638730078225545
Marnee,softly-swinging-bamboo-tee#Chambray,haze-swing-top#OffWhite,random,0.5636533615388172
Laura,the-half-sleeve-tee#Black,the-fleck-roll-neck-knit#Oatmeal,random,0.2250321642333725
Gemma,tab-sleeve-longline-shirt#Pink,butterfly-kisses-tee#Green,random,0.2790133998949028
Maddy,the-everyday-shirt#Black,multi-sequin-dot-stripe-top#Navy,random,0.22772140478820735
Jess,softly-falling-bamboo-tunic#White,falling-for-you-cardi-2#WinterRose,random,0.25909090909090904
Fiona,belle-paint-brush-print-top#PaintPrint,the-flutter-sleeve-top#Denim,random,0.24729151752552148
Laura,falling-for-you-cardi#Navy,cotton-cashmere-v-neck-knit#Navy,random,0.18476989328152388
Summer,fundamental-vee-tee#Pink,merino-boyfriend-cardigan#MelangeStr,random,0.20384199134199135
Riina,the-zip-front-top#Rose,foil-spot-tee-1#Navy,random,0.3343247811601777
Emma,the-bonded-cotton-shirt#Pink,the-contrast-knit-1#Sage,random,0.47018367745139766
Laura,the-relaxed-long-sleeve-tee#Khaki,striped-cardigan-3#Rainbow,random,0.03995589801337176
Marnee,the-crossover-2-way-blouse#Black,mauevewood-crew#YellowWhit,random,0.4156232660563185
Jess,the-crossover-2-way-blouse#Black,skipping-stones-tunic#Forest,random,0.3767107892107892
Clementine,the-striped-top#BlueStripe,floating-by-you-blouse#SeaFleur,random,0.6431114234602607
Jess,sugar-snaps-layers-tank#Blue,anna-top#Leona,random,0.34109050671550667
Anna,waterfall-cardi-1#Black,the-check-pullover#PinkCheck,random,0.833296485260771
Natalia,clovis-shirt#NavyGold,the-longline-cardi-1#Nude,random,0.18080731150038082
Nadine,monaco-sweater#BlackCream,jade-kimono-sweet-blossoms#Blue,random,0.3605483423867932
Denniel,the-batwing-tee#FrenchBlue,the-cross-front-spot-blouse#NavySpot,random,0.5616881579663531
Mae-Lee,the-batwing-tee#Stone,the-cross-over-top#GreyStripe,random,0.20198396002304367
Tia,pattern-tunic-1#Lattice,daisy-top-1#BrightBlue,random,0.11232883841579494
Amanda,the-cosy-cardigan#Grey,foil-spot-tee-1#Navy,random,0.3160708087469629
Denniel,the-cross-over-blouse#Blue,natural-detailed-sweater#Tinroof,random,0.2651327236792214
Denniel,the-cross-over-blouse#Black,paradise-cardi#MultiStrip,random,0.3670712583487463
Ljubenka,softly-swinging-bamboo-tee#TeaRose,the-spotted-tunic#NavySpot,random,0.2941187442607897
Madeline,cara-tee-4#BlackWhite,flying-free-top-3#WhiteBird,random,0.5319963701287721
Fiona,frill-me-tie-throw-on#WhiteBlk,the-sleeveless-cross-over-blouse#Chambray,random,0.22310976806434468
Amanda,the-multi-stripe-cardi#Stripe,moonlight-kisses-bamboo-tee#Combat,random,0.47812567031578446
Fiona,natural-waterfall-cardigan#Fallendust,the-zip-front-blouse#Navy,random,0.3253618818581585
Amanda,the-stitch-v-neck-knit#DenimMarle,sequin-spot-shirt#Blue,random,0.45177811621276937
Fiona,the-luxe-long-sleeve-tee#GreyMarle,beach-walk-shirt#Khaki,random,0.46733220283354304
Lauren,the-twist-front-top#Grey,the-stripe-jersey-top#Blue,random,0.15222988816738814
Shadae,rib-tank-2#Khaki,geena-xo-ls-pullover-knit#Allure,random,0.19083609531973744
Alex,the-sleeveless-cross-over-blouse#Cobalt,the-contrast-trim-knit#BlackWhite,random,0.3047892720306513
Jess,starry-night-cardi#Chalk,animal-knit-1#Animal,random,0.2006007881007881
Georgia,skipping-stones-tunic#Forest,leah-knit-cardigan#WhiteBlk,random,0.32093310114205525
Katie,messina-knit-1#Shiraz,marjorie-tie-blouse#BluePrint,random,0.34049369966878895
Nathalie,the-wrap-jersey-top#Charcoal,floating-by-you-blouse#SeaFleur,random,0.664424832283926
Jess,long-sleeve-softly-swinging-bamboo-tee#Fern,contrast-pocket-tunic#Pinkpocket,random,0.4313778813778814
Fiona,sugar-snaps-throw-jacket#Duckegg,cross-over-top-with-pocket#BlackWhite,random,0.23833173550591635
Natalie,the-batwing-tee#FrenchBlue,waterfall-cardi-1#Black,random,0.303778858312505
Jess,waterfall-cardi-1#Black,clara-blouse#DarkFloral,random,0.1486700799200799
Mae-Lee,the-batwing-tee#Black,cable-knit-sweater#Camel,random,0.09366833710550548
Emma,sugar-snaps-layers-tank#Red,luxe-shirt#Black,random,0.31247089791151095
Chesska,diva-ruffle-jumper#Gold%20Spot,summer-haze-top#Teal,random,0.5509286527197903
Fiona,the-boat-neck-top-1#Ink,belle-half-sleeve-boat-tee#White,random,0.12997461289733128
Nikki,the-drape-tee-1#NavyStripe,daylight-jumper#Silver,random,0.5478926754102854
Amanda,the-cross-front-spot-blouse#Spot,capri-tank-3#NavyStripe,random,0.2544407567597081
Ljubenka,the-drape-tee-1#NavyStripe,clovis-shirt#NavyGold,random,0.04338556014692378
Charlotte,natural-overlay-knit#Greybloss,34-sleeve-shirt-1#SkyWhite,random,0.18866352959905047
Madeline,layered-top-2#Navy,2-in-1-layered-top-1#PinkWhite,random,0.3424344868196478
Georgia,sunshine-in-me-tee-1#White,belle-nautical-applique-tee#BlueStripe,random,0.5670952500577535
Amanda,the-relaxed-batwing-top#PeachRose,heart-spliced-top#Navy,random,0.38738753319891267
Mae-Lee,belle-half-sleeve-forgiver-tunic#MutedClay,grace-oversized-knit#StoneBlack,random,0.18568533148943026
Emma,paint-stroke-top#Strokes,sugar-snaps-round-neck-layer-tank#DuckEgg,random,0.5788721615230237
Emma,long-sleeve-softly-swinging-bamboo-tee#Combat,marlow-cardigan#Cream,random,0.3913947336720325
Marnee,the-relaxed-long-sleeve-tee#Khaki,hannah-tee-1#Black,random,0.2593793348592037
Ljubenka,layered-tee-2#White,the-boat-neck-top-1#NavyWhite,random,0.18999633573497207
Chelsea,natural-rolled-neck-tunic#BlueDam,the-short-sleeve-wrap-jersey-top#Black,random,0.18356663640032284
Tia,the-everyday-shirt#Rose,eco-78-long-cardigan#LightGreyM,random,0.03272932022932022
Summer,rib-tank-2#Navy,hydrangea-kimono#Hydrangea,random,0.42040043290043294
Chelsea,malibu-cardigan#Navy,square-nk-fray-trim-top#Denim,random,0.21786788960241432
Denniel,the-batwing-tee#Black,oregon-safari-embroidered-top#White,random,0.24830965786998418
Monique,the-open-sleeve-blouse#Berry,the-cotton-bamboo-ls-top#Black,random,0.399129923574368
Shadae,clio-knit-jumper#StoneBlack,the-blouson-sleeve-jumper#Navy,random,0.442476001640369
Fiona,the-luxe-dobby-blouse#White,ditzy-floral-ruffle-blouse#DitzyFlora,random,0.13220183493073573
Ljubenka,softly-swinging-bamboo-tee#White,the-bonded-cotton-tunic-dress#Navy,random,0.31091299798686167
Laura,printed-v-neck-top#Striped,longline-gather-back-shirt#Black,random,0.4068268325661215
Emma,aztec-cardigan#Orange,the-oversized-cotton-blend-shirt#Sand,random,0.823007371911826
Clementine,sugar-snaps-layers-tank#Mint,fundamental-vee-tee#Navy,random,0.24902887809864555
Marnee,softly-swinging-bamboo-tee#Storm,boho-embroidered-top#BohoDenim,random,0.3454397281176307
Jess,softly-swinging-bamboo-tee#Starfish,dahlia-lace-trim-blouse#Dusk,random,0.13552523865023863
Fiona,the-stitch-v-neck-knit#DenimMarle,jersey-split-back-hooded-top#NavyStrip,random,0.3176878219933625
Tia,the-cross-over-blouse#White,tracie-top#Black,random,0.23176099385338517
Miranda,the-reversible-cowl-neck-top-1#Black,annabelle-sweater#Midnight,random,0.8277386198198045
Jess,double-layered-top-1#WSilver,rory-spliced-zip-hoodie#Slate,random,0.14278533966033968
Laura,sugar-snaps-layers-tank#Mint,ditzy-floral-ruffle-blouse#DitzyFlora,random,0.18002499990301
Kate,sugar-snaps-layers-tank#Mint,the-box-top#Blush,random,0.24936795230912878
Katie,longline-cardigan-2#Pink,belle-off-the-shoulder-tee#Stripe,random,0.43684415162459594
Chelsea,relaxed-cape#WhiteBlack,the-cross-over-blouse#Blue,random,0.4904292008807945
Marnee,the-everyday-shirt#Rose,agra-shirt#White,random,0.41949212789568596
Ljubenka,the-drape-tee-1#Navy,mila-knit-cardigan#Clay,random,0.10163390902027265
Jess,the-print-contrast-34-sleeve-top#Animal,the-flutter-sleeve-top#Denim,random,0.2726310726310726
Maddy,sontana-blouse#Stone,geneva-v-neck-top#ClaySpot,random,0.331741711630568
Sophia,eco-78-long-cardigan#DarkGreyM,star-and-spot-sweater#SilverMult,random,0.16263245857335892
Anna,the-half-sleeve-tee#White,ruffle-sleeve-top-1#Black,random,0.40200680272108846
Laura,the-long-sleeve-v-neck-tee#White,the-soft-knit-jumper#PinkStripe,random,0.11725121664708844
Natalie,sugar-snaps-layers-tank#Blue,cross-over-top-with-pocket#BlackWhite,random,0.4612485568200561
Marnee,on-safari-blouse#Jewel,natural-tie-tunic#BlueSky,random,0.313126170411985
Stefania,the-cross-over-poncho#Navy,the-long-sleeve-scoop-neck-tee#Navy,random,0.14173459602013905
Laura,runaway-top#Sand,the-belle-sleeve-print-top#NavyPrint,random,0.40321539290414327
Anna,the-cross-over-blouse#Blue,natural-cosy-sweater#Rosered,random,0.2695238095238095
Clementine,the-sleeveless-cross-over-blouse#Sunshine,falling-for-you-cardi#Black,random,0.2628571428571428
Miranda,york-linen-blend-long-cardigan#BurntOrang,the-contrast-knit-1#Sage,random,0.4756716525502769
Georgia,skipping-stones-tunic#Natural,emerald-knit#Emerald,random,0.3148610209861695
Georgia,cyrus-top#LightRose,grace-oversized-knit#StoneBlack,random,0.5918110538458236
Marnee,long-sleeve-softly-swinging-bamboo-tee#Smoke,messina-v-neck-tee#Black,random,0.38592839679567215
Anna,layered-tee-2#Black,belle-v-neck-forgiver-tunic#DenimMarl,random,0.397468820861678
Marnee,the-pirate-in-me-shirt#White,crushed-top#Blue,random,0.48819314398668334
Emma,belle-v-neck-forgiver-tunic#White,holly-rib-long-sleeve-tee#WhiteGrey,random,0.11072604691498371
Anna,the-drape-tee-1#Navy,gloria-applique-crew#Charcoal,random,0.17099773242630387
Marnee,frill-me-tie-throw-on#WhiteBlk,the-cotton-blend-stripe-jumper#BlueStripe,random,0.2789152448328478
Anna,the-batwing-tee#Stone,lucy-rib-oversized-top#Black,random,0.28307823129251697
Riina,the-panel-hem-top#Khaki,the-crossover-2-way-blouse#Black,random,0.2934826483506912
Lauren,the-sleeve-detail-knit#Ivory,square-nk-fray-trim-top#Denim,random,0.10376307720057722
Monique,alberta-stripe-top#IvoryStrip,melbourne-stretch-cardigan#Black,random,0.24429108197224142
Jess,natural-cross-back-knit#Lightsmoke,stripe-me-happy-blouse#Ash,random,0.20214646464646463
Fiona,the-tie-layering-knit#Grey,raspberry-ls-tee#WhiteRaspb,random,0.12192758877484142
Mae-Lee,belle-half-sleeve-forgiver-tunic#Black,sequin-star-tee#Navy,random,0.12934349771859238
Nadine,the-everyday-shirt#Midnight,side-buttoned-sweater#Buttoned,random,0.15162629286880783
Ljubenka,the-stella-tee#Marine,wildflower-shirt#White,random,0.0901376086035177
Georgia,baobab-sweater#Bark,elcos-top#LightGrey,random,0.36744615210307807
Georgia,runaway-top#Sand,spiced-stripe-tee#NavyWhite,random,0.394158803558126
Nadine,half-sleeve-fluffy-knit#Ivory,the-sleeveless-cross-over-blouse#Mint,random,0.3741721685004967
Fiona,printed-v-neck-top#Striped,relaxed-cape#WhiteBlack,random,0.34930294999812167
Maddy,the-cross-over-blouse#Black,fundamental-split-hoodie-1#Khaki,random,0.44197865127884245
Marnee,blue-waters-cotton-blouse#White,ines-top#NavyStrip,random,0.31623686537661255
Tia,wrap-me-up-bamboo-top#BlueJeans,ruffle-top-4#Terracotta,random,0.08368829075350814
Perrie,the-button-up-swing-tunic#Wine,weekend-cardigan#Black,random,0.30700209976220216
Gemma,geena-xo-ls-pullover-knit#WhiteCapGr,long-sleeve-layer-top#White,random,0.35645336177767717
Fiona,nuzuri-longline-cardi#Forest,bo-cosy-cardigan#Blossom,random,0.13603479829994639
Lisa,seeker-knot-front-shirt#Olive,the-curve-striped-tank#Marine,random,0.5294313369630973
Gemma,tuck-layer-shirt#White,the-relaxed-long-sleeve-tee#Black,random,0.3218430754048588
Clementine,the-stripe-tank-1#Hazelnut,eco-78-long-cardigan#LightGreyM,random,0.18946843853820597
Chelsea,the-high-low-drape-tee#Sage,2-in-1-jumper#Navy,random,0.36308657490262136
Sophie,the-relaxed-long-sleeve-tee#Navy,milan-stretch-top#White,random,0.10417530478371187
Fiona,belle-deep-v-mesh-top#Black,back-to-you-top#Rust,random,0.0982618773469717
Alex,the-cotton-bamboo-tee#White,the-frill-wrap-blouse#Spot,random,0.342969758729457
Miranda,the-asymmetrical-tank-top#HotPink,2-in-1-layered-knit-top#PalePink,random,0.49245623814443173
Marnee,the-cotton-bamboo-tank#White,softly-swinging-bamboo-singlet#BlueJean,random,0.6046698354487445
Ljubenka,sugar-snaps-layers-tank#PeachyKeen,the-sleeveless-cross-over-blouse#Mint,random,0.14916991152786607
Kate,the-wrap-jersey-top#NavyWhite,floating-by-you-blouse#SeaFleur,random,0.36064031738051344
Summer,fundamental-sydney-crew#Burgundy,kimberly-spliced-top#Zebraprint,random,0.2772186147186147
Riina,the-dobby-sleeve-tee#InkBlue,the-define-flute-sleeve-blouse#White,random,0.4579477875713912
Gemma,meredith-78-oversized-pullover-knit#WhiteCapGr,capri-tank-3#Black,random,0.2267102833440605
Gemma,falling-for-you-cardi#Port,the-tie-detail-hoody#Pink,random,0.27570283762480297
Ljubenka,ponte-spot-top#BlackWhite,the-oversized-cotton-blend-shirt#Navy,random,0.3921246997951543
Stacey,square-peg-pullover#SilverMix,the-short-sleeve-wrap-jersey-top#Black,random,0.07357144949490722
Sophia,the-shoulder-tie-top#White,the-multi-stripe-cardi#Stripe,random,0.361769433183984
Palatina,bird-print-jumper#Navy,fundamental-split-hoodie-1#Khaki,random,0.2943958395039668
Natalie,the-cut-out-shoulder-blouse#Black,softly-swinging-bamboo-tee#White,random,0.4715135838651424
Gemma,triangle-detail-long-sleeve-tee#Navy,belle-drape-tee#Sliver,random,0.40660813993722883
Anna,the-cotton-bamboo-tank#DarkNavy,long-sleeve-layer-top#White,random,0.3295294784580499
Anna Maria,the-bell-sleeve-top#Grey,back-to-you-top#BlackMagic,random,0.1259306830274009
Chelsea,relaxed-cape#Black,the-essential-layering-tee#Ink,random,0.39610909335485606
Sophie,the-define-flute-sleeve-blouse#White,belle-drape-tee#Black,random,0.07420213451739999
Sophie,long-sleeve-softly-swinging-bamboo-tee#DuckEgg,aztec-cardigan#BlackIvory,random,0.1053718773851517
Marnee,runaway-top#JetBlack,york-linen-blend-long-cardigan#BurntOrang,random,0.42196798272992087
Olivia,sugar-snaps-layers-tank#Red,the-relaxed-long-sleeve-tee#Navy,random,0.21232103328222673
Tia,still-the-one-ruffle-blouse#Spot,bertie-top#Black,random,0.11931880668293712
Anna,linen-v-neck-cami-2#BlueWhite,batty-about-you-cotton-tee#BlkWhite,random,0.4723866213151927
Chelsea,colourblock-cardi#NavyRed,fundamental-stripe-long-sleeve-tee#WhiteBlack,random,0.2548005053163491
Sophie,belle-half-sleeve-forgiver-tunic#White,the-cut-out-shoulder-blouse#Silver,random,0.12333323019163728
Georgia,butterfly-kisses-tee#MustardStr,the-colour-block-pullover#Sage,random,0.2868917937545389
Mae-Lee,sugar-snaps-layers-tank#Blue,the-define-flute-sleeve-blouse#Black,random,0.12474135703514685
Nadine,mauevewood-crew#YellowWhit,for-the-frill-top#Ivory,random,0.46352802793765957
Georgia,cross-my-heart-bamboo-slouch-tee#White,cara-tee-3#ZebraPrint,random,0.2595047167949952
Amanda,the-stripe-jersey-top#Pink,the-tie-front-top#Black,random,0.3618524505770078
Georgia,kimono-and-me-cardi#DustyPink,block-vest#Blockvest,random,0.3061515874095557
Fiona,softly-falling-bamboo-tunic#White,picnic-top#BlackWhite,random,0.10718260698783892
Mae-Lee,the-cotton-bamboo-tank#Moonbeam,capri-tank-3#Navy,random,0.0728871760887747
Laura,the-tie-front-tank#White,the-button-up-swing-tunic#Wine,random,0.49933345698530607
Amanda,the-soft-knit-jumper#PinkStripe,the-cut-out-shoulder-blouse#Black,random,0.45832790580673843
Emma,batty-about-you-cotton-tee#BlkWhite,bella-ls-tee#GreenWhite,random,0.2667832772538232
Jess,belle-cowl-swing-sweater#Green,falling-flowers-blouse#DustyPink,random,0.12174908424908426
Sophia,layered-sleeve-top#DarkBlue,the-long-sleeve-v-neck-tee#Navy,random,0.09087601681344094
Mae-Lee,the-long-sleeve-v-neck-tee#Black,partly-cloudy-knit#PawPaw,random,0.20758385530505227
Georgia,layer-me-cotton-candy-top#Cream,layer-top-1#Navy,random,0.27925005258124297
Amanda,the-wrap-jersey-top-1#NavyStripe,aldis-blouse#Pearl,random,0.5349515812627483
Jess,westward-top#BotanicalD,cascade-hood-top#Black,random,0.22787386224886225
Tia,the-drape-tee-1#Black,triangle-detail-long-sleeve-tee#Navy,random,0.2230709997014345
Mae-Lee,the-stripe-button-through-top#Coral,spiced-stripe-tee#NavyWhite,random,0.0844187414429423
Natalie,the-sleeveless-cross-over-blouse#White,natural-cross-back-knit#Lightsmoke,random,0.31600051313064675
Mae-Lee,long-sleeve-softly-swinging-bamboo-tee#Fern,tracie-top#Black,random,0.17572755490482736
Amanda,the-daily-cross-over-top#SkyBlue,meadow-cardigan#Cream,random,0.2828010132249648
Perrie,the-everyday-shirt#Midnight,birds-tee-1#Navy,random,0.24975507844946693
Shadae,rib-tank-2#Black,the-stitch-detail-top#Pink,random,0.5861960959812753
Sophia,the-pocket-tee#NavyStripe,striped-cardigan-3#Rainbow,random,0.04622857549249698
Natalia,paint-stroke-top#Strokes,st-helens-henley-tee#Sapphire,random,0.1364939647391058
Chesska,dream-girl-ruffle-jumper#SoftPink,belle-half-sleeve-forgiver-tunic#Black,random,0.38448870825960124
Palatina,moonlight-kisses-bamboo-tee#Black,rory-spliced-zip-hoodie#Slate,random,0.11817667477002736
Olivia,the-sleeveless-cross-over-blouse#Black,belle-poncho-sleeved-knit#BlueMarle,random,0.4637466003118156
Mae-Lee,softly-swinging-bamboo-tee#Black,frill-sleeve-top-1#LeafPrint,random,0.07097314480686151
Clementine,the-high-low-drape-tee#Grey,shirt-in-a-box#Silver,random,0.18214669051878352
Amanda,the-stripe-button-through-top#Coral,the-cross-over-blouse#Blue,random,0.5210322180578685
Katie,spliced-stripe-tunic#Navy,overlay-top-2#Black,random,0.3159845490545762
Ljubenka,the-cross-over-blouse#Blue,the-twist-front-top#Navy,random,0.2614316239316239
Riina,the-v-neck-stripe-top#BlkStripe,striped-cardigan-3#Rainbow,random,0.16023741087759902
Palatina,2-in-1-layered-knit-top#PalePink,the-v-split-blouse#Salmon,random,0.24635955268720303
Fiona,the-pirate-in-me-shirt#White,ruffle-top-4#Terracotta,random,0.11737865191582121
Nadine,funnel-neck-knit-jumper#BlueMulti,eco-78-long-cardigan#LightGreyM,random,0.14025294050356135
Georgia,the-cotton-bamboo-tank#White,long-sleeve-ruffle-shirt#Navy,random,0.5214443453237294
Maddy,the-short-sleeve-wrap-jersey-top#Blue,roll-neck-jumper-3#GreyMarl,random,0.15481016110868617
Stacey,multi-pattern-print-top#NavyMulti,rise-top#Ink,random,0.17140581714553538
Nikki,the-drape-tee-1#Stripe,relaxed-cape#Black,random,0.644303931826108
Laura,softly-swinging-bamboo-tee#Storm,kimberly-spliced-top#Black,random,0.12860354357277876
Alex,the-cotton-bamboo-tank#Chambray,softly-swinging-bamboo-tee#Blush,random,0.5163513875439163
Maddy,the-cross-over-blouse#Mint,layla-long-line-kimono#MultiStrip,random,0.5454983185428923
Olivia,the-sleeveless-cross-over-blouse#Chambray,geena-xo-ls-pullover-knit#WhiteCapGr,random,0.08640836164556259
Laura,the-oversized-cotton-blend-shirt#Navy,meredith-78-oversized-pullover-knit#CameoRose,random,0.6217576440962562
Stacey,the-soft-knit-jumper#NavyStripe,sugar-snaps-throw-jacket#Black,random,0.5264499073986616
Shadae,not-today-buttoned-cardigan#Almond,printed-v-neck-top#Striped,random,0.366504861144199
Ljubenka,softly-swinging-bamboo-tee#Navy,shell-top-3#PapBlue,random,0.12510727908455183
Ljubenka,belle-v-neck-forgiver-tunic#DenimMarl,sunshine-in-me-tee-1#White,random,0.11335470085470084
Chelsea,ava-short-sleeve-linen-tee#Navy,belle-square-neck-drape-tee#Vanilla,random,0.3824913587395164
Chelsea,falling-for-you-cardi#Rust,great-scot-merino-carcoat#Twilight,random,0.27211811769659966
Gemma,relaxed-animal-print-blouse#Leopard,the-daily-cross-over-top#SkyBlue,random,0.2814831844456122
Natalie,the-everyday-shirt#Black,on-the-horizon-swing-top-1#Khaki,random,0.6751763886598127
Jess,birds-tee-1#Navy,driftwood-gathering-blouse#Khaki,random,0.18257575757575756
Fiona,natural-overlay-knit#Greybloss,printed-tunic-7#RedCheck,random,0.28669811755709695
Maddy,the-everyday-shirt#Midnight,snake-print-johnny-collar-top#BeigeSnake,random,0.3046951626739067
Maddy,the-cotton-bamboo-tank#White,the-contrast-34-sleeve-top#Navy,random,0.5515929676322742
Mae-Lee,cross-my-heart-sweater#Regal,blue-waters-cotton-blouse#White,random,0.1421688966351579
Perrie,suri-bell-sleeve-top#GreyMarle,rose-shirt#BlueIllusi,random,0.3130061263238898
Mae-Lee,sugar-snaps-layers-tank#Red,capri-tank-3#Navy,random,0.0728871760887747
Monique,wildflower-shirt#White,the-everyday-shirt#Pink,random,0.5490598880453953
Natalie,sugar-snaps-layers-tank#DeepCobalt,bamboo-layer-tank#Black,random,0.14076814177630606
Mae-Lee,belle-v-neck-forgiver-tunic#BlueMarle,snake-print-johnny-collar-top#BeigeSnake,random,0.06960629379884055
Emma,long-sleeve-softly-swinging-bamboo-tee#Fern,snake-print-johnny-collar-top#BeigeSnake,random,0.39592791268437816
Riina,rory-spliced-zip-hoodie#Slate,elina-lace-frill-blouse#Black,random,0.15827868948075702
Amanda,the-check-pullover#PinkCheck,the-cotton-tie-detail-top#Ivory,random,0.4776486004781424
Fiona,the-pocket-tee#NavyStripe,frill-blouse#Rust,random,0.13536006592159205
Emma,long-sleeve-softly-swinging-bamboo-tee#White,geneva-v-neck-top#Black,random,0.4239631138338035
Amanda,the-blouson-sleeve-jumper#Navy,peasant-top-3#Denim,random,0.6103667382970176
Stefania,the-cross-over-poncho#Grey,alberta-stripe-top#IvoryStrip,random,0.2143345652533601
Olivia,the-sleeveless-cross-over-blouse#Sunshine,stripe-sweater-2#Blue,random,0.1677904623071481
Gemma,cara-tee-4#White,vivid-dreams-blouse#Dusty%20Rose,random,0.15578551810014427
Jess,the-open-sleeve-blouse#Berry,the-cross-over-blouse#White,random,0.32661678599178595
Perrie,the-batwing-tee#Stone,cotton-cashmere-v-neck-knit#Navy,random,0.3418791674175527
Laura,the-weekender-shirt#GreyStripe,the-belle-sleeve-print-top#NavyPrint,random,0.40321539290414327
Fiona,the-asymmetrical-hem-sweater#Blush,endeavor-long-sleeve-tee#Stripe,random,0.06930693069306931
Sophia,the-panel-luxe-top#BlkWhite,2-in-1-layered-knit-top#PalePink,random,0.21917280985067522
Jess,shirt-in-a-box#Silver,weekend-vibes-blouse#Blush,random,0.3830502830502831
Jess,belle-polka-dot-blouse#WhiteSpot,roll-with-me-jumper#Chalk,random,0.2606015512265512
Jess,the-cotton-bamboo-tee#BlueJeans,nova-lux-long-sleeve-tie-top#AidaStripe,random,0.11402417027417028
Clementine,the-cross-over-blouse#Red,belle-half-sleeve-forgiver-tunic#BlueBonnet,random,0.4325926399182213
Mae-Lee,agra-shirt#White,runaway-top#SoftPink,random,0.10191141460133389
Stacey,2-in-1-jumper#Navy,the-short-sleeve-wrap-jersey-top#NavyWhite,random,0.07357144949490722
Sophia,the-daily-cross-over-top#SkyBlue,ivy-cosy-pullover#Storm,random,0.2705831671853427
Katie,sequin-heart-layered-top#Natural,the-printed-side-ring-detail-blouse#Block,random,0.39003010556942685
Sophie,crosses-jumper#xmyheart,true-love-bell-blouse#Jade,random,0.06719030416486169
Palatina,the-boat-neck-top-1#NavyWhite,the-pocket-tee#NavyStripe,random,0.24556001064119581
Laura,layered-tee-2#White,marlow-cardigan#Cream,random,0.20021143551823398
Jess,sugar-snaps-layers-tank#DuckEgg,2-in-1-layered-top-1#PinkWhite,random,0.160479797979798
Palatina,the-boat-neck-top#Black,the-pocket-tee#NavyStripe,random,0.24556001064119581
Sophie,the-everyday-shirt#Black,natural-cropped-sleeve-knit#Cloudcover,random,0.049965361580405813
Fiona,falling-for-you-cardi#Port,glasgow-top#Melange,random,0.08551027039068149
Stacey,open-plains-kimono-throw-1#Rust,falling-for-you-cardi#Khaki,random,0.28639053254437863
Jess,print-shirt-1#Blush,long-sleeve-tee-2#NavyWhite,random,0.0811403873903874
Nathalie,runaway-top#SoftMint,the-cotton-cardi#Navy,random,0.3395076839385285
Nadine,hayley-button-down#NavySparro,tracie-top#Opal,random,0.42928350031343476
Natalie,the-sleeveless-cross-over-blouse#Salmon,foil-2-in-1-spot-top#Charcoal,random,0.4823831077109157
Chelsea,the-contrast-34-sleeve-top#Navy,sky-jumper-1#Clouds,random,0.4689714048847247
Jess,softly-swinging-bamboo-tee#Jewel,sequin-cross-2-in-1-top#Khaki,random,0.17161553724053724
Palatina,under-the-stars-blouse#Petal,the-side-panel-drape-top#OffWhite,random,0.16455996494498212
Katie,long-sleeve-ruffle-shirt#White,sugar-snaps-throw-jacket#Duckegg,random,0.753612681042727
Jess,sugar-snaps-layers-tank#White,zara-top#ZebraPrint,random,0.2867334054834054
Maddy,the-cut-out-shoulder-blouse#Salmon,fundamental-rib-long-sleeve-tee#Black,random,0.2611758964167722
Jess,softly-swinging-bamboo-tee#White,the-midi-waterfall-cardi#BlueMarle,random,0.3002317127317128
Helen,icing-sugar-top#Ivory,the-sleeveless-cross-over-blouse#Chambray,random,0.46817630198981564
Alex,the-short-sleeve-wrap-jersey-top#Emerald,falling-for-you-cardi-2#WinterRose,random,0.2666666666666666
Laura,the-cotton-bamboo-tank#White,the-stitch-detail-top#Pink,random,0.3972424736491841
Jess,natural-pattern-cocoon-cardigan#Blossom,the-oversized-cotton-blend-shirt#Navy,random,0.5359196359196359
Jess,the-layered-cross-over-top#Navy,always-mine-spliced-cardigan#GreyEmeral,random,0.21021582584082582
Riina,paradise-cardi#MultiStrip,the-short-sleeve-wrap-jersey-top#NavyWhite,random,0.2225580228825264
Natalie,the-cross-over-blouse#Black,the-double-layer-top#White,random,0.6042599711575466
Natalie,belle-two-in-one-top#Charcoal,softly-swinging-bamboo-tee#Cashew,random,0.4715135838651424
Chelsea,star-and-spot-sweater#SilverMult,waterfall-cardi-1#Black,random,0.2780225769379233
Georgia,falling-for-you-cardi#Teal,jade-kimono-kaleidoscope#Blue,random,0.4300770550972504
Perrie,the-cut-out-shoulder-blouse#Blue,the-on-or-off-the-shoulder-top#Pink,random,0.7790137189469781
Mae-Lee,softly-swinging-bamboo-tee#Blush,animal-button-up-shirt#KhakiPrint,random,0.027488646812543083
Katie,lavaux-bell-sleeve#Mustard,geneva-v-neck-top#ClaySpot,random,0.4218348675032436
Amanda,the-layered-cross-over-top#Navy,long-sleeve-softly-swinging-bamboo-tee#DuckEgg,random,0.4693067521030853
Laura,the-contrast-34-sleeve-top#Navy,rosie-bell-sleeve-denim-shirt#Stripe,random,0.157745765655959
Anna,belle-half-sleeve-forgiver-tunic#MutedClay,westward-top#BotanicalD,random,0.1915249433106576
Fiona,belle-satin-shirt#Black,layered-top-2#White,random,0.08329040112378698
Laura,the-reversible-cowl-neck-top-1#White,long-sleeve-softly-swinging-bamboo-tee#BlueJeans,random,0.2953754131259458
Amanda,the-sleeveless-cross-over-blouse#Black,the-oversized-cotton-blend-shirt#Sand,random,0.772770164073804
Natalie,the-cross-over-blouse#Sunshine,capri-tank-3#Black,random,0.25008574497688796
Shadae,fundamental-rib-long-sleeve-tee#White,paradise-top#Red,random,0.39548580005812956
Mae-Lee,the-cotton-bamboo-tank#Chambray,the-colour-block-pullover#Sage,random,0.06337592536253932
Laura,the-drape-tee-1#NavyStripe,rising-mist-jumper#Nickel,random,0.06666666666666671
Fiona,the-high-low-drape-tee#Sage,grace-oversized-knit#StoneBlack,random,0.2832852705203435
Ljubenka,softly-swinging-bamboo-tee#Copper,monaco-knot-top#ClaySpot,random,0.18704218761036945
Stacey,chill-out-slouch-top#GreyMarle,tuck-layer-shirt#White,random,0.46618675181127583
Mae-Lee,the-relaxed-long-sleeve-tee#Black,natural-cross-back-knit#Lightsmoke,random,0.08673889188572702
Gemma,hydrangea-kimono#Hydrangea,the-long-sleeve-scoop-neck-tee#Grey,random,0.2124901471361009
Gemma,love-song-relaxed-blouse#SagePearl,coil-print-hi-lo-shirt#White,random,0.47006146156506246
Kate,the-wrap-jersey-top#JetBlack,bora-bora-layered-tank#BoraBora,random,0.30603827000885825
Ljubenka,the-cotton-bamboo-tank#Moonbeam,rising-mist-jumper#Nickel,random,0.07222222222222224
Laura,ruffle-top-4#Terracotta,layer-me-bamboo-rouched-sleeve-tee#Fern,random,0.11908308629765826
Summer,fundamental-split-hoodie#Navy,the-wrap-jersey-top#PortSpot,random,0.2799580627705628
Stefania,the-blouson-sleeve-jumper#Grey,belle-half-sleeve-forgiver-tunic#Black,random,0.3034956006439564
Mae-Lee,falling-for-you-cardi#Dusty,mila-knit-cardigan#Clay,random,0.1308995538612496
Charlotte,natural-cropped-sleeve-knit#Cloudcover,long-sleeve-softly-swinging-bamboo-tee#Combat,random,0.44919020255142067
Nikki,hacienda-tunic-pushkar#Cornflower,falling-for-you-cardi#Black,random,0.251685393258427
Stacey,robyn-top-1#Roanne,cotton-cashmere-v-neck-knit#Navy,random,0.18689323406437974
Georgia,sugar-snaps-layers-tank#Red,monaco-knot-top#Black,random,0.10245278289098875
Laura,the-relaxed-long-sleeve-tee#White,cross-over-top-with-pocket#BlackWhite,random,0.29365383696281033
Fiona,be-mine-top-1#Sage,layered-tunic-1#White,random,0.16419064164750796
Gemma,you-at-my-shoulder-tunic#Black,st-helens-henley-tee#White,random,0.23405019776489974
Riina,the-essential-pullover#DustyPeach,analia-jersey-top#Black,random,0.26926358533353245
Monique,layered-tunic-1#Natural,lola-bell-sleeve-top-entangled-vines#Gold,random,0.3788124632569077
Emma,printed-v-neck-top#Striped,the-cut-out-shoulder-blouse#Clay,random,0.494445380077564
Marnee,sugar-snaps-throw-jacket#White,the-v-neck-stripe-top#BlkStripe,random,0.6018587876265779
Maddy,the-wrap-jersey-top#PortSpot,paige-top#Black,random,0.10426667662100114
Ljubenka,the-half-sleeve-tee#White,the-spotted-tunic#GreySpot,random,0.2941187442607897
Fiona,the-relax-blouse#White,the-side-ring-detail-blouse-1#Black,random,0.15301982647986817
Anna,the-sleeveless-cross-over-blouse#White,indi-crosover-front-blouse#MixedStrip,random,0.18216931216931218
Jess,off-shoulder-top-1#Strawberry,the-zip-front-top#Rose,random,0.2299426268176268
Emma,crosses-jumper#xmyheart,layer-me-bamboo-rouched-sleeve-tee#Black,random,0.2916240405374745
Fiona,softly-falling-bamboo-tunic#Copper,emerald-knit#Emerald,random,0.13003620019686274
Georgia,sugar-snaps-round-neck-layer-tank#DuckEgg,the-on-or-off-the-shoulder-top#Pink,random,0.8854210015258704
Mae-Lee,the-drape-tee-1#NavyStripe,skipping-stones-tunic#Natural,random,0.23959006545351924
Monique,lurex-stitch-top#White,butterfly-kisses-tee#Stripe,random,0.3324162257495591
Nathalie,the-everyday-shirt#Rose,bird-jumper#Navy,random,0.33383646006674644
Madeline,ruffle-top-4#Terracotta,melbourne-stretch-cardigan#NavyWhtStr,random,0.28168235125610736
Laura,belle-drape-tee#Black,spliced-lace-panel-tee#White,random,0.16814002642146045
Emma,tie-back-bell-sleeve-top-5#Summerbud,the-zip-detail-jacket#Grey,random,0.3211792252022137
Chelsea,daylight-jumper#Silver,meera-oversized-shirt#Mint,random,0.4637000166684212
Ljubenka,the-cotton-bamboo-tank#DarkNavy,knit-hoodie-1#Sage,random,0.13455048739139647
Summer,striped-sleeve-sweater#Striped,anna-top#Leona,random,0.547071158008658
Clementine,sugar-snaps-layers-tank#DeepCobalt,belle-satin-shirt#Black,random,0.569255047278303
Amanda,the-stitch-detail-top#Pink,tracie-top#Opal,random,0.5024956222285489
Fiona,lola-bell-sleeve-top-ditsy-daisies#Blue,the-tie-front-top#Black,random,0.14869442976931713
Georgia,falling-for-you-cardi#GreyMarle,contrast-stripe-sweater#Pockets,random,0.6343026128675275
Jess,belle-half-sleeve-forgiver-tunic#White,capri-tank-3#Black,random,0.09584443334443335
Jess,the-short-sleeve-wrap-jersey-top#Blue,the-double-layer-top#Black,random,0.3951995920745921
Stacey,skipping-stones-tunic#Forest,the-tie-layering-knit#Grey,random,0.39462622297732736
Laura,the-essential-layering-tee#White,nova-lux-long-sleeve-tie-top-1#NightSky,random,0.11217119656891365
Georgia,nuzuri-longline-cardi#Forest,bodega-knit#Moss,random,0.7705235025113926
Tia,the-drape-tee-1#White,heartmade-cardi#DustyRose,random,0.1868074016171842
Stacey,the-belle-sleeve-print-top#NavyPrint,belle-half-sleeve-forgiver-tunic#MutedClay,random,0.27311934169355834
Jess,falling-for-you-cardi#Port,tab-sleeve-longline-shirt#Navy,random,0.3963855588855589
Shadae,ember-knit#EmberGlow,lilly-layer-stripe-tank#NavyWhite,random,0.29205252768516465
Alex,the-cross-over-blouse#Blue,driftwood-gathering-blouse#Khaki,random,0.32362707535121327
Marnee,long-sleeve-softly-swinging-bamboo-tee#Storm,2-in-1-layered-top-1#NavyWhite,random,0.35937023165487586
Mae-Lee,falling-for-you-cardi#Mustard,first-mix-top-1#BlackWhite,random,0.0953673077047557
Jess,the-button-up-swing-tunic#Wine,mila-knit-cardigan#InkWhite,random,0.15138403263403263
Kate,sugar-snaps-layers-tank#NewBeige,layered-top-2#Navy,random,0.10511364089795464
Chelsea,the-drape-tee-1#Navy,the-long-sleeve-scoop-neck-tee#Navy,random,0.23210250201775623
Jess,for-the-frill-top#Ivory,the-swing-tank-top#Rose,random,0.38471355033855037
Jess,long-sleeve-spot-top#Multispot,roll-with-me-jumper#Chalk,random,0.2606015512265512
Laura,summer-breeze-top-1#White,colourblock-cardi#NavyRed,random,0.1361958352287662
Chelsea,the-drape-tee-1#Stripe,the-sleeveless-cross-over-blouse#Sunshine,random,0.4144363332105134
Jess,belle-ls-free-fall-tee#Blush,floral-nehru-print-shirt#Pink,random,0.3621229464979465
Perrie,the-everyday-shirt#Cream,long-sleeve-ruffle-shirt#Navy,random,0.46082746282855147
Lauren,natural-cross-back-knit#Lightsmoke,the-design-fold-tunic-top#PearlBlue,random,0.05164517195767194
Maddy,the-everyday-shirt#Pink,summer-whispers-kimono-1#Peacock,random,0.7909398123731146
Georgia,walk-in-the-park-cardi#Sand,capri-tank-3#Navy,random,0.3057230107067762
Sophia,bubbles-print-tee#Cambridge,the-curve-striped-tank#Marine,random,0.32236476411890064
Emma,long-sleeve-softly-swinging-bamboo-tee#SilverScon,wrap-me-up-bamboo-top#Black,random,0.4225311017606276
Lauren,to-the-beat-of-the-drum-kimono#Leaf,the-cross-over-blouse#Black,random,0.19996899801587303
Natalia,the-zip-front-blouse#Khaki,the-sleeveless-cross-over-blouse#Sunshine,random,0.29214217545279275
Fiona,long-sleeve-softly-swinging-bamboo-tee#Smoke,llama-long-sleeve-shirt#Mustard,random,0.1586208517676636
Chelsea,the-flutter-sleeve-top#SnakePrint,the-essential-layering-tee#White,random,0.39610909335485606
Fiona,sunshine-in-me-tee-1#White,relaxed-top-1#FloraStrip,random,0.194726765494229
Chelsea,luxe-shirt#Champagne,kimberly-spliced-top#Black,random,0.2471936738954978
Mae-Lee,lurex-stitch-top#White,heartmade-cardi#DustyRose,random,0.1390319486998367
Georgia,softly-swinging-bamboo-tee#Storm,elcos-top#LightGrey,random,0.36744615210307807
Mae-Lee,softly-swinging-bamboo-tee#Jewel,rib-tank-2#White,random,0.06883961787240642
Marnee,soft-and-true-tunic#Pine,printed-tunic-7#RedCheck,random,0.5678972248231379
Stacey,bird-jumper#Navy,the-curve-striped-tank#Marine,random,0.3917384242348882
Jess,the-stitch-detail-top#Pink,dream-girl-ruffle-jumper#SoftPink,random,0.129983904983905
Maddy,the-sleeveless-cross-over-blouse#Salmon,runaway-top#Sand,random,0.2858435935048953
Sophie,long-sleeve-softly-swinging-bamboo-tee#Oyster,sandy-off-the-shoulder-top#Gingham,random,0.09661920859376613
Laura,the-long-sleeve-scoop-neck-tee#Black,block-sweater#Block,random,0.144517846867515
Riina,the-daily-essential-jumper#Grey,long-sleeve-softly-swinging-bamboo-tee#Combat,random,0.49234847442047114
Mercy,belle-v-neck-forgiver-tunic#Tobacco,tie-back-bell-sleeve-top-5#Summerbud,random,0.1262753130221036
Tia,sugar-snaps-layers-tank#Mint,belle-mid-length-knit-cardi#Black,random,0.2967117819019993
Natalie,the-batwing-tee#Sea,belle-cowl-swing-sweater#Green,random,0.2177760649927894
Emma,long-sleeve-softly-swinging-bamboo-tee#Oyster,cara-tee-4#Black,random,0.23496211709214582
Katie,birds-tee-1#Navy,pure-merino-fine-rib-v-neck#Charcoal,random,0.09227989759707005
Shadae,fundamental-vee-tee#Black,napoleon-top-1#NemoBlue,random,0.2693218750767036
Marnee,the-cotton-bamboo-tank#DarkNavy,relaxed-cape#WhiteBlack,random,0.6203258658158783
Gemma,on-the-horizon-swing-top-1#Khaki,the-check-pullover#PinkCheck,random,0.867853939330356
Amanda,the-sleeveless-cross-over-blouse#Salmon,aztec-cardigan#Orange,random,0.20848858659407432
Fiona,the-ruffle-sleeve-sweat#KhakiMarle,layered-sleeve-top#Moss,random,0.2075140230524417
Amanda,the-bell-sleeve-top#Grey,this-mortal-coil-drape#StormClam,random,0.5624548085285618
Anna,the-long-sleeve-v-neck-tee#Black,contrast-stripe-sweater#Pockets,random,0.4986649659863946
Laura,the-everyday-shirt#Midnight,contrast-pocket-tunic#Pinkpocket,random,0.43883221506807235
Chelsea,glasgow-top#Melange,natural-crossover-knit-1#Stormcloud,random,0.1686949503456504
Clementine,the-cotton-bamboo-tank#DuckEgg,saba-top-2#Catus,random,0.22028878098645543
Jess,first-mix-top-1#BlackWhite,2-in-1-layered-top-1#PinkWhite,random,0.160479797979798
Amanda,the-essential-pullover#DustyPeach,pure-merino-fine-rib-v-neck#Charcoal,random,0.0635027111632847
Emma,the-relaxed-long-sleeve-tee#Khaki,mauevewood-crew#Charcoal,random,0.4063955055693561
Maddy,annabelle-sweater#Midnight,the-design-fold-tunic-top#PearlBlue,random,0.25387290754160335
Marnee,the-cotton-bamboo-tank#Chambray,the-shoulder-tie-top#White,random,0.6102990836107643
Clementine,sugar-snaps-layers-tank#White,off-shoulder-top-1#Strawberry,random,0.43966266291847694
Madeline,bertie-top#Black,tinker-stripe-knit#NavyWhite,random,0.30150106619535233
Gemma,under-the-stars-blouse#Petal,soft-and-true-tunic#Pine,random,0.5016743305180242
Fiona,the-luxe-cotton-tunic#White,napoleon-top-1#NemoBlue,random,0.116145011857124
Emma,long-sleeve-check-top#Check,monaco-sweater#BlackCream,random,0.31508942313540017
Lauren,the-twist-front-top#Navy,janet-frill-shirt#White,random,0.09608360389610389
Palatina,pure-merino-fine-rib-v-neck#Charcoal,layer-me-bamboo-rouched-sleeve-tee#White,random,0.09485736367157085
Natalia,neptune-top-1#PrimBlack,fundamental-split-hoodie#Pink,random,0.21499987452680056
Mae-Lee,the-cotton-bamboo-tee#DustyPink,the-reversible-cowl-neck-top-1#White,random,0.056558320950864806
Mae-Lee,falling-for-you-cardi#Port,westward-top#BotanicalD,random,0.0963655050146074
Georgia,long-sleeve-softly-swinging-bamboo-tee#DuckEgg,the-on-or-off-the-shoulder-top#Pink,random,0.8854210015258704
Mae-Lee,the-short-sleeve-wrap-jersey-top#Emerald,fundamental-rib-long-sleeve-tee#Black,random,0.05196877124844202
Marnee,falling-for-you-cardi#Dusty,always-mine-spliced-cardigan#GreyEmeral,random,0.4260497945276737
Laura,the-drape-tee-1#Black,marlow-cardigan#Cream,random,0.20021143551823398
Ljubenka,runaway-top#SoftMint,the-relaxed-batwing-top#PeachRose,random,0.35302677120858944
Maddy,the-relaxed-long-sleeve-tee#Pink,softly-swinging-bamboo-tee#Black,random,0.40951855516284386
Chelsea,2-in-1-layered-top-1#NavyWhite,fundamental-vee-tee#GreyMarle,random,0.21871534722953295
Amanda,the-everyday-shirt#Midnight,cara-tee-4#Black,random,0.20861650722088543
Mae-Lee,softly-swinging-bamboo-tee#Copper,midtown-ruffle-shirt#BoldRed,random,0.20457765043890155
Gemma,placement-print-shirt#WhiteNavy,belle-v-neck-forgiver-tunic#BlueMarle,random,0.42196799842108046
Mae-Lee,the-long-sleeve-v-neck-tee#White,magnolia-fields-keyhole-blouse#Magnolia,random,0.09178349303848436
Maddy,the-sleeveless-cross-over-blouse#Black,ivy-cosy-pullover#Storm,random,0.44571993492230627
Jess,the-bonded-cotton-shirt#Pink,arlo-cardigan#Navy,random,0.1747478216228216
Fiona,the-slouch-pocket-tee#Stripe,nova-lux-long-sleeve-tie-top#AidaStripe,random,0.10242054878745402
Georgia,layer-me-bamboo-rouched-sleeve-tee#Black,belle-v-neck-forgiver-tunic#Black,random,0.5245494488634092
Palatina,the-essential-pullover#SkyBlue,soho-v-neck-blouse#SohoPrint,random,0.06285717963002802
Anna,melbourne-stretch-cardigan#NavyWhtStr,born-to-run-shirt-jacket#Leopard,random,0.17240362811791382
Amanda,the-cross-front-spot-blouse#NavySpot,the-cross-over-printed-blouse#Leopard,random,0.5186309762917839
Georgia,rising-mist-jumper#Nickel,meredith-78-oversized-pullover-knit#CameoRose,random,0.9279347278275814
Riina,the-bell-sleeve-top#Grey,abigail-stripe-shirt#BlackStrip,random,0.5291489044010601
Georgia,dusk-top#DuskPrint,gloria-applique-crew#Charcoal,random,0.26852067549764014
Sophie,long-sleeve-softly-swinging-bamboo-tee#BlueJeans,the-stripe-jersey-top#Pink,random,0.10652306764032429
Riina,the-soft-knit-jumper#NavyStripe,contrast-stripe-sweater#Pockets,random,0.5823064212456605
Stacey,layer-me-bamboo-rouched-sleeve-tee#Fern,printed-v-neck-blouse#NavyWhite,random,0.09647506638720871
Alex,the-sleeveless-cross-over-blouse#Black,animal-button-up-shirt#KhakiPrint,random,0.2034524862111069
Amanda,the-batwing-tee#FrenchBlue,you-at-my-shoulder-tunic#Black,random,0.41895740789129865
Denniel,the-cut-out-shoulder-blouse#Blue,heartmade-cardi#DustyRose,random,0.37163537598455254
Fiona,the-tie-detail-hoody#FrenchBlue,tia-boyfriend-shirt#White,random,0.13342491434213272
Anna,the-long-sleeve-v-neck-tee#White,indi-crosover-front-blouse#MixedStrip,random,0.18216931216931218
Georgia,long-sleeve-softly-swinging-bamboo-tee#Cashew,natural-cropped-sleeve-knit#Cloudcover,random,0.22671742021819127
Madeline,natural-crossover-knit-1#Stormcloud,the-asymmetrical-tank-top#HotPink,random,0.5717262716346367
Gemma,falling-for-you-cardi#Mustard,belle-v-neck-forgiver-tunic#Black,random,0.42196799842108046
Riina,the-luxe-long-sleeve-tee#GreyMarle,the-curve-striped-tank#Marine,random,0.5898107898764419
Kate,the-everyday-shirt#Cream,reversible-scoopv-neck-tank#Black,random,0.10291813306519189
Riina,the-bamboo-tunic-dress#Khaki,dream-girl-ruffle-jumper#SoftPink,random,0.1559098067303744
Georgia,first-love-kimono-jacket#Stone,the-cotton-bamboo-tee#BlueJeans,random,0.3377856826882394
Gemma,falling-for-you-cardi#Rust,the-sleeveless-cross-over-blouse#Cobalt,random,0.41263183942072645
Olivia,runaway-top#Sand,the-excess-shirt#Pearl,random,0.20339614607147327
Fiona,chill-out-slouch-top#GreyMarle,skipping-stones-tunic#Natural,random,0.3317149433861335
Sophia,falling-for-you-cardi#Teal,softly-swinging-bamboo-tee#Storm,random,0.255392979848885
Fiona,foil-spot-tee-1#Navy,luxe-shirt#Champagne,random,0.11093897283074454
Mae-Lee,double-layered-top-1#WBlack,the-cascade-blouse#Auburn,random,0.14665827920666547
Clementine,the-cotton-bamboo-tank#DarkNavy,tinker-stripe-knit#NavyWhite,random,0.2591285458727319
Bree,belle-half-sleeve-forgiver-tunic#Apricot,the-cross-over-blouse#RoyalBlue,random,0.37261399037099974
Clementine,the-cross-over-blouse#Sunshine,belle-longline-white-shirt#White,random,0.531693074367493
Georgia,sugar-snaps-layers-tank#Black,born-to-run-shirt-jacket#Leopard,random,0.2738534201261602
Fiona,starry-night-cardi#Chalk,tinker-stripe-knit#NavyWhite,random,0.09830520451221457
Summer,long-sleeve-spot-top#Multispot,patchwork-tunic#Patchwork,random,0.5632305194805194
Fiona,falling-for-you-cardi#Mustard,shirt-in-a-box#Silver,random,0.09209935782496112
Mercy,belle-satin-shirt#Black,cotton-stripe-cardi-with-pockets#White,random,0.19703945262740125
Riina,the-panel-hem-top#DenimMarle,runaway-top#SoftMint,random,0.34564684509811244
Palatina,falling-for-you-cardi#Rust,long-sleeve-ruffle-shirt#Navy,random,0.25737599512614207
Georgia,falling-for-you-cardi-2#WinterRose,floral-blouse-2#NavyMulti,random,0.38171506727166415
Laura,the-high-low-drape-tee#Grey,the-cotton-cardi#Khaki,random,0.21897410079991048
Amanda,the-double-layer-top#White,the-pleated-sleeve-top#Sage,random,0.2966814737392214
Sophia,the-pocket-tee#GreyStripe,lake-house-top#CoalPrint,random,0.070707465501301
Fiona,cross-my-heart-bamboo-slouch-tee#White,long-sleeve-check-top#Check,random,0.18484765603632186
Fiona,long-sleeve-layer-top#White,leah-knit-cardigan#WhiteBlk,random,0.11274804662410448
Natalia,the-cosy-cardigan#Grey,the-boat-neck-top#Navy,random,0.288579171510471
Summer,cool-breeze-jumper#Dust,sugar-snaps-layers-tank#DeepCobalt,random,0.5074337121212121
Jess,natural-overlay-knit#Greybloss,melbourne-stretch-cardigan#Black,random,0.138974913974914
Fiona,the-frill-wrap-blouse#Spot,bird-print-jumper#Navy,random,0.12772227225471955
Gemma,ryder-cosy-sweater#Blossom,layered-tee-2#White,random,0.29888115256612363
Mae-Lee,the-design-fold-tunic-top#PearlBlue,aigli-top#Navy,random,0.0666466059525455
Marnee,the-drape-tee-1#Stripe,stripe-me-happy-blouse#Ash,random,0.35354418088500483
Emma,overlay-tunic-3-pce-set#Emerald,the-tie-detail-hoody#Pink,random,0.3283099191145168
Mae-Lee,softly-swinging-bamboo-tee#BlueJeans,malibu-cardigan#Navy,random,0.11590564777458341
Jess,the-sleeveless-cross-over-blouse#Mint,milan-stretch-top#Black,random,0.26249028749028747
Mae-Lee,softly-swinging-bamboo-tee#Navy,the-weekender-shirt#GreyStripe,random,0.18476271149368376
Emma,long-sleeve-softly-swinging-bamboo-tee#BlueJeans,print-tee-3#Cntryhous,random,0.9179929509790621
Nadine,the-everyday-shirt#Cream,softly-swinging-bamboo-tee#TeaRose,random,0.42205766886248175
Miranda,the-side-ring-detail-blouse-1#Black,the-short-sleeve-wrap-jersey-top#NavyWhite,random,0.24134490687114746
Mae-Lee,reversible-scoopv-neck-tank#Navy,the-cross-over-top#NavyStripe,random,0.20198396002304367
Laura,lola-bell-sleeve-top-ditsy-daisies#Blue,the-cotton-cardi#Khaki,random,0.21897410079991048
Jude,falling-for-you-cardi#Teal,mauevewood-crew#Charcoal,random,0.3931898965232299
Mercy,belle-v-neck-forgiver-tunic#Black,stripe-sweater-2#Blue,random,0.1049510622907585
Emma,sugar-snaps-layers-tank#SeaGreen,pure-merino-fine-rib-v-neck#Charcoal,random,0.09406514267625378
Clementine,the-cross-over-blouse#Blue,belle-two-in-one-top#Charcoal,random,0.3788985433171479
Jess,long-sleeve-softly-swinging-bamboo-tee#DuckEgg,capri-tank-3#Black,random,0.09584443334443335
Laura,foil-print-top-2#Navy,double-layered-top-1#WBlack,random,0.10328833491117542
Kate,the-cotton-bamboo-tee#White,softly-swinging-bamboo-tee#Storm,random,0.23387186071009597
Jess,belle-mid-length-knit-cardi#Black,on-the-open-road-maxi-shirt#DarkOchre,random,0.44965694028194025
Gemma,floral-embroidered-jumper#Navy,westward-top#BotanicalD,random,0.21424497860315872
Mae-Lee,long-sleeve-softly-swinging-bamboo-tee#BlueJeans,moonlight-kisses-bamboo-tee#Combat,random,0.1612212851792064
Georgia,softly-swinging-bamboo-tee#Cashew,collared-shirt-1#White,random,0.3327287371017665
Clementine,wrap-me-up-bamboo-top#Black,walk-in-the-park-cardi#Sand,random,0.48931936280773486
Chelsea,falling-for-you-cardi#Navy,the-cotton-bamboo-tee#White,random,0.2510292750114047
Natalie,the-wrap-jersey-top#JetBlack,the-shoulder-tie-top#White,random,0.5570441454471637
Natalia,the-contrast-knit-1#Sage,the-open-sleeve-blouse#Berry,random,0.29472136559180007
Maddy,the-sleeveless-cross-over-blouse#Chambray,the-luxe-dobby-blouse#White,random,0.6385177398437145
Mae-Lee,for-the-frill-top#Ivory,paisley-top-1#Paisley,random,0.10358422534520739
Anna,melbourne-stretch-cardigan#Black,natural-waterfall-cardigan#Fallendust,random,0.06857142857142856
Gemma,foil-striped-2-in-1-top#Blue,natural-cosy-sweater#Rosered,random,0.24914936941671048
Sophie,the-everyday-shirt#Midnight,jersey-split-back-hooded-top#NavyStrip,random,0.15547701745157494
Anna Maria,the-cross-over-top#GreyStripe,falling-for-you-tunic#Rust,random,0.5523928682273654
Alex,the-cotton-bamboo-tee#DuckEgg,sequin-heart-layered-top#Natural,random,0.555596387169663
Katie,silver-cross-sweater#Silver,buttoned-top#Spotty,random,0.3889620732704809
Fiona,long-sleeve-softly-swinging-bamboo-tee#Navy,millie-top#WhiteBlk,random,0.07972112154389528
Palatina,falling-for-you-cardi#Navy,niue-neck-tie-shirt#LightBlue,random,0.09633912855448099
Tia,softly-swinging-bamboo-tee#Copper,softly-swinging-bamboo-singlet#BlueJean,random,0.2891132552817336
Fiona,the-tie-front-tank#White,capri-tank-6#Olive,random,0.08849508956406033
Denniel,the-short-sleeve-wrap-jersey-top#Blue,the-stella-tee#Marine,random,0.4277006380769769
Laura,the-cotton-bamboo-tank#DarkNavy,fundamental-split-hoodie#Navy,random,0.2150244961051417
Riina,the-stitch-v-neck-knit#PinkMarle,sky-shirt#Clouds,random,0.6586555115905782
Mae-Lee,the-cross-over-blouse#Mint,on-the-open-road-maxi-shirt#DarkOchre,random,0.3427729872185655
Amanda,the-everyday-shirt#Cream,natural-detailed-sweater#Tinroof,random,0.31541677554220016
Chelsea,the-cotton-bamboo-ls-top#NavyStripe,curve-hem-cable-knit-sweater-1#Sapphire,random,0.20735135862254506
Tia,sugar-snaps-layers-tank#SeaGreen,rama-top#Stonewash,random,0.32924062326236236
Emma,longline-cardigan-2#Pink,manhattan-stretch-tee#NavyWhtStr,random,0.19182193790670804
Sophie,the-cross-over-top#GreyStripe,the-luxe-cotton-tunic#White,random,0.12069615487757081
Madeline,llama-long-sleeve-shirt#Mustard,relaxed-v-neck-knit#Silver,random,0.23852745306640744
Marnee,falling-for-you-tunic#Rust,softly-swinging-bamboo-singlet#Cashew,random,0.6046698354487445
Miranda,the-define-flute-sleeve-blouse#White,first-love-kimono-jacket#Stone,random,0.6542019027484144
Tia,sugar-snaps-layers-tank#DuckEgg,to-the-beat-of-the-drum-kimono#Leaf,random,0.3814218064218064
Riina,napoleon-top-1#NemoBlue,verona-patchwork-top#Patchwork,random,0.29233074909477774
Denniel,the-batwing-tee#Stone,melbourne-stretch-cardigan#Navy,random,0.1834732923553199
Rosaline,roll-with-me-jumper#Chalk,st-helens-henley-tee#White,random,0.11218847352024922
Miranda,the-cape-jersey-top#DarkNavy,the-zip-front-top#Blue,random,0.46322230420666327
Nadine,merino-boyfriend-cardigan#MelangeStr,ruffle-top-4#Terracotta,random,0.2519145838314627
Ljubenka,long-sleeve-tee-2#NavyWhite,fundamental-vee-tee#Navy,random,0.05047061524334252
Olivia,runaway-top#SoftMint,fundamental-vee-tee#Black,random,0.09877056879205506
Laura,falling-for-you-cardi#Black,the-boat-neck-top#Black,random,0.30213835127291233
Amanda,the-tie-layering-knit#Grey,paradise-cardi#MultiStrip,random,0.43018468540495847
Olivia,sugar-snaps-layers-tank#White,tab-sleeve-longline-shirt#Navy,random,0.41775951542579215
Maddy,the-relaxed-long-sleeve-tee#Black,arya-frilled-blouse#Oyster,random,0.28198038466357367
Jess,silver-dot-tie-sleeve-blouse#SilverDotP,wellington-tee#Olive,random,0.22585331335331335
Laura,jade-kimono-kaleidoscope#Blue,millie-top#BlackSpot,random,0.10157454718518281
Emma,long-sleeve-softly-swinging-bamboo-tee#Black,milan-stretch-top#White,random,0.4848704542849658
Marnee,wrap-me-up-bamboo-top#BlueJeans,the-belle-sleeve-print-top#NavyPrint,random,0.627510316964905
Mae-Lee,nuzuri-longline-cardi#Forest,always-mine-v-neck-knit#Terracotta,random,0.07881389867341276
Perrie,marjorie-tie-blouse#BluePrint,the-sleeveless-cross-over-blouse#Chambray,random,0.44838289407794296
Maddy,saba-top-2#Catus,long-sleeve-softly-swinging-bamboo-tee#Cashew,random,0.39889466232076193
Fiona,falling-for-you-cardi#Navy,arya-frilled-blouse#Oyster,random,0.13556424559970878
Jess,natural-extra-fine-sweater#Snowgum,the-tie-detail-hoody#FrenchBlue,random,0.17790404040404043
Summer,nova-lux-long-sleeve-tie-top-1#CloudDance,the-printed-v-split-top#Natural,random,0.46991341991342
Chelsea,the-drape-tee-1#White,belle-twist-front-tee-1#Black,random,0.3433860910797628
Tia,wildflower-shirt#White,the-midi-waterfall-cardi#BlueMarle,random,0.22034594738399088
Georgia,batty-about-you-cotton-tee#BlkWhite,silver-cross-sweater#Silver,random,0.34912217972471726
Monique,the-cotton-bamboo-tank#White,hayley-button-down#NavySparro,random,0.21218234797944946
Natalia,the-tie-layering-knit#Grey,the-double-layer-top#White,random,0.4350688778585373
Charlotte,natural-classic-cardigan#Pebble,first-mix-top-1#BlackWhite,random,0.2620502918436329
Sophia,the-shoulder-tie-top#Black,sandy-off-the-shoulder-top#Gingham,random,0.08762971805115152
Jess,long-sleeve-softly-swinging-bamboo-tee#Smoke,vivid-dreams-blouse#Dusty%20Rose,random,0.1033993783993784
Fiona,natural-cosy-sweater#Rosered,laurina-stripe-pullover#NightSky,random,0.10302321775000244
Ljubenka,belle-tie-neck-blouse-tee#White,arizona-off-the-shoulder-top#Khaki,random,0.08824543512043513
Alex,the-cross-over-blouse#White,messina-knit#Cognac,random,0.6581967089689791
Anna,the-drape-tee-1#White,wrap-me-up-bamboo-top#Black,random,0.33598922902494327
Tia,the-cross-over-blouse#Mint,rosie-bell-sleeve-denim-shirt#Stripe,random,0.0873593797506841
Mae-Lee,softly-swinging-bamboo-tee#White,tab-sleeve-longline-shirt#Silver,random,0.2626925007651048
Fiona,belle-v-neck-forgiver-tunic#DenimMarl,everyday-linen-tunic#BotanicalB,random,0.08325584655974055
Anna,melbourne-stretch-cardigan#Navy,summer-haze-top#Teal,random,0.534390589569161
Chelsea,the-reversible-cowl-neck-top-2#Ocean,kimono-and-me-cardi#DustyPink,random,0.48692938072428676
Jess,the-cotton-bamboo-tank#Moonbeam,partly-cloudy-knit#Black,random,0.36144781144781146
Georgia,softly-swinging-bamboo-singlet#BlueJean,you-at-my-shoulder-tunic#Black,random,0.483042846768337
Amanda,the-daily-essential-jumper#Grey,flow-with-me-slouch-top#Brick,random,0.940908957953894
Laura,hannah-tee-1#Black,analia-jersey-top#Black,random,0.11439683233582182
Charlotte,natural-waterfall-cardigan#Fallendust,the-double-layer-top#Black,random,0.5771743189128195
Stacey,the-bell-sleeve-top#BlkStripe,funnel-neck-knit-jumper#BlueMulti,random,0.19392800649464775
Sophia,the-shoulder-tie-top#Navy,the-twist-hem-jumper#DenimMarle,random,0.19432472797098357
Laura,milan-stretch-top#Navy,robyn-top-1#Roanne,random,0.051484660583910456
Marnee,the-drape-tee-1#White,felicity-cardigan#Dewkist,random,0.49415978869006344
Summer,capri-tank-3#NavyStripe,print-tee-3#Bike,random,0.8663194444444443
Clementine,the-sleeveless-cross-over-blouse#Black,anna-top#Leona,random,0.5537541528239202
Perrie,the-everyday-shirt#Black,the-ruffle-sleeve-top#NavyStripe,random,0.3143114392224204
Riina,the-relaxed-long-sleeve-tee#Navy,pure-merino-fine-rib-v-neck#Charcoal,random,0.08122659176029963
Marnee,softly-swinging-bamboo-tee#Black,sequin-spot-cardi#Grey,random,0.3099974857816618
Anna,milan-stretch-top#Navy,skipping-stones-tunic#Forest,random,0.5215107709750567
Laura,the-cut-out-shoulder-blouse#White,cherrington-top#GreyRose,random,0.09527319767000503
Chelsea,york-linen-blend-top#BurntOrang,manhattan-stretch-tee#NavyWhtStr,random,0.14212066182405164
Lucy,the-batwing-tee#Sea,cross-over-top-with-pocket#NavyMustrd,random,0.25378613033171654
Stefania,the-relaxed-batwing-top#PeachRose,ponte-spot-top#BlackWhite,random,0.3100447271770461
Sophie,long-sleeve-softly-swinging-bamboo-tee#Black,layered-top-2#White,random,0.09514267075107784
Summer,square-nk-fray-trim-top#Denim,ruffle-top-4#Black,random,0.3182426948051948
Maddy,the-cotton-bamboo-tank#Moonbeam,falling-for-you-cardi#Navy,random,0.251685393258427
Gemma,eco-78-long-cardigan#DarkGreyM,spot-layered-tee#Blue,random,0.4705249909957694
Stacey,contrast-pocket-tunic#Pinkpocket,2-in-1-layered-knit-top#PalePink,random,0.28148234775778025
Natalia,the-define-flute-sleeve-blouse#Black,the-short-sleeve-wrap-jersey-top#Emerald,random,0.08459388867001642
Summer,nova-lux-long-sleeve-tie-top-1#SimplyGree,the-spotted-tunic#GreySpot,random,0.6455526244588745
Tia,the-cut-out-shoulder-blouse#Silver,falling-for-you-cardi-2#WinterRose,random,0.25909090909090904
Marnee,the-button-up-swing-tunic#Wine,milan-stretch-top#White,random,0.4946510004855042
Gemma,moonlight-kisses-bamboo-tee#Black,the-zip-detail-jacket#Grey,random,0.2696039148712559
Amanda,the-oversize-knit#GreyMarle,sugar-snaps-throw-jacket#Black,random,0.7024898697003615
Madeline,aigli-top#White,leopard-print-kimono#GoldMulti,random,0.4362438013935095
Ljubenka,the-cross-over-blouse#Sunshine,monaco-knot-top#Olive,random,0.18704218761036945
Emma,sugar-snaps-layers-tank#White,square-nk-fray-trim-top#Denim,random,0.2759524452771579
Monique,the-stella-tee#Marine,dream-girl-ruffle-jumper#SoftPink,random,0.14986120696265626
Chelsea,the-oversized-cotton-blend-shirt#Sand,woolly-spotted-hoodie#Navy,random,0.43343093132610455
Nadine,the-everyday-shirt#Pink,the-half-sleeve-tee#Black,random,0.23412635395328416
Summer,emerald-knit#Emerald,rosie-bell-sleeve-denim-shirt#Stripe,random,0.3028860028860029
Summer,napoleon-top-1#NemoBlue,reversible-scoopv-neck-tank#Navy,random,0.22780708874458871
Jess,belle-flocked-tunic#Pale%20Blue,soho-ruffle-jumper#OatmealMar,random,0.19416278166278167
Marnee,softly-swinging-bamboo-tee#Blush,clio-knit-jumper#Clay,random,0.5027037961807
Natalia,bodega-knit#Moss,the-stripe-jersey-top#Pink,random,0.21693721921522752
Amanda,the-panel-luxe-top#SilvWhite,the-cross-over-blouse#Sunshine,random,0.5210322180578685
Jess,everyday-linen-tunic#BotanicalB,relaxed-cape#WhiteBlack,random,0.3909252784252784
Fiona,belle-v-neck-forgiver-tunic#BlueMarle,stripe-sweater-2#Blue,random,0.13845841312799495
Riina,the-roll-neck-sweater#Natural,heart-spliced-top#Navy,random,0.4067391000037329
Georgia,to-the-beat-of-the-drum-kimono#Leaf,silver-cross-sweater#Silver,random,0.34912217972471726
Fiona,the-reversible-cowl-neck-top-1#White,the-contrast-34-sleeve-top#Navy,random,0.3683046420227111
Perrie,shirt-in-a-box#Silver,the-drape-tee-1#Stripe,random,0.43518648557021417
Jess,belle-v-neck-forgiver-tunic#Navy,the-ultimate-tie-cardi#Port,random,0.25249819624819625
Marnee,falling-for-you-tunic#Black,the-cross-over-poncho#Navy,random,0.3335811789083091
Mae-Lee,the-drape-tee-1#White,fundamental-split-hoodie-1#Lilac,random,0.18565741574740313
Nadine,the-everyday-shirt#Black,butterfly-kisses-tee#Green,random,0.27723870440936305
Summer,fundamental-split-hoodie#Pink,layered-stripe-top#PinkStripe,random,0.44638798701298704
Tia,the-everyday-shirt#Black,long-sleeve-softly-swinging-bamboo-tee#Cashew,random,0.20582901235075146
Georgia,layer-me-bamboo-rouched-sleeve-tee#Fern,napoleon-top-1#NemoBlue,random,0.3245971398389964
Marnee,the-relaxed-long-sleeve-tee#Navy,natural-detailed-sweater#Tinroof,random,0.3436491422758589
Grazi,germaine-blouse#Pearl,the-cape-jersey-top#DarkNavy,random,0.2917811839323467
Mae-Lee,the-batwing-tee#FrenchBlue,arya-frilled-blouse#Oyster,random,0.06855495753570735
Jess,the-v-split-blouse#Salmon,clovis-shirt#NavyGold,random,0.13357926795426794
Sophie,the-daily-cross-over-top#PinkPrint,belle-v-neck-forgiver-tunic#Tobacco,random,0.08531178445448358
Fiona,the-contrast-detail-top#Ivory,the-everyday-shirt#Cream,random,0.3052325664860158
Georgia,falling-for-you-cardi#Dusty,malibu-cardigan#Wine,random,0.4003076487616666
Fiona,summer-haze-top#Teal,adventurous-hoody#Pink,random,0.30197700876449196
Laura,the-drape-tee-1#Navy,belle-poncho-sleeved-knit#BlueMarle,random,0.46621153853402963
Anna,the-everyday-shirt#Pink,the-ultimate-tie-cardi#Port,random,0.38152210884353743
Georgia,layer-me-bamboo-rouched-sleeve-tee#White,silver-cross-sweater#Silver,random,0.34912217972471726
Chelsea,falling-for-you-cardi#Khaki,llama-long-sleeve-shirt#Mustard,random,0.3220724988595291
Sophia,falling-for-you-cardi#Khaki,prickly-cactus-crew#Pink,random,0.1339495523200636
Marnee,walk-in-the-park-cardi#Sand,the-layered-cross-over-top#Black,random,0.5069523555624913
Sophia,the-linen-tie-sleeve-top#GreyMarle,niue-neck-tie-shirt#LightBlue,random,0.08953362075096441
Fiona,the-double-layer-top#White,the-cut-out-shoulder-blouse#Blue,random,0.23414394814161976
Jess,layer-me-bamboo-rouched-sleeve-tee#Fern,the-linen-tie-sleeve-top#GreyMarle,random,0.35722333222333225
Shadae,st-helens-henley-tee#Sapphire,belle-deep-v-mesh-top#Black,random,0.5569560645634748
Fiona,the-cosy-cardigan#Grey,bertie-top#BlkCherry,random,0.16941095829843802
Lisa,frill-sleeve-top-1#LeafPrint,the-batwing-tee#FrenchBlue,random,0.20435927547062382
Lisa,the-boat-neck-top#Black,spliced-stripe-tunic#Navy,random,0.27611917725347856
Fiona,cool-breeze-jumper#Dust,relaxed-v-neck-knit#Silver,random,0.08584277962770187
Ljubenka,belle-half-sleeve-forgiver-tunic#BlueBonnet,st-helens-henley-tee#White,random,0.03807392102846649
Jess,cotton-stripe-cardi-with-pockets#White,the-blouson-sleeve-jumper#Grey,random,0.2837865837865838
Mae-Lee,belle-v-neck-forgiver-tunic#Charcoal,luxe-shirt#Navy,random,0.05497973654526205
Marnee,the-drape-tee-1#Black,the-panel-hem-top#DenimMarle,random,0.3932781505756693
Clementine,sugar-snaps-layers-tank#PeachyKeen,the-wrap-jersey-top#Charcoal,random,0.28194479938665984
Riina,the-zip-front-blouse#Khaki,sailaway-blouse#OxfordBlue,random,0.3650013842746402
Marnee,long-sleeve-softly-swinging-bamboo-tee#White,belle-polka-dot-blouse#WhiteSpot,random,0.6950780924885559
Mae-Lee,the-printed-v-split-top#Natural,long-sleeve-tee-2#NavyWhite,random,0.1074317974249361
Summer,contrast-pocket-tunic#Pinkpocket,natural-classic-cardigan#Pebble,random,0.18660714285714286
Monique,reversible-scoopv-neck-tank#Black,sugar-snaps-round-neck-layer-tank#DuckEgg,random,0.5468587531631011
Natalie,the-long-sleeve-v-neck-tee#Black,falling-for-you-cardi#Rust,random,0.24444444444444446
Natalia,the-define-flute-sleeve-blouse#White,reversible-scoopv-neck-tank#Navy,random,0.10819870751827713
Sophie,the-relaxed-long-sleeve-tee#White,messina-knit#Cognac,random,0.19538963064958642
Anna,the-cross-over-blouse#Red,the-twist-front-top#Grey,random,0.5320105820105819
Natalia,lavaux-bell-sleeve#Mustard,bird-print-jumper#Navy,random,0.19096464411566877
Fiona,roll-with-me-jumper#Chalk,millie-top#Moss,random,0.07972112154389528
Laura,the-roll-neck-sleeveless-top-1#Black,multi-sequin-dot-stripe-top#Navy,random,0.13655024781159533
Tia,softly-swinging-bamboo-tee#Black,the-long-sleeve-scoop-neck-tee#Navy,random,0.09479895104895104
Summer,rama-top#Stonewash,billow-top#Black,random,0.7310673701298702
Monique,double-layered-top-1#WSilver,belle-ls-free-fall-tee#Greenland,random,0.5781596503335634
Georgia,sugar-snaps-throw-jacket#Duckegg,mila-knit-cardigan#Clay,random,0.2969906027944016
Chesska,coogee-shirt#White,napoleon-top-1#NemoBlue,random,0.2299784412832283
Laura,belle-v-neck-forgiver-tunic#Navy,bird-print-jumper#Navy,random,0.17642535931917785
Mae-Lee,belle-lace-trim-tee#GreyMarle,the-shoulder-tie-top#Black,random,0.21429987364324776
Emma,crushed-top#Blue,rising-mist-jumper#Nickel,random,0.060919540229885105
Chelsea,the-cross-over-poncho#Navy,bertie-top#Black,random,0.24879800943959016
Ljubenka,belle-flocked-tunic#Pale%20Blue,moonlight-kisses-bamboo-tee#Saffron,random,0.16944874885215794
Natalia,lola-bell-sleeve-top-entangled-vines#Gold,the-contrast-panel-top#BlkStripe,random,0.1848089751364463
Chelsea,milan-34-sleeve-1#Melange,the-cotton-bamboo-tank#White,random,0.42984058628978494
Monique,yvette-blouse#Black,partly-cloudy-knit#PawPaw,random,0.5306177951588579
Alex,the-short-sleeve-wrap-jersey-top#NavyWhite,belle-v-neck-forgiver-tunic#Navy,random,0.49034895533638345
Jess,long-sleeve-ruffle-shirt#Black,the-high-low-drape-tee#Sage,random,0.3849837662337662
Mercy,belle-cowl-swing-sweater#Green,the-batwing-tee#Sea,random,0.14641896952355346
Tia,the-drape-tee-1#Stripe,lake-house-top#CoalPrint,random,0.08974883689557601
Gemma,kimberly-spliced-top#Black,the-lace-trim-top#Ivory,random,0.3739782454508125
Laura,the-everyday-shirt#Black,belle-square-neck-drape-tee#Vanilla,random,0.24676939720158583
Fiona,the-daily-essential-jumper#Grey,geneva-v-neck-top#ClaySpot,random,0.17818483032574328
Laura,delicado-top#White,spliced-lace-panel-tee#White,random,0.16814002642146045
Chelsea,cross-over-top-with-pocket#BlackWhite,the-boat-neck-top-1#Ink,random,0.46851433922869073
Anna,the-drape-tee-1#Stripe,cross-over-top-with-pocket#NavyMustrd,random,0.4044501133786848
Mae-Lee,belle-half-sleeve-forgiver-tunic#Apricot,coogee-shirt#White,random,0.06087428051634145
Laura,the-sleeveless-cross-over-blouse#Cobalt,the-boat-neck-top-1#NavyWhite,random,0.3209880231480675
Kate,the-cross-over-blouse#Sunshine,fundamental-vee-tee#Navy,random,0.09687467579624442
Alex,the-cotton-bamboo-tee#BlueJeans,sugar-snaps-layers-tank#NewBeige,random,0.5401176529409288
Georgia,softly-swinging-bamboo-tee#Navy,fundamental-vee-tee#Navy,random,0.30352912550515115
Laura,the-batwing-tee#Stone,multi-pattern-print-top#NavyMulti,random,0.09614085261144355
Natalie,sugar-snaps-layers-tank#Mint,the-oversized-cotton-blend-shirt#Navy,random,0.7661479677066021
Anna,the-batwing-tee#Black,long-sleeve-ruffle-shirt#Navy,random,0.3989965986394558
Mercy,belle-tie-front-shirt#Black,emerald-knit#Emerald,random,0.09843508952176114
Fiona,the-blouson-sleeve-jumper#Grey,softly-swinging-bamboo-tee#BlueJeans,random,0.24412309362120568
Miranda,the-french-cuff-shirt#White,the-cotton-bamboo-tee#DuckEgg,random,0.32309347665308097
Ljubenka,the-cotton-bamboo-tank#White,wellington-tee#HeatheGrey,random,0.12227740693649784
Summer,haze-swing-top#OffWhite,the-tie-front-top#Black,random,0.3607176677489177
Amanda,the-midi-waterfall-cardi#BlueMarle,belle-v-neck-forgiver-tunic#White,random,0.4522241808984864
Sophia,falling-for-you-cardi#Dusty,sequin-cross-2-in-1-top#Navy,random,0.13062958439704833
Emma,everyday-linen-tunic#BotanicalB,the-sleeveless-cross-over-blouse#Chambray,random,0.48005949091617195
Jess,belle-petal-print-top#Petal,luxe-shirt#Navy,random,0.1312169312169312
Laura,the-cross-over-blouse#Mint,jersey-split-back-hooded-top#NavyStrip,random,0.3789412477309491
Sophie,the-relaxed-long-sleeve-tee#Khaki,fundamental-stripe-long-sleeve-tee#WhiteBlack,random,0.05159637560080038
Laura,the-cross-over-blouse#Blue,the-stitch-v-neck-knit#PinkMarle,random,0.366569516131084
Fiona,the-essential-layering-tee#Ink,sparkly-star-tee#Blue,random,0.11016496043417887
Anna,the-cut-out-shoulder-blouse#Black,anna-top#Leona,random,0.47645691609977325
Fiona,long-sleeve-softly-swinging-bamboo-tee#Copper,the-daily-cross-over-top#SkyBlue,random,0.17494666593731198
Laura,softly-swinging-bamboo-tee#Copper,rama-top#Stonewash,random,0.43482999958645097
Maddy,the-cotton-bamboo-tank#DuckEgg,jewel-knit#GreyMarle,random,0.2991602231446408
Jess,the-sleeveless-cross-over-blouse#Salmon,millie-top#Blush,random,0.0952738233988234
Laura,jade-kimono-sweet-blossoms#Blue,monaco-sweater#BlackCream,random,0.15107066860654067
Laura,the-everyday-shirt#Cream,ivy-cosy-pullover#Blossom,random,0.3291540803183672
Amanda,the-on-or-off-the-shoulder-top#Pink,hayley-button-down#NavySparro,random,0.20958078694585602
Louise,ponte-spot-top#BlackWhite,the-oversized-cotton-blend-shirt#Sand,random,0.6057292086795192
Sophia,falling-for-you-cardi#GreyMarle,cooks-shirt#Stripes,random,0.09617036238654729
Georgia,sugar-snaps-layers-tank#Blue,the-ultimate-tie-cardi#Port,random,0.5054661496070018
Laura,the-double-layer-top#Black,ava-short-sleeve-linen-tee#Navy,random,0.16877836597302426
Stefania,the-relaxed-long-sleeve-tee#White,bird-print-jumper#Navy,random,0.21081035372102497
Ljubenka,the-cross-over-blouse#RoyalBlue,sequin-spot-cardi#Grey,random,0.07060950413223141
Summer,knit-hoodie-1#Sage,the-sleeve-detail-knit#Ivory,random,0.38594877344877343
Fiona,square-peg-pullover#SilverMix,belle-longline-white-shirt#White,random,0.2889742801889449
Jess,daisy-top-1#BrightBlue,falling-for-you-cardi-2#WinterRose,random,0.25909090909090904
Anna,belle-half-sleeve-forgiver-tunic#FlamPink,in-transit-cardi#Navy,random,0.4247845804988662
Madeline,layered-top-2#White,ally-long-sleeve-tee#CosmosPr,random,0.13902324725809406
Marnee,softly-falling-bamboo-tunic#White,the-cross-over-poncho#Grey,random,0.3335811789083091
Summer,sky-jumper-1#Clouds,luxe-shirt#Navy,random,0.2689033189033189
Ljubenka,the-cut-out-shoulder-blouse#Silver,rory-spliced-zip-hoodie#Slate,random,0.08435712015257471
Natalie,sugar-snaps-layers-tank#DuckEgg,reversible-scoopv-neck-tank#Black,random,0.22341646684175132
Kate,sugar-snaps-layers-tank#SeaGreen,hacienda-tunic-pushkar#Cornflower,random,0.1907700687112452
Fiona,the-blouson-sleeve-jumper#Navy,milan-stretch-top#Navy,random,0.22752974209813284
Jude,crossing-the-plains-sweater-1#Indigo,manhattan-stretch-tee#Navy,random,0.18146544813211476
Natalie,the-everyday-shirt#Midnight,aztec-cardigan#BlackIvory,random,0.20263927479414864
Mae-Lee,long-sleeve-softly-swinging-bamboo-tee#Cashew,ponte-spot-top#BlackWhite,random,0.13594295863585548
Gemma,sequin-cross-2-in-1-top#Khaki,belle-poncho-sleeved-knit#BlueMarle,random,0.6333201205479823
Maddy,the-cut-out-shoulder-blouse#Clay,manhattan-stretch-tee#White,random,0.11796085026771369
Palatina,luxe-shirt#Black,the-cross-over-blouse#Silver,random,0.3100306832616287
Katie,elcos-top#LightGrey,robyn-top-1#Roanne,random,0.19210838668413255
Marnee,softly-swinging-bamboo-tee#TeaRose,contrast-pocket-tunic#Pinkpocket,random,0.6736879826143246
Madeline,natural-cosy-sweater#Rosered,cascade-hood-top#Black,random,0.46496462030759017
Kate,the-cotton-bamboo-tee#BlueJeans,aida-long-tunic-shirt#AidaStripe,random,0.11863692770555515
Chesska,gloria-applique-crew#Charcoal,the-side-panel-drape-top#OffWhite,random,0.262876391596963
Riina,the-longline-cardi-1#Nude,cara-tee-2#WhiteBlk,random,0.13508131446986946
Georgia,for-the-frill-top#Ivory,the-oversize-knit#GreyMarle,random,0.6258169934640523
Amanda,the-layered-cross-over-top#Black,sugar-snaps-layers-tank#NewBeige,random,0.5051646978070193
Natalia,the-twist-hem-jumper#DenimMarle,ella-funnel-neck-top#Khaki,random,0.24443044866598895
Denniel,the-cotton-bamboo-tee#BlueJeans,maui-stretch-tee#Navy,random,0.20481248438792893
Kate,the-sleeveless-cross-over-blouse#Sunshine,meadow-cardigan#Cream,random,0.15111137047411555
Madeline,natural-cropped-sleeve-knit#Cloudcover,roll-neck-jumper-3#GreyMarl,random,0.24338192255820634
Laura,the-cotton-bamboo-ls-top#Black,the-twist-front-top#Grey,random,0.40629417981940924
Ljubenka,cross-my-heart-sweater#Regal,lenka-lurex-stripe-blouse#NavyGoldSt,random,0.2304350321395776
Fiona,the-pocket-tee#GreyStripe,the-batwing-tee#Sea,random,0.16158933114152502
Amanda,the-contrast-knit-1#Navy,belle-two-in-one-top#Charcoal,random,0.37150841039121096
Fiona,lola-bell-sleeve-top-entangled-vines#Gold,funnel-neck-knit-jumper#BlueMulti,random,0.15698858106191543
Jude,falling-for-you-cardi#Navy,the-long-sleeve-scoop-neck-tee#Grey,random,0.2611992945326278
Emma,belle-flute-sleeve-tee#Navy,the-swing-tank-top#Rose,random,0.6368135449852405
Amanda,the-cotton-blend-stripe-jumper#BlueStripe,under-the-stars-blouse#Petal,random,0.5635234137647274
Summer,wonderland-blouse#Ink,natural-tie-tunic#BlueSky,random,0.27943046536796534
Riina,the-relaxed-long-sleeve-tee#Black,the-bonded-cotton-shirt#Pink,random,0.6530216868397476
Lauren,sugar-snaps-throw-jacket#Duckegg,belle-flocked-tunic#White,random,0.37792376893939394
Shadae,monaco-knot-top#HeatheGrey,marjorie-tie-blouse#BluePrint,random,0.31095731886035394
Chelsea,weekend-cardigan#Black,the-stripe-crossover-blouse#Bluestripe,random,0.3984665052461662
Jess,the-cotton-bamboo-tee#DuckEgg,relaxed-v-neck-knit#Silver,random,0.10114468864468866
Stefania,the-relaxed-long-sleeve-tee#Black,falling-for-you-cardi#Black,random,0.27441860465116275
Mae-Lee,belle-v-neck-forgiver-tunic#Scarlett,the-stripe-pocket-tank#Stripe,random,0.09345490977063452
Summer,nova-lux-long-sleeve-tie-top-1#NightSky,layer-me-cotton-candy-top#Cream,random,0.5325960497835498
Stefania,the-zip-detail-jacket#Grey,colourblock-cardi#NavyRed,random,0.15507576522597638
Palatina,the-boat-neck-top#Navy,the-high-low-drape-tee#Grey,random,0.3695134205933656
Jess,belle-nautical-applique-tee#BlueStripe,maui-stretch-tee#Black,random,0.1779394216894217
Chelsea,bird-print-jumper#Navy,bora-bora-layered-tank#BoraBora,random,0.4785584886128364
Tia,the-cross-over-blouse#Black,cara-tee-2#Blush,random,0.018070780570780584
Fiona,the-boat-neck-top-1#NavyWhite,stripe-sweater-2#Blue,random,0.13845841312799495
Jess,wrap-me-up-bamboo-top#BlueJeans,leopard-print-kimono#GoldMulti,random,0.25819805194805195
Marnee,to-the-beat-of-the-drum-kimono#Leaf,geneva-v-neck-top#ClaySpot,random,0.4335023928422804
Tia,softly-swinging-bamboo-tee#Blush,the-wrap-jersey-top#JetBlack,random,0.05535478280043498
Natalia,crosses-jumper#xmyheart,tab-sleeve-longline-shirt#Navy,random,0.4507676111642512
Jess,long-sleeve-softly-swinging-bamboo-tee#Storm,fundamental-vee-tee#White,random,0.1054563492063492
Georgia,softly-swinging-bamboo-tee#Jewel,the-twist-front-top#Grey,random,0.6744554369005242
Marnee,falling-for-you-top#Blue,out-of-my-mind-scallop-knit#GreyMarle,random,0.4856095679012346
Laura,the-slouch-pocket-tee#Stripe,beach-walk-shirt#Khaki,random,0.4735749846171058
Gemma,art-deco-print-top#NavyWhite,silver-cross-sweater#Silver,random,0.26557842387405073
Chelsea,falling-for-you-cardi#Port,clovis-shirt#NavyGold,random,0.2699235884479068
Fiona,falling-for-you-cardi#Dusty,rib-tank-2#Khaki,random,0.08792072273511224
Ljubenka,belle-v-neck-forgiver-tunic#Tobacco,out-of-my-mind-scallop-knit#GreyMarle,random,0.17074724517906337
Shadae,sadie-crew#GreyMarle,the-cosy-cardigan#Grey,random,0.4170345552489817
Laura,crossing-the-plains-sweater-1#Indigo,sandy-off-the-shoulder-top#Gingham,random,0.13799336524896957
Tia,softly-swinging-bamboo-tee#Chambray,spiced-stripe-tee#NavyWhite,random,0.09869912573716923
Sophia,billow-top#Black,the-boat-neck-top-1#NavyWhite,random,0.27232667269949407
Marnee,summer-haze-top#Teal,viola-kimono-radiant-floral#Grey,random,0.05505617977528088
Marnee,the-bamboo-tunic-dress#Khaki,wildflower-shirt#White,random,0.25736730995977253
Marnee,pocket-shirt-1#Ivory,the-layered-cross-over-top#Navy,random,0.5069523555624913
Jess,linen-cotton-shirt#White,multi-sequin-dot-stripe-top#Navy,random,0.12113997113997114
Riina,the-contrast-panel-top#SageStripe,fundamental-sydney-crew#GreyMarle,random,0.3757066916458248
Emma,the-pocket-tee#NavyStripe,wildflower-shirt#White,random,0.24922986429811145
Maddy,the-cross-over-blouse#Blue,this-mortal-coil-drape#StormClam,random,0.495825166898339
Summer,cherrington-top#GreyRose,boho-embroidered-top#BohoDenim,random,0.30386904761904765
Clementine,sugar-snaps-layers-tank#NewBeige,long-sleeve-tee-2#NavyWhite,random,0.14469460771786352
Amanda,the-tie-front-tank#Navy,always-mine-v-neck-knit#Terracotta,random,0.3224244273796942
Mae-Lee,falling-for-you-cardi#Black,laurina-stripe-pullover#NightSky,random,0.08492961062759484
Anna Maria,the-textured-spot-top#Pink,nova-lux-long-sleeve-tie-top-1#CloudDance,random,0.26451460938192783
Clementine,still-the-one-ruffle-blouse#Spot,niue-neck-tie-shirt#LightBlue,random,0.19856120623562484
Katie,layered-stripe-top#PinkStripe,the-long-sleeve-scoop-neck-tee#White,random,0.23575533661740555
Lucy,the-batwing-tee#Stone,marlow-cardigan#Cream,random,0.16641255996121374
Clementine,the-on-or-off-the-shoulder-top#Pink,lilly-layer-stripe-tank#NavyWhite,random,0.2972808586762075
Jude,contrast-stripe-sweater#Pockets,in-transit-cardi#Navy,random,0.504415707749041
Nikki,rika-top#BatikTile,jordan-top#PearlBlue,random,0.46347475350630546
Clementine,the-cross-over-blouse#Black,layer-me-bamboo-rouched-sleeve-tee#Copper,random,0.26664068489649884
Fiona,chill-out-slouch-top#Mustard,kimberly-spliced-top#Black,random,0.10462435572672914
Marnee,the-relaxed-long-sleeve-tee#White,tracie-top#Opal,random,0.5478478507768068
Marnee,softly-swinging-bamboo-tee#BlueJeans,the-cross-over-blouse#Black,random,0.5685241538354834
Shadae,fundamental-rib-long-sleeve-tee#Black,the-asymmetrical-hem-sweater#Blush,random,0.3690319053346251
Monique,the-crossover-2-way-blouse#Black,picnic-top#BlackWhite,random,0.28957595276435855
Fiona,foil-print-top-2#Navy,shell-top-3#PapBlue,random,0.1858987807158884
Emma,the-pocket-tee#GreyStripe,saba-top-2#Catus,random,0.24268163855089145
Mae-Lee,the-sleeveless-cross-over-blouse#Chambray,longline-gather-back-shirt#Black,random,0.24782730354212124
Anna,the-everyday-shirt#Rose,the-cross-over-top#NavyStripe,random,0.4825661375661376
Miranda,the-printed-side-ring-detail-blouse#Block,capri-tank-3#White,random,0.29195082281368573
Marnee,softly-swinging-bamboo-tee#Navy,holly-rib-long-sleeve-tee#Khaki,random,0.11850443022610627
Anna,belle-half-sleeve-forgiver-tunic#BlueBonnet,ditzy-floral-ruffle-blouse#DitzyFlora,random,0.2805839002267574
Riina,the-box-top#Blush,layer-top-1#Navy,random,0.2342635658914729
Chesska,soho-ruffle-jumper#OatmealMar,fundamental-sydney-crew#GreyMarle,random,0.31325704570078255
Maddy,the-long-sleeve-scoop-neck-tee#Black,sadie-crew#GreyMarle,random,0.3696117821868416
Chelsea,pure-merino-fine-rib-v-neck#Charcoal,billow-top#Peach,random,0.6823690870968875
Laura,the-sleeveless-cross-over-blouse#Chambray,ava-short-sleeve-linen-tee#Blush,random,0.16877836597302426
Anna Maria,the-twist-front-top#Grey,melbourne-stretch-cardigan#Black,random,0.2603107403343088
Marnee,on-the-open-road-maxi-shirt#DarkOchre,sequin-spot-cardi#Grey,random,0.3099974857816618
Mae-Lee,baobab-sweater#Bark,aida-long-tunic-shirt#AidaStripe,random,0.09813745135698383
Maddy,the-batwing-tee#Black,natural-extra-fine-sweater#Snowgum,random,0.2465406038905432
Amanda,the-twist-hem-jumper#DenimMarle,cotton-modal-print-top#PinkNavy,random,0.2610868768256964
Amanda,the-dobby-sleeve-tee#White,this-mortal-coil-drape#StormClam,random,0.5624548085285618
Lauren,belle-mesh-cardi#Black,nova-lux-solid-v-neck-placket-shirt#CloudDance,random,0.11404333513708514
Amanda,the-panel-hem-top#Khaki,mauevewood-crew#YellowWhit,random,0.37344203986599533
Maddy,the-relaxed-long-sleeve-tee#White,off-shoulder-top-1#Strawberry,random,0.3960070675774883
Laura,the-short-sleeve-wrap-jersey-top#Blue,print-tee-3#Bike,random,0.5970273490703719
Nadine,heartmade-sweater#Rust,summer-breeze-top-1#White,random,0.6528909180393883
Sophie,natural-crossover-knit-1#Stormcloud,the-frill-wrap-blouse#Spot,random,0.023650326443468046
Marnee,skipping-stones-tunic#Forest,longline-cardigan-2#Pink,random,0.3492578721043141
Anna,bella-ls-tee#GreenWhite,bertie-top#BlkCherry,random,0.23599773242630387
Marnee,the-cotton-bamboo-tank#DuckEgg,sky-jumper-1#Clouds,random,0.54643847967818
Jess,the-batwing-tee#Sea,melbourne-stretch-cardigan#Black,random,0.138974913974914
Emma,jade-kimono-sweet-blossoms#Blue,moonlight-kisses-bamboo-tee#Saffron,random,0.5135450546819081
Laura,maui-stretch-tee#NavyWhtStr,belle-half-sleeve-boat-tee#Black,random,0.1775155358770806
Anna,the-sleeveless-cross-over-blouse#Chambray,buttoned-top#Spotty,random,0.33945578231292517
Lisa,partly-cloudy-knit#PawPaw,the-bonded-cotton-shirt#Pink,random,0.5906022027685849
Anna,the-short-sleeve-wrap-jersey-top#Black,daylight-jumper#Silver,random,0.38481292517006804
Summer,nature-ls-top#BlueGum,geneva-v-neck-top#ClaySpot,random,0.3946428571428572
Mae-Lee,relaxed-top-1#FloraStrip,rib-tank-2#Khaki,random,0.06883961787240642
Jess,marjorie-tie-blouse#BluePrint,floral-blouse-2#NavyMulti,random,0.1548982267732268
Alex,the-sleeveless-cross-over-blouse#Mint,the-cross-over-top#GreyStripe,random,0.582323595146871
Clementine,sugar-snaps-layers-tank#DuckEgg,mauevewood-crew#YellowWhit,random,0.3780577561972911
Sophia,the-box-top#Khaki,the-cut-out-shoulder-blouse#Silver,random,0.2296093499015374
Gemma,sand-queen-throw-blouse#Fleur,flying-free-top-3#WhiteBird,random,0.44256793450950327
Lauren,drama-top#BlackGrey,the-contrast-trim-knit#BlackWhite,random,0.08194444444444443
Clementine,natural-extra-fine-sweater#Snowgum,not-today-buttoned-cardigan#Almond,random,0.3001107419712071
Riina,the-shoulder-tie-top#White,the-wrap-jersey-top#Charcoal,random,0.29505405670237783
Laura,frill-me-tie-throw-on#WhiteBlk,tracie-top#Opal,random,0.32643548583517673
Tia,sugar-snaps-layers-tank#Black,the-contrast-detail-top#Ivory,random,0.12897727272727275
Laura,the-wrap-jersey-top#Charcoal,print-tee-3#Cntryhous,random,0.5970273490703719
Gemma,foil-2-in-1-spot-top#Charcoal,geneva-v-neck-top#HeatheGrey,random,0.35951109027899986
Summer,fundamental-vee-tee#Navy,partly-cloudy-knit#Black,random,0.5611381673881674
Monique,reversible-scoopv-neck-tank#Navy,the-cotton-cardi#Navy,random,0.37869488536155205
Chelsea,falling-for-you-cardi#Black,roll-neck-jumper-3#GreyMarl,random,0.17430935712531143
Jess,sugar-snaps-layers-tank#Mint,delicado-top#White,random,0.4381757131757132
Jess,softly-swinging-bamboo-tee#Navy,luxe-shirt#Black,random,0.1312169312169312
Chelsea,the-reversible-cowl-neck-top-1#Black,fundamental-rib-long-sleeve-tee#Black,random,0.2903206916517528
Mercy,aztec-cardigan#BlackIvory,the-cotton-bamboo-tank#Chambray,random,0.21946508187224345
Katie,long-sleeve-ruffle-shirt#Black,the-button-up-swing-tunic#Wine,random,0.7272756853669153
Gemma,napoleon-top-1#NemoRed,runaway-top#SoftMint,random,0.32942255397718295
Laura,high-street-knit#NavyStripe,the-cotton-blend-stripe-jumper#BlueStripe,random,0.12855065167533702
Riina,the-dobby-sleeve-tee#White,belle-tie-neck-blouse-tee#White,random,0.45967704794878494
Fiona,the-shoulder-tie-top#Black,multi-sequin-dot-stripe-top#Navy,random,0.08705130107719175
Fiona,sugar-snaps-round-neck-layer-tank#DuckEgg,belle-poncho-sleeved-knit#BlueMarle,random,0.39730940753808713
Fiona,sugar-snaps-round-neck-layer-tank#Black,rib-tank-2#Mustard,random,0.08792072273511224
Natalie,the-long-sleeve-v-neck-tee#White,mauevewood-crew#YellowWhit,random,0.3704267583535273
Tia,vivian-blouse#Check,belle-half-sleeve-boat-tee#Black,random,0.09772395152829937
Mae-Lee,the-short-sleeve-wrap-jersey-top#Blue,the-colour-block-pullover#Sage,random,0.06337592536253932
Palatina,sky-shirt#Clouds,long-sleeve-softly-swinging-bamboo-tee#Cashew,random,0.2618241540115228
Marnee,softly-falling-bamboo-tunic#Copper,contrast-pocket-tunic#Pinkpocket,random,0.6736879826143246
Jude,pattern-tunic-1#Lattice,forget-me-knot-tunic#ForgetMeK,random,0.20799558466225132
Laura,softly-swinging-bamboo-singlet#Cashew,the-cotton-tie-detail-top#Ivory,random,0.3034863768626523
Riina,the-colour-block-pullover#Sage,cross-over-top-with-pocket#Emerald,random,0.4861039629138826
Sophia,the-boat-neck-top#Black,maui-stretch-tee#Navy,random,0.1347483501688456
Ljubenka,softly-swinging-bamboo-tee#Storm,natural-waterfall-cardigan#Fallendust,random,0.055555555555555525
Gemma,animal-button-up-shirt#KhakiPrint,the-shoulder-tie-top#White,random,0.526102181146659
Summer,the-excess-shirt#Pearl,millie-top#Moss,random,0.2442775974025974
Gemma,driftwood-gathering-blouse#Khaki,belle-v-neck-forgiver-tunic#Tobacco,random,0.42196799842108046
Clementine,the-frill-detail-blouse#Chambray,the-cross-over-poncho#Navy,random,0.2980385893176591
Laura,the-double-layer-top#White,the-blouson-sleeve-jumper#Navy,random,0.2886937935541993
Riina,rory-spliced-zip-hoodie#Silver,bird-print-jumper#Navy,random,0.34700390085482846
Summer,circles-knit#Plum,jade-kimono-sweet-blossoms#Blue,random,0.3682900432900433
Jess,the-cut-out-shoulder-blouse#Clay,fundamental-vee-tee#Pink,random,0.1054563492063492
Olivia,the-sleeveless-cross-over-blouse#Salmon,ella-funnel-neck-top#Khaki,random,0.2237733103655274
Amanda,the-shoulder-tie-top#Navy,millie-top#Blush,random,0.24315653896704095
Lauren,sugar-snaps-throw-jacket#White,belle-tier-tee#Blue,random,0.2512688266594517
Mae-Lee,softly-swinging-bamboo-tee#Chambray,nova-lux-long-sleeve-tie-top#AidaStripe,random,0.09790322112442515
Lauren,sugar-snaps-throw-jacket#Black,rib-tank-2#Khaki,random,0.10441017316017316
Natalie,the-everyday-shirt#Rose,long-sleeve-ruffle-shirt#White,random,0.4537221355256982
Sophie,paint-stroke-top#Strokes,coil-print-hi-lo-shirt#White,random,0.11637322854137012
Riina,the-tie-front-tank#Navy,sadie-crew#GreyMarle,random,0.42184578247290555
Jess,summer-whispers-kimono-1#Peacock,the-panel-hem-top#DenimMarle,random,0.1886887418137418
Sophia,cotton-candy-side-split-top#IceBlue,arizona-off-the-shoulder-top#Khaki,random,0.08408320642324454
Ljubenka,the-cotton-bamboo-tank#DuckEgg,stripe-sweater-2#Blue,random,0.096052306279579
Emma,sequin-spot-cardi#Grey,the-textured-spot-top#Pink,random,0.5724011108888983
Riina,the-box-top#Khaki,clio-knit-jumper#Black,random,0.47133444075304537
Sophia,layer-me-cotton-candy-top#Cream,lucy-rib-oversized-top#Black,random,0.1295773526187621
Marnee,falling-flowers-cardi#GreyMarle,aigli-top#Navy,random,0.36945701553613536
Laura,belle-half-sleeve-forgiver-tunic#White,mila-knit-cardigan#Black,random,0.14369359118209002
Jess,layer-top-1#Navy,the-contrast-detail-top#Ivory,random,0.16054292929292932
Chelsea,cara-tee-2#Blush,the-bonded-cotton-shirt#Pink,random,0.5914412043372987
Emma,aztec-cardigan#BlackIvory,open-plains-kimono-throw-1#Rust,random,1.0296228316702456
Fiona,hem-frill-stripe-top#SoFrilled,cara-tee-2#WhiteBlk,random,0.029851695234380513
Laura,the-v-split-blouse#Salmon,spliced-lace-panel-tee#White,random,0.16814002642146045
Riina,the-multi-stripe-cardi#Stripe,weekend-tunic#Navy,random,0.6383388004404793
Kate,the-sleeveless-cross-over-blouse#Chambray,ponte-spot-top#BlackWhite,random,0.1999432394040237
Olivia,crossing-the-plains-sweater-1#Indigo,34-sleeve-shirt-1#SkyWhite,random,0.07416192292208743
Madeline,aigli-top#Navy,adventurous-hoody#Pink,random,0.4561836194349255
Laura,maui-stretch-tee#Black,the-printed-v-split-top#Natural,random,0.32028320208862326
Mae-Lee,the-long-sleeve-scoop-neck-tee#White,capri-tank-6#HeatheGrey,random,0.06640088758868966
Mae-Lee,the-relaxed-long-sleeve-tee#Navy,analia-jersey-top#Navy,random,0.06146006189049422
Riina,the-layered-cross-over-top#Black,geena-xo-ls-pullover-knit#Allure,random,0.20716863148120498
Chesska,arya-frilled-blouse#Oyster,bamboo-layer-tank#Black,random,0.127558580067067
Laura,the-ultimate-tie-cardi#Port,belle-cowl-swing-sweater#Black,random,0.09727924731662976
Maddy,34-sleeve-shirt-1#SkyWhite,the-zip-front-blouse#Navy,random,0.5053740963330721
Summer,paint-stroke-top#Strokes,the-tie-front-tank#Navy,random,0.39293492965367965
Maddy,the-cotton-bamboo-tee#BlueJeans,foil-striped-2-in-1-top#Blue,random,0.32720931094938605
Fiona,the-printed-side-ring-detail-blouse#Block,capri-tank-3#White,random,0.07624271711485925
Nathalie,the-wrap-jersey-top#NavyWhite,diva-ruffle-jumper#Gold%20Spot,random,0.35202269730156766
Laura,messina-v-neck-tee#Black,the-box-top#Khaki,random,0.31472214859692843
Ljubenka,yvette-blouse#Black,the-cosy-cardigan#Grey,random,0.266559829059829
Jess,long-sleeve-softly-swinging-bamboo-tee#White,the-french-cuff-shirt#White,random,0.22371274558774557
Riina,the-zip-front-top#Blue,falling-for-you-cardi#GreyMarle,random,0.2628571428571428
Gemma,ivy-cosy-pullover#Blossom,daylight-jumper#Silver,random,0.4084209412661631
Ljubenka,softly-swinging-bamboo-tee#Chambray,batty-about-you-cotton-tee#BlkWhite,random,0.21445508405735678
Riina,the-wrap-jersey-top-1#NavyStripe,the-roll-neck-sleeveless-top-1#Black,random,0.49511140883384974
Emma,long-sleeve-softly-swinging-bamboo-tee#Navy,grace-oversized-knit#InkWhite,random,0.5584699503880538
Stacey,the-stripe-jersey-top#Pink,the-cross-over-poncho#Grey,random,0.153191006102482
Laura,sugar-snaps-layers-tank#Red,cover-up-slouch-cardi#Alloy,random,0.1800356894427052
Jess,layered-tunic-1#Natural,the-slouch-pocket-tee#Stripe,random,0.25681818181818183
Mae-Lee,shirt-in-a-box#Silver,colourblock-cardi#NavyRed,random,0.12380769977857606
Laura,long-sleeve-layer-top#Navy,belle-mid-length-knit-cardi#Black,random,0.3939970444454552
Katie,marquax-tunic#OnyxSpeck,nuzuri-longline-cardi#Forest,random,0.5307780299256472
Clementine,sugar-snaps-layers-tank#SeaGreen,pure-merino-fine-rib-v-neck#Charcoal,random,0.0673992673992674
Marnee,sugar-snaps-throw-jacket#Black,germaine-blouse#Pearl,random,0.2584770339159384
Katie,selene-cardigan#Ivy,the-soft-knit-jumper#NavyStripe,random,0.244991789819376
Nadine,heart-spliced-top#Navy,prickly-cactus-crew#Pink,random,0.2750708460929814
Mae-Lee,the-long-sleeve-scoop-neck-tee#Navy,chill-out-slouch-top#GreyMarle,random,0.33769430303822817
Georgia,runaway-top#SoftPink,eco-78-long-cardigan#LightGreyM,random,0.24070041693570382
Palatina,luxe-shirt#Navy,the-midi-waterfall-cardi#BlueMarle,random,0.2812152954842172
Stacey,the-panel-hem-top#Khaki,animal-button-up-shirt#KhakiPrint,random,0.08906052783759237
Summer,peasant-top-3#Denim,stara-cardigan#GreyMarle,random,0.22178030303030302
Georgia,starry-night-cardi#Chalk,cotton-stripe-cardi-with-pockets#White,random,0.46938114295949307
Fiona,the-boat-neck-top#Black,cotton-candy-side-split-top#IceBlue,random,0.34004208470243746
Laura,melbourne-stretch-cardigan#Navy,ally-long-sleeve-tee#CosmosPr,random,0.10505130621359968
Mae-Lee,belle-half-sleeve-forgiver-tunic#FlamPink,you-at-my-shoulder-tunic#Black,random,0.23743028090457358
Summer,shell-top-3#PapBlue,layer-me-bamboo-rouched-sleeve-tee#Copper,random,0.2644852543290043
Jess,long-sleeve-softly-swinging-bamboo-tee#Combat,marquax-tunic#OnyxSpeck,random,0.27958742646242646
Stacey,the-tie-detail-hoody#Pink,the-long-sleeve-v-neck-tee#White,random,0.08213158088239689
Marnee,prairie-romance-blouse#Blush,natural-tie-tunic#BlueSky,random,0.313126170411985
Summer,relaxed-top-1#FloraStrip,born-to-run-shirt-jacket#Leopard,random,0.21777597402597404
Nathalie,the-everyday-shirt#Cream,crossing-the-plains-sweater-1#Indigo,random,0.47257652772111153
Riina,the-spotted-tunic#NavySpot,coogee-shirt#White,random,0.3300499972003434
Stacey,block-vest#Blockvest,belle-half-sleeve-boat-tee#Black,random,0.18200212806723254
Laura,milan-stretch-top#NavyWhtStr,long-sleeve-softly-swinging-bamboo-tee#Navy,random,0.2953754131259458
Georgia,pulkari-emb-top#Pulkari,selene-cardigan#Ivy,random,0.8994161542419988
Laura,meera-oversized-shirt#Mint,bamboo-layer-tank#Black,random,0.16550405815924035
Anna,the-relaxed-long-sleeve-tee#Black,multi-stripe-jumper#NavyMulti,random,0.3444557823129252
Marnee,moonlight-kisses-bamboo-tee#Saffron,spot-layered-tee#Blue,random,0.5498120838535164
Katie,bodega-knit#Moss,bo-cosy-cardigan#Storm,random,0.37581101955436513
Chelsea,millie-top#Blush,the-contrast-trim-knit#BlackWhite,random,0.2731638418079096
Nathalie,runaway-top#Sand,peasant-top-3#Denim,random,0.6325061275914287
Emma,long-sleeve-spot-top#Multispot,peasant-top-3#Denim,random,0.6435680485967843
Ljubenka,the-high-low-drape-tee#Sage,off-shoulder-top-1#Strawberry,random,0.16075498575498576
Clementine,the-cotton-bamboo-tank#White,coogee-shirt#White,random,0.3161512905698952
Marnee,rising-mist-jumper#Nickel,dot-to-dot-knit-1#GreyMarle,random,0.34195341760299625
Palatina,flow-with-me-slouch-top#Brick,born-to-run-shirt-jacket#Leopard,random,0.05490558468963287
Lucy,the-batwing-tee#FrenchBlue,great-scot-merino-carcoat#Twilight,random,0.11715678279462265
Georgia,snug-as-a-bug-jumper#Smoke,snake-print-johnny-collar-top#BeigeSnake,random,0.4276033132804502
Olivia,sugar-snaps-layers-tank#DuckEgg,sequin-cross-2-in-1-top#Navy,random,0.16342512888959365
Georgia,sugar-snaps-round-neck-layer-tank#Black,the-daily-cross-over-top#SkyBlue,random,0.33921568627450976
Chelsea,the-flutter-sleeve-top#Denim,the-pocket-tee#GreyStripe,random,0.3786470944309927
Nikki,the-drape-tee-1#Black,the-printed-v-split-top#Natural,random,0.6586834744377655
Nathalie,runaway-top#JetBlack,icing-sugar-top#Ivory,random,0.384261623800268
Marnee,falling-for-you-cardi#Teal,midtown-ruffle-shirt#BoldRed,random,0.37943586142322094
Miranda,the-frill-wrap-blouse#Spot,picnic-top#BlackWhite,random,0.3268390407273165
Marnee,roll-with-me-jumper#Chalk,the-zip-front-top#Blue,random,0.4559955437647385
Jess,the-cross-front-spot-blouse#NavySpot,multi-stripe-jumper#NavyMulti,random,0.21964424464424465
Fiona,the-shoulder-tie-top#White,the-cut-out-shoulder-blouse#Blue,random,0.23414394814161976
Fiona,birds-tee-1#Navy,not-today-buttoned-cardigan#Almond,random,0.12888998145637634
Fiona,flying-free-top-3#WhiteBird,the-striped-top#BlueStripe,random,0.29782390682017995
Kate,the-cross-over-blouse#RoyalBlue,the-essential-layering-tee#White,random,0.18942577030812324
Perrie,the-cut-out-shoulder-blouse#Black,waterfall-cardi-1#Navy,random,0.309965814618146
Summer,ally-long-sleeve-tee#CosmosPr,melbourne-stretch-cardigan#NavyWhtStr,random,0.2415212391774892
Natalie,the-cross-over-blouse#Red,rib-tank-2#White,random,0.2620568961798551
Bree,belle-half-sleeve-forgiver-tunic#MutedClay,the-everyday-shirt#Midnight,random,0.39572418106296614
Ljubenka,34-sleeve-shirt-1#SkyWhite,natural-cross-back-knit#Lightsmoke,random,0.1255468437286619
Georgia,stripe-me-happy-blouse#Ash,off-shoulder-top-2#FloraLace,random,0.27955700798838057
Anna,the-half-sleeve-tee#Black,summer-breeze-top-1#White,random,0.6780687830687832
Ljubenka,the-everyday-shirt#Rose,stara-cardigan#GreyMarle,random,0.0829106920016011
Nadine,cotton-cashmere-v-neck-knit#Navy,clovis-shirt#NavyGold,random,0.23629981498543412
Georgia,long-sleeve-softly-swinging-bamboo-tee#Smoke,the-everyday-shirt#Midnight,random,0.6150578779365181
Jess,the-cut-out-shoulder-blouse#Salmon,collared-shirt-1#White,random,0.11677489177489177
Jude,falling-for-you-cardi#Mustard,marlow-cardigan#Cream,random,0.37708896042229373
Jess,ricki-one-shoulder-top#BlackWhite,drapey-stripe-tee#Navy,random,0.1182872682872683
Mae-Lee,soft-and-true-tunic#Pine,indi-crosover-front-blouse#MixedStrip,random,0.07029036946895177
Miranda,the-boat-neck-top#Black,printed-v-neck-top#Striped,random,0.379743786292134
Clementine,wrap-me-up-bamboo-top#BlueJeans,lucy-rib-oversized-top#WhiteGrey,random,0.3401865576284181
Jess,softly-swinging-bamboo-tee#Chambray,frost-cardigan#Mauvewoo,random,0.23638757076257078
Jess,rise-top#Ink,wellington-tee#HeatheGrey,random,0.22585331335331335
Sophia,the-asymmetrical-hem-sweater#Blush,belle-lace-trim-tee#GreyMarle,random,0.4187955803408302
Marnee,long-sleeve-softly-swinging-bamboo-tee#TeaRose,the-spotted-tunic#GreySpot,random,0.6906821117700097
Marnee,crossing-the-plains-sweater-1#Indigo,belle-flocked-tunic#White,random,0.8233970774379248
Denniel,the-cross-over-blouse#Sunshine,lavaux-bell-sleeve#Mustard,random,0.7614987512378191
Denniel,the-cotton-bamboo-tee#White,the-define-flute-sleeve-blouse#White,random,0.37470458196687434
Jess,belle-ls-free-fall-tee#Greenland,under-the-stars-blouse#Petal,random,0.358345473970474
Emma,long-sleeve-softly-swinging-bamboo-tee#DuckEgg,the-linen-tie-sleeve-top#GreyMarle,random,0.6036725829380284
Shadae,clio-knit-jumper#InkWhite,cuddled-longline-cardigan#Sunflower,random,0.2518116688199463
Nadine,juno-cardigan#GreyMarle,layered-tunic-1#PalePink,random,0.27406274994062113
Tia,wrap-me-up-bamboo-top#Black,long-sleeve-softly-swinging-bamboo-tee#TeaRose,random,0.20582901235075146
Laura,true-love-bell-blouse#Jade,henson-jumper#Cream,random,0.14303726995374555
Summer,capri-tank-3#Black,messina-knit-1#Shiraz,random,0.6226258116883117
Shadae,fundamental-split-hoodie#Navy,wonderlust-tee#BurntOran,random,0.5712542745652718
Fiona,the-cotton-tie-detail-top#Ivory,billow-top#Black,random,0.4413781219206171
Gemma,button-through-animal-shirt#Animal,the-pirate-in-me-shirt#White,random,0.6408425347237178
Laura,the-everyday-shirt#Rose,mauevewood-crew#YellowWhit,random,0.2141917025454119
Fiona,the-french-cuff-shirt#White,maui-stretch-tee#NavyWhtStr,random,0.16108293155545766
Clementine,the-cotton-bamboo-tank#Moonbeam,mauevewood-crew#YellowWhit,random,0.3780577561972911
Chelsea,jersey-split-back-hooded-top#NavyStrip,dahlia-lace-trim-blouse#Dusk,random,0.24071163192616762
Summer,rib-tank-2#Red,softly-swinging-bamboo-tee#Navy,random,0.47961309523809526
Mae-Lee,the-cut-out-shoulder-blouse#Clay,arya-frilled-blouse#Oyster,random,0.06855495753570735
Laura,falling-for-you-cardi#Khaki,kimono-top-36#BlueMarle,random,0.20519702215746682
Summer,cuddled-longline-cardigan#Sunflower,the-half-sleeve-tee#Black,random,0.3035951028138528
Emma,belle-v-neck-forgiver-tunic#Black,the-zip-front-top#Blue,random,0.4495859969638706
Gemma,ella-funnel-neck-top#Khaki,maui-stretch-tee#White,random,0.23712476817695713
Maddy,the-cross-over-blouse#Silver,spot-layered-tee#Blue,random,0.4360259161344855
Amanda,the-longline-cardi-1#Nude,belle-half-sleeve-forgiver-tunic#Apricot,random,0.424854334286238
Ljubenka,belle-v-neck-forgiver-tunic#White,the-pleated-sleeve-top#Sage,random,0.16292735042735043
Madeline,natural-pattern-cocoon-cardigan#Blossom,merino-boyfriend-cardigan#MelangeStr,random,0.24143859366978332
Natalia,the-asymmetrical-hem-sweater#Blush,capri-tank-3#Navy,random,0.12565678291951043
Summer,hem-frill-stripe-top#SoFrilled,natural-crossover-knit-1#Stormcloud,random,0.1976190476190476
Georgia,falling-for-you-cardi#Port,the-boat-neck-top#Black,random,0.19152718536095392
Laura,softly-swinging-bamboo-tee#Chambray,the-sleeve-detail-knit#Ivory,random,0.21841374146335238
Palatina,the-essential-pullover#DustyPeach,crossing-the-plains-sweater-1#Indigo,random,0.2610884957867467
Alex,the-cotton-bamboo-tank#Moonbeam,natural-detailed-sweater#Tinroof,random,0.32940538955864623
Katie,foil-spot-tee-1#Navy,not-today-buttoned-cardigan#Almond,random,0.32157488934572837
Tia,capri-tank-3#Navy,paradise-top#Red,random,0.15654200871592178
Jess,ditzy-floral-ruffle-blouse#DitzyFlora,tie-back-bell-sleeve-top-5#Summerbud,random,0.1762987012987013
Bree,belle-half-sleeve-forgiver-tunic#Black,the-reversible-cowl-neck-top-1#Black,random,0.20625590012272255
Riina,the-daily-cross-over-top#PinkPrint,relaxed-top-1#FloraStrip,random,0.3225249169435216
Amanda,the-asymmetrical-hem-sweater#Blush,the-long-sleeve-scoop-neck-tee#Navy,random,0.21416252939639402
Jess,belle-flocked-tunic#White,grace-oversized-knit#Clay,random,0.3219187062937063
Laura,the-drape-tee-1#Stripe,aida-long-tunic-shirt#AidaStripe,random,0.16431207267808406
Laura,the-cotton-bamboo-tee#BlueJeans,cara-tee-4#White,random,0.08113491943540191
Amanda,the-weekender-shirt#GreyStripe,multi-stripe-jumper#NavyMulti,random,0.3996033680565034
Chelsea,2-in-1-layered-knit-top#Khaki,the-blouson-sleeve-jumper#Grey,random,0.4266905288275959
Fiona,long-sleeve-softly-swinging-bamboo-tee#SilverScon,the-contrast-panel-top#BlkStripe,random,0.14522181499917947
Mae-Lee,the-sleeveless-cross-over-blouse#White,layered-sleeve-top#DarkBlue,random,0.13163128264206278
Marnee,falling-for-you-cardi-2#WinterRose,the-lace-trim-top#Ivory,random,0.42185231423683356
Laura,vivid-dreams-blouse#Dusty%20Rose,rib-tank-2#Navy,random,0.12033456897258336
Amanda,the-on-or-off-the-shoulder-top#FrenchNavy,layered-top-2#White,random,0.2184962306315301
Laura,sugar-snaps-layers-tank#DuckEgg,animal-knit-1#Animal,random,0.2180318061819438
Jess,belle-v-neck-forgiver-tunic#BlueMarle,the-reversible-cowl-neck-top-2#Ocean,random,0.0780757437007437
Stacey,layer-me-bamboo-rouched-sleeve-tee#Copper,the-longline-cardi-1#Nude,random,0.19165591100228244
Maddy,the-cross-over-blouse#RoyalBlue,raspberry-ls-tee#WhiteRaspb,random,0.2701886931572697
Olivia,sugar-snaps-layers-tank#DeepCobalt,weekend-vibes-blouse#Blush,random,0.40510178859156704
Laura,belle-off-the-shoulder-tee#Stripe,ivy-cosy-pullover#Blossom,random,0.3291540803183672
Kate,the-cross-over-blouse#Blue,milan-stretch-top#White,random,0.2176379811183733
Summer,block-vest#Blockvest,the-open-sleeve-blouse#Berry,random,0.4459821428571429
Chelsea,cross-over-top-with-pocket#NavyMustrd,layered-sleeve-top#DarkBlue,random,0.39577044294136227
Gemma,falling-for-you-cardi#Teal,belle-half-sleeve-forgiver-tunic#Apricot,random,0.3957574024415207
Palatina,falling-for-you-cardi#Khaki,the-reverse-sleeve-sweater#Navy,random,0.24448351563491147
Denniel,the-batwing-tee#Sea,overlay-tunic-3-pce-set#Emerald,random,0.1806951123982165
Natalia,the-cosy-cardigan#Blue,layer-me-bamboo-rouched-sleeve-tee#Fern,random,0.1338208505974449
Jess,the-drape-tee-1#White,block-sweater#Block,random,0.15135316072816074
Georgia,falling-for-you-cardi#Mustard,layered-tee-2#White,random,0.3850463559894394
Anna,waterfall-cardi-1#Navy,lazy-daze-tee#Khaki,random,0.530031179138322
Nadine,great-scot-merino-carcoat#Twilight,vivid-dreams-blouse#Dusty%20Rose,random,0.12500014081161753
Mandy,monaco-sweater#BlackCream,lucy-rib-oversized-top#WhiteGrey,random,0.13310291301037408
Jess,falling-for-you-cardi-1#GreyGarden,the-soft-overlay-top#Pink,random,0.6572358197358197
Mae-Lee,falling-for-you-cardi#Khaki,dahlia-lace-trim-blouse#Dusk,random,0.09832450246700186
Marnee,sugar-snaps-layers-tank#PeachyKeen,the-twist-front-top#Navy,random,0.6314731007536875
Palatina,the-boat-neck-top-1#Ink,high-neck-tie-top#Black,random,0.10801616846407638
Anna,layer-top-1#Navy,the-tie-layering-knit#Grey,random,0.5588888888888889
Laura,layer-top-1#Navy,vivian-blouse#Check,random,0.13751372890463365
Natalia,the-contrast-knit-1#Navy,analia-jersey-top#Navy,random,0.12325433679254479
Riina,the-cotton-blend-stripe-jumper#BlueStripe,the-pirate-in-me-shirt#White,random,0.7023528080555451
Jess,long-sleeve-softly-swinging-bamboo-tee#SilverScon,clara-blouse#DarkFloral,random,0.1486700799200799
Summer,magnolia-fields-keyhole-blouse#Magnolia,the-boat-neck-top-1#Ink,random,0.5025094696969696
Fiona,natural-detailed-sweater#Tinroof,bora-bora-layered-tank#BoraBora,random,0.30238792984062407
Amanda,the-weekender-shirt#DenimStrip,arizona-off-the-shoulder-top#Khaki,random,0.2786735255002749
Fiona,long-sleeve-softly-swinging-bamboo-tee#Cashew,fundamental-vee-tee#Navy,random,0.08921106305386983
Fiona,falling-for-you-cardi#Khaki,the-roll-neck-sweater#Natural,random,0.13806969935523458
Laura,softly-swinging-bamboo-tee#Jewel,sand-queen-throw-blouse#Fleur,random,0.3616369264045049
Clementine,the-printed-v-neck-tee#White,longline-cardigan-2#Pink,random,0.3121492461027344
Marnee,long-sleeve-softly-swinging-bamboo-tee#DuckEgg,billow-top#Peach,random,0.775915739006797
Summer,always-mine-spliced-cardigan#GreyEmeral,falling-flowers-blouse#DustyPink,random,0.286620670995671
Amanda,the-printed-v-split-top#Natural,layered-top-2#Navy,random,0.2184962306315301
Amanda,the-longline-cardi-1#GreyMarle,the-wrap-jersey-top#NavyWhite,random,0.2792487783190138
Natalia,kimono-and-me-cardi#DustyPink,daisy-top-1#BrightBlue,random,0.21223071950335398
Riina,bora-bora-layered-tank#BoraBora,the-asymmetrical-tank-top#Indigo,random,0.5355934747004367
Laura,germaine-blouse#Pearl,grace-oversized-knit#Black,random,0.34285091289356867
Laura,the-flutter-sleeve-top#SnakePrint,fundamental-vee-tee#GreyMarle,random,0.10299739783310785
Anna,aigli-top#Navy,natural-waterfall-cardigan#Fallendust,random,0.06857142857142856
Amanda,the-stitch-detail-top#SkyBlue,karmen-top#HighRiskRe,random,0.24723274144043306
Marnee,long-sleeve-softly-swinging-bamboo-tee#Cashew,contrast-stripe-sweater#Pockets,random,0.6099869737480927
Mae-Lee,long-sleeve-softly-swinging-bamboo-tee#Navy,to-the-beat-of-the-drum-kimono#Leaf,random,0.3132226747305757
Anna,milan-stretch-top#White,jersey-split-back-hooded-top#NavyStrip,random,0.49781179138321996
Shadae,rib-tank-2#Red,roll-with-me-jumper#Chalk,random,0.4438870615654218
Georgia,blue-waters-cotton-blouse#White,westward-top#BotanicalD,random,0.2941230545553192
Natalie,the-cross-over-blouse#White,the-tie-layering-knit#Grey,random,0.6176836944278804
Nadine,renee-sweater#Sapphire,softly-swinging-bamboo-tee#BlueJeans,random,0.42205766886248175
Laura,the-high-low-drape-tee#Sage,gloria-applique-crew#Charcoal,random,0.10412180808900169
Mae-Lee,falling-for-you-cardi#Rust,long-sleeve-ruffle-shirt#White,random,0.14395022059986212
Tia,softly-swinging-bamboo-tee#Cashew,knit-hoodie-1#Sage,random,0.1292774817231339
Jess,reversible-scoopv-neck-tank#Black,the-dobby-sleeve-tee#InkBlue,random,0.19225589225589226
Amanda,the-relaxed-batwing-top#Denim%20Blue,belle-ls-free-fall-tee#Blush,random,0.5722879267108408
Laura,maui-stretch-tee#White,block-vest#Blockvest,random,0.18347708494243922
Laura,the-cross-over-blouse#Sunshine,freya-fringe-blouse#Navy,random,0.14434026568555125
Marnee,summer-whispers-kimono-1#Peacock,the-soft-knit-jumper#NavyStripe,random,0.26767928977666805
Riina,the-cotton-cardi#Navy,nova-lux-long-sleeve-tie-top-1#NightSky,random,0.258986197693083
Georgia,butterfly-kisses-tee#Green,aigli-top#Navy,random,0.38457026220706386
Marnee,sugar-snaps-layers-tank#Blue,stara-cardigan#GreyMarle,random,0.2676469228279465
Tia,the-cross-over-blouse#Blue,the-soft-overlay-top#Pink,random,0.553669265761657
Marnee,falling-for-you-cardi-1#GreyGarden,lilly-layer-stripe-tank#NavyWhite,random,0.33107183728672496
Laura,the-long-sleeve-scoop-neck-tee#Grey,cotton-cashmere-v-neck-knit#Navy,random,0.18476989328152388
Laura,the-cut-out-shoulder-blouse#Clay,the-boat-neck-top-1#NavyWhite,random,0.3209880231480675
Jess,the-sleeveless-cross-over-blouse#White,the-oversized-cotton-blend-shirt#Sand,random,0.5359196359196359
Anna Maria,falling-for-you-cardi#Port,triangle-detail-long-sleeve-tee#Navy,random,0.5188436640950607
Laura,the-oversized-cotton-blend-shirt#Sand,capri-tank-6#HeatheGrey,random,0.13505248302598777
Ljubenka,the-asymmetrical-tank-top#HotPink,belle-ls-free-fall-tee#Greenland,random,0.2408728897365261
Alex,the-short-sleeve-wrap-jersey-top#Black,reversible-scoopv-neck-tank#Navy,random,0.2532881729541212
Summer,tab-sleeve-longline-shirt#Navy,pattern-tunic-1#Lattice,random,0.9058373917748918
Laura,the-cut-out-shoulder-blouse#Salmon,long-sleeve-softly-swinging-bamboo-tee#BlueJeans,random,0.2953754131259458
Amanda,the-high-low-drape-tee#Sage,the-lace-trim-top#Ivory,random,0.3897918299799669
Laura,rory-spliced-zip-hoodie#Silver,the-cotton-tie-detail-top#Ivory,random,0.3034863768626523
Olivia,sugar-snaps-layers-tank#Mint,westward-top#BotanicalD,random,0.10658848082943784
Anna,the-cut-out-shoulder-blouse#White,square-nk-fray-trim-top#Denim,random,0.1975736961451247
Amanda,the-linen-tie-sleeve-top#GreyMarle,falling-for-you-cardi#Rust,random,0.251685393258427
Summer,capri-tank-3#White,paige-top#Black,random,0.07272276334776336
Gemma,layered-sleeve-top#DarkBlue,long-sleeve-tee-2#NavyWhite,random,0.11796110172401275
Riina,the-asymmetrical-hem-sweater#Blush,belle-tier-tee#Blue,random,0.6198456047724813
Gemma,animal-knit-1#Animal,the-textured-spot-top#Pink,random,0.5004627359200703
Marnee,long-sleeve-softly-swinging-bamboo-tee#Fern,bertie-top#BlkCherry,random,0.3014582466361493
Gemma,longline-gather-back-shirt#Black,the-drape-tee-1#Stripe,random,0.44922128276032386
Chelsea,luxe-shirt#Black,belle-half-sleeve-boat-tee#White,random,0.30122156498929714
Laura,softly-swinging-bamboo-tee#BlueJeans,the-linen-tie-sleeve-top#GreyMarle,random,0.3760570699391131
Jess,sugar-snaps-layers-tank#DeepCobalt,belle-lace-trim-tee#GreyMarle,random,0.4559613997113997
Stacey,sequin-heart-layered-top#Natural,cara-tee-3#ZebraPrint,random,0.08002098475455564
Chelsea,luxe-shirt#Navy,the-cross-over-printed-blouse#Leopard,random,0.4851803479313612
Clementine,the-sleeveless-cross-over-blouse#Mint,tuck-layer-shirt#White,random,0.6973098219609848
Mae-Lee,sugar-snaps-layers-tank#SeaGreen,lucy-rib-oversized-top#WhiteGrey,random,0.06976505520422412
Sophia,rory-spliced-zip-hoodie#Slate,multi-pattern-print-top#NavyMulti,random,0.04714121230402507
Stacey,skipping-stones-tunic#Natural,pattern-tunic-1#Lattice,random,0.6674252150036886
Anna,the-cotton-bamboo-tank#Moonbeam,falling-for-you-cardi#Black,random,0.2628571428571428
Alex,the-cross-over-blouse#Mint,the-wrap-jersey-top#Charcoal,random,0.3089856304295959
Marnee,long-sleeve-softly-swinging-bamboo-tee#Combat,diva-ruffle-jumper#Gold%20Spot,random,0.37641663198779307
Palatina,2-in-1-layered-knit-top#Khaki,marquax-tunic#OnyxSpeck,random,0.26636246676966785
Laura,the-cut-out-shoulder-blouse#Black,the-check-pullover#PinkCheck,random,0.6761163927571862
Fiona,long-sleeve-layer-top#Navy,daylight-cardi#Silver,random,0.10669286287930038
Fiona,the-spotted-tunic#GreySpot,belle-half-sleeve-forgiver-tunic#Apricot,random,0.20452730408007763
Chelsea,the-oversized-cotton-blend-shirt#Navy,clio-knit-jumper#StoneBlack,random,0.4386286275748324
Monique,the-cotton-bamboo-tank#DuckEgg,the-high-low-drape-tee#Sage,random,0.5963584080975386
Jess,sugar-snaps-layers-tank#NewBeige,hayley-button-down#NavySparro,random,0.07539613164613165
Alex,the-cotton-bamboo-tank#DuckEgg,layered-top-2#White,random,0.24429151228720195
Riina,the-spotted-tunic#GreySpot,belle-two-in-one-top#Charcoal,random,0.39377190731270295
Palatina,hydrangea-kimono#Hydrangea,york-linen-blend-top#BurntOrang,random,0.10896563002047929
Summer,back-to-you-top#BlackMagic,millie-top#Blush,random,0.2442775974025974
Riina,the-blouson-sleeve-jumper#Navy,the-cross-over-blouse#Black,random,0.5461905306282431
Marnee,the-relaxed-long-sleeve-tee#Pink,layer-me-bamboo-rouched-sleeve-tee#Copper,random,0.3006665929740602
Lauren,the-tie-front-tank#Navy,agra-shirt#White,random,0.11707476551226552
Sophie,long-sleeve-softly-swinging-bamboo-tee#SilverScon,manhattan-stretch-tee#NavyWhtStr,random,0.1315823096519999
Monique,layered-tunic-1#White,lucy-rib-oversized-top#Black,random,0.33870485392224525
Fiona,snug-as-a-bug-jumper#Smoke,the-everyday-shirt#Cream,random,0.3052325664860158
Jess,long-sleeve-softly-swinging-bamboo-tee#Cashew,sequin-cross-2-in-1-top#Navy,random,0.17161553724053724
Stefania,the-contrast-panel-top#SageStripe,long-sleeve-softly-swinging-bamboo-tee#Copper,random,0.3403519913701242
Palatina,2-in-1-layered-top-1#PinkWhite,the-everyday-shirt#Rose,random,0.3290169647572886
Tia,softly-swinging-bamboo-tee#Navy,nova-lux-long-sleeve-tie-top-1#NightSky,random,0.06825806880154707
Summer,layered-tee-2#Black,be-mine-top-1#Sage,random,0.6729482323232324
Ljubenka,the-cut-out-shoulder-blouse#Black,the-boat-neck-top#Black,random,0.3607496512326058
Jess,the-drape-tee-1#Navy,moonlight-kisses-bamboo-tee#Black,random,0.2839649933399933
Fiona,long-sleeve-softly-swinging-bamboo-tee#White,neptune-top-1#PrimBlack,random,0.11311275931647237
Amanda,the-shoulder-tie-top#Black,merino-boyfriend-cardigan#MelangeStr,random,0.19957948043945414
Mandy,heartmade-cardi#DustyRose,the-cut-out-shoulder-blouse#Salmon,random,0.23089266301869094
Summer,dot-to-dot-knit-1#GreyMarle,the-wrap-jersey-top-1#NavyStripe,random,0.23852813852813856
Lauren,belle-handkerchief-printed-cami#RustFlwrs,paradise-top#Red,random,0.20349927849927849
Ljubenka,the-cross-over-blouse#Red,llama-long-sleeve-shirt#Mustard,random,0.08543447293447294
Stacey,out-of-my-mind-scallop-knit#GreyMarle,freya-fringe-blouse#Navy,random,0.14979139291782093
Mae-Lee,the-cross-over-blouse#RoyalBlue,spiced-stripe-tee#NavyWhite,random,0.0844187414429423
Laura,the-short-sleeve-wrap-jersey-top#NavyWhite,animal-knit-1#Animal,random,0.2180318061819438
Maddy,the-long-sleeve-v-neck-tee#White,foil-spot-tee-1#Navy,random,0.2564566178891957
Summer,rib-tank-2#Mustard,billow-top#Peach,random,0.7310673701298702
Maddy,the-batwing-tee#Stone,belle-v-neck-forgiver-tunic#Scarlett,random,0.38882065714130487
Emma,block-sweater#Block,the-stripe-button-through-top#Coral,random,0.585568171008784
Mae-Lee,belle-v-neck-forgiver-tunic#Tobacco,the-luxe-dobby-blouse#White,random,0.3283425063414539
Maddy,the-cross-over-blouse#Red,ally-long-sleeve-tee#CosmosPr,random,0.09039590285505837
Tia,layered-tee-2#White,the-contrast-detail-top#Ivory,random,0.12897727272727275
Fiona,the-boat-neck-top#Navy,the-on-or-off-the-shoulder-top#FrenchNavy,random,0.48652604390873866
Riina,the-oversize-knit#GreyMarle,karmen-top#HighRiskRe,random,0.26919019933554816
Mae-Lee,falling-for-you-cardi#Navy,the-bell-sleeve-top#Grey,random,0.19564190474546553
Thais,jade-kimono-kaleidoscope#Blue,the-v-neck-stripe-top#BlkStripe,random,0.5364353767289404
Stefania,cable-knit-sweater#Camel,pure-merino-fine-rib-v-neck#Charcoal,random,0.08062553101444268
Summer,nova-lux-long-sleeve-tie-top#AidaStripe,delicado-top#White,random,0.6628382034632034
Riina,the-stripe-jersey-top#Blue,aida-long-tunic-shirt#AidaStripe,random,0.3333740877785658
Marnee,long-sleeve-softly-swinging-bamboo-tee#Navy,gloria-applique-crew#Charcoal,random,0.25347352267998335
Emma,annabelle-sweater#Midnight,clio-knit-jumper#Black,random,0.5004221654604797
Miranda,york-linen-blend-top#BurntOrang,falling-flowers-blouse#DustyPink,random,0.32511278181011516
Natalie,the-sleeveless-cross-over-blouse#Chambray,belle-half-sleeve-forgiver-tunic#MutedClay,random,0.41829952168893286
Ljubenka,paisley-top-1#Paisley,belle-square-neck-drape-tee#Vanilla,random,0.14426487338419158
Georgia,floating-by-you-blouse#SeaFleur,the-zip-front-top#Blue,random,0.4815683458732407
Georgia,softly-swinging-bamboo-tee#Starfish,the-stripe-tank-1#Hazelnut,random,0.5456169983598933
Marnee,long-sleeve-softly-swinging-bamboo-tee#SilverScon,multi-sequin-dot-stripe-top#Navy,random,0.3216127410181717
Maddy,the-long-sleeve-v-neck-tee#Navy,the-daily-cross-over-top#SkyBlue,random,0.28825450744708647
Laura,layla-long-line-kimono#MultiStrip,cross-over-top-with-pocket#NavyMustrd,random,0.29365383696281033
Monique,still-the-one-ruffle-blouse#Spot,leah-knit-cardigan#WhiteBlk,random,0.26586381412468374
Natalia,viola-kimono-radiant-floral#Grey,the-long-sleeve-scoop-neck-tee#Navy,random,0.1442995755003032
Laura,flying-free-top-3#WhiteBird,rose-shirt#BlueIllusi,random,0.15937977048223803
Clementine,cross-my-heart-sweater#Regal,striped-sleeve-sweater#Striped,random,1.2769230769230768
Mae-Lee,crossing-the-plains-sweater-1#Indigo,the-bonded-cotton-tunic-dress#Navy,random,0.30176835902107413
Chelsea,ava-short-sleeve-linen-tee#Blush,the-blouson-sleeve-jumper#Grey,random,0.4266905288275959
Mae-Lee,the-long-sleeve-v-neck-tee#Navy,messina-v-neck-tee#Black,random,0.05991660715448399
Perrie,the-batwing-tee#FrenchBlue,falling-for-you-cardi#Rust,random,0.24804469273743013
Palatina,chasing-birds-blouse#White,oregon-safari-embroidered-top#White,random,0.12613204019627205
Ljubenka,belle-v-neck-forgiver-tunic#Charcoal,long-sleeve-layer-top#White,random,0.10147431482658756
Helen,sailaway-blouse#OxfordBlue,rising-mist-jumper#Nickel,random,0.06572237960339944
Gemma,cara-tee-4#Black,the-everyday-shirt#Black,random,0.5100448844997196
Sophie,the-everyday-shirt#Pink,verona-patchwork-top#Patchwork,random,0.08809648132103885
Marnee,softly-swinging-bamboo-tee#Jewel,stud-trim-long-sleeve-top#Mint,random,0.6702887666458592
Mercy,belle-petal-print-top#Petal,cotton-candy-side-split-top#IceBlue,random,0.32395903347224086
Mae-Lee,long-sleeve-softly-swinging-bamboo-tee#Smoke,runaway-top#Sand,random,0.10191141460133389
Fiona,batty-about-you-cotton-tee#BlkWhite,the-cross-over-blouse#Red,random,0.28344333780755576
Jess,relaxed-top-1#FloraStrip,the-tie-front-top#Navy,random,0.18443258130758133
Maddy,the-cut-out-shoulder-blouse#Blue,the-v-neck-stripe-top#BlkStripe,random,0.49251815957660566
Emma,stripe-me-happy-blouse#Ash,layered-sleeve-top#DarkBlue,random,0.45919383072759506
Mercy,belle-ls-free-fall-tee#Blush,the-boat-neck-top#Navy,random,0.3322277139784533
Palatina,falling-for-you-cardi#Black,the-pirate-in-me-shirt#White,random,0.4405508288903507
Perrie,the-batwing-tee#Sea,overlay-tunic-3-pce-set#Emerald,random,0.2318509807089607
Palatina,jersey-split-back-hooded-top#NavyStrip,celestial-woven-top#White,random,0.18003754452534315
Amanda,the-belle-sleeve-print-top#NavyPrint,cooks-shirt#Stripes,random,0.28928889001556113
Natalie,the-sleeveless-cross-over-blouse#Sunshine,the-cotton-cardi#Khaki,random,0.32474160206718344
Nadine,runaway-top#SoftPink,nova-lux-long-sleeve-tie-top#AidaStripe,random,0.18234982698813706
Anna,the-wrap-jersey-top#Charcoal,the-soft-knit-jumper#NavyStripe,random,0.24380952380952378
Jess,belle-tie-neck-blouse-tee#White,great-scot-merino-carcoat#Twilight,random,0.1354555167055167
Marnee,nuzuri-longline-cardi#Forest,belle-v-neck-forgiver-tunic#BlueMarle,random,0.49581826969760023
Clementine,the-cross-over-blouse#Silver,dot-to-dot-knit-1#GreyMarle,random,0.30736008177868646
Laura,belle-lace-trim-tee#GreyMarle,meadow-cardigan#Cream,random,0.15767029502936952
Anna,the-wrap-jersey-top#NavyWhite,long-sleeve-softly-swinging-bamboo-tee#Navy,random,0.4081831065759637
Gemma,snake-print-johnny-collar-top#BeigeSnake,everyday-linen-tunic#BotanicalB,random,0.17526337630751068
Ljubenka,wrap-me-up-bamboo-top#Black,wildflower-shirt#White,random,0.0901376086035177
Summer,tab-sleeve-longline-shirt#Silver,melbourne-stretch-cardigan#NavyWhtStr,random,0.2415212391774892
Marnee,weekend-vibes-blouse#Blush,circles-knit#Plum,random,0.3382947964350118
Sophia,elcos-45-aop-top-jrs#BlackZigZa,the-boat-neck-top-1#Ink,random,0.27232667269949407
Marnee,first-love-kimono-jacket#Stone,the-cosy-cardigan#Blue,random,0.46753363850742125
Alex,the-cross-over-blouse#Sunshine,falling-for-you-cardi#GreyMarle,random,0.2666666666666666
Ljubenka,sugar-snaps-layers-tank#Red,st-helens-henley-tee#Sapphire,random,0.03807392102846649
Georgia,arizona-off-the-shoulder-top#Khaki,reversible-scoopv-neck-tank#White,random,0.28040641298987
Fiona,the-cross-over-poncho#Grey,mixed-messages-jumper#MixedStrip,random,0.10510357166316381
Sophie,the-daily-cross-over-top#SkyBlue,the-longline-cardi-1#GreyMarle,random,0.12209694803721352
Fiona,belle-cowl-swing-sweater#Black,linen-v-neck-cami-2#BlueWhite,random,0.127389045220345
Anna,the-sleeveless-cross-over-blouse#Black,agra-shirt#White,random,0.3218027210884354
Maddy,the-cross-over-blouse#White,fluid-tunic-top#White,random,0.24318554349742338
Chelsea,drapey-stripe-tee#Navy,long-sleeve-ruffle-shirt#Black,random,0.4257755202301997
Natalie,the-cross-over-blouse#RoyalBlue,the-contrast-panel-top#SageStripe,random,0.25859173126614987
Anna,the-relaxed-long-sleeve-tee#Khaki,softly-swinging-bamboo-tee#TeaRose,random,0.41943877551020403
Jess,runaway-top#JetBlack,the-stitch-v-neck-knit#PinkMarle,random,0.3575276575276575
Laura,runaway-top#JetBlack,sequin-spot-shirt#Blue,random,0.2837531698199708
Ljubenka,belle-v-neck-forgiver-tunic#Scarlett,geena-xo-ls-pullover-knit#Allure,random,0.09165022162181255
Maddy,the-short-sleeve-wrap-jersey-top#Black,the-bell-sleeve-top#Grey,random,0.4804409770179303
Sophie,the-reverse-sleeve-sweater#Navy,striped-sleeve-sweater#Striped,random,0.4230769230769231
Stacey,the-stripe-jersey-top#Blue,the-cross-over-blouse#RoyalBlue,random,0.35543423093064047
Amanda,the-curve-striped-tank#Marine,layered-tunic-1#White,random,0.32692534193417555
Anna,the-sleeveless-cross-over-blouse#Cobalt,vivian-blouse#Check,random,0.2333333333333333
Clementine,the-stripe-button-through-top#Coral,monaco-knot-top#ClaySpot,random,0.07560439560439561
Marnee,snug-as-a-bug-jumper#Smoke,belle-deep-v-mesh-top#Black,random,0.6099474181578582
Natalia,roll-neck-jumper-3#GreyMarl,the-flutter-sleeve-top#SnakePrint,random,0.33772863641731066
Olivia,sugar-snaps-layers-tank#Blue,picnic-top#BlackWhite,random,0.13570311380238587
Mae-Lee,the-cotton-bamboo-tank#DuckEgg,the-everyday-shirt#Midnight,random,0.20624654583205032
Georgia,falling-for-you-cardi#Khaki,mixed-messages-jumper#MixedStrip,random,0.3266350782369212
Olivia,runaway-top#JetBlack,grace-oversized-knit#Clay,random,0.3347968373427749
Fiona,long-sleeve-softly-swinging-bamboo-tee#Fern,belle-half-sleeve-forgiver-tunic#MutedClay,random,0.20452730408007763
Laura,the-dobby-sleeve-tee#White,dahlia-lace-trim-blouse#Dusk,random,0.12886715697672962
Jess,layer-me-bamboo-rouched-sleeve-tee#Black,lucy-rib-oversized-top#WhiteGrey,random,0.16539814352314353
Sophie,long-sleeve-softly-swinging-bamboo-tee#Smoke,the-batwing-tee#Sea,random,0.11477272727272726
Monique,layered-tunic-1#PalePink,sequin-spot-cardi#Grey,random,0.2780062878613603
Ljubenka,belle-nautical-applique-tee#BlueStripe,the-dobby-sleeve-tee#White,random,0.143082338536884
Riina,the-relaxed-long-sleeve-tee#Khaki,pulkari-emb-top#Pulkari,random,0.22326152991899662
Ljubenka,runaway-top#Sand,spiced-stripe-tee#NavyWhite,random,0.06482548385957476
Gemma,cara-tee-4#BlackWhite,natural-overlay-knit#Greybloss,random,0.35362195344901687
Fiona,the-pleated-sleeve-top#Sage,jewel-knit#GreyMarle,random,0.19813438593467916
Fiona,leopard-print-kimono#GoldMulti,the-everyday-shirt#Midnight,random,0.3052325664860158
Summer,back-to-you-top#Rust,the-cascade-blouse#Auburn,random,0.4702482413419914
Alex,the-cotton-bamboo-tank#DarkNavy,natural-classic-cardigan#Pebble,random,0.2251365634507397
Laura,softly-swinging-bamboo-tee#TeaRose,fundamental-vee-tee#Black,random,0.10299739783310785
Georgia,long-sleeve-softly-swinging-bamboo-tee#Storm,capri-tank-3#White,random,0.3057230107067762
Natalie,the-cut-out-shoulder-blouse#White,jewel-knit#GreyMarle,random,0.35224919329941595
Summer,lake-house-top#CoalPrint,the-pocket-tee#NavyStripe,random,0.3794282106782106
Jess,border-stripe-knit#WhitePink,leah-knit-cardigan#Black,random,0.1349473443223443
Kate,the-everyday-shirt#Rose,sailaway-blouse#OxfordBlue,random,0.1688509021842355
Alex,the-sleeveless-cross-over-blouse#White,long-sleeve-softly-swinging-bamboo-tee#TeaRose,random,0.5038203179456772
Kate,the-cross-over-blouse#White,york-linen-blend-long-cardigan#BurntOrang,random,0.2079863854373658
Gemma,holly-rib-long-sleeve-tee#WhiteGrey,ava-short-sleeve-linen-tee#Blush,random,0.29127557873204846
Emma,long-sleeve-softly-swinging-bamboo-tee#TeaRose,monaco-knot-top#Black,random,0.09507835050220108
Laura,the-essential-layering-tee#Ink,back-to-you-top#Rust,random,0.10974440072418123
Summer,makeover-blouse#LimeGreen,tracie-top#Opal,random,0.5053199404761904
Maddy,the-batwing-tee#Sea,napoleon-top-1#NemoBlue,random,0.21661188702766654
Mae-Lee,the-bamboo-tunic-dress#Khaki,softly-swinging-bamboo-singlet#BlueJean,random,0.23634441225434757
Georgia,chill-out-slouch-top#GreyMarle,the-shoulder-tie-top#White,random,0.6346147227301991
Monique,gloria-applique-crew#Charcoal,cotton-stripe-cardi-with-pockets#White,random,0.41040871098842113
Fiona,long-sleeve-spot-top#Multispot,falling-flowers-cardi#GreyMarle,random,0.3367369803379975
Fiona,the-double-layer-top#Black,the-longline-cardi-1#GreyMarle,random,0.1260861728188395
Olivia,the-sleeveless-cross-over-blouse#White,cross-over-top-with-pocket#NavyMustrd,random,0.2868217004532698
Laura,the-cross-front-spot-blouse#NavySpot,glasgow-top#Melange,random,0.08525288919547828
Marnee,cross-my-heart-sweater#Regal,belle-lace-trim-tee#GreyMarle,random,0.732851622104314
Marnee,falling-for-you-cardi#Navy,stripe-sweater-2#Blue,random,0.36603030933555275
Ljubenka,belle-v-neck-forgiver-tunic#Black,the-wrap-jersey-top#PortSpot,random,0.04962960019778202
Kate,runaway-top#SoftPink,butterfly-blouse-1#Ivory,random,0.18394971948893515
Jess,the-sleeveless-cross-over-blouse#Sunshine,seeker-knot-front-shirt#Olive,random,0.14909847097347098
Riina,the-contrast-knit-1#Navy,the-asymmetrical-tank-top#Indigo,random,0.5355934747004367
Anna,the-wrap-jersey-top#PortSpot,belle-lace-trim-tee#GreyMarle,random,0.6118509070294784
Laura,ponte-spot-top#BlackWhite,the-panel-hem-top#Khaki,random,0.1933913626758309
Georgia,sugar-snaps-layers-tank#White,saba-top-2#Catus,random,0.266565602998395
Maddy,the-wrap-jersey-top#NavyWhite,softly-swinging-bamboo-tee#Jewel,random,0.40951855516284386
Riina,the-blouson-sleeve-jumper#Grey,the-wrap-jersey-top#JetBlack,random,0.29505405670237783
Georgia,falling-for-you-tunic#Rust,the-blouson-sleeve-jumper#Grey,random,0.5290601648471572
Ljubenka,belle-half-sleeve-forgiver-tunic#FlamPink,relaxed-cape#Black,random,0.26018518518518513
Perrie,vivid-dreams-blouse#Dusty%20Rose,fundamental-vee-tee#Pink,random,0.24765779222931333
Riina,the-soft-knit-jumper#PinkStripe,the-long-sleeve-scoop-neck-tee#Navy,random,0.21777408637873752
Georgia,lazy-daze-tee#Khaki,great-scot-merino-carcoat#Twilight,random,0.3637561159554521
Olivia,sugar-snaps-layers-tank#SeaGreen,the-reversible-cowl-neck-top-1#Black,random,0.17641003784358358
Palatina,luxe-shirt#Champagne,chill-out-slouch-top#GreyMarle,random,0.47426652832808486
Monique,the-design-fold-tunic-top#PearlBlue,foil-spot-tee-1#Navy,random,0.31612989801395597
Stacey,the-midi-waterfall-cardi#BlueMarle,the-cross-over-top#GreyStripe,random,0.3389924717323803
Emma,contrast-stripe-sweater#Pockets,stripe-sweater-2#Blue,random,0.3569526312342404
Fiona,the-fleck-roll-neck-knit#Oatmeal,the-everyday-shirt#Black,random,0.3052325664860158
Georgia,chill-out-slouch-top#Mustard,the-cross-over-top#NavyStripe,random,0.621218614950534
Louise,layered-tee-2#White,bird-jumper#Navy,random,0.1989352262644188
Denniel,the-cut-out-shoulder-blouse#Black,falling-for-you-cardi#Navy,random,0.251685393258427
Laura,the-cape-jersey-top#DarkNavy,first-mix-top-1#BlackWhite,random,0.15521826045227183
Tia,layer-top-1#Navy,the-stripe-crossover-blouse#Bluestripe,random,0.23028846153846153
Amanda,the-sleeveless-cross-over-blouse#Cobalt,ella-funnel-neck-top#Khaki,random,0.3899600833044082
Lauren,belle-half-sleeve-boat-tee#Black,the-striped-top#BlueStripe,random,0.2027364417989418
Laura,the-zip-front-top#Blue,meredith-78-oversized-pullover-knit#CameoRose,random,0.6217576440962562
Fiona,the-high-low-drape-tee#Grey,the-midi-waterfall-cardi#BlueMarle,random,0.25704547187496607
Kate,the-wrap-jersey-top#Charcoal,the-stripe-button-through-top#Coral,random,0.29759211376858435
Fiona,tracie-top#Black,layer-top-1#Navy,random,0.0728203992601883
Stefania,the-contrast-panel-top#BlkStripe,dahlia-lace-trim-blouse#Dusk,random,0.15652301351241604
Amanda,the-contrast-knit-1#Sage,the-roll-neck-sleeveless-top-1#Black,random,0.47140076986377233
Stefania,the-sleeve-detail-knit#Ivory,the-box-top#Blush,random,0.3577353726881325
Jess,the-drape-tee-1#Stripe,lucy-rib-oversized-top#Black,random,0.16539814352314353
Sophie,the-everyday-shirt#Rose,sequin-star-tee#Navy,random,0.06663765806464922
Sophie,long-sleeve-softly-swinging-bamboo-tee#Storm,the-sleeveless-cross-over-blouse#Salmon,random,0.10301077057161129
Jess,natural-tie-tunic#BlueSky,messina-v-neck-tee#White,random,0.17290626040626042
Jess,the-short-sleeve-wrap-jersey-top#Black,spiced-stripe-tee#NavyWhite,random,0.1646766428016428
Amanda,the-double-layer-top#Black,softly-swinging-bamboo-tee#Cashew,random,0.4834418838652309
Georgia,daisy-chain-tassel-blouse#DeepBlue,the-tie-sleeve-blouse#Grey,random,0.43535309179715215
Sophie,long-sleeve-softly-swinging-bamboo-tee#Navy,aztec-cardigan#BlackIvory,random,0.1053718773851517
Mae-Lee,reversible-scoopv-neck-tank#White,cara-tee-4#White,random,0.07038508067429601
Jude,falling-for-you-cardi#Black,bird-jumper#Navy,random,0.3340279473612807
Kate,the-cross-over-blouse#Red,falling-for-you-top#Blue,random,0.30715148595050557
Mae-Lee,pocket-shirt-1#Ivory,frill-me-tie-throw-on#WhiteBlk,random,0.07301324726953355
Denniel,the-short-sleeve-wrap-jersey-top#NavyWhite,maui-stretch-tee#Black,random,0.20481248438792893
Anna,the-cotton-bamboo-tee#DustyPink,tab-sleeve-longline-shirt#Silver,random,0.5458900226757368
Natalie,the-cut-out-shoulder-blouse#Silver,long-sleeve-layer-top#Navy,random,0.3844844940094816
Jess,the-cross-front-spot-blouse#Spot,bodega-knit#Moss,random,0.46513313075813073
Mae-Lee,reversible-scoopv-neck-tank#Black,suri-bell-sleeve-top#GreyMarle,random,0.07490663309579411
Sophie,the-dobby-sleeve-tee#InkBlue,the-oversized-cotton-blend-shirt#Sand,random,0.3036327794624255
Anna,the-sleeveless-cross-over-blouse#Sunshine,sugar-snaps-layers-tank#White,random,0.4422108843537415
Laura,manhattan-stretch-tee#Black,juno-cardigan#GreyMarle,random,0.15724303330230477
Jess,the-design-fold-tunic-top#PearlBlue,the-reversible-cowl-neck-top-1#White,random,0.16338973526473527
Georgia,runaway-top#SoftMint,heart-spliced-top#Navy,random,0.4470328528319564
Riina,the-contrast-panel-top#BlkStripe,the-cross-over-top#NavyStripe,random,0.5513780454042082
Amanda,the-everyday-shirt#Rose,the-boat-neck-top-1#NavyWhite,random,0.500084240412778
Clementine,the-on-or-off-the-shoulder-top#FrenchNavy,sontana-blouse#Stone,random,0.4560414004600051
Denniel,the-cut-out-shoulder-blouse#Clay,milan-34-sleeve-1#Melange,random,0.3843973401082491
Nadine,multi-sequin-dot-stripe-top#Navy,snake-print-johnny-collar-top#BeigeSnake,random,0.30525940514508987
Jess,the-short-sleeve-wrap-jersey-top#NavyWhite,ruffle-hem-jersey-top#Pink,random,0.1766851204351204
Fiona,belle-cowl-swing-sweater#Green,the-cut-out-shoulder-blouse#Black,random,0.23414394814161976
Laura,this-mortal-coil-drape#StormClam,rib-tank-2#Khaki,random,0.12033456897258336
Kate,runaway-top#Sand,the-pocket-tee#GreyStripe,random,0.175655988891283
Fiona,long-sleeve-softly-swinging-bamboo-tee#Black,layer-me-bamboo-rouched-sleeve-tee#White,random,0.08394478731406507
Gemma,wonderlust-tee#BurntOran,softly-falling-bamboo-tunic#Copper,random,0.5712093445658545
Emma,the-relaxed-long-sleeve-tee#White,maui-stretch-tee#White,random,0.2951432454306018
Fiona,the-shoulder-tie-top#Navy,the-relaxed-long-sleeve-tee#White,random,0.145372442600974
Chelsea,cotton-modal-print-top#PinkNavy,cara-tee-3#Mustard,random,0.18410040969224828
Mae-Lee,the-cotton-bamboo-tank#DarkNavy,the-everyday-shirt#Rose,random,0.20624654583205032
Mae-Lee,sugar-snaps-layers-tank#NewBeige,tia-boyfriend-shirt#White,random,0.07301912868144882
Charlotte,natural-tie-tunic#BlueSky,sunshine-in-me-tee-1#GreyMarle,random,0.23756724045185582
Emma,westward-top#BotanicalD,germaine-blouse#Pearl,random,0.24982866949461777
Laura,the-cross-front-spot-blouse#Spot,multi-sequin-dot-stripe-top#Navy,random,0.13655024781159533
Chelsea,the-high-low-drape-tee#Grey,high-neck-tie-top#Black,random,0.10453995157384988
Palatina,sand-queen-throw-blouse#Fleur,amira-sweater#Cream,random,0.12872987500542105
Shadae,capri-tank-6#HeatheGrey,the-contrast-detail-top#Ivory,random,0.260898699251084
Marnee,sugar-snaps-layers-tank#Red,cara-tee-4#Black,random,0.24370166631987794
Denniel,the-cross-over-blouse#Silver,birds-tee-1#Navy,random,0.19654519089379507
Anna,the-drape-tee-1#NavyStripe,the-crossover-2-way-blouse#Black,random,0.2615873015873016
Sophia,sugar-snaps-throw-jacket#Duckegg,jewel-knit#GreyMarle,random,0.167632685417479
Gemma,billow-top#Black,falling-flowers-cardi#GreyMarle,random,0.5490941826107182
Mae-Lee,the-cross-over-blouse#Red,geneva-v-neck-top#Black,random,0.08903194869983674
Sophie,long-sleeve-softly-swinging-bamboo-tee#Copper,the-cross-over-blouse#Black,random,0.1460335571508138
Anna,the-cross-over-blouse#Mint,falling-for-you-cardi#Dusty,random,0.2628571428571428
Jess,the-cotton-bamboo-tank#DuckEgg,roll-with-me-jumper#Chalk,random,0.2606015512265512
Olivia,the-button-up-swing-tunic#Wine,ivy-cosy-pullover#Blossom,random,0.3235088472220897
Georgia,sugar-snaps-layers-tank#DuckEgg,foil-2-in-1-spot-top#Charcoal,random,0.5639829933733589
Laura,belle-v-neck-forgiver-tunic#DenimMarl,ryder-cosy-sweater#Blossom,random,0.17833497267123566
Katie,horizontal-cabel-pullover#EnglishRos,the-blouson-sleeve-jumper#Navy,random,0.48091316171685433
Laura,nuzuri-longline-cardi#Forest,the-cross-over-top#NavyStripe,random,0.3629671664757912
Jess,the-stripe-button-through-top#Coral,nuzuri-longline-cardi#Forest,random,0.3304413179413179
Summer,long-sleeve-check-top#Check,silver-cross-sweater#Silver,random,0.2964285714285714
Emma,the-relaxed-long-sleeve-tee#Pink,the-stripe-jersey-top#Pink,random,0.3889060957667279
Mae-Lee,verona-patchwork-top#Patchwork,zara-top#ZebraPrint,random,0.17584560470098104
Jess,belle-half-sleeve-forgiver-tunic#BlueBonnet,ivy-cosy-pullover#Blossom,random,0.31191829004329
Helen,freya-fringe-blouse#Navy,the-boat-neck-top-1#NavyWhite,random,0.5228834751075505
Chelsea,2-in-1-layered-knit-top#Navy,on-the-open-road-maxi-shirt#DarkOchre,random,0.5393992679053936
Gemma,falling-flowers-blouse#DustyPink,tie-back-bell-sleeve-top-5#Summerbud,random,0.32269703343420536
Chelsea,2-in-1-layered-knit-top#PalePink,softly-swinging-bamboo-tee#Starfish,random,0.4450277660806401
Jess,long-sleeve-softly-swinging-bamboo-tee#Navy,relaxed-animal-print-blouse#Leopard,random,0.2777537277537278
Sophia,the-ruffle-sleeve-top#NavyStripe,geneva-v-neck-top#Black,random,0.17412671144692218
Palatina,moonlight-kisses-bamboo-tee#White,the-drape-tee-1#White,random,0.3005428285106116
Anna,the-roll-neck-sweater#Natural,the-stripe-jersey-top#Pink,random,0.3052721088435374
Emma,belle-v-neck-forgiver-tunic#Scarlett,the-boat-neck-top-1#Ink,random,0.5394679946224488
Mandy,open-plains-kimono-throw-1#Rust,the-essential-pullover#SkyBlue,random,0.21370134497194263
Laura,the-wrap-jersey-top#PortSpot,renee-sweater#Sapphire,random,0.11896643514802097
Fiona,the-linen-tie-sleeve-top#GreyMarle,mila-knit-cardigan#InkWhite,random,0.12875813550231732
Mae-Lee,the-relaxed-long-sleeve-tee#White,messina-v-neck-tee#White,random,0.05991660715448399
Emma,sugar-snaps-layers-tank#NewBeige,natural-waterfall-cardigan#Fallendust,random,0.07126436781609191
Natalie,the-everyday-shirt#Pink,analia-jersey-top#Navy,random,0.24846044946861376
Mae-Lee,the-sleeveless-cross-over-blouse#Sunshine,reversible-stripe-vee-scoop-neck-tank#BlackWhite,random,0.0773611314561879
Marnee,runaway-top#Sand,the-sleeveless-cross-over-blouse#Chambray,random,0.4898105883270911
Maddy,the-half-sleeve-tee#Black,milan-stretch-top#White,random,0.3884237988918904
Mae-Lee,the-cotton-bamboo-tee#White,moonlight-kisses-bamboo-tee#Saffron,random,0.1612212851792064
Amanda,the-batwing-tee#Sea,layered-stripe-top#PinkStripe,random,0.4460482081362199
Amanda,the-spotted-tunic#NavySpot,tab-sleeve-longline-shirt#Silver,random,0.6147755149000229
Amanda,the-panel-hem-top#DenimMarle,hydrangea-kimono#Hydrangea,random,0.39851058270185524
Marnee,softly-swinging-bamboo-tee#White,relaxed-cape#WhiteBlack,random,0.6203258658158783
Ljubenka,the-cut-out-shoulder-blouse#White,clio-knit-jumper#Black,random,0.18262108262108265
Fiona,overlay-top-2#Black,2-in-1-layered-top-1#NavyWhite,random,0.1451147901242202
Mercy,belle-v-neck-forgiver-tunic#Navy,suri-bell-sleeve-top#GreyMarle,random,0.08047116547923108
Georgia,be-mine-top-1#Sage,belle-flocked-tunic#White,random,0.8585154893841178
Olivia,sugar-snaps-layers-tank#NewBeige,natural-classic-cardigan#Pebble,random,0.10214662644083851
Jess,belle-half-sleeve-forgiver-tunic#FlamPink,leah-knit-cardigan#Black,random,0.1349473443223443
Madeline,ruffle-top-4#Black,laurina-stripe-pullover#NightSky,random,0.30532522155582054
Jess,the-cotton-bamboo-tee#White,foil-striped-2-in-1-top#Blue,random,0.2166245791245791
Laura,the-cross-over-blouse#White,panelled-stripe-top#NavyWhite,random,0.18068705317345743
Laura,the-tie-front-tank#Navy,the-cotton-tie-detail-top#Ivory,random,0.3034863768626523
Georgia,long-sleeve-softly-swinging-bamboo-tee#Navy,the-daily-cross-over-top#PinkPrint,random,0.33921568627450976
Ljubenka,sugar-snaps-layers-tank#White,natural-waterfall-cardigan#Fallendust,random,0.055555555555555525
Jess,contrast-stripe-sweater#Pockets,print-tee-3#Bike,random,0.5676106301106301
Tia,the-cut-out-shoulder-blouse#Blue,rama-top#Stonewash,random,0.32924062326236236
Ljubenka,falling-for-you-cardi#Mustard,the-reversible-cowl-neck-top-2#Ocean,random,0.13051030408984957
Marnee,baobab-sweater#Bark,tie-back-bell-sleeve-top-5#Summerbud,random,0.39206980857261753
Marnee,for-the-frill-top#Ivory,melbourne-stretch-cardigan#NavyWhtStr,random,0.27574765484117075
Laura,butterfly-kisses-tee#Stripe,layered-stripe-top#PinkStripe,random,0.27634466911554806
Amanda,the-stripe-jersey-top#Blue,emerald-knit#Emerald,random,0.2605145490212902
Natalia,rising-mist-jumper#Nickel,clio-knit-jumper#Clay,random,0.301682449347701
Ljubenka,the-cross-over-blouse#Silver,double-layered-top-1#WSilver,random,0.049631366108638844
Lauren,the-zip-detail-jacket#Grey,pure-merino-fine-rib-v-neck#Charcoal,random,0.21137716450216448
Marnee,the-everyday-shirt#Black,fundamental-rib-long-sleeve-tee#White,random,0.35686598349285614
Riina,the-essential-layering-tee#Ink,jewel-knit#GreyMarle,random,0.3725791836201426
Natalie,the-everyday-shirt#Cream,falling-for-you-cardi#Dusty,random,0.24444444444444446
Alex,the-batwing-tee#Sea,funnel-neck-knit-jumper#BlueMulti,random,0.3752050790843895
Jess,the-cotton-bamboo-tee#DustyPink,magnolia-fields-keyhole-blouse#Magnolia,random,0.07253614441114441
Riina,the-layered-cross-over-top#Navy,multi-pattern-print-top#NavyMulti,random,0.2481239384635485
Marnee,falling-for-you-cardi#Mustard,the-boat-neck-top-1#Ink,random,0.5458452541961437
Denniel,the-cotton-bamboo-tee#DustyPink,hem-frill-stripe-top#SoFrilled,random,0.2699258905092039
Shadae,fundamental-vee-tee#GreyMarle,layer-me-bamboo-rouched-sleeve-tee#Fern,random,0.26190454532985086
Summer,fundamental-sydney-crew#GreyMarle,always-mine-v-neck-knit#Terracotta,random,0.32585227272727274
Maddy,the-cotton-bamboo-tank#Chambray,long-sleeve-layer-top#White,random,0.32594433432667247
Gemma,bo-cosy-cardigan#Storm,elina-lace-frill-blouse#Black,random,0.11932361204606064
Monique,the-asymmetrical-tank-top#Indigo,daisy-chain-tassel-blouse#DeepBlue,random,0.5882892416225749
Jess,waterfall-cardi-1#Navy,arizona-off-the-shoulder-top#Khaki,random,0.12716727716727716
Marnee,long-sleeve-softly-swinging-bamboo-tee#Copper,the-dobby-sleeve-tee#InkBlue,random,0.39864983585333147
Marnee,kimono-and-me-cardi#DustyPink,fundamental-sydney-crew#GreyMarle,random,0.39882893778610073
Tia,the-cotton-bamboo-tank#DarkNavy,annabelle-sweater#Midnight,random,0.430326535489579
Natalia,the-ruffle-sleeve-sweat#KhakiMarle,paradise-cardi#MultiStrip,random,0.2901263561305051
Stacey,the-uneven-hem-knit-1#Sage,westward-top#BotanicalD,random,0.12808463636787543
Bree,belle-half-sleeve-forgiver-tunic#White,midtown-ruffle-shirt#BoldRed,random,0.2978181346172001
Chelsea,the-daily-essential-jumper#Grey,sugar-snaps-throw-jacket#Black,random,0.6871086210829209
Ljubenka,the-cut-out-shoulder-blouse#Clay,fundamental-split-hoodie-1#Khaki,random,0.2150982067175249
Laura,runaway-top#SoftPink,print-tee-3#Cntryhous,random,0.5970273490703719
Mae-Lee,the-cross-over-blouse#Blue,paige-top#Black,random,0.24939150647906613
Sophia,the-panel-luxe-top#SilvWhite,prairie-romance-blouse#Blush,random,0.37287011150921234
Stacey,sequin-spot-cardi#Grey,high-neck-tie-top#Black,random,0.10087434733691943
Ljubenka,runaway-top#SoftPink,the-v-split-blouse#Salmon,random,0.17238350874714511
Maddy,the-cut-out-shoulder-blouse#Silver,the-cross-over-poncho#Grey,random,0.24040780370545173
Anna,the-cut-out-shoulder-blouse#Blue,the-oversized-cotton-blend-shirt#Sand,random,0.7044104308390023
Monique,reversible-scoopv-neck-tank#White,cross-my-heart-bamboo-slouch-tee#White,random,0.8216494133885437
Chelsea,the-tie-sleeve-blouse#Grey,summer-whispers-kimono-1#Peacock,random,0.834215114748921
Miranda,the-contrast-detail-top#Ivory,under-the-stars-blouse#Petal,random,0.6235717479386841
Georgia,cross-my-heart-sweater#Regal,kimono-top-36#BlueMarle,random,0.27952450504407617
Emma,belle-v-neck-forgiver-tunic#Navy,the-tie-detail-hoody#Pink,random,0.3283099191145168
Lauren,natural-classic-cardigan#Pebble,the-batwing-tee#Stone,random,0.1651199494949495
Chelsea,the-cotton-cardi#Khaki,softly-swinging-bamboo-tee#Chambray,random,0.4450277660806401
Jess,laurina-stripe-pullover#NightSky,wellington-tee#HeatheGrey,random,0.22585331335331335
Tia,the-cut-out-shoulder-blouse#White,off-shoulder-top-1#Strawberry,random,0.17715997770345596
Shadae,fundamental-vee-tee#Navy,cara-tee-3#ZebraPrint,random,0.20848581847793518
Emma,belle-v-neck-forgiver-tunic#Tobacco,overlay-top-2#Black,random,0.3174330086686408
Ljubenka,sugar-snaps-layers-tank#DuckEgg,the-layered-cross-over-top#Navy,random,0.15665560764992584
Anna,the-cross-over-blouse#White,vivian-blouse#Check,random,0.2333333333333333
Fiona,the-box-top#Blush,belle-square-neck-drape-tee#Vanilla,random,0.19585205540341083
Chelsea,henson-jumper#Cream,dream-girl-ruffle-jumper#SoftPink,random,0.1547365731480507
Anna,the-cross-over-blouse#RoyalBlue,half-sleeve-fluffy-knit#Ivory,random,0.3858616780045352
Emma,the-slouch-pocket-tee#Stripe,the-define-flute-sleeve-blouse#White,random,0.4708541036576238
Laura,softly-swinging-bamboo-tee#Navy,tab-sleeve-longline-shirt#Pink,random,0.41896416516854895
Sophia,sugar-snaps-throw-jacket#Black,soft-and-true-tunic#Pine,random,0.30859305145805593
Amanda,the-stitch-v-neck-knit#PinkMarle,the-long-sleeve-scoop-neck-tee#Black,random,0.21416252939639402
Ljubenka,the-cross-over-blouse#Black,mixed-messages-jumper#MixedStrip,random,0.041132478632478646
Clementine,crossing-the-plains-sweater-1#Indigo,the-relaxed-long-sleeve-tee#White,random,0.32818638725615473
Jess,cross-my-heart-bamboo-slouch-tee#White,the-contrast-panel-top#SageStripe,random,0.1639520202020202
Anna,the-cut-out-shoulder-blouse#Silver,placement-print-shirt#WhiteNavy,random,0.39345804988662136
Georgia,sugar-snaps-layers-tank#SeaGreen,the-panel-luxe-top#SilvWhite,random,0.2649318334402793
Mae-Lee,belle-v-neck-forgiver-tunic#DenimMarl,wrap-me-up-bamboo-top#BlueJeans,random,0.0961266720956065
Laura,the-dobby-sleeve-tee#InkBlue,jasmine-singlet#White,random,0.3095958924762727
Amanda,the-box-top#Khaki,bamboo-layer-tank#Chalk,random,0.12046876279693773
Gemma,layered-sleeve-top#Moss,the-cotton-cardi#Navy,random,0.32681621124540194
Kate,the-wrap-jersey-top#PortSpot,sadie-crew#GreyMarle,random,0.20270535564653214
Chelsea,2-in-1-layered-top-1#PinkWhite,side-buttoned-sweater#Buttoned,random,0.17487893462469734
Mae-Lee,the-cotton-bamboo-tank#White,belle-handkerchief-printed-cami#RustFlwrs,random,0.24536902747946138
Madeline,the-cascade-blouse#Auburn,summer-breeze-top-1#White,random,0.7924298986621544
Jess,belle-v-neck-forgiver-tunic#White,the-relaxed-batwing-top#Denim%20Blue,random,0.41483886483886484
Emma,sugar-snaps-layers-tank#DuckEgg,natural-classic-cardigan#Pebble,random,0.2251365634507397
Georgia,weekend-vibes-blouse#Blush,jade-kimono-kaleidoscope#Blue,random,0.4300770550972504
Mae-Lee,long-sleeve-softly-swinging-bamboo-tee#Oyster,ella-funnel-neck-top#Khaki,random,0.0907490716706907
Clementine,the-printed-v-split-top#Natural,milan-stretch-top#SilverMarl,random,0.4547201635573729
Amanda,the-striped-top#BlueStripe,rory-spliced-zip-hoodie#Slate,random,0.276208225920307
Georgia,falling-for-you-cardi#Navy,belle-satin-shirt#Black,random,0.6395912113233579
Laura,the-stella-tee#Marine,holly-rib-long-sleeve-tee#Khaki,random,0.11326226908083524
Thais,off-shoulder-top-2#FloraLace,falling-for-you-cardi#Rust,random,0.251685393258427
Summer,fundamental-sydney-crew#Navy,sugar-snaps-layers-tank#SeaGreen,random,0.5074337121212121
Nadine,collared-shirt-1#White,the-luxe-long-sleeve-tee#GreyMarle,random,0.41488164869487326
Miranda,the-uneven-hem-knit-1#Sage,laurina-stripe-pullover#NightSky,random,0.29765397316463793
Amanda,the-swing-tank-top#Rose,layered-tee-2#Black,random,0.3290549473692422
Shadae,sequin-cross-2-in-1-top#Navy,circles-knit#Plum,random,0.29808121847932645
Georgia,falling-flowers-cardi#GreyMarle,the-define-flute-sleeve-blouse#Black,random,0.5001746885556239
Maddy,the-sleeveless-cross-over-blouse#Sunshine,fundamental-split-hoodie#Navy,random,0.3039168396663474
Georgia,softly-falling-bamboo-tunic#Copper,the-define-flute-sleeve-blouse#White,random,0.5001746885556239
Palatina,reversible-stripe-vee-scoop-neck-tank#BlackWhite,layer-top-1#Navy,random,0.0732841312130088
Jess,reversible-scoopv-neck-tank#Navy,relaxed-cape#WhiteBlack,random,0.3909252784252784
Chesska,vivian-blouse#Check,art-deco-print-top#NavyWhite,random,0.28972893760855534
Stefania,the-contrast-knit-1#Navy,star-and-spot-sweater#SilverMult,random,0.2518705278522572
Sophie,the-crossover-button-blouse-1#Ornate,partly-cloudy-knit#PawPaw,random,0.1683293108071869
Jess,belle-half-sleeve-forgiver-tunic#MutedClay,fundamental-split-hoodie#Pink,random,0.22197524697524695
Fiona,long-sleeve-softly-swinging-bamboo-tee#Oyster,2-in-1-jumper#Navy,random,0.17829813485300444
Jess,layered-tunic-1#PalePink,prickly-cactus-crew#Pink,random,0.17912920412920416
Stacey,striped-sleeve-sweater#Striped,the-wrap-jersey-top#PortSpot,random,0.14159586061854584
Maddy,print-shirt-1#Blush,the-frill-detail-blouse#Chambray,random,0.4573840249193458
Anna Maria,falling-for-you-cardi#GreyMarle,the-cotton-blend-stripe-jumper#BlueStripe,random,0.25038574088853416
Clementine,the-cross-front-spot-blouse#Spot,belle-half-sleeve-forgiver-tunic#FlamPink,random,0.4325926399182213
Kate,the-cotton-bamboo-tee#DuckEgg,mila-knit-cardigan#Black,random,0.1464562035640467
Summer,sky-shirt#Clouds,layer-me-cotton-candy-top#Cream,random,0.5325960497835498
Sophie,long-sleeve-softly-swinging-bamboo-tee#Combat,rama-top#Stonewash,random,0.20220439589908618
Gemma,elcos-45-aop-top-jrs#BlackZigZa,block-sweater#Block,random,0.2484455229181255
Jess,hem-frill-stripe-top#SoFrilled,cross-over-top-with-pocket#BlackWhite,random,0.2746482683982684
Ljubenka,the-drape-tee-1#Black,the-cascade-blouse#Auburn,random,0.16291333350992443
Sophia,tuck-layer-shirt#White,long-sleeve-ruffle-shirt#Navy,random,0.2336284514026324
Riina,the-boat-neck-top-1#NavyWhite,clio-knit-jumper#InkWhite,random,0.47133444075304537
Fiona,the-box-top#Khaki,square-nk-fray-trim-top#Denim,random,0.08782984758425658
Georgia,on-the-open-road-maxi-shirt#DarkOchre,bora-bora-layered-tank#BoraBora,random,0.5836612643870507
Nadine,runaway-top#SoftMint,striped-sleeve-sweater#Striped,random,1.0273972602739727
Marnee,falling-for-you-cardi#Khaki,the-open-sleeve-blouse#Berry,random,0.4904656939242614
Fiona,sugar-snaps-throw-jacket#White,the-bell-sleeve-top#BlkStripe,random,0.307123181199169
Ljubenka,falling-for-you-cardi#GreyMarle,bo-cosy-cardigan#Storm,random,0.09032523663205481
Fiona,the-contrast-knit-1#Navy,the-cotton-bamboo-tank#Chambray,random,0.23399418638586858
Mandy,snug-as-a-bug-jumper#Smoke,rib-tank-2#Navy,random,0.08639752684470849
Chelsea,the-lace-trim-top#Black,sugar-snaps-throw-jacket#Duckegg,random,0.6871086210829209
Laura,sugar-snaps-layers-tank#Black,poncho-2#NavySilver,random,0.6297412400873093
Madeline,print-tee-3#Cntryhous,layered-sleeve-top#DarkBlue,random,0.4763895336646705
Maddy,the-sleeveless-cross-over-blouse#Mint,sunshine-in-me-tee-1#White,random,0.2434282727985367
Stacey,partly-cloudy-knit#PawPaw,capri-tank-6#ClaySpot,random,0.1385918095341716
Kate,sugar-snaps-layers-tank#Black,floral-embroidered-jumper#Navy,random,0.2833146292705116
Stefania,the-relaxed-long-sleeve-tee#Khaki,animal-button-up-shirt#KhakiPrint,random,0.08219746609157542
Georgia,long-sleeve-softly-swinging-bamboo-tee#TeaRose,dream-girl-ruffle-jumper#SoftPink,random,0.1874623665665962
Georgia,ines-top#NavyStrip,rib-tank-2#Navy,random,0.3214912136375122
Marnee,open-plains-kimono-throw-1#Rust,the-oversize-knit#Ink,random,0.616167290886392
Riina,york-linen-blend-long-cardigan#BurntOrang,vivian-blouse#Check,random,0.30176413359961174
Denniel,the-cut-out-shoulder-blouse#Silver,bora-bora-layered-tank#BoraBora,random,0.4597701853186831
Gemma,moonlight-kisses-bamboo-tee#White,marjorie-tie-blouse#BluePrint,random,0.28307885742057304
Laura,the-short-sleeve-wrap-jersey-top#Emerald,gloria-applique-crew#Charcoal,random,0.10412180808900169
Nadine,overlay-top-2#Black,2-in-1-layered-knit-top#Navy,random,0.37422508193649534
Nadine,voyager-stripe-crew#Stripe,the-sleeveless-cross-over-blouse#Chambray,random,0.3741721685004967
Kate,belle-half-sleeve-forgiver-tunic#White,the-essential-layering-tee#Ink,random,0.18942577030812324
Jess,the-striped-top#BlueStripe,fundamental-split-hoodie#Pink,random,0.22197524697524695
Laura,high-neck-tie-top#Black,curve-hem-cable-knit-sweater-1#Sapphire,random,0.08846512086659324
Jess,the-bonded-cotton-tunic-dress#Navy,messina-v-neck-tee#Black,random,0.17290626040626042
Stefania,the-printed-side-ring-detail-blouse#Block,ditzy-floral-ruffle-blouse#DitzyFlora,random,0.21457058724626615
Summer,crosses-jumper#xmyheart,belle-v-neck-forgiver-tunic#Navy,random,0.4563277867965368
Marnee,shirt-in-a-box#Silver,clio-knit-jumper#Clay,random,0.5027037961807
Jess,falling-for-you-top#Blue,the-cross-over-printed-blouse#Leopard,random,0.31897200022200023
Jess,tracie-top#Opal,maui-stretch-tee#Navy,random,0.1779394216894217
Ljubenka,the-everyday-shirt#Pink,bubbles-print-tee#Cambridge,random,0.05593831673377129
Perrie,the-cut-out-shoulder-blouse#Salmon,mila-knit-cardigan#Clay,random,0.23683411296018955
Marnee,sugar-snaps-layers-tank#DuckEgg,sequin-cross-2-in-1-top#Khaki,random,0.35754764010264944
Madeline,natural-waterfall-cardigan#Fallendust,woolly-spotted-hoodie#Navy,random,0.5187286730916225
Sophia,the-textured-spot-top#Pink,print-shirt-1#Blush,random,0.20642242298948668
Nadine,woolly-spotted-hoodie#Navy,bird-print-jumper#Navy,random,0.2640265843607557
Ljubenka,the-printed-v-neck-tee#White,malibu-cardigan#Navy,random,0.07984323126368581
Shadae,fundamental-vee-tee#Pink,bird-jumper#Navy,random,0.31643124973830533
Chelsea,the-tie-front-top#Navy,butterfly-kisses-tee#Stripe,random,0.3007062146892655
Jess,icing-sugar-top#Ivory,the-zip-front-blouse#Navy,random,0.3723646723646723
Jess,cyrus-top#LightRose,fundamental-split-hoodie-1#Lilac,random,0.3099289599289599
Marnee,starry-night-cardi#Chalk,layer-top-1#Navy,random,0.260211772321635
Jess,layered-tunic-1#White,bird-print-jumper#Navy,random,0.15928099678099678
Gemma,floral-blouse-2#NavyMulti,the-cotton-bamboo-tee#BlueJeans,random,0.2534961271040467
Sophie,belle-half-sleeve-forgiver-tunic#BlueBonnet,messina-knit#Cognac,random,0.19538963064958642
Jess,daisy-chain-tassel-blouse#DeepBlue,luxe-shirt#Navy,random,0.1312169312169312
Clementine,sugar-snaps-layers-tank#Red,the-shoulder-tie-top#Navy,random,0.5671070789675441
Amanda,the-zip-front-top#Rose,still-the-one-ruffle-blouse#Spot,random,0.3262459586051972
Denniel,the-cross-over-blouse#White,the-twist-front-top#Navy,random,0.4822934098334528
Summer,jordan-top#PearlBlue,the-pirate-in-me-shirt#White,random,0.6832115800865801
Maddy,the-relaxed-long-sleeve-tee#Navy,kimberly-spliced-top#Zebraprint,random,0.22062543034325083
Riina,the-midi-waterfall-cardi#BlueMarle,falling-for-you-top#Blue,random,0.5908736444996081
Stacey,multi-stripe-jumper#NavyMulti,je-taime-knit#Navy,random,0.2937937225977157
Jess,the-spotted-tunic#GreySpot,elcos-45-aop-top-jrs#BlackZigZa,random,0.1719159312909313
Mae-Lee,sugar-snaps-layers-tank#DeepCobalt,bella-ls-tee#GreenWhite,random,0.0692853885529511
Riina,the-longline-cardi-1#GreyMarle,the-cotton-bamboo-tank#DarkNavy,random,0.48864522285266343
Laura,summer-haze-top#Teal,heart-spliced-top#Navy,random,0.22498478769817506
Nadine,long-sleeve-layer-top#Navy,on-the-open-road-maxi-shirt#DarkOchre,random,0.5009734674023882
Emma,long-sleeve-softly-swinging-bamboo-tee#Copper,soho-ruffle-jumper#OatmealMar,random,0.2870182585879425
Laura,celestial-woven-top#White,bamboo-layer-tank#Black,random,0.16550405815924035
Clementine,the-v-split-blouse#Salmon,belle-twist-front-tee-1#Black,random,0.3778188090978789
Natalia,selene-cardigan#Ivy,square-peg-pullover#SilverMix,random,0.14108821982165565
Gemma,meredith-78-oversized-pullover-knit#CameoRose,the-stripe-pocket-tank#Stripe,random,0.27008889472762304
Natalia,the-twist-front-top#Grey,meadow-cardigan#Cream,random,0.1661532541974634
Marnee,sugar-snaps-layers-tank#SeaGreen,the-long-sleeve-scoop-neck-tee#Grey,random,0.2575877375502843
Miranda,the-pleated-sleeve-top#Sage,softly-swinging-bamboo-tee#BlueJeans,random,0.5371459341290993
Anna,the-cross-over-blouse#Sunshine,print-tee-3#Bike,random,0.7720143613000756
Natalie,sugar-snaps-layers-tank#SeaGreen,millie-top#BlackSpot,random,0.2392163797223174
Amanda,the-panel-luxe-top#BlkWhite,rosie-bell-sleeve-denim-shirt#Stripe,random,0.270552905709238
Riina,the-essential-layering-tee#White,the-drape-tee-1#Navy,random,0.46791270048651806
Laura,westward-top#BotanicalD,the-pirate-in-me-shirt#White,random,0.47447043236175185
Natalie,the-cut-out-shoulder-blouse#Salmon,print-tee-3#Cntryhous,random,0.853983176645225
Clementine,the-stella-tee#Marine,the-panel-hem-top#DenimMarle,random,0.3575172501916688
Georgia,sugar-snaps-throw-jacket#White,star-and-spot-sweater#SilverMult,random,0.4358000345919256
Sophie,the-everyday-shirt#Cream,the-midi-waterfall-cardi#BlueMarle,random,0.16797082894981125
Fiona,falling-for-you-cardi#Teal,cara-tee-3#Mustard,random,0.0746797513435347
Tia,softly-swinging-bamboo-tee#Starfish,nova-lux-long-sleeve-tie-top-1#CloudDance,random,0.06825806880154707
Palatina,falling-for-you-cardi#Port,leah-knit-cardigan#WhiteBlk,random,0.10924031208641574
Maddy,the-wrap-jersey-top#Charcoal,always-mine-v-neck-knit#Terracotta,random,0.2671349608177437
Ljubenka,falling-for-you-cardi#Khaki,germaine-blouse#Pearl,random,0.05972332591650774
Charlotte,natural-cosy-sweater#Rosered,the-shoulder-tie-top#Navy,random,0.5346391038439482
Fiona,sugar-snaps-round-neck-layer-tank#White,crosses-jumper#xmyheart,random,0.19899586883982656
Laura,melbourne-stretch-cardigan#NavyWhtStr,the-print-contrast-34-sleeve-top#Animal,random,0.43274635103551373
Georgia,the-cotton-bamboo-tank#Moonbeam,mila-knit-cardigan#Clay,random,0.2969906027944016
Marnee,on-the-horizon-swing-top-1#Khaki,the-cut-out-shoulder-blouse#Clay,random,0.5040435566652796
Mae-Lee,the-v-split-blouse#Salmon,arya-frilled-blouse#Oyster,random,0.06855495753570735
Laura,belle-half-sleeve-forgiver-tunic#BlueBonnet,linen-cotton-shirt#White,random,0.2320706950850487
Alex,jade-kimono-sweet-blossoms#Blue,ava-short-sleeve-linen-tee#Blush,random,0.35078333690043456
Helen,lenka-lurex-stripe-blouse#NavyGoldSt,cara-tee-3#ZebraPrint,random,0.22769607182441287
Kate,belle-half-sleeve-forgiver-tunic#BlueBonnet,layered-tee-2#White,random,0.11715247352502256
Laura,foil-spot-tee-1#Navy,the-relaxed-batwing-top#PeachRose,random,0.42716360341879267
Chelsea,malibu-cardigan#Wine,sky-jumper-1#Clouds,random,0.4689714048847247
Georgia,long-sleeve-softly-swinging-bamboo-tee#BlueJeans,the-tie-detail-hoody#Pink,random,0.33304284676833695
Palatina,2-in-1-layered-knit-top#Navy,fundamental-sydney-crew#GreyMarle,random,0.17192248145925468
Clementine,the-sleeveless-cross-over-blouse#Chambray,tuck-layer-shirt#White,random,0.6973098219609848
Sophia,the-pleated-sleeve-top#Sage,layer-me-bamboo-rouched-sleeve-tee#Copper,random,0.07313381473334168
Monique,the-asymmetrical-tank-top#HotPink,natural-textured-poncho#Deeprain,random,0.03428571428571425
Mae-Lee,on-safari-blouse#Jewel,frill-sleeve-top-1#LeafPrint,random,0.07097314480686151
Sophia,falling-for-you-cardi#Rust,sand-queen-throw-blouse#Fleur,random,0.29632273010781435
Laura,long-sleeve-layer-top#White,the-crossover-2-way-blouse#Black,random,0.14413716993432277
Riina,the-cotton-cardi#Khaki,marlow-cardigan#Cream,random,0.37741295401097463
Maddy,the-stripe-pocket-tank#Stripe,placement-print-shirt#WhiteNavy,random,0.38263482979751184
Lisa,out-of-my-mind-scallop-knit#GreyMarle,long-sleeve-layer-top#Navy,random,0.3532783530835201
Laura,long-sleeve-tee-2#NavyWhite,the-button-up-swing-tunic#Wine,random,0.49933345698530607
Anna,the-sleeveless-cross-over-blouse#Salmon,wonderlust-tee#BurntOran,random,0.5093027210884353
Laura,the-half-sleeve-tee#White,elcos-45-aop-top-jrs#BlackFlowe,random,0.16509106290922054
Summer,weekend-tunic#Navy,belle-mesh-cardi#Black,random,0.7847537878787879
Jess,falling-for-you-cardi#Mustard,monaco-knot-top#Black,random,0.11529373404373405
Mae-Lee,the-on-or-off-the-shoulder-top#Pink,falling-for-you-tunic#Rust,random,0.2149005826981091
Stefania,the-check-pullover#PinkCheck,wonderland-blouse#Ink,random,0.06943473932741018
Jess,falling-for-you-cardi#Navy,dahlia-lace-trim-blouse#Dusk,random,0.13552523865023863
Chelsea,the-tie-front-top#Black,the-relaxed-batwing-top#PeachRose,random,0.6013014527845036
Stacey,layer-me-bamboo-rouched-sleeve-tee#White,sugar-snaps-throw-jacket#Duckegg,random,0.5264499073986616
Ljubenka,softly-swinging-bamboo-singlet#Cashew,great-scot-merino-carcoat#Twilight,random,0.07225422935650208
Maddy,the-relaxed-long-sleeve-tee#Khaki,daisy-chain-tassel-blouse#DeepBlue,random,0.4809277661500146
Fiona,belle-ls-free-fall-tee#Blush,the-lace-trim-top#Ivory,random,0.19090304418383228
Georgia,summer-haze-top#Teal,the-long-sleeve-scoop-neck-tee#Black,random,0.2675018155410312
Summer,tie-back-bell-sleeve-top-5#Summerbud,print-shirt-1#Blush,random,0.4240124458874459
Amanda,the-soft-overlay-top#Pink,great-scot-merino-carcoat#Twilight,random,0.29875452889719156
Georgia,the-cotton-bamboo-tank#Chambray,aigli-top#White,random,0.38457026220706386
Anna Maria,falling-for-you-cardi#Rust,luxe-shirt#Champagne,random,0.2943956726079631
Ljubenka,the-bonded-cotton-shirt#Pink,the-cotton-cardi#Navy,random,0.19594017094017094
Maddy,the-cross-over-blouse#Sunshine,the-open-sleeve-blouse#Berry,random,0.3828913448663168
Kate,belle-half-sleeve-forgiver-tunic#FlamPink,block-vest#Blockvest,random,0.17680815916110032
Ljubenka,wrap-me-up-bamboo-top#BlueJeans,cotton-cashmere-v-neck-knit#Navy,random,0.09056562124743943
Jess,lurex-stitch-top#White,seeker-knot-front-shirt#Olive,random,0.14909847097347098
Marnee,the-everyday-shirt#Cream,prickly-cactus-crew#Pink,random,0.38197500520183103
Jess,belle-twist-front-tee-1#Black,kimono-top-36#BlueMarle,random,0.22673761423761427
Mandy,nuzuri-longline-cardi#Forest,the-cross-over-poncho#Navy,random,0.1130839482003904
Laura,hannah-tee-1#RedWhite,capri-tank-6#Olive,random,0.13505248302598777
Fiona,fern-print-top#Navy,belle-half-sleeve-forgiver-tunic#White,random,0.20452730408007763
Marnee,butterfly-kisses-tee#Stripe,ponte-spot-top#BlackWhite,random,0.4782457258288251
Palatina,moonlight-kisses-bamboo-tee#Saffron,sparkly-star-tee#Blue,random,0.12942428792723748
Riina,the-relaxed-long-sleeve-tee#White,the-open-sleeve-blouse#Berry,random,0.465190131677181
Natalia,napoleon-top-1#NemoBlue,cara-tee-4#Black,random,0.08421076048921307
Emma,the-relaxed-long-sleeve-tee#Black,the-stripe-jersey-top#Pink,random,0.3889060957667279
Riina,the-double-layer-top#White,animal-button-up-shirt#KhakiPrint,random,0.18639491333507538
Gemma,relaxed-v-neck-knit#Silver,the-flutter-sleeve-top#Denim,random,0.4421568930085466
Riina,agra-shirt#White,meera-oversized-shirt#Mint,random,0.5140587554593303
Summer,layered-tee-2#White,layer-me-bamboo-rouched-sleeve-tee#White,random,0.2644852543290043
Mae-Lee,long-sleeve-softly-swinging-bamboo-tee#White,wonderland-blouse#Ink,random,0.06706543077630607
Mercy,belle-v-neck-forgiver-tunic#DenimMarl,belle-drape-tee#Black,random,0.19808496005607512
Lauren,the-pirate-in-me-shirt#White,oversize-contrast-hood-top#Steel,random,0.3400043966450217
Marnee,falling-for-you-cardi#Rust,longline-gather-back-shirt#Black,random,0.6427087668192537
Ljubenka,summer-whispers-kimono-1#Peacock,chasing-birds-blouse#White,random,0.13739316239316238
Chelsea,millie-top#WhiteBlk,overlay-tunic-3-pce-set#Emerald,random,0.2081015106853353
Jess,long-sleeve-softly-swinging-bamboo-tee#TeaRose,layered-top-2#Navy,random,0.0888028638028638
Amanda,the-spotted-tunic#GreySpot,elcos-45-aop-top-jrs#BlackFlowe,random,0.2882280848176156
Madeline,print-tee-3#Music,butterfly-kisses-tee#Stripe,random,0.2983705772811918
Gemma,stripe-sweater-2#Blue,karmen-top#HighRiskRe,random,0.22207573255261118
Georgia,runaway-top#JetBlack,natural-tie-tunic#BlueSky,random,0.3382486573557402
Jess,belle-mesh-cardi#Black,2-in-1-layered-top-1#NavyWhite,random,0.160479797979798
Fiona,long-sleeve-softly-swinging-bamboo-tee#TeaRose,the-cross-over-blouse#Mint,random,0.28344333780755576
Nathalie,the-wrap-jersey-top#PortSpot,the-stripe-pocket-tank#Stripe,random,0.32093703250373995
Perrie,wildflower-shirt#White,lenka-lurex-stripe-blouse#NavyGoldSt,random,0.43588733628094944
Fiona,the-dobby-sleeve-tee#White,2-in-1-layered-top-1#NavyWhite,random,0.1451147901242202
Sophie,belle-half-sleeve-forgiver-tunic#Apricot,the-drape-tee-1#White,random,0.15154532046124966
Stefania,the-relaxed-long-sleeve-tee#Pink,the-cut-out-shoulder-blouse#White,random,0.3265009598157297
Mercy,belle-v-neck-forgiver-tunic#White,lola-bell-sleeve-top-ditsy-daisies#Blue,random,0.1565625286723553
Georgia,softly-swinging-bamboo-tee#Copper,the-striped-top#BlueStripe,random,0.5630663196059392
Laura,sugar-snaps-layers-tank#White,natural-detailed-sweater#Tinroof,random,0.15983512813502163
Jess,sunshine-in-me-tee-1#GreyMarle,hydrangea-kimono#Hydrangea,random,0.3031565656565657
Nathalie,on-the-open-road-maxi-shirt#DarkOchre,diva-ruffle-jumper#Gold%20Spot,random,0.35202269730156766
Emma,the-drape-tee-1#White,woolly-spotted-hoodie#Navy,random,0.499534127802806
Marnee,summer-breeze-top-1#White,the-twist-front-top#Navy,random,0.6314731007536875
Tia,the-cross-over-blouse#Silver,the-contrast-knit-1#Navy,random,0.16532000608087563
Denniel,the-cross-over-blouse#RoyalBlue,softly-swinging-bamboo-tee#Navy,random,0.4211243462540631
Georgia,flow-with-me-slouch-top#Brick,fundamental-split-hoodie#Pink,random,0.4184887488624861
Gemma,billow-top#Peach,belle-v-neck-forgiver-tunic#DenimMarl,random,0.42196799842108046
Miranda,the-boat-neck-top#Navy,the-cut-out-shoulder-blouse#Salmon,random,0.505520798307533
Stefania,the-high-low-drape-tee#Sage,patchwork-tunic#Patchwork,random,0.4152008486516488
Mae-Lee,the-cotton-bamboo-tee#DuckEgg,selma-top-1#IndoStripe,random,0.19875931808294783
Georgia,wrap-me-up-bamboo-top#BlueJeans,belle-handkerchief-printed-cami#RustFlwrs,random,0.675396529678093
Laura,falling-for-you-cardi#Dusty,reversible-scoopv-neck-tank#White,random,0.1121271692852462
Amanda,the-colour-block-pullover#Sage,monaco-sweater#BlackCream,random,0.2988241442383068
Natalie,the-batwing-tee#Black,reversible-scoopv-neck-tank#Navy,random,0.22341646684175132
Jess,tracie-top#Black,fundamental-sydney-crew#GreyMarle,random,0.18359348984348986
Jess,belle-handkerchief-printed-cami#RustFlwrs,fundamental-vee-tee#GreyMarle,random,0.1054563492063492
Stacey,the-cotton-cardi#Navy,print-tee-3#Bike,random,0.6123013066612784
Summer,side-buttoned-sweater#Buttoned,falling-for-you-cardi#Dusty,random,0.25909090909090904
Riina,the-tie-layering-knit#Grey,the-cross-front-spot-blouse#Spot,random,0.6609355344077793
Summer,fundamental-rib-long-sleeve-tee#White,the-contrast-knit-1#Navy,random,0.451104797979798
Stefania,the-blouson-sleeve-jumper#Navy,on-safari-blouse#Jewel,random,0.06511627906976741
Miranda,the-relax-blouse#White,elcos-45-aop-top-jrs#BlackZigZa,random,0.3274997172600861
Georgia,on-safari-blouse#Jewel,millie-top#BlackSpot,random,0.2942242486455843
Jess,fern-print-top#Navy,the-relax-blouse#White,random,0.14567134254634256
Tia,the-cotton-bamboo-tank#Moonbeam,under-the-stars-blouse#Petal,random,0.27636635666526965
Mercy,belle-v-neck-forgiver-tunic#ArmyGreen,paige-top#Black,random,0.2116334547440879
Fiona,viola-kimono-radiant-floral#Grey,paisley-top-1#Paisley,random,0.14410573180815675
Tia,the-everyday-shirt#Pink,boho-embroidered-top#BohoDenim,random,0.10105927415710025
Madeline,kimono-top-36#BlueMarle,the-contrast-knit-1#Navy,random,0.48029377944663226
Mae-Lee,belle-v-neck-forgiver-tunic#Black,the-oversize-knit#Ink,random,0.30045634317006387
Kate,the-batwing-tee#Black,fundamental-vee-tee#Black,random,0.09687467579624442
Jess,the-stripe-tank-1#Hazelnut,monaco-knot-top#Olive,random,0.11529373404373405
Gemma,tab-sleeve-longline-shirt#Silver,the-reverse-sleeve-sweater#Navy,random,0.3941724219903411
Nadine,long-sleeve-layer-top#White,rama-top#Stonewash,random,0.5485430916075166
Maddy,the-cut-out-shoulder-blouse#White,the-ultimate-tie-cardi#Port,random,0.37262918982928195
Monique,hannah-tee-1#RedWhite,cara-tee-3#ZebraPrint,random,0.21244459780691666
Laura,sugar-snaps-layers-tank#SeaGreen,colourblock-cardi#NavyRed,random,0.1361958352287662
Gemma,rose-shirt#BlueIllusi,manhattan-stretch-tee#NavyWhtStr,random,0.1420711891593987
Lauren,the-contrast-knit-1#Navy,oregon-safari-embroidered-top#White,random,0.08137175324675325
Laura,the-cross-over-blouse#Black,the-longline-cardi-1#GreyMarle,random,0.17792353338896294
Shadae,fundamental-split-hoodie#Pink,geneva-v-neck-top#ClaySpot,random,0.38983265453505894
Jess,hem-frill-stripe-top#Frilled,wellington-tee#ClaySpot,random,0.22585331335331335
Stefania,roll-with-me-jumper#Chalk,daylight-cardi#Silver,random,0.18215373327871476
Jess,the-sleeveless-cross-over-blouse#Cobalt,moonlight-kisses-bamboo-tee#White,random,0.2839649933399933
Nadine,runaway-top#JetBlack,moonlight-kisses-bamboo-tee#Black,random,0.4181261490029665
Mae-Lee,the-drape-tee-1#Navy,maui-stretch-tee#Navy,random,0.09335047342215567
Denniel,the-cross-over-blouse#Red,clara-blouse#DarkFloral,random,0.260107410678973
Jude,striped-cardigan-3#Rainbow,the-curve-striped-tank#Marine,random,0.5895294828628163
Georgia,sugar-snaps-round-neck-layer-tank#White,analia-top#White,random,0.185725834510141
Clementine,the-sleeveless-cross-over-blouse#Salmon,ponte-spot-top#BlackWhite,random,0.44294403271147453
Georgia,sugar-snaps-layers-tank#NewBeige,the-open-sleeve-blouse#Berry,random,0.5072356717394803
Amanda,the-soft-knit-jumper#NavyStripe,rose-shirt#BlueIllusi,random,0.3107482576664626
Anna,the-short-sleeve-wrap-jersey-top#NavyWhite,jordan-top#PearlBlue,random,0.3086678004535147
Emma,the-bamboo-tunic-dress#Khaki,pure-merino-fine-rib-v-neck#Charcoal,random,0.09406514267625378
Gemma,moonlight-kisses-bamboo-tee#Saffron,reversible-stripe-vee-scoop-neck-tank#BlackWhite,random,0.2115605423746474
Sophia,sugar-snaps-throw-jacket#White,hem-frill-stripe-top#Frilled,random,0.21813953488372093
Kate,the-batwing-tee#Sea,analia-jersey-top#Navy,random,0.08767716488304725
Jess,falling-for-you-cardi#Rust,the-long-sleeve-scoop-neck-tee#Navy,random,0.12417929292929292
Amanda,the-tie-detail-hoody#FrenchBlue,zara-top#ZebraPrint,random,0.48349375411939516
Jess,long-sleeve-ruffle-shirt#White,linen-v-neck-cami-2#BlueWhite,random,0.14867701742701744
Tia,softly-swinging-bamboo-tee#TeaRose,cooks-shirt#Stripes,random,0.06163295307317045
Jess,belle-v-neck-forgiver-tunic#Black,the-pirate-in-me-shirt#White,random,0.45633429070929066
Jess,long-sleeve-softly-swinging-bamboo-tee#Black,adventurous-hoody#Pink,random,0.32651619214119215
Fiona,falling-for-you-cardi#GreyMarle,fundamental-rib-long-sleeve-tee#Black,random,0.11515631692188781
Laura,messina-v-neck-tee#White,billow-top#Peach,random,0.5134130755109909
Anna,the-sleeveless-cross-over-blouse#Mint,gloria-applique-crew#Charcoal,random,0.17099773242630387
Tia,sugar-snaps-layers-tank#DeepCobalt,falling-for-you-tunic#Black,random,0.2656008785084872
Riina,the-stripe-jersey-top#Pink,falling-for-you-tunic#Rust,random,0.5522829099630445
Stacey,the-soft-knit-jumper#PinkStripe,picnic-top#BlackWhite,random,0.14239525706585873
Tia,layered-tee-2#Black,the-layered-cross-over-top#Black,random,0.19858212195168717
Laura,the-on-or-off-the-shoulder-top#Pink,rosie-bell-sleeve-denim-shirt#Stripe,random,0.157745765655959
Emma,belle-v-neck-forgiver-tunic#ArmyGreen,the-cross-front-spot-blouse#Spot,random,0.6775186476066505
Anna,the-everyday-shirt#Black,cara-tee-2#WhiteBlk,random,0.10734693877551021
Laura,cross-my-heart-sweater#Regal,grace-oversized-knit#InkWhite,random,0.34285091289356867
Tia,soho-ruffle-jumper#OatmealMar,never-ending-winter-knit-top#DeluxeGree,random,0.3597166383851166
Alex,the-sleeveless-cross-over-blouse#Salmon,milan-stretch-top#SilverMarl,random,0.4848704542849658
Denniel,the-cross-over-blouse#Mint,the-cotton-blend-stripe-jumper#BlueStripe,random,0.1730576141525221
Anna,the-relaxed-long-sleeve-tee#White,the-design-fold-tunic-top#PearlBlue,random,0.2809523809523809
Marnee,be-mine-top-1#Sage,suri-bell-sleeve-top#GreyMarle,random,0.28542251872659175
Natalie,the-cross-over-blouse#Silver,funnel-neck-knit-jumper#BlueMulti,random,0.34059247558752753
Gemma,falling-for-you-cardi#Dusty,endeavor-long-sleeve-tee#Stripe,random,0.24855491329479767
Fiona,cover-up-slouch-cardi#Alloy,westward-top#BotanicalD,random,0.10274390575002675
Jess,natural-classic-cardigan#Pebble,eco-78-long-cardigan#LightGreyM,random,0.09223831723831723
Marnee,long-sleeve-softly-swinging-bamboo-tee#BlueJeans,wellington-tee#HeatheGrey,random,0.4504408551810237
Gemma,chasing-birds-blouse#White,the-textured-spot-top#Pink,random,0.5004627359200703
Sophia,meredith-78-oversized-pullover-knit#CameoRose,animal-knit-1#Animal,random,0.16471374724415047
Fiona,rising-mist-jumper#Nickel,jersey-split-back-hooded-top#NavyStrip,random,0.3176878219933625
Laura,manhattan-stretch-tee#White,voyager-stripe-crew#Stripe,random,0.027118644067796627
Stacey,the-cotton-blend-stripe-jumper#BlueStripe,placement-print-shirt#WhiteNavy,random,0.2933425301985578
Mercy,belle-mid-length-knit-cardi#Black,the-stitch-detail-top#SkyBlue,random,0.31970536954531775
Summer,splice-knit-1#Multi,the-sleeveless-cross-over-blouse#Salmon,random,0.44931344696969694
Jess,the-short-sleeve-wrap-jersey-top#Emerald,gloria-applique-crew#Charcoal,random,0.1109213702963703
Natalia,messina-knit#Cognac,belle-drape-tee#Sliver,random,0.29255367366283674
Georgia,sugar-snaps-layers-tank#Mint,multi-sequin-dot-stripe-top#Navy,random,0.3463510066504515
Maddy,the-cotton-bamboo-tee#DuckEgg,longline-cardigan-2#Pink,random,0.26091855592666663
Madeline,analia-top#White,sugar-snaps-layers-tank#DuckEgg,random,0.5628576257652108
Stacey,layer-me-bamboo-rouched-sleeve-tee#Black,stripe-me-happy-blouse#Ash,random,0.19715273302478176
Riina,the-relaxed-long-sleeve-tee#Pink,rib-tank-2#Red,random,0.282423394396954
Mae-Lee,softly-swinging-bamboo-tee#Storm,luxe-shirt#Navy,random,0.05497973654526205
Laura,shell-top-3#PapBlue,first-love-kimono-jacket#Stone,random,0.3832701027112057
Alex,the-short-sleeve-wrap-jersey-top#Blue,the-shoulder-tie-top#Navy,random,0.5990578064841714
Riina,the-twist-hem-jumper#DenimMarle,cuddled-longline-cardigan#Sunflower,random,0.2712913182649595
Alex,the-cross-over-blouse#Red,cara-tee-4#Black,random,0.23496211709214582
Jess,belle-v-neck-forgiver-tunic#Scarlett,cara-tee-4#White,random,0.08342976467976468
Mae-Lee,the-cross-over-blouse#Silver,elcos-45-aop-top-jrs#BlackZigZa,random,0.08629383075201225
Ljubenka,the-half-sleeve-tee#Black,sunshine-in-me-tee-1#White,random,0.11335470085470084
Sophie,falling-for-you-tunic#Black,contrast-pocket-tunic#Pinkpocket,random,0.2182963054644471
Madeline,the-luxe-cotton-tunic#White,mila-knit-cardigan#InkWhite,random,0.2783531974908773
Natalia,the-zip-front-blouse#Navy,floral-blouse-2#NavyMulti,random,0.18612293740919553
Madeline,frill-blouse#Rust,you-at-my-shoulder-tunic#Black,random,0.43560787443469007
Lara,striped-cardigan-3#Rainbow,floral-embroidered-jumper#Navy,random,0.5705995792239706
Shadae,rib-tank-2#White,renee-sweater#Sapphire,random,0.14742262073755963
Maddy,the-cotton-bamboo-tank#DarkNavy,zara-top#ZebraPrint,random,0.41331113812415243
Clementine,the-soft-overlay-top#Pink,walk-in-the-park-cardi#Sand,random,0.48931936280773486
Ljubenka,belle-tier-tee#Blue,ivy-cosy-pullover#Storm,random,0.1978383043723953
Lisa,the-boat-neck-top#Navy,belle-flocked-tunic#Pale%20Blue,random,0.7265555496245685
Sophia,longline-gather-back-shirt#Black,on-the-horizon-swing-top-1#Khaki,random,0.4974432828390584
Clementine,the-stitch-detail-top#Pink,reversible-stripe-vee-scoop-neck-tank#BlackWhite,random,0.24289547661640684
Clementine,the-cross-over-blouse#RoyalBlue,mila-knit-cardigan#Black,random,0.24321492461027341
Sophie,the-relaxed-long-sleeve-tee#Pink,endeavor-long-sleeve-tee#Stripe,random,0.04424778761061947
Jess,natural-cosy-sweater#Rosered,the-relaxed-batwing-top#PeachRose,random,0.41483886483886484
Georgia,falling-for-you-cardi#Black,cuddled-longline-cardigan#Sunflower,random,0.3140646442295358
Laura,tie-back-bell-sleeve-top-5#Summerbud,the-cascade-blouse#Auburn,random,0.29371960273928466
Mae-Lee,panelled-stripe-top#NavyWhite,sunshine-in-me-tee-1#GreyMarle,random,0.06800020281918669
Fiona,the-longline-waterfall-cardi#Black,freya-fringe-blouse#Navy,random,0.09709986658711772
Jess,the-layered-cross-over-top#Black,jersey-split-back-hooded-top#NavyStrip,random,0.35718205405705405
Perrie,laurina-stripe-pullover#NightSky,the-cross-over-blouse#Sunshine,random,0.5233155230931119
Sophie,summer-breeze-top-1#White,on-the-open-road-maxi-shirt#DarkOchre,random,0.3213061090826578
Sophie,belle-half-sleeve-forgiver-tunic#MutedClay,sequin-spot-cardi#Grey,random,0.090038252676527
Sophia,triangle-detail-long-sleeve-tee#Navy,pocket-shirt-1#Ivory,random,0.10424002315036208
Marnee,falling-flowers-blouse#DustyPink,crosses-jumper#xmyheart,random,0.42782632820086003
Fiona,long-sleeve-ruffle-shirt#Navy,capri-tank-3#Black,random,0.07624271711485925
