person_id,positive_product_id,negative_product_id,negative_type,negative_distance
Alex,jade-kimono-kaleidoscope#Blue,millie-top#Blush,hard,0.42041965192108866
Alex,jade-kimono-kaleidoscope#Blue,silver-dot-tie-sleeve-blouse#SilverDotP,semi-hard,0.46309146632422493
Alex,jade-kimono-kaleidoscope#Blue,voyager-stripe-crew#Stripe,random,0.6206896551724138
Alex,jade-kimono-sweet-blossoms#Blue,layered-top-2#White,hard,0.39429151228720194
Alex,jade-kimono-sweet-blossoms#Blue,the-cotton-cardi#Navy,semi-hard,0.4998935717326522
Alex,jade-kimono-sweet-blossoms#Blue,sugar-snaps-layers-tank#White,random,0.6901176529409289
Alex,lola-bell-sleeve-top-ditsy-daisies#Blue,bamboo-layer-tank#Chalk,hard,0.272773712159488
Alex,lola-bell-sleeve-top-ditsy-daisies#Blue,ava-short-sleeve-linen-tee#Blush,semi-hard,0.5007833369004346
Alex,lola-bell-sleeve-top-ditsy-daisies#Blue,the-shoulder-tie-top#White,random,0.7490578064841714
Alex,lola-bell-sleeve-top-entangled-vines#Gold,eco-78-long-cardigan#LightGreyM,hard,0.3458925267474118
Alex,lola-bell-sleeve-top-entangled-vines#Gold,llama-long-sleeve-shirt#Mustard,semi-hard,0.5789919469277707
Alex,lola-bell-sleeve-top-entangled-vines#Gold,the-belle-sleeve-print-top#NavyPrint,random,0.7986842805449127
Alex,the-batwing-tee#Black,animal-button-up-shirt#KhakiPrint,hard,0.40191991916129854
Alex,the-batwing-tee#Black,the-contrast-panel-top#BlkStripe,semi-hard,0.5926990208599404
Alex,the-batwing-tee#Black,tab-sleeve-longline-shirt#Navy,random,0.7715382744118376
Alex,the-batwing-tee#FrenchBlue,mila-knit-cardigan#StoneBlack,hard,0.3309924231260438
Alex,the-batwing-tee#FrenchBlue,the-lace-trim-top#Black,semi-hard,0.5889966426364893
Alex,the-batwing-tee#FrenchBlue,contrast-stripe-sweater#Pockets,random,0.7493630567894217
Alex,the-batwing-tee#Sea,henson-jumper#Cream,hard,0.2761552583750859
Alex,the-batwing-tee#Sea,horizontal-cabel-pullover#EnglishRos,semi-hard,0.49123465269298605
Alex,the-batwing-tee#Sea,moonlight-kisses-bamboo-tee#Black,random,0.6336599972106438
Alex,the-batwing-tee#Stone,block-vest#Blockvest,hard,0.43138044772383854
Alex,the-batwing-tee#Stone,natural-textured-poncho#Deeprain,semi-hard,0.5632183908045977
Alex,the-batwing-tee#Stone,on-the-horizon-swing-top-1#Khaki,random,0.9080810632534771
Alex,the-cotton-bamboo-tank#Chambray,the-long-sleeve-v-neck-tee#Black,hard,0.3389508234156222
Alex,the-cotton-bamboo-tank#Chambray,the-relaxed-long-sleeve-tee#Black,semi-hard,0.5449088303494434
Alex,the-cotton-bamboo-tank#Chambray,the-striped-top#BlueStripe,random,0.7309368650364819
Alex,the-cotton-bamboo-tank#DarkNavy,lenka-lurex-stripe-blouse#NavyGoldSt,hard,0.4085010017122086
Alex,the-cotton-bamboo-tank#DarkNavy,kimberly-spliced-top#Black,semi-hard,0.45353214659967533
Alex,the-cotton-bamboo-tank#DarkNavy,clio-knit-jumper#Clay,random,0.7004221654604796
Alex,the-cotton-bamboo-tank#DuckEgg,layered-top-2#White,hard,0.39429151228720194
Alex,the-cotton-bamboo-tank#DuckEgg,shell-top-3#PapBlue,semi-hard,0.5777636117075773
Alex,the-cotton-bamboo-tank#DuckEgg,belle-deep-v-mesh-top#Black,random,0.7505905087622042
Alex,the-cotton-bamboo-tank#Moonbeam,the-uneven-hem-knit-1#Sage,hard,0.36400462962962965
Alex,the-cotton-bamboo-tank#Moonbeam,the-reversible-cowl-neck-top-1#White,semi-hard,0.5149401055920452
Alex,the-cotton-bamboo-tank#Moonbeam,triangle-detail-long-sleeve-tee#Navy,random,0.6622738691704209
Alex,the-cotton-bamboo-tank#White,ynes#Black,hard,0.3266896072212164
Alex,the-cotton-bamboo-tank#White,waterfall-cardi-1#Navy,semi-hard,0.4862763453819488
Alex,the-cotton-bamboo-tank#White,the-daily-cross-over-top#SkyBlue,random,0.632183908045977
Alex,the-cotton-bamboo-tee#BlueJeans,falling-for-you-cardi#Navy,hard,0.3333333333333333
Alex,the-cotton-bamboo-tee#BlueJeans,the-french-cuff-shirt#White,semi-hard,0.5883104812253519
Alex,the-cotton-bamboo-tee#BlueJeans,clio-knit-jumper#Black,random,0.7004221654604796
Alex,the-cotton-bamboo-tee#DuckEgg,the-reversible-cowl-neck-top-2#Ocean,hard,0.2757523879111523
Alex,the-cotton-bamboo-tee#DuckEgg,aigli-top#White,semi-hard,0.5091825812012594
Alex,the-cotton-bamboo-tee#DuckEgg,softly-swinging-bamboo-tee#White,random,0.6450870197278243
Alex,the-cotton-bamboo-tee#DustyPink,belle-cowl-swing-sweater#Black,hard,0.3978937363456042
Alex,the-cotton-bamboo-tee#DustyPink,llama-long-sleeve-shirt#Mustard,semi-hard,0.5789919469277707
Alex,the-cotton-bamboo-tee#DustyPink,the-cosy-cardigan#Grey,random,0.6163260962111536
Alex,the-cotton-bamboo-tee#White,stara-cardigan#GreyMarle,hard,0.3687408093538362
Alex,the-cotton-bamboo-tee#White,the-crossover-2-way-blouse#Black,semi-hard,0.5120564124395542
Alex,the-cotton-bamboo-tee#White,the-check-pullover#PinkCheck,random,1.1120769147439407
Alex,the-cross-over-blouse#Black,cara-tee-2#WhiteBlk,hard,0.3498402406448384
Alex,the-cross-over-blouse#Black,capri-tank-6#HeatheGrey,semi-hard,0.45966233439293785
Alex,the-cross-over-blouse#Black,the-essential-layering-tee#White,random,0.6373595185855723
Alex,the-cross-over-blouse#Blue,geena-xo-ls-pullover-knit#Allure,hard,0.3687593453667448
Alex,the-cross-over-blouse#Blue,fundamental-sydney-crew#Navy,semi-hard,0.5395366028447924
Alex,the-cross-over-blouse#Blue,foil-2-in-1-spot-top#Charcoal,random,0.6572185995677375
Alex,the-cross-over-blouse#Mint,meadow-cardigan#Cream,hard,0.35921630785136527
Alex,the-cross-over-blouse#Mint,frost-cardigan#Mauvewoo,semi-hard,0.5464116423168147
Alex,the-cross-over-blouse#Mint,je-taime-knit#Navy,random,0.649534127802806
Alex,the-cross-over-blouse#Red,nova-lux-solid-v-neck-placket-shirt#CloudDance,hard,0.43130859402411126
Alex,the-cross-over-blouse#Red,great-scot-merino-carcoat#Twilight,semi-hard,0.4705641414513541
Alex,the-cross-over-blouse#Red,print-tee-3#Bike,random,0.9179929509790621
Alex,the-cross-over-blouse#RoyalBlue,fundamental-vee-tee#Pink,hard,0.42336623838060616
Alex,the-cross-over-blouse#RoyalBlue,belle-v-neck-forgiver-tunic#DenimMarl,semi-hard,0.6018432082099467
Alex,the-cross-over-blouse#RoyalBlue,messina-knit#Cognac,random,0.808196708968979
Alex,the-cross-over-blouse#Silver,born-to-run-shirt-jacket#Leopard,hard,0.37818122570277746
Alex,the-cross-over-blouse#Silver,marlow-cardigan#Cream,semi-hard,0.5402453083846762
Alex,the-cross-over-blouse#Silver,the-flutter-sleeve-top#SnakePrint,random,0.6389306025321351
Alex,the-cross-over-blouse#Sunshine,leary-cardigan#Pine,hard,0.3436708366665263
Alex,the-cross-over-blouse#Sunshine,heartmade-cardi#DustyRose,semi-hard,0.515055067856792
Alex,the-cross-over-blouse#Sunshine,belle-flute-sleeve-tee#Navy,random,0.9492515702555214
Alex,the-cross-over-blouse#White,melbourne-stretch-cardigan#Navy,hard,0.4176368195315753
Alex,the-cross-over-blouse#White,the-roll-neck-sweater#Natural,semi-hard,0.5341576261116491
Alex,the-cross-over-blouse#White,sugar-snaps-round-neck-layer-tank#Black,random,0.7288721615230236
Alex,the-short-sleeve-wrap-jersey-top#Black,meadow-cardigan#Cream,hard,0.35921630785136527
Alex,the-short-sleeve-wrap-jersey-top#Black,bird-print-jumper#Navy,semi-hard,0.508123926945766
Alex,the-short-sleeve-wrap-jersey-top#Black,oversize-contrast-hood-top#Steel,random,0.900447685828433
Alex,the-short-sleeve-wrap-jersey-top#Blue,pure-merino-fine-rib-v-neck#Charcoal,hard,0.09406514267625378
Alex,the-short-sleeve-wrap-jersey-top#Blue,marjorie-tie-blouse#BluePrint,semi-hard,0.49254157865867637
Alex,the-short-sleeve-wrap-jersey-top#Blue,the-blouson-sleeve-jumper#Grey,random,0.6848570313608628
Alex,the-short-sleeve-wrap-jersey-top#Emerald,wildflower-shirt#White,hard,0.39922986429811147
Alex,the-short-sleeve-wrap-jersey-top#Emerald,still-the-one-ruffle-blouse#Spot,semi-hard,0.5061813186813187
Alex,the-short-sleeve-wrap-jersey-top#Emerald,relaxed-top-1#FloraStrip,random,0.6544274159216688
Alex,the-short-sleeve-wrap-jersey-top#NavyWhite,bamboo-layer-tank#Chalk,hard,0.272773712159488
Alex,the-short-sleeve-wrap-jersey-top#NavyWhite,oregon-safari-embroidered-top#White,semi-hard,0.48143038714159403
Alex,the-short-sleeve-wrap-jersey-top#NavyWhite,long-sleeve-softly-swinging-bamboo-tee#Oyster,random,0.6296823869111944
Alex,the-sleeveless-cross-over-blouse#Black,germaine-blouse#Pearl,hard,0.39982866949461776
Alex,the-sleeveless-cross-over-blouse#Black,aigli-top#Navy,semi-hard,0.5091825812012594
Alex,the-sleeveless-cross-over-blouse#Black,marquax-tunic#OnyxSpeck,random,0.6441279957802947
Alex,the-sleeveless-cross-over-blouse#Chambray,the-panel-luxe-top#SilvWhite,hard,0.38075184115054805
Alex,the-sleeveless-cross-over-blouse#Chambray,belle-two-in-one-top#Charcoal,semi-hard,0.520290593027662
Alex,the-sleeveless-cross-over-blouse#Chambray,softly-falling-bamboo-tunic#White,random,0.6909169613910994
Alex,the-sleeveless-cross-over-blouse#Cobalt,hayley-button-down#NavySparro,hard,0.3855176858050421
Alex,the-sleeveless-cross-over-blouse#Cobalt,fern-print-top#Navy,semi-hard,0.5434218193736872
Alex,the-sleeveless-cross-over-blouse#Cobalt,milan-stretch-top#NavyWhtStr,random,0.6348704542849658
Alex,the-sleeveless-cross-over-blouse#Mint,renee-sweater#Sapphire,hard,0.3230502136752137
Alex,the-sleeveless-cross-over-blouse#Mint,kimono-and-me-cardi#Sand,semi-hard,0.5659931460488212
Alex,the-sleeveless-cross-over-blouse#Mint,lavaux-bell-sleeve#Mustard,random,1.050162690518294
Alex,the-sleeveless-cross-over-blouse#Salmon,starry-night-cardi#Chalk,hard,0.38271604938271603
Alex,the-sleeveless-cross-over-blouse#Salmon,ditzy-floral-ruffle-blouse#DitzyFlora,semi-hard,0.513335439969779
Alex,the-sleeveless-cross-over-blouse#Salmon,the-everyday-shirt#Black,random,0.732653818815816
Alex,the-sleeveless-cross-over-blouse#Sunshine,monaco-knot-top#ClaySpot,hard,0.24507835050220106
Alex,the-sleeveless-cross-over-blouse#Sunshine,foil-print-top-2#Navy,semi-hard,0.501580891038506
Alex,the-sleeveless-cross-over-blouse#Sunshine,first-love-kimono-jacket#Stone,random,0.673992673992674
Alex,the-sleeveless-cross-over-blouse#White,the-boat-neck-top#Navy,hard,0.35763269397428876
Alex,the-sleeveless-cross-over-blouse#White,paradise-cardi#MultiStrip,semi-hard,0.5680867165242165
Alex,the-sleeveless-cross-over-blouse#White,ivy-cosy-pullover#Storm,random,0.6966519172876932
Alex,viola-kimono-radiant-floral#Grey,millie-top#Moss,hard,0.42041965192108866
Alex,viola-kimono-radiant-floral#Grey,panelled-stripe-top#NavyWhite,semi-hard,0.5162322843716523
Alex,viola-kimono-radiant-floral#Grey,the-define-flute-sleeve-blouse#Black,random,0.6208541036576238
Amanda,the-asymmetrical-hem-sweater#Blush,soho-v-neck-blouse#SohoPrint,hard,0.36357668152573946
Amanda,the-asymmetrical-hem-sweater#Blush,kimono-and-me-cardi#Sand,semi-hard,0.532673385099587
Amanda,the-asymmetrical-hem-sweater#Blush,spot-layered-tee#Blue,random,0.6555410496511433
Amanda,the-batwing-tee#Black,millie-top#WhiteBlk,hard,0.39315653896704095
Amanda,the-batwing-tee#Black,fundamental-rib-long-sleeve-tee#White,semi-hard,0.46491347807604255
Amanda,the-batwing-tee#Black,weekend-vibes-blouse#Blush,random,0.7510062049304042
Amanda,the-batwing-tee#FrenchBlue,pure-merino-fine-rib-v-neck#Charcoal,hard,0.0635027111632847
Amanda,the-batwing-tee#FrenchBlue,capri-tank-3#NavyStripe,semi-hard,0.40444075675970814
Amanda,the-batwing-tee#FrenchBlue,belle-tier-tee#Blue,random,0.746820996922885
Amanda,the-batwing-tee#Sea,animal-button-up-shirt#KhakiPrint,hard,0.38864210434631136
Amanda,the-batwing-tee#Sea,belle-half-sleeve-boat-tee#Black,semi-hard,0.48035511624006955
Amanda,the-batwing-tee#Sea,partly-cloudy-knit#PawPaw,random,0.7199305276595855
Amanda,the-batwing-tee#Stone,ricki-one-shoulder-top#BlackWhite,hard,0.31762633136902374
Amanda,the-batwing-tee#Stone,nature-ls-top#BlueGum,semi-hard,0.5173653225900807
Amanda,the-batwing-tee#Stone,meera-oversized-shirt#Mint,random,0.643211626736971
Amanda,the-bell-sleeve-top#BlkStripe,manhattan-stretch-tee#Navy,hard,0.3173820926722541
Amanda,the-bell-sleeve-top#BlkStripe,bertie-top#BlkCherry,semi-hard,0.41284773545390374
Amanda,the-bell-sleeve-top#BlkStripe,the-pocket-tee#GreyStripe,random,0.5968121243794094
Amanda,the-bell-sleeve-top#Grey,nova-lux-long-sleeve-tie-top-1#CloudDance,hard,0.39224052197855774
Amanda,the-bell-sleeve-top#Grey,foil-print-top-2#Navy,semi-hard,0.4692390867715252
Amanda,the-bell-sleeve-top#Grey,pattern-tunic-1#Lattice,random,1.047509545296772
Amanda,the-belle-sleeve-print-top#NavyPrint,leah-knit-cardigan#WhiteBlk,hard,0.3255448326696801
Amanda,the-belle-sleeve-print-top#NavyPrint,button-through-animal-shirt#Animal,semi-hard,0.40808191210136935
Amanda,the-belle-sleeve-print-top#NavyPrint,long-sleeve-softly-swinging-bamboo-tee#TeaRose,random,0.6002056285075796
Amanda,the-blouson-sleeve-jumper#Grey,leah-knit-cardigan#Black,hard,0.3255448326696801
Amanda,the-blouson-sleeve-jumper#Grey,snake-print-johnny-collar-top#BeigeSnake,semi-hard,0.5129743885745041
Amanda,the-blouson-sleeve-jumper#Grey,contrast-stripe-sweater#Pockets,random,0.7103553307411206
Amanda,the-blouson-sleeve-jumper#Navy,hannah-tee-1#RedWhite,hard,0.37169717131613944
Amanda,the-blouson-sleeve-jumper#Navy,layered-tunic-1#PalePink,semi-hard,0.4465882632824901
Amanda,the-blouson-sleeve-jumper#Navy,softly-swinging-bamboo-tee#White,random,0.6171497490337703
Amanda,the-bonded-cotton-shirt#Pink,starry-night-cardi#Chalk,hard,0.3485759080219493
Amanda,the-bonded-cotton-shirt#Pink,the-long-sleeve-scoop-neck-tee#White,semi-hard,0.4928142147896525
Amanda,the-bonded-cotton-shirt#Pink,the-cotton-tie-detail-top#Ivory,random,0.6276486004781424
Amanda,the-bonded-cotton-tunic-dress#Navy,natural-classic-cardigan#Pebble,hard,0.30036582179252674
Amanda,the-bonded-cotton-tunic-dress#Navy,the-relaxed-long-sleeve-tee#Navy,semi-hard,0.5307900008710043
Amanda,the-bonded-cotton-tunic-dress#Navy,sky-jumper-1#Clouds,random,0.6496461707662367
Amanda,the-box-top#Blush,square-nk-fray-trim-top#Denim,hard,0.3940369682811446
Amanda,the-box-top#Blush,half-sleeve-fluffy-knit#Ivory,semi-hard,0.5526395329337114
Amanda,the-box-top#Blush,never-ending-winter-knit-top#DeluxeGree,random,0.8145682288843215
Amanda,the-box-top#Khaki,square-nk-fray-trim-top#Denim,hard,0.3940369682811446
Amanda,the-box-top#Khaki,messina-v-neck-tee#Black,semi-hard,0.4955325281093878
Amanda,the-box-top#Khaki,relaxed-top-1#FloraStrip,random,0.6088973085968121
Amanda,the-check-pullover#PinkCheck,long-sleeve-tee-2#NavyWhite,hard,0.29242928290348624
Amanda,the-check-pullover#PinkCheck,maui-stretch-tee#White,semi-hard,0.4130822241028981
Amanda,the-check-pullover#PinkCheck,belle-flocked-tunic#White,random,0.9063722412239821
Amanda,the-colour-block-pullover#Sage,the-long-sleeve-v-neck-tee#White,hard,0.3111947123540905
Amanda,the-colour-block-pullover#Sage,cyrus-top#LightRose,semi-hard,0.4036724529950197
Amanda,the-colour-block-pullover#Sage,belle-v-neck-forgiver-tunic#ArmyGreen,random,0.569078113482756
Amanda,the-contrast-knit-1#Navy,manhattan-stretch-tee#Navy,hard,0.3173820926722541
Amanda,the-contrast-knit-1#Navy,the-french-cuff-shirt#White,semi-hard,0.5577285703699948
Amanda,the-contrast-knit-1#Navy,the-cut-out-shoulder-blouse#Salmon,random,0.6083279058067385
Amanda,the-contrast-knit-1#Sage,endeavor-long-sleeve-tee#Stripe,hard,0.2558139534883721
Amanda,the-contrast-knit-1#Sage,fundamental-sydney-crew#Burgundy,semi-hard,0.5073564110464142
Amanda,the-contrast-knit-1#Sage,natural-overlay-knit#Greybloss,random,0.5720756031704556
Amanda,the-contrast-trim-knit#BlackWhite,butterfly-blouse-1#Ivory,hard,0.3474088273032538
Amanda,the-contrast-trim-knit#BlackWhite,st-helens-henley-tee#White,semi-hard,0.41229539524743675
Amanda,the-contrast-trim-knit#BlackWhite,belle-drape-tee#Black,random,0.5872882777125608
Amanda,the-cosy-cardigan#Blue,leah-knit-cardigan#Black,hard,0.3255448326696801
Amanda,the-cosy-cardigan#Blue,block-vest#Blockvest,semi-hard,0.4007313510836203
Amanda,the-cosy-cardigan#Blue,sugar-snaps-throw-jacket#White,random,0.7715909932958671
Amanda,the-cosy-cardigan#Grey,the-short-sleeve-wrap-jersey-top#Emerald,hard,0.35807976709085876
Amanda,the-cosy-cardigan#Grey,the-contrast-panel-top#BlkStripe,semi-hard,0.5507577737130912
Amanda,the-cosy-cardigan#Grey,patchwork-tunic#Patchwork,random,0.641148191626139
Amanda,the-cotton-blend-stripe-jumper#BlueStripe,falling-for-you-cardi#Navy,hard,0.34831460674157305
Amanda,the-cotton-blend-stripe-jumper#BlueStripe,the-long-sleeve-scoop-neck-tee#Navy,semi-hard,0.4928142147896525
Amanda,the-cotton-blend-stripe-jumper#BlueStripe,zara-top#ZebraPrint,random,0.6334937541193952
Amanda,the-cross-front-spot-blouse#NavySpot,starry-night-cardi#Chalk,hard,0.3485759080219493
Amanda,the-cross-front-spot-blouse#NavySpot,panelled-stripe-top#NavyWhite,semi-hard,0.48574933017171784
Amanda,the-cross-front-spot-blouse#NavySpot,long-sleeve-spot-top#Multispot,random,0.8152599947739745
Amanda,the-cross-front-spot-blouse#Spot,manhattan-stretch-tee#Navy,hard,0.3173820926722541
Amanda,the-cross-front-spot-blouse#Spot,multi-stripe-jumper#NavyMulti,semi-hard,0.5496033680565034
Amanda,the-cross-front-spot-blouse#Spot,the-pocket-tee#NavyStripe,random,0.5968121243794094
Amanda,the-curve-striped-tank#Marine,renee-sweater#Sapphire,hard,0.29873171378539753
Amanda,the-curve-striped-tank#Marine,falling-flowers-blouse#DustyPink,semi-hard,0.4354517587136177
Amanda,the-curve-striped-tank#Marine,on-the-horizon-swing-top-1#Khaki,random,0.8830676770316175
Amanda,the-daily-cross-over-top#PinkPrint,the-cotton-bamboo-tee#DustyPink,hard,0.3045115421065563
Amanda,the-daily-cross-over-top#PinkPrint,the-relaxed-long-sleeve-tee#White,semi-hard,0.5307900008710043
Amanda,the-daily-cross-over-top#PinkPrint,softly-falling-bamboo-tunic#White,random,0.6574496215031453
Amanda,the-daily-cross-over-top#SkyBlue,cara-tee-4#White,hard,0.3586165072208854
Amanda,the-daily-cross-over-top#SkyBlue,the-half-sleeve-tee#White,semi-hard,0.41194098101080695
Amanda,the-daily-cross-over-top#SkyBlue,belle-satin-shirt#Black,random,0.6775542200156781
Amanda,the-daily-essential-jumper#Grey,glasgow-top#Melange,hard,0.24054684117952177
Amanda,the-daily-essential-jumper#Grey,the-reversible-cowl-neck-top-1#White,semi-hard,0.48404599682538446
Amanda,the-daily-essential-jumper#Grey,cotton-candy-side-split-top#IceBlue,random,0.7425187883420629
Amanda,the-dobby-sleeve-tee#InkBlue,nova-lux-long-sleeve-tie-top-1#NightSky,hard,0.39224052197855774
Amanda,the-dobby-sleeve-tee#InkBlue,belle-petal-print-top#Petal,semi-hard,0.5598267806512252
Amanda,the-dobby-sleeve-tee#InkBlue,long-sleeve-softly-swinging-bamboo-tee#BlueJeans,random,0.6002056285075796
Amanda,the-dobby-sleeve-tee#White,belle-cowl-swing-sweater#Black,hard,0.37246547508082795
Amanda,the-dobby-sleeve-tee#White,belle-two-in-one-top#Charcoal,semi-hard,0.49117133173952554
Amanda,the-dobby-sleeve-tee#White,floral-nehru-print-shirt#Pink,random,0.71412713672297
Amanda,the-double-layer-top#Black,reversible-scoopv-neck-tank#Black,hard,0.37736341158071673
Amanda,the-double-layer-top#Black,drama-top#BlackGrey,semi-hard,0.47417261094579355
Amanda,the-double-layer-top#Black,sequin-spot-shirt#Blue,random,0.5911039589093986
Amanda,the-double-layer-top#White,bubbles-print-tee#Cambridge,hard,0.37610663042248904
Amanda,the-double-layer-top#White,funnel-neck-knit-jumper#BlueMulti,semi-hard,0.49368781907031345
Amanda,the-double-layer-top#White,sequin-spot-shirt#Blue,random,0.5911039589093986
Amanda,the-essential-layering-tee#Ink,drapey-stripe-tee#Navy,hard,0.3355566692276792
Amanda,the-essential-layering-tee#Ink,rib-tank-2#Navy,semi-hard,0.4155445986685335
Amanda,the-essential-layering-tee#Ink,wonderlust-tee#BurntOran,random,0.722463915073184
Amanda,the-essential-layering-tee#White,34-sleeve-shirt-1#SkyWhite,hard,0.31845849794663994
Amanda,the-essential-layering-tee#White,emerald-knit#Emerald,semi-hard,0.41051454902129014
Amanda,the-essential-layering-tee#White,the-cut-out-shoulder-blouse#White,random,0.6083279058067385
Amanda,the-essential-pullover#DustyPeach,the-short-sleeve-wrap-jersey-top#Emerald,hard,0.35807976709085876
Amanda,the-essential-pullover#DustyPeach,midtown-ruffle-shirt#BoldRed,semi-hard,0.48976683735750304
Amanda,the-essential-pullover#DustyPeach,the-contrast-34-sleeve-top#Navy,random,0.7807170380134862
Amanda,the-essential-pullover#SkyBlue,ynes#Black,hard,0.32569985842930627
Amanda,the-essential-pullover#SkyBlue,always-mine-spliced-cardigan#GreyEmeral,semi-hard,0.495638316127749
Amanda,the-essential-pullover#SkyBlue,be-mine-top-1#Sage,random,0.89004416121639
Amanda,the-everyday-shirt#Black,manhattan-stretch-tee#NavyWhtStr,hard,0.3173820926722541
Amanda,the-everyday-shirt#Black,capri-tank-3#Black,semi-hard,0.40444075675970814
Amanda,the-everyday-shirt#Black,the-textured-spot-top#Pink,random,0.6739018521190754
Amanda,the-everyday-shirt#Cream,pulkari-emb-top#Pulkari,hard,0.35745625153563254
Amanda,the-everyday-shirt#Cream,kimono-top-36#BlueMarle,semi-hard,0.4508753592892605
Amanda,the-everyday-shirt#Cream,sugar-snaps-layers-tank#White,random,0.6551646978070192
Amanda,the-everyday-shirt#Midnight,striped-cardigan-3#Rainbow,hard,0.3621635746015155
Amanda,the-everyday-shirt#Midnight,the-ultimate-tie-cardi#Black,semi-hard,0.534391831019972
Amanda,the-everyday-shirt#Midnight,daylight-jumper#Silver,random,0.591033758565417
Amanda,the-everyday-shirt#Pink,niue-neck-tie-shirt#LightBlue,hard,0.34524041667804173
Amanda,the-everyday-shirt#Pink,you-at-my-shoulder-tunic#Black,semi-hard,0.43918212699242226
Amanda,the-everyday-shirt#Pink,the-cotton-bamboo-tank#DuckEgg,random,0.6158091174646756
Amanda,the-everyday-shirt#Rose,monaco-knot-top#HeatheGrey,hard,0.21335737045111522
Amanda,the-everyday-shirt#Rose,hacienda-tunic-5#PatchGold,semi-hard,0.4655667312769832
Amanda,the-everyday-shirt#Rose,printed-v-neck-top#Striped,random,0.5789129866736347
Amanda,the-fleck-roll-neck-knit#Oatmeal,knit-hoodie-1#Sage,hard,0.39233997246586505
Amanda,the-fleck-roll-neck-knit#Oatmeal,luxe-shirt#Navy,semi-hard,0.48514937723194845
Amanda,the-fleck-roll-neck-knit#Oatmeal,voyager-stripe-crew#Stripe,random,0.6292134831460674
Amanda,the-frill-detail-blouse#Chambray,the-cotton-bamboo-tee#BlueJeans,hard,0.3045115421065563
Amanda,the-frill-detail-blouse#Chambray,jade-kimono-sweet-blossoms#Blue,semi-hard,0.5522602560752548
Amanda,the-frill-detail-blouse#Chambray,clio-knit-jumper#InkWhite,random,0.6450508107489726
Amanda,the-high-low-drape-tee#Grey,fundamental-vee-tee#GreyMarle,hard,0.39544146266316704
Amanda,the-high-low-drape-tee#Grey,fundamental-split-hoodie#Navy,semi-hard,0.5071760351625723
Amanda,the-high-low-drape-tee#Grey,open-plains-kimono-throw-1#Rust,random,1.0769200769083769
Amanda,the-high-low-drape-tee#Sage,tutti-frutti-drop-shoulder-tee#Orange,hard,0.38982348513507714
Amanda,the-high-low-drape-tee#Sage,mauevewood-crew#Charcoal,semi-hard,0.5234420398659954
Amanda,the-high-low-drape-tee#Sage,softly-swinging-bamboo-tee#Chambray,random,0.6171497490337703
Amanda,the-layered-cross-over-top#Black,the-boat-neck-top#Navy,hard,0.3753051764953648
Amanda,the-layered-cross-over-top#Black,layered-tunic-1#Natural,semi-hard,0.4465882632824901
Amanda,the-layered-cross-over-top#Black,the-print-contrast-34-sleeve-top#Animal,random,0.7807170380134862
Amanda,the-layered-cross-over-top#Navy,manhattan-stretch-tee#White,hard,0.3173820926722541
Amanda,the-layered-cross-over-top#Navy,the-half-sleeve-tee#White,semi-hard,0.41194098101080695
Amanda,the-layered-cross-over-top#Navy,stripe-me-happy-blouse#Ash,random,0.5886464593676509
Amanda,the-linen-tie-sleeve-top#GreyMarle,geena-xo-ls-pullover-knit#WhiteCapGr,hard,0.3418044998420492
Amanda,the-linen-tie-sleeve-top#GreyMarle,fundamental-split-hoodie#Navy,semi-hard,0.5071760351625723
Amanda,the-linen-tie-sleeve-top#GreyMarle,the-cut-out-shoulder-blouse#Black,random,0.6083279058067385
Amanda,the-longline-cardi-1#GreyMarle,printed-v-neck-blouse#NavyWhite,hard,0.3787196432262518
Amanda,the-longline-cardi-1#GreyMarle,falling-flowers-blouse#DustyPink,semi-hard,0.4354517587136177
Amanda,the-longline-cardi-1#GreyMarle,felicity-cardigan#Dewkist,random,0.6369732211687837
Amanda,the-longline-cardi-1#Nude,eco-78-long-cardigan#LightGreyM,hard,0.31976646685568755
Amanda,the-longline-cardi-1#Nude,luxe-shirt#Black,semi-hard,0.48514937723194845
Amanda,the-longline-cardi-1#Nude,layla-long-line-kimono#MultiStrip,random,0.5998170891037367
Amanda,the-longline-waterfall-cardi#Black,square-nk-fray-trim-top#Denim,hard,0.3940369682811446
Amanda,the-longline-waterfall-cardi#Black,on-safari-blouse#Jewel,semi-hard,0.550561797752809
Amanda,the-longline-waterfall-cardi#Black,natural-pattern-cocoon-cardigan#Blossom,random,0.6976744186046512
Amanda,the-luxe-long-sleeve-tee#GreyMarle,falling-for-you-cardi#Black,hard,0.34831460674157305
Amanda,the-luxe-long-sleeve-tee#GreyMarle,mauevewood-crew#YellowWhit,semi-hard,0.5234420398659954
Amanda,the-luxe-long-sleeve-tee#GreyMarle,the-stella-tee#Marine,random,0.6340222067088129
Amanda,the-midi-waterfall-cardi#BlueMarle,cover-up-slouch-cardi#Alloy,hard,0.3904626007667438
Amanda,the-midi-waterfall-cardi#BlueMarle,laurina-stripe-pullover#NightSky,semi-hard,0.40948640648339174
Amanda,the-midi-waterfall-cardi#BlueMarle,long-sleeve-softly-swinging-bamboo-tee#DuckEgg,random,0.6002056285075796
Amanda,the-multi-stripe-cardi#Stripe,lake-house-top#CoalPrint,hard,0.34235489003896125
Amanda,the-multi-stripe-cardi#Stripe,jewel-knit#GreyMarle,semi-hard,0.5030590774894796
Amanda,the-multi-stripe-cardi#Stripe,haze-swing-top#OffWhite,random,0.703286546104076
Amanda,the-on-or-off-the-shoulder-top#FrenchNavy,layered-top-2#Navy,hard,0.3684962306315301
Amanda,the-on-or-off-the-shoulder-top#FrenchNavy,jade-kimono-kaleidoscope#Blue,semi-hard,0.5522602560752548
Amanda,the-on-or-off-the-shoulder-top#FrenchNavy,sugar-snaps-throw-jacket#Duckegg,random,0.7715909932958671
Amanda,the-on-or-off-the-shoulder-top#Pink,nova-lux-long-sleeve-tie-top-1#NightSky,hard,0.39224052197855774
Amanda,the-on-or-off-the-shoulder-top#Pink,dot-to-dot-knit-1#GreyMarle,semi-hard,0.45333383383578574
Amanda,the-on-or-off-the-shoulder-top#Pink,sugar-snaps-round-neck-layer-tank#White,random,0.6956010709452476
Amanda,the-oversize-knit#GreyMarle,dusk-top#DuskPrint,hard,0.36632343248481913
Amanda,the-oversize-knit#GreyMarle,the-long-sleeve-scoop-neck-tee#White,semi-hard,0.4928142147896525
Amanda,the-oversize-knit#GreyMarle,the-drape-tee-1#Stripe,random,0.6588276282553784
Amanda,the-oversize-knit#Ink,falling-for-you-cardi#Port,hard,0.34831460674157305
Amanda,the-oversize-knit#Ink,the-frill-wrap-blouse#Spot,semi-hard,0.46431921266414206
Amanda,the-oversize-knit#Ink,belle-tie-neck-blouse-tee#RoyalBlue,random,0.591954163075399
Amanda,the-panel-hem-top#DenimMarle,endeavor-long-sleeve-tee#Stripe,hard,0.2558139534883721
Amanda,the-panel-hem-top#DenimMarle,fundamental-vee-tee#Black,semi-hard,0.39544146266316704
Amanda,the-panel-hem-top#DenimMarle,softly-swinging-bamboo-tee#Chambray,random,0.6171497490337703
Amanda,the-panel-hem-top#Khaki,shirt-in-a-box#Silver,hard,0.32592118451380414
Amanda,the-panel-hem-top#Khaki,soft-and-true-tunic#Pine,semi-hard,0.5566477775741101
Amanda,the-panel-hem-top#Khaki,long-sleeve-softly-swinging-bamboo-tee#SilverScon,random,0.6002056285075796
Amanda,the-panel-luxe-top#BlkWhite,mila-knit-cardigan#Black,hard,0.304477416939343
Amanda,the-panel-luxe-top#BlkWhite,york-linen-blend-long-cardigan#BurntOrang,semi-hard,0.40535238622669245
Amanda,the-panel-luxe-top#BlkWhite,the-define-flute-sleeve-blouse#Black,random,0.5883490829105062
Amanda,the-panel-luxe-top#SilvWhite,cara-tee-3#ZebraPrint,hard,0.36002100160290784
Amanda,the-panel-luxe-top#SilvWhite,elcos-top#LightGrey,semi-hard,0.45993169116528676
Amanda,the-panel-luxe-top#SilvWhite,the-asymmetrical-tank-top#HotPink,random,0.6642697799219217
Amanda,the-printed-v-neck-tee#White,back-to-you-top#BlackMagic,hard,0.25494814924593134
Amanda,the-printed-v-neck-tee#White,llama-long-sleeve-shirt#Mustard,semi-hard,0.5291012925963338
Amanda,the-printed-v-neck-tee#White,moonlight-kisses-bamboo-tee#Black,random,0.603406569192189
Amanda,the-printed-v-split-top#Natural,holly-rib-long-sleeve-tee#Black,hard,0.23803035384873386
Amanda,the-printed-v-split-top#Natural,runaway-top#JetBlack,semi-hard,0.5472519815347096
Amanda,the-printed-v-split-top#Natural,softly-swinging-bamboo-tee#Navy,random,0.6171497490337703
Amanda,the-relaxed-batwing-top#Denim%20Blue,manhattan-stretch-tee#NavyWhtStr,hard,0.3173820926722541
Amanda,the-relaxed-batwing-top#Denim%20Blue,daylight-cardi#Silver,semi-hard,0.40586085121817095
Amanda,the-relaxed-batwing-top#Denim%20Blue,ivy-cosy-pullover#Storm,random,0.6578927611745298
Amanda,the-relaxed-batwing-top#PeachRose,magnolia-fields-keyhole-blouse#Magnolia,hard,0.31503330616320024
Amanda,the-relaxed-batwing-top#PeachRose,capri-tank-6#Olive,semi-hard,0.43220255529252094
Amanda,the-relaxed-batwing-top#PeachRose,layer-me-cotton-candy-top#Cream,random,0.6899050930349558
Amanda,the-shoulder-tie-top#Black,striped-cardigan-3#Rainbow,hard,0.3621635746015155
Amanda,the-shoulder-tie-top#Black,rib-tank-2#Khaki,semi-hard,0.4155445986685335
Amanda,the-shoulder-tie-top#Black,daylight-jumper#Silver,random,0.591033758565417
Amanda,the-shoulder-tie-top#Navy,the-cotton-bamboo-tee#DustyPink,hard,0.3045115421065563
Amanda,the-shoulder-tie-top#Navy,falling-for-you-tunic#Rust,semi-hard,0.5321273824241739
Amanda,the-shoulder-tie-top#Navy,moonlight-kisses-bamboo-tee#White,random,0.603406569192189
Amanda,the-shoulder-tie-top#White,cara-tee-2#BlackSpot,hard,0.3372964027523735
Amanda,the-shoulder-tie-top#White,layer-me-bamboo-rouched-sleeve-tee#Black,semi-hard,0.41379154007854635
Amanda,the-shoulder-tie-top#White,blue-waters-cotton-blouse#White,random,0.5980001677008218
Amanda,the-sleeveless-cross-over-blouse#Black,striped-cardigan-3#Rainbow,hard,0.3621635746015155
Amanda,the-sleeveless-cross-over-blouse#Black,animal-knit-1#Animal,semi-hard,0.5284720895132387
Amanda,the-sleeveless-cross-over-blouse#Black,belle-polka-dot-blouse#WhiteSpot,random,0.7940653409201704
Amanda,the-sleeveless-cross-over-blouse#Chambray,falling-for-you-cardi#Navy,hard,0.34831460674157305
Amanda,the-sleeveless-cross-over-blouse#Chambray,freya-fringe-blouse#Navy,semi-hard,0.43858883658529935
Amanda,the-sleeveless-cross-over-blouse#Chambray,the-cross-over-blouse#Black,random,0.6294591843500033
Amanda,the-sleeveless-cross-over-blouse#Cobalt,dream-girl-ruffle-jumper#SoftPink,hard,0.2916609791387978
Amanda,the-sleeveless-cross-over-blouse#Cobalt,capri-tank-6#ClaySpot,semi-hard,0.43220255529252094
Amanda,the-sleeveless-cross-over-blouse#Cobalt,hem-frill-stripe-top#SoFrilled,random,0.6401881369218709
Amanda,the-sleeveless-cross-over-blouse#Mint,the-boat-neck-top#Black,hard,0.3753051764953648
Amanda,the-sleeveless-cross-over-blouse#Mint,silver-dot-tie-sleeve-blouse#SilverDotP,semi-hard,0.43597582378153654
Amanda,the-sleeveless-cross-over-blouse#Mint,softly-swinging-bamboo-tee#BlueJeans,random,0.6171497490337703
Amanda,the-sleeveless-cross-over-blouse#Salmon,monaco-knot-top#HeatheGrey,hard,0.21335737045111522
Amanda,the-sleeveless-cross-over-blouse#Salmon,york-linen-blend-long-cardigan#BurntOrang,semi-hard,0.40535238622669245
Amanda,the-sleeveless-cross-over-blouse#Salmon,sugar-snaps-layers-tank#PeachyKeen,random,0.6551646978070192
Amanda,the-sleeveless-cross-over-blouse#Sunshine,natural-cropped-sleeve-knit#Cloudcover,hard,0.39465203379496555
Amanda,the-sleeveless-cross-over-blouse#Sunshine,not-today-buttoned-cardigan#Almond,semi-hard,0.4857954803978539
Amanda,the-sleeveless-cross-over-blouse#Sunshine,belle-v-neck-forgiver-tunic#DenimMarl,random,0.569078113482756
Amanda,the-sleeveless-cross-over-blouse#White,roll-neck-jumper-3#GreyMarl,hard,0.34922526120377984
Amanda,the-sleeveless-cross-over-blouse#White,layer-me-bamboo-rouched-sleeve-tee#Copper,semi-hard,0.41379154007854635
Amanda,the-sleeveless-cross-over-blouse#White,sugar-snaps-round-neck-layer-tank#Black,random,0.6956010709452476
Amanda,the-soft-knit-jumper#NavyStripe,merino-boyfriend-cardigan#MelangeStr,hard,0.34452330066417325
Amanda,the-soft-knit-jumper#NavyStripe,waterfall-cardi-1#Navy,semi-hard,0.45836388348302903
Amanda,the-soft-knit-jumper#NavyStripe,milan-stretch-top#Black,random,0.5999847899254707
Amanda,the-soft-knit-jumper#PinkStripe,the-uneven-hem-knit-1#Sage,hard,0.2945157931273863
Amanda,the-soft-knit-jumper#PinkStripe,fluid-tunic-top#White,semi-hard,0.45085293417937744
Amanda,the-soft-knit-jumper#PinkStripe,the-cross-over-blouse#RoyalBlue,random,0.6294591843500033
Amanda,the-soft-overlay-top#Pink,starry-night-cardi#Chalk,hard,0.3485759080219493
Amanda,the-soft-overlay-top#Pink,the-side-ring-detail-blouse-1#Black,semi-hard,0.511890183261898
Amanda,the-soft-overlay-top#Pink,selene-cardigan#Ivy,random,0.9118503055664973
Amanda,the-spotted-tunic#GreySpot,monaco-knot-top#HeatheGrey,hard,0.21335737045111522
Amanda,the-spotted-tunic#GreySpot,shell-top-3#PapBlue,semi-hard,0.5509766622856451
Amanda,the-spotted-tunic#GreySpot,sugar-snaps-layers-tank#Red,random,0.6551646978070192
Amanda,the-spotted-tunic#NavySpot,ally-long-sleeve-tee#CosmosPr,hard,0.25086677924721834
Amanda,the-spotted-tunic#NavySpot,natural-waterfall-cardigan#Fallendust,semi-hard,0.5393258426966292
Amanda,the-spotted-tunic#NavySpot,rama-top#Stonewash,random,0.7805849248661318
Amanda,the-stitch-detail-top#Pink,high-street-knit#NavyStripe,hard,0.31685802760433524
Amanda,the-stitch-detail-top#Pink,napoleon-top-1#NemoBlue,semi-hard,0.42024655920814014
Amanda,the-stitch-detail-top#Pink,crossing-the-plains-sweater-1#Indigo,random,0.6090887345347992
Amanda,the-stitch-detail-top#SkyBlue,reversible-scoopv-neck-tank#Black,hard,0.37736341158071673
Amanda,the-stitch-detail-top#SkyBlue,multi-stripe-jumper#NavyMulti,semi-hard,0.5496033680565034
Amanda,the-stitch-detail-top#SkyBlue,relaxed-top-1#FloraStrip,random,0.6088973085968121
Amanda,the-stitch-v-neck-knit#DenimMarle,relaxed-v-neck-knit#Silver,hard,0.34573181908591355
Amanda,the-stitch-v-neck-knit#DenimMarle,the-roll-neck-sweater#Natural,semi-hard,0.515373225328804
Amanda,the-stitch-v-neck-knit#DenimMarle,the-open-sleeve-blouse#Berry,random,0.597539477943442
Amanda,the-stitch-v-neck-knit#PinkMarle,layered-top-2#Navy,hard,0.3684962306315301
Amanda,the-stitch-v-neck-knit#PinkMarle,spliced-stripe-tunic#Navy,semi-hard,0.4303095835169592
Amanda,the-stitch-v-neck-knit#PinkMarle,sugar-snaps-throw-jacket#White,random,0.7715909932958671
Amanda,the-stripe-button-through-top#Coral,paige-top#Black,hard,0.28869046458327646
Amanda,the-stripe-button-through-top#Coral,the-french-cuff-shirt#White,semi-hard,0.5577285703699948
Amanda,the-stripe-button-through-top#Coral,the-cross-over-top#GreyStripe,random,0.709876928396949
Amanda,the-stripe-crossover-blouse#Bluestripe,colourblock-cardi#NavyRed,hard,0.31290438323147785
Amanda,the-stripe-crossover-blouse#Bluestripe,sunshine-in-me-tee-1#GreyMarle,semi-hard,0.5333159132479749
Amanda,the-stripe-crossover-blouse#Bluestripe,rising-mist-jumper#Nickel,random,0.6685393258426966
Amanda,the-stripe-jersey-top#Blue,relaxed-v-neck-knit#Silver,hard,0.34573181908591355
Amanda,the-stripe-jersey-top#Blue,spliced-lace-panel-tee#White,semi-hard,0.5215573556310426
Amanda,the-stripe-jersey-top#Blue,sugar-snaps-round-neck-layer-tank#DuckEgg,random,0.6956010709452476
Amanda,the-stripe-jersey-top#Pink,the-reversible-cowl-neck-top-2#Ocean,hard,0.2520767601761249
Amanda,the-stripe-jersey-top#Pink,seeker-knot-front-shirt#Olive,semi-hard,0.4316302274881147
Amanda,the-stripe-jersey-top#Pink,batty-about-you-cotton-tee#BlkWhite,random,0.6824536190227332
Amanda,the-stripe-tank-1#Hazelnut,cara-tee-2#WhiteBlk,hard,0.3372964027523735
Amanda,the-stripe-tank-1#Hazelnut,karmen-top#HighRiskRe,semi-hard,0.44723274144043307
Amanda,the-stripe-tank-1#Hazelnut,sugar-snaps-layers-tank#DeepCobalt,random,0.6551646978070192
Amanda,the-striped-top#BlueStripe,long-sleeve-tee-2#NavyWhite,hard,0.29242928290348624
Amanda,the-striped-top#BlueStripe,baobab-sweater#Bark,semi-hard,0.559271840432018
Amanda,the-striped-top#BlueStripe,sugar-snaps-layers-tank#Blue,random,0.6551646978070192
Amanda,the-swing-tank-top#Rose,forget-me-knot-tunic#ForgetMeK,hard,0.19491856760098122
Amanda,the-swing-tank-top#Rose,the-excess-shirt#Pearl,semi-hard,0.47196861264620193
Amanda,the-swing-tank-top#Rose,yvette-blouse#Black,random,0.7196042260607076
Amanda,the-tie-detail-hoody#FrenchBlue,cherrington-top#GreyRose,hard,0.35120208339020864
Amanda,the-tie-detail-hoody#FrenchBlue,malibu-cardigan#Wine,semi-hard,0.47923532325308393
Amanda,the-tie-detail-hoody#FrenchBlue,grace-oversized-knit#Clay,random,0.6731915611386495
Amanda,the-tie-detail-hoody#Pink,monaco-knot-top#ClaySpot,hard,0.21335737045111522
Amanda,the-tie-detail-hoody#Pink,foil-spot-jumper#SilverDot,semi-hard,0.47887457148540025
Amanda,the-tie-detail-hoody#Pink,the-flutter-sleeve-top#Denim,random,0.6226374009232646
Amanda,the-tie-front-tank#Navy,nova-lux-long-sleeve-tie-top-1#SimplyGree,hard,0.39224052197855774
Amanda,the-tie-front-tank#Navy,frill-blouse#Rust,semi-hard,0.48952259866073344
Amanda,the-tie-front-tank#Navy,the-open-sleeve-blouse#Berry,random,0.597539477943442
Amanda,the-tie-front-tank#White,melbourne-stretch-cardigan#Black,hard,0.38831612774902596
Amanda,the-tie-front-tank#White,sequin-cross-2-in-1-top#Khaki,semi-hard,0.4393898030100347
Amanda,the-tie-front-tank#White,flow-with-me-slouch-top#Brick,random,1.090908957953894
Amanda,the-tie-layering-knit#Grey,leah-knit-cardigan#Black,hard,0.3255448326696801
Amanda,the-tie-layering-knit#Grey,belle-half-sleeve-forgiver-tunic#BlueBonnet,semi-hard,0.5388992781064628
Amanda,the-tie-layering-knit#Grey,tab-sleeve-longline-shirt#Navy,random,0.7400564137764274
Amanda,the-twist-hem-jumper#DenimMarle,layered-top-2#White,hard,0.3684962306315301
Amanda,the-twist-hem-jumper#DenimMarle,ember-knit#EmberGlow,semi-hard,0.5051197500867755
Amanda,the-twist-hem-jumper#DenimMarle,belle-v-neck-forgiver-tunic#Navy,random,0.569078113482756
Amanda,the-v-neck-stripe-top#BlkStripe,mila-knit-cardigan#InkWhite,hard,0.304477416939343
Amanda,the-v-neck-stripe-top#BlkStripe,sailaway-blouse#OxfordBlue,semi-hard,0.5405985489328898
Amanda,the-v-neck-stripe-top#BlkStripe,yvette-blouse#Black,random,0.7196042260607076
Amanda,the-v-split-blouse#Salmon,merino-boyfriend-cardigan#MelangeStr,hard,0.34452330066417325
Amanda,the-v-split-blouse#Salmon,2-in-1-layered-top-1#PinkWhite,semi-hard,0.530659350230816
Amanda,the-v-split-blouse#Salmon,the-textured-spot-top#Pink,random,0.6739018521190754
Amanda,the-weekender-shirt#DenimStrip,belle-cowl-swing-sweater#Black,hard,0.37246547508082795
Amanda,the-weekender-shirt#DenimStrip,aigli-top#White,semi-hard,0.4822276129153033
Amanda,the-weekender-shirt#DenimStrip,cross-my-heart-sweater#Regal,random,0.5747750663978253
Amanda,the-weekender-shirt#GreyStripe,cara-tee-2#WhiteBlk,hard,0.3372964027523735
Amanda,the-weekender-shirt#GreyStripe,the-wrap-jersey-top#PortSpot,semi-hard,0.42924877831901376
Amanda,the-weekender-shirt#GreyStripe,sky-shirt#Clouds,random,0.7849617213124345
Amanda,the-wrap-jersey-top-1#NavyStripe,nova-lux-long-sleeve-tie-top#AidaStripe,hard,0.39224052197855774
Amanda,the-wrap-jersey-top-1#NavyStripe,curve-hem-cable-knit-sweater-1#Sapphire,semi-hard,0.42901315216444563
Amanda,the-wrap-jersey-top-1#NavyStripe,delicado-top#White,random,0.8081180847786155
Amanda,the-zip-detail-jacket#Grey,34-sleeve-shirt-1#SkyWhite,hard,0.31845849794663994
Amanda,the-zip-detail-jacket#Grey,curve-hem-cable-knit-sweater-1#Sapphire,semi-hard,0.42901315216444563
Amanda,the-zip-detail-jacket#Grey,moonlight-kisses-bamboo-tee#Combat,random,0.603406569192189
Amanda,the-zip-front-blouse#Khaki,falling-for-you-cardi#Navy,hard,0.34831460674157305
Amanda,the-zip-front-blouse#Khaki,capri-tank-6#Olive,semi-hard,0.43220255529252094
Amanda,the-zip-front-blouse#Khaki,moonlight-kisses-bamboo-tee#Saffron,random,0.603406569192189
Amanda,the-zip-front-blouse#Navy,double-layered-top-1#WSilver,hard,0.36709173624950764
Amanda,the-zip-front-blouse#Navy,fundamental-rib-long-sleeve-tee#White,semi-hard,0.46491347807604255
Amanda,the-zip-front-blouse#Navy,sugar-snaps-round-neck-layer-tank#White,random,0.6956010709452476
Amanda,the-zip-front-top#Blue,monaco-knot-top#Black,hard,0.21335737045111522
Amanda,the-zip-front-top#Blue,bertie-top#Black,semi-hard,0.41284773545390374
Amanda,the-zip-front-top#Blue,the-cut-out-shoulder-blouse#Salmon,random,0.6083279058067385
Amanda,the-zip-front-top#Rose,ynes#Black,hard,0.32569985842930627
Amanda,the-zip-front-top#Rose,elcos-45-aop-top-jrs#BlackZigZa,semi-hard,0.43822808481761555
Amanda,the-zip-front-top#Rose,the-reverse-sleeve-sweater#Navy,random,0.6223923497225137
Anna,aigli-top#Navy,york-linen-blend-long-cardigan#BurntOrang,hard,0.35398526077097503
Anna,aigli-top#Navy,messina-v-neck-tee#White,semi-hard,0.4418537414965986
Anna,aigli-top#Navy,the-shoulder-tie-top#Navy,random,0.647389455782313
Anna,aigli-top#White,nova-lux-long-sleeve-tie-top-1#CloudDance,hard,0.3434240362811791
Anna,aigli-top#White,layered-tunic-1#Natural,semi-hard,0.3873922902494331
Anna,aigli-top#White,softly-swinging-bamboo-tee#Chambray,random,0.549438775510204
Anna,bella-ls-tee#GreenWhite,cara-tee-2#BlackSpot,hard,0.3073469387755102
Anna,bella-ls-tee#GreenWhite,star-and-spot-sweater#SilverMult,semi-hard,0.47175736961451253
Anna,bella-ls-tee#GreenWhite,belle-satin-shirt#Black,random,0.6132879818594105
Anna,belle-half-sleeve-forgiver-tunic#Apricot,back-to-you-top#Rust,hard,0.25386054421768706
Anna,belle-half-sleeve-forgiver-tunic#Apricot,kimono-and-me-cardi#Sand,semi-hard,0.4729280045351474
Anna,belle-half-sleeve-forgiver-tunic#Apricot,billow-top#Peach,random,0.7943934240362812
Anna,belle-half-sleeve-forgiver-tunic#Black,ynes#Black,hard,0.3178344671201814
Anna,belle-half-sleeve-forgiver-tunic#Black,to-the-beat-of-the-drum-kimono#Leaf,semi-hard,0.5212471655328799
Anna,belle-half-sleeve-forgiver-tunic#Black,the-tie-detail-hoody#Pink,random,0.5976190476190476
Anna,belle-half-sleeve-forgiver-tunic#BlueBonnet,roll-neck-jumper-3#GreyMarl,hard,0.3028004535147392
Anna,belle-half-sleeve-forgiver-tunic#BlueBonnet,fundamental-rib-long-sleeve-tee#Black,semi-hard,0.41329931972789113
Anna,belle-half-sleeve-forgiver-tunic#BlueBonnet,love-song-relaxed-blouse#SagePearl,random,0.6211451247165534
Anna,belle-half-sleeve-forgiver-tunic#FlamPink,hannah-tee-1#RedWhite,hard,0.3225963718820861
Anna,belle-half-sleeve-forgiver-tunic#FlamPink,collared-shirt-1#White,semi-hard,0.3790702947845805
Anna,belle-half-sleeve-forgiver-tunic#FlamPink,meredith-78-oversized-pullover-knit#WhiteCapGr,random,0.9700529100529102
Anna,belle-half-sleeve-forgiver-tunic#MutedClay,mila-knit-cardigan#Black,hard,0.2579365079365079
Anna,belle-half-sleeve-forgiver-tunic#MutedClay,the-printed-side-ring-detail-blouse#Block,semi-hard,0.4561082766439909
Anna,belle-half-sleeve-forgiver-tunic#MutedClay,the-boat-neck-top-1#Ink,random,0.5829195011337869
Anna,belle-half-sleeve-forgiver-tunic#White,suri-bell-sleeve-top#GreyMarle,hard,0.35090136054421767
Anna,belle-half-sleeve-forgiver-tunic#White,the-cotton-cardi#Khaki,semi-hard,0.4733333333333334
Anna,belle-half-sleeve-forgiver-tunic#White,long-sleeve-softly-swinging-bamboo-tee#White,random,0.5353259637188208
Anna,layer-top-1#Navy,monaco-knot-top#Black,hard,0.21922902494331065
Anna,layer-top-1#Navy,elcos-45-aop-top-jrs#BlackFlowe,semi-hard,0.39044217687074834
Anna,layer-top-1#Navy,the-cross-front-spot-blouse#NavySpot,random,0.7206320861678004
Anna,layered-tee-2#Black,fundamental-vee-tee#Black,hard,0.3461451247165533
Anna,layered-tee-2#Black,the-side-ring-detail-blouse-1#Black,semi-hard,0.4561082766439909
Anna,layered-tee-2#Black,the-box-top#Blush,random,0.6280725623582767
Anna,layered-tee-2#White,printed-v-neck-blouse#NavyWhite,hard,0.3297392290249433
Anna,layered-tee-2#White,natural-extra-fine-sweater#Snowgum,semi-hard,0.44850340136054423
Anna,layered-tee-2#White,long-sleeve-check-top#Check,random,0.6154761904761905
Anna,linen-v-neck-cami-2#BlueWhite,faith-jumper#Eventide,hard,0.2977664399092971
Anna,linen-v-neck-cami-2#BlueWhite,tie-back-bell-sleeve-top-5#Summerbud,semi-hard,0.44876417233560095
Anna,linen-v-neck-cami-2#BlueWhite,butterfly-kisses-tee#MustardStr,random,0.5802380952380952
Anna,melbourne-stretch-cardigan#Black,westward-top#BotanicalD,hard,0.34152494331065764
Anna,melbourne-stretch-cardigan#Black,midtown-ruffle-shirt#BoldRed,semi-hard,0.48114512471655335
Anna,melbourne-stretch-cardigan#Black,weekend-vibes-blouse#Blush,random,0.6803146258503401
Anna,melbourne-stretch-cardigan#Navy,faith-jumper#Eventide,hard,0.2977664399092971
Anna,melbourne-stretch-cardigan#Navy,ryder-cosy-sweater#Blossom,semi-hard,0.4283049886621315
Anna,melbourne-stretch-cardigan#Navy,the-asymmetrical-tank-top#Indigo,random,0.6012216553287982
Anna,melbourne-stretch-cardigan#NavyWhtStr,york-linen-blend-top#BurntOrang,hard,0.32412698412698415
Anna,melbourne-stretch-cardigan#NavyWhtStr,wellington-tee#ClaySpot,semi-hard,0.5026757369614513
Anna,melbourne-stretch-cardigan#NavyWhtStr,long-sleeve-softly-swinging-bamboo-tee#SilverScon,random,0.5353259637188208
Anna,milan-stretch-top#Black,robyn-top-1#Roanne,hard,0.35428571428571426
Anna,milan-stretch-top#Black,jade-kimono-sweet-blossoms#Blue,semi-hard,0.5180498866213151
Anna,milan-stretch-top#Black,open-plains-kimono-throw-1#Rust,random,0.9941836734693879
Anna,milan-stretch-top#Navy,leah-knit-cardigan#WhiteBlk,hard,0.2769160997732426
Anna,milan-stretch-top#Navy,natural-extra-fine-sweater#Snowgum,semi-hard,0.44850340136054423
Anna,milan-stretch-top#Navy,anna-top#Leona,random,0.6264569160997733
Anna,milan-stretch-top#NavyWhtStr,mila-knit-cardigan#InkWhite,hard,0.2579365079365079
Anna,milan-stretch-top#NavyWhtStr,malibu-cardigan#Wine,semi-hard,0.4207879818594104
Anna,milan-stretch-top#NavyWhtStr,long-sleeve-softly-swinging-bamboo-tee#Storm,random,0.5353259637188208
Anna,milan-stretch-top#SilverMarl,back-to-you-top#Rust,hard,0.25386054421768706
Anna,milan-stretch-top#SilverMarl,the-panel-hem-top#DenimMarle,semi-hard,0.4510090702947846
Anna,milan-stretch-top#SilverMarl,first-love-kimono-jacket#Stone,random,0.5841836734693877
Anna,milan-stretch-top#White,glasgow-top#Melange,hard,0.23098072562358277
Anna,milan-stretch-top#White,belle-v-neck-forgiver-tunic#DenimMarl,semi-hard,0.5103259637188209
Anna,milan-stretch-top#White,long-sleeve-ruffle-shirt#White,random,0.5489965986394558
Anna,paradise-top#Red,manhattan-stretch-tee#NavyWhtStr,hard,0.27165532879818594
Anna,paradise-top#Red,fluid-tunic-top#White,semi-hard,0.3976133786848073
Anna,paradise-top#Red,layer-me-cotton-candy-top#Cream,random,0.6198696145124716
Anna,the-batwing-tee#Black,starry-night-cardi#Chalk,hard,0.35904761904761906
Anna,the-batwing-tee#Black,rib-tank-2#Red,semi-hard,0.36472222222222217
Anna,the-batwing-tee#Black,the-layered-cross-over-top#Black,random,0.5497080498866214
Anna,the-batwing-tee#FrenchBlue,drapey-stripe-tee#Navy,hard,0.28942743764172335
Anna,the-batwing-tee#FrenchBlue,capri-tank-6#Olive,semi-hard,0.3797902494331066
Anna,the-batwing-tee#FrenchBlue,long-sleeve-softly-swinging-bamboo-tee#SilverScon,random,0.5353259637188208
Anna,the-batwing-tee#Sea,york-linen-blend-long-cardigan#BurntOrang,hard,0.35398526077097503
Anna,the-batwing-tee#Sea,the-cross-over-poncho#Grey,semi-hard,0.39440192743764174
Anna,the-batwing-tee#Sea,belle-ls-free-fall-tee#Airforce,random,0.6542403628117914
Anna,the-batwing-tee#Stone,suri-bell-sleeve-top#GreyMarle,hard,0.35090136054421767
Anna,the-batwing-tee#Stone,walk-in-the-park-cardi#Sand,semi-hard,0.4972486772486773
Anna,the-batwing-tee#Stone,half-sleeve-fluffy-knit#Ivory,random,0.5358616780045351
Anna,the-cotton-bamboo-tank#Chambray,aztec-cardigan#BlackIvory,hard,0.2932624716553288
Anna,the-cotton-bamboo-tank#Chambray,layer-me-bamboo-rouched-sleeve-tee#White,semi-hard,0.3649914965986395
Anna,the-cotton-bamboo-tank#Chambray,belle-mesh-cardi#Black,random,0.8315608465608465
Anna,the-cotton-bamboo-tank#DarkNavy,cara-tee-4#White,hard,0.3111621315192744
Anna,the-cotton-bamboo-tank#DarkNavy,layered-stripe-top#PinkStripe,semi-hard,0.5347392290249433
Anna,the-cotton-bamboo-tank#DarkNavy,abigail-stripe-shirt#BlackStrip,random,0.5945124716553288
Anna,the-cotton-bamboo-tank#DuckEgg,layered-top-2#Navy,hard,0.3192630385487528
Anna,the-cotton-bamboo-tank#DuckEgg,napoleon-top-1#NemoRed,semi-hard,0.369359410430839
Anna,the-cotton-bamboo-tank#DuckEgg,the-soft-overlay-top#Pink,random,0.9825198412698413
Anna,the-cotton-bamboo-tank#Moonbeam,fundamental-vee-tee#White,hard,0.3461451247165533
Anna,the-cotton-bamboo-tank#Moonbeam,you-at-my-shoulder-tunic#Black,semi-hard,0.4519047619047619
Anna,the-cotton-bamboo-tank#Moonbeam,jasmine-singlet#White,random,0.5653968253968253
Anna,the-cotton-bamboo-tank#White,the-panel-luxe-top#BlkWhite,hard,0.3077154195011338
Anna,the-cotton-bamboo-tank#White,arya-frilled-blouse#Oyster,semi-hard,0.4358673469387755
Anna,the-cotton-bamboo-tank#White,the-print-contrast-34-sleeve-top#Animal,random,0.7078798185941043
Anna,the-cotton-bamboo-tee#BlueJeans,meadow-cardigan#Cream,hard,0.28308390022675733
Anna,the-cotton-bamboo-tee#BlueJeans,the-cotton-cardi#Khaki,semi-hard,0.4733333333333334
Anna,the-cotton-bamboo-tee#BlueJeans,relaxed-cape#Black,random,0.7183068783068783
Anna,the-cotton-bamboo-tee#DuckEgg,natural-classic-cardigan#Pebble,hard,0.2694784580498866
Anna,the-cotton-bamboo-tee#DuckEgg,wellington-tee#ClaySpot,semi-hard,0.5026757369614513
Anna,the-cotton-bamboo-tee#DuckEgg,aldis-blouse#Pearl,random,0.6189569160997732
Anna,the-cotton-bamboo-tee#DustyPink,leary-cardigan#Pine,hard,0.2701814058956916
Anna,the-cotton-bamboo-tee#DustyPink,paradising-buttoned-shirt#Wheat,semi-hard,0.36219954648526076
Anna,the-cotton-bamboo-tee#DustyPink,bodega-knit#Moss,random,0.7721995464852608
Anna,the-cotton-bamboo-tee#White,the-wrap-jersey-top-1#NavyStripe,hard,0.34956916099773244
Anna,the-cotton-bamboo-tee#White,napoleon-top-1#NemoRed,semi-hard,0.369359410430839
Anna,the-cotton-bamboo-tee#White,skipping-stones-tunic#Forest,random,0.625796485260771
Anna,the-cross-over-blouse#Black,analia-top#White,hard,0.2452607709750567
Anna,the-cross-over-blouse#Black,layer-me-bamboo-rouched-sleeve-tee#Copper,semi-hard,0.3649914965986395
Anna,the-cross-over-blouse#Black,the-cotton-bamboo-ls-top#NavyStripe,random,0.5384807256235827
Anna,the-cross-over-blouse#Blue,capri-tank-3#NavyStripe,hard,0.35403061224489796
Anna,the-cross-over-blouse#Blue,jewel-knit#GreyMarle,semi-hard,0.45197278911564626
Anna,the-cross-over-blouse#Blue,striped-sleeve-sweater#Striped,random,1.0555555555555556
Anna,the-cross-over-blouse#Mint,nova-lux-long-sleeve-tie-top#AidaStripe,hard,0.3434240362811791
Anna,the-cross-over-blouse#Mint,soft-and-true-tunic#Pine,semi-hard,0.49549603174603174
Anna,the-cross-over-blouse#Mint,sunshine-in-me-tee-1#White,random,0.5473809523809523
Anna,the-cross-over-blouse#Red,cara-tee-2#BlackSpot,hard,0.3073469387755102
Anna,the-cross-over-blouse#Red,fundamental-split-hoodie#Pink,semi-hard,0.45760770975056686
Anna,the-cross-over-blouse#Red,the-shoulder-tie-top#Black,random,0.647389455782313
Anna,the-cross-over-blouse#RoyalBlue,mila-knit-cardigan#InkWhite,hard,0.2579365079365079
Anna,the-cross-over-blouse#RoyalBlue,st-helens-henley-tee#Sapphire,semi-hard,0.3614512471655329
Anna,the-cross-over-blouse#RoyalBlue,belle-deep-v-mesh-top#Black,random,0.6521485260770975
Anna,the-cross-over-blouse#Silver,long-sleeve-tee-2#NavyWhite,hard,0.24814058956916096
Anna,the-cross-over-blouse#Silver,belle-tie-neck-blouse-tee#RoyalBlue,semi-hard,0.5308900226757369
Anna,the-cross-over-blouse#Silver,paint-stroke-top#Strokes,random,0.5871655328798187
Anna,the-cross-over-blouse#Sunshine,capri-tank-3#Navy,hard,0.35403061224489796
Anna,the-cross-over-blouse#Sunshine,mixed-messages-jumper#MixedStrip,semi-hard,0.43243386243386245
Anna,the-cross-over-blouse#Sunshine,the-tie-detail-hoody#Pink,random,0.5976190476190476
Anna,the-cross-over-blouse#White,tutti-frutti-drop-shoulder-tee#Orange,hard,0.34165532879818594
Anna,the-cross-over-blouse#White,to-the-beat-of-the-drum-kimono#Leaf,semi-hard,0.5212471655328799
Anna,the-cross-over-blouse#White,cross-over-top-with-pocket#NavyMustrd,random,0.5544501133786848
Anna,the-cut-out-shoulder-blouse#Black,the-panel-luxe-top#BlkWhite,hard,0.3077154195011338
Anna,the-cut-out-shoulder-blouse#Black,capri-tank-6#ClaySpot,semi-hard,0.3797902494331066
Anna,the-cut-out-shoulder-blouse#Black,the-bell-sleeve-top#Grey,random,0.6723015873015873
Anna,the-cut-out-shoulder-blouse#Blue,falling-for-you-cardi#Rust,hard,0.33714285714285713
Anna,the-cut-out-shoulder-blouse#Blue,seeker-knot-front-shirt#Olive,semi-hard,0.382312925170068
Anna,the-cut-out-shoulder-blouse#Blue,long-sleeve-spot-top#Multispot,random,0.7754421768707482
Anna,the-cut-out-shoulder-blouse#Clay,button-through-animal-shirt#Animal,hard,0.35839002267573694
Anna,the-cut-out-shoulder-blouse#Clay,the-twist-hem-jumper#DenimMarle,semi-hard,0.5195238095238095
Anna,the-cut-out-shoulder-blouse#Clay,the-stripe-button-through-top#Coral,random,0.7137641723356009
Anna,the-cut-out-shoulder-blouse#Salmon,reversible-stripe-vee-scoop-neck-tank#BlackWhite,hard,0.3393424036281179
Anna,the-cut-out-shoulder-blouse#Salmon,rose-shirt#BlueIllusi,semi-hard,0.4089512471655329
Anna,the-cut-out-shoulder-blouse#Salmon,pattern-tunic-1#Lattice,random,0.9711054421768708
Anna,the-cut-out-shoulder-blouse#Silver,cable-knit-sweater#Camel,hard,0.2841496598639456
Anna,the-cut-out-shoulder-blouse#Silver,luxe-shirt#Black,semi-hard,0.45356009070294784
Anna,the-cut-out-shoulder-blouse#Silver,cotton-candy-side-split-top#IceBlue,random,0.6773299319727891
Anna,the-cut-out-shoulder-blouse#White,nova-lux-long-sleeve-tie-top#AidaStripe,hard,0.3434240362811791
Anna,the-cut-out-shoulder-blouse#White,clara-blouse#DarkFloral,semi-hard,0.41397959183673466
Anna,the-cut-out-shoulder-blouse#White,the-tie-detail-hoody#FrenchBlue,random,0.5976190476190476
Anna,the-drape-tee-1#Black,cara-tee-4#Black,hard,0.3111621315192744
Anna,the-drape-tee-1#Black,malibu-cardigan#Navy,semi-hard,0.4207879818594104
Anna,the-drape-tee-1#Black,the-cosy-cardigan#Grey,random,0.585952380952381
Anna,the-drape-tee-1#Navy,nova-lux-solid-v-neck-placket-shirt#CloudDance,hard,0.35386621315192746
Anna,the-drape-tee-1#Navy,circles-knit#Plum,semi-hard,0.3978968253968254
Anna,the-drape-tee-1#Navy,ivy-cosy-pullover#Storm,random,0.6005725623582766
Anna,the-drape-tee-1#NavyStripe,mila-knit-cardigan#Black,hard,0.2579365079365079
Anna,the-drape-tee-1#NavyStripe,llama-long-sleeve-shirt#Mustard,semi-hard,0.4976190476190476
Anna,the-drape-tee-1#NavyStripe,relaxed-cape#WhiteBlack,random,0.7183068783068783
Anna,the-drape-tee-1#Stripe,hayley-button-down#NavySparro,hard,0.3121768707482993
Anna,the-drape-tee-1#Stripe,napoleon-top-1#NemoRed,semi-hard,0.369359410430839
Anna,the-drape-tee-1#Stripe,long-sleeve-ruffle-shirt#Black,random,0.5489965986394558
Anna,the-drape-tee-1#White,high-street-knit#NavyStripe,hard,0.2716666666666666
Anna,the-drape-tee-1#White,maui-stretch-tee#Navy,semi-hard,0.3810544217687075
Anna,the-drape-tee-1#White,the-contrast-panel-top#SageStripe,random,0.5652380952380953
Anna,the-everyday-shirt#Black,cara-tee-3#ZebraPrint,hard,0.3125907029478458
Anna,the-everyday-shirt#Black,celestial-woven-top#White,semi-hard,0.4628061224489796
Anna,the-everyday-shirt#Black,the-daily-essential-jumper#Grey,random,0.6777777777777777
Anna,the-everyday-shirt#Cream,capri-tank-3#NavyStripe,hard,0.35403061224489796
Anna,the-everyday-shirt#Cream,heartmade-sweater#Rust,semi-hard,0.49732426303854876
Anna,the-everyday-shirt#Cream,grace-oversized-knit#InkWhite,random,0.6075396825396826
Anna,the-everyday-shirt#Midnight,lake-house-top#CoalPrint,hard,0.2927947845804989
Anna,the-everyday-shirt#Midnight,foil-striped-2-in-1-top#Blue,semi-hard,0.5182539682539682
Anna,the-everyday-shirt#Midnight,long-sleeve-softly-swinging-bamboo-tee#SilverScon,random,0.5353259637188208
Anna,the-everyday-shirt#Pink,soho-v-neck-blouse#SohoPrint,hard,0.33740740740740743
Anna,the-everyday-shirt#Pink,fundamental-sydney-crew#GreyMarle,semi-hard,0.45460884353741493
Anna,the-everyday-shirt#Pink,belle-satin-shirt#Black,random,0.6132879818594105
Anna,the-everyday-shirt#Rose,colourblock-cardi#NavyRed,hard,0.26589569160997734
Anna,the-everyday-shirt#Rose,janet-frill-shirt#White,semi-hard,0.4093310657596372
Anna,the-everyday-shirt#Rose,the-luxe-cotton-tunic#White,random,0.5852579365079364
Anna,the-half-sleeve-tee#Black,overlay-tunic-3-pce-set#Emerald,hard,0.22010204081632653
Anna,the-half-sleeve-tee#Black,fundamental-split-hoodie#Navy,semi-hard,0.45760770975056686
Anna,the-half-sleeve-tee#Black,the-box-top#Blush,random,0.6280725623582767
Anna,the-half-sleeve-tee#White,relaxed-v-neck-knit#Silver,hard,0.300578231292517
Anna,the-half-sleeve-tee#White,to-the-beat-of-the-drum-kimono#Leaf,semi-hard,0.5212471655328799
Anna,the-half-sleeve-tee#White,sequin-heart-layered-top#Natural,random,0.6046825396825397
Anna,the-long-sleeve-v-neck-tee#Black,ally-long-sleeve-tee#CosmosPr,hard,0.22929138321995463
Anna,the-long-sleeve-v-neck-tee#Black,layer-me-bamboo-rouched-sleeve-tee#White,semi-hard,0.3649914965986395
Anna,the-long-sleeve-v-neck-tee#Black,sugar-snaps-layers-tank#Black,random,0.5922108843537415
Anna,the-long-sleeve-v-neck-tee#Navy,bamboo-layer-tank#Chalk,hard,0.26327097505668934
Anna,the-long-sleeve-v-neck-tee#Navy,jade-kimono-sweet-blossoms#Blue,semi-hard,0.5180498866213151
Anna,the-long-sleeve-v-neck-tee#Navy,belle-lace-trim-tee#GreyMarle,random,0.7361366213151928
Anna,the-long-sleeve-v-neck-tee#White,tinker-stripe-knit#NavyWhite,hard,0.3563832199546485
Anna,the-long-sleeve-v-neck-tee#White,the-tie-front-top#Black,semi-hard,0.4526275510204082
Anna,the-long-sleeve-v-neck-tee#White,the-frill-detail-blouse#Chambray,random,0.6122647392290249
Anna,the-relaxed-long-sleeve-tee#Black,suri-bell-sleeve-top#GreyMarle,hard,0.35090136054421767
Anna,the-relaxed-long-sleeve-tee#Black,kimono-and-me-cardi#Sand,semi-hard,0.4729280045351474
Anna,the-relaxed-long-sleeve-tee#Black,the-tie-layering-knit#Grey,random,0.7588888888888888
Anna,the-relaxed-long-sleeve-tee#Khaki,magnolia-fields-keyhole-blouse#Magnolia,hard,0.26683673469387753
Anna,the-relaxed-long-sleeve-tee#Khaki,cover-up-slouch-cardi#Alloy,semi-hard,0.3897335600907029
Anna,the-relaxed-long-sleeve-tee#Khaki,the-cotton-bamboo-ls-top#NavyStripe,random,0.5384807256235827
Anna,the-relaxed-long-sleeve-tee#Navy,roll-neck-jumper-3#GreyMarl,hard,0.3028004535147392
Anna,the-relaxed-long-sleeve-tee#Navy,the-long-sleeve-scoop-neck-tee#Black,semi-hard,0.5059523809523809
Anna,the-relaxed-long-sleeve-tee#Navy,batty-about-you-cotton-tee#BlkWhite,random,0.6223866213151927
Anna,the-relaxed-long-sleeve-tee#Pink,dusk-top#DuskPrint,hard,0.31828231292517006
Anna,the-relaxed-long-sleeve-tee#Pink,block-sweater#Block,semi-hard,0.37804421768707486
Anna,the-relaxed-long-sleeve-tee#Pink,softly-swinging-bamboo-tee#Starfish,random,0.549438775510204
Anna,the-relaxed-long-sleeve-tee#White,the-reversible-cowl-neck-top-2#Ocean,hard,0.24276643990929708
Anna,the-relaxed-long-sleeve-tee#White,drama-top#BlackGrey,semi-hard,0.423985260770975
Anna,the-relaxed-long-sleeve-tee#White,belle-lace-trim-tee#GreyMarle,random,0.7361366213151928
Anna,the-roll-neck-sweater#Natural,lenka-lurex-stripe-blouse#NavyGoldSt,hard,0.33922902494331064
Anna,the-roll-neck-sweater#Natural,belle-v-neck-forgiver-tunic#BlueMarle,semi-hard,0.5103259637188209
Anna,the-roll-neck-sweater#Natural,butterfly-kisses-tee#Stripe,random,0.5802380952380952
Anna,the-short-sleeve-wrap-jersey-top#Black,paige-top#Black,hard,0.30002645502645503
Anna,the-short-sleeve-wrap-jersey-top#Black,the-weekender-shirt#GreyStripe,semi-hard,0.533015873015873
Anna,the-short-sleeve-wrap-jersey-top#Black,belle-tier-tee#Blue,random,0.6777295918367348
Anna,the-short-sleeve-wrap-jersey-top#Blue,falling-for-you-cardi#Black,hard,0.33714285714285713
Anna,the-short-sleeve-wrap-jersey-top#Blue,luxe-shirt#Champagne,semi-hard,0.45356009070294784
Anna,the-short-sleeve-wrap-jersey-top#Blue,sunshine-in-me-tee-1#White,random,0.5473809523809523
Anna,the-short-sleeve-wrap-jersey-top#Emerald,westward-top#BotanicalD,hard,0.34152494331065764
Anna,the-short-sleeve-wrap-jersey-top#Emerald,drama-top#BlackGrey,semi-hard,0.423985260770975
Anna,the-short-sleeve-wrap-jersey-top#Emerald,first-love-kimono-jacket#Stone,random,0.5841836734693877
Anna,the-short-sleeve-wrap-jersey-top#NavyWhite,falling-for-you-cardi-2#WinterRose,hard,0.33714285714285713
Anna,the-short-sleeve-wrap-jersey-top#NavyWhite,funnel-neck-knit-jumper#BlueMulti,semi-hard,0.44246031746031744
Anna,the-short-sleeve-wrap-jersey-top#NavyWhite,leopard-print-kimono#GoldMulti,random,0.5518367346938775
Anna,the-sleeveless-cross-over-blouse#Black,analia-jersey-top#Navy,hard,0.3519897959183673
Anna,the-sleeveless-cross-over-blouse#Black,belle-half-sleeve-boat-tee#White,semi-hard,0.42770124716553287
Anna,the-sleeveless-cross-over-blouse#Black,the-cross-front-spot-blouse#Spot,random,0.7206320861678004
Anna,the-sleeveless-cross-over-blouse#Chambray,cherrington-top#GreyRose,hard,0.3035430839002268
Anna,the-sleeveless-cross-over-blouse#Chambray,fundamental-rib-long-sleeve-tee#Black,semi-hard,0.41329931972789113
Anna,the-sleeveless-cross-over-blouse#Chambray,the-stripe-button-through-top#Coral,random,0.7137641723356009
Anna,the-sleeveless-cross-over-blouse#Cobalt,birds-tee-1#Navy,hard,0.3497675736961451
Anna,the-sleeveless-cross-over-blouse#Cobalt,fundamental-rib-long-sleeve-tee#White,semi-hard,0.41329931972789113
Anna,the-sleeveless-cross-over-blouse#Cobalt,abigail-stripe-shirt#BlackStrip,random,0.5945124716553288
Anna,the-sleeveless-cross-over-blouse#Mint,layered-top-2#White,hard,0.3192630385487528
Anna,the-sleeveless-cross-over-blouse#Mint,the-zip-detail-jacket#Grey,semi-hard,0.4838095238095238
Anna,the-sleeveless-cross-over-blouse#Mint,clio-knit-jumper#InkWhite,random,0.6133333333333333
Anna,the-sleeveless-cross-over-blouse#Salmon,falling-for-you-cardi#Mustard,hard,0.33714285714285713
Anna,the-sleeveless-cross-over-blouse#Salmon,belle-v-neck-forgiver-tunic#Scarlett,semi-hard,0.5103259637188209
Anna,the-sleeveless-cross-over-blouse#Salmon,sadie-crew#GreyMarle,random,0.5946485260770974
Anna,the-sleeveless-cross-over-blouse#Sunshine,fundamental-vee-tee#GreyMarle,hard,0.3461451247165533
Anna,the-sleeveless-cross-over-blouse#Sunshine,belle-v-neck-forgiver-tunic#BlueMarle,semi-hard,0.5103259637188209
Anna,the-sleeveless-cross-over-blouse#Sunshine,meredith-78-oversized-pullover-knit#WhiteCapGr,random,0.9700529100529102
Anna,the-sleeveless-cross-over-blouse#White,cara-tee-4#White,hard,0.3111621315192744
Anna,the-sleeveless-cross-over-blouse#White,belle-v-neck-forgiver-tunic#Charcoal,semi-hard,0.5103259637188209
Anna,the-sleeveless-cross-over-blouse#White,the-oversize-knit#GreyMarle,random,0.8628571428571428
Anna,the-wrap-jersey-top#Charcoal,capri-tank-3#Black,hard,0.35403061224489796
Anna,the-wrap-jersey-top#Charcoal,belle-tie-neck-blouse-tee#RoyalBlue,semi-hard,0.5308900226757369
Anna,the-wrap-jersey-top#Charcoal,sugar-snaps-layers-tank#NewBeige,random,0.5922108843537415
Anna,the-wrap-jersey-top#JetBlack,analia-jersey-top#Black,hard,0.3519897959183673
Anna,the-wrap-jersey-top#JetBlack,arya-frilled-blouse#Oyster,semi-hard,0.4358673469387755
Anna,the-wrap-jersey-top#JetBlack,oversize-contrast-hood-top#Steel,random,0.7891780045351474
Anna,the-wrap-jersey-top#NavyWhite,millie-top#Blush,hard,0.3445011337868481
Anna,the-wrap-jersey-top#NavyWhite,vivian-blouse#Check,semi-hard,0.3833333333333333
Anna,the-wrap-jersey-top#NavyWhite,softly-swinging-bamboo-tee#Starfish,random,0.549438775510204
Anna,the-wrap-jersey-top#PortSpot,multi-pattern-print-top#NavyMulti,hard,0.3323979591836735
Anna,the-wrap-jersey-top#PortSpot,the-boat-neck-top#Navy,semi-hard,0.3995946712018141
Anna,the-wrap-jersey-top#PortSpot,peasant-top-3#Denim,random,0.6861904761904761
Anna,waterfall-cardi-1#Black,nova-lux-long-sleeve-tie-top-1#SimplyGree,hard,0.3434240362811791
Anna,waterfall-cardi-1#Black,icing-sugar-top#Ivory,semi-hard,0.4542800453514739
Anna,waterfall-cardi-1#Black,messina-knit-1#Shiraz,random,0.7029195011337869
Anna,waterfall-cardi-1#Navy,double-layered-top-1#WSilver,hard,0.31722222222222224
Anna,waterfall-cardi-1#Navy,not-today-buttoned-cardigan#Almond,semi-hard,0.4576719576719577
Anna,waterfall-cardi-1#Navy,the-essential-pullover#SkyBlue,random,0.5586848072562358
Anna Maria,falling-for-you-cardi#Black,the-longline-cardi-1#Nude,hard,0.38755182007626143
Anna Maria,falling-for-you-cardi#Black,capri-tank-6#ClaySpot,semi-hard,0.45462958344417836
Anna Maria,falling-for-you-cardi#Black,skipping-stones-tunic#Forest,random,0.7202032483151548
Anna Maria,falling-for-you-cardi#Dusty,melbourne-stretch-cardigan#Black,hard,0.4103107403343088
Anna Maria,falling-for-you-cardi#Dusty,belle-half-sleeve-forgiver-tunic#MutedClay,semi-hard,0.5649112269442227
Anna Maria,falling-for-you-cardi#Dusty,long-sleeve-softly-swinging-bamboo-tee#Navy,random,0.6250272263234903
Anna Maria,falling-for-you-cardi#GreyMarle,melbourne-stretch-cardigan#NavyWhtStr,hard,0.4103107403343088
Anna Maria,falling-for-you-cardi#GreyMarle,kimono-and-me-cardi#Sand,semi-hard,0.5606466009355324
Anna Maria,falling-for-you-cardi#GreyMarle,long-sleeve-softly-swinging-bamboo-tee#Navy,random,0.6250272263234903
Anna Maria,falling-for-you-cardi#Khaki,ally-long-sleeve-tee#CosmosPr,hard,0.26956789815553783
Anna Maria,falling-for-you-cardi#Khaki,nature-ls-top#BlueGum,semi-hard,0.5410941518134256
Anna Maria,falling-for-you-cardi#Khaki,the-drape-tee-1#Navy,random,0.6680278442848274
Anna Maria,falling-for-you-cardi#Mustard,born-to-run-shirt-jacket#Leopard,hard,0.3734678438414472
Anna Maria,falling-for-you-cardi#Mustard,st-helens-henley-tee#White,semi-hard,0.4346751130619846
Anna Maria,falling-for-you-cardi#Mustard,the-cut-out-shoulder-blouse#Black,random,0.6364081759333157
Anna Maria,falling-for-you-cardi#Navy,belle-cowl-swing-sweater#Black,hard,0.3933804702048417
Anna Maria,falling-for-you-cardi#Navy,the-soft-knit-jumper#NavyStripe,semi-hard,0.5369779196594839
Anna Maria,falling-for-you-cardi#Navy,softly-swinging-bamboo-tee#Blush,random,0.6411684180189767
Anna Maria,falling-for-you-cardi#Port,leah-knit-cardigan#Black,hard,0.34757942050190654
Anna Maria,falling-for-you-cardi#Port,panelled-stripe-top#NavyWhite,semi-hard,0.5105183670302386
Anna Maria,falling-for-you-cardi#Port,crossing-the-plains-sweater-1#Indigo,random,0.6497614059590316
Anna Maria,falling-for-you-cardi#Rust,ricki-one-shoulder-top#BlackWhite,hard,0.337707141748692
Anna Maria,falling-for-you-cardi#Rust,bo-cosy-cardigan#Storm,semi-hard,0.48634291589075107
Anna Maria,falling-for-you-cardi#Rust,sugar-snaps-layers-tank#SeaGreen,random,0.6831606921166977
Anna Maria,falling-for-you-cardi#Teal,cara-tee-4#BlackWhite,hard,0.3799039250243859
Anna Maria,falling-for-you-cardi#Teal,the-relaxed-long-sleeve-tee-1#Ink%20Stripe,semi-hard,0.5432331848009222
Anna Maria,falling-for-you-cardi#Teal,the-luxe-long-sleeve-tee#GreyMarle,random,0.6373089769737815
Anna Maria,the-bell-sleeve-top#BlkStripe,faith-jumper#Eventide,hard,0.3202530593242884
Anna Maria,the-bell-sleeve-top#BlkStripe,bo-cosy-cardigan#Storm,semi-hard,0.48634291589075107
Anna Maria,the-bell-sleeve-top#BlkStripe,the-swing-tank-top#Rose,random,0.7810447980402591
Anna Maria,the-bell-sleeve-top#Grey,millie-top#Blush,hard,0.41492224217433715
Anna Maria,the-bell-sleeve-top#Grey,the-asymmetrical-hem-sweater#Blush,semi-hard,0.5650764092104874
Anna Maria,the-bell-sleeve-top#Grey,hem-frill-stripe-top#SoFrilled,random,0.6608805533386539
Anna Maria,the-belle-sleeve-print-top#NavyPrint,cyrus-top#LightRose,hard,0.42599150926664897
Anna Maria,the-belle-sleeve-print-top#NavyPrint,daisy-top-1#BrightBlue,semi-hard,0.5299783297862907
Anna Maria,the-belle-sleeve-print-top#NavyPrint,the-cross-over-blouse#Black,random,0.6586085062516627
Anna Maria,the-cross-over-top#GreyStripe,the-longline-cardi-1#GreyMarle,hard,0.38755182007626143
Anna Maria,the-cross-over-top#GreyStripe,chasing-birds-blouse#White,semi-hard,0.5818036711891461
Anna Maria,the-cross-over-top#GreyStripe,the-blouson-sleeve-jumper#Grey,random,0.6704852797729893
Anna Maria,the-cross-over-top#NavyStripe,back-to-you-top#Rust,hard,0.27481336459164674
Anna Maria,the-cross-over-top#NavyStripe,art-deco-print-top#NavyWhite,semi-hard,0.4861166533652567
Anna Maria,the-cross-over-top#NavyStripe,open-plains-kimono-throw-1#Rust,random,1.1159342577813247
Anna Maria,the-ruffle-sleeve-top#NavyStripe,relaxed-v-neck-knit#Silver,hard,0.3669637314888712
Anna Maria,the-ruffle-sleeve-top#NavyStripe,sequin-cross-2-in-1-top#Khaki,semi-hard,0.4632851988560787
Anna Maria,the-ruffle-sleeve-top#NavyStripe,the-tie-layering-knit#Grey,random,0.8413889997339719
Anna Maria,the-textured-spot-top#Pink,falling-for-you-cardi-2#WinterRose,hard,0.35195530726256985
Anna Maria,the-textured-spot-top#Pink,the-design-fold-tunic-top#PearlBlue,semi-hard,0.48647394401584343
Anna Maria,the-textured-spot-top#Pink,the-sleeveless-cross-over-blouse#Chambray,random,0.6225146454065797
Anna Maria,the-twist-front-top#Grey,nova-lux-solid-v-neck-placket-shirt#CloudDance,hard,0.42599150926664897
Anna Maria,the-twist-front-top#Grey,natural-cosy-sweater#Rosered,semi-hard,0.573290768821495
Anna Maria,the-twist-front-top#Grey,jasmine-singlet#White,random,0.6597263789128314
Anna Maria,the-twist-front-top#Navy,butterfly-blouse-1#Ivory,hard,0.3711236088942095
Anna Maria,the-twist-front-top#Navy,oregon-safari-embroidered-top#White,semi-hard,0.47607824554402767
Anna Maria,the-twist-front-top#Navy,the-oversized-cotton-blend-shirt#Navy,random,0.9497482431054358
Anneliese,paige-top#Black,sequin-spot-cardi#Grey,hard,0.414338061283286
Anneliese,paige-top#Black,the-wrap-jersey-top#PortSpot,semi-hard,0.4475301734782072
Anneliese,paige-top#Black,the-cut-out-shoulder-blouse#Salmon,random,0.6321819566201589
Anneliese,tracie-top#Black,fundamental-vee-tee#GreyMarle,hard,0.4141624994855332
Anneliese,tracie-top#Black,sequin-cross-2-in-1-top#Navy,semi-hard,0.4593529422356669
Anneliese,tracie-top#Black,the-cross-over-blouse#Mint,random,0.6539959923035765
Anneliese,tracie-top#Opal,melbourne-stretch-cardigan#Black,hard,0.4067874570420216
Anneliese,tracie-top#Opal,the-cross-over-poncho#Grey,semi-hard,0.4641138502181339
Anneliese,tracie-top#Opal,sky-shirt#Clouds,random,0.8115019343951928
Bree,belle-half-sleeve-forgiver-tunic#Apricot,fundamental-vee-tee#White,hard,0.27885160011328236
Bree,belle-half-sleeve-forgiver-tunic#Apricot,longline-cardigan-2#Pink,semi-hard,0.3363007017212625
Bree,belle-half-sleeve-forgiver-tunic#Apricot,long-sleeve-softly-swinging-bamboo-tee#Storm,random,0.4546357264231096
Bree,belle-half-sleeve-forgiver-tunic#Black,aztec-cardigan#Orange,hard,0.24116338619843292
Bree,belle-half-sleeve-forgiver-tunic#Black,daisy-top-1#BrightBlue,semi-hard,0.37583073727933547
Bree,belle-half-sleeve-forgiver-tunic#Black,the-oversized-cotton-blend-shirt#Sand,random,0.736709383555178
Bree,belle-half-sleeve-forgiver-tunic#BlueBonnet,relaxed-v-neck-knit#Silver,hard,0.2683753422071179
Bree,belle-half-sleeve-forgiver-tunic#BlueBonnet,the-cross-over-poncho#Grey,semi-hard,0.3217189417539885
Bree,belle-half-sleeve-forgiver-tunic#BlueBonnet,2-in-1-layered-knit-top#Khaki,random,0.4561420277541772
Bree,belle-half-sleeve-forgiver-tunic#FlamPink,eco-78-long-cardigan#DarkGreyM,hard,0.2428702917020674
Bree,belle-half-sleeve-forgiver-tunic#FlamPink,cotton-cashmere-v-neck-knit#Navy,semi-hard,0.3625684414235816
Bree,belle-half-sleeve-forgiver-tunic#FlamPink,sugar-snaps-layers-tank#Mint,random,0.5082259510997829
Bree,belle-half-sleeve-forgiver-tunic#MutedClay,the-short-sleeve-wrap-jersey-top#NavyWhite,hard,0.2537890588124233
Bree,belle-half-sleeve-forgiver-tunic#MutedClay,mauevewood-crew#Charcoal,semi-hard,0.39299773435287455
Bree,belle-half-sleeve-forgiver-tunic#MutedClay,woolly-spotted-hoodie#Navy,random,0.4725479089965071
Bree,belle-half-sleeve-forgiver-tunic#White,cara-tee-4#BlackWhite,hard,0.2506950344567167
Bree,belle-half-sleeve-forgiver-tunic#White,the-boat-neck-top#Black,semi-hard,0.44106190408760504
Bree,belle-half-sleeve-forgiver-tunic#White,the-bonded-cotton-tunic-dress#Navy,random,0.5315308458415935
Charlotte,natural-classic-cardigan#Pebble,arlo-cardigan#Navy,hard,0.33615999523975154
Charlotte,natural-classic-cardigan#Pebble,fundamental-sydney-crew#Navy,semi-hard,0.4804770461320219
Charlotte,natural-classic-cardigan#Pebble,moonlight-kisses-bamboo-tee#Black,random,0.571449684178148
Charlotte,natural-cosy-sweater#Rosered,cara-tee-3#Mustard,hard,0.3355963614055907
Charlotte,natural-cosy-sweater#Rosered,walk-in-the-park-cardi#Sand,semi-hard,0.5119306640546594
Charlotte,natural-cosy-sweater#Rosered,daylight-jumper#Silver,random,0.5629356546753124
Charlotte,natural-cropped-sleeve-knit#Cloudcover,falling-for-you-cardi#Khaki,hard,0.3136094674556213
Charlotte,natural-cropped-sleeve-knit#Cloudcover,waterfall-cardi-1#Black,semi-hard,0.4320236315602228
Charlotte,natural-cropped-sleeve-knit#Cloudcover,for-the-frill-top#Ivory,random,0.6593836494789238
Charlotte,natural-cross-back-knit#Lightsmoke,analia-jersey-top#Navy,hard,0.3774034549700266
Charlotte,natural-cross-back-knit#Lightsmoke,always-mine-v-neck-knit#Terracotta,semi-hard,0.446930848369684
Charlotte,natural-cross-back-knit#Lightsmoke,the-sleeveless-cross-over-blouse#Sunshine,random,0.5671986950064614
Charlotte,natural-crossover-knit-1#Stormcloud,saba-top-2#Catus,hard,0.3432242570399491
Charlotte,natural-crossover-knit-1#Stormcloud,art-deco-print-top#NavyWhite,semi-hard,0.43539069098191907
Charlotte,natural-crossover-knit-1#Stormcloud,falling-for-you-top#Blue,random,0.6864791208415055
Charlotte,natural-detailed-sweater#Tinroof,the-cotton-bamboo-tee#DuckEgg,hard,0.27548675083604346
Charlotte,natural-detailed-sweater#Tinroof,linen-v-neck-cami-2#BlueWhite,semi-hard,0.4326374718142616
Charlotte,natural-detailed-sweater#Tinroof,the-boat-neck-top-1#NavyWhite,random,0.6102787546761844
Charlotte,natural-extra-fine-sweater#Snowgum,nova-lux-long-sleeve-tie-top-1#SimplyGree,hard,0.36833945069288204
Charlotte,natural-extra-fine-sweater#Snowgum,the-stripe-jersey-top#Blue,semi-hard,0.4761209957776752
Charlotte,natural-extra-fine-sweater#Snowgum,the-linen-tie-sleeve-top#GreyMarle,random,0.6634391654448782
Charlotte,natural-overlay-knit#Greybloss,wildflower-shirt#White,hard,0.3488801275943419
Charlotte,natural-overlay-knit#Greybloss,frost-cardigan#Mauvewoo,semi-hard,0.48497046945252564
Charlotte,natural-overlay-knit#Greybloss,never-ending-winter-knit-top#DeluxeGree,random,0.7810754969448166
Charlotte,natural-pattern-cocoon-cardigan#Blossom,magnolia-fields-keyhole-blouse#Magnolia,hard,0.2898596348283397
Charlotte,natural-pattern-cocoon-cardigan#Blossom,the-relaxed-long-sleeve-tee#Khaki,semi-hard,0.4899763525694047
Charlotte,natural-pattern-cocoon-cardigan#Blossom,softly-swinging-bamboo-tee#Jewel,random,0.5843751745489181
Charlotte,natural-rolled-neck-tunic#BlueDam,the-short-sleeve-wrap-jersey-top#Blue,hard,0.33324740238836015
Charlotte,natural-rolled-neck-tunic#BlueDam,drama-top#BlackGrey,semi-hard,0.4479433507988006
Charlotte,natural-rolled-neck-tunic#BlueDam,print-tee-3#Bike,random,0.8259752070536855
Charlotte,natural-textured-poncho#Deeprain,monaco-knot-top#HeatheGrey,hard,0.22415924399415751
Charlotte,natural-textured-poncho#Deeprain,the-stripe-jersey-top#Blue,semi-hard,0.4761209957776752
Charlotte,natural-textured-poncho#Deeprain,the-open-sleeve-blouse#Berry,random,0.5668468831638713
Charlotte,natural-tie-tunic#BlueSky,drapey-stripe-tee#Navy,hard,0.3127769041878704
Charlotte,natural-tie-tunic#BlueSky,belle-twist-front-tee-1#Black,semi-hard,0.49649479064014634
Charlotte,natural-tie-tunic#BlueSky,softly-swinging-bamboo-tee#Storm,random,0.5843751745489181
Charlotte,natural-waterfall-cardigan#Fallendust,ynes#Black,hard,0.30013127481508284
Charlotte,natural-waterfall-cardigan#Fallendust,star-and-spot-sweater#SilverMult,semi-hard,0.49869242087122906
Charlotte,natural-waterfall-cardigan#Fallendust,the-bonded-cotton-shirt#Pink,random,0.6924311499211502
Chelsea,2-in-1-layered-knit-top#Khaki,bubbles-print-tee#Cambridge,hard,0.35012402621328564
Chelsea,2-in-1-layered-knit-top#Khaki,rory-spliced-zip-hoodie#Slate,semi-hard,0.3997915350738674
Chelsea,2-in-1-layered-knit-top#Khaki,the-daily-cross-over-top#SkyBlue,random,0.6058313155770783
Chelsea,2-in-1-layered-knit-top#Navy,nova-lux-long-sleeve-tie-top-1#CloudDance,hard,0.36572654577674846
Chelsea,2-in-1-layered-knit-top#Navy,viola-kimono-radiant-floral#Grey,semi-hard,0.5423728813559322
Chelsea,2-in-1-layered-knit-top#Navy,the-cotton-bamboo-tank#Chambray,random,0.5792756145383725
Chelsea,2-in-1-layered-knit-top#PalePink,relaxed-v-neck-knit#Silver,hard,0.32141870196862826
Chelsea,2-in-1-layered-knit-top#PalePink,the-sleeve-detail-knit#Ivory,semi-hard,0.5428319940110655
Chelsea,2-in-1-layered-knit-top#PalePink,long-sleeve-ruffle-shirt#Black,random,0.5757755202301997
Chelsea,2-in-1-layered-top-1#NavyWhite,button-through-animal-shirt#Animal,hard,0.3809858274555217
Chelsea,2-in-1-layered-top-1#NavyWhite,ryder-cosy-sweater#Blossom,semi-hard,0.45227348492823805
Chelsea,2-in-1-layered-top-1#NavyWhite,haze-swing-top#OffWhite,random,0.6917277842112036
Chelsea,2-in-1-layered-top-1#PinkWhite,cara-tee-4#BlackWhite,hard,0.3326879803137172
Chelsea,2-in-1-layered-top-1#PinkWhite,ditzy-floral-ruffle-blouse#DitzyFlora,semi-hard,0.45442996192581675
Chelsea,2-in-1-layered-top-1#PinkWhite,off-shoulder-top-1#Strawberry,random,0.6145032810471278
Chelsea,always-mine-v-neck-knit#Terracotta,monaco-knot-top#Black,hard,0.2273775529003053
Chelsea,always-mine-v-neck-knit#Terracotta,buttoned-top#Spotty,semi-hard,0.5512005649717514
Chelsea,always-mine-v-neck-knit#Terracotta,partly-cloudy-knit#Black,random,0.7126305692996925
Chelsea,ava-short-sleeve-linen-tee#Blush,the-batwing-tee#Sea,hard,0.3820058544174241
Chelsea,ava-short-sleeve-linen-tee#Blush,the-relaxed-long-sleeve-tee-1#Ink%20Stripe,semi-hard,0.4891222102326561
Chelsea,ava-short-sleeve-linen-tee#Blush,annabelle-sweater#Midnight,random,0.8736972312875039
Chelsea,ava-short-sleeve-linen-tee#Navy,analia-top#White,hard,0.26556194511702985
Chelsea,ava-short-sleeve-linen-tee#Navy,layered-tee-2#White,semi-hard,0.4488888084710671
Chelsea,ava-short-sleeve-linen-tee#Navy,skipping-stones-tunic#Natural,random,0.6554138374214831
Chelsea,bird-print-jumper#Navy,the-short-sleeve-wrap-jersey-top#NavyWhite,hard,0.33356663640032286
Chelsea,bird-print-jumper#Navy,rib-tank-2#Navy,semi-hard,0.38779082008632487
Chelsea,bird-print-jumper#Navy,beloved-stripe-pull-over-hoodie#NavyWhite,random,0.5703078394216935
Chelsea,cara-tee-2#BlackSpot,cara-tee-4#White,hard,0.3326879803137172
Chelsea,cara-tee-2#BlackSpot,natural-waterfall-cardigan#Fallendust,semi-hard,0.536723163841808
Chelsea,cara-tee-2#BlackSpot,the-stripe-crossover-blouse#Bluestripe,random,0.6634382566585957
Chelsea,cara-tee-2#Blush,dream-girl-ruffle-jumper#SoftPink,hard,0.3047365731480507
Chelsea,cara-tee-2#Blush,the-twist-hem-jumper#DenimMarle,semi-hard,0.5304765267688997
Chelsea,cara-tee-2#Blush,the-relaxed-batwing-top#PeachRose,random,0.8013014527845037
Chelsea,cara-tee-2#WhiteBlk,cable-knit-sweater#Camel,hard,0.30497398849001645
Chelsea,cara-tee-2#WhiteBlk,the-define-flute-sleeve-blouse#Black,semi-hard,0.5556752684493105
Chelsea,cara-tee-2#WhiteBlk,butterfly-kisses-tee#MustardStr,random,0.5826271186440678
Chelsea,cascade-hood-top#Black,falling-for-you-cardi-2#WinterRose,hard,0.3446327683615819
Chelsea,cascade-hood-top#Black,rise-top#Ink,semi-hard,0.44334491349966665
Chelsea,cascade-hood-top#Black,the-bell-sleeve-top#BlkStripe,random,0.7010036144155526
Chelsea,colourblock-cardi#NavyRed,overlay-tunic-3-pce-set#Emerald,hard,0.24171732989437483
Chelsea,colourblock-cardi#NavyRed,square-peg-pullover#SilverMix,semi-hard,0.3962226286977577
Chelsea,colourblock-cardi#NavyRed,billow-top#Black,random,0.8289792565884129
Chelsea,cotton-modal-print-top#PinkNavy,rika-top#BatikTile,hard,0.28109866828087166
Chelsea,cotton-modal-print-top#PinkNavy,layered-sleeve-top#Moss,semi-hard,0.5457704429413622
Chelsea,cotton-modal-print-top#PinkNavy,belle-ls-free-fall-tee#Greenland,random,0.683426106256799
Chelsea,cross-over-top-with-pocket#BlackWhite,belle-cowl-swing-sweater#Green,hard,0.3447440739376074
Chelsea,cross-over-top-with-pocket#BlackWhite,runaway-top#SoftMint,semi-hard,0.5199253430185634
Chelsea,cross-over-top-with-pocket#BlackWhite,cross-my-heart-sweater#Regal,random,0.5692324338234434
Chelsea,cross-over-top-with-pocket#Emerald,ally-long-sleeve-tee#CosmosPr,hard,0.23831181791065725
Chelsea,cross-over-top-with-pocket#Emerald,arizona-off-the-shoulder-top#Khaki,semi-hard,0.40070720163525986
Chelsea,cross-over-top-with-pocket#Emerald,the-sleeveless-cross-over-blouse#Sunshine,random,0.5644363332105133
Chelsea,cross-over-top-with-pocket#NavyMustrd,the-batwing-tee#FrenchBlue,hard,0.3820058544174241
Chelsea,cross-over-top-with-pocket#NavyMustrd,messina-v-neck-tee#White,semi-hard,0.46640052023019973
Chelsea,cross-over-top-with-pocket#NavyMustrd,long-sleeve-ruffle-shirt#Black,random,0.5757755202301997
Chelsea,daylight-cardi#Silver,faith-jumper#Eventide,hard,0.30790686300312314
Chelsea,daylight-cardi#Silver,silver-dot-tie-sleeve-blouse#SilverDotP,semi-hard,0.4067248306839316
Chelsea,daylight-cardi#Silver,print-tee-3#Boats,random,0.8123490338164251
Chelsea,daylight-jumper#Silver,fundamental-vee-tee#Black,hard,0.3687153472295329
Chelsea,daylight-jumper#Silver,rib-tank-2#Khaki,semi-hard,0.38779082008632487
Chelsea,daylight-jumper#Silver,the-cross-over-blouse#Silver,random,0.5974913477734498
Chelsea,drapey-stripe-tee#Navy,the-relax-blouse#White,hard,0.3532891071867214
Chelsea,drapey-stripe-tee#Navy,diva-ruffle-jumper#Gold%20Spot,semi-hard,0.45914153244201145
Chelsea,drapey-stripe-tee#Navy,butterfly-kisses-tee#Green,random,0.5826271186440678
Chelsea,falling-for-you-cardi#Black,cherrington-top#GreyRose,hard,0.32502050654454856
Chelsea,falling-for-you-cardi#Black,cotton-cashmere-v-neck-knit#Navy,semi-hard,0.4613106204161842
Chelsea,falling-for-you-cardi#Black,tab-sleeve-longline-shirt#Navy,random,0.6974999561357336
Chelsea,falling-for-you-cardi#Dusty,layered-top-2#White,hard,0.34127112064427834
Chelsea,falling-for-you-cardi#Dusty,the-panel-hem-top#DenimMarle,semi-hard,0.47460752447626064
Chelsea,falling-for-you-cardi#Dusty,the-stripe-crossover-blouse#Bluestripe,random,0.6634382566585957
Chelsea,falling-for-you-cardi#GreyMarle,fundamental-vee-tee#Navy,hard,0.3687153472295329
Chelsea,falling-for-you-cardi#GreyMarle,block-sweater#Block,semi-hard,0.40098957785030004
Chelsea,falling-for-you-cardi#GreyMarle,grace-oversized-knit#InkWhite,random,0.6371646576832649
Chelsea,falling-for-you-cardi#Khaki,nova-lux-long-sleeve-tie-top#AidaStripe,hard,0.36572654577674846
Chelsea,falling-for-you-cardi#Khaki,foil-spot-tee-1#Navy,semi-hard,0.43470913604940875
Chelsea,falling-for-you-cardi#Khaki,the-tie-layering-knit#Grey,random,0.7880010761366694
Chelsea,falling-for-you-cardi#Mustard,magnolia-fields-keyhole-blouse#Magnolia,hard,0.28694467838719867
Chelsea,falling-for-you-cardi#Mustard,maui-stretch-tee#White,semi-hard,0.39151050987823277
Chelsea,falling-for-you-cardi#Mustard,the-swing-tank-top#Rose,random,0.7120066914938414
Chelsea,falling-for-you-cardi#Navy,animal-button-up-shirt#KhakiPrint,hard,0.36618913101963946
Chelsea,falling-for-you-cardi#Navy,clovis-shirt#NavyGold,semi-hard,0.4199235884479068
Chelsea,falling-for-you-cardi#Navy,flow-with-me-slouch-top#Brick,random,1.0467472453240694
Chelsea,falling-for-you-cardi#Port,belle-cowl-swing-sweater#Black,hard,0.3447440739376074
Chelsea,falling-for-you-cardi#Port,maui-stretch-tee#White,semi-hard,0.39151050987823277
Chelsea,falling-for-you-cardi#Port,the-everyday-shirt#Cream,random,0.6615981506825279
Chelsea,falling-for-you-cardi#Rust,aztec-cardigan#BlackIvory,hard,0.31439054988244375
Chelsea,falling-for-you-cardi#Rust,out-of-my-mind-scallop-knit#GreyMarle,semi-hard,0.5619922711162578
Chelsea,falling-for-you-cardi#Rust,jasmine-singlet#White,random,0.5948926641400849
Chelsea,falling-for-you-cardi#Teal,long-sleeve-tee-2#NavyWhite,hard,0.26787962329368004
Chelsea,falling-for-you-cardi#Teal,the-weekender-shirt#DenimStrip,semi-hard,0.5453911084207694
Chelsea,falling-for-you-cardi#Teal,the-cotton-bamboo-tank#DuckEgg,random,0.5792756145383725
Chelsea,glasgow-top#Melange,the-long-sleeve-v-neck-tee#Black,hard,0.3113167614134821
Chelsea,glasgow-top#Melange,belle-half-sleeve-forgiver-tunic#Apricot,semi-hard,0.5087659994911745
Chelsea,glasgow-top#Melange,coil-print-hi-lo-shirt#White,random,0.6021209469417833
Chelsea,henson-jumper#Cream,the-long-sleeve-v-neck-tee#Black,hard,0.3113167614134821
Chelsea,henson-jumper#Cream,nuzuri-longline-cardi#Forest,semi-hard,0.47888081786386866
Chelsea,henson-jumper#Cream,long-sleeve-ruffle-shirt#Navy,random,0.5757755202301997
Chelsea,jersey-split-back-hooded-top#NavyStrip,saba-top-2#Catus,hard,0.3399974120082816
Chelsea,jersey-split-back-hooded-top#NavyStrip,softly-swinging-bamboo-singlet#BlueJean,semi-hard,0.5503197156718251
Chelsea,jersey-split-back-hooded-top#NavyStrip,open-plains-kimono-throw-1#Rust,random,1.0323444134470294
Chelsea,leah-knit-cardigan#Black,melbourne-stretch-cardigan#Black,hard,0.3651118977436221
Chelsea,leah-knit-cardigan#Black,falling-for-you-tunic#Black,semi-hard,0.49764476304523286
Chelsea,leah-knit-cardigan#Black,chasing-birds-blouse#White,random,0.579499596448749
Chelsea,leah-knit-cardigan#WhiteBlk,capri-tank-3#Navy,hard,0.3764886435414254
Chelsea,leah-knit-cardigan#WhiteBlk,fundamental-stripe-long-sleeve-tee#WhiteBlack,semi-hard,0.4014106748078745
Chelsea,leah-knit-cardigan#WhiteBlk,the-cross-over-top#GreyStripe,random,0.7006877916973716
Chelsea,luxe-shirt#Black,analia-jersey-top#Black,hard,0.3746348299821034
Chelsea,luxe-shirt#Black,tie-back-bell-sleeve-top-5#Summerbud,semi-hard,0.4724343242271116
Chelsea,luxe-shirt#Black,skipping-stones-tunic#Natural,random,0.6554138374214831
Chelsea,luxe-shirt#Champagne,fundamental-vee-tee#Navy,hard,0.3687153472295329
Chelsea,luxe-shirt#Champagne,in-transit-cardi#Navy,semi-hard,0.556584903674071
Chelsea,luxe-shirt#Champagne,the-sleeveless-cross-over-blouse#White,random,0.5644363332105133
Chelsea,luxe-shirt#Navy,the-longline-cardi-1#Nude,hard,0.33540619407306027
Chelsea,luxe-shirt#Navy,lucy-rib-oversized-top#WhiteGrey,semi-hard,0.45739628294206414
Chelsea,luxe-shirt#Navy,butterfly-kisses-tee#MustardStr,random,0.5826271186440678
Chelsea,malibu-cardigan#Navy,capri-tank-3#White,hard,0.3764886435414254
Chelsea,malibu-cardigan#Navy,seeker-knot-front-shirt#Olive,semi-hard,0.40513858914973505
Chelsea,malibu-cardigan#Navy,sadie-crew#GreyMarle,random,0.6046711057304278
Chelsea,malibu-cardigan#Wine,born-to-run-shirt-jacket#Leopard,hard,0.32643512913640027
Chelsea,malibu-cardigan#Wine,circles-knit#Plum,semi-hard,0.4215531459451872
Chelsea,malibu-cardigan#Wine,wonderlust-tee#BurntOran,random,0.68847104519774
Chelsea,milan-34-sleeve-1#Melange,reversible-scoopv-neck-tank#Navy,hard,0.3494885426536127
Chelsea,milan-34-sleeve-1#Melange,rib-tank-2#Navy,semi-hard,0.38779082008632487
Chelsea,milan-34-sleeve-1#Melange,softly-swinging-bamboo-tee#TeaRose,random,0.5775136417868548
Chelsea,millie-top#BlackSpot,cuddled-longline-cardigan#Sunflower,hard,0.3215853861810015
Chelsea,millie-top#BlackSpot,layered-sleeve-top#Moss,semi-hard,0.5457704429413622
Chelsea,millie-top#BlackSpot,sugar-snaps-layers-tank#NewBeige,random,0.6206072678703022
Chelsea,millie-top#Blush,the-panel-luxe-top#SilvWhite,hard,0.3289145567954521
Chelsea,millie-top#Blush,linen-cotton-shirt#White,semi-hard,0.5101710267747481
Chelsea,millie-top#Blush,the-stripe-button-through-top#Coral,random,0.725517890772128
Chelsea,millie-top#Moss,magnolia-fields-keyhole-blouse#Magnolia,hard,0.28694467838719867
Chelsea,millie-top#Moss,linen-cotton-shirt#White,semi-hard,0.5101710267747481
Chelsea,millie-top#Moss,beach-walk-shirt#Stormy,random,0.7889426957223566
Chelsea,millie-top#WhiteBlk,tinker-stripe-knit#NavyWhite,hard,0.3789050163175071
Chelsea,millie-top#WhiteBlk,foil-print-top-2#Navy,semi-hard,0.4428179939993684
Chelsea,millie-top#WhiteBlk,summer-haze-top#Teal,random,0.7152416811418746
Chelsea,natural-rolled-neck-tunic#BlueDam,natural-cropped-sleeve-knit#Cloudcover,hard,0.37273843153080444
Chelsea,natural-rolled-neck-tunic#BlueDam,juno-cardigan#GreyMarle,semi-hard,0.40751438747938373
Chelsea,natural-rolled-neck-tunic#BlueDam,the-cross-front-spot-blouse#Spot,random,0.751180771221532
Chelsea,oversize-contrast-hood-top#Steel,the-batwing-tee#FrenchBlue,hard,0.3820058544174241
Chelsea,oversize-contrast-hood-top#Steel,natural-overlay-knit#Greybloss,semi-hard,0.5467446865751951
Chelsea,oversize-contrast-hood-top#Steel,long-sleeve-spot-top#Multispot,random,0.7880094834543986
Chelsea,prickly-cactus-crew#Pink,high-street-knit#NavyStripe,hard,0.2924008448257711
Chelsea,prickly-cactus-crew#Pink,fundamental-sydney-crew#GreyMarle,semi-hard,0.47904932975400916
Chelsea,prickly-cactus-crew#Pink,belle-polka-dot-blouse#WhiteSpot,random,0.7556149002526582
Chelsea,printed-v-neck-blouse#NavyWhite,long-sleeve-tee-2#NavyWhite,hard,0.26787962329368004
Chelsea,printed-v-neck-blouse#NavyWhite,oregon-safari-embroidered-top#White,semi-hard,0.4235380040004211
Chelsea,printed-v-neck-blouse#NavyWhite,the-cotton-bamboo-tank#DuckEgg,random,0.5792756145383725
Chelsea,pure-merino-fine-rib-polo#BlackStri,cuddled-longline-cardigan#Sunflower,hard,0.3215853861810015
Chelsea,pure-merino-fine-rib-polo#BlackStri,indi-crosover-front-blouse#MixedStrip,semi-hard,0.4023172029804307
Chelsea,pure-merino-fine-rib-polo#BlackStri,softly-swinging-bamboo-tee#Copper,random,0.5775136417868548
Chelsea,pure-merino-fine-rib-v-neck#Charcoal,layer-me-bamboo-rouched-sleeve-tee#Black,hard,0.38697576718601956
Chelsea,pure-merino-fine-rib-v-neck#Charcoal,ember-knit#EmberGlow,semi-hard,0.47552319103765306
Chelsea,pure-merino-fine-rib-v-neck#Charcoal,the-twist-front-top#Navy,random,0.7431600987238424
Chelsea,relaxed-cape#Black,back-to-you-top#BlackMagic,hard,0.2638265650770256
Chelsea,relaxed-cape#Black,natural-tie-tunic#BlueSky,semi-hard,0.3954582938554936
Chelsea,relaxed-cape#Black,selene-cardigan#Ivy,random,0.870519265185809
Chelsea,relaxed-cape#WhiteBlack,paradising-buttoned-shirt#Wheat,hard,0.38461778871460156
Chelsea,relaxed-cape#WhiteBlack,rib-tank-2#Mustard,semi-hard,0.38779082008632487
Chelsea,relaxed-cape#WhiteBlack,lurex-stitch-top#White,random,0.5873353993402814
Chelsea,reversible-stripe-vee-scoop-neck-tank#BlackWhite,cara-tee-3#Mustard,hard,0.3341004096922483
Chelsea,reversible-stripe-vee-scoop-neck-tank#BlackWhite,the-long-sleeve-scoop-neck-tee#Grey,semi-hard,0.5083736884584342
Chelsea,reversible-stripe-vee-scoop-neck-tank#BlackWhite,sugar-snaps-throw-jacket#Black,random,0.7546227453767063
Chelsea,star-and-spot-sweater#SilverMult,monaco-knot-top#HeatheGrey,hard,0.2273775529003053
Chelsea,star-and-spot-sweater#SilverMult,knit-hoodie-1#Sage,semi-hard,0.40509527318665123
Chelsea,star-and-spot-sweater#SilverMult,the-sleeveless-cross-over-blouse#Cobalt,random,0.5644363332105133
Chelsea,the-contrast-34-sleeve-top#Navy,hannah-tee-1#Black,hard,0.3447013062778538
Chelsea,the-contrast-34-sleeve-top#Navy,frost-cardigan#Mauvewoo,semi-hard,0.4839275844825771
Chelsea,the-contrast-34-sleeve-top#Navy,the-box-top#Blush,random,0.6408057573311811
Chelsea,the-cotton-bamboo-ls-top#Black,the-uneven-hem-knit-1#Sage,hard,0.2883022774327122
Chelsea,the-cotton-bamboo-ls-top#Black,the-zip-front-top#Blue,semi-hard,0.5270362889076043
Chelsea,the-cotton-bamboo-ls-top#Black,be-mine-top-1#Sage,random,0.8212150986653567
Chelsea,the-cotton-bamboo-ls-top#NavyStripe,robyn-top-1#Roanne,hard,0.36359967715899916
Chelsea,the-cotton-bamboo-ls-top#NavyStripe,long-sleeve-softly-swinging-bamboo-tee#Storm,semi-hard,0.5629833293855493
Chelsea,the-cotton-bamboo-ls-top#NavyStripe,the-cross-front-spot-blouse#Spot,random,0.751180771221532
Chelsea,the-cotton-cardi#Khaki,analia-top#White,hard,0.26556194511702985
Chelsea,the-cotton-cardi#Khaki,foil-striped-2-in-1-top#Blue,semi-hard,0.5303924535916061
Chelsea,the-cotton-cardi#Khaki,rising-mist-jumper#Nickel,random,0.6666666666666666
Chelsea,the-cotton-cardi#Navy,falling-for-you-cardi-1#GreyGarden,hard,0.3446327683615819
Chelsea,the-cotton-cardi#Navy,elcos-45-aop-top-jrs#BlackFlowe,semi-hard,0.41318439221672454
Chelsea,the-cotton-cardi#Navy,the-boat-neck-top-1#Ink,random,0.6094747912060918
Chelsea,the-cross-over-poncho#Grey,aztec-cardigan#Orange,hard,0.31439054988244375
Chelsea,the-cross-over-poncho#Grey,the-wrap-jersey-top#PortSpot,semi-hard,0.40221366503491596
Chelsea,the-cross-over-poncho#Grey,crossing-the-plains-sweater-1#Indigo,random,0.6024318349299926
Chelsea,the-cross-over-poncho#Navy,mila-knit-cardigan#Clay,hard,0.2798556646313647
Chelsea,the-cross-over-poncho#Navy,first-mix-top-1#BlackWhite,semi-hard,0.4705115158320759
Chelsea,the-cross-over-poncho#Navy,long-sleeve-spot-top#Multispot,random,0.7880094834543986
Chelsea,the-daily-essential-jumper#Grey,nova-lux-long-sleeve-tie-top-1#NightSky,hard,0.36572654577674846
Chelsea,the-daily-essential-jumper#Grey,rose-shirt#BlueIllusi,semi-hard,0.43271386023090147
Chelsea,the-daily-essential-jumper#Grey,anna-top#Leona,random,0.6573498964803313
Chelsea,the-drape-tee-1#Black,tinker-stripe-knit#NavyWhite,hard,0.3789050163175071
Chelsea,the-drape-tee-1#Black,off-shoulder-top-2#FloraLace,semi-hard,0.5595238095238095
Chelsea,the-drape-tee-1#Black,the-cross-over-blouse#Mint,random,0.5974913477734498
Chelsea,the-drape-tee-1#Navy,meadow-cardigan#Cream,hard,0.3060387935572166
Chelsea,the-drape-tee-1#Navy,verona-patchwork-top#Patchwork,semi-hard,0.39677257693792334
Chelsea,the-drape-tee-1#Navy,the-spotted-tunic#GreySpot,random,0.7142796829490824
Chelsea,the-drape-tee-1#NavyStripe,dream-girl-ruffle-jumper#SoftPink,hard,0.3047365731480507
Chelsea,the-drape-tee-1#NavyStripe,layered-tee-2#White,semi-hard,0.4488888084710671
Chelsea,the-drape-tee-1#NavyStripe,sky-jumper-1#Clouds,random,0.6189714048847247
Chelsea,the-drape-tee-1#Stripe,elina-lace-frill-blouse#Black,hard,0.2691736191528933
Chelsea,the-drape-tee-1#Stripe,the-wrap-jersey-top#NavyWhite,semi-hard,0.40221366503491596
Chelsea,the-drape-tee-1#Stripe,anna-top#Leona,random,0.6573498964803313
Chelsea,the-drape-tee-1#White,the-panel-luxe-top#BlkWhite,hard,0.3289145567954521
Chelsea,the-drape-tee-1#White,raspberry-ls-tee#WhiteRaspb,semi-hard,0.443314756816507
Chelsea,the-drape-tee-1#White,the-belle-sleeve-print-top#NavyPrint,random,0.7292288077107533
Chelsea,the-flutter-sleeve-top#Denim,ricki-one-shoulder-top#BlackWhite,hard,0.2920022283047338
Chelsea,the-flutter-sleeve-top#Denim,belle-two-in-one-top#Charcoal,semi-hard,0.4592325507948205
Chelsea,the-flutter-sleeve-top#Denim,the-tie-detail-hoody#Pink,random,0.5998789346246973
Chelsea,the-flutter-sleeve-top#SnakePrint,the-short-sleeve-wrap-jersey-top#Emerald,hard,0.33356663640032286
Chelsea,the-flutter-sleeve-top#SnakePrint,knit-hoodie-1#Sage,semi-hard,0.40509527318665123
Chelsea,the-flutter-sleeve-top#SnakePrint,striped-sleeve-sweater#Striped,random,1.144927536231884
Chelsea,the-high-low-drape-tee#Grey,cable-knit-sweater#Camel,hard,0.30497398849001645
Chelsea,the-high-low-drape-tee#Grey,silver-cross-sweater#Silver,semi-hard,0.4163875802716075
Chelsea,the-high-low-drape-tee#Grey,tab-sleeve-longline-shirt#Silver,random,0.6974999561357336
Chelsea,the-high-low-drape-tee#Sage,dusk-top#DuskPrint,hard,0.3402573077867846
Chelsea,the-high-low-drape-tee#Sage,walk-in-the-park-cardi#Sand,semi-hard,0.5245113520721479
Chelsea,the-high-low-drape-tee#Sage,the-check-pullover#PinkCheck,random,1.019902040127031
Chelsea,the-lace-trim-top#Black,starry-night-cardi#Chalk,hard,0.36279257465698145
Chelsea,the-lace-trim-top#Black,nuzuri-longline-cardi#Forest,semi-hard,0.47888081786386866
Chelsea,the-lace-trim-top#Black,first-love-kimono-jacket#Stone,random,0.6004464285714286
Chelsea,the-lace-trim-top#Ivory,hannah-tee-1#RedWhite,hard,0.3447013062778538
Chelsea,the-lace-trim-top#Ivory,ponte-spot-top#BlackWhite,semi-hard,0.551212079341685
Chelsea,the-lace-trim-top#Ivory,the-stripe-tank-1#Hazelnut,random,0.644774011299435
Chelsea,the-oversized-cotton-blend-shirt#Navy,layered-top-2#White,hard,0.34127112064427834
Chelsea,the-oversized-cotton-blend-shirt#Navy,indi-crosover-front-blouse#MixedStrip,semi-hard,0.4023172029804307
Chelsea,the-oversized-cotton-blend-shirt#Navy,the-blouson-sleeve-jumper#Grey,random,0.6221707548162965
Chelsea,the-oversized-cotton-blend-shirt#Sand,melbourne-stretch-cardigan#Navy,hard,0.3651118977436221
Chelsea,the-oversized-cotton-blend-shirt#Sand,the-soft-knit-jumper#PinkStripe,semi-hard,0.5347054075867634
Chelsea,the-oversized-cotton-blend-shirt#Sand,print-tee-3#Music,random,0.8123490338164251
Chelsea,the-print-contrast-34-sleeve-top#Animal,wonderland-blouse#Ink,hard,0.3532754909873554
Chelsea,the-print-contrast-34-sleeve-top#Animal,belle-drape-tee#Black,semi-hard,0.5559513391760535
Chelsea,the-print-contrast-34-sleeve-top#Animal,moonlight-kisses-bamboo-tee#Combat,random,0.5668548991999158
Chelsea,the-reversible-cowl-neck-top-1#Black,hannah-tee-1#RedWhite,hard,0.3447013062778538
Chelsea,the-reversible-cowl-neck-top-1#Black,hacienda-tunic-5#PatchGold,semi-hard,0.4315711960908165
Chelsea,the-reversible-cowl-neck-top-1#Black,the-boat-neck-top-1#Ink,random,0.6094747912060918
Chelsea,the-reversible-cowl-neck-top-1#White,st-helens-henley-tee#Sapphire,hard,0.3843403472295329
Chelsea,the-reversible-cowl-neck-top-1#White,the-ruffle-sleeve-top#NavyStripe,semi-hard,0.5103410008071024
Chelsea,the-reversible-cowl-neck-top-1#White,fundamental-split-hoodie-1#Lilac,random,0.6231346720707442
Chelsea,the-reversible-cowl-neck-top-2#Ocean,st-helens-henley-tee#Sapphire,hard,0.3843403472295329
Chelsea,the-reversible-cowl-neck-top-2#Ocean,you-at-my-shoulder-tunic#Black,semi-hard,0.4558111380145279
Chelsea,the-reversible-cowl-neck-top-2#Ocean,meredith-78-oversized-pullover-knit#CameoRose,random,1.004269455264297
Chelsea,the-tie-front-top#Black,cable-knit-sweater#Camel,hard,0.30497398849001645
Chelsea,the-tie-front-top#Black,art-deco-print-top#NavyWhite,semi-hard,0.4343058589500649
Chelsea,the-tie-front-top#Black,the-shoulder-tie-top#Navy,random,0.6766430457592028
Chelsea,the-tie-front-top#Navy,the-batwing-tee#Black,hard,0.3820058544174241
Chelsea,the-tie-front-top#Navy,rory-spliced-zip-hoodie#Silver,semi-hard,0.3997915350738674
Chelsea,the-tie-front-top#Navy,belle-tier-tee#Blue,random,0.708351153191564
Chelsea,the-tie-sleeve-blouse#Grey,born-to-run-shirt-jacket#Leopard,hard,0.32643512913640027
Chelsea,the-tie-sleeve-blouse#Grey,the-weekender-shirt#GreyStripe,semi-hard,0.5453911084207694
Chelsea,the-tie-sleeve-blouse#Grey,the-double-layer-top#White,random,0.7229294421342598
Chelsea,the-ultimate-tie-cardi#Black,mila-knit-cardigan#Black,hard,0.2798556646313647
Chelsea,the-ultimate-tie-cardi#Black,linen-cotton-shirt#White,semi-hard,0.5101710267747481
Chelsea,the-ultimate-tie-cardi#Black,meredith-78-oversized-pullover-knit#CameoRose,random,1.004269455264297
Chelsea,the-ultimate-tie-cardi#Port,mila-knit-cardigan#StoneBlack,hard,0.2798556646313647
Chelsea,the-ultimate-tie-cardi#Port,the-contrast-trim-knit#BlackWhite,semi-hard,0.5268361581920904
Chelsea,the-ultimate-tie-cardi#Port,the-pocket-tee#GreyStripe,random,0.5703608420769437
Chelsea,weekend-cardigan#Black,mila-knit-cardigan#Clay,hard,0.2798556646313647
Chelsea,weekend-cardigan#Black,bo-cosy-cardigan#Blossom,semi-hard,0.4326409358879882
Chelsea,weekend-cardigan#Black,the-multi-stripe-cardi#Stripe,random,0.6411252354048964
Chelsea,willow-knot-top#WhiteBlk,fundamental-vee-tee#Black,hard,0.3687153472295329
Chelsea,willow-knot-top#WhiteBlk,the-wrap-jersey-top#Charcoal,semi-hard,0.40221366503491596
Chelsea,willow-knot-top#WhiteBlk,roll-with-me-jumper#Chalk,random,0.5644618293153665
Chelsea,york-linen-blend-top#BurntOrang,melbourne-stretch-cardigan#NavyWhtStr,hard,0.3651118977436221
Chelsea,york-linen-blend-top#BurntOrang,karmen-top#HighRiskRe,semi-hard,0.44096454597559975
Chelsea,york-linen-blend-top#BurntOrang,the-linen-tie-sleeve-top#GreyMarle,random,0.6605073012071446
Chesska,agra-shirt#White,roll-neck-jumper-3#GreyMarl,hard,0.3109092678389579
Chesska,agra-shirt#White,the-bamboo-tunic-dress#Khaki,semi-hard,0.4643439336298818
Chesska,agra-shirt#White,the-cross-over-blouse#White,random,0.5790909912109096
Chesska,arya-frilled-blouse#Oyster,natural-cropped-sleeve-knit#Cloudcover,hard,0.3533968807592158
Chesska,arya-frilled-blouse#Oyster,layer-top-1#Navy,semi-hard,0.38357933457769394
Chesska,arya-frilled-blouse#Oyster,the-belle-sleeve-print-top#NavyPrint,random,0.6950673307021664
Chesska,coogee-shirt#White,cherrington-top#GreyRose,hard,0.3127196428953015
Chesska,coogee-shirt#White,knit-hoodie-1#Sage,semi-hard,0.3805069650969206
Chesska,coogee-shirt#White,print-tee-3#Boats,random,0.7931800097242
Chesska,delicado-top#White,animal-button-up-shirt#KhakiPrint,hard,0.3476338072674192
Chesska,delicado-top#White,ines-top#NavyStrip,semi-hard,0.3889673965864818
Chesska,delicado-top#White,makeover-blouse#LimeGreen,random,0.6184971098265896
Chesska,diva-ruffle-jumper#Gold%20Spot,renee-sweater#Sapphire,hard,0.26296559106798456
Chesska,diva-ruffle-jumper#Gold%20Spot,overlay-top-2#Black,semi-hard,0.39494703256323926
Chesska,diva-ruffle-jumper#Gold%20Spot,the-flutter-sleeve-top#Denim,random,0.5696059884558887
Chesska,dream-girl-ruffle-jumper#SoftPink,cara-tee-2#Blush,hard,0.29871988510242165
Chesska,dream-girl-ruffle-jumper#SoftPink,belle-drape-tee#Sliver,semi-hard,0.5393220701014376
Chesska,dream-girl-ruffle-jumper#SoftPink,relaxed-animal-print-blouse#Leopard,random,0.6127665101933369
Chesska,gloria-applique-crew#Charcoal,relaxed-v-neck-knit#Silver,hard,0.3078148385646686
Chesska,gloria-applique-crew#Charcoal,the-dobby-sleeve-tee#White,semi-hard,0.5189907585386672
Chesska,gloria-applique-crew#Charcoal,the-sleeveless-cross-over-blouse#Chambray,random,0.5482374810771933
Chesska,midtown-ruffle-shirt#BoldRed,fundamental-vee-tee#Black,hard,0.35502439885260234
Chesska,midtown-ruffle-shirt#BoldRed,maui-stretch-tee#Black,semi-hard,0.37293805267518204
Chesska,midtown-ruffle-shirt#BoldRed,long-sleeve-softly-swinging-bamboo-tee#Fern,random,0.5500196580497688
Chesska,soho-ruffle-jumper#OatmealMar,ally-long-sleeve-tee#CosmosPr,hard,0.22191764252964769
Chesska,soho-ruffle-jumper#OatmealMar,luxe-shirt#Black,semi-hard,0.440361643628652
Chesska,soho-ruffle-jumper#OatmealMar,meredith-78-oversized-pullover-knit#WhiteCapGr,random,0.9652696004836879
Chesska,true-love-bell-blouse#Jade,natural-cropped-sleeve-knit#Cloudcover,hard,0.3533968807592158
Chesska,true-love-bell-blouse#Jade,rib-tank-2#Black,semi-hard,0.3743541602417393
Chesska,true-love-bell-blouse#Jade,sugar-snaps-round-neck-layer-tank#White,random,0.6430537830783499
Chesska,vivian-blouse#Check,capri-tank-3#White,hard,0.3640602074349575
Chesska,vivian-blouse#Check,cascade-hood-top#Black,semi-hard,0.5159463543272272
Chesska,vivian-blouse#Check,cross-over-top-with-pocket#Emerald,random,0.5671326229779415
Clementine,cross-my-heart-sweater#Regal,the-short-sleeve-wrap-jersey-top#Black,hard,0.36054689496549963
Clementine,cross-my-heart-sweater#Regal,natural-rolled-neck-tunic#BlueDam,semi-hard,0.4621586165772213
Clementine,cross-my-heart-sweater#Regal,long-sleeve-softly-swinging-bamboo-tee#Cashew,random,0.6027740863787376
Clementine,crossing-the-plains-sweater-1#Indigo,the-batwing-tee#Stone,hard,0.39413919413919407
Clementine,crossing-the-plains-sweater-1#Indigo,aigli-top#Navy,semi-hard,0.4839432660362893
Clementine,crossing-the-plains-sweater-1#Indigo,the-boat-neck-top-1#NavyWhite,random,0.6452185024278048
Clementine,natural-extra-fine-sweater#Snowgum,niue-neck-tie-shirt#LightBlue,hard,0.3485612062356248
Clementine,natural-extra-fine-sweater#Snowgum,ines-top#NavyStrip,semi-hard,0.43332481472016354
Clementine,natural-extra-fine-sweater#Snowgum,the-oversize-knit#Ink,random,0.8379401993355482
Clementine,still-the-one-ruffle-blouse#Spot,the-short-sleeve-wrap-jersey-top#Black,hard,0.36054689496549963
Clementine,still-the-one-ruffle-blouse#Spot,sparkly-star-tee#Blue,semi-hard,0.4634040378226425
Clementine,still-the-one-ruffle-blouse#Spot,grace-oversized-knit#StoneBlack,random,0.6790569895221058
Clementine,sugar-snaps-layers-tank#Black,ynes#Black,hard,0.3108663429593662
Clementine,sugar-snaps-layers-tank#Black,bird-print-jumper#Navy,semi-hard,0.4828648096089956
Clementine,sugar-snaps-layers-tank#Black,belle-handkerchief-printed-cami#RustFlwrs,random,0.745759008433427
Clementine,sugar-snaps-layers-tank#Blue,multi-pattern-print-top#NavyMulti,hard,0.38520316892409917
Clementine,sugar-snaps-layers-tank#Blue,the-cape-jersey-top#DarkNavy,semi-hard,0.4706963966266292
Clementine,sugar-snaps-layers-tank#Blue,wonderlust-tee#BurntOran,random,0.7282954255047278
Clementine,sugar-snaps-layers-tank#DeepCobalt,stara-cardigan#GreyMarle,hard,0.3429729959962518
Clementine,sugar-snaps-layers-tank#DeepCobalt,st-helens-henley-tee#White,semi-hard,0.41551239458216205
Clementine,sugar-snaps-layers-tank#DeepCobalt,poncho-2#NavySilver,random,1.0164937388193203
Clementine,sugar-snaps-layers-tank#DuckEgg,tutti-frutti-drop-shoulder-tee#Orange,hard,0.39375415282392023
Clementine,sugar-snaps-layers-tank#DuckEgg,the-stripe-pocket-tank#Stripe,semi-hard,0.5126978447908681
Clementine,sugar-snaps-layers-tank#DuckEgg,belle-v-neck-forgiver-tunic#Scarlett,random,0.5728226424738052
Clementine,sugar-snaps-layers-tank#Mint,double-layered-top-1#WBlack,hard,0.36994888832098133
Clementine,sugar-snaps-layers-tank#Mint,vivian-blouse#Check,semi-hard,0.4383593151035011
Clementine,sugar-snaps-layers-tank#Mint,billow-top#Black,random,0.8765065167390749
Clementine,sugar-snaps-layers-tank#NewBeige,back-to-you-top#BlackMagic,hard,0.2634858165090723
Clementine,sugar-snaps-layers-tank#NewBeige,snake-print-johnny-collar-top#BeigeSnake,semi-hard,0.5169690774341937
Clementine,sugar-snaps-layers-tank#NewBeige,cross-over-top-with-pocket#BlackWhite,random,0.620265780730897
Clementine,sugar-snaps-layers-tank#PeachyKeen,square-nk-fray-trim-top#Denim,hard,0.3976003066700741
Clementine,sugar-snaps-layers-tank#PeachyKeen,runaway-top#SoftPink,semi-hard,0.5342874180083482
Clementine,sugar-snaps-layers-tank#PeachyKeen,sugar-snaps-round-neck-layer-tank#White,random,0.6994262714030155
Clementine,sugar-snaps-layers-tank#Red,niue-neck-tie-shirt#LightBlue,hard,0.3485612062356248
Clementine,sugar-snaps-layers-tank#Red,the-bamboo-tunic-dress#Khaki,semi-hard,0.4991873243036034
Clementine,sugar-snaps-layers-tank#Red,batty-about-you-cotton-tee#BlkWhite,random,0.688175313059034
Clementine,sugar-snaps-layers-tank#SeaGreen,manhattan-stretch-tee#Navy,hard,0.31995911065678506
Clementine,sugar-snaps-layers-tank#SeaGreen,the-long-sleeve-scoop-neck-tee#White,semi-hard,0.489202657807309
Clementine,sugar-snaps-layers-tank#SeaGreen,long-sleeve-softly-swinging-bamboo-tee#BlueJeans,random,0.6027740863787376
Clementine,sugar-snaps-layers-tank#White,the-uneven-hem-knit-1#Sage,hard,0.3161001788908766
Clementine,sugar-snaps-layers-tank#White,the-long-sleeve-scoop-neck-tee#Grey,semi-hard,0.489202657807309
Clementine,sugar-snaps-layers-tank#White,sugar-snaps-round-neck-layer-tank#White,random,0.6994262714030155
Clementine,the-bonded-cotton-tunic-dress#Navy,holly-rib-long-sleeve-tee#Black,hard,0.24065934065934066
Clementine,the-bonded-cotton-tunic-dress#Navy,the-french-cuff-shirt#White,semi-hard,0.5612854587273193
Clementine,the-bonded-cotton-tunic-dress#Navy,the-open-sleeve-blouse#Berry,random,0.5998747763864043
Clementine,the-cotton-bamboo-tank#Chambray,the-relax-blouse#White,hard,0.3541234347048301
Clementine,the-cotton-bamboo-tank#Chambray,the-relaxed-long-sleeve-tee#Khaki,semi-hard,0.5167578158275833
Clementine,the-cotton-bamboo-tank#Chambray,relaxed-top-1#FloraStrip,random,0.6053820598006645
Clementine,the-cotton-bamboo-tank#DarkNavy,double-layered-top-1#WSilver,hard,0.36994888832098133
Clementine,the-cotton-bamboo-tank#DarkNavy,rosie-bell-sleeve-denim-shirt#Stripe,semi-hard,0.48473975636766325
Clementine,the-cotton-bamboo-tank#DarkNavy,the-sleeve-detail-knit#Ivory,random,0.5659238435982622
Clementine,the-cotton-bamboo-tank#DuckEgg,tutti-frutti-drop-shoulder-tee#Orange,hard,0.39375415282392023
Clementine,the-cotton-bamboo-tank#DuckEgg,layer-top-1#Navy,semi-hard,0.4265712581991652
Clementine,the-cotton-bamboo-tank#DuckEgg,softly-swinging-bamboo-singlet#BlueJean,random,0.5904357270636341
Clementine,the-cotton-bamboo-tank#Moonbeam,cara-tee-4#White,hard,0.3616866854076156
Clementine,the-cotton-bamboo-tank#Moonbeam,the-wrap-jersey-top#PortSpot,semi-hard,0.43194479938665986
Clementine,the-cotton-bamboo-tank#Moonbeam,lurex-stitch-top#White,random,0.6239509327881421
Clementine,the-cotton-bamboo-tank#White,monaco-knot-top#HeatheGrey,hard,0.2256043956043956
Clementine,the-cotton-bamboo-tank#White,the-bamboo-tunic-dress#Khaki,semi-hard,0.4991873243036034
Clementine,the-cotton-bamboo-tank#White,the-relaxed-batwing-top#PeachRose,random,0.8156776556776557
Clementine,the-cross-front-spot-blouse#NavySpot,rika-top#BatikTile,hard,0.28679274214157935
Clementine,the-cross-front-spot-blouse#NavySpot,arya-frilled-blouse#Oyster,semi-hard,0.49482238691541025
Clementine,the-cross-front-spot-blouse#NavySpot,belle-poncho-sleeved-knit#BlueMarle,random,0.8063174035267059
Clementine,the-cross-front-spot-blouse#Spot,mila-knit-cardigan#Black,hard,0.3075006388959877
Clementine,the-cross-front-spot-blouse#Spot,irena-embroidered-blouse#DustyRose,semi-hard,0.44208535650396114
Clementine,the-cross-front-spot-blouse#Spot,the-drape-tee-1#Navy,random,0.6448777579010136
Clementine,the-cross-over-blouse#Black,natural-crossover-knit-1#Stormcloud,hard,0.3323076923076923
Clementine,the-cross-over-blouse#Black,maui-stretch-tee#White,semi-hard,0.4165882954255048
Clementine,the-cross-over-blouse#Black,falling-flowers-cardi#GreyMarle,random,0.6437298747763864
Clementine,the-cross-over-blouse#Blue,nova-lux-long-sleeve-tie-top-1#CloudDance,hard,0.3961921799131101
Clementine,the-cross-over-blouse#Blue,the-tie-sleeve-blouse#Grey,semi-hard,0.49946716074623054
Clementine,the-cross-over-blouse#Blue,the-layered-cross-over-top#Black,random,0.6147508305647841
Clementine,the-cross-over-blouse#Mint,fundamental-vee-tee#Navy,hard,0.3990288780986455
Clementine,the-cross-over-blouse#Mint,maui-stretch-tee#Black,semi-hard,0.4165882954255048
Clementine,the-cross-over-blouse#Mint,long-sleeve-softly-swinging-bamboo-tee#SilverScon,random,0.6027740863787376
Clementine,the-cross-over-blouse#Red,fundamental-vee-tee#GreyMarle,hard,0.3990288780986455
Clementine,the-cross-over-blouse#Red,layer-top-1#Navy,semi-hard,0.4265712581991652
Clementine,the-cross-over-blouse#Red,the-twist-front-top#Grey,random,0.7713944969758924
Clementine,the-cross-over-blouse#RoyalBlue,high-neck-tie-top#Black,hard,0.2934960388448761
Clementine,the-cross-over-blouse#RoyalBlue,capri-tank-6#ClaySpot,semi-hard,0.43552261691796573
Clementine,the-cross-over-blouse#RoyalBlue,weekend-vibes-blouse#Blush,random,0.7535714285714286
Clementine,the-cross-over-blouse#Silver,arlo-cardigan#Navy,hard,0.3673703041144902
Clementine,the-cross-over-blouse#Silver,marjorie-tie-blouse#BluePrint,semi-hard,0.466350626118068
Clementine,the-cross-over-blouse#Silver,relaxed-top-1#FloraStrip,random,0.6053820598006645
Clementine,the-cross-over-blouse#Sunshine,nova-lux-long-sleeve-tie-top-1#NightSky,hard,0.3961921799131101
Clementine,the-cross-over-blouse#Sunshine,drama-top#BlackGrey,semi-hard,0.47839764886276515
Clementine,the-cross-over-blouse#Sunshine,belle-v-neck-forgiver-tunic#Tobacco,random,0.5728226424738052
Clementine,the-cross-over-blouse#White,the-wrap-jersey-top-1#NavyStripe,hard,0.37710963455149504
Clementine,the-cross-over-blouse#White,the-long-sleeve-scoop-neck-tee#Grey,semi-hard,0.489202657807309
Clementine,the-cross-over-blouse#White,the-open-sleeve-blouse#Berry,random,0.5998747763864043
Clementine,the-curve-striped-tank#Marine,belle-cowl-swing-sweater#Black,hard,0.37499361104012263
Clementine,the-curve-striped-tank#Marine,ditzy-floral-ruffle-blouse#DitzyFlora,semi-hard,0.48711985688729875
Clementine,the-curve-striped-tank#Marine,the-box-top#Khaki,random,0.6554152823920266
Clementine,the-everyday-shirt#Black,melbourne-stretch-cardigan#NavyWhtStr,hard,0.3916049067211858
Clementine,the-everyday-shirt#Black,fundamental-rib-long-sleeve-tee#White,semi-hard,0.4684180935343726
Clementine,the-everyday-shirt#Black,print-shirt-1#Blush,random,0.5702376693074367
Clementine,the-everyday-shirt#Cream,reversible-scoopv-neck-tank#Navy,hard,0.38049833887043194
Clementine,the-everyday-shirt#Cream,collared-shirt-1#White,semi-hard,0.4328545872731919
Clementine,the-everyday-shirt#Cream,the-box-top#Blush,random,0.6554152823920266
Clementine,the-everyday-shirt#Midnight,falling-for-you-cardi#Black,hard,0.33714285714285713
Clementine,the-everyday-shirt#Midnight,linen-cotton-shirt#White,semi-hard,0.5469000766675185
Clementine,the-everyday-shirt#Midnight,the-cosy-cardigan#Grey,random,0.5658803986710963
Clementine,the-everyday-shirt#Pink,ynes#Black,hard,0.3108663429593662
Clementine,the-everyday-shirt#Pink,art-deco-print-top#NavyWhite,semi-hard,0.4658407871198569
Clementine,the-everyday-shirt#Pink,grace-oversized-knit#StoneBlack,random,0.6790569895221058
Clementine,the-everyday-shirt#Rose,mila-knit-cardigan#StoneBlack,hard,0.3075006388959877
Clementine,the-everyday-shirt#Rose,the-contrast-trim-knit#BlackWhite,semi-hard,0.506843853820598
Clementine,the-everyday-shirt#Rose,2-in-1-layered-knit-top#Khaki,random,0.6002964477383081
Clementine,the-frill-detail-blouse#Chambray,nova-lux-long-sleeve-tie-top#AidaStripe,hard,0.3961921799131101
Clementine,the-frill-detail-blouse#Chambray,the-dobby-sleeve-tee#White,semi-hard,0.553839338955618
Clementine,the-frill-detail-blouse#Chambray,the-essential-pullover#SkyBlue,random,0.5816100178890876
Clementine,the-high-low-drape-tee#Grey,pulkari-emb-top#Pulkari,hard,0.3607078967544084
Clementine,the-high-low-drape-tee#Grey,sequin-star-tee#Navy,semi-hard,0.5375900843342705
Clementine,the-high-low-drape-tee#Grey,softly-swinging-bamboo-tee#Copper,random,0.6189483772041912
Clementine,the-high-low-drape-tee#Sage,dusk-top#DuskPrint,hard,0.3700485560950677
Clementine,the-high-low-drape-tee#Sage,viola-kimono-radiant-floral#Grey,semi-hard,0.5371428571428571
Clementine,the-high-low-drape-tee#Sage,the-pirate-in-me-shirt#White,random,0.8034973166368515
Clementine,the-on-or-off-the-shoulder-top#FrenchNavy,the-short-sleeve-wrap-jersey-top#Blue,hard,0.36054689496549963
Clementine,the-on-or-off-the-shoulder-top#FrenchNavy,natural-detailed-sweater#Tinroof,semi-hard,0.5019064656273958
Clementine,the-on-or-off-the-shoulder-top#FrenchNavy,ruffle-sleeve-top-1#Black,random,0.5935714285714286
Clementine,the-on-or-off-the-shoulder-top#Pink,falling-for-you-cardi#Port,hard,0.33714285714285713
Clementine,the-on-or-off-the-shoulder-top#Pink,2-in-1-layered-top-1#NavyWhite,semi-hard,0.5169844109378993
Clementine,the-on-or-off-the-shoulder-top#Pink,beach-walk-shirt#Stormy,random,0.760797342192691
Clementine,the-printed-v-neck-tee#White,cara-tee-2#WhiteBlk,hard,0.3261913280517932
Clementine,the-printed-v-neck-tee#White,border-stripe-knit#WhitePink,semi-hard,0.44767952977255304
Clementine,the-printed-v-neck-tee#White,the-bell-sleeve-top#Grey,random,0.7276122327285117
Clementine,the-printed-v-split-top#Natural,holly-rib-long-sleeve-tee#Black,hard,0.24065934065934066
Clementine,the-printed-v-split-top#Natural,you-at-my-shoulder-tunic#Black,semi-hard,0.43335548172757477
Clementine,the-printed-v-split-top#Natural,belle-handkerchief-printed-cami#RustFlwrs,random,0.745759008433427
Clementine,the-sleeveless-cross-over-blouse#Black,double-layered-top-1#WBlack,hard,0.36994888832098133
Clementine,the-sleeveless-cross-over-blouse#Black,the-ultimate-tie-cardi#Black,semi-hard,0.537717863531817
Clementine,the-sleeveless-cross-over-blouse#Black,weekend-vibes-blouse#Blush,random,0.7535714285714286
Clementine,the-sleeveless-cross-over-blouse#Chambray,multi-pattern-print-top#NavyMulti,hard,0.38520316892409917
Clementine,the-sleeveless-cross-over-blouse#Chambray,the-cotton-cardi#Navy,semi-hard,0.4556146179401993
Clementine,the-sleeveless-cross-over-blouse#Chambray,off-shoulder-top-1#Strawberry,random,0.6396626629184768
Clementine,the-sleeveless-cross-over-blouse#Cobalt,pulkari-emb-top#Pulkari,hard,0.3607078967544084
Clementine,the-sleeveless-cross-over-blouse#Cobalt,jordan-top#PearlBlue,semi-hard,0.5197878865320726
Clementine,the-sleeveless-cross-over-blouse#Cobalt,softly-swinging-bamboo-tee#Chambray,random,0.6189483772041912
Clementine,the-sleeveless-cross-over-blouse#Mint,layered-top-2#White,hard,0.371597239969333
Clementine,the-sleeveless-cross-over-blouse#Mint,rory-spliced-zip-hoodie#Slate,semi-hard,0.4305468949654996
Clementine,the-sleeveless-cross-over-blouse#Mint,the-flutter-sleeve-top#Denim,random,0.6072783030922566
Clementine,the-sleeveless-cross-over-blouse#Salmon,the-longline-cardi-1#GreyMarle,hard,0.36758113979044216
Clementine,the-sleeveless-cross-over-blouse#Salmon,star-and-spot-sweater#SilverMult,semi-hard,0.5303756708407871
Clementine,the-sleeveless-cross-over-blouse#Salmon,layered-sleeve-top#DarkBlue,random,0.5780360337337082
Clementine,the-sleeveless-cross-over-blouse#Sunshine,fundamental-vee-tee#Pink,hard,0.3990288780986455
Clementine,the-sleeveless-cross-over-blouse#Sunshine,falling-for-you-tunic#Rust,semi-hard,0.5348211091234347
Clementine,the-sleeveless-cross-over-blouse#Sunshine,softly-swinging-bamboo-tee#Copper,random,0.6189483772041912
Clementine,the-sleeveless-cross-over-blouse#White,wonderland-blouse#Ink,hard,0.36488627651418354
Clementine,the-sleeveless-cross-over-blouse#White,cooks-shirt#Stripes,semi-hard,0.4432941477127524
Clementine,the-sleeveless-cross-over-blouse#White,the-midi-waterfall-cardi#BlueMarle,random,0.5875376948632762
Clementine,the-soft-overlay-top#Pink,the-short-sleeve-wrap-jersey-top#Blue,hard,0.36054689496549963
Clementine,the-soft-overlay-top#Pink,to-the-beat-of-the-drum-kimono#Leaf,semi-hard,0.5462969588550984
Clementine,the-soft-overlay-top#Pink,the-relaxed-batwing-top#Denim%20Blue,random,0.8156776556776557
Clementine,the-stella-tee#Marine,endeavor-long-sleeve-tee#Stripe,hard,0.2558139534883721
Clementine,the-stella-tee#Marine,natural-detailed-sweater#Tinroof,semi-hard,0.5019064656273958
Clementine,the-stella-tee#Marine,layered-sleeve-top#Moss,random,0.5780360337337082
Clementine,the-stitch-detail-top#Pink,fundamental-vee-tee#Pink,hard,0.3990288780986455
Clementine,the-stitch-detail-top#Pink,ruffle-top-4#Terracotta,semi-hard,0.4700971121901355
Clementine,the-stitch-detail-top#Pink,print-tee-3#Cntryhous,random,0.873038589317659
Clementine,the-stitch-detail-top#SkyBlue,merino-boyfriend-cardigan#MelangeStr,hard,0.347490416560184
Clementine,the-stitch-detail-top#SkyBlue,the-relaxed-long-sleeve-tee#Black,semi-hard,0.5167578158275833
Clementine,the-stitch-detail-top#SkyBlue,printed-v-neck-top#Striped,random,0.5650413152738735
Clementine,the-stripe-button-through-top#Coral,the-boat-neck-top#Navy,hard,0.3715550728341426
Clementine,the-stripe-button-through-top#Coral,messina-v-neck-tee#White,semi-hard,0.49974699718885773
Clementine,the-stripe-button-through-top#Coral,layered-stripe-top#PinkStripe,random,0.6002964477383081
Clementine,the-stripe-crossover-blouse#Bluestripe,falling-for-you-cardi-1#GreyGarden,hard,0.33714285714285713
Clementine,the-stripe-crossover-blouse#Bluestripe,karmen-top#HighRiskRe,semi-hard,0.4610171224124713
Clementine,the-stripe-crossover-blouse#Bluestripe,buttoned-top#Spotty,random,0.5660277706789335
Clementine,the-stripe-tank-1#Hazelnut,reversible-scoopv-neck-tank#Navy,hard,0.38049833887043194
Clementine,the-stripe-tank-1#Hazelnut,the-stripe-pocket-tank#Stripe,semi-hard,0.5126978447908681
Clementine,the-stripe-tank-1#Hazelnut,the-cascade-blouse#Auburn,random,0.6227127523639152
Clementine,the-striped-top#BlueStripe,high-street-knit#NavyStripe,hard,0.3202887809864554
Clementine,the-striped-top#BlueStripe,seeker-knot-front-shirt#Olive,semi-hard,0.43616151290569893
Clementine,the-striped-top#BlueStripe,the-zip-front-blouse#Navy,random,0.7513484964647755
Clementine,the-swing-tank-top#Rose,glasgow-top#Melange,hard,0.24271658573984156
Clementine,the-swing-tank-top#Rose,monaco-sweater#BlackCream,semi-hard,0.4869477809012692
Clementine,the-swing-tank-top#Rose,long-sleeve-softly-swinging-bamboo-tee#Cashew,random,0.6027740863787376
Clementine,the-v-split-blouse#Salmon,the-reversible-cowl-neck-top-2#Ocean,hard,0.25429465882954255
Clementine,the-v-split-blouse#Salmon,prickly-cactus-crew#Pink,semi-hard,0.4952108356759519
Clementine,the-v-split-blouse#Salmon,moonlight-kisses-bamboo-tee#Combat,random,0.6060503450038334
Clementine,wrap-me-up-bamboo-top#Black,nova-lux-long-sleeve-tie-top-1#NightSky,hard,0.3961921799131101
Clementine,wrap-me-up-bamboo-top#Black,the-relaxed-long-sleeve-tee#Black,semi-hard,0.5167578158275833
Clementine,wrap-me-up-bamboo-top#Black,cross-over-top-with-pocket#BlackWhite,random,0.620265780730897
Clementine,wrap-me-up-bamboo-top#BlueJeans,fundamental-vee-tee#GreyMarle,hard,0.3990288780986455
Clementine,wrap-me-up-bamboo-top#BlueJeans,falling-for-you-tunic#Rust,semi-hard,0.5348211091234347
Clementine,wrap-me-up-bamboo-top#BlueJeans,the-luxe-cotton-tunic#White,random,0.6518438538205982
Denniel,the-batwing-tee#Black,dream-girl-ruffle-jumper#SoftPink,hard,0.2545480314905857
Denniel,the-batwing-tee#Black,splice-knit-1#Multi,semi-hard,0.3622885966935322
Denniel,the-batwing-tee#Black,messina-knit-1#Shiraz,random,0.6924347765550252
Denniel,the-batwing-tee#FrenchBlue,cara-tee-3#Mustard,hard,0.30813553695700746
Denniel,the-batwing-tee#FrenchBlue,belle-v-neck-forgiver-tunic#Tobacco,semi-hard,0.5045674754683047
Denniel,the-batwing-tee#FrenchBlue,floral-embroidered-jumper#Navy,random,0.5910387479809992
Denniel,the-batwing-tee#Sea,dusk-top#DuskPrint,hard,0.31421537833263025
Denniel,the-batwing-tee#Sea,wellington-tee#Olive,semi-hard,0.494328787413978
Denniel,the-batwing-tee#Sea,sugar-snaps-layers-tank#Blue,random,0.5876621236457159
Denniel,the-batwing-tee#Stone,double-layered-top-1#WBlack,hard,0.31540503156122046
Denniel,the-batwing-tee#Stone,belle-v-neck-forgiver-tunic#Navy,semi-hard,0.5045674754683047
Denniel,the-batwing-tee#Stone,off-shoulder-top-1#Strawberry,random,0.5500853555471005
Denniel,the-cotton-bamboo-tee#BlueJeans,manhattan-stretch-tee#NavyWhtStr,hard,0.268365812854656
Denniel,the-cotton-bamboo-tee#BlueJeans,belle-v-neck-forgiver-tunic#BlueMarle,semi-hard,0.5045674754683047
Denniel,the-cotton-bamboo-tee#BlueJeans,oversize-contrast-hood-top#Steel,random,0.7791287991654667
Denniel,the-cotton-bamboo-tee#DuckEgg,ashbury-cardigan#Mocha,hard,0.3531263807120477
Denniel,the-cotton-bamboo-tee#DuckEgg,belle-v-neck-forgiver-tunic#ArmyGreen,semi-hard,0.5045674754683047
Denniel,the-cotton-bamboo-tee#DuckEgg,printed-v-neck-top#Striped,random,0.5240113699353479
Denniel,the-cotton-bamboo-tee#DustyPink,capri-tank-3#White,hard,0.3512205378873954
Denniel,the-cotton-bamboo-tee#DustyPink,sandy-off-the-shoulder-top#Gingham,semi-hard,0.3779331730651291
Denniel,the-cotton-bamboo-tee#DustyPink,the-oversize-knit#GreyMarle,random,0.7523906287353574
Denniel,the-cotton-bamboo-tee#White,reversible-stripe-vee-scoop-neck-tank#BlackWhite,hard,0.3360378253633314
Denniel,the-cotton-bamboo-tee#White,ruffle-hem-jersey-top#Pink,semi-hard,0.4389918928418153
Denniel,the-cotton-bamboo-tee#White,sugar-snaps-layers-tank#Blue,random,0.5876621236457159
Denniel,the-cross-over-blouse#Black,tutti-frutti-drop-shoulder-tee#Orange,hard,0.3358105842802452
Denniel,the-cross-over-blouse#Black,kimono-and-me-cardi#Sand,semi-hard,0.46671532347878253
Denniel,the-cross-over-blouse#Black,grace-oversized-knit#Clay,random,0.6054299324330099
Denniel,the-cross-over-blouse#Blue,holly-rib-long-sleeve-tee#Black,hard,0.23554861506892363
Denniel,the-cross-over-blouse#Blue,janet-frill-shirt#White,semi-hard,0.40447711184816104
Denniel,the-cross-over-blouse#Blue,crosses-jumper#xmyheart,random,0.5377627392927417
Denniel,the-cross-over-blouse#Mint,the-half-sleeve-tee#White,hard,0.3538081363371016
Denniel,the-cross-over-blouse#Mint,the-french-cuff-shirt#White,semi-hard,0.49611284637152253
Denniel,the-cross-over-blouse#Mint,the-define-flute-sleeve-blouse#Black,random,0.5247045819668743
Denniel,the-cross-over-blouse#Red,reversible-scoopv-neck-tank#White,hard,0.3252562738463921
Denniel,the-cross-over-blouse#Red,lenka-lurex-stripe-blouse#NavyGoldSt,semi-hard,0.39823699178465116
Denniel,the-cross-over-blouse#Red,belle-mid-length-knit-cardi#Black,random,0.5979210141963978
Denniel,the-cross-over-blouse#RoyalBlue,cyrus-top#LightRose,hard,0.3497839405916364
Denniel,the-cross-over-blouse#RoyalBlue,snake-print-johnny-collar-top#BeigeSnake,semi-hard,0.45191310980319477
Denniel,the-cross-over-blouse#RoyalBlue,cross-my-heart-bamboo-slouch-tee#White,random,0.8293035489088931
Denniel,the-cross-over-blouse#Silver,aztec-cardigan#Orange,hard,0.2872665108509051
Denniel,the-cross-over-blouse#Silver,layered-tunic-1#White,semi-hard,0.4026486749252942
Denniel,the-cross-over-blouse#Silver,the-contrast-34-sleeve-top#Navy,random,0.7091241105952731
Denniel,the-cross-over-blouse#Sunshine,the-half-sleeve-tee#Black,hard,0.3538081363371016
Denniel,the-cross-over-blouse#Sunshine,kimono-and-me-cardi#Sand,semi-hard,0.46671532347878253
Denniel,the-cross-over-blouse#Sunshine,sugar-snaps-throw-jacket#White,random,0.6869787150050489
Denniel,the-cross-over-blouse#White,magnolia-fields-keyhole-blouse#Magnolia,hard,0.30011028953470353
Denniel,the-cross-over-blouse#White,linen-cotton-shirt#White,semi-hard,0.4819213188248822
Denniel,the-cross-over-blouse#White,crosses-jumper#xmyheart,random,0.5377627392927417
Denniel,the-cut-out-shoulder-blouse#Black,germaine-blouse#Pearl,hard,0.3192356986768808
Denniel,the-cut-out-shoulder-blouse#Black,geneva-v-neck-top#Olive,semi-hard,0.4786578478946649
Denniel,the-cut-out-shoulder-blouse#Black,meera-oversized-shirt#Mint,random,0.5736409945355948
Denniel,the-cut-out-shoulder-blouse#Blue,bamboo-layer-tank#Chalk,hard,0.27717069718185905
Denniel,the-cut-out-shoulder-blouse#Blue,maui-stretch-tee#White,semi-hard,0.3548124843879289
Denniel,the-cut-out-shoulder-blouse#Blue,sugar-snaps-layers-tank#Mint,random,0.5876621236457159
Denniel,the-cut-out-shoulder-blouse#Clay,merino-boyfriend-cardigan#MelangeStr,hard,0.29231560402707535
Denniel,the-cut-out-shoulder-blouse#Clay,falling-for-you-tunic#Black,semi-hard,0.4675435518275249
Denniel,the-cut-out-shoulder-blouse#Clay,hem-frill-stripe-top#SoFrilled,random,0.569925890509204
Denniel,the-cut-out-shoulder-blouse#Salmon,nova-lux-long-sleeve-tie-top#AidaStripe,hard,0.33909375819454507
Denniel,the-cut-out-shoulder-blouse#Salmon,napoleon-top-1#NemoBlue,semi-hard,0.36571502425243085
Denniel,the-cut-out-shoulder-blouse#Salmon,the-check-pullover#PinkCheck,random,0.9720622230967593
Denniel,the-cut-out-shoulder-blouse#Silver,holly-rib-long-sleeve-tee#Black,hard,0.23554861506892363
Denniel,the-cut-out-shoulder-blouse#Silver,variegated-rib-knit#Silver,semi-hard,0.412417493060387
Denniel,the-cut-out-shoulder-blouse#Silver,the-cotton-bamboo-tank#DarkNavy,random,0.5520923403567102
Denniel,the-cut-out-shoulder-blouse#White,fundamental-vee-tee#White,hard,0.3411816177411663
Denniel,the-cut-out-shoulder-blouse#White,the-long-sleeve-scoop-neck-tee#Navy,semi-hard,0.43294286397322496
Denniel,the-cut-out-shoulder-blouse#White,belle-handkerchief-printed-cami#RustFlwrs,random,0.670578223936384
Denniel,the-short-sleeve-wrap-jersey-top#Black,fundamental-vee-tee#Navy,hard,0.3411816177411663
Denniel,the-short-sleeve-wrap-jersey-top#Black,star-and-spot-sweater#SilverMult,semi-hard,0.4645733408524114
Denniel,the-short-sleeve-wrap-jersey-top#Black,the-ruffle-sleeve-sweat#KhakiMarle,random,0.6240079732518948
Denniel,the-short-sleeve-wrap-jersey-top#Blue,double-layered-top-1#WSilver,hard,0.31540503156122046
Denniel,the-short-sleeve-wrap-jersey-top#Blue,tie-back-bell-sleeve-top-5#Summerbud,semi-hard,0.44283161130485815
Denniel,the-short-sleeve-wrap-jersey-top#Blue,the-spotted-tunic#NavySpot,random,0.6765461653127356
Denniel,the-short-sleeve-wrap-jersey-top#Emerald,fundamental-vee-tee#White,hard,0.3411816177411663
Denniel,the-short-sleeve-wrap-jersey-top#Emerald,frill-me-tie-throw-on#WhiteBlk,semi-hard,0.427464051489281
Denniel,the-short-sleeve-wrap-jersey-top#Emerald,the-cross-front-spot-blouse#Spot,random,0.711688157966353
Denniel,the-short-sleeve-wrap-jersey-top#NavyWhite,pure-merino-fine-rib-polo#BlackStri,hard,0.19425092455096526
Denniel,the-short-sleeve-wrap-jersey-top#NavyWhite,alberta-stripe-top#IvoryStrip,semi-hard,0.4259348039171974
Denniel,the-short-sleeve-wrap-jersey-top#NavyWhite,jersey-split-back-hooded-top#NavyStrip,random,0.6463497465419228
Edith,buttoned-top#Spotty,double-layered-top-1#WSilver,hard,0.3403013158458703
Edith,buttoned-top#Spotty,willow-knot-top#WhiteBlk,semi-hard,0.4513248467703913
Edith,buttoned-top#Spotty,chill-out-slouch-top#Mustard,random,0.8278068878316402
Edith,off-shoulder-top-1#Strawberry,holly-rib-long-sleeve-tee#Black,hard,0.2611300415755861
Edith,off-shoulder-top-1#Strawberry,kimberly-spliced-top#Zebraprint,semi-hard,0.39970147014701474
Edith,off-shoulder-top-1#Strawberry,sugar-snaps-layers-tank#White,random,0.6233451202263083
Edith,patchwork-tunic#Patchwork,double-layered-top-1#WSilver,hard,0.3403013158458703
Edith,patchwork-tunic#Patchwork,you-at-my-shoulder-tunic#Black,semi-hard,0.4519047619047619
Edith,patchwork-tunic#Patchwork,the-cross-over-top#NavyStripe,random,0.7296392496392495
Emma,annabelle-sweater#Midnight,cara-tee-3#Mustard,hard,0.3863988987013412
Emma,annabelle-sweater#Midnight,ava-short-sleeve-linen-tee#Navy,semi-hard,0.5007833369004346
Emma,annabelle-sweater#Midnight,softly-swinging-bamboo-tee#Blush,random,0.6450870197278243
Emma,aztec-cardigan#BlackIvory,robyn-top-1#Roanne,hard,0.39876215738284704
Emma,aztec-cardigan#BlackIvory,belle-half-sleeve-boat-tee#White,semi-hard,0.5096455916768416
Emma,aztec-cardigan#BlackIvory,beach-walk-shirt#Khaki,random,0.8237547892720307
Emma,aztec-cardigan#Orange,mila-knit-cardigan#Clay,hard,0.3309924231260438
Emma,aztec-cardigan#Orange,falling-for-you-tunic#Black,semi-hard,0.5629757840605542
Emma,aztec-cardigan#Orange,sand-queen-throw-blouse#Fleur,random,0.7649376507733786
Emma,batty-about-you-cotton-tee#BlkWhite,striped-cardigan-3#Rainbow,hard,0.3762165179789701
Emma,batty-about-you-cotton-tee#BlkWhite,sailaway-blouse#OxfordBlue,semi-hard,0.5910538172271889
Emma,batty-about-you-cotton-tee#BlkWhite,tab-sleeve-longline-shirt#Silver,random,0.7715382744118376
Emma,belle-flute-sleeve-tee#Navy,millie-top#BlackSpot,hard,0.42041965192108866
Emma,belle-flute-sleeve-tee#Navy,the-relaxed-long-sleeve-tee-1#Ink%20Stripe,semi-hard,0.5493066227620825
Emma,belle-flute-sleeve-tee#Navy,the-cotton-bamboo-tank#White,random,0.646642436692724
Emma,belle-v-neck-forgiver-tunic#ArmyGreen,eco-78-long-cardigan#LightGreyM,hard,0.3458925267474118
Emma,belle-v-neck-forgiver-tunic#ArmyGreen,to-the-beat-of-the-drum-kimono#Leaf,semi-hard,0.5809798261905541
Emma,belle-v-neck-forgiver-tunic#ArmyGreen,layered-sleeve-top#Moss,random,0.609193830727595
Emma,belle-v-neck-forgiver-tunic#Black,nova-lux-long-sleeve-tie-top#AidaStripe,hard,0.41989386996570904
Emma,belle-v-neck-forgiver-tunic#Black,wellington-tee#Black,semi-hard,0.5907192065597238
Emma,belle-v-neck-forgiver-tunic#Black,beach-walk-shirt#Khaki,random,0.8237547892720307
Emma,belle-v-neck-forgiver-tunic#BlueMarle,meadow-cardigan#Cream,hard,0.35921630785136527
Emma,belle-v-neck-forgiver-tunic#BlueMarle,nature-ls-top#BlueGum,semi-hard,0.5448561522555776
Emma,belle-v-neck-forgiver-tunic#BlueMarle,the-cotton-bamboo-tank#DuckEgg,random,0.646642436692724
Emma,belle-v-neck-forgiver-tunic#Charcoal,the-cotton-bamboo-tee#DustyPink,hard,0.3278341496732301
Emma,belle-v-neck-forgiver-tunic#Charcoal,irena-embroidered-blouse#DustyRose,semi-hard,0.46751748610584815
Emma,belle-v-neck-forgiver-tunic#Charcoal,belle-tie-front-shirt#Black,random,0.8721956041909347
Emma,belle-v-neck-forgiver-tunic#DenimMarl,cara-tee-2#WhiteBlk,hard,0.3498402406448384
Emma,belle-v-neck-forgiver-tunic#DenimMarl,the-ruffle-sleeve-top#NavyStripe,semi-hard,0.5526418380824512
Emma,belle-v-neck-forgiver-tunic#DenimMarl,for-the-frill-top#Ivory,random,0.7258781355404919
Emma,belle-v-neck-forgiver-tunic#Navy,birds-tee-1#Navy,hard,0.4257913921168232
Emma,belle-v-neck-forgiver-tunic#Navy,the-reversible-cowl-neck-top-1#Black,semi-hard,0.5149401055920452
Emma,belle-v-neck-forgiver-tunic#Navy,the-high-low-drape-tee#Grey,random,0.6868611014623945
Emma,belle-v-neck-forgiver-tunic#Scarlett,eco-78-long-cardigan#DarkGreyM,hard,0.3458925267474118
Emma,belle-v-neck-forgiver-tunic#Scarlett,fundamental-split-hoodie#Navy,semi-hard,0.5419469911208417
Emma,belle-v-neck-forgiver-tunic#Scarlett,in-transit-cardi#Navy,random,0.6231468616526088
Emma,belle-v-neck-forgiver-tunic#Tobacco,fundamental-vee-tee#Navy,hard,0.42336623838060616
Emma,belle-v-neck-forgiver-tunic#Tobacco,buttoned-top#Spotty,semi-hard,0.5954626471867851
Emma,belle-v-neck-forgiver-tunic#Tobacco,layered-stripe-top#PinkStripe,random,0.6277040528118114
Emma,belle-v-neck-forgiver-tunic#White,monaco-knot-top#HeatheGrey,hard,0.24507835050220106
Emma,belle-v-neck-forgiver-tunic#White,llama-long-sleeve-shirt#Mustard,semi-hard,0.5789919469277707
Emma,belle-v-neck-forgiver-tunic#White,the-luxe-dobby-blouse#White,random,0.9078063489432024
Emma,block-sweater#Block,the-boat-neck-top#Navy,hard,0.35763269397428876
Emma,block-sweater#Block,tinker-stripe-knit#NavyWhite,semi-hard,0.4338494227143652
Emma,block-sweater#Block,2-in-1-layered-knit-top#PalePink,random,0.6277040528118114
Emma,block-vest#Blockvest,geena-xo-ls-pullover-knit#WhiteCapGr,hard,0.3687593453667448
Emma,block-vest#Blockvest,wellington-tee#Olive,semi-hard,0.5907192065597238
Emma,block-vest#Blockvest,the-double-layer-top#White,random,0.7978585660428333
Emma,contrast-pocket-tunic#Pinkpocket,monaco-knot-top#Olive,hard,0.24507835050220106
Emma,contrast-pocket-tunic#Pinkpocket,icing-sugar-top#Ivory,semi-hard,0.5403905142590488
Emma,contrast-pocket-tunic#Pinkpocket,the-twist-front-top#Navy,random,0.8140121682985667
Emma,contrast-stripe-sweater#Pockets,layered-top-2#White,hard,0.39429151228720194
Emma,contrast-stripe-sweater#Pockets,always-mine-v-neck-knit#Terracotta,semi-hard,0.5032276418770671
Emma,contrast-stripe-sweater#Pockets,daylight-jumper#Silver,random,0.6268280297554722
Emma,crosses-jumper#xmyheart,york-linen-blend-top#BurntOrang,hard,0.39793580328781475
Emma,crosses-jumper#xmyheart,sunshine-in-me-tee-1#White,semi-hard,0.5741805023414219
Emma,crosses-jumper#xmyheart,grace-oversized-knit#Clay,random,0.7084699503880538
Emma,crushed-top#Blue,wonderland-blouse#Ink,hard,0.38815519658431535
Emma,crushed-top#Blue,rib-tank-2#Khaki,semi-hard,0.4436045309788126
Emma,crushed-top#Blue,print-tee-3#Boats,random,0.9179929509790621
Emma,daisy-top-1#BrightBlue,ricki-one-shoulder-top#BlackWhite,hard,0.3420248167913398
Emma,daisy-top-1#BrightBlue,the-sleeve-detail-knit#Ivory,semi-hard,0.6006190577550731
Emma,daisy-top-1#BrightBlue,blue-waters-cotton-blouse#White,random,0.6321851689577982
Emma,drama-top#BlackGrey,wildflower-shirt#White,hard,0.39922986429811147
Emma,drama-top#BlackGrey,runaway-top#Sand,semi-hard,0.5619724393670754
Emma,drama-top#BlackGrey,messina-knit#Cognac,random,0.808196708968979
Emma,everyday-linen-tunic#BotanicalB,falling-for-you-cardi#Black,hard,0.3333333333333333
Emma,everyday-linen-tunic#BotanicalB,the-contrast-panel-top#BlkStripe,semi-hard,0.5926990208599404
Emma,everyday-linen-tunic#BotanicalB,falling-flowers-cardi#GreyMarle,random,0.6761702687079841
Emma,floating-by-you-blouse#SeaFleur,belle-cowl-swing-sweater#Black,hard,0.3978937363456042
Emma,floating-by-you-blouse#SeaFleur,layer-me-bamboo-rouched-sleeve-tee#Black,semi-hard,0.44162404053747445
Emma,floating-by-you-blouse#SeaFleur,the-linen-tie-sleeve-top#GreyMarle,random,0.7324082151219364
Emma,forget-me-knot-tunic#ForgetMeK,falling-for-you-cardi#Teal,hard,0.3333333333333333
Emma,forget-me-knot-tunic#ForgetMeK,panelled-stripe-top#NavyWhite,semi-hard,0.5162322843716523
Emma,forget-me-knot-tunic#ForgetMeK,belle-handkerchief-printed-cami#RustFlwrs,random,0.776899872490749
Emma,frost-cardigan#Mauvewoo,butterfly-blouse-1#Ivory,hard,0.37352846108234045
Emma,frost-cardigan#Mauvewoo,st-helens-henley-tee#Sapphire,semi-hard,0.4398497548641227
Emma,frost-cardigan#Mauvewoo,yvette-blouse#Black,random,0.7414148351648351
Emma,hem-frill-stripe-top#Frilled,high-street-knit#NavyStripe,hard,0.34240020303238694
Emma,hem-frill-stripe-top#Frilled,ember-knit#EmberGlow,semi-hard,0.5358619403159632
Emma,hem-frill-stripe-top#Frilled,the-stitch-v-neck-knit#PinkMarle,random,0.759513439590068
Emma,hem-frill-stripe-top#SoFrilled,pure-merino-fine-rib-v-neck#Charcoal,hard,0.09406514267625378
Emma,hem-frill-stripe-top#SoFrilled,layered-tunic-1#Natural,semi-hard,0.4717663934617957
Emma,hem-frill-stripe-top#SoFrilled,the-daily-cross-over-top#SkyBlue,random,0.632183908045977
Emma,jade-kimono-sweet-blossoms#Blue,dusk-top#DuskPrint,hard,0.3932301169190537
Emma,jade-kimono-sweet-blossoms#Blue,the-cotton-cardi#Khaki,semi-hard,0.4998935717326522
Emma,jade-kimono-sweet-blossoms#Blue,layered-stripe-top#PinkStripe,random,0.6277040528118114
Emma,lola-bell-sleeve-top-ditsy-daisies#Blue,falling-for-you-cardi#Port,hard,0.3333333333333333
Emma,lola-bell-sleeve-top-ditsy-daisies#Blue,the-colour-block-pullover#Sage,semi-hard,0.5914218816517667
Emma,lola-bell-sleeve-top-ditsy-daisies#Blue,belle-ls-free-fall-tee#Airforce,random,0.7559453637039844
Emma,lola-bell-sleeve-top-entangled-vines#Gold,cara-tee-2#BlackSpot,hard,0.3498402406448384
Emma,lola-bell-sleeve-top-entangled-vines#Gold,belle-square-neck-drape-tee#Vanilla,semi-hard,0.5962977911163974
Emma,lola-bell-sleeve-top-entangled-vines#Gold,belle-ls-free-fall-tee#Airforce,random,0.7559453637039844
Emma,long-sleeve-check-top#Check,falling-for-you-cardi#Black,hard,0.3333333333333333
Emma,long-sleeve-check-top#Check,hydrangea-kimono#Hydrangea,semi-hard,0.451894423158791
Emma,long-sleeve-check-top#Check,the-twist-front-top#Navy,random,0.8140121682985667
Emma,long-sleeve-softly-swinging-bamboo-tee#Black,the-long-sleeve-v-neck-tee#White,hard,0.3389508234156222
Emma,long-sleeve-softly-swinging-bamboo-tee#Black,karmen-top#HighRiskRe,semi-hard,0.492013445437775
Emma,long-sleeve-softly-swinging-bamboo-tee#Black,the-cut-out-shoulder-blouse#Clay,random,0.644445380077564
Emma,long-sleeve-softly-swinging-bamboo-tee#BlueJeans,belle-cowl-swing-sweater#Green,hard,0.3978937363456042
Emma,long-sleeve-softly-swinging-bamboo-tee#BlueJeans,napoleon-top-1#NemoRed,semi-hard,0.4488258754602145
Emma,long-sleeve-softly-swinging-bamboo-tee#BlueJeans,the-tie-detail-hoody#FrenchBlue,random,0.6260110685398041
Emma,long-sleeve-softly-swinging-bamboo-tee#Cashew,pulkari-emb-top#Pulkari,hard,0.3837282143675822
Emma,long-sleeve-softly-swinging-bamboo-tee#Cashew,ember-knit#EmberGlow,semi-hard,0.5358619403159632
Emma,long-sleeve-softly-swinging-bamboo-tee#Cashew,snug-as-a-bug-jumper#Smoke,random,0.7407119164183341
Emma,long-sleeve-softly-swinging-bamboo-tee#Combat,butterfly-blouse-1#Ivory,hard,0.37352846108234045
Emma,long-sleeve-softly-swinging-bamboo-tee#Combat,overlay-top-2#Black,semi-hard,0.4662835833812845
Emma,long-sleeve-softly-swinging-bamboo-tee#Combat,the-longline-waterfall-cardi#Black,random,0.8224854470065198
Emma,long-sleeve-softly-swinging-bamboo-tee#Copper,fundamental-vee-tee#Black,hard,0.42336623838060616
Emma,long-sleeve-softly-swinging-bamboo-tee#Copper,the-half-sleeve-tee#White,semi-hard,0.4444195734156222
Emma,long-sleeve-softly-swinging-bamboo-tee#Copper,the-luxe-long-sleeve-tee#GreyMarle,random,0.6484639243259932
Emma,long-sleeve-softly-swinging-bamboo-tee#DuckEgg,butterfly-blouse-1#Ivory,hard,0.37352846108234045
Emma,long-sleeve-softly-swinging-bamboo-tee#DuckEgg,the-cotton-cardi#Khaki,semi-hard,0.4998935717326522
Emma,long-sleeve-softly-swinging-bamboo-tee#DuckEgg,the-pirate-in-me-shirt#White,random,0.8408538500133328
Emma,long-sleeve-softly-swinging-bamboo-tee#Fern,fundamental-vee-tee#Navy,hard,0.42336623838060616
Emma,long-sleeve-softly-swinging-bamboo-tee#Fern,jordan-top#PearlBlue,semi-hard,0.5454240011531678
Emma,long-sleeve-softly-swinging-bamboo-tee#Fern,the-cross-over-blouse#White,random,0.6662104724245528
Emma,long-sleeve-softly-swinging-bamboo-tee#Navy,dream-girl-ruffle-jumper#SoftPink,hard,0.32733077174528324
Emma,long-sleeve-softly-swinging-bamboo-tee#Navy,runaway-top#SoftMint,semi-hard,0.5619724393670754
Emma,long-sleeve-softly-swinging-bamboo-tee#Navy,the-cross-front-spot-blouse#Spot,random,0.8275186476066505
Emma,long-sleeve-softly-swinging-bamboo-tee#Oyster,fundamental-vee-tee#Pink,hard,0.42336623838060616
Emma,long-sleeve-softly-swinging-bamboo-tee#Oyster,silver-dot-tie-sleeve-blouse#SilverDotP,semi-hard,0.46309146632422493
Emma,long-sleeve-softly-swinging-bamboo-tee#Oyster,the-everyday-shirt#Cream,random,0.732653818815816
Emma,long-sleeve-softly-swinging-bamboo-tee#SilverScon,bamboo-layer-tank#Chalk,hard,0.272773712159488
Emma,long-sleeve-softly-swinging-bamboo-tee#SilverScon,sailaway-blouse#OxfordBlue,semi-hard,0.5910538172271889
Emma,long-sleeve-softly-swinging-bamboo-tee#SilverScon,placement-print-shirt#WhiteNavy,random,0.6247278257874522
Emma,long-sleeve-softly-swinging-bamboo-tee#Smoke,the-batwing-tee#Black,hard,0.4016515094101301
Emma,long-sleeve-softly-swinging-bamboo-tee#Smoke,paradise-cardi#MultiStrip,semi-hard,0.5680867165242165
Emma,long-sleeve-softly-swinging-bamboo-tee#Smoke,spot-layered-tee#Blue,random,0.6887645300899612
Emma,long-sleeve-softly-swinging-bamboo-tee#Storm,lenka-lurex-stripe-blouse#NavyGoldSt,hard,0.4085010017122086
Emma,long-sleeve-softly-swinging-bamboo-tee#Storm,cotton-modal-print-top#PinkNavy,semi-hard,0.4395965491511469
Emma,long-sleeve-softly-swinging-bamboo-tee#Storm,the-tie-layering-knit#Grey,random,0.859235312899106
Emma,long-sleeve-softly-swinging-bamboo-tee#TeaRose,high-street-knit#NavyStripe,hard,0.34240020303238694
Emma,long-sleeve-softly-swinging-bamboo-tee#TeaRose,runaway-top#SoftPink,semi-hard,0.5619724393670754
Emma,long-sleeve-softly-swinging-bamboo-tee#TeaRose,the-sleeveless-cross-over-blouse#Black,random,0.630059490916172
Emma,long-sleeve-softly-swinging-bamboo-tee#White,melbourne-stretch-cardigan#NavyWhtStr,hard,0.4176368195315753
Emma,long-sleeve-softly-swinging-bamboo-tee#White,indi-crosover-front-blouse#MixedStrip,semi-hard,0.45034677877110835
Emma,long-sleeve-softly-swinging-bamboo-tee#White,billow-top#Black,random,0.9123304091874495
Emma,long-sleeve-spot-top#Multispot,falling-for-you-cardi-2#WinterRose,hard,0.3333333333333333
Emma,long-sleeve-spot-top#Multispot,diva-ruffle-jumper#Gold%20Spot,semi-hard,0.5179410574525517
Emma,long-sleeve-spot-top#Multispot,the-stitch-v-neck-knit#PinkMarle,random,0.759513439590068
Emma,longline-cardigan-2#Pink,hayley-button-down#NavySparro,hard,0.3855176858050421
Emma,longline-cardigan-2#Pink,prickly-cactus-crew#Pink,semi-hard,0.523053086361276
Emma,longline-cardigan-2#Pink,belle-flocked-tunic#White,random,0.9502384073594562
Emma,overlay-tunic-3-pce-set#Emerald,the-short-sleeve-wrap-jersey-top#Emerald,hard,0.3849055039787798
Emma,overlay-tunic-3-pce-set#Emerald,the-reversible-cowl-neck-top-1#White,semi-hard,0.5149401055920452
Emma,overlay-tunic-3-pce-set#Emerald,belle-tie-neck-blouse-tee#RoyalBlue,random,0.6209502070673047
Emma,paint-stroke-top#Strokes,falling-for-you-cardi#GreyMarle,hard,0.3333333333333333
Emma,paint-stroke-top#Strokes,malibu-cardigan#Wine,semi-hard,0.5056340098545558
Emma,paint-stroke-top#Strokes,print-tee-3#Music,random,0.9179929509790621
Emma,printed-tunic-7#RedCheck,butterfly-blouse-1#Ivory,hard,0.37352846108234045
Emma,printed-tunic-7#RedCheck,soho-ruffle-jumper#OatmealMar,semi-hard,0.43701825858794247
Emma,printed-tunic-7#RedCheck,the-flutter-sleeve-top#SnakePrint,random,0.6389306025321351
Emma,printed-v-neck-top#Striped,pulkari-emb-top#Pulkari,hard,0.3837282143675822
Emma,printed-v-neck-top#Striped,dahlia-lace-trim-blouse#Dusk,semi-hard,0.44642776736885936
Emma,printed-v-neck-top#Striped,billow-top#Peach,random,0.9123304091874495
Emma,raspberry-ls-tee#WhiteRaspb,mila-knit-cardigan#Clay,hard,0.3309924231260438
Emma,raspberry-ls-tee#WhiteRaspb,animal-knit-1#Animal,semi-hard,0.5598550090288597
Emma,raspberry-ls-tee#WhiteRaspb,belle-tier-tee#Blue,random,0.7832252640532096
Emma,rosie-bell-sleeve-denim-shirt#Stripe,the-short-sleeve-wrap-jersey-top#Black,hard,0.3849055039787798
Emma,rosie-bell-sleeve-denim-shirt#Stripe,messina-v-neck-tee#White,semi-hard,0.5265125898207795
Emma,rosie-bell-sleeve-denim-shirt#Stripe,felicity-cardigan#Dewkist,random,0.6919212076060736
Emma,sequin-spot-cardi#Grey,mila-knit-cardigan#Black,hard,0.3309924231260438
Emma,sequin-spot-cardi#Grey,lilly-layer-stripe-tank#NavyWhite,semi-hard,0.4715325582782479
Emma,sequin-spot-cardi#Grey,tracie-top#Opal,random,0.687737691015349
Emma,side-buttoned-sweater#Buttoned,the-panel-luxe-top#BlkWhite,hard,0.38075184115054805
Emma,side-buttoned-sweater#Buttoned,sunshine-in-me-tee-1#White,semi-hard,0.5741805023414219
Emma,side-buttoned-sweater#Buttoned,partly-cloudy-knit#Black,random,0.7791125656307649
Emma,stripe-me-happy-blouse#Ash,fundamental-vee-tee#GreyMarle,hard,0.42336623838060616
Emma,stripe-me-happy-blouse#Ash,first-mix-top-1#BlackWhite,semi-hard,0.5235605576841209
Emma,stripe-me-happy-blouse#Ash,sky-jumper-1#Clouds,random,0.686883944067852
Emma,striped-sleeve-sweater#Striped,the-batwing-tee#Stone,hard,0.4016515094101301
Emma,striped-sleeve-sweater#Striped,aigli-top#White,semi-hard,0.5091825812012594
Emma,striped-sleeve-sweater#Striped,cross-my-heart-bamboo-slouch-tee#White,random,0.9711406888131027
Emma,sugar-snaps-layers-tank#Black,roll-neck-jumper-3#GreyMarl,hard,0.37629110060862936
Emma,sugar-snaps-layers-tank#Black,the-stripe-jersey-top#Blue,semi-hard,0.5377566704793716
Emma,sugar-snaps-layers-tank#Black,print-tee-3#Bike,random,0.9179929509790621
Emma,sugar-snaps-layers-tank#Blue,layered-top-2#White,hard,0.39429151228720194
Emma,sugar-snaps-layers-tank#Blue,karmen-top#HighRiskRe,semi-hard,0.492013445437775
Emma,sugar-snaps-layers-tank#Blue,the-cross-front-spot-blouse#NavySpot,random,0.8275186476066505
Emma,sugar-snaps-layers-tank#DeepCobalt,millie-top#BlackSpot,hard,0.42041965192108866
Emma,sugar-snaps-layers-tank#DeepCobalt,arya-frilled-blouse#Oyster,semi-hard,0.5208455769698586
Emma,sugar-snaps-layers-tank#DeepCobalt,beach-walk-shirt#Stormy,random,0.8237547892720307
Emma,sugar-snaps-layers-tank#DuckEgg,falling-for-you-cardi#Port,hard,0.3333333333333333
Emma,sugar-snaps-layers-tank#DuckEgg,aigli-top#White,semi-hard,0.5091825812012594
Emma,sugar-snaps-layers-tank#DuckEgg,the-belle-sleeve-print-top#NavyPrint,random,0.7986842805449127
Emma,sugar-snaps-layers-tank#Mint,the-cotton-bamboo-tee#BlueJeans,hard,0.3278341496732301
Emma,sugar-snaps-layers-tank#Mint,wrap-me-up-bamboo-top#BlueJeans,semi-hard,0.5725311017606276
Emma,sugar-snaps-layers-tank#Mint,be-mine-top-1#Sage,random,0.9050454454549284
Emma,sugar-snaps-layers-tank#NewBeige,fundamental-vee-tee#Black,hard,0.42336623838060616
Emma,sugar-snaps-layers-tank#NewBeige,napoleon-top-1#NemoBlue,semi-hard,0.4488258754602145
Emma,sugar-snaps-layers-tank#NewBeige,layered-sleeve-top#Moss,random,0.609193830727595
Emma,sugar-snaps-layers-tank#PeachyKeen,high-street-knit#NavyStripe,hard,0.34240020303238694
Emma,sugar-snaps-layers-tank#PeachyKeen,ditzy-floral-ruffle-blouse#DitzyFlora,semi-hard,0.513335439969779
Emma,sugar-snaps-layers-tank#PeachyKeen,clio-knit-jumper#Black,random,0.7004221654604796
Emma,sugar-snaps-layers-tank#Red,holly-rib-long-sleeve-tee#Khaki,hard,0.2607260469149837
Emma,sugar-snaps-layers-tank#Red,icing-sugar-top#Ivory,semi-hard,0.5403905142590488
Emma,sugar-snaps-layers-tank#Red,ivy-cosy-pullover#Blossom,random,0.6966519172876932
Emma,sugar-snaps-layers-tank#SeaGreen,manhattan-stretch-tee#NavyWhtStr,hard,0.341821937906708
Emma,sugar-snaps-layers-tank#SeaGreen,layered-tee-2#Black,semi-hard,0.508297019072881
Emma,sugar-snaps-layers-tank#SeaGreen,belle-satin-shirt#Black,random,0.7137084359605912
Emma,sugar-snaps-layers-tank#White,mila-knit-cardigan#InkWhite,hard,0.3309924231260438
Emma,sugar-snaps-layers-tank#White,runaway-top#SoftPink,semi-hard,0.5619724393670754
Emma,sugar-snaps-layers-tank#White,flow-with-me-slouch-top#Brick,random,1.1406797308826764
Emma,the-bamboo-tunic-dress#Khaki,ricki-one-shoulder-top#BlackWhite,hard,0.3420248167913398
Emma,the-bamboo-tunic-dress#Khaki,agra-shirt#White,semi-hard,0.5598350537287319
Emma,the-bamboo-tunic-dress#Khaki,the-define-flute-sleeve-blouse#Black,random,0.6208541036576238
Emma,the-bonded-cotton-shirt#Pink,eco-78-long-cardigan#LightGreyM,hard,0.3458925267474118
Emma,the-bonded-cotton-shirt#Pink,prickly-cactus-crew#Pink,semi-hard,0.523053086361276
Emma,the-bonded-cotton-shirt#Pink,the-belle-sleeve-print-top#NavyPrint,random,0.7986842805449127
Emma,the-drape-tee-1#Black,the-long-sleeve-v-neck-tee#White,hard,0.3389508234156222
Emma,the-drape-tee-1#Black,picnic-top#BlackWhite,semi-hard,0.4662105601401579
Emma,the-drape-tee-1#Black,belle-lace-trim-tee#GreyMarle,random,0.8473400717922988
Emma,the-drape-tee-1#Navy,falling-for-you-cardi#Port,hard,0.3333333333333333
Emma,the-drape-tee-1#Navy,collared-shirt-1#White,semi-hard,0.45794256031325
Emma,the-drape-tee-1#Navy,the-zip-front-blouse#Navy,random,0.7928817227188875
Emma,the-drape-tee-1#NavyStripe,the-reversible-cowl-neck-top-2#Ocean,hard,0.2757523879111523
Emma,the-drape-tee-1#NavyStripe,jordan-top#PearlBlue,semi-hard,0.5454240011531678
Emma,the-drape-tee-1#NavyStripe,the-multi-stripe-cardi#Stripe,random,0.6906820297624895
Emma,the-drape-tee-1#Stripe,the-batwing-tee#Black,hard,0.4016515094101301
Emma,the-drape-tee-1#Stripe,geneva-v-neck-top#Olive,semi-hard,0.5739631138338035
Emma,the-drape-tee-1#Stripe,the-cross-over-blouse#Silver,random,0.6662104724245528
Emma,the-drape-tee-1#White,endeavor-long-sleeve-tee#Stripe,hard,0.3333333333333333
Emma,the-drape-tee-1#White,arizona-off-the-shoulder-top#Khaki,semi-hard,0.45719394417311077
Emma,the-drape-tee-1#White,tab-sleeve-longline-shirt#Pink,random,0.7715382744118376
Emma,the-pocket-tee#GreyStripe,cable-knit-sweater#Camel,hard,0.35550432964226064
Emma,the-pocket-tee#GreyStripe,belle-half-sleeve-forgiver-tunic#FlamPink,semi-hard,0.5717234968761549
Emma,the-pocket-tee#GreyStripe,partly-cloudy-knit#Black,random,0.7791125656307649
Emma,the-pocket-tee#NavyStripe,suri-bell-sleeve-top#GreyMarle,hard,0.4269678776683087
Emma,the-pocket-tee#NavyStripe,geneva-v-neck-top#HeatheGrey,semi-hard,0.5739631138338035
Emma,the-pocket-tee#NavyStripe,chill-out-slouch-top#Mustard,random,0.904393627139676
Emma,the-relaxed-long-sleeve-tee#Black,nova-lux-long-sleeve-tie-top-1#CloudDance,hard,0.41989386996570904
Emma,the-relaxed-long-sleeve-tee#Black,belle-off-the-shoulder-tee#Stripe,semi-hard,0.5886192767029692
Emma,the-relaxed-long-sleeve-tee#Black,the-check-pullover#PinkCheck,random,1.1120769147439407
Emma,the-relaxed-long-sleeve-tee#Khaki,eco-78-long-cardigan#DarkGreyM,hard,0.3458925267474118
Emma,the-relaxed-long-sleeve-tee#Khaki,you-at-my-shoulder-tunic#Black,semi-hard,0.47945934440187316
Emma,the-relaxed-long-sleeve-tee#Khaki,sugar-snaps-round-neck-layer-tank#Black,random,0.7288721615230236
Emma,the-relaxed-long-sleeve-tee#Navy,printed-v-neck-blouse#NavyWhite,hard,0.4052004096903522
Emma,the-relaxed-long-sleeve-tee#Navy,spliced-stripe-tunic#Navy,semi-hard,0.4568093112453745
Emma,the-relaxed-long-sleeve-tee#Navy,flow-with-me-slouch-top#Brick,random,1.1406797308826764
Emma,the-relaxed-long-sleeve-tee#Pink,magnolia-fields-keyhole-blouse#Magnolia,hard,0.33600946334423343
Emma,the-relaxed-long-sleeve-tee#Pink,layered-tunic-1#Natural,semi-hard,0.4717663934617957
Emma,the-relaxed-long-sleeve-tee#Pink,the-cross-over-blouse#White,random,0.6662104724245528
Emma,the-relaxed-long-sleeve-tee#White,pure-merino-fine-rib-v-neck#Charcoal,hard,0.09406514267625378
Emma,the-relaxed-long-sleeve-tee#White,fundamental-rib-long-sleeve-tee#Black,semi-hard,0.49513273417727444
Emma,the-relaxed-long-sleeve-tee#White,roll-with-me-jumper#Chalk,random,0.6301868795582877
Emma,the-slouch-pocket-tee#Stripe,the-wrap-jersey-top-1#NavyStripe,hard,0.4030174606683228
Emma,the-slouch-pocket-tee#Stripe,kimono-and-me-cardi#DustyPink,semi-hard,0.5659931460488212
Emma,the-slouch-pocket-tee#Stripe,daisy-chain-tassel-blouse#DeepBlue,random,0.7345141023301943
Emma,tie-back-bell-sleeve-top-5#Summerbud,bubbles-print-tee#Cambridge,hard,0.40325780142590484
Emma,tie-back-bell-sleeve-top-5#Summerbud,verona-patchwork-top#Patchwork,semi-hard,0.45330931241491584
Emma,tie-back-bell-sleeve-top-5#Summerbud,softly-swinging-bamboo-tee#BlueJeans,random,0.6450870197278243
Emma,viola-kimono-radiant-floral#Grey,melbourne-stretch-cardigan#Navy,hard,0.4176368195315753
Emma,viola-kimono-radiant-floral#Grey,wellington-tee#ClaySpot,semi-hard,0.5907192065597238
Emma,viola-kimono-radiant-floral#Grey,softly-swinging-bamboo-tee#Navy,random,0.6450870197278243
Emma,weekend-tunic#Navy,falling-for-you-cardi#Navy,hard,0.3333333333333333
Emma,weekend-tunic#Navy,the-half-sleeve-tee#Black,semi-hard,0.4444195734156222
Emma,weekend-tunic#Navy,the-daily-essential-jumper#Grey,random,0.7728554704129417
Emma,westward-top#BotanicalD,the-longline-cardi-1#Nude,hard,0.3906400578455176
Emma,westward-top#BotanicalD,arizona-off-the-shoulder-top#Khaki,semi-hard,0.45719394417311077
Emma,westward-top#BotanicalD,the-everyday-shirt#Midnight,random,0.732653818815816
Fiona,batty-about-you-cotton-tee#BlkWhite,rib-tank-2#Navy,hard,0.23792072273511222
Fiona,batty-about-you-cotton-tee#BlkWhite,rory-spliced-zip-hoodie#Silver,semi-hard,0.27517658029821346
Fiona,batty-about-you-cotton-tee#BlkWhite,layered-stripe-top#PinkStripe,random,0.37141805007898776
Fiona,be-mine-top-1#Sage,eco-78-long-cardigan#DarkGreyM,hard,0.21217049627076334
Fiona,be-mine-top-1#Sage,kimono-and-me-cardi#Sand,semi-hard,0.3086088717632533
Fiona,be-mine-top-1#Sage,the-bonded-cotton-tunic-dress#Navy,random,0.43647471924882353
Fiona,belle-cowl-swing-sweater#Black,the-short-sleeve-wrap-jersey-top#Black,hard,0.2236328603789013
Fiona,belle-cowl-swing-sweater#Black,elcos-45-aop-top-jrs#BlackZigZa,semi-hard,0.30367421267014627
Fiona,belle-cowl-swing-sweater#Black,floral-nehru-print-shirt#Pink,random,0.4658468408420333
Fiona,belle-cowl-swing-sweater#Green,gloria-applique-crew#Charcoal,hard,0.24492436178144295
Fiona,belle-cowl-swing-sweater#Green,bamboo-layer-tank#Black,semi-hard,0.3498274363582383
Fiona,belle-cowl-swing-sweater#Green,stripe-me-happy-blouse#Ash,random,0.4737979322794158
Fiona,belle-deep-v-mesh-top#Black,cara-tee-4#BlackWhite,hard,0.22329853587392143
Fiona,belle-deep-v-mesh-top#Black,tia-boyfriend-shirt#White,semi-hard,0.2834249143421327
Fiona,belle-deep-v-mesh-top#Black,tuck-layer-shirt#White,random,0.6326424894369888
Fiona,belle-ls-free-fall-tee#Airforce,cara-tee-4#Black,hard,0.22329853587392143
Fiona,belle-ls-free-fall-tee#Airforce,lucy-rib-oversized-top#Black,semi-hard,0.28794661931630217
Fiona,belle-ls-free-fall-tee#Airforce,meredith-78-oversized-pullover-knit#CameoRose,random,0.7634245751673617
Fiona,belle-ls-free-fall-tee#Blush,st-helens-henley-tee#Sapphire,hard,0.22616758479300025
Fiona,belle-ls-free-fall-tee#Blush,you-at-my-shoulder-tunic#Black,semi-hard,0.3291121929872545
Fiona,belle-ls-free-fall-tee#Blush,the-layered-cross-over-top#Navy,random,0.3818152903100595
Fiona,belle-ls-free-fall-tee#Greenland,st-helens-henley-tee#Sapphire,hard,0.22616758479300025
Fiona,belle-ls-free-fall-tee#Greenland,clovis-shirt#NavyGold,semi-hard,0.2533182725789748
Fiona,belle-ls-free-fall-tee#Greenland,the-cross-front-spot-blouse#NavySpot,random,0.5293835576380816
Fiona,belle-paint-brush-print-top#PaintPrint,butterfly-blouse-1#Ivory,hard,0.15365401978409973
Fiona,belle-paint-brush-print-top#PaintPrint,wellington-tee#ClaySpot,semi-hard,0.3424462058163134
Fiona,belle-paint-brush-print-top#PaintPrint,belle-polka-dot-blouse#WhiteSpot,random,0.5306712087240375
Fiona,belle-satin-shirt#Black,mila-knit-cardigan#Clay,hard,0.20251504157966538
Fiona,belle-satin-shirt#Black,fundamental-stripe-long-sleeve-tee#WhiteBlack,semi-hard,0.2486285614747873
Fiona,belle-satin-shirt#Black,belle-mesh-cardi#Black,random,0.6400221530506909
Fiona,belle-v-neck-forgiver-tunic#ArmyGreen,layer-me-bamboo-rouched-sleeve-tee#Black,hard,0.23394478731406507
Fiona,belle-v-neck-forgiver-tunic#ArmyGreen,jordan-top#PearlBlue,semi-hard,0.30725264452448564
Fiona,belle-v-neck-forgiver-tunic#ArmyGreen,felicity-cardigan#Dewkist,random,0.4540389005285405
Fiona,belle-v-neck-forgiver-tunic#Black,rib-tank-2#Navy,hard,0.23792072273511222
Fiona,belle-v-neck-forgiver-tunic#Black,kimono-and-me-cardi#DustyPink,semi-hard,0.3086088717632533
Fiona,belle-v-neck-forgiver-tunic#Black,peasant-top-3#Denim,random,0.5029756339461584
Fiona,belle-v-neck-forgiver-tunic#BlueMarle,manhattan-stretch-tee#Navy,hard,0.2285692043616061
Fiona,belle-v-neck-forgiver-tunic#BlueMarle,saba-top-2#Catus,semi-hard,0.2522572305475413
Fiona,belle-v-neck-forgiver-tunic#BlueMarle,moonlight-kisses-bamboo-tee#Combat,random,0.37182542371749744
Fiona,belle-v-neck-forgiver-tunic#Charcoal,rib-tank-2#Khaki,hard,0.23792072273511222
Fiona,belle-v-neck-forgiver-tunic#Charcoal,fundamental-rib-long-sleeve-tee#White,semi-hard,0.2651563169218878
Fiona,belle-v-neck-forgiver-tunic#Charcoal,the-sleeveless-cross-over-blouse#Mint,random,0.3731097680643447
Fiona,belle-v-neck-forgiver-tunic#DenimMarl,the-wrap-jersey-top#Charcoal,hard,0.23669795422596243
Fiona,belle-v-neck-forgiver-tunic#DenimMarl,art-deco-print-top#NavyWhite,semi-hard,0.2623159770315162
Fiona,belle-v-neck-forgiver-tunic#DenimMarl,the-button-up-swing-tunic#Wine,random,0.5752776435867643
Fiona,belle-v-neck-forgiver-tunic#Navy,double-layered-top-1#WSilver,hard,0.22203649768876416
Fiona,belle-v-neck-forgiver-tunic#Navy,monaco-knot-top#Black,semi-hard,0.2915543906002187
Fiona,belle-v-neck-forgiver-tunic#Navy,sugar-snaps-layers-tank#NewBeige,random,0.41910402614398484
Fiona,belle-v-neck-forgiver-tunic#Scarlett,cara-tee-3#Mustard,hard,0.22467975134353468
Fiona,belle-v-neck-forgiver-tunic#Scarlett,maui-stretch-tee#White,semi-hard,0.3110829315554577
Fiona,belle-v-neck-forgiver-tunic#Scarlett,the-zip-front-blouse#Navy,random,0.5253618818581586
Fiona,belle-v-neck-forgiver-tunic#Tobacco,hayley-button-down#NavySparro,hard,0.21568904434064928
Fiona,belle-v-neck-forgiver-tunic#Tobacco,nova-lux-long-sleeve-tie-top-1#CloudDance,semi-hard,0.252420548787454
Fiona,belle-v-neck-forgiver-tunic#Tobacco,daisy-chain-tassel-blouse#DeepBlue,random,0.49114523751198086
Fiona,belle-v-neck-forgiver-tunic#White,spliced-stripe-tunic#Navy,hard,0.23302095919561308
Fiona,belle-v-neck-forgiver-tunic#White,lucy-rib-oversized-top#WhiteGrey,semi-hard,0.28794661931630217
Fiona,belle-v-neck-forgiver-tunic#White,the-oversize-knit#Ink,random,0.6894316503473552
Fiona,birds-tee-1#Navy,the-short-sleeve-wrap-jersey-top#Blue,hard,0.2236328603789013
Fiona,birds-tee-1#Navy,always-mine-spliced-cardigan#GreyEmeral,semi-hard,0.28688149543923597
Fiona,birds-tee-1#Navy,delicado-top#White,random,0.5460354734019689
Fiona,chill-out-slouch-top#GreyMarle,double-layered-top-1#WBlack,hard,0.22203649768876416
Fiona,chill-out-slouch-top#GreyMarle,runaway-top#SoftMint,semi-hard,0.36402457925350545
Fiona,chill-out-slouch-top#GreyMarle,paradise-top#Red,random,0.4068593173635409
Fiona,chill-out-slouch-top#Mustard,rib-tank-2#White,hard,0.23792072273511222
Fiona,chill-out-slouch-top#Mustard,falling-for-you-tunic#Rust,semi-hard,0.3052833366797113
Fiona,chill-out-slouch-top#Mustard,the-bell-sleeve-top#Grey,random,0.507123181199169
Fiona,cool-breeze-jumper#Dust,button-through-animal-shirt#Animal,hard,0.2417693143149796
Fiona,cool-breeze-jumper#Dust,drapey-stripe-tee#Navy,semi-hard,0.2622432230402119
Fiona,cool-breeze-jumper#Dust,daisy-chain-tassel-blouse#DeepBlue,random,0.49114523751198086
Fiona,cover-up-slouch-cardi#Alloy,capri-tank-3#Navy,hard,0.22624271711485924
Fiona,cover-up-slouch-cardi#Alloy,lenka-lurex-stripe-blouse#NavyGoldSt,semi-hard,0.279127527488415
Fiona,cover-up-slouch-cardi#Alloy,the-cross-over-top#GreyStripe,random,0.5063028768429662
Fiona,cross-my-heart-bamboo-slouch-tee#White,cara-tee-3#ZebraPrint,hard,0.22467975134353468
Fiona,cross-my-heart-bamboo-slouch-tee#White,sandy-off-the-shoulder-top#Gingham,semi-hard,0.26317840123978076
Fiona,cross-my-heart-bamboo-slouch-tee#White,relaxed-animal-print-blouse#Leopard,random,0.4598957181329471
Fiona,falling-for-you-cardi#Black,gloria-applique-crew#Charcoal,hard,0.24492436178144295
Fiona,falling-for-you-cardi#Black,elcos-top#LightGrey,semi-hard,0.3130634089574634
Fiona,falling-for-you-cardi#Black,the-cross-over-blouse#Red,random,0.3958742770340751
Fiona,falling-for-you-cardi#Dusty,everyday-linen-tunic#BotanicalB,hard,0.1956867857862599
Fiona,falling-for-you-cardi#Dusty,ynes#Black,semi-hard,0.2719306576808944
Fiona,falling-for-you-cardi#Dusty,bora-bora-layered-tank#BoraBora,random,0.4523879298406241
Fiona,falling-for-you-cardi#GreyMarle,lake-house-top#CoalPrint,hard,0.21881251015625947
Fiona,falling-for-you-cardi#GreyMarle,wrap-me-up-bamboo-top#BlueJeans,semi-hard,0.32749886248461213
Fiona,falling-for-you-cardi#GreyMarle,paradise-top#Red,random,0.4068593173635409
Fiona,falling-for-you-cardi#Khaki,meadow-cardigan#Cream,hard,0.1968017428520923
Fiona,falling-for-you-cardi#Khaki,the-ultimate-tie-cardi#Port,semi-hard,0.31684693743663933
Fiona,falling-for-you-cardi#Khaki,the-bell-sleeve-top#Grey,random,0.507123181199169
Fiona,falling-for-you-cardi#Mustard,shirt-in-a-box#Silver,hard,0.24209935782496111
Fiona,falling-for-you-cardi#Mustard,renee-sweater#Sapphire,semi-hard,0.2611821810087784
Fiona,falling-for-you-cardi#Mustard,the-print-contrast-34-sleeve-top#Animal,random,0.5183046420227111
Fiona,falling-for-you-cardi#Navy,leah-knit-cardigan#WhiteBlk,hard,0.18374252176222602
Fiona,falling-for-you-cardi#Navy,driftwood-gathering-blouse#Khaki,semi-hard,0.35476724468026916
Fiona,falling-for-you-cardi#Navy,love-song-relaxed-blouse#SagePearl,random,0.4451508991995027
Fiona,falling-for-you-cardi#Port,mila-knit-cardigan#Clay,hard,0.20251504157966538
Fiona,falling-for-you-cardi#Port,not-today-buttoned-cardigan#Almond,semi-hard,0.3288899814563764
Fiona,falling-for-you-cardi#Port,the-print-contrast-34-sleeve-top#Animal,random,0.5183046420227111
Fiona,falling-for-you-cardi#Rust,bubbles-print-tee#Cambridge,hard,0.23346627866830338
Fiona,falling-for-you-cardi#Rust,lucy-rib-oversized-top#WhiteGrey,semi-hard,0.28794661931630217
Fiona,falling-for-you-cardi#Rust,butterfly-kisses-tee#MustardStr,random,0.453995952081396
Fiona,falling-for-you-cardi#Teal,ricki-one-shoulder-top#BlackWhite,hard,0.23816258032703996
Fiona,falling-for-you-cardi#Teal,holly-rib-long-sleeve-tee#Black,semi-hard,0.2563858519247385
Fiona,falling-for-you-cardi#Teal,the-define-flute-sleeve-blouse#White,random,0.36548812412157583
Fiona,fern-print-top#Navy,reversible-scoopv-neck-tank#Navy,hard,0.23082302501353286
Fiona,fern-print-top#Navy,print-shirt-1#Blush,semi-hard,0.3427485374771455
Fiona,fern-print-top#Navy,the-frill-detail-blouse#Chambray,random,0.4360635560414482
Fiona,flow-with-me-slouch-top#Brick,forget-me-knot-tunic#ForgetMeK,hard,0.12771486217903966
Fiona,flow-with-me-slouch-top#Brick,coogee-shirt#White,semi-hard,0.24990634248894125
Fiona,flow-with-me-slouch-top#Brick,butterfly-kisses-tee#MustardStr,random,0.453995952081396
Fiona,flying-free-top-3#WhiteBird,ricki-one-shoulder-top#BlackWhite,hard,0.23816258032703996
Fiona,flying-free-top-3#WhiteBird,icing-sugar-top#Ivory,semi-hard,0.3011542296072984
Fiona,flying-free-top-3#WhiteBird,the-cotton-bamboo-tank#Moonbeam,random,0.3839941863858686
Fiona,foil-print-top-2#Navy,aida-long-tunic-shirt#AidaStripe,hard,0.2187753265340397
Fiona,foil-print-top-2#Navy,messina-v-neck-tee#White,semi-hard,0.29091322993364543
Fiona,foil-print-top-2#Navy,the-lace-trim-top#Ivory,random,0.377643375675545
Fiona,foil-spot-tee-1#Navy,manhattan-stretch-tee#Navy,hard,0.2285692043616061
Fiona,foil-spot-tee-1#Navy,drapey-stripe-tee#Navy,semi-hard,0.2622432230402119
Fiona,foil-spot-tee-1#Navy,the-bonded-cotton-shirt#Pink,random,0.472323341546406
Fiona,frill-me-tie-throw-on#WhiteBlk,rib-tank-2#White,hard,0.23792072273511222
Fiona,frill-me-tie-throw-on#WhiteBlk,belle-petal-print-top#Petal,semi-hard,0.3444175309438714
Fiona,frill-me-tie-throw-on#WhiteBlk,the-layered-cross-over-top#Black,random,0.3818152903100595
Fiona,hem-frill-stripe-top#Frilled,nova-lux-solid-v-neck-placket-shirt#CloudDance,hard,0.23820003473508794
Fiona,hem-frill-stripe-top#Frilled,wellington-tee#ClaySpot,semi-hard,0.3424462058163134
Fiona,hem-frill-stripe-top#Frilled,the-cotton-bamboo-ls-top#Black,random,0.3838290963374502
Fiona,hem-frill-stripe-top#SoFrilled,button-through-animal-shirt#Animal,hard,0.2417693143149796
Fiona,hem-frill-stripe-top#SoFrilled,ruffle-top-4#Black,semi-hard,0.2673786519158212
Fiona,hem-frill-stripe-top#SoFrilled,lurex-stitch-top#White,random,0.39136750969506395
Fiona,jade-kimono-sweet-blossoms#Blue,capri-tank-3#Black,hard,0.22624271711485924
Fiona,jade-kimono-sweet-blossoms#Blue,nature-ls-top#BlueGum,semi-hard,0.34017054607243213
Fiona,jade-kimono-sweet-blossoms#Blue,the-cotton-blend-stripe-jumper#BlueStripe,random,0.40391663475739836
Fiona,leopard-print-kimono#GoldMulti,capri-tank-6#ClaySpot,hard,0.23849508956406035
Fiona,leopard-print-kimono#GoldMulti,heart-spliced-top#Navy,semi-hard,0.32301172353632307
Fiona,leopard-print-kimono#GoldMulti,the-drape-tee-1#White,random,0.45247516824706735
Fiona,lola-bell-sleeve-top-ditsy-daisies#Blue,cuddled-longline-cardigan#Sunflower,hard,0.23040013491724798
Fiona,lola-bell-sleeve-top-ditsy-daisies#Blue,drama-top#BlackGrey,semi-hard,0.2966831329284192
Fiona,lola-bell-sleeve-top-ditsy-daisies#Blue,fundamental-split-hoodie-1#Lilac,random,0.4224621443561256
Fiona,lola-bell-sleeve-top-entangled-vines#Gold,double-layered-top-1#WBlack,hard,0.22203649768876416
Fiona,lola-bell-sleeve-top-entangled-vines#Gold,luxe-shirt#Black,semi-hard,0.3109389728307445
Fiona,lola-bell-sleeve-top-entangled-vines#Gold,2-in-1-layered-knit-top#Khaki,random,0.37141805007898776
Fiona,long-sleeve-layer-top#Navy,cara-tee-3#ZebraPrint,hard,0.22467975134353468
Fiona,long-sleeve-layer-top#Navy,lucy-rib-oversized-top#WhiteGrey,semi-hard,0.28794661931630217
Fiona,long-sleeve-layer-top#Navy,belle-lace-trim-tee#GreyMarle,random,0.5399452250415054
Fiona,long-sleeve-layer-top#White,shirt-in-a-box#Silver,hard,0.24209935782496111
Fiona,long-sleeve-layer-top#White,wrap-me-up-bamboo-top#Black,semi-hard,0.32749886248461213
Fiona,long-sleeve-layer-top#White,softly-swinging-bamboo-tee#Starfish,random,0.3814159113007637
Fiona,long-sleeve-ruffle-shirt#Black,germaine-blouse#Pearl,hard,0.23831333926234902
Fiona,long-sleeve-ruffle-shirt#Black,you-at-my-shoulder-tunic#Black,semi-hard,0.3291121929872545
Fiona,long-sleeve-ruffle-shirt#Black,meredith-78-oversized-pullover-knit#CameoRose,random,0.7634245751673617
Fiona,long-sleeve-ruffle-shirt#Navy,layered-top-2#White,hard,0.233290401123787
Fiona,long-sleeve-ruffle-shirt#Navy,the-crossover-2-way-blouse#Black,semi-hard,0.3195780207374569
Fiona,long-sleeve-ruffle-shirt#Navy,the-cross-over-blouse#Silver,random,0.3958742770340751
Fiona,long-sleeve-ruffle-shirt#White,glasgow-top#Melange,hard,0.2355102703906815
Fiona,long-sleeve-ruffle-shirt#White,ember-knit#EmberGlow,semi-hard,0.29853528077152125
Fiona,long-sleeve-ruffle-shirt#White,the-cross-over-top#GreyStripe,random,0.5063028768429662
Fiona,long-sleeve-softly-swinging-bamboo-tee#Black,butterfly-blouse-1#Ivory,hard,0.15365401978409973
Fiona,long-sleeve-softly-swinging-bamboo-tee#Black,karmen-top#HighRiskRe,semi-hard,0.3145671686252696
Fiona,long-sleeve-softly-swinging-bamboo-tee#Black,the-drape-tee-1#NavyStripe,random,0.45247516824706735
Fiona,long-sleeve-softly-swinging-bamboo-tee#BlueJeans,freya-fringe-blouse#Navy,hard,0.2470998665871177
Fiona,long-sleeve-softly-swinging-bamboo-tee#BlueJeans,runaway-top#SoftMint,semi-hard,0.36402457925350545
Fiona,long-sleeve-softly-swinging-bamboo-tee#BlueJeans,the-flutter-sleeve-top#SnakePrint,random,0.41561564275572405
Fiona,long-sleeve-softly-swinging-bamboo-tee#Cashew,cara-tee-2#Blush,hard,0.2298516952343805
Fiona,long-sleeve-softly-swinging-bamboo-tee#Cashew,seeker-knot-front-shirt#Olive,semi-hard,0.28127580900561455
Fiona,long-sleeve-softly-swinging-bamboo-tee#Cashew,crushed-top#Blue,random,0.37141805007898776
Fiona,long-sleeve-softly-swinging-bamboo-tee#Combat,leah-knit-cardigan#WhiteBlk,hard,0.18374252176222602
Fiona,long-sleeve-softly-swinging-bamboo-tee#Combat,holly-rib-long-sleeve-tee#Black,semi-hard,0.2563858519247385
Fiona,long-sleeve-softly-swinging-bamboo-tee#Combat,the-oversized-cotton-blend-shirt#Navy,random,0.6305382672096788
Fiona,long-sleeve-softly-swinging-bamboo-tee#Copper,capri-tank-3#Navy,hard,0.22624271711485924
Fiona,long-sleeve-softly-swinging-bamboo-tee#Copper,verona-patchwork-top#Patchwork,semi-hard,0.25489110842210116
Fiona,long-sleeve-softly-swinging-bamboo-tee#Copper,je-taime-knit#Navy,random,0.3891070024957284
Fiona,long-sleeve-softly-swinging-bamboo-tee#DuckEgg,the-long-sleeve-v-neck-tee#White,hard,0.2425736972286059
Fiona,long-sleeve-softly-swinging-bamboo-tee#DuckEgg,wrap-me-up-bamboo-top#BlueJeans,semi-hard,0.32749886248461213
Fiona,long-sleeve-softly-swinging-bamboo-tee#DuckEgg,zara-top#ZebraPrint,random,0.3999472641017737
Fiona,long-sleeve-softly-swinging-bamboo-tee#Fern,the-short-sleeve-wrap-jersey-top#Black,hard,0.2236328603789013
Fiona,long-sleeve-softly-swinging-bamboo-tee#Fern,runaway-top#SoftMint,semi-hard,0.36402457925350545
Fiona,long-sleeve-softly-swinging-bamboo-tee#Fern,sugar-snaps-layers-tank#Red,random,0.41910402614398484
Fiona,long-sleeve-softly-swinging-bamboo-tee#Navy,meadow-cardigan#Cream,hard,0.1968017428520923
Fiona,long-sleeve-softly-swinging-bamboo-tee#Navy,the-panel-hem-top#Khaki,semi-hard,0.3183859938222434
Fiona,long-sleeve-softly-swinging-bamboo-tee#Navy,the-cut-out-shoulder-blouse#White,random,0.3841439481416198
Fiona,long-sleeve-softly-swinging-bamboo-tee#Oyster,layer-me-bamboo-rouched-sleeve-tee#Fern,hard,0.23394478731406507
Fiona,long-sleeve-softly-swinging-bamboo-tee#Oyster,the-stripe-pocket-tank#Stripe,semi-hard,0.3326283636817386
Fiona,long-sleeve-softly-swinging-bamboo-tee#Oyster,anna-top#Leona,random,0.4514709601970908
Fiona,long-sleeve-softly-swinging-bamboo-tee#SilverScon,cara-tee-3#Mustard,hard,0.22467975134353468
Fiona,long-sleeve-softly-swinging-bamboo-tee#SilverScon,maui-stretch-tee#NavyWhtStr,semi-hard,0.3110829315554577
Fiona,long-sleeve-softly-swinging-bamboo-tee#SilverScon,sugar-snaps-layers-tank#PeachyKeen,random,0.41910402614398484
Fiona,long-sleeve-softly-swinging-bamboo-tee#Smoke,layered-top-2#White,hard,0.233290401123787
Fiona,long-sleeve-softly-swinging-bamboo-tee#Smoke,irena-embroidered-blouse#DustyRose,semi-hard,0.26559894716177623
Fiona,long-sleeve-softly-swinging-bamboo-tee#Smoke,peasant-top-3#Denim,random,0.5029756339461584
Fiona,long-sleeve-softly-swinging-bamboo-tee#Storm,mila-knit-cardigan#Black,hard,0.20251504157966538
Fiona,long-sleeve-softly-swinging-bamboo-tee#Storm,dream-girl-ruffle-jumper#SoftPink,semi-hard,0.27451484134142545
Fiona,long-sleeve-softly-swinging-bamboo-tee#Storm,belle-lace-trim-tee#GreyMarle,random,0.5399452250415054
Fiona,long-sleeve-softly-swinging-bamboo-tee#TeaRose,cara-tee-2#Blush,hard,0.2298516952343805
Fiona,long-sleeve-softly-swinging-bamboo-tee#TeaRose,kimono-and-me-cardi#Sand,semi-hard,0.3086088717632533
Fiona,long-sleeve-softly-swinging-bamboo-tee#TeaRose,the-daily-cross-over-top#PinkPrint,random,0.47494666593731194
Fiona,long-sleeve-softly-swinging-bamboo-tee#White,cyrus-top#LightRose,hard,0.23820003473508794
Fiona,long-sleeve-softly-swinging-bamboo-tee#White,verona-patchwork-top#Patchwork,semi-hard,0.25489110842210116
Fiona,long-sleeve-softly-swinging-bamboo-tee#White,the-cotton-blend-stripe-jumper#BlueStripe,random,0.40391663475739836
Fiona,long-sleeve-spot-top#Multispot,rib-tank-2#Mustard,hard,0.23792072273511222
Fiona,long-sleeve-spot-top#Multispot,paisley-top-1#Paisley,semi-hard,0.29410573180815675
Fiona,long-sleeve-spot-top#Multispot,crossing-the-plains-sweater-1#Indigo,random,0.422963996459554
Fiona,natural-cosy-sweater#Rosered,the-long-sleeve-v-neck-tee#White,hard,0.2425736972286059
Fiona,natural-cosy-sweater#Rosered,printed-tunic-7#RedCheck,semi-hard,0.360455023634445
Fiona,natural-cosy-sweater#Rosered,billow-top#Black,random,0.5913781219206171
Fiona,natural-cropped-sleeve-knit#Cloudcover,the-cotton-bamboo-tee#DustyPink,hard,0.1423917506429874
Fiona,natural-cropped-sleeve-knit#Cloudcover,celestial-woven-top#White,semi-hard,0.30868459150410466
Fiona,natural-cropped-sleeve-knit#Cloudcover,milan-stretch-top#SilverMarl,random,0.37752974209813284
Fiona,natural-detailed-sweater#Tinroof,the-wrap-jersey-top#JetBlack,hard,0.23669795422596243
Fiona,natural-detailed-sweater#Tinroof,raspberry-ls-tee#WhiteRaspb,semi-hard,0.2702701302113055
Fiona,natural-detailed-sweater#Tinroof,moonlight-kisses-bamboo-tee#White,random,0.37182542371749744
Fiona,natural-overlay-knit#Greybloss,layer-me-bamboo-rouched-sleeve-tee#Black,hard,0.23394478731406507
Fiona,natural-overlay-knit#Greybloss,aigli-top#Navy,semi-hard,0.27915103570994554
Fiona,natural-overlay-knit#Greybloss,belle-flocked-tunic#Pale%20Blue,random,0.6221630836161708
Fiona,natural-pattern-cocoon-cardigan#Blossom,reversible-scoopv-neck-tank#Black,hard,0.23082302501353286
Fiona,natural-pattern-cocoon-cardigan#Blossom,holly-rib-long-sleeve-tee#Khaki,semi-hard,0.2563858519247385
Fiona,natural-pattern-cocoon-cardigan#Blossom,sugar-snaps-layers-tank#PeachyKeen,random,0.41910402614398484
Fiona,natural-waterfall-cardigan#Fallendust,fundamental-vee-tee#GreyMarle,hard,0.23921106305386983
Fiona,natural-waterfall-cardigan#Fallendust,layered-tee-2#White,semi-hard,0.2759708696342749
Fiona,natural-waterfall-cardigan#Fallendust,falling-for-you-top#Blue,random,0.46913860792988704
Fiona,nuzuri-longline-cardi#Forest,multi-sequin-dot-stripe-top#Navy,hard,0.23705130107719175
Fiona,nuzuri-longline-cardi#Forest,sequin-cross-2-in-1-top#Navy,semi-hard,0.27492428957188875
Fiona,nuzuri-longline-cardi#Forest,the-cut-out-shoulder-blouse#Blue,random,0.3841439481416198
Fiona,open-plains-kimono-throw-1#Rust,rib-tank-2#Black,hard,0.23792072273511222
Fiona,open-plains-kimono-throw-1#Rust,the-batwing-tee#Sea,semi-hard,0.35201290388553974
Fiona,open-plains-kimono-throw-1#Rust,the-flutter-sleeve-top#Denim,random,0.41561564275572405
Fiona,overlay-top-2#Black,aztec-cardigan#BlackIvory,hard,0.20974855773593704
Fiona,overlay-top-2#Black,foil-spot-jumper#SilverDot,semi-hard,0.3002115510701069
Fiona,overlay-top-2#Black,the-on-or-off-the-shoulder-top#Pink,random,0.48652604390873866
Fiona,paige-top#Black,spliced-stripe-tunic#Navy,hard,0.23302095919561308
Fiona,paige-top#Black,drama-top#BlackGrey,semi-hard,0.2966831329284192
Fiona,paige-top#Black,marquax-tunic#OnyxSpeck,random,0.3815739513661202
Fiona,prairie-romance-blouse#Blush,rib-tank-2#White,hard,0.23792072273511222
Fiona,prairie-romance-blouse#Blush,snake-print-johnny-collar-top#BeigeSnake,semi-hard,0.30458767929066377
Fiona,prairie-romance-blouse#Blush,the-flutter-sleeve-top#SnakePrint,random,0.41561564275572405
Fiona,printed-v-neck-top#Striped,relaxed-v-neck-knit#Silver,hard,0.23584277962770187
Fiona,printed-v-neck-top#Striped,belle-half-sleeve-boat-tee#Black,semi-hard,0.2799746128973313
Fiona,printed-v-neck-top#Striped,softly-swinging-bamboo-tee#Black,random,0.3814159113007637
Fiona,rising-mist-jumper#Nickel,layer-me-bamboo-rouched-sleeve-tee#Black,hard,0.23394478731406507
Fiona,rising-mist-jumper#Nickel,floral-blouse-2#NavyMulti,semi-hard,0.2729633975787277
Fiona,rising-mist-jumper#Nickel,belle-mesh-cardi#Black,random,0.6400221530506909
Fiona,roll-with-me-jumper#Chalk,cara-tee-4#BlackWhite,hard,0.22329853587392143
Fiona,roll-with-me-jumper#Chalk,block-vest#Blockvest,semi-hard,0.31999788443198973
Fiona,roll-with-me-jumper#Chalk,softly-swinging-bamboo-tee#Cashew,random,0.3814159113007637
Fiona,sequin-star-tee#Navy,forget-me-knot-tunic#ForgetMeK,hard,0.12771486217903966
Fiona,sequin-star-tee#Navy,runaway-top#Sand,semi-hard,0.36402457925350545
Fiona,sequin-star-tee#Navy,the-twist-hem-jumper#DenimMarle,random,0.36696340304220193
Fiona,snug-as-a-bug-jumper#Smoke,endeavor-long-sleeve-tee#Stripe,hard,0.06930693069306931
Fiona,snug-as-a-bug-jumper#Smoke,napoleon-top-1#NemoRed,semi-hard,0.26614501185712397
Fiona,snug-as-a-bug-jumper#Smoke,blue-waters-cotton-blouse#White,random,0.37236152234818365
Fiona,softly-falling-bamboo-tunic#Copper,the-short-sleeve-wrap-jersey-top#NavyWhite,hard,0.2236328603789013
Fiona,softly-falling-bamboo-tunic#Copper,geneva-v-neck-top#Black,semi-hard,0.3281848303257433
Fiona,softly-falling-bamboo-tunic#Copper,softly-swinging-bamboo-tee#BlueJeans,random,0.3814159113007637
Fiona,softly-falling-bamboo-tunic#White,back-to-you-top#BlackMagic,hard,0.2482618773469717
Fiona,softly-falling-bamboo-tunic#White,layla-long-line-kimono#MultiStrip,semi-hard,0.35888210326029285
Fiona,softly-falling-bamboo-tunic#White,the-soft-knit-jumper#NavyStripe,random,0.41496635851430447
Fiona,spot-layered-tee#Blue,lake-house-top#CoalPrint,hard,0.21881251015625947
Fiona,spot-layered-tee#Blue,holly-rib-long-sleeve-tee#Khaki,semi-hard,0.2563858519247385
Fiona,spot-layered-tee#Blue,crossing-the-plains-sweater-1#Indigo,random,0.422963996459554
Fiona,square-peg-pullover#SilverMix,reversible-scoopv-neck-tank#White,hard,0.23082302501353286
Fiona,square-peg-pullover#SilverMix,border-stripe-knit#WhitePink,semi-hard,0.26067675424587167
Fiona,square-peg-pullover#SilverMix,summer-whispers-kimono-1#Peacock,random,0.6565552735912554
Fiona,starry-night-cardi#Chalk,double-layered-top-1#WBlack,hard,0.22203649768876416
Fiona,starry-night-cardi#Chalk,luxe-shirt#Champagne,semi-hard,0.3109389728307445
Fiona,starry-night-cardi#Chalk,skipping-stones-tunic#Natural,random,0.44414588261265286
Fiona,stud-trim-long-sleeve-top#Mint,the-wrap-jersey-top#NavyWhite,hard,0.23669795422596243
Fiona,stud-trim-long-sleeve-top#Mint,rise-top#Ink,semi-hard,0.2857711145106274
Fiona,stud-trim-long-sleeve-top#Mint,belle-lace-trim-tee#GreyMarle,random,0.5399452250415054
Fiona,sugar-snaps-round-neck-layer-tank#Black,leah-knit-cardigan#WhiteBlk,hard,0.18374252176222602
Fiona,sugar-snaps-round-neck-layer-tank#Black,the-ultimate-tie-cardi#Port,semi-hard,0.31684693743663933
Fiona,sugar-snaps-round-neck-layer-tank#Black,the-swing-tank-top#Rose,random,0.4951847030134222
Fiona,sugar-snaps-round-neck-layer-tank#DuckEgg,nova-lux-solid-v-neck-placket-shirt#CloudDance,hard,0.23820003473508794
Fiona,sugar-snaps-round-neck-layer-tank#DuckEgg,ponte-spot-top#BlackWhite,semi-hard,0.3606700676984629
Fiona,sugar-snaps-round-neck-layer-tank#DuckEgg,beach-walk-shirt#Khaki,random,0.6148460149882392
Fiona,sugar-snaps-round-neck-layer-tank#White,hannah-tee-1#Black,hard,0.21510211820709751
Fiona,sugar-snaps-round-neck-layer-tank#White,panelled-stripe-top#NavyWhite,semi-hard,0.28151147434172463
Fiona,sugar-snaps-round-neck-layer-tank#White,the-cotton-bamboo-tank#DarkNavy,random,0.3839941863858686
Fiona,sugar-snaps-throw-jacket#Black,the-longline-cardi-1#Nude,hard,0.19431821701773452
Fiona,sugar-snaps-throw-jacket#Black,geneva-v-neck-top#Black,semi-hard,0.3281848303257433
Fiona,sugar-snaps-throw-jacket#Black,beach-walk-shirt#Stormy,random,0.6148460149882392
Fiona,sugar-snaps-throw-jacket#Duckegg,manhattan-stretch-tee#NavyWhtStr,hard,0.2285692043616061
Fiona,sugar-snaps-throw-jacket#Duckegg,fundamental-split-hoodie#Pink,semi-hard,0.3517445269527749
Fiona,sugar-snaps-throw-jacket#Duckegg,sailaway-blouse#OxfordBlue,random,0.3689047530859722
Fiona,sugar-snaps-throw-jacket#White,rib-tank-2#Navy,hard,0.23792072273511222
Fiona,sugar-snaps-throw-jacket#White,fluid-tunic-top#White,semi-hard,0.25294808542814345
Fiona,sugar-snaps-throw-jacket#White,clio-knit-jumper#StoneBlack,random,0.4602294084164457
Fiona,summer-haze-top#Teal,vivid-dreams-blouse#Dusty%20Rose,hard,0.24790353170338986
Fiona,summer-haze-top#Teal,spiced-stripe-tee#NavyWhite,semi-hard,0.28277351252688193
Fiona,summer-haze-top#Teal,cotton-candy-side-split-top#IceBlue,random,0.4900420847024375
Fiona,sunshine-in-me-tee-1#GreyMarle,nova-lux-solid-v-neck-placket-shirt#CloudDance,hard,0.23820003473508794
Fiona,sunshine-in-me-tee-1#GreyMarle,natural-rolled-neck-tunic#BlueDam,semi-hard,0.29932019384979575
Fiona,sunshine-in-me-tee-1#GreyMarle,sugar-snaps-layers-tank#Red,random,0.41910402614398484
Fiona,sunshine-in-me-tee-1#White,mila-knit-cardigan#Black,hard,0.20251504157966538
Fiona,sunshine-in-me-tee-1#White,belle-half-sleeve-forgiver-tunic#Black,semi-hard,0.32248310518504997
Fiona,sunshine-in-me-tee-1#White,the-relaxed-batwing-top#Denim%20Blue,random,0.5939358913071225
Fiona,the-asymmetrical-hem-sweater#Blush,merino-boyfriend-cardigan#MelangeStr,hard,0.22401450936373096
Fiona,the-asymmetrical-hem-sweater#Blush,panelled-stripe-top#NavyWhite,semi-hard,0.28151147434172463
Fiona,the-asymmetrical-hem-sweater#Blush,softly-swinging-bamboo-tee#Starfish,random,0.3814159113007637
Fiona,the-belle-sleeve-print-top#NavyPrint,cara-tee-4#BlackWhite,hard,0.22329853587392143
Fiona,the-belle-sleeve-print-top#NavyPrint,elcos-top#LightGrey,semi-hard,0.3130634089574634
Fiona,the-belle-sleeve-print-top#NavyPrint,print-tee-3#Boats,random,0.5088071614914241
Fiona,the-blouson-sleeve-jumper#Grey,analia-top#White,hard,0.24302220022568924
Fiona,the-blouson-sleeve-jumper#Grey,variegated-rib-knit#Silver,semi-hard,0.3415201798911922
Fiona,the-blouson-sleeve-jumper#Grey,grace-oversized-knit#Black,random,0.4332852705203435
Fiona,the-blouson-sleeve-jumper#Navy,forget-me-knot-tunic#ForgetMeK,hard,0.12771486217903966
Fiona,the-blouson-sleeve-jumper#Navy,fundamental-rib-long-sleeve-tee#White,semi-hard,0.2651563169218878
Fiona,the-blouson-sleeve-jumper#Navy,half-sleeve-fluffy-knit#Ivory,random,0.4442942603519488
Fiona,the-boat-neck-top#Black,layer-me-bamboo-rouched-sleeve-tee#Copper,hard,0.23394478731406507
Fiona,the-boat-neck-top#Black,belle-half-sleeve-boat-tee#Black,semi-hard,0.2799746128973313
Fiona,the-boat-neck-top#Black,the-drape-tee-1#White,random,0.45247516824706735
Fiona,the-boat-neck-top#Navy,robyn-top-1#Roanne,hard,0.24726757566460467
Fiona,the-boat-neck-top#Navy,monaco-sweater#BlackCream,semi-hard,0.3263622879222825
Fiona,the-boat-neck-top#Navy,the-cross-over-blouse#Red,random,0.3958742770340751
Fiona,the-boat-neck-top-1#Ink,vivid-dreams-blouse#Dusty%20Rose,hard,0.24790353170338986
Fiona,the-boat-neck-top-1#Ink,rory-spliced-zip-hoodie#Slate,semi-hard,0.27517658029821346
Fiona,the-boat-neck-top-1#Ink,the-lace-trim-top#Black,random,0.377643375675545
Fiona,the-boat-neck-top-1#NavyWhite,relaxed-v-neck-knit#Silver,hard,0.23584277962770187
Fiona,the-boat-neck-top-1#NavyWhite,soho-ruffle-jumper#OatmealMar,semi-hard,0.32549834549858964
Fiona,the-boat-neck-top-1#NavyWhite,billow-top#Black,random,0.5913781219206171
Fiona,the-box-top#Blush,leah-knit-cardigan#WhiteBlk,hard,0.18374252176222602
Fiona,the-box-top#Blush,mauevewood-crew#YellowWhit,semi-hard,0.3151539113694774
Fiona,the-box-top#Blush,belle-mesh-cardi#Black,random,0.6400221530506909
Fiona,the-box-top#Khaki,reversible-scoopv-neck-tank#White,hard,0.23082302501353286
Fiona,the-box-top#Khaki,2-in-1-layered-top-1#NavyWhite,semi-hard,0.3451147901242202
Fiona,the-box-top#Khaki,milan-stretch-top#Black,random,0.37752974209813284
Fiona,the-cascade-blouse#Auburn,the-uneven-hem-knit-1#Sage,hard,0.07121555529046882
Fiona,the-cascade-blouse#Auburn,heartmade-cardi#DustyRose,semi-hard,0.27155499607159966
Fiona,the-cascade-blouse#Auburn,the-relaxed-batwing-top#Denim%20Blue,random,0.5939358913071225
Fiona,the-check-pullover#PinkCheck,capri-tank-6#HeatheGrey,hard,0.23849508956406035
Fiona,the-check-pullover#PinkCheck,the-bamboo-tunic-dress#Khaki,semi-hard,0.3260082337803802
Fiona,the-check-pullover#PinkCheck,milan-stretch-top#SilverMarl,random,0.37752974209813284
Fiona,the-colour-block-pullover#Sage,natural-tie-tunic#BlueSky,hard,0.24367806642528236
Fiona,the-colour-block-pullover#Sage,natural-cross-back-knit#Lightsmoke,semi-hard,0.357105857114657
Fiona,the-colour-block-pullover#Sage,the-v-split-blouse#Salmon,random,0.40688796239700836
Fiona,the-contrast-detail-top#Ivory,gloria-applique-crew#Charcoal,hard,0.24492436178144295
Fiona,the-contrast-detail-top#Ivory,raspberry-ls-tee#WhiteRaspb,semi-hard,0.2702701302113055
Fiona,the-contrast-detail-top#Ivory,clio-knit-jumper#Black,random,0.4602294084164457
Fiona,the-contrast-knit-1#Navy,millie-top#WhiteBlk,hard,0.2297211215438953
Fiona,the-contrast-knit-1#Navy,rika-top#BatikTile,semi-hard,0.2756068747392612
Fiona,the-contrast-knit-1#Navy,the-layered-cross-over-top#Black,random,0.3818152903100595
Fiona,the-contrast-knit-1#Sage,the-long-sleeve-v-neck-tee#Black,hard,0.2425736972286059
Fiona,the-contrast-knit-1#Sage,the-relaxed-long-sleeve-tee#Khaki,semi-hard,0.3431624978495928
Fiona,the-contrast-knit-1#Sage,messina-knit#Cognac,random,0.5129641236859115
Fiona,the-contrast-trim-knit#BlackWhite,the-short-sleeve-wrap-jersey-top#NavyWhite,hard,0.2236328603789013
Fiona,the-contrast-trim-knit#BlackWhite,linen-cotton-shirt#White,semi-hard,0.3261825138317831
Fiona,the-contrast-trim-knit#BlackWhite,tuck-layer-shirt#White,random,0.6326424894369888
Fiona,the-cosy-cardigan#Blue,mila-knit-cardigan#StoneBlack,hard,0.20251504157966538
Fiona,the-cosy-cardigan#Blue,ella-funnel-neck-top#Khaki,semi-hard,0.32881091438242105
Fiona,the-cosy-cardigan#Blue,felicity-cardigan#Dewkist,random,0.4540389005285405
Fiona,the-cosy-cardigan#Grey,york-linen-blend-long-cardigan#BurntOrang,hard,0.2290035749173695
Fiona,the-cosy-cardigan#Grey,nature-ls-top#BlueGum,semi-hard,0.34017054607243213
Fiona,the-cosy-cardigan#Grey,butterfly-kisses-tee#Stripe,random,0.453995952081396
Fiona,the-cotton-tie-detail-top#Ivory,hannah-tee-1#Black,hard,0.21510211820709751
Fiona,the-cotton-tie-detail-top#Ivory,bertie-top#BlkCherry,semi-hard,0.319410958298438
Fiona,the-cotton-tie-detail-top#Ivory,buttoned-top#Spotty,random,0.3859913159223682
Fiona,the-cross-over-poncho#Grey,multi-pattern-print-top#NavyMulti,hard,0.22388864553186621
Fiona,the-cross-over-poncho#Grey,lucy-rib-oversized-top#WhiteGrey,semi-hard,0.28794661931630217
Fiona,the-cross-over-poncho#Grey,grace-oversized-knit#Black,random,0.4332852705203435
Fiona,the-cross-over-poncho#Navy,capri-tank-6#HeatheGrey,hard,0.23849508956406035
Fiona,the-cross-over-poncho#Navy,ava-short-sleeve-linen-tee#Blush,semi-hard,0.27153644939146115
Fiona,the-cross-over-poncho#Navy,the-sleeveless-cross-over-blouse#Chambray,random,0.3731097680643447
Fiona,the-cross-over-printed-blouse#Leopard,the-wrap-jersey-top#JetBlack,hard,0.23669795422596243
Fiona,the-cross-over-printed-blouse#Leopard,belle-half-sleeve-forgiver-tunic#Black,semi-hard,0.32248310518504997
Fiona,the-cross-over-printed-blouse#Leopard,the-lace-trim-top#Ivory,random,0.377643375675545
Fiona,the-daily-essential-jumper#Grey,reversible-scoopv-neck-tank#Navy,hard,0.23082302501353286
Fiona,the-daily-essential-jumper#Grey,monaco-knot-top#Black,semi-hard,0.2915543906002187
Fiona,the-daily-essential-jumper#Grey,long-sleeve-check-top#Check,random,0.48484765603632185
Fiona,the-dobby-sleeve-tee#InkBlue,leah-knit-cardigan#Black,hard,0.18374252176222602
Fiona,the-dobby-sleeve-tee#InkBlue,suri-bell-sleeve-top#GreyMarle,semi-hard,0.26145211722854345
Fiona,the-dobby-sleeve-tee#InkBlue,the-sleeveless-cross-over-blouse#Mint,random,0.3731097680643447
Fiona,the-dobby-sleeve-tee#White,robyn-top-1#Roanne,hard,0.24726757566460467
Fiona,the-dobby-sleeve-tee#White,the-crossover-2-way-blouse#Black,semi-hard,0.3195780207374569
Fiona,the-dobby-sleeve-tee#White,softly-swinging-bamboo-tee#Storm,random,0.3814159113007637
Fiona,the-double-layer-top#Black,endeavor-long-sleeve-tee#Stripe,hard,0.06930693069306931
Fiona,the-double-layer-top#Black,wellington-tee#ClaySpot,semi-hard,0.3424462058163134
Fiona,the-double-layer-top#Black,floral-embroidered-jumper#Navy,random,0.4289650445296549
Fiona,the-double-layer-top#White,the-uneven-hem-knit-1#Sage,hard,0.07121555529046882
Fiona,the-double-layer-top#White,agra-shirt#White,semi-hard,0.31765286913058466
Fiona,the-double-layer-top#White,the-on-or-off-the-shoulder-top#FrenchNavy,random,0.48652604390873866
Fiona,the-essential-layering-tee#Ink,capri-tank-3#White,hard,0.22624271711485924
Fiona,the-essential-layering-tee#Ink,rika-top#BatikTile,semi-hard,0.2756068747392612
Fiona,the-essential-layering-tee#Ink,heartmade-sweater#Rust,random,0.38077468568379774
Fiona,the-essential-layering-tee#White,cara-tee-3#ZebraPrint,hard,0.22467975134353468
Fiona,the-essential-layering-tee#White,soft-and-true-tunic#Pine,semi-hard,0.3282712439577151
Fiona,the-essential-layering-tee#White,belle-tie-front-shirt#Black,random,0.5581613072038286
Fiona,the-essential-pullover#DustyPeach,eco-78-long-cardigan#LightGreyM,hard,0.21217049627076334
Fiona,the-essential-pullover#DustyPeach,spiced-stripe-tee#NavyWhite,semi-hard,0.28277351252688193
Fiona,the-essential-pullover#DustyPeach,crossing-the-plains-sweater-1#Indigo,random,0.422963996459554
Fiona,the-essential-pullover#SkyBlue,cara-tee-2#BlackSpot,hard,0.2298516952343805
Fiona,the-essential-pullover#SkyBlue,spiced-stripe-tee#NavyWhite,semi-hard,0.28277351252688193
Fiona,the-essential-pullover#SkyBlue,the-everyday-shirt#Cream,random,0.4552325664860158
Fiona,the-fleck-roll-neck-knit#Oatmeal,glasgow-top#Melange,hard,0.2355102703906815
Fiona,the-fleck-roll-neck-knit#Oatmeal,dusk-top#DuskPrint,semi-hard,0.24878869619030702
Fiona,the-fleck-roll-neck-knit#Oatmeal,the-define-flute-sleeve-blouse#Black,random,0.36548812412157583
Fiona,the-french-cuff-shirt#White,the-wrap-jersey-top#NavyWhite,hard,0.23669795422596243
Fiona,the-french-cuff-shirt#White,spliced-lace-panel-tee#White,semi-hard,0.3367102456101964
Fiona,the-french-cuff-shirt#White,on-the-horizon-swing-top-1#Khaki,random,0.6311800721268379
Fiona,the-frill-wrap-blouse#Spot,cara-tee-2#Blush,hard,0.2298516952343805
Fiona,the-frill-wrap-blouse#Spot,block-sweater#Block,semi-hard,0.28361335119125275
Fiona,the-frill-wrap-blouse#Spot,softly-swinging-bamboo-tee#Jewel,random,0.3814159113007637
Fiona,the-high-low-drape-tee#Grey,fundamental-vee-tee#Black,hard,0.23921106305386983
Fiona,the-high-low-drape-tee#Grey,geena-xo-ls-pullover-knit#Allure,semi-hard,0.2581009692442029
Fiona,the-high-low-drape-tee#Grey,the-cotton-bamboo-tank#White,random,0.3839941863858686
Fiona,the-high-low-drape-tee#Sage,york-linen-blend-long-cardigan#BurntOrang,hard,0.2290035749173695
Fiona,the-high-low-drape-tee#Sage,fundamental-sydney-crew#Burgundy,semi-hard,0.30141688899520375
Fiona,the-high-low-drape-tee#Sage,anna-top#Leona,random,0.4514709601970908
Fiona,the-linen-tie-sleeve-top#GreyMarle,weekend-cardigan#Black,hard,0.21740667036903008
Fiona,the-linen-tie-sleeve-top#GreyMarle,horizontal-cabel-pullover#EnglishRos,semi-hard,0.2696418483479586
Fiona,the-linen-tie-sleeve-top#GreyMarle,selma-top-1#IndoStripe,random,0.38202573388045635
Fiona,the-longline-waterfall-cardi#Black,double-layered-top-1#WSilver,hard,0.22203649768876416
Fiona,the-longline-waterfall-cardi#Black,mauevewood-crew#Charcoal,semi-hard,0.3151539113694774
Fiona,the-longline-waterfall-cardi#Black,the-cotton-bamboo-ls-top#NavyStripe,random,0.3838290963374502
Fiona,the-luxe-cotton-tunic#White,the-cotton-bamboo-tee#White,hard,0.1423917506429874
Fiona,the-luxe-cotton-tunic#White,the-ultimate-tie-cardi#Port,semi-hard,0.31684693743663933
Fiona,the-luxe-cotton-tunic#White,meredith-78-oversized-pullover-knit#CameoRose,random,0.7634245751673617
Fiona,the-luxe-dobby-blouse#White,rib-tank-2#Black,hard,0.23792072273511222
Fiona,the-luxe-dobby-blouse#White,belle-half-sleeve-forgiver-tunic#MutedClay,semi-hard,0.32248310518504997
Fiona,the-luxe-dobby-blouse#White,the-soft-knit-jumper#PinkStripe,random,0.41496635851430447
Fiona,the-luxe-long-sleeve-tee#GreyMarle,lake-house-top#CoalPrint,hard,0.21881251015625947
Fiona,the-luxe-long-sleeve-tee#GreyMarle,diva-ruffle-jumper#Gold%20Spot,semi-hard,0.3172979305171588
Fiona,the-luxe-long-sleeve-tee#GreyMarle,butterfly-kisses-tee#MustardStr,random,0.453995952081396
Fiona,the-multi-stripe-cardi#Stripe,rib-tank-2#Khaki,hard,0.23792072273511222
Fiona,the-multi-stripe-cardi#Stripe,clovis-shirt#NavyGold,semi-hard,0.2533182725789748
Fiona,the-multi-stripe-cardi#Stripe,the-cut-out-shoulder-blouse#Blue,random,0.3841439481416198
Fiona,the-panel-luxe-top#BlkWhite,sequin-spot-cardi#Grey,hard,0.23606588565920833
Fiona,the-panel-luxe-top#BlkWhite,the-batwing-tee#Sea,semi-hard,0.35201290388553974
Fiona,the-panel-luxe-top#BlkWhite,the-cross-front-spot-blouse#NavySpot,random,0.5293835576380816
Fiona,the-panel-luxe-top#SilvWhite,rib-tank-2#Black,hard,0.23792072273511222
Fiona,the-panel-luxe-top#SilvWhite,the-roll-neck-sweater#Natural,semi-hard,0.33806969935523457
Fiona,the-panel-luxe-top#SilvWhite,selene-cardigan#Ivy,random,0.6230189602517637
Fiona,the-pirate-in-me-shirt#White,meadow-cardigan#Cream,hard,0.1968017428520923
Fiona,the-pirate-in-me-shirt#White,the-side-panel-drape-top#OffWhite,semi-hard,0.3289476917905579
Fiona,the-pirate-in-me-shirt#White,the-sleeve-detail-knit#Ivory,random,0.3780856152579246
Fiona,the-pleated-sleeve-top#Sage,daylight-cardi#Silver,hard,0.22741109492349926
Fiona,the-pleated-sleeve-top#Sage,agra-shirt#White,semi-hard,0.31765286913058466
Fiona,the-pleated-sleeve-top#Sage,crosses-jumper#xmyheart,random,0.3989958688398265
Fiona,the-pocket-tee#GreyStripe,analia-jersey-top#Black,hard,0.21933663976679293
Fiona,the-pocket-tee#GreyStripe,clara-blouse#DarkFloral,semi-hard,0.26786214359391364
Fiona,the-pocket-tee#GreyStripe,belle-flocked-tunic#Pale%20Blue,random,0.6221630836161708
Fiona,the-pocket-tee#NavyStripe,the-cotton-bamboo-tee#White,hard,0.1423917506429874
Fiona,the-pocket-tee#NavyStripe,falling-for-you-tunic#Black,semi-hard,0.3052833366797113
Fiona,the-pocket-tee#NavyStripe,milan-34-sleeve-1#Melange,random,0.37752974209813284
Fiona,the-printed-side-ring-detail-blouse#Block,reversible-scoopv-neck-tank#White,hard,0.23082302501353286
Fiona,the-printed-side-ring-detail-blouse#Block,linen-cotton-shirt#White,semi-hard,0.3261825138317831
Fiona,the-printed-side-ring-detail-blouse#Block,peasant-top-3#Denim,random,0.5029756339461584
Fiona,the-relax-blouse#White,34-sleeve-shirt-1#SkyWhite,hard,0.20645719754319025
Fiona,the-relax-blouse#White,jewel-knit#GreyMarle,semi-hard,0.34813438593467916
Fiona,the-relax-blouse#White,the-cross-over-blouse#Black,random,0.3958742770340751
Fiona,the-relaxed-long-sleeve-tee-1#Ink%20Stripe,manhattan-stretch-tee#White,hard,0.2285692043616061
Fiona,the-relaxed-long-sleeve-tee-1#Ink%20Stripe,the-batwing-tee#FrenchBlue,semi-hard,0.35201290388553974
Fiona,the-relaxed-long-sleeve-tee-1#Ink%20Stripe,the-curve-striped-tank#Marine,random,0.44970831065203537
Fiona,the-reversible-cowl-neck-top-1#Black,fundamental-vee-tee#Black,hard,0.23921106305386983
Fiona,the-reversible-cowl-neck-top-1#Black,kimberly-spliced-top#Black,semi-hard,0.25462435572672915
Fiona,the-reversible-cowl-neck-top-1#Black,the-cross-front-spot-blouse#NavySpot,random,0.5293835576380816
Fiona,the-reversible-cowl-neck-top-1#White,the-long-sleeve-v-neck-tee#Black,hard,0.2425736972286059
Fiona,the-reversible-cowl-neck-top-1#White,sparkly-star-tee#Blue,semi-hard,0.26016496043417886
Fiona,the-reversible-cowl-neck-top-1#White,natural-textured-poncho#Deeprain,random,0.580110497237569
Fiona,the-roll-neck-sleeveless-top-1#Black,animal-button-up-shirt#KhakiPrint,hard,0.23042075045842322
Fiona,the-roll-neck-sleeveless-top-1#Black,clovis-shirt#NavyGold,semi-hard,0.2533182725789748
Fiona,the-roll-neck-sleeveless-top-1#Black,cotton-candy-side-split-top#IceBlue,random,0.4900420847024375
Fiona,the-ruffle-sleeve-sweat#KhakiMarle,the-short-sleeve-wrap-jersey-top#NavyWhite,hard,0.2236328603789013
Fiona,the-ruffle-sleeve-sweat#KhakiMarle,clara-blouse#DarkFloral,semi-hard,0.26786214359391364
Fiona,the-ruffle-sleeve-sweat#KhakiMarle,natural-textured-poncho#Deeprain,random,0.580110497237569
Fiona,the-ruffle-sleeve-top#NavyStripe,pocket-shirt-1#Ivory,hard,0.2199523623255362
Fiona,the-ruffle-sleeve-top#NavyStripe,kimono-and-me-cardi#DustyPink,semi-hard,0.3086088717632533
Fiona,the-ruffle-sleeve-top#NavyStripe,triangle-detail-long-sleeve-tee#Navy,random,0.3949908003022142
Fiona,the-shoulder-tie-top#Black,cara-tee-4#White,hard,0.22329853587392143
Fiona,the-shoulder-tie-top#Black,true-love-bell-blouse#Jade,semi-hard,0.3038033560192638
Fiona,the-shoulder-tie-top#Black,jasmine-singlet#White,random,0.399780538831705
Fiona,the-shoulder-tie-top#Navy,millie-top#Blush,hard,0.2297211215438953
Fiona,the-shoulder-tie-top#Navy,paradise-cardi#MultiStrip,semi-hard,0.3182468801102766
Fiona,the-shoulder-tie-top#Navy,off-shoulder-top-1#Strawberry,random,0.43960712386222317
Fiona,the-shoulder-tie-top#White,the-wrap-jersey-top#NavyWhite,hard,0.23669795422596243
Fiona,the-shoulder-tie-top#White,variegated-rib-knit#Silver,semi-hard,0.3415201798911922
Fiona,the-shoulder-tie-top#White,the-sleeve-detail-knit#Ivory,random,0.3780856152579246
Fiona,the-slouch-pocket-tee#Stripe,everyday-linen-tunic#BotanicalB,hard,0.1956867857862599
Fiona,the-slouch-pocket-tee#Stripe,lucy-rib-oversized-top#WhiteGrey,semi-hard,0.28794661931630217
Fiona,the-slouch-pocket-tee#Stripe,long-sleeve-check-top#Check,random,0.48484765603632185
Fiona,the-spotted-tunic#GreySpot,fundamental-vee-tee#GreyMarle,hard,0.23921106305386983
Fiona,the-spotted-tunic#GreySpot,lucy-rib-oversized-top#Black,semi-hard,0.28794661931630217
Fiona,the-spotted-tunic#GreySpot,the-zip-front-blouse#Navy,random,0.5253618818581586
Fiona,the-spotted-tunic#NavySpot,magnolia-fields-keyhole-blouse#Magnolia,hard,0.2062808257070827
Fiona,the-spotted-tunic#NavySpot,belle-half-sleeve-forgiver-tunic#MutedClay,semi-hard,0.32248310518504997
Fiona,the-spotted-tunic#NavySpot,stripe-me-happy-blouse#Ash,random,0.4737979322794158
Fiona,the-stitch-v-neck-knit#DenimMarle,capri-tank-6#ClaySpot,hard,0.23849508956406035
Fiona,the-stitch-v-neck-knit#DenimMarle,fundamental-stripe-long-sleeve-tee#WhiteBlack,semi-hard,0.2486285614747873
Fiona,the-stitch-v-neck-knit#DenimMarle,the-daily-cross-over-top#SkyBlue,random,0.47494666593731194
Fiona,the-stitch-v-neck-knit#PinkMarle,cara-tee-2#Blush,hard,0.2298516952343805
Fiona,the-stitch-v-neck-knit#PinkMarle,print-shirt-1#Blush,semi-hard,0.3427485374771455
Fiona,the-stitch-v-neck-knit#PinkMarle,sky-shirt#Clouds,random,0.52747969256725
Fiona,the-stripe-jersey-top#Blue,the-short-sleeve-wrap-jersey-top#NavyWhite,hard,0.2236328603789013
Fiona,the-stripe-jersey-top#Blue,snake-print-johnny-collar-top#BeigeSnake,semi-hard,0.30458767929066377
Fiona,the-stripe-jersey-top#Blue,moonlight-kisses-bamboo-tee#Black,random,0.37182542371749744
Fiona,the-stripe-jersey-top#Pink,the-longline-cardi-1#Nude,hard,0.19431821701773452
Fiona,the-stripe-jersey-top#Pink,holly-rib-long-sleeve-tee#WhiteGrey,semi-hard,0.2563858519247385
Fiona,the-stripe-jersey-top#Pink,clio-knit-jumper#StoneBlack,random,0.4602294084164457
Fiona,the-textured-spot-top#Pink,pulkari-emb-top#Pulkari,hard,0.23151069636974203
Fiona,the-textured-spot-top#Pink,the-batwing-tee#Stone,semi-hard,0.35201290388553974
Fiona,the-textured-spot-top#Pink,the-define-flute-sleeve-blouse#White,random,0.36548812412157583
Fiona,the-tie-detail-hoody#FrenchBlue,fundamental-vee-tee#Black,hard,0.23921106305386983
Fiona,the-tie-detail-hoody#FrenchBlue,the-relaxed-long-sleeve-tee#Black,semi-hard,0.3431624978495928
Fiona,the-tie-detail-hoody#FrenchBlue,heartmade-sweater#Rust,random,0.38077468568379774
Fiona,the-tie-detail-hoody#Pink,34-sleeve-shirt-1#SkyWhite,hard,0.20645719754319025
Fiona,the-tie-detail-hoody#Pink,wellington-tee#ClaySpot,semi-hard,0.3424462058163134
Fiona,the-tie-detail-hoody#Pink,the-stripe-crossover-blouse#Bluestripe,random,0.5199660850062907
Fiona,the-tie-front-tank#Navy,natural-crossover-knit-1#Stormcloud,hard,0.23850168011860934
Fiona,the-tie-front-tank#Navy,belle-half-sleeve-boat-tee#White,semi-hard,0.2799746128973313
Fiona,the-tie-front-tank#Navy,the-print-contrast-34-sleeve-top#Animal,random,0.5183046420227111
Fiona,the-tie-front-tank#White,the-longline-cardi-1#GreyMarle,hard,0.19431821701773452
Fiona,the-tie-front-tank#White,belle-drape-tee#Black,semi-hard,0.36445697598593907
Fiona,the-tie-front-tank#White,natural-extra-fine-sweater#Snowgum,random,0.406405002739044
Fiona,the-tie-layering-knit#Grey,leary-cardigan#Pine,hard,0.20507329284077516
Fiona,the-tie-layering-knit#Grey,fundamental-stripe-long-sleeve-tee#WhiteBlack,semi-hard,0.2486285614747873
Fiona,the-tie-layering-knit#Grey,the-swing-tank-top#Rose,random,0.4951847030134222
Fiona,the-twist-front-top#Grey,aztec-cardigan#Orange,hard,0.20974855773593704
Fiona,the-twist-front-top#Grey,fundamental-stripe-long-sleeve-tee#WhiteBlack,semi-hard,0.2486285614747873
Fiona,the-twist-front-top#Grey,beloved-stripe-pull-over-hoodie#NavyWhite,random,0.37795653351616487
Fiona,the-twist-front-top#Navy,long-sleeve-tee-2#NavyWhite,hard,0.22720054819659646
Fiona,the-twist-front-top#Navy,jade-kimono-kaleidoscope#Blue,semi-hard,0.3629538548378018
Fiona,the-twist-front-top#Navy,the-drape-tee-1#NavyStripe,random,0.45247516824706735
Fiona,the-v-neck-stripe-top#BlkStripe,capri-tank-3#Black,hard,0.22624271711485924
Fiona,the-v-neck-stripe-top#BlkStripe,fundamental-sydney-crew#Navy,semi-hard,0.30141688899520375
Fiona,the-v-neck-stripe-top#BlkStripe,half-sleeve-fluffy-knit#Ivory,random,0.4442942603519488
Fiona,the-weekender-shirt#DenimStrip,mila-knit-cardigan#Clay,hard,0.20251504157966538
Fiona,the-weekender-shirt#DenimStrip,clovis-shirt#NavyGold,semi-hard,0.2533182725789748
Fiona,the-weekender-shirt#DenimStrip,softly-swinging-bamboo-tee#Storm,random,0.3814159113007637
Fiona,the-weekender-shirt#GreyStripe,butterfly-blouse-1#Ivory,hard,0.15365401978409973
Fiona,the-weekender-shirt#GreyStripe,soho-ruffle-jumper#OatmealMar,semi-hard,0.32549834549858964
Fiona,the-weekender-shirt#GreyStripe,butterfly-kisses-tee#Stripe,random,0.453995952081396
Fiona,the-wrap-jersey-top-1#NavyStripe,rib-tank-2#Mustard,hard,0.23792072273511222
Fiona,the-wrap-jersey-top-1#NavyStripe,ashbury-cardigan#Mocha,semi-hard,0.27868925561090446
Fiona,the-wrap-jersey-top-1#NavyStripe,grace-oversized-knit#Black,random,0.4332852705203435
Fiona,the-zip-front-top#Blue,printed-v-neck-blouse#NavyWhite,hard,0.2220081955551638
Fiona,the-zip-front-top#Blue,maui-stretch-tee#Black,semi-hard,0.3110829315554577
Fiona,the-zip-front-top#Blue,softly-swinging-bamboo-tee#Chambray,random,0.3814159113007637
Fiona,the-zip-front-top#Rose,overlay-tunic-3-pce-set#Emerald,hard,0.17449493213577036
Fiona,the-zip-front-top#Rose,geneva-v-neck-top#HeatheGrey,semi-hard,0.3281848303257433
Fiona,the-zip-front-top#Rose,selma-top-1#IndoStripe,random,0.38202573388045635
Fiona,tie-back-bell-sleeve-top-5#Summerbud,natural-tie-tunic#BlueSky,hard,0.24367806642528236
Fiona,tie-back-bell-sleeve-top-5#Summerbud,dream-girl-ruffle-jumper#SoftPink,semi-hard,0.27451484134142545
Fiona,tie-back-bell-sleeve-top-5#Summerbud,natural-extra-fine-sweater#Snowgum,random,0.406405002739044
Fiona,tracie-top#Black,ricki-one-shoulder-top#BlackWhite,hard,0.23816258032703996
Fiona,tracie-top#Black,belle-two-in-one-top#Charcoal,semi-hard,0.2817255240916432
Fiona,tracie-top#Black,the-layered-cross-over-top#Navy,random,0.3818152903100595
Fiona,tracie-top#Opal,pocket-shirt-1#Ivory,hard,0.2199523623255362
Fiona,tracie-top#Opal,ella-funnel-neck-top#Khaki,semi-hard,0.32881091438242105
Fiona,tracie-top#Opal,softly-swinging-bamboo-tee#Blush,random,0.3814159113007637
Fiona,viola-kimono-radiant-floral#Grey,manhattan-stretch-tee#Navy,hard,0.2285692043616061
Fiona,viola-kimono-radiant-floral#Grey,still-the-one-ruffle-blouse#Spot,semi-hard,0.276739546069538
Fiona,viola-kimono-radiant-floral#Grey,the-soft-knit-jumper#PinkStripe,random,0.41496635851430447
Fiona,walk-in-the-park-cardi#Sand,natural-crossover-knit-1#Stormcloud,hard,0.23850168011860934
Fiona,walk-in-the-park-cardi#Sand,mauevewood-crew#Charcoal,semi-hard,0.3151539113694774
Fiona,walk-in-the-park-cardi#Sand,out-of-my-mind-scallop-knit#GreyMarle,random,0.3728644318057984
Fiona,weekend-vibes-blouse#Blush,the-wrap-jersey-top#Charcoal,hard,0.23669795422596243
Fiona,weekend-vibes-blouse#Blush,variegated-rib-knit#Silver,semi-hard,0.3415201798911922
Fiona,weekend-vibes-blouse#Blush,the-stripe-tank-1#Hazelnut,random,0.46060097242008613
Gemma,animal-button-up-shirt#KhakiPrint,ally-long-sleeve-tee#CosmosPr,hard,0.22739962744226933
Gemma,animal-button-up-shirt#KhakiPrint,fundamental-sydney-crew#GreyMarle,semi-hard,0.4771535571017946
Gemma,animal-button-up-shirt#KhakiPrint,grace-oversized-knit#InkWhite,random,0.6370049249961953
Gemma,animal-knit-1#Animal,monaco-knot-top#HeatheGrey,hard,0.2079208513776883
Gemma,animal-knit-1#Animal,half-sleeve-fluffy-knit#Ivory,semi-hard,0.5223400523558062
Gemma,animal-knit-1#Animal,the-cut-out-shoulder-blouse#Blue,random,0.5752896429197007
Gemma,art-deco-print-top#NavyWhite,natural-crossover-knit-1#Stormcloud,hard,0.3052238728098081
Gemma,art-deco-print-top#NavyWhite,ava-short-sleeve-linen-tee#Blush,semi-hard,0.4412755787320485
Gemma,art-deco-print-top#NavyWhite,delicado-top#White,random,0.7696810584626845
Gemma,billow-top#Black,tinker-stripe-knit#NavyWhite,hard,0.3776984655991218
Gemma,billow-top#Black,natural-cross-back-knit#Lightsmoke,semi-hard,0.5218222689320955
Gemma,billow-top#Black,the-essential-layering-tee#White,random,0.598666949988849
Gemma,billow-top#Peach,striped-cardigan-3#Rainbow,hard,0.347664793485887
Gemma,billow-top#Peach,the-contrast-trim-knit#BlackWhite,semi-hard,0.5038918812401472
Gemma,billow-top#Peach,the-stella-tee#Marine,random,0.6009341081586533
Gemma,bo-cosy-cardigan#Blossom,leary-cardigan#Pine,hard,0.290221406901794
Gemma,bo-cosy-cardigan#Blossom,multi-sequin-dot-stripe-top#Navy,semi-hard,0.40338307811775076
Gemma,bo-cosy-cardigan#Blossom,sugar-snaps-layers-tank#Black,random,0.6202013873591268
Gemma,bo-cosy-cardigan#Storm,hannah-tee-1#Black,hard,0.344433918998024
Gemma,bo-cosy-cardigan#Storm,the-relaxed-long-sleeve-tee#Pink,semi-hard,0.511994590556374
Gemma,bo-cosy-cardigan#Storm,long-sleeve-ruffle-shirt#Navy,random,0.5800310958743395
Gemma,bubbles-print-tee#Cambridge,striped-cardigan-3#Rainbow,hard,0.347664793485887
Gemma,bubbles-print-tee#Cambridge,lola-bell-sleeve-top-ditsy-daisies#Blue,semi-hard,0.5376551691462144
Gemma,bubbles-print-tee#Cambridge,weekend-vibes-blouse#Blush,random,0.7138947058303521
Gemma,button-through-animal-shirt#Animal,analia-jersey-top#Black,hard,0.37507249149110466
Gemma,button-through-animal-shirt#Animal,belle-petal-print-top#Petal,semi-hard,0.5282725852868823
Gemma,button-through-animal-shirt#Animal,voyager-stripe-crew#Stripe,random,0.625
Gemma,cara-tee-3#Mustard,emerald-knit#Emerald,hard,0.38284948285155573
Gemma,cara-tee-3#Mustard,geneva-v-neck-top#ClaySpot,semi-hard,0.5095110902789999
Gemma,cara-tee-3#Mustard,sugar-snaps-layers-tank#SeaGreen,random,0.6202013873591268
Gemma,cara-tee-3#ZebraPrint,tutti-frutti-drop-shoulder-tee#Orange,hard,0.36240961157513324
Gemma,cara-tee-3#ZebraPrint,natural-overlay-knit#Greybloss,semi-hard,0.5536219534490169
Gemma,cara-tee-3#ZebraPrint,zara-top#ZebraPrint,random,0.5985081923114947
Gemma,cara-tee-4#Black,monaco-knot-top#Black,hard,0.2079208513776883
Gemma,cara-tee-4#Black,sandy-off-the-shoulder-top#Gingham,semi-hard,0.40439446062402806
Gemma,cara-tee-4#Black,daisy-chain-tassel-blouse#DeepBlue,random,0.69588199343956
Gemma,cara-tee-4#BlackWhite,ynes#Black,hard,0.32329506868648583
Gemma,cara-tee-4#BlackWhite,layer-me-bamboo-rouched-sleeve-tee#Fern,semi-hard,0.38643440879534885
Gemma,cara-tee-4#BlackWhite,the-asymmetrical-tank-top#HotPink,random,0.629295241028279
Gemma,cara-tee-4#White,nova-lux-solid-v-neck-placket-shirt#CloudDance,hard,0.3758636164681839
Gemma,cara-tee-4#White,geneva-v-neck-top#HeatheGrey,semi-hard,0.5095110902789999
Gemma,cara-tee-4#White,the-luxe-dobby-blouse#White,random,0.8252573063998133
Gemma,chasing-birds-blouse#White,bella-ls-tee#GreenWhite,hard,0.35846171156065265
Gemma,chasing-birds-blouse#White,rib-tank-2#White,semi-hard,0.3871490285788945
Gemma,chasing-birds-blouse#White,layla-long-line-kimono#MultiStrip,random,0.5630775039657585
Gemma,driftwood-gathering-blouse#Khaki,millie-top#WhiteBlk,hard,0.3659377944578243
Gemma,driftwood-gathering-blouse#Khaki,the-dobby-sleeve-tee#InkBlue,semi-hard,0.5488603939518372
Gemma,driftwood-gathering-blouse#Khaki,grace-oversized-knit#InkWhite,random,0.6370049249961953
Gemma,eco-78-long-cardigan#DarkGreyM,dream-girl-ruffle-jumper#SoftPink,hard,0.2809929743414298
Gemma,eco-78-long-cardigan#DarkGreyM,belle-v-neck-forgiver-tunic#DenimMarl,semi-hard,0.536172543875626
Gemma,eco-78-long-cardigan#DarkGreyM,the-cotton-bamboo-tank#DarkNavy,random,0.581478637463014
Gemma,eco-78-long-cardigan#LightGreyM,millie-top#BlackSpot,hard,0.3659377944578243
Gemma,eco-78-long-cardigan#LightGreyM,layer-top-1#Navy,semi-hard,0.3898477967119585
Gemma,eco-78-long-cardigan#LightGreyM,fundamental-split-hoodie-1#Lilac,random,0.6184797525826143
Gemma,elcos-45-aop-top-jrs#BlackFlowe,hayley-button-down#NavySparro,hard,0.33320645111072
Gemma,elcos-45-aop-top-jrs#BlackFlowe,the-long-sleeve-scoop-neck-tee#Grey,semi-hard,0.48635378349973724
Gemma,elcos-45-aop-top-jrs#BlackFlowe,print-tee-3#Bike,random,0.8142583392370183
Gemma,elcos-45-aop-top-jrs#BlackZigZa,belle-cowl-swing-sweater#Green,hard,0.3452805858739006
Gemma,elcos-45-aop-top-jrs#BlackZigZa,belle-half-sleeve-forgiver-tunic#FlamPink,semi-hard,0.507121038805157
Gemma,elcos-45-aop-top-jrs#BlackZigZa,sugar-snaps-throw-jacket#Black,random,0.7317958814772516
Gemma,ella-funnel-neck-top#Khaki,hayley-button-down#NavySparro,hard,0.33320645111072
Gemma,ella-funnel-neck-top#Khaki,the-relaxed-long-sleeve-tee#White,semi-hard,0.511994590556374
Gemma,ella-funnel-neck-top#Khaki,beach-walk-shirt#Khaki,random,0.7563715186547557
Gemma,falling-flowers-blouse#DustyPink,monaco-knot-top#HeatheGrey,hard,0.2079208513776883
Gemma,falling-flowers-blouse#DustyPink,ponte-spot-top#BlackWhite,semi-hard,0.5541117862403871
Gemma,falling-flowers-blouse#DustyPink,the-tie-layering-knit#Grey,random,0.7612985761829693
Gemma,falling-for-you-cardi#Black,falling-for-you-cardi-2#WinterRose,hard,0.3409090909090909
Gemma,falling-for-you-cardi#Black,the-ultimate-tie-cardi#Black,semi-hard,0.5022772075953044
Gemma,falling-for-you-cardi#Black,peasant-top-3#Denim,random,0.7217174387845643
Gemma,falling-for-you-cardi#Dusty,wildflower-shirt#White,hard,0.3452453240046223
Gemma,falling-for-you-cardi#Dusty,daylight-jumper#Silver,semi-hard,0.558420941266163
Gemma,falling-for-you-cardi#Dusty,the-printed-v-neck-tee#White,random,0.6704786302329655
Gemma,falling-for-you-cardi#GreyMarle,monaco-knot-top#HeatheGrey,hard,0.2079208513776883
Gemma,falling-for-you-cardi#GreyMarle,fundamental-rib-long-sleeve-tee#Black,semi-hard,0.4356415647588774
Gemma,falling-for-you-cardi#GreyMarle,the-bonded-cotton-tunic-dress#Navy,random,0.652428795047304
Gemma,falling-for-you-cardi#Khaki,the-wrap-jersey-top-1#NavyStripe,hard,0.34686231793097144
Gemma,falling-for-you-cardi#Khaki,heartmade-sweater#Rust,semi-hard,0.5084094522405903
Gemma,falling-for-you-cardi#Khaki,the-zip-front-blouse#Navy,random,0.6979330881064985
Gemma,falling-for-you-cardi#Mustard,soho-v-neck-blouse#SohoPrint,hard,0.3400257738408028
Gemma,falling-for-you-cardi#Mustard,rory-spliced-zip-hoodie#Slate,semi-hard,0.39798186401314656
Gemma,falling-for-you-cardi#Mustard,off-shoulder-top-1#Strawberry,random,0.5922825488576934
Gemma,falling-for-you-cardi#Navy,saba-top-2#Catus,hard,0.3400943067521884
Gemma,falling-for-you-cardi#Navy,horizontal-cabel-pullover#EnglishRos,semi-hard,0.4327224070584963
Gemma,falling-for-you-cardi#Navy,sugar-snaps-layers-tank#NewBeige,random,0.6202013873591268
Gemma,falling-for-you-cardi#Port,analia-jersey-top#Navy,hard,0.37507249149110466
Gemma,falling-for-you-cardi#Port,janet-frill-shirt#White,semi-hard,0.43258623858216394
Gemma,falling-for-you-cardi#Port,belle-lace-trim-tee#GreyMarle,random,0.7719624784585578
Gemma,falling-for-you-cardi#Rust,laurina-stripe-pullover#NightSky,hard,0.38186130059649437
Gemma,falling-for-you-cardi#Rust,multi-sequin-dot-stripe-top#Navy,semi-hard,0.40338307811775076
Gemma,falling-for-you-cardi#Rust,belle-paint-brush-print-top#PaintPrint,random,0.806609980779352
Gemma,falling-for-you-cardi#Teal,melbourne-stretch-cardigan#Black,hard,0.362542600881225
Gemma,falling-for-you-cardi#Teal,alberta-stripe-top#IvoryStrip,semi-hard,0.4533424937021663
Gemma,falling-for-you-cardi#Teal,the-stitch-detail-top#Pink,random,0.6844464364680772
Gemma,floral-blouse-2#NavyMulti,analia-top#White,hard,0.26532017013278264
Gemma,floral-blouse-2#NavyMulti,ruffle-hem-jersey-top#Pink,semi-hard,0.4670515000966058
Gemma,floral-blouse-2#NavyMulti,falling-flowers-cardi#GreyMarle,random,0.6036396371561727
Gemma,floral-embroidered-jumper#Navy,niue-neck-tie-shirt#LightBlue,hard,0.32138207606380165
Gemma,floral-embroidered-jumper#Navy,belle-square-neck-drape-tee#Vanilla,semi-hard,0.5295276281174841
Gemma,floral-embroidered-jumper#Navy,the-cross-over-blouse#RoyalBlue,random,0.5947920807279521
Gemma,floral-nehru-print-shirt#Pink,layered-top-2#White,hard,0.34139595262913275
Gemma,floral-nehru-print-shirt#Pink,the-relaxed-long-sleeve-tee#White,semi-hard,0.511994590556374
Gemma,floral-nehru-print-shirt#Pink,summer-haze-top#Teal,random,0.7177093575901973
Gemma,flow-with-me-slouch-top#Brick,the-panel-luxe-top#SilvWhite,hard,0.32878569439026184
Gemma,flow-with-me-slouch-top#Brick,wellington-tee#ClaySpot,semi-hard,0.5263362872952563
Gemma,flow-with-me-slouch-top#Brick,the-shoulder-tie-top#Navy,random,0.676102181146659
Gemma,foil-2-in-1-spot-top#Charcoal,mila-knit-cardigan#InkWhite,hard,0.27765465330020433
Gemma,foil-2-in-1-spot-top#Charcoal,geneva-v-neck-top#Olive,semi-hard,0.5095110902789999
Gemma,foil-2-in-1-spot-top#Charcoal,relaxed-top-1#FloraStrip,random,0.6018621912769311
Gemma,foil-striped-2-in-1-top#Blue,laurina-stripe-pullover#NightSky,hard,0.38186130059649437
Gemma,foil-striped-2-in-1-top#Blue,cotton-stripe-cardi-with-pockets#White,semi-hard,0.5284276916188457
Gemma,foil-striped-2-in-1-top#Blue,jersey-split-back-hooded-top#NavyStrip,random,0.6787289321003075
Gemma,geena-xo-ls-pullover-knit#Allure,the-batwing-tee#Black,hard,0.3586571215669576
Gemma,geena-xo-ls-pullover-knit#Allure,the-boat-neck-top#Black,semi-hard,0.3885073123992152
Gemma,geena-xo-ls-pullover-knit#Allure,messina-knit-1#Shiraz,random,0.7305371185046988
Gemma,geena-xo-ls-pullover-knit#WhiteCapGr,colourblock-cardi#NavyRed,hard,0.28596004326543034
Gemma,geena-xo-ls-pullover-knit#WhiteCapGr,multi-stripe-jumper#NavyMulti,semi-hard,0.5181323461907182
Gemma,geena-xo-ls-pullover-knit#WhiteCapGr,snug-as-a-bug-jumper#Smoke,random,0.6526796661912269
Gemma,holly-rib-long-sleeve-tee#Black,lenka-lurex-stripe-blouse#NavyGoldSt,hard,0.38249130189277536
Gemma,holly-rib-long-sleeve-tee#Black,bertie-top#BlkCherry,semi-hard,0.38506398259578634
Gemma,holly-rib-long-sleeve-tee#Black,contrast-stripe-sweater#Pockets,random,0.6747913374687159
Gemma,holly-rib-long-sleeve-tee#Khaki,the-panel-luxe-top#SilvWhite,hard,0.32878569439026184
Gemma,holly-rib-long-sleeve-tee#Khaki,the-long-sleeve-scoop-neck-tee#White,semi-hard,0.48635378349973724
Gemma,holly-rib-long-sleeve-tee#Khaki,flying-free-top-3#WhiteBird,random,0.5925679345095032
Gemma,holly-rib-long-sleeve-tee#WhiteGrey,amira-sweater#Cream,hard,0.3547562335324109
Gemma,holly-rib-long-sleeve-tee#WhiteGrey,great-scot-merino-carcoat#Twilight,semi-hard,0.4116735105997638
Gemma,holly-rib-long-sleeve-tee#WhiteGrey,the-contrast-knit-1#Navy,random,0.5726975577409104
Gemma,hydrangea-kimono#Hydrangea,glasgow-top#Melange,hard,0.21778967137840208
Gemma,hydrangea-kimono#Hydrangea,square-peg-pullover#SilverMix,semi-hard,0.3948250889757452
Gemma,hydrangea-kimono#Hydrangea,the-cosy-cardigan#Grey,random,0.5625821071991592
Gemma,ivy-cosy-pullover#Blossom,vivid-dreams-blouse#Dusty%20Rose,hard,0.30578551810014426
Gemma,ivy-cosy-pullover#Blossom,irena-embroidered-blouse#DustyRose,semi-hard,0.4089514101773649
Gemma,ivy-cosy-pullover#Blossom,the-shoulder-tie-top#Black,random,0.676102181146659
Gemma,ivy-cosy-pullover#Storm,daylight-cardi#Silver,hard,0.37746084826210147
Gemma,ivy-cosy-pullover#Storm,daylight-jumper#Silver,semi-hard,0.558420941266163
Gemma,ivy-cosy-pullover#Storm,the-cross-over-blouse#Sunshine,random,0.5947920807279521
Gemma,kimberly-spliced-top#Black,analia-jersey-top#Black,hard,0.37507249149110466
Gemma,kimberly-spliced-top#Black,the-lace-trim-top#Black,semi-hard,0.5527661242386913
Gemma,kimberly-spliced-top#Black,skipping-stones-tunic#Forest,random,0.6539486960889642
Gemma,kimberly-spliced-top#Zebraprint,the-uneven-hem-knit-1#Sage,hard,0.26102394715111477
Gemma,kimberly-spliced-top#Zebraprint,rib-tank-2#Khaki,semi-hard,0.3871490285788945
Gemma,kimberly-spliced-top#Zebraprint,the-curve-striped-tank#Marine,random,0.6588507304707674
Gemma,layered-sleeve-top#DarkBlue,germaine-blouse#Pearl,hard,0.34522504397510323
Gemma,layered-sleeve-top#DarkBlue,the-crossover-2-way-blouse#Black,semi-hard,0.47852506396285416
Gemma,layered-sleeve-top#DarkBlue,the-multi-stripe-cardi#Stripe,random,0.6509561046837177
Gemma,layered-sleeve-top#Moss,the-wrap-jersey-top-1#NavyStripe,hard,0.34686231793097144
Gemma,layered-sleeve-top#Moss,belle-half-sleeve-boat-tee#White,semi-hard,0.4511668349575817
Gemma,layered-sleeve-top#Moss,the-cross-front-spot-blouse#NavySpot,random,0.7493003325719734
Gemma,longline-gather-back-shirt#Black,tutti-frutti-drop-shoulder-tee#Orange,hard,0.36240961157513324
Gemma,longline-gather-back-shirt#Black,alberta-stripe-top#IvoryStrip,semi-hard,0.4533424937021663
Gemma,longline-gather-back-shirt#Black,partly-cloudy-knit#PawPaw,random,0.6881928283662387
Gemma,love-song-relaxed-blouse#SagePearl,printed-v-neck-blouse#NavyWhite,hard,0.3515361917252967
Gemma,love-song-relaxed-blouse#SagePearl,kimono-top-36#BlueMarle,semi-hard,0.4371538635669688
Gemma,love-song-relaxed-blouse#SagePearl,je-taime-knit#Navy,random,0.580870012240831
Gemma,lucy-rib-oversized-top#Black,manhattan-stretch-tee#Black,hard,0.29207118915939867
Gemma,lucy-rib-oversized-top#Black,wellington-tee#Black,semi-hard,0.5263362872952563
Gemma,lucy-rib-oversized-top#Black,the-cut-out-shoulder-blouse#Silver,random,0.5752896429197007
Gemma,lucy-rib-oversized-top#WhiteGrey,double-layered-top-1#WBlack,hard,0.33975816077617693
Gemma,lucy-rib-oversized-top#WhiteGrey,belle-drape-tee#Sliver,semi-hard,0.5549035944826833
Gemma,lucy-rib-oversized-top#WhiteGrey,long-sleeve-softly-swinging-bamboo-tee#Combat,random,0.565969784858371
Gemma,meredith-78-oversized-pullover-knit#CameoRose,saba-top-2#Catus,hard,0.3400943067521884
Gemma,meredith-78-oversized-pullover-knit#CameoRose,ruffle-top-4#Terracotta,semi-hard,0.4368070178029432
Gemma,meredith-78-oversized-pullover-knit#CameoRose,the-print-contrast-34-sleeve-top#Animal,random,0.7420935253941864
Gemma,meredith-78-oversized-pullover-knit#WhiteCapGr,high-neck-tie-top#Black,hard,0.26864501815818975
Gemma,meredith-78-oversized-pullover-knit#WhiteCapGr,star-and-spot-sweater#SilverMult,semi-hard,0.49522537599328564
Gemma,meredith-78-oversized-pullover-knit#WhiteCapGr,belle-handkerchief-printed-cami#RustFlwrs,random,0.7040959596130518
Gemma,moonlight-kisses-bamboo-tee#Black,high-neck-tie-top#Black,hard,0.26864501815818975
Gemma,moonlight-kisses-bamboo-tee#Black,panelled-stripe-top#NavyWhite,semi-hard,0.45517734283310424
Gemma,moonlight-kisses-bamboo-tee#Black,the-contrast-knit-1#Navy,random,0.5726975577409104
Gemma,moonlight-kisses-bamboo-tee#Combat,dusk-top#DuskPrint,hard,0.3393461685153029
Gemma,moonlight-kisses-bamboo-tee#Combat,weekend-cardigan#Black,semi-hard,0.38343877025798045
Gemma,moonlight-kisses-bamboo-tee#Combat,sugar-snaps-round-neck-layer-tank#DuckEgg,random,0.659290740451311
Gemma,moonlight-kisses-bamboo-tee#Saffron,manhattan-stretch-tee#Black,hard,0.29207118915939867
Gemma,moonlight-kisses-bamboo-tee#Saffron,heartmade-cardi#DustyRose,semi-hard,0.4512724539153635
Gemma,moonlight-kisses-bamboo-tee#Saffron,summer-haze-top#Teal,random,0.7177093575901973
Gemma,moonlight-kisses-bamboo-tee#White,lenka-lurex-stripe-blouse#NavyGoldSt,hard,0.38249130189277536
Gemma,moonlight-kisses-bamboo-tee#White,tie-back-bell-sleeve-top-5#Summerbud,semi-hard,0.4726970334342053
Gemma,moonlight-kisses-bamboo-tee#White,lazy-daze-tee#Khaki,random,0.7070575617999929
Gemma,napoleon-top-1#NemoBlue,cuddled-longline-cardigan#Sunflower,hard,0.31902461236684915
Gemma,napoleon-top-1#NemoBlue,paradise-cardi#MultiStrip,semi-hard,0.5032178445902624
Gemma,napoleon-top-1#NemoBlue,the-boat-neck-top-1#Ink,random,0.6089173545980852
Gemma,napoleon-top-1#NemoRed,the-cotton-bamboo-tee#BlueJeans,hard,0.27679158164950124
Gemma,napoleon-top-1#NemoRed,belle-v-neck-forgiver-tunic#ArmyGreen,semi-hard,0.536172543875626
Gemma,napoleon-top-1#NemoRed,falling-flowers-cardi#GreyMarle,random,0.6036396371561727
Gemma,on-the-horizon-swing-top-1#Khaki,aztec-cardigan#Orange,hard,0.31322129988682157
Gemma,on-the-horizon-swing-top-1#Khaki,the-cotton-cardi#Navy,semi-hard,0.45295257488176566
Gemma,on-the-horizon-swing-top-1#Khaki,the-stripe-button-through-top#Coral,random,0.7292669899985356
Gemma,placement-print-shirt#WhiteNavy,the-batwing-tee#Sea,hard,0.3586571215669576
Gemma,placement-print-shirt#WhiteNavy,cooks-shirt#Stripes,semi-hard,0.4101545274153182
Gemma,placement-print-shirt#WhiteNavy,long-sleeve-softly-swinging-bamboo-tee#Combat,random,0.565969784858371
Gemma,relaxed-animal-print-blouse#Leopard,belle-cowl-swing-sweater#Black,hard,0.3452805858739006
Gemma,relaxed-animal-print-blouse#Leopard,capri-tank-6#HeatheGrey,semi-hard,0.4034439425628542
Gemma,relaxed-animal-print-blouse#Leopard,the-cut-out-shoulder-blouse#White,random,0.5752896429197007
Gemma,relaxed-v-neck-knit#Silver,millie-top#WhiteBlk,hard,0.3659377944578243
Gemma,relaxed-v-neck-knit#Silver,the-soft-knit-jumper#PinkStripe,semi-hard,0.5122175512348923
Gemma,relaxed-v-neck-knit#Silver,patchwork-tunic#Patchwork,random,0.6085816880614568
Gemma,rose-shirt#BlueIllusi,tutti-frutti-drop-shoulder-tee#Orange,hard,0.36240961157513324
Gemma,rose-shirt#BlueIllusi,clara-blouse#DarkFloral,semi-hard,0.43765368467881965
Gemma,rose-shirt#BlueIllusi,sugar-snaps-layers-tank#White,random,0.6202013873591268
Gemma,ruffle-sleeve-top-1#Black,bamboo-layer-tank#Chalk,hard,0.264301462715717
Gemma,ruffle-sleeve-top-1#Black,belle-square-neck-drape-tee#Vanilla,semi-hard,0.5295276281174841
Gemma,ruffle-sleeve-top-1#Black,long-sleeve-softly-swinging-bamboo-tee#Copper,random,0.565969784858371
Gemma,ryder-cosy-sweater#Blossom,tinker-stripe-knit#NavyWhite,hard,0.3776984655991218
Gemma,ryder-cosy-sweater#Blossom,frill-blouse#Rust,semi-hard,0.45918078474638224
Gemma,ryder-cosy-sweater#Blossom,the-pleated-sleeve-top#Sage,random,0.5900059117183394
Gemma,sand-queen-throw-blouse#Fleur,the-panel-luxe-top#BlkWhite,hard,0.32878569439026184
Gemma,sand-queen-throw-blouse#Fleur,kimono-and-me-cardi#Sand,semi-hard,0.4985838963028506
Gemma,sand-queen-throw-blouse#Fleur,the-oversized-cotton-blend-shirt#Sand,random,0.8735250265306885
Gemma,sequin-cross-2-in-1-top#Khaki,pocket-shirt-1#Ivory,hard,0.37949619278980595
Gemma,sequin-cross-2-in-1-top#Khaki,belle-half-sleeve-forgiver-tunic#FlamPink,semi-hard,0.507121038805157
Gemma,sequin-cross-2-in-1-top#Khaki,summer-whispers-kimono-1#Peacock,random,0.9116721286862479
Gemma,sequin-cross-2-in-1-top#Navy,colourblock-cardi#NavyRed,hard,0.28596004326543034
Gemma,sequin-cross-2-in-1-top#Navy,paradising-buttoned-shirt#Wheat,semi-hard,0.3842878151019201
Gemma,sequin-cross-2-in-1-top#Navy,jersey-split-back-hooded-top#NavyStrip,random,0.6787289321003075
Gemma,sequin-spot-shirt#Blue,natural-cropped-sleeve-knit#Cloudcover,hard,0.3788861681344861
Gemma,sequin-spot-shirt#Blue,st-helens-henley-tee#Sapphire,semi-hard,0.38405019776489974
Gemma,sequin-spot-shirt#Blue,the-longline-waterfall-cardi#Black,random,0.7747943999839194
Gemma,snake-print-johnny-collar-top#BeigeSnake,melbourne-stretch-cardigan#Black,hard,0.362542600881225
Gemma,snake-print-johnny-collar-top#BeigeSnake,hacienda-tunic-pushkar#Cornflower,semi-hard,0.5148751580868041
Gemma,snake-print-johnny-collar-top#BeigeSnake,the-cotton-tie-detail-top#Ivory,random,0.5943153372299705
Gemma,spliced-lace-panel-tee#White,fundamental-vee-tee#White,hard,0.36765675514194895
Gemma,spliced-lace-panel-tee#White,belle-half-sleeve-forgiver-tunic#MutedClay,semi-hard,0.507121038805157
Gemma,spliced-lace-panel-tee#White,messina-knit-1#Shiraz,random,0.7305371185046988
Gemma,stripe-sweater-2#Blue,pocket-shirt-1#Ivory,hard,0.37949619278980595
Gemma,stripe-sweater-2#Blue,fundamental-split-hoodie#Pink,semi-hard,0.4774718253728961
Gemma,stripe-sweater-2#Blue,the-soft-overlay-top#Pink,random,1.016789935146978
Gemma,tab-sleeve-longline-shirt#Navy,meadow-cardigan#Cream,hard,0.3041709752114969
Gemma,tab-sleeve-longline-shirt#Navy,jordan-top#PearlBlue,semi-hard,0.48419840350274823
Gemma,tab-sleeve-longline-shirt#Navy,print-tee-3#Cntryhous,random,0.8142583392370183
Gemma,tab-sleeve-longline-shirt#Pink,back-to-you-top#BlackMagic,hard,0.2391501585688073
Gemma,tab-sleeve-longline-shirt#Pink,frill-sleeve-top-1#LeafPrint,semi-hard,0.43244712552758846
Gemma,tab-sleeve-longline-shirt#Pink,the-open-sleeve-blouse#Berry,random,0.5658559346698975
Gemma,tab-sleeve-longline-shirt#Silver,the-batwing-tee#Stone,hard,0.3586571215669576
Gemma,tab-sleeve-longline-shirt#Silver,mixed-messages-jumper#MixedStrip,semi-hard,0.43385662988264145
Gemma,tab-sleeve-longline-shirt#Silver,the-cut-out-shoulder-blouse#White,random,0.5752896429197007
Gemma,triangle-detail-long-sleeve-tee#Bordeaux,rika-top#BatikTile,hard,0.2590872466355149
Gemma,triangle-detail-long-sleeve-tee#Bordeaux,the-tie-front-tank#White,semi-hard,0.5127395658607162
Gemma,triangle-detail-long-sleeve-tee#Bordeaux,lurex-stitch-top#White,random,0.5857433456377478
Gemma,triangle-detail-long-sleeve-tee#Navy,tinker-stripe-knit#NavyWhite,hard,0.3776984655991218
Gemma,triangle-detail-long-sleeve-tee#Navy,the-asymmetrical-hem-sweater#Blush,semi-hard,0.5391009139054718
Gemma,triangle-detail-long-sleeve-tee#Navy,jasmine-singlet#White,random,0.5963454399725484
Gemma,tuck-layer-shirt#White,leah-knit-cardigan#Black,hard,0.29809212225201753
Gemma,tuck-layer-shirt#White,the-asymmetrical-hem-sweater#Blush,semi-hard,0.5391009139054718
Gemma,tuck-layer-shirt#White,the-cross-over-blouse#White,random,0.5947920807279521
Gemma,under-the-stars-blouse#Petal,layered-top-2#White,hard,0.34139595262913275
Gemma,under-the-stars-blouse#Petal,jade-kimono-sweet-blossoms#Blue,semi-hard,0.5340520839016528
Gemma,under-the-stars-blouse#Petal,beach-walk-shirt#Stormy,random,0.7563715186547557
Gemma,wonderlust-tee#BurntOran,nova-lux-long-sleeve-tie-top-1#SimplyGree,hard,0.36483612608055893
Gemma,wonderlust-tee#BurntOran,falling-for-you-tunic#Black,semi-hard,0.4976336371902207
Gemma,wonderlust-tee#BurntOran,the-cross-over-blouse#Red,random,0.5947920807279521
Gemma,you-at-my-shoulder-tunic#Black,the-long-sleeve-v-neck-tee#Black,hard,0.2872350020592819
Gemma,you-at-my-shoulder-tunic#Black,the-stripe-jersey-top#Blue,semi-hard,0.4744280185606112
Gemma,you-at-my-shoulder-tunic#Black,the-soft-overlay-top#Pink,random,1.016789935146978
Georgia,aldis-blouse#Pearl,the-panel-luxe-top#BlkWhite,hard,0.4031671275579264
Georgia,aldis-blouse#Pearl,elcos-top#LightGrey,semi-hard,0.5174461521030781
Georgia,aldis-blouse#Pearl,sand-queen-throw-blouse#Fleur,random,0.7956696866157918
Georgia,arizona-off-the-shoulder-top#Khaki,rika-top#BatikTile,hard,0.32943039498601673
Georgia,arizona-off-the-shoulder-top#Khaki,bertie-top#Black,semi-hard,0.4693394781488317
Georgia,arizona-off-the-shoulder-top#Khaki,the-contrast-knit-1#Navy,random,0.6853724934620681
Georgia,baobab-sweater#Bark,germaine-blouse#Pearl,hard,0.4235118449254407
Georgia,baobab-sweater#Bark,the-contrast-panel-top#BlkStripe,semi-hard,0.587763253449528
Georgia,baobab-sweater#Bark,belle-v-neck-forgiver-tunic#Tobacco,random,0.6304318018045856
Georgia,batty-about-you-cotton-tee#BlkWhite,natural-classic-cardigan#Pebble,hard,0.3170027117519223
Georgia,batty-about-you-cotton-tee#BlkWhite,panelled-stripe-top#NavyWhite,semi-hard,0.5434355065917951
Georgia,batty-about-you-cotton-tee#BlkWhite,the-cross-over-top#NavyStripe,random,0.8016107718132791
Georgia,be-mine-top-1#Sage,nova-lux-long-sleeve-tie-top-1#NightSky,hard,0.44438899837648027
Georgia,be-mine-top-1#Sage,bo-cosy-cardigan#Storm,semi-hard,0.5181465884348733
Georgia,be-mine-top-1#Sage,the-define-flute-sleeve-blouse#Black,random,0.6501746885556239
Georgia,blue-waters-cotton-blouse#White,mila-knit-cardigan#InkWhite,hard,0.3528729557355781
Georgia,blue-waters-cotton-blouse#White,jordan-top#PearlBlue,semi-hard,0.5737875402987239
Georgia,blue-waters-cotton-blouse#White,under-the-stars-blouse#Petal,random,0.7794290640128534
Georgia,butterfly-kisses-tee#Green,leah-knit-cardigan#Black,hard,0.37387427761264347
Georgia,butterfly-kisses-tee#Green,ditzy-floral-ruffle-blouse#DitzyFlora,semi-hard,0.5397240645164828
Georgia,butterfly-kisses-tee#Green,the-sleeveless-cross-over-blouse#Chambray,random,0.6596605075381906
Georgia,butterfly-kisses-tee#MustardStr,the-panel-luxe-top#BlkWhite,hard,0.4031671275579264
Georgia,butterfly-kisses-tee#MustardStr,the-side-panel-drape-top#OffWhite,semi-hard,0.532667226968468
Georgia,butterfly-kisses-tee#MustardStr,belle-drape-tee#Sliver,random,0.6494188295649403
Georgia,butterfly-kisses-tee#Stripe,faith-jumper#Eventide,hard,0.34050160031130056
Georgia,butterfly-kisses-tee#Stripe,belle-twist-front-tee-1#Black,semi-hard,0.580274429276701
Georgia,butterfly-kisses-tee#Stripe,zara-top#ZebraPrint,random,0.6968469245758242
Georgia,chill-out-slouch-top#GreyMarle,overlay-tunic-3-pce-set#Emerald,hard,0.312104752804842
Georgia,chill-out-slouch-top#GreyMarle,panelled-stripe-top#NavyWhite,semi-hard,0.5434355065917951
Georgia,chill-out-slouch-top#GreyMarle,the-blouson-sleeve-jumper#Navy,random,0.7133738903373533
Georgia,chill-out-slouch-top#Mustard,the-batwing-tee#FrenchBlue,hard,0.42499250575160996
Georgia,chill-out-slouch-top#Mustard,napoleon-top-1#NemoBlue,semi-hard,0.47459713983899643
Georgia,chill-out-slouch-top#Mustard,weekend-tunic#Navy,random,0.8373943431366531
Georgia,cooks-shirt#Stripes,westward-top#BotanicalD,hard,0.4441230545553192
Georgia,cooks-shirt#Stripes,the-weekender-shirt#DenimStrip,semi-hard,0.5984678737634602
Georgia,cooks-shirt#Stripes,belle-tie-neck-blouse-tee#White,random,0.6493364363066472
Georgia,cotton-candy-side-split-top#IceBlue,the-relax-blouse#White,hard,0.3893862849301868
Georgia,cotton-candy-side-split-top#IceBlue,luxe-shirt#Navy,semi-hard,0.5099078221939352
Georgia,cotton-candy-side-split-top#IceBlue,bodega-knit#Moss,random,0.9205235025113926
Georgia,cover-up-slouch-cardi#Alloy,tutti-frutti-drop-shoulder-tee#Orange,hard,0.4422931704489714
Georgia,cover-up-slouch-cardi#Alloy,long-sleeve-layer-top#Navy,semi-hard,0.598501872659176
Georgia,cover-up-slouch-cardi#Alloy,the-relaxed-batwing-top#Denim%20Blue,random,0.8667966784438842
Georgia,cross-my-heart-bamboo-slouch-tee#White,geena-xo-ls-pullover-knit#Allure,hard,0.3911785707167444
Georgia,cross-my-heart-bamboo-slouch-tee#White,analia-jersey-top#Navy,semi-hard,0.45398804705839546
Georgia,cross-my-heart-bamboo-slouch-tee#White,belle-v-neck-forgiver-tunic#White,random,0.6304318018045856
Georgia,cross-my-heart-sweater#Regal,the-cotton-bamboo-tee#DuckEgg,hard,0.34955038857059234
Georgia,cross-my-heart-sweater#Regal,linen-v-neck-cami-2#BlueWhite,semi-hard,0.5114844457393007
Georgia,cross-my-heart-sweater#Regal,spot-layered-tee#Blue,random,0.7206225563433043
Georgia,crossing-the-plains-sweater-1#Indigo,hannah-tee-1#Black,hard,0.4215844519861798
Georgia,crossing-the-plains-sweater-1#Indigo,juno-cardigan#GreyMarle,semi-hard,0.48810790192747655
Georgia,crossing-the-plains-sweater-1#Indigo,the-asymmetrical-tank-top#HotPink,random,0.7309555664976264
Georgia,cyrus-top#LightRose,the-relax-blouse#White,hard,0.3893862849301868
Georgia,cyrus-top#LightRose,spliced-stripe-tunic#Navy,semi-hard,0.4814788061585399
Georgia,cyrus-top#LightRose,sontana-blouse#Stone,random,0.6631427446646369
Georgia,daisy-chain-tassel-blouse#DeepBlue,natural-extra-fine-sweater#Snowgum,hard,0.4382944521961926
Georgia,daisy-chain-tassel-blouse#DeepBlue,ava-short-sleeve-linen-tee#Navy,semi-hard,0.5268853335184657
Georgia,daisy-chain-tassel-blouse#DeepBlue,the-everyday-shirt#Pink,random,0.765057877936518
Georgia,dusk-top#DuskPrint,manhattan-stretch-tee#Navy,hard,0.3637192332845488
Georgia,dusk-top#DuskPrint,the-half-sleeve-tee#Black,semi-hard,0.4692722941014614
Georgia,dusk-top#DuskPrint,milan-stretch-top#White,random,0.6639906815826622
Georgia,falling-flowers-cardi#GreyMarle,reversible-scoopv-neck-tank#White,hard,0.4274652365192818
Georgia,falling-flowers-cardi#GreyMarle,the-lace-trim-top#Black,semi-hard,0.5971772756820858
Georgia,falling-flowers-cardi#GreyMarle,tracie-top#Black,random,0.7189949634370301
Georgia,falling-for-you-cardi#Black,cara-tee-3#Mustard,hard,0.4095047167949952
Georgia,falling-for-you-cardi#Black,luxe-shirt#Champagne,semi-hard,0.5099078221939352
Georgia,falling-for-you-cardi#Black,the-oversize-knit#GreyMarle,random,0.89640522875817
Georgia,falling-for-you-cardi#Dusty,cuddled-longline-cardigan#Sunflower,hard,0.39641758540600636
Georgia,falling-for-you-cardi#Dusty,the-relaxed-long-sleeve-tee#Black,semi-hard,0.5533070045884909
Georgia,falling-for-you-cardi#Dusty,patchwork-tunic#Patchwork,random,0.7275212209959879
Georgia,falling-for-you-cardi#GreyMarle,the-uneven-hem-knit-1#Sage,hard,0.40012143290831814
Georgia,falling-for-you-cardi#GreyMarle,the-cosy-cardigan#Blue,semi-hard,0.6097676107480029
Georgia,falling-for-you-cardi#GreyMarle,fundamental-split-hoodie-1#Khaki,random,0.7229848564682554
Georgia,falling-for-you-cardi#Khaki,double-layered-top-1#WBlack,hard,0.41632733873721817
Georgia,falling-for-you-cardi#Khaki,janet-frill-shirt#White,semi-hard,0.5184829099701662
Georgia,falling-for-you-cardi#Khaki,milan-stretch-top#SilverMarl,random,0.6639906815826622
Georgia,falling-for-you-cardi#Mustard,ynes#Black,hard,0.3204573283984326
Georgia,falling-for-you-cardi#Mustard,marjorie-tie-blouse#BluePrint,semi-hard,0.5184583672263308
Georgia,falling-for-you-cardi#Mustard,belle-mid-length-knit-cardi#Black,random,0.7348188565589489
Georgia,falling-for-you-cardi#Navy,back-to-you-top#BlackMagic,hard,0.29972971212321253
Georgia,falling-for-you-cardi#Navy,geneva-v-neck-top#Black,semi-hard,0.6021934772148765
Georgia,falling-for-you-cardi#Navy,hem-frill-stripe-top#Frilled,random,0.6824255628177197
Georgia,falling-for-you-cardi#Port,nova-lux-long-sleeve-tie-top-1#NightSky,hard,0.44438899837648027
Georgia,falling-for-you-cardi#Port,lola-bell-sleeve-top-entangled-vines#Gold,semi-hard,0.5808578057384697
Georgia,falling-for-you-cardi#Port,the-v-split-blouse#Salmon,random,0.6321537076475757
Georgia,falling-for-you-cardi#Rust,stara-cardigan#GreyMarle,hard,0.3739699014576006
Georgia,falling-for-you-cardi#Rust,bertie-top#Black,semi-hard,0.4693394781488317
Georgia,falling-for-you-cardi#Rust,the-double-layer-top#White,random,0.8318577388999847
Georgia,falling-for-you-cardi#Teal,manhattan-stretch-tee#NavyWhtStr,hard,0.3637192332845488
Georgia,falling-for-you-cardi#Teal,the-cross-over-poncho#Navy,semi-hard,0.4995104493432283
Georgia,falling-for-you-cardi#Teal,the-swing-tank-top#Rose,random,0.8209378531844302
Georgia,falling-for-you-cardi-1#GreyGarden,cara-tee-4#BlackWhite,hard,0.4080341285597011
Georgia,falling-for-you-cardi-1#GreyGarden,soho-ruffle-jumper#OatmealMar,semi-hard,0.4500325386152769
Georgia,falling-for-you-cardi-1#GreyGarden,the-daily-cross-over-top#SkyBlue,random,0.6274509803921569
Georgia,falling-for-you-cardi-2#WinterRose,monaco-knot-top#ClaySpot,hard,0.2524527828909887
Georgia,falling-for-you-cardi-2#WinterRose,bertie-top#Black,semi-hard,0.4693394781488317
Georgia,falling-for-you-cardi-2#WinterRose,the-cross-over-blouse#Red,random,0.6966256553036339
Georgia,falling-for-you-top#Blue,stara-cardigan#GreyMarle,hard,0.3739699014576006
Georgia,falling-for-you-top#Blue,luxe-shirt#Black,semi-hard,0.5099078221939352
Georgia,falling-for-you-top#Blue,belle-paint-brush-print-top#PaintPrint,random,0.9233014976591593
Georgia,falling-for-you-tunic#Black,the-panel-luxe-top#BlkWhite,hard,0.4031671275579264
Georgia,falling-for-you-tunic#Black,the-stripe-jersey-top#Blue,semi-hard,0.5628056472856909
Georgia,falling-for-you-tunic#Black,ruffle-sleeve-top-1#Black,random,0.6510023732789814
Georgia,falling-for-you-tunic#Rust,the-cotton-bamboo-tee#White,hard,0.34955038857059234
Georgia,falling-for-you-tunic#Rust,freya-fringe-blouse#Navy,semi-hard,0.4902746560103204
Georgia,falling-for-you-tunic#Rust,long-sleeve-ruffle-shirt#Navy,random,0.6714443453237294
Georgia,first-love-kimono-jacket#Stone,belle-cowl-swing-sweater#Green,hard,0.42139202269529963
Georgia,first-love-kimono-jacket#Stone,block-vest#Blockvest,semi-hard,0.45615158740955575
Georgia,first-love-kimono-jacket#Stone,the-daily-cross-over-top#SkyBlue,random,0.6274509803921569
Georgia,floating-by-you-blouse#SeaFleur,cara-tee-3#ZebraPrint,hard,0.4095047167949952
Georgia,floating-by-you-blouse#SeaFleur,bertie-top#BlkCherry,semi-hard,0.4693394781488317
Georgia,floating-by-you-blouse#SeaFleur,tuck-layer-shirt#White,random,0.9729704632308295
Georgia,flow-with-me-slouch-top#Brick,monaco-knot-top#ClaySpot,hard,0.2524527828909887
Georgia,flow-with-me-slouch-top#Brick,the-tie-sleeve-blouse#Grey,semi-hard,0.5530001506206815
Georgia,flow-with-me-slouch-top#Brick,the-cotton-tie-detail-top#Ivory,random,0.6932359107795851
Georgia,flying-free-top-3#WhiteBird,germaine-blouse#Pearl,hard,0.4235118449254407
Georgia,flying-free-top-3#WhiteBird,belle-half-sleeve-forgiver-tunic#Apricot,semi-hard,0.5990776891041989
Georgia,flying-free-top-3#WhiteBird,foil-2-in-1-spot-top#Charcoal,random,0.6875124051380648
Georgia,for-the-frill-top#Ivory,cara-tee-4#Black,hard,0.4080341285597011
Georgia,for-the-frill-top#Ivory,frost-cardigan#Mauvewoo,semi-hard,0.5739879253312016
Georgia,for-the-frill-top#Ivory,the-reverse-sleeve-sweater#Navy,random,0.7057549674393133
Georgia,frill-me-tie-throw-on#WhiteBlk,geena-xo-ls-pullover-knit#Allure,hard,0.3911785707167444
Georgia,frill-me-tie-throw-on#WhiteBlk,karmen-top#HighRiskRe,semi-hard,0.5155711910346005
Georgia,frill-me-tie-throw-on#WhiteBlk,the-printed-v-neck-tee#White,random,0.7937089023020664
Georgia,ines-top#NavyStrip,knit-hoodie-1#Sage,hard,0.44521137258379884
Georgia,ines-top#NavyStrip,overlay-top-2#Black,semi-hard,0.492224474844139
Georgia,ines-top#NavyStrip,milan-stretch-top#White,random,0.6639906815826622
Georgia,kimono-and-me-cardi#DustyPink,layered-top-2#White,hard,0.4180623023855988
Georgia,kimono-and-me-cardi#DustyPink,sparkly-star-tee#Blue,semi-hard,0.5152512469345816
Georgia,kimono-and-me-cardi#DustyPink,the-sleeveless-cross-over-blouse#Chambray,random,0.6596605075381906
Georgia,kimono-and-me-cardi#Sand,holly-rib-long-sleeve-tee#Khaki,hard,0.2807298461568919
Georgia,kimono-and-me-cardi#Sand,fluid-tunic-top#White,semi-hard,0.5042833525488404
Georgia,kimono-and-me-cardi#Sand,the-high-low-drape-tee#Sage,random,0.7165363650627972
Georgia,layer-me-bamboo-rouched-sleeve-tee#Black,cara-tee-2#BlackSpot,hard,0.35562001746183286
Georgia,layer-me-bamboo-rouched-sleeve-tee#Black,the-stripe-jersey-top#Pink,semi-hard,0.5628056472856909
Georgia,layer-me-bamboo-rouched-sleeve-tee#Black,the-cross-over-blouse#Mint,random,0.6966256553036339
Georgia,layer-me-bamboo-rouched-sleeve-tee#Copper,manhattan-stretch-tee#White,hard,0.3637192332845488
Georgia,layer-me-bamboo-rouched-sleeve-tee#Copper,multi-sequin-dot-stripe-top#Navy,semi-hard,0.48458630076809855
Georgia,layer-me-bamboo-rouched-sleeve-tee#Copper,triangle-detail-long-sleeve-tee#Navy,random,0.6933081879730054
Georgia,layer-me-bamboo-rouched-sleeve-tee#Fern,cara-tee-4#White,hard,0.4080341285597011
Georgia,layer-me-bamboo-rouched-sleeve-tee#Fern,spiced-stripe-tee#NavyWhite,semi-hard,0.544158803558126
Georgia,layer-me-bamboo-rouched-sleeve-tee#Fern,the-everyday-shirt#Pink,random,0.765057877936518
Georgia,layer-me-bamboo-rouched-sleeve-tee#White,eco-78-long-cardigan#DarkGreyM,hard,0.367171005170998
Georgia,layer-me-bamboo-rouched-sleeve-tee#White,seeker-knot-front-shirt#Olive,semi-hard,0.4866539006944202
Georgia,layer-me-bamboo-rouched-sleeve-tee#White,the-soft-overlay-top#Pink,random,1.153902343087962
Georgia,layer-me-cotton-candy-top#Cream,the-batwing-tee#FrenchBlue,hard,0.42499250575160996
Georgia,layer-me-cotton-candy-top#Cream,belle-half-sleeve-forgiver-tunic#FlamPink,semi-hard,0.5990776891041989
Georgia,layer-me-cotton-candy-top#Cream,contrast-stripe-sweater#Pockets,random,0.7813614363969393
Georgia,lazy-daze-tee#Khaki,reversible-scoopv-neck-tank#Navy,hard,0.4274652365192818
Georgia,lazy-daze-tee#Khaki,2-in-1-jumper#Navy,semi-hard,0.6034977473112002
Georgia,lazy-daze-tee#Khaki,the-layered-cross-over-top#Navy,random,0.67396023908291
Georgia,long-sleeve-softly-swinging-bamboo-tee#Black,melbourne-stretch-cardigan#NavyWhtStr,hard,0.44003253593995395
Georgia,long-sleeve-softly-swinging-bamboo-tee#Black,heartmade-cardi#DustyRose,semi-hard,0.5418993595678177
Georgia,long-sleeve-softly-swinging-bamboo-tee#Black,tuck-layer-shirt#White,random,0.9729704632308295
Georgia,long-sleeve-softly-swinging-bamboo-tee#BlueJeans,nova-lux-long-sleeve-tie-top-1#NightSky,hard,0.44438899837648027
Georgia,long-sleeve-softly-swinging-bamboo-tee#BlueJeans,chasing-birds-blouse#White,semi-hard,0.6001089324618736
Georgia,long-sleeve-softly-swinging-bamboo-tee#BlueJeans,the-luxe-dobby-blouse#White,random,0.9446944032110296
Georgia,long-sleeve-softly-swinging-bamboo-tee#Cashew,westward-top#BotanicalD,hard,0.4441230545553192
Georgia,long-sleeve-softly-swinging-bamboo-tee#Cashew,messina-v-neck-tee#White,semi-hard,0.5534668172338418
Georgia,long-sleeve-softly-swinging-bamboo-tee#Cashew,meredith-78-oversized-pullover-knit#CameoRose,random,1.1279347278275813
Georgia,long-sleeve-softly-swinging-bamboo-tee#Combat,millie-top#Moss,hard,0.4442242486455843
Georgia,long-sleeve-softly-swinging-bamboo-tee#Combat,linen-cotton-shirt#White,semi-hard,0.6023864549469597
Georgia,long-sleeve-softly-swinging-bamboo-tee#Combat,tracie-top#Black,random,0.7189949634370301
Georgia,long-sleeve-softly-swinging-bamboo-tee#Copper,ricki-one-shoulder-top#BlackWhite,hard,0.3642725268545573
Georgia,long-sleeve-softly-swinging-bamboo-tee#Copper,verona-patchwork-top#Patchwork,semi-hard,0.4790350156967885
Georgia,long-sleeve-softly-swinging-bamboo-tee#Copper,the-essential-layering-tee#White,random,0.6458027683260847
Georgia,long-sleeve-softly-swinging-bamboo-tee#DuckEgg,arlo-cardigan#Navy,hard,0.415801289987216
Georgia,long-sleeve-softly-swinging-bamboo-tee#DuckEgg,the-cotton-bamboo-ls-top#Black,semi-hard,0.6009527850535415
Georgia,long-sleeve-softly-swinging-bamboo-tee#DuckEgg,under-the-stars-blouse#Petal,random,0.7794290640128534
Georgia,long-sleeve-softly-swinging-bamboo-tee#Fern,the-long-sleeve-v-neck-tee#White,hard,0.35861655639654333
Georgia,long-sleeve-softly-swinging-bamboo-tee#Fern,spliced-stripe-tunic#Navy,semi-hard,0.4814788061585399
Georgia,long-sleeve-softly-swinging-bamboo-tee#Fern,the-relaxed-batwing-top#Denim%20Blue,random,0.8667966784438842
Georgia,long-sleeve-softly-swinging-bamboo-tee#Navy,monaco-knot-top#HeatheGrey,hard,0.2524527828909887
Georgia,long-sleeve-softly-swinging-bamboo-tee#Navy,adventurous-hoody#Pink,semi-hard,0.6154841304524921
Georgia,long-sleeve-softly-swinging-bamboo-tee#Navy,placement-print-shirt#WhiteNavy,random,0.6522821006314699
Georgia,long-sleeve-softly-swinging-bamboo-tee#Oyster,cara-tee-4#BlackWhite,hard,0.4080341285597011
Georgia,long-sleeve-softly-swinging-bamboo-tee#Oyster,the-contrast-panel-top#SageStripe,semi-hard,0.587763253449528
Georgia,long-sleeve-softly-swinging-bamboo-tee#Oyster,the-slouch-pocket-tee#Stripe,random,0.6640669751046485
Georgia,long-sleeve-softly-swinging-bamboo-tee#SilverScon,holly-rib-long-sleeve-tee#Khaki,hard,0.2807298461568919
Georgia,long-sleeve-softly-swinging-bamboo-tee#SilverScon,2-in-1-layered-top-1#PinkWhite,semi-hard,0.5534658474292754
Georgia,long-sleeve-softly-swinging-bamboo-tee#SilverScon,the-button-up-swing-tunic#Wine,random,0.8983455758340576
Georgia,long-sleeve-softly-swinging-bamboo-tee#Smoke,lenka-lurex-stripe-blouse#NavyGoldSt,hard,0.4358300717802522
Georgia,long-sleeve-softly-swinging-bamboo-tee#Smoke,the-crossover-2-way-blouse#Black,semi-hard,0.5194530801639563
Georgia,long-sleeve-softly-swinging-bamboo-tee#Smoke,the-define-flute-sleeve-blouse#Black,random,0.6501746885556239
Georgia,long-sleeve-softly-swinging-bamboo-tee#Storm,faith-jumper#Eventide,hard,0.34050160031130056
Georgia,long-sleeve-softly-swinging-bamboo-tee#Storm,the-lace-trim-top#Black,semi-hard,0.5971772756820858
Georgia,long-sleeve-softly-swinging-bamboo-tee#Storm,abigail-stripe-shirt#BlackStrip,random,0.7233009258088806
Georgia,long-sleeve-softly-swinging-bamboo-tee#TeaRose,york-linen-blend-top#BurntOrang,hard,0.4211009876891002
Georgia,long-sleeve-softly-swinging-bamboo-tee#TeaRose,belle-twist-front-tee-1#Black,semi-hard,0.580274429276701
Georgia,long-sleeve-softly-swinging-bamboo-tee#TeaRose,the-luxe-dobby-blouse#White,random,0.9446944032110296
Georgia,long-sleeve-softly-swinging-bamboo-tee#White,cara-tee-2#BlackSpot,hard,0.35562001746183286
Georgia,long-sleeve-softly-swinging-bamboo-tee#White,dot-to-dot-knit-1#GreyMarle,semi-hard,0.5087894892714868
Georgia,long-sleeve-softly-swinging-bamboo-tee#White,grace-oversized-knit#Clay,random,0.7418110538458236
Georgia,nuzuri-longline-cardi#Forest,millie-top#Blush,hard,0.4442242486455843
Georgia,nuzuri-longline-cardi#Forest,animal-knit-1#Animal,semi-hard,0.5876314871063479
Georgia,nuzuri-longline-cardi#Forest,out-of-my-mind-scallop-knit#GreyMarle,random,0.6558622211360412
Georgia,on-safari-blouse#Jewel,reversible-stripe-vee-scoop-neck-tank#BlackWhite,hard,0.44091907107971884
Georgia,on-safari-blouse#Jewel,jewel-knit#GreyMarle,semi-hard,0.564602598166628
Georgia,on-safari-blouse#Jewel,the-twist-front-top#Grey,random,0.8470044565083673
Georgia,on-the-open-road-maxi-shirt#DarkOchre,millie-top#BlackSpot,hard,0.4442242486455843
Georgia,on-the-open-road-maxi-shirt#DarkOchre,york-linen-blend-long-cardigan#BurntOrang,semi-hard,0.45959057125234404
Georgia,on-the-open-road-maxi-shirt#DarkOchre,clio-knit-jumper#InkWhite,random,0.7287708688008699
Georgia,open-plains-kimono-throw-1#Rust,monaco-knot-top#ClaySpot,hard,0.2524527828909887
Georgia,open-plains-kimono-throw-1#Rust,napoleon-top-1#NemoBlue,semi-hard,0.47459713983899643
Georgia,open-plains-kimono-throw-1#Rust,the-cut-out-shoulder-blouse#Blue,random,0.6744037139903204
Georgia,prairie-romance-blouse#Blush,knit-hoodie-1#Sage,hard,0.44521137258379884
Georgia,prairie-romance-blouse#Blush,the-relaxed-long-sleeve-tee#Khaki,semi-hard,0.5533070045884909
Georgia,prairie-romance-blouse#Blush,sequin-heart-layered-top#Natural,random,0.7388698773752354
Georgia,pulkari-emb-top#Pulkari,glasgow-top#Melange,hard,0.2828549220524596
Georgia,pulkari-emb-top#Pulkari,sequin-cross-2-in-1-top#Navy,semi-hard,0.49426123498525165
Georgia,pulkari-emb-top#Pulkari,wellington-tee#Black,random,0.6184956846372123
Georgia,rise-top#Ink,millie-top#Moss,hard,0.4442242486455843
Georgia,rise-top#Ink,the-frill-wrap-blouse#Spot,semi-hard,0.5180180291350694
Georgia,rise-top#Ink,the-twist-front-top#Grey,random,0.8470044565083673
Georgia,rising-mist-jumper#Nickel,pure-merino-fine-rib-polo#BlackStri,hard,0.26462845850701194
Georgia,rising-mist-jumper#Nickel,the-tie-front-tank#Navy,semi-hard,0.6013893553983268
Georgia,rising-mist-jumper#Nickel,patchwork-tunic#Patchwork,random,0.7275212209959879
Georgia,roll-with-me-jumper#Chalk,cara-tee-3#Mustard,hard,0.4095047167949952
Georgia,roll-with-me-jumper#Chalk,the-tie-front-top#Black,semi-hard,0.5636603862122951
Georgia,roll-with-me-jumper#Chalk,2-in-1-layered-knit-top#Khaki,random,0.6579831402485884
Georgia,runaway-top#JetBlack,aztec-cardigan#BlackIvory,hard,0.38776086572380253
Georgia,runaway-top#JetBlack,diva-ruffle-jumper#Gold%20Spot,semi-hard,0.5442317696472039
Georgia,runaway-top#JetBlack,the-zip-front-blouse#Khaki,random,0.8254969423511157
Georgia,runaway-top#Sand,wonderland-blouse#Ink,hard,0.3949991704269446
Georgia,runaway-top#Sand,panelled-stripe-top#NavyWhite,semi-hard,0.5434355065917951
Georgia,runaway-top#Sand,sky-jumper-1#Clouds,random,0.7173934816826657
Georgia,runaway-top#SoftMint,colourblock-cardi#NavyRed,hard,0.3614321097342562
Georgia,runaway-top#SoftMint,suri-bell-sleeve-top#GreyMarle,semi-hard,0.45085389285572397
Georgia,runaway-top#SoftMint,the-belle-sleeve-print-top#NavyPrint,random,0.8302606045454004
Georgia,runaway-top#SoftPink,mila-knit-cardigan#Clay,hard,0.3528729557355781
Georgia,runaway-top#SoftPink,tia-boyfriend-shirt#White,semi-hard,0.5170610761513286
Georgia,runaway-top#SoftPink,milan-34-sleeve-1#Melange,random,0.6639906815826622
Georgia,skipping-stones-tunic#Forest,layered-top-2#Navy,hard,0.4180623023855988
Georgia,skipping-stones-tunic#Forest,emerald-knit#Emerald,semi-hard,0.4648610209861695
Georgia,skipping-stones-tunic#Forest,the-multi-stripe-cardi#Stripe,random,0.6999151387562933
Georgia,skipping-stones-tunic#Natural,eco-78-long-cardigan#DarkGreyM,hard,0.367171005170998
Georgia,skipping-stones-tunic#Natural,diva-ruffle-jumper#Gold%20Spot,semi-hard,0.5442317696472039
Georgia,skipping-stones-tunic#Natural,jasmine-singlet#White,random,0.6980202041726209
Georgia,snug-as-a-bug-jumper#Smoke,renee-sweater#Sapphire,hard,0.34481373933499226
Georgia,snug-as-a-bug-jumper#Smoke,ruffle-hem-jersey-top#Pink,semi-hard,0.5547695189220909
Georgia,snug-as-a-bug-jumper#Smoke,the-spotted-tunic#NavySpot,random,0.8237719130685914
Georgia,soft-and-true-tunic#Pine,cuddled-longline-cardigan#Sunflower,hard,0.39641758540600636
Georgia,soft-and-true-tunic#Pine,the-stripe-jersey-top#Blue,semi-hard,0.5628056472856909
Georgia,soft-and-true-tunic#Pine,the-box-top#Blush,random,0.6988181983849163
Georgia,softly-falling-bamboo-tunic#Copper,the-uneven-hem-knit-1#Sage,hard,0.40012143290831814
Georgia,softly-falling-bamboo-tunic#Copper,dahlia-lace-trim-blouse#Dusk,semi-hard,0.4716575317764826
Georgia,softly-falling-bamboo-tunic#Copper,the-textured-spot-top#Pink,random,0.7388765222085913
Georgia,softly-falling-bamboo-tunic#White,the-cotton-bamboo-tee#DustyPink,hard,0.34955038857059234
Georgia,softly-falling-bamboo-tunic#White,the-ultimate-tie-cardi#Black,semi-hard,0.5937014437246488
Georgia,softly-falling-bamboo-tunic#White,the-cut-out-shoulder-blouse#Black,random,0.6744037139903204
Georgia,softly-swinging-bamboo-singlet#BlueJean,dream-girl-ruffle-jumper#SoftPink,hard,0.3374623665665962
Georgia,softly-swinging-bamboo-singlet#BlueJean,indi-crosover-front-blouse#MixedStrip,semi-hard,0.47185534404006485
Georgia,softly-swinging-bamboo-singlet#BlueJean,wellington-tee#Black,random,0.6184956846372123
Georgia,softly-swinging-bamboo-singlet#Cashew,mila-knit-cardigan#Clay,hard,0.3528729557355781
Georgia,softly-swinging-bamboo-singlet#Cashew,driftwood-gathering-blouse#Khaki,semi-hard,0.4886710239651416
Georgia,softly-swinging-bamboo-singlet#Cashew,triangle-detail-long-sleeve-tee#Navy,random,0.6933081879730054
Georgia,softly-swinging-bamboo-tee#Black,monaco-knot-top#Black,hard,0.2524527828909887
Georgia,softly-swinging-bamboo-tee#Black,sandy-off-the-shoulder-top#Gingham,semi-hard,0.4878585451085532
Georgia,softly-swinging-bamboo-tee#Black,belle-lace-trim-tee#GreyMarle,random,0.8831919191067952
Georgia,softly-swinging-bamboo-tee#BlueJeans,mila-knit-cardigan#Clay,hard,0.3528729557355781
Georgia,softly-swinging-bamboo-tee#BlueJeans,belle-half-sleeve-forgiver-tunic#BlueBonnet,semi-hard,0.5990776891041989
Georgia,softly-swinging-bamboo-tee#BlueJeans,the-swing-tank-top#Rose,random,0.8209378531844302
Georgia,softly-swinging-bamboo-tee#Blush,holly-rib-long-sleeve-tee#Black,hard,0.2807298461568919
Georgia,softly-swinging-bamboo-tee#Blush,neptune-top-1#PrimBlack,semi-hard,0.5109375395028153
Georgia,softly-swinging-bamboo-tee#Blush,half-sleeve-fluffy-knit#Ivory,random,0.6198916614598193
Georgia,softly-swinging-bamboo-tee#Cashew,eco-78-long-cardigan#DarkGreyM,hard,0.367171005170998
Georgia,softly-swinging-bamboo-tee#Cashew,natural-waterfall-cardigan#Fallendust,semi-hard,0.5176470588235295
Georgia,softly-swinging-bamboo-tee#Cashew,the-swing-tank-top#Rose,random,0.8209378531844302
Georgia,softly-swinging-bamboo-tee#Chambray,ricki-one-shoulder-top#BlackWhite,hard,0.3642725268545573
Georgia,softly-swinging-bamboo-tee#Chambray,the-stripe-pocket-tank#Stripe,semi-hard,0.5713779460377553
Georgia,softly-swinging-bamboo-tee#Chambray,tracie-top#Black,random,0.7189949634370301
Georgia,softly-swinging-bamboo-tee#Copper,york-linen-blend-top#BurntOrang,hard,0.4211009876891002
Georgia,softly-swinging-bamboo-tee#Copper,clovis-shirt#NavyGold,semi-hard,0.5027866531616365
Georgia,softly-swinging-bamboo-tee#Copper,the-crossover-button-blouse-1#Ornate,random,0.7356209150326798
Georgia,softly-swinging-bamboo-tee#Jewel,monaco-knot-top#ClaySpot,hard,0.2524527828909887
Georgia,softly-swinging-bamboo-tee#Jewel,pocket-shirt-1#Ivory,semi-hard,0.4617749323042971
Georgia,softly-swinging-bamboo-tee#Jewel,the-cross-over-top#GreyStripe,random,0.8016107718132791
Georgia,softly-swinging-bamboo-tee#Navy,natural-extra-fine-sweater#Snowgum,hard,0.4382944521961926
Georgia,softly-swinging-bamboo-tee#Navy,st-helens-henley-tee#Sapphire,semi-hard,0.4645007051482444
Georgia,softly-swinging-bamboo-tee#Navy,the-curve-striped-tank#Marine,random,0.7643870774946082
Georgia,softly-swinging-bamboo-tee#Starfish,back-to-you-top#BlackMagic,hard,0.29972971212321253
Georgia,softly-swinging-bamboo-tee#Starfish,the-tie-front-tank#Navy,semi-hard,0.6013893553983268
Georgia,softly-swinging-bamboo-tee#Starfish,print-shirt-1#Blush,random,0.6253157182044891
Georgia,softly-swinging-bamboo-tee#Storm,dream-girl-ruffle-jumper#SoftPink,hard,0.3374623665665962
Georgia,softly-swinging-bamboo-tee#Storm,foil-striped-2-in-1-top#Blue,semi-hard,0.5829994641774036
Georgia,softly-swinging-bamboo-tee#Storm,the-pleated-sleeve-top#Sage,random,0.6362745098039215
Georgia,softly-swinging-bamboo-tee#TeaRose,analia-top#White,hard,0.335725834510141
Georgia,softly-swinging-bamboo-tee#TeaRose,belle-half-sleeve-forgiver-tunic#BlueBonnet,semi-hard,0.5990776891041989
Georgia,softly-swinging-bamboo-tee#TeaRose,the-sleeve-detail-knit#Ivory,random,0.6275374914183444
Georgia,softly-swinging-bamboo-tee#White,the-long-sleeve-v-neck-tee#White,hard,0.35861655639654333
Georgia,softly-swinging-bamboo-tee#White,heart-spliced-top#Navy,semi-hard,0.5970328528319564
Georgia,softly-swinging-bamboo-tee#White,belle-flute-sleeve-tee#Navy,random,0.9913700101381363
Georgia,starry-night-cardi#Chalk,high-neck-tie-top#Black,hard,0.3115632273116228
Georgia,starry-night-cardi#Chalk,fundamental-split-hoodie#Navy,semi-hard,0.5684887488624861
Georgia,starry-night-cardi#Chalk,print-tee-3#Bike,random,0.9680393436558884
Georgia,stripe-me-happy-blouse#Ash,the-cotton-bamboo-tee#DuckEgg,hard,0.34955038857059234
Georgia,stripe-me-happy-blouse#Ash,still-the-one-ruffle-blouse#Spot,semi-hard,0.5328983057581109
Georgia,stripe-me-happy-blouse#Ash,the-curve-striped-tank#Marine,random,0.7643870774946082
Georgia,sugar-snaps-layers-tank#Black,manhattan-stretch-tee#Navy,hard,0.3637192332845488
Georgia,sugar-snaps-layers-tank#Black,oregon-safari-embroidered-top#White,semi-hard,0.5071525828972222
Georgia,sugar-snaps-layers-tank#Black,the-contrast-knit-1#Navy,random,0.6853724934620681
Georgia,sugar-snaps-layers-tank#Blue,reversible-scoopv-neck-tank#White,hard,0.4274652365192818
Georgia,sugar-snaps-layers-tank#Blue,analia-jersey-top#Black,semi-hard,0.45398804705839546
Georgia,sugar-snaps-layers-tank#Blue,the-everyday-shirt#Rose,random,0.765057877936518
Georgia,sugar-snaps-layers-tank#DeepCobalt,butterfly-blouse-1#Ivory,hard,0.39735953651635236
Georgia,sugar-snaps-layers-tank#DeepCobalt,fundamental-sydney-crew#GreyMarle,semi-hard,0.5663673582242705
Georgia,sugar-snaps-layers-tank#DeepCobalt,the-bonded-cotton-shirt#Pink,random,0.7979492077900588
Georgia,sugar-snaps-layers-tank#DuckEgg,cara-tee-2#WhiteBlk,hard,0.35562001746183286
Georgia,sugar-snaps-layers-tank#DuckEgg,bird-jumper#Navy,semi-hard,0.5230631096642965
Georgia,sugar-snaps-layers-tank#DuckEgg,wellington-tee#Olive,random,0.6184956846372123
Georgia,sugar-snaps-layers-tank#Mint,aztec-cardigan#BlackIvory,hard,0.38776086572380253
Georgia,sugar-snaps-layers-tank#Mint,bo-cosy-cardigan#Storm,semi-hard,0.5181465884348733
Georgia,sugar-snaps-layers-tank#Mint,the-double-layer-top#Black,random,0.8318577388999847
Georgia,sugar-snaps-layers-tank#NewBeige,york-linen-blend-top#BurntOrang,hard,0.4211009876891002
Georgia,sugar-snaps-layers-tank#NewBeige,sparkly-star-tee#Blue,semi-hard,0.5152512469345816
Georgia,sugar-snaps-layers-tank#NewBeige,bodega-knit#Moss,random,0.9205235025113926
Georgia,sugar-snaps-layers-tank#PeachyKeen,merino-boyfriend-cardigan#MelangeStr,hard,0.39359419002792095
Georgia,sugar-snaps-layers-tank#PeachyKeen,silver-cross-sweater#Silver,semi-hard,0.4991221797247173
Georgia,sugar-snaps-layers-tank#PeachyKeen,the-everyday-shirt#Midnight,random,0.765057877936518
Georgia,sugar-snaps-layers-tank#Red,drapey-stripe-tee#Navy,hard,0.3844263833392659
Georgia,sugar-snaps-layers-tank#Red,printed-v-neck-top#Striped,semi-hard,0.6042631895316041
Georgia,sugar-snaps-layers-tank#Red,the-on-or-off-the-shoulder-top#Pink,random,0.8854210015258704
Georgia,sugar-snaps-layers-tank#SeaGreen,forget-me-knot-tunic#ForgetMeK,hard,0.2322840215133419
Georgia,sugar-snaps-layers-tank#SeaGreen,freya-fringe-blouse#Navy,semi-hard,0.4902746560103204
Georgia,sugar-snaps-layers-tank#SeaGreen,triangle-detail-long-sleeve-tee#Navy,random,0.6933081879730054
Georgia,sugar-snaps-layers-tank#White,double-layered-top-1#WSilver,hard,0.41632733873721817
Georgia,sugar-snaps-layers-tank#White,cotton-cashmere-v-neck-knit#Navy,semi-hard,0.5472955461357435
Georgia,sugar-snaps-layers-tank#White,the-on-or-off-the-shoulder-top#FrenchNavy,random,0.8854210015258704
Georgia,sugar-snaps-round-neck-layer-tank#Black,endeavor-long-sleeve-tee#Stripe,hard,0.3333333333333333
Georgia,sugar-snaps-round-neck-layer-tank#Black,prickly-cactus-crew#Pink,semi-hard,0.5495134256400007
Georgia,sugar-snaps-round-neck-layer-tank#Black,on-the-horizon-swing-top-1#Khaki,random,0.9191721132897603
Georgia,sugar-snaps-round-neck-layer-tank#DuckEgg,back-to-you-top#BlackMagic,hard,0.29972971212321253
Georgia,sugar-snaps-round-neck-layer-tank#DuckEgg,the-soft-knit-jumper#NavyStripe,semi-hard,0.5536673928830791
Georgia,sugar-snaps-round-neck-layer-tank#DuckEgg,the-stitch-v-neck-knit#PinkMarle,random,0.7684721440247623
Georgia,sugar-snaps-round-neck-layer-tank#White,monaco-knot-top#HeatheGrey,hard,0.2524527828909887
Georgia,sugar-snaps-round-neck-layer-tank#White,nova-lux-solid-v-neck-placket-shirt#CloudDance,semi-hard,0.4559154399976564
Georgia,sugar-snaps-round-neck-layer-tank#White,cascade-hood-top#Black,random,0.6225781271214474
Georgia,sugar-snaps-throw-jacket#Black,cara-tee-2#BlackSpot,hard,0.35562001746183286
Georgia,sugar-snaps-throw-jacket#Black,not-today-buttoned-cardigan#Almond,semi-hard,0.556686548329107
Georgia,sugar-snaps-throw-jacket#Black,the-on-or-off-the-shoulder-top#FrenchNavy,random,0.8854210015258704
Georgia,sugar-snaps-throw-jacket#Duckegg,double-layered-top-1#WBlack,hard,0.41632733873721817
Georgia,sugar-snaps-throw-jacket#Duckegg,the-stripe-jersey-top#Pink,semi-hard,0.5628056472856909
Georgia,sugar-snaps-throw-jacket#Duckegg,the-drape-tee-1#Stripe,random,0.689479381709682
Georgia,sugar-snaps-throw-jacket#White,the-cotton-bamboo-tee#White,hard,0.34955038857059234
Georgia,sugar-snaps-throw-jacket#White,natural-detailed-sweater#Tinroof,semi-hard,0.5377447580502586
Georgia,sugar-snaps-throw-jacket#White,belle-ls-free-fall-tee#Airforce,random,0.7882599639393222
Georgia,summer-breeze-top-1#White,melbourne-stretch-cardigan#NavyWhtStr,hard,0.44003253593995395
Georgia,summer-breeze-top-1#White,alberta-stripe-top#IvoryStrip,semi-hard,0.5411195698134216
Georgia,summer-breeze-top-1#White,the-oversized-cotton-blend-shirt#Sand,random,0.9979697776793259
Georgia,summer-haze-top#Teal,reversible-scoopv-neck-tank#Navy,hard,0.4274652365192818
Georgia,summer-haze-top#Teal,geneva-v-neck-top#ClaySpot,semi-hard,0.6021934772148765
Georgia,summer-haze-top#Teal,the-shoulder-tie-top#Navy,random,0.7816735462596109
Georgia,summer-whispers-kimono-1#Peacock,the-cotton-bamboo-tee#DustyPink,hard,0.34955038857059234
Georgia,summer-whispers-kimono-1#Peacock,mauevewood-crew#Charcoal,semi-hard,0.5836780955125069
Georgia,summer-whispers-kimono-1#Peacock,the-everyday-shirt#Cream,random,0.765057877936518
Georgia,sunshine-in-me-tee-1#GreyMarle,belle-cowl-swing-sweater#Black,hard,0.42139202269529963
Georgia,sunshine-in-me-tee-1#GreyMarle,elcos-45-aop-top-jrs#BlackZigZa,semi-hard,0.4945174372867516
Georgia,sunshine-in-me-tee-1#GreyMarle,belle-v-neck-forgiver-tunic#DenimMarl,random,0.6304318018045856
Georgia,sunshine-in-me-tee-1#White,square-nk-fray-trim-top#Denim,hard,0.44617618432868056
Georgia,sunshine-in-me-tee-1#White,mixed-messages-jumper#MixedStrip,semi-hard,0.5266350782369211
Georgia,sunshine-in-me-tee-1#White,this-mortal-coil-drape#StormClam,random,0.7404216616618063
Georgia,the-cotton-bamboo-tank#Chambray,bamboo-layer-tank#Black,hard,0.2802798635264261
Georgia,the-cotton-bamboo-tank#Chambray,the-ultimate-tie-cardi#Black,semi-hard,0.5937014437246488
Georgia,the-cotton-bamboo-tank#Chambray,the-slouch-pocket-tee#Stripe,random,0.6640669751046485
Georgia,the-cotton-bamboo-tank#DarkNavy,forget-me-knot-tunic#ForgetMeK,hard,0.2322840215133419
Georgia,the-cotton-bamboo-tank#DarkNavy,elcos-45-aop-top-jrs#BlackFlowe,semi-hard,0.4945174372867516
Georgia,the-cotton-bamboo-tank#DarkNavy,belle-tie-neck-blouse-tee#White,random,0.6493364363066472
Georgia,the-cotton-bamboo-tank#DuckEgg,aztec-cardigan#Orange,hard,0.38776086572380253
Georgia,the-cotton-bamboo-tank#DuckEgg,2-in-1-layered-top-1#NavyWhite,semi-hard,0.5534658474292754
Georgia,the-cotton-bamboo-tank#DuckEgg,the-cut-out-shoulder-blouse#White,random,0.6744037139903204
Georgia,the-cotton-bamboo-tank#Moonbeam,dream-girl-ruffle-jumper#SoftPink,hard,0.3374623665665962
Georgia,the-cotton-bamboo-tank#Moonbeam,juno-cardigan#GreyMarle,semi-hard,0.48810790192747655
Georgia,the-cotton-bamboo-tank#Moonbeam,belle-tie-neck-blouse-tee#White,random,0.6493364363066472
Georgia,the-cotton-bamboo-tank#White,natural-extra-fine-sweater#Snowgum,hard,0.4382944521961926
Georgia,the-cotton-bamboo-tank#White,the-side-panel-drape-top#OffWhite,semi-hard,0.532667226968468
Georgia,the-cotton-bamboo-tank#White,cascade-hood-top#Black,random,0.6225781271214474
Georgia,the-pirate-in-me-shirt#White,natural-crossover-knit-1#Stormcloud,hard,0.37663961179458927
Georgia,the-pirate-in-me-shirt#White,the-long-sleeve-scoop-neck-tee#Grey,semi-hard,0.5263253449527959
Georgia,the-pirate-in-me-shirt#White,wonderlust-tee#BurntOran,random,0.7941365147738689
Georgia,to-the-beat-of-the-drum-kimono#Leaf,cara-tee-3#Mustard,hard,0.4095047167949952
Georgia,to-the-beat-of-the-drum-kimono#Leaf,the-tie-front-top#Navy,semi-hard,0.5636603862122951
Georgia,to-the-beat-of-the-drum-kimono#Leaf,printed-tunic-7#RedCheck,random,0.656323901616069
Georgia,walk-in-the-park-cardi#Sand,paige-top#Black,hard,0.23600763519332038
Georgia,walk-in-the-park-cardi#Sand,viola-kimono-radiant-floral#Grey,semi-hard,0.5235294117647059
Georgia,walk-in-the-park-cardi#Sand,the-cut-out-shoulder-blouse#Salmon,random,0.6744037139903204
Georgia,weekend-vibes-blouse#Blush,manhattan-stretch-tee#Black,hard,0.3637192332845488
Georgia,weekend-vibes-blouse#Blush,belle-half-sleeve-forgiver-tunic#BlueBonnet,semi-hard,0.5990776891041989
Georgia,weekend-vibes-blouse#Blush,the-relaxed-batwing-top#PeachRose,random,0.8667966784438842
Georgia,wrap-me-up-bamboo-top#Black,the-batwing-tee#Stone,hard,0.42499250575160996
Georgia,wrap-me-up-bamboo-top#Black,daylight-cardi#Silver,semi-hard,0.4582835990798494
Georgia,wrap-me-up-bamboo-top#Black,crushed-top#Blue,random,0.6579831402485884
Georgia,wrap-me-up-bamboo-top#BlueJeans,bamboo-layer-tank#Black,hard,0.2802798635264261
Georgia,wrap-me-up-bamboo-top#BlueJeans,sequin-cross-2-in-1-top#Khaki,semi-hard,0.49426123498525165
Georgia,wrap-me-up-bamboo-top#BlueJeans,the-reverse-sleeve-sweater#Navy,random,0.7057549674393133
Grazi,germaine-blouse#Pearl,leah-knit-cardigan#Black,hard,0.29617394879022785
Grazi,germaine-blouse#Pearl,lola-bell-sleeve-top-entangled-vines#Gold,semi-hard,0.49953018557669715
Grazi,germaine-blouse#Pearl,daylight-jumper#Silver,random,0.5608262861169838
Helen,butterfly-blouse-1#Ivory,millie-top#BlackSpot,hard,0.4111995974600443
Helen,butterfly-blouse-1#Ivory,kimberly-spliced-top#Zebraprint,semi-hard,0.44422671548827697
Helen,butterfly-blouse-1#Ivory,sugar-snaps-layers-tank#DeepCobalt,random,0.6793954774249515
Helen,freya-fringe-blouse#Navy,hayley-button-down#NavySparro,hard,0.376856464199372
Helen,freya-fringe-blouse#Navy,the-essential-pullover#DustyPeach,semi-hard,0.5908512769033959
Helen,freya-fringe-blouse#Navy,the-midi-waterfall-cardi#BlueMarle,random,0.6061786031188259
Helen,icing-sugar-top#Ivory,soho-v-neck-blouse#SohoPrint,hard,0.3862098846152639
Helen,icing-sugar-top#Ivory,the-lace-trim-top#Ivory,semi-hard,0.5676025700161228
Helen,icing-sugar-top#Ivory,selene-cardigan#Ivy,random,0.9410296561104362
Helen,lenka-lurex-stripe-blouse#NavyGoldSt,melbourne-stretch-cardigan#NavyWhtStr,hard,0.4051889043488759
Helen,lenka-lurex-stripe-blouse#NavyGoldSt,linen-cotton-shirt#White,semi-hard,0.5649438808682791
Helen,lenka-lurex-stripe-blouse#NavyGoldSt,cross-my-heart-sweater#Regal,random,0.6017836027222595
Helen,niue-neck-tie-shirt#LightBlue,nova-lux-long-sleeve-tie-top#AidaStripe,hard,0.4112331332328133
Helen,niue-neck-tie-shirt#LightBlue,mixed-messages-jumper#MixedStrip,semi-hard,0.4819314789961133
Helen,niue-neck-tie-shirt#LightBlue,the-define-flute-sleeve-blouse#Black,random,0.6104254411283323
Helen,picnic-top#BlackWhite,pure-merino-fine-rib-v-neck#Charcoal,hard,0.08627017193416518
Helen,picnic-top#BlackWhite,the-cotton-bamboo-ls-top#NavyStripe,semi-hard,0.569943202332132
Helen,picnic-top#BlackWhite,the-drape-tee-1#Black,random,0.6541931478870557
Helen,sailaway-blouse#OxfordBlue,double-layered-top-1#WSilver,hard,0.3851976041354921
Helen,sailaway-blouse#OxfordBlue,always-mine-spliced-cardigan#GreyEmeral,semi-hard,0.516258765879187
Helen,sailaway-blouse#OxfordBlue,milan-stretch-top#White,random,0.6221513913683326
Helen,this-mortal-coil-drape#StormClam,fundamental-vee-tee#Black,hard,0.41424749845351316
Helen,this-mortal-coil-drape#StormClam,bertie-top#Black,semi-hard,0.43344452449333193
Helen,this-mortal-coil-drape#StormClam,belle-tie-neck-blouse-tee#RoyalBlue,random,0.6118424932255558
Jess,belle-cowl-swing-sweater#Black,colourblock-cardi#NavyRed,hard,0.2156697469197469
Jess,belle-cowl-swing-sweater#Black,always-mine-spliced-cardigan#GreyEmeral,semi-hard,0.31873855311355315
Jess,belle-cowl-swing-sweater#Black,the-tie-detail-hoody#Pink,random,0.47790404040404044
Jess,belle-cowl-swing-sweater#Green,fundamental-vee-tee#White,hard,0.2554563492063492
Jess,belle-cowl-swing-sweater#Green,cooks-shirt#Stripes,semi-hard,0.27443910256410253
Jess,belle-cowl-swing-sweater#Green,meredith-78-oversized-pullover-knit#WhiteCapGr,random,0.8136493136493136
Jess,belle-deep-v-mesh-top#Black,merino-boyfriend-cardigan#MelangeStr,hard,0.23894681707181709
Jess,belle-deep-v-mesh-top#Black,heartmade-sweater#Rust,semi-hard,0.3788480038480038
Jess,belle-deep-v-mesh-top#Black,the-soft-knit-jumper#PinkStripe,random,0.4217171717171717
Jess,belle-flocked-tunic#Pale%20Blue,cara-tee-3#Mustard,hard,0.2348502192252192
Jess,belle-flocked-tunic#Pale%20Blue,wildflower-shirt#White,semi-hard,0.27080384892884896
Jess,belle-flocked-tunic#Pale%20Blue,the-reverse-sleeve-sweater#Navy,random,0.4719794094794095
Jess,belle-flocked-tunic#White,the-longline-cardi-1#Nude,hard,0.21301441613941616
Jess,belle-flocked-tunic#White,cotton-cashmere-v-neck-knit#Navy,semi-hard,0.3185026778776779
Jess,belle-flocked-tunic#White,the-contrast-trim-knit#BlackWhite,random,0.4119318181818182
Jess,belle-flute-sleeve-tee#Navy,elina-lace-frill-blouse#Black,hard,0.24260114885114886
Jess,belle-flute-sleeve-tee#Navy,baobab-sweater#Bark,semi-hard,0.3807118807118807
Jess,belle-flute-sleeve-tee#Navy,the-define-flute-sleeve-blouse#White,random,0.4001536657786658
Jess,belle-half-sleeve-boat-tee#Black,back-to-you-top#BlackMagic,hard,0.2529727217227217
Jess,belle-half-sleeve-boat-tee#Black,marlow-cardigan#Cream,semi-hard,0.3331494893994894
Jess,belle-half-sleeve-boat-tee#Black,tab-sleeve-longline-shirt#Silver,random,0.5191128316128316
Jess,belle-half-sleeve-boat-tee#White,mila-knit-cardigan#StoneBlack,hard,0.21729312354312352
Jess,belle-half-sleeve-boat-tee#White,printed-tunic-7#RedCheck,semi-hard,0.39630161505161504
Jess,belle-half-sleeve-boat-tee#White,the-double-layer-top#Black,random,0.5451995920745921
Jess,belle-half-sleeve-forgiver-tunic#Apricot,capri-tank-3#White,hard,0.24584443334443334
Jess,belle-half-sleeve-forgiver-tunic#Apricot,high-neck-tie-top#Black,semi-hard,0.2882881007881008
Jess,belle-half-sleeve-forgiver-tunic#Apricot,rising-mist-jumper#Nickel,random,0.6647727272727273
Jess,belle-half-sleeve-forgiver-tunic#Black,hannah-tee-1#Black,hard,0.2252296314796315
Jess,belle-half-sleeve-forgiver-tunic#Black,the-half-sleeve-tee#White,semi-hard,0.3432175463425463
Jess,belle-half-sleeve-forgiver-tunic#Black,cross-over-top-with-pocket#BlackWhite,random,0.4246482683982684
Jess,belle-half-sleeve-forgiver-tunic#BlueBonnet,cherrington-top#GreyRose,hard,0.24274163336663335
Jess,belle-half-sleeve-forgiver-tunic#BlueBonnet,capri-tank-6#HeatheGrey,semi-hard,0.268382659007659
Jess,belle-half-sleeve-forgiver-tunic#BlueBonnet,sand-queen-throw-blouse#Fleur,random,0.5427026677026677
Jess,belle-half-sleeve-forgiver-tunic#FlamPink,high-street-knit#NavyStripe,hard,0.2606594794094794
Jess,belle-half-sleeve-forgiver-tunic#FlamPink,willow-knot-top#WhiteBlk,semi-hard,0.31757131757131757
Jess,belle-half-sleeve-forgiver-tunic#FlamPink,the-longline-waterfall-cardi#Black,random,0.5741642616642617
Jess,belle-half-sleeve-forgiver-tunic#MutedClay,cara-tee-2#BlackSpot,hard,0.22465728715728714
Jess,belle-half-sleeve-forgiver-tunic#MutedClay,vivian-blouse#Check,semi-hard,0.2715010683760684
Jess,belle-half-sleeve-forgiver-tunic#MutedClay,2-in-1-layered-knit-top#PalePink,random,0.4067026723276723
Jess,belle-half-sleeve-forgiver-tunic#White,overlay-tunic-3-pce-set#Emerald,hard,0.17791236541236544
Jess,belle-half-sleeve-forgiver-tunic#White,softly-swinging-bamboo-singlet#BlueJean,semi-hard,0.385721916971917
Jess,belle-half-sleeve-forgiver-tunic#White,sugar-snaps-round-neck-layer-tank#White,random,0.4875385031635032
Jess,belle-handkerchief-printed-cami#RustFlwrs,cara-tee-3#Mustard,hard,0.2348502192252192
Jess,belle-handkerchief-printed-cami#RustFlwrs,fundamental-rib-long-sleeve-tee#White,semi-hard,0.29573898323898323
Jess,belle-handkerchief-printed-cami#RustFlwrs,never-ending-winter-knit-top#DeluxeGree,random,0.5906853563103562
Jess,belle-longline-white-shirt#White,animal-button-up-shirt#KhakiPrint,hard,0.24296536796536797
Jess,belle-longline-white-shirt#White,willow-knot-top#WhiteBlk,semi-hard,0.31757131757131757
Jess,belle-longline-white-shirt#White,falling-flowers-cardi#GreyMarle,random,0.43595467032967034
Jess,belle-ls-free-fall-tee#Airforce,stara-cardigan#GreyMarle,hard,0.2080026455026455
Jess,belle-ls-free-fall-tee#Airforce,true-love-bell-blouse#Jade,semi-hard,0.3356695387945388
Jess,belle-ls-free-fall-tee#Airforce,felicity-cardigan#Dewkist,random,0.48996373996374
Jess,belle-ls-free-fall-tee#Blush,button-through-animal-shirt#Animal,hard,0.2580943362193362
Jess,belle-ls-free-fall-tee#Blush,napoleon-top-1#NemoBlue,semi-hard,0.27879065379065376
Jess,belle-ls-free-fall-tee#Blush,makeover-blouse#LimeGreen,random,0.625
Jess,belle-ls-free-fall-tee#Greenland,rib-tank-2#Navy,hard,0.2543584887334887
Jess,belle-ls-free-fall-tee#Greenland,the-relaxed-long-sleeve-tee#Pink,semi-hard,0.35843554593554594
Jess,belle-ls-free-fall-tee#Greenland,fundamental-split-hoodie-1#Lilac,random,0.4599289599289599
Jess,belle-mesh-cardi#Black,analia-jersey-top#Black,hard,0.24320644633144634
Jess,belle-mesh-cardi#Black,the-tie-front-tank#Navy,semi-hard,0.3628715034965035
Jess,belle-mesh-cardi#Black,abigail-stripe-shirt#BlackStrip,random,0.45837148962148966
Jess,belle-mid-length-knit-cardi#Black,the-longline-cardi-1#GreyMarle,hard,0.21301441613941616
Jess,belle-mid-length-knit-cardi#Black,malibu-cardigan#Navy,semi-hard,0.30354714729714727
Jess,belle-mid-length-knit-cardi#Black,the-define-flute-sleeve-blouse#Black,random,0.4001536657786658
Jess,belle-nautical-applique-tee#BlueStripe,arlo-cardigan#Navy,hard,0.2207705488955489
Jess,belle-nautical-applique-tee#BlueStripe,overlay-top-2#Black,semi-hard,0.28168359418359423
Jess,belle-nautical-applique-tee#BlueStripe,summer-breeze-top-1#White,random,0.555976430976431
Jess,belle-off-the-shoulder-tee#Stripe,monaco-knot-top#Black,hard,0.265293734043734
Jess,belle-off-the-shoulder-tee#Stripe,juno-cardigan#GreyMarle,semi-hard,0.3055173992673993
Jess,belle-off-the-shoulder-tee#Stripe,on-the-open-road-maxi-shirt#DarkOchre,random,0.43602057664557664
Jess,belle-paint-brush-print-top#PaintPrint,fundamental-vee-tee#White,hard,0.2554563492063492
Jess,belle-paint-brush-print-top#PaintPrint,cover-up-slouch-cardi#Alloy,semi-hard,0.33685238372738374
Jess,belle-paint-brush-print-top#PaintPrint,spot-layered-tee#Blue,random,0.45610119047619047
Jess,belle-petal-print-top#Petal,lake-house-top#CoalPrint,hard,0.23566537629037632
Jess,belle-petal-print-top#Petal,the-lace-trim-top#Black,semi-hard,0.3935485810485811
Jess,belle-petal-print-top#Petal,the-cross-over-blouse#Sunshine,random,0.4322986041736041
Jess,belle-polka-dot-blouse#WhiteSpot,millie-top#Blush,hard,0.24527382339882342
Jess,belle-polka-dot-blouse#WhiteSpot,high-neck-tie-top#Black,semi-hard,0.2882881007881008
Jess,belle-polka-dot-blouse#WhiteSpot,stud-trim-long-sleeve-top#Mint,random,0.5294549200799201
Jess,belle-poncho-sleeved-knit#BlueMarle,bubbles-print-tee#Cambridge,hard,0.2491518897768898
Jess,belle-poncho-sleeved-knit#BlueMarle,frill-sleeve-top-1#LeafPrint,semi-hard,0.2947313103563104
Jess,belle-poncho-sleeved-knit#BlueMarle,the-frill-detail-blouse#Chambray,random,0.47383345820845824
Jess,belle-satin-shirt#Black,the-panel-luxe-top#SilvWhite,hard,0.2110493672993673
Jess,belle-satin-shirt#Black,the-dobby-sleeve-tee#White,semi-hard,0.3922558922558923
Jess,belle-satin-shirt#Black,relaxed-cape#WhiteBlack,random,0.5909252784252784
Jess,belle-square-neck-drape-tee#Vanilla,saba-top-2#Catus,hard,0.2582608363858364
Jess,belle-square-neck-drape-tee#Vanilla,ava-short-sleeve-linen-tee#Navy,semi-hard,0.30260017760017766
Jess,belle-square-neck-drape-tee#Vanilla,the-pirate-in-me-shirt#White,random,0.5762206543456543
Jess,belle-tie-neck-blouse-tee#RoyalBlue,long-sleeve-tee-2#NavyWhite,hard,0.2311403873903874
Jess,belle-tie-neck-blouse-tee#RoyalBlue,cooks-shirt#Stripes,semi-hard,0.27443910256410253
Jess,belle-tie-neck-blouse-tee#RoyalBlue,woolly-spotted-hoodie#Navy,random,0.4245372682872683
Jess,belle-tie-neck-blouse-tee#White,cherrington-top#GreyRose,hard,0.24274163336663335
Jess,belle-tie-neck-blouse-tee#White,maui-stretch-tee#Black,semi-hard,0.3279394216894217
Jess,belle-tie-neck-blouse-tee#White,belle-drape-tee#Sliver,random,0.3987262737262738
Jess,belle-tier-tee#Blue,nova-lux-long-sleeve-tie-top-1#CloudDance,hard,0.26402417027417024
Jess,belle-tier-tee#Blue,fundamental-split-hoodie#Navy,semi-hard,0.371975246975247
Jess,belle-tier-tee#Blue,the-asymmetrical-tank-top#Indigo,random,0.464086260961261
Jess,belle-twist-front-tee-1#Black,pure-merino-fine-rib-polo#BlackStri,hard,0.22660325785325786
Jess,belle-twist-front-tee-1#Black,bertie-top#BlkCherry,semi-hard,0.33870469807969805
Jess,belle-twist-front-tee-1#Black,the-cross-over-printed-blouse#Leopard,random,0.46897200022200025
Jess,belle-v-neck-forgiver-tunic#ArmyGreen,ally-long-sleeve-tee#CosmosPr,hard,0.2526882839382839
Jess,belle-v-neck-forgiver-tunic#ArmyGreen,frill-sleeve-top-1#LeafPrint,semi-hard,0.2947313103563104
Jess,belle-v-neck-forgiver-tunic#ArmyGreen,the-cotton-tie-detail-top#Ivory,random,0.4353441697191698
Jess,belle-v-neck-forgiver-tunic#Black,the-panel-luxe-top#SilvWhite,hard,0.2110493672993673
Jess,belle-v-neck-forgiver-tunic#Black,bertie-top#BlkCherry,semi-hard,0.33870469807969805
Jess,belle-v-neck-forgiver-tunic#Black,the-oversize-knit#GreyMarle,random,0.7017045454545454
Jess,belle-v-neck-forgiver-tunic#BlueMarle,nova-lux-long-sleeve-tie-top-1#SimplyGree,hard,0.26402417027417024
Jess,belle-v-neck-forgiver-tunic#BlueMarle,mixed-messages-jumper#MixedStrip,semi-hard,0.33441789691789686
Jess,belle-v-neck-forgiver-tunic#BlueMarle,the-pocket-tee#NavyStripe,random,0.416065416065416
Jess,belle-v-neck-forgiver-tunic#Charcoal,animal-button-up-shirt#KhakiPrint,hard,0.24296536796536797
Jess,belle-v-neck-forgiver-tunic#Charcoal,willow-knot-top#WhiteBlk,semi-hard,0.31757131757131757
Jess,belle-v-neck-forgiver-tunic#Charcoal,rama-top#Stonewash,random,0.5623230935730936
Jess,belle-v-neck-forgiver-tunic#DenimMarl,long-sleeve-tee-2#NavyWhite,hard,0.2311403873903874
Jess,belle-v-neck-forgiver-tunic#DenimMarl,luxe-shirt#Champagne,semi-hard,0.32515632515632514
Jess,belle-v-neck-forgiver-tunic#DenimMarl,the-tie-detail-hoody#FrenchBlue,random,0.47790404040404044
Jess,belle-v-neck-forgiver-tunic#Navy,holly-rib-long-sleeve-tee#Khaki,hard,0.26078262015762016
Jess,belle-v-neck-forgiver-tunic#Navy,llama-long-sleeve-shirt#Mustard,semi-hard,0.39164076664076664
Jess,belle-v-neck-forgiver-tunic#Navy,the-crossover-button-blouse-1#Ornate,random,0.5710227272727273
Jess,belle-v-neck-forgiver-tunic#Scarlett,manhattan-stretch-tee#Black,hard,0.2330256549006549
Jess,belle-v-neck-forgiver-tunic#Scarlett,capri-tank-6#ClaySpot,semi-hard,0.268382659007659
Jess,belle-v-neck-forgiver-tunic#Scarlett,under-the-stars-blouse#Petal,random,0.5009591103341103
Jess,belle-v-neck-forgiver-tunic#Tobacco,pocket-shirt-1#Ivory,hard,0.2446997446997447
Jess,belle-v-neck-forgiver-tunic#Tobacco,the-weekender-shirt#DenimStrip,semi-hard,0.3897306397306397
Jess,belle-v-neck-forgiver-tunic#Tobacco,daylight-jumper#Silver,random,0.40481567044067046
Jess,belle-v-neck-forgiver-tunic#White,sequin-spot-cardi#Grey,hard,0.252651862026862
Jess,belle-v-neck-forgiver-tunic#White,the-reversible-cowl-neck-top-1#Black,semi-hard,0.31338973526473524
Jess,belle-v-neck-forgiver-tunic#White,skipping-stones-tunic#Natural,random,0.48239260739260736
Jess,birds-tee-1#Navy,cara-tee-3#ZebraPrint,hard,0.2348502192252192
Jess,birds-tee-1#Navy,arizona-off-the-shoulder-top#Khaki,semi-hard,0.2771672771672772
Jess,birds-tee-1#Navy,print-tee-3#Bike,random,0.5676106301106301
Jess,blue-waters-cotton-blouse#White,forget-me-knot-tunic#ForgetMeK,hard,0.09683892496392496
Jess,blue-waters-cotton-blouse#White,the-frill-wrap-blouse#Spot,semi-hard,0.29454920079920077
Jess,blue-waters-cotton-blouse#White,the-ruffle-sleeve-sweat#KhakiMarle,random,0.5429778554778555
Jess,border-stripe-knit#WhitePink,aida-long-tunic-shirt#AidaStripe,hard,0.24853271728271725
Jess,border-stripe-knit#WhitePink,mixed-messages-jumper#MixedStrip,semi-hard,0.33441789691789686
Jess,border-stripe-knit#WhitePink,the-box-top#Blush,random,0.4748075998075998
Jess,butterfly-blouse-1#Ivory,pulkari-emb-top#Pulkari,hard,0.236999111999112
Jess,butterfly-blouse-1#Ivory,to-the-beat-of-the-drum-kimono#Leaf,semi-hard,0.36853655603655605
Jess,butterfly-blouse-1#Ivory,clio-knit-jumper#Clay,random,0.49661680911680905
Jess,butterfly-kisses-tee#Green,the-long-sleeve-v-neck-tee#Navy,hard,0.2566790848040848
Jess,butterfly-kisses-tee#Green,messina-v-neck-tee#White,semi-hard,0.3229062604062604
Jess,butterfly-kisses-tee#Green,layered-stripe-top#PinkStripe,random,0.4067026723276723
Jess,butterfly-kisses-tee#MustardStr,analia-top#White,hard,0.2477938727938728
Jess,butterfly-kisses-tee#MustardStr,soft-and-true-tunic#Pine,semi-hard,0.36238587801087796
Jess,butterfly-kisses-tee#MustardStr,the-stitch-v-neck-knit#PinkMarle,random,0.5325276575276575
Jess,butterfly-kisses-tee#Stripe,mila-knit-cardigan#Black,hard,0.21729312354312352
Jess,butterfly-kisses-tee#Stripe,the-ultimate-tie-cardi#Port,semi-hard,0.34965728715728717
Jess,butterfly-kisses-tee#Stripe,cotton-candy-side-split-top#IceBlue,random,0.5295641858141859
Jess,buttoned-top#Spotty,born-to-run-shirt-jacket#Leopard,hard,0.19895729270729273
Jess,buttoned-top#Spotty,cooks-shirt#Stripes,semi-hard,0.27443910256410253
Jess,buttoned-top#Spotty,the-on-or-off-the-shoulder-top#FrenchNavy,random,0.5211940836940837
Jess,contrast-stripe-sweater#Pockets,the-panel-luxe-top#BlkWhite,hard,0.2110493672993673
Jess,contrast-stripe-sweater#Pockets,llama-long-sleeve-shirt#Mustard,semi-hard,0.39164076664076664
Jess,contrast-stripe-sweater#Pockets,selene-cardigan#Ivy,random,0.6682813714063714
Jess,cotton-stripe-cardi-with-pockets#White,printed-v-neck-blouse#NavyWhite,hard,0.2323319042069042
Jess,cotton-stripe-cardi-with-pockets#White,the-zip-front-top#Rose,semi-hard,0.37255626318126317
Jess,cotton-stripe-cardi-with-pockets#White,triangle-detail-long-sleeve-tee#Navy,random,0.431225024975025
Jess,cross-my-heart-bamboo-slouch-tee#White,animal-button-up-shirt#KhakiPrint,hard,0.24296536796536797
Jess,cross-my-heart-bamboo-slouch-tee#White,dream-girl-ruffle-jumper#SoftPink,semi-hard,0.27998390498390496
Jess,cross-my-heart-bamboo-slouch-tee#White,triangle-detail-long-sleeve-tee#Navy,random,0.431225024975025
Jess,cross-my-heart-sweater#Regal,rib-tank-2#Black,hard,0.2543584887334887
Jess,cross-my-heart-sweater#Regal,janet-frill-shirt#White,semi-hard,0.2934079809079809
Jess,cross-my-heart-sweater#Regal,the-cross-over-blouse#White,random,0.4322986041736041
Jess,crossing-the-plains-sweater-1#Indigo,printed-v-neck-blouse#NavyWhite,hard,0.2323319042069042
Jess,crossing-the-plains-sweater-1#Indigo,the-excess-shirt#Pearl,semi-hard,0.29407051282051283
Jess,crossing-the-plains-sweater-1#Indigo,the-contrast-knit-1#Sage,random,0.45472351722351717
Jess,cyrus-top#LightRose,robyn-top-1#Roanne,hard,0.24242424242424243
Jess,cyrus-top#LightRose,cooks-shirt#Stripes,semi-hard,0.27443910256410253
Jess,cyrus-top#LightRose,sugar-snaps-throw-jacket#Duckegg,random,0.6390033577533577
Jess,daisy-chain-tassel-blouse#DeepBlue,manhattan-stretch-tee#Navy,hard,0.2330256549006549
Jess,daisy-chain-tassel-blouse#DeepBlue,willow-knot-top#WhiteBlk,semi-hard,0.31757131757131757
Jess,daisy-chain-tassel-blouse#DeepBlue,moonlight-kisses-bamboo-tee#White,random,0.40669226606726605
Jess,daisy-top-1#BrightBlue,analia-jersey-top#Navy,hard,0.24320644633144634
Jess,daisy-top-1#BrightBlue,kimberly-spliced-top#Zebraprint,semi-hard,0.27170399045399046
Jess,daisy-top-1#BrightBlue,the-boat-neck-top-1#NavyWhite,random,0.4435911310911311
Jess,ditzy-floral-ruffle-blouse#DitzyFlora,gloria-applique-crew#Charcoal,hard,0.2609213702963703
Jess,ditzy-floral-ruffle-blouse#DitzyFlora,overlay-top-2#Black,semi-hard,0.28168359418359423
Jess,ditzy-floral-ruffle-blouse#DitzyFlora,lazy-daze-tee#Khaki,random,0.5327172827172827
Jess,diva-ruffle-jumper#Gold%20Spot,fundamental-vee-tee#Black,hard,0.2554563492063492
Jess,diva-ruffle-jumper#Gold%20Spot,2-in-1-layered-top-1#NavyWhite,semi-hard,0.360479797979798
Jess,diva-ruffle-jumper#Gold%20Spot,milan-stretch-top#White,random,0.4124902874902875
Jess,double-layered-top-1#WBlack,square-nk-fray-trim-top#Denim,hard,0.25403589466089466
Jess,double-layered-top-1#WBlack,ponte-spot-top#BlackWhite,semi-hard,0.39500256687756685
Jess,double-layered-top-1#WBlack,sadie-crew#GreyMarle,random,0.44727032227032226
Jess,double-layered-top-1#WSilver,the-long-sleeve-v-neck-tee#Navy,hard,0.2566790848040848
Jess,double-layered-top-1#WSilver,mauevewood-crew#YellowWhit,semi-hard,0.3478951603951604
Jess,double-layered-top-1#WSilver,makeover-blouse#LimeGreen,random,0.625
Jess,drama-top#BlackGrey,spliced-stripe-tunic#Navy,hard,0.26221348096348096
Jess,drama-top#BlackGrey,rose-shirt#BlueIllusi,semi-hard,0.29326576201576204
Jess,drama-top#BlackGrey,be-mine-top-1#Sage,random,0.6557054057054058
Jess,everyday-linen-tunic#BotanicalB,daylight-cardi#Silver,hard,0.24321338383838384
Jess,everyday-linen-tunic#BotanicalB,lucy-rib-oversized-top#WhiteGrey,semi-hard,0.31539814352314355
Jess,everyday-linen-tunic#BotanicalB,the-cotton-bamboo-ls-top#NavyStripe,random,0.3998617123617123
Jess,falling-for-you-cardi#Black,spliced-stripe-tunic#Navy,hard,0.26221348096348096
Jess,falling-for-you-cardi#Black,cotton-modal-print-top#PinkNavy,semi-hard,0.2704500360750361
Jess,falling-for-you-cardi#Black,the-v-neck-stripe-top#BlkStripe,random,0.5531204906204906
Jess,falling-for-you-cardi#Dusty,monaco-knot-top#HeatheGrey,hard,0.265293734043734
Jess,falling-for-you-cardi#Dusty,rory-spliced-zip-hoodie#Silver,semi-hard,0.2927853396603397
Jess,falling-for-you-cardi#Dusty,the-define-flute-sleeve-blouse#White,random,0.4001536657786658
Jess,falling-for-you-cardi#GreyMarle,capri-tank-3#Black,hard,0.24584443334443334
Jess,falling-for-you-cardi#GreyMarle,jade-kimono-kaleidoscope#Blue,semi-hard,0.37827681577681577
Jess,falling-for-you-cardi#GreyMarle,coil-print-hi-lo-shirt#White,random,0.43918234543234547
Jess,falling-for-you-cardi#Khaki,germaine-blouse#Pearl,hard,0.2543446137196137
Jess,falling-for-you-cardi#Khaki,sequin-cross-2-in-1-top#Navy,semi-hard,0.29150190087690087
Jess,falling-for-you-cardi#Khaki,the-slouch-pocket-tee#Stripe,random,0.45075757575757575
Jess,falling-for-you-cardi#Mustard,millie-top#Blush,hard,0.24527382339882342
Jess,falling-for-you-cardi#Mustard,luxe-shirt#Navy,semi-hard,0.32515632515632514
Jess,falling-for-you-cardi#Mustard,floral-nehru-print-shirt#Pink,random,0.5047365828615828
Jess,falling-for-you-cardi#Navy,the-longline-cardi-1#GreyMarle,hard,0.21301441613941616
Jess,falling-for-you-cardi#Navy,capri-tank-6#HeatheGrey,semi-hard,0.268382659007659
Jess,falling-for-you-cardi#Navy,coil-print-hi-lo-shirt#White,random,0.43918234543234547
Jess,falling-for-you-cardi#Port,manhattan-stretch-tee#White,hard,0.2330256549006549
Jess,falling-for-you-cardi#Port,the-cotton-cardi#Khaki,semi-hard,0.3595328282828283
Jess,falling-for-you-cardi#Port,the-boat-neck-top#Black,random,0.4597277722277722
Jess,falling-for-you-cardi#Rust,fundamental-vee-tee#Pink,hard,0.2554563492063492
Jess,falling-for-you-cardi#Rust,the-excess-shirt#Pearl,semi-hard,0.29407051282051283
Jess,falling-for-you-cardi#Rust,ruffle-sleeve-top-1#Black,random,0.39873147685647686
Jess,falling-for-you-cardi#Teal,rib-tank-2#Black,hard,0.2543584887334887
Jess,falling-for-you-cardi#Teal,tie-back-bell-sleeve-top-5#Summerbud,semi-hard,0.3262987012987013
Jess,falling-for-you-cardi#Teal,the-cross-over-blouse#Silver,random,0.4322986041736041
Jess,falling-for-you-cardi-1#GreyGarden,ally-long-sleeve-tee#CosmosPr,hard,0.2526882839382839
Jess,falling-for-you-cardi-1#GreyGarden,the-panel-hem-top#DenimMarle,semi-hard,0.33698419635919635
Jess,falling-for-you-cardi-1#GreyGarden,ivy-cosy-pullover#Storm,random,0.46191829004329
Jess,falling-for-you-top#Blue,saba-top-2#Catus,hard,0.2582608363858364
Jess,falling-for-you-top#Blue,heartmade-sweater#Rust,semi-hard,0.3788480038480038
Jess,falling-for-you-top#Blue,be-mine-top-1#Sage,random,0.6557054057054058
Jess,fern-print-top#Navy,cara-tee-4#BlackWhite,hard,0.23342976467976467
Jess,fern-print-top#Navy,melbourne-stretch-cardigan#Navy,semi-hard,0.288974913974914
Jess,fern-print-top#Navy,ivy-cosy-pullover#Blossom,random,0.46191829004329
Jess,first-mix-top-1#BlackWhite,hannah-tee-1#Black,hard,0.2252296314796315
Jess,first-mix-top-1#BlackWhite,bamboo-layer-tank#Chalk,semi-hard,0.3251175907425907
Jess,first-mix-top-1#BlackWhite,on-the-open-road-maxi-shirt#DarkOchre,random,0.43602057664557664
Jess,for-the-frill-top#Ivory,fundamental-stripe-long-sleeve-tee#WhiteBlack,hard,0.26524864024864026
Jess,for-the-frill-top#Ivory,always-mine-v-neck-knit#Terracotta,semi-hard,0.3051549145299145
Jess,for-the-frill-top#Ivory,batty-about-you-cotton-tee#BlkWhite,random,0.4816607004107004
Jess,freya-fringe-blouse#Navy,long-sleeve-tee-2#NavyWhite,hard,0.2311403873903874
Jess,freya-fringe-blouse#Navy,the-frill-wrap-blouse#Spot,semi-hard,0.29454920079920077
Jess,freya-fringe-blouse#Navy,the-ruffle-sleeve-sweat#KhakiMarle,random,0.5429778554778555
Jess,hem-frill-stripe-top#Frilled,cara-tee-3#Mustard,hard,0.2348502192252192
Jess,hem-frill-stripe-top#Frilled,nuzuri-longline-cardi#Forest,semi-hard,0.32362313612313615
Jess,hem-frill-stripe-top#Frilled,the-tie-layering-knit#Grey,random,0.6238344988344988
Jess,hem-frill-stripe-top#SoFrilled,leah-knit-cardigan#WhiteBlk,hard,0.19801552614052614
Jess,hem-frill-stripe-top#SoFrilled,the-cross-over-poncho#Navy,semi-hard,0.2883852258852259
Jess,hem-frill-stripe-top#SoFrilled,flying-free-top-3#WhiteBird,random,0.430879884004884
Jess,icing-sugar-top#Ivory,magnolia-fields-keyhole-blouse#Magnolia,hard,0.22253614441114442
Jess,icing-sugar-top#Ivory,fundamental-rib-long-sleeve-tee#Black,semi-hard,0.29573898323898323
Jess,icing-sugar-top#Ivory,printed-v-neck-top#Striped,random,0.40157527657527653
Jess,ines-top#NavyStrip,fundamental-vee-tee#White,hard,0.2554563492063492
Jess,ines-top#NavyStrip,the-half-sleeve-tee#Black,semi-hard,0.3432175463425463
Jess,ines-top#NavyStrip,crosses-jumper#xmyheart,random,0.4154040404040404
Jess,jasmine-singlet#White,the-long-sleeve-v-neck-tee#Black,hard,0.2566790848040848
Jess,jasmine-singlet#White,niue-neck-tie-shirt#LightBlue,semi-hard,0.27925199800199796
Jess,jasmine-singlet#White,foil-2-in-1-spot-top#Charcoal,random,0.426791958041958
Jess,karmen-top#HighRiskRe,sequin-spot-cardi#Grey,hard,0.252651862026862
Jess,karmen-top#HighRiskRe,the-tie-front-tank#Navy,semi-hard,0.3628715034965035
Jess,karmen-top#HighRiskRe,roll-with-me-jumper#Chalk,random,0.4106015512265512
Jess,laurina-stripe-pullover#NightSky,endeavor-long-sleeve-tee#Stripe,hard,0.09090909090909091
Jess,laurina-stripe-pullover#NightSky,spliced-lace-panel-tee#White,semi-hard,0.35179172679172677
Jess,laurina-stripe-pullover#NightSky,delicado-top#White,random,0.5881757131757132
Jess,layer-me-bamboo-rouched-sleeve-tee#Black,aztec-cardigan#BlackIvory,hard,0.2241751304251304
Jess,layer-me-bamboo-rouched-sleeve-tee#Black,rosie-bell-sleeve-denim-shirt#Stripe,semi-hard,0.3455387205387206
Jess,layer-me-bamboo-rouched-sleeve-tee#Black,wonderlust-tee#BurntOran,random,0.5158105783105784
Jess,layer-me-bamboo-rouched-sleeve-tee#Copper,leah-knit-cardigan#Black,hard,0.19801552614052614
Jess,layer-me-bamboo-rouched-sleeve-tee#Copper,juno-cardigan#GreyMarle,semi-hard,0.3055173992673993
Jess,layer-me-bamboo-rouched-sleeve-tee#Copper,belle-drape-tee#Black,random,0.3987262737262738
Jess,layer-me-bamboo-rouched-sleeve-tee#Fern,the-panel-luxe-top#BlkWhite,hard,0.2110493672993673
Jess,layer-me-bamboo-rouched-sleeve-tee#Fern,the-relax-blouse#White,semi-hard,0.29567134254634253
Jess,layer-me-bamboo-rouched-sleeve-tee#Fern,sand-queen-throw-blouse#Fleur,random,0.5427026677026677
Jess,layer-me-bamboo-rouched-sleeve-tee#White,bubbles-print-tee#Cambridge,hard,0.2491518897768898
Jess,layer-me-bamboo-rouched-sleeve-tee#White,renee-sweater#Sapphire,semi-hard,0.26646270396270394
Jess,layer-me-bamboo-rouched-sleeve-tee#White,meredith-78-oversized-pullover-knit#WhiteCapGr,random,0.8136493136493136
Jess,layer-top-1#Navy,dusk-top#DuskPrint,hard,0.25497592685092685
Jess,layer-top-1#Navy,collared-shirt-1#White,semi-hard,0.2667748917748918
Jess,layer-top-1#Navy,billow-top#Black,random,0.6371787934287935
Jess,layered-tee-2#Black,the-wrap-jersey-top#Charcoal,hard,0.2656562187812188
Jess,layered-tee-2#Black,rory-spliced-zip-hoodie#Slate,semi-hard,0.2927853396603397
Jess,layered-tee-2#Black,the-cross-over-printed-blouse#Leopard,random,0.46897200022200025
Jess,layered-tee-2#White,daylight-cardi#Silver,hard,0.24321338383838384
Jess,layered-tee-2#White,kimono-and-me-cardi#DustyPink,semi-hard,0.34220640470640473
Jess,layered-tee-2#White,the-double-layer-top#Black,random,0.5451995920745921
Jess,layered-tunic-1#Natural,rib-tank-2#Red,hard,0.2543584887334887
Jess,layered-tunic-1#Natural,block-sweater#Block,semi-hard,0.3013531607281607
Jess,layered-tunic-1#Natural,the-luxe-cotton-tunic#White,random,0.4454763986013986
Jess,layered-tunic-1#PalePink,bubbles-print-tee#Cambridge,hard,0.2491518897768898
Jess,layered-tunic-1#PalePink,frill-sleeve-top-1#LeafPrint,semi-hard,0.2947313103563104
Jess,layered-tunic-1#PalePink,placement-print-shirt#WhiteNavy,random,0.401107572982573
Jess,layered-tunic-1#White,robyn-top-1#Roanne,hard,0.24242424242424243
Jess,layered-tunic-1#White,ava-short-sleeve-linen-tee#Navy,semi-hard,0.30260017760017766
Jess,layered-tunic-1#White,summer-breeze-top-1#White,random,0.555976430976431
Jess,lenka-lurex-stripe-blouse#NavyGoldSt,glasgow-top#Melange,hard,0.2328105921855922
Jess,lenka-lurex-stripe-blouse#NavyGoldSt,the-long-sleeve-scoop-neck-tee#Black,semi-hard,0.3980429292929293
Jess,lenka-lurex-stripe-blouse#NavyGoldSt,floating-by-you-blouse#SeaFleur,random,0.5317772505272504
Jess,linen-cotton-shirt#White,fundamental-vee-tee#Black,hard,0.2554563492063492
Jess,linen-cotton-shirt#White,falling-for-you-cardi-2#WinterRose,semi-hard,0.3409090909090909
Jess,linen-cotton-shirt#White,be-mine-top-1#Sage,random,0.6557054057054058
Jess,long-sleeve-ruffle-shirt#Black,square-nk-fray-trim-top#Denim,hard,0.25403589466089466
Jess,long-sleeve-ruffle-shirt#Black,walk-in-the-park-cardi#Sand,semi-hard,0.384502072002072
Jess,long-sleeve-ruffle-shirt#Black,makeover-blouse#LimeGreen,random,0.625
Jess,long-sleeve-ruffle-shirt#Navy,rib-tank-2#Navy,hard,0.2543584887334887
Jess,long-sleeve-ruffle-shirt#Navy,the-weekender-shirt#DenimStrip,semi-hard,0.3897306397306397
Jess,long-sleeve-ruffle-shirt#Navy,placement-print-shirt#WhiteNavy,random,0.401107572982573
Jess,long-sleeve-ruffle-shirt#White,the-longline-cardi-1#GreyMarle,hard,0.21301441613941616
Jess,long-sleeve-ruffle-shirt#White,long-sleeve-layer-top#White,semi-hard,0.3573405760905761
Jess,long-sleeve-ruffle-shirt#White,tab-sleeve-longline-shirt#Silver,random,0.5191128316128316
Jess,long-sleeve-softly-swinging-bamboo-tee#Black,meadow-cardigan#Cream,hard,0.21182810245310246
Jess,long-sleeve-softly-swinging-bamboo-tee#Black,floral-blouse-2#NavyMulti,semi-hard,0.30489822677322675
Jess,long-sleeve-softly-swinging-bamboo-tee#Black,tab-sleeve-longline-shirt#Navy,random,0.5191128316128316
Jess,long-sleeve-softly-swinging-bamboo-tee#BlueJeans,manhattan-stretch-tee#NavyWhtStr,hard,0.2330256549006549
Jess,long-sleeve-softly-swinging-bamboo-tee#BlueJeans,foil-striped-2-in-1-top#Blue,semi-hard,0.38026094276094274
Jess,long-sleeve-softly-swinging-bamboo-tee#BlueJeans,the-twist-front-top#Navy,random,0.5826372701372701
Jess,long-sleeve-softly-swinging-bamboo-tee#Cashew,eco-78-long-cardigan#LightGreyM,hard,0.22632922632922634
Jess,long-sleeve-softly-swinging-bamboo-tee#Cashew,the-tie-front-top#Navy,semi-hard,0.3298871267621268
Jess,long-sleeve-softly-swinging-bamboo-tee#Cashew,the-box-top#Blush,random,0.4748075998075998
Jess,long-sleeve-softly-swinging-bamboo-tee#Combat,elina-lace-frill-blouse#Black,hard,0.24260114885114886
Jess,long-sleeve-softly-swinging-bamboo-tee#Combat,mauevewood-crew#YellowWhit,semi-hard,0.3478951603951604
Jess,long-sleeve-softly-swinging-bamboo-tee#Combat,kimono-top-36#BlueMarle,random,0.42673761423761425
Jess,long-sleeve-softly-swinging-bamboo-tee#Copper,layered-top-2#Navy,hard,0.2388028638028638
Jess,long-sleeve-softly-swinging-bamboo-tee#Copper,the-relaxed-long-sleeve-tee#Black,semi-hard,0.35843554593554594
Jess,long-sleeve-softly-swinging-bamboo-tee#Copper,the-cotton-tie-detail-top#Ivory,random,0.4353441697191698
Jess,long-sleeve-softly-swinging-bamboo-tee#DuckEgg,gloria-applique-crew#Charcoal,hard,0.2609213702963703
Jess,long-sleeve-softly-swinging-bamboo-tee#DuckEgg,vivian-blouse#Check,semi-hard,0.2715010683760684
Jess,long-sleeve-softly-swinging-bamboo-tee#DuckEgg,floating-by-you-blouse#SeaFleur,random,0.5317772505272504
Jess,long-sleeve-softly-swinging-bamboo-tee#Fern,vivid-dreams-blouse#Dusty%20Rose,hard,0.2533993783993784
Jess,long-sleeve-softly-swinging-bamboo-tee#Fern,the-relaxed-long-sleeve-tee#Khaki,semi-hard,0.35843554593554594
Jess,long-sleeve-softly-swinging-bamboo-tee#Fern,jersey-split-back-hooded-top#NavyStrip,random,0.5071820540570541
Jess,long-sleeve-softly-swinging-bamboo-tee#Navy,the-longline-cardi-1#Nude,hard,0.21301441613941616
Jess,long-sleeve-softly-swinging-bamboo-tee#Navy,amira-sweater#Cream,semi-hard,0.30212842712842713
Jess,long-sleeve-softly-swinging-bamboo-tee#Navy,sadie-crew#GreyMarle,random,0.44727032227032226
Jess,long-sleeve-softly-swinging-bamboo-tee#Oyster,pure-merino-fine-rib-polo#BlackStri,hard,0.22660325785325786
Jess,long-sleeve-softly-swinging-bamboo-tee#Oyster,messina-v-neck-tee#White,semi-hard,0.3229062604062604
Jess,long-sleeve-softly-swinging-bamboo-tee#Oyster,abigail-stripe-shirt#BlackStrip,random,0.45837148962148966
Jess,long-sleeve-softly-swinging-bamboo-tee#SilverScon,fundamental-vee-tee#Pink,hard,0.2554563492063492
Jess,long-sleeve-softly-swinging-bamboo-tee#SilverScon,melbourne-stretch-cardigan#Black,semi-hard,0.288974913974914
Jess,long-sleeve-softly-swinging-bamboo-tee#SilverScon,milan-stretch-top#Navy,random,0.4124902874902875
Jess,long-sleeve-softly-swinging-bamboo-tee#Smoke,layered-top-2#White,hard,0.2388028638028638
Jess,long-sleeve-softly-swinging-bamboo-tee#Smoke,sequin-cross-2-in-1-top#Navy,semi-hard,0.29150190087690087
Jess,long-sleeve-softly-swinging-bamboo-tee#Smoke,striped-sleeve-sweater#Striped,random,0.8974358974358975
Jess,long-sleeve-softly-swinging-bamboo-tee#Storm,monaco-knot-top#HeatheGrey,hard,0.265293734043734
Jess,long-sleeve-softly-swinging-bamboo-tee#Storm,mixed-messages-jumper#MixedStrip,semi-hard,0.33441789691789686
Jess,long-sleeve-softly-swinging-bamboo-tee#Storm,marquax-tunic#OnyxSpeck,random,0.4165192446442446
Jess,long-sleeve-softly-swinging-bamboo-tee#TeaRose,button-through-animal-shirt#Animal,hard,0.2580943362193362
Jess,long-sleeve-softly-swinging-bamboo-tee#TeaRose,the-relaxed-long-sleeve-tee#Navy,semi-hard,0.35843554593554594
Jess,long-sleeve-softly-swinging-bamboo-tee#TeaRose,the-shoulder-tie-top#Black,random,0.5040081446331446
Jess,long-sleeve-softly-swinging-bamboo-tee#White,layered-top-2#Navy,hard,0.2388028638028638
Jess,long-sleeve-softly-swinging-bamboo-tee#White,agra-shirt#White,semi-hard,0.3511106948606948
Jess,long-sleeve-softly-swinging-bamboo-tee#White,makeover-blouse#LimeGreen,random,0.625
Jess,long-sleeve-spot-top#Multispot,cara-tee-2#BlackSpot,hard,0.22465728715728714
Jess,long-sleeve-spot-top#Multispot,cooks-shirt#Stripes,semi-hard,0.27443910256410253
Jess,long-sleeve-spot-top#Multispot,fundamental-split-hoodie-1#Lilac,random,0.4599289599289599
Jess,lurex-stitch-top#White,rib-tank-2#Khaki,hard,0.2543584887334887
Jess,lurex-stitch-top#White,nuzuri-longline-cardi#Forest,semi-hard,0.32362313612313615
Jess,lurex-stitch-top#White,tuck-layer-shirt#White,random,0.681041181041181
Jess,marjorie-tie-blouse#BluePrint,merino-boyfriend-cardigan#MelangeStr,hard,0.23894681707181709
Jess,marjorie-tie-blouse#BluePrint,paradise-cardi#MultiStrip,semi-hard,0.35172639860139865
Jess,marjorie-tie-blouse#BluePrint,lazy-daze-tee#Khaki,random,0.5327172827172827
Jess,natural-classic-cardigan#Pebble,cara-tee-3#Mustard,hard,0.2348502192252192
Jess,natural-classic-cardigan#Pebble,the-relaxed-long-sleeve-tee#Pink,semi-hard,0.35843554593554594
Jess,natural-classic-cardigan#Pebble,poncho-2#NavySilver,random,0.7556176462426463
Jess,natural-cosy-sweater#Rosered,saba-top-2#Catus,hard,0.2582608363858364
Jess,natural-cosy-sweater#Rosered,the-tie-front-tank#White,semi-hard,0.3628715034965035
Jess,natural-cosy-sweater#Rosered,clio-knit-jumper#InkWhite,random,0.49661680911680905
Jess,natural-cropped-sleeve-knit#Cloudcover,square-nk-fray-trim-top#Denim,hard,0.25403589466089466
Jess,natural-cropped-sleeve-knit#Cloudcover,animal-knit-1#Animal,semi-hard,0.3506007881007881
Jess,natural-cropped-sleeve-knit#Cloudcover,falling-flowers-cardi#GreyMarle,random,0.43595467032967034
Jess,natural-cross-back-knit#Lightsmoke,nova-lux-long-sleeve-tie-top-1#SimplyGree,hard,0.26402417027417024
Jess,natural-cross-back-knit#Lightsmoke,not-today-buttoned-cardigan#Almond,semi-hard,0.35984848484848486
Jess,natural-cross-back-knit#Lightsmoke,adventurous-hoody#Pink,random,0.47481164668664666
Jess,natural-crossover-knit-1#Stormcloud,nova-lux-long-sleeve-tie-top#AidaStripe,hard,0.26402417027417024
Jess,natural-crossover-knit-1#Stormcloud,the-printed-side-ring-detail-blouse#Block,semi-hard,0.3347936785436786
Jess,natural-crossover-knit-1#Stormcloud,tab-sleeve-longline-shirt#Silver,random,0.5191128316128316
Jess,natural-detailed-sweater#Tinroof,manhattan-stretch-tee#Black,hard,0.2330256549006549
Jess,natural-detailed-sweater#Tinroof,natural-rolled-neck-tunic#BlueDam,semi-hard,0.31334175084175087
Jess,natural-detailed-sweater#Tinroof,sugar-snaps-throw-jacket#Duckegg,random,0.6390033577533577
Jess,natural-extra-fine-sweater#Snowgum,the-wrap-jersey-top#Charcoal,hard,0.2656562187812188
Jess,natural-extra-fine-sweater#Snowgum,lucy-rib-oversized-top#WhiteGrey,semi-hard,0.31539814352314355
Jess,natural-extra-fine-sweater#Snowgum,2-in-1-layered-knit-top#Navy,random,0.4067026723276723
Jess,natural-overlay-knit#Greybloss,eco-78-long-cardigan#DarkGreyM,hard,0.22632922632922634
Jess,natural-overlay-knit#Greybloss,ava-short-sleeve-linen-tee#Blush,semi-hard,0.30260017760017766
Jess,natural-overlay-knit#Greybloss,the-on-or-off-the-shoulder-top#FrenchNavy,random,0.5211940836940837
Jess,natural-pattern-cocoon-cardigan#Blossom,monaco-knot-top#ClaySpot,hard,0.265293734043734
Jess,natural-pattern-cocoon-cardigan#Blossom,dahlia-lace-trim-blouse#Dusk,semi-hard,0.28552523865023866
Jess,natural-pattern-cocoon-cardigan#Blossom,the-shoulder-tie-top#Navy,random,0.5040081446331446
Jess,natural-textured-poncho#Deeprain,cuddled-longline-cardigan#Sunflower,hard,0.24581494893994893
Jess,natural-textured-poncho#Deeprain,curve-hem-cable-knit-sweater-1#Sapphire,semi-hard,0.2793710918710919
Jess,natural-textured-poncho#Deeprain,voyager-stripe-crew#Stripe,random,0.625
Jess,natural-tie-tunic#BlueSky,capri-tank-3#White,hard,0.24584443334443334
Jess,natural-tie-tunic#BlueSky,fundamental-rib-long-sleeve-tee#Black,semi-hard,0.29573898323898323
Jess,natural-tie-tunic#BlueSky,striped-sleeve-sweater#Striped,random,0.8974358974358975
Jess,natural-waterfall-cardigan#Fallendust,forget-me-knot-tunic#ForgetMeK,hard,0.09683892496392496
Jess,natural-waterfall-cardigan#Fallendust,softly-swinging-bamboo-singlet#Cashew,semi-hard,0.385721916971917
Jess,natural-waterfall-cardigan#Fallendust,the-soft-knit-jumper#PinkStripe,random,0.4217171717171717
Jess,off-shoulder-top-1#Strawberry,manhattan-stretch-tee#White,hard,0.2330256549006549
Jess,off-shoulder-top-1#Strawberry,elcos-45-aop-top-jrs#BlackZigZa,semi-hard,0.3219159312909313
Jess,off-shoulder-top-1#Strawberry,the-flutter-sleeve-top#SnakePrint,random,0.43247955747955746
Jess,oregon-safari-embroidered-top#White,manhattan-stretch-tee#White,hard,0.2330256549006549
Jess,oregon-safari-embroidered-top#White,indi-crosover-front-blouse#MixedStrip,semi-hard,0.2971218596218596
Jess,oregon-safari-embroidered-top#White,the-essential-pullover#DustyPeach,random,0.4169973544973545
Jess,paige-top#Black,hannah-tee-1#RedWhite,hard,0.2252296314796315
Jess,paige-top#Black,overlay-top-2#Black,semi-hard,0.28168359418359423
Jess,paige-top#Black,kimono-top-36#BlueMarle,random,0.42673761423761425
Jess,patchwork-tunic#Patchwork,glasgow-top#Melange,hard,0.2328105921855922
Jess,patchwork-tunic#Patchwork,raspberry-ls-tee#WhiteRaspb,semi-hard,0.3015023171273171
Jess,patchwork-tunic#Patchwork,pattern-tunic-1#Lattice,random,0.7916614635364636
Jess,picnic-top#BlackWhite,fundamental-vee-tee#GreyMarle,hard,0.2554563492063492
Jess,picnic-top#BlackWhite,the-stripe-jersey-top#Blue,semi-hard,0.34908494283494285
Jess,picnic-top#BlackWhite,the-daily-cross-over-top#SkyBlue,random,0.48295454545454547
Jess,prairie-romance-blouse#Blush,st-helens-henley-tee#White,hard,0.2509920634920635
Jess,prairie-romance-blouse#Blush,janet-frill-shirt#White,semi-hard,0.2934079809079809
Jess,prairie-romance-blouse#Blush,the-double-layer-top#White,random,0.5451995920745921
Jess,print-shirt-1#Blush,high-street-knit#NavyStripe,hard,0.2606594794094794
Jess,print-shirt-1#Blush,fundamental-sydney-crew#GreyMarle,semi-hard,0.33359348984348985
Jess,print-shirt-1#Blush,the-textured-spot-top#Pink,random,0.4704895798645799
Jess,relaxed-top-1#FloraStrip,fundamental-stripe-long-sleeve-tee#WhiteBlack,hard,0.26524864024864026
Jess,relaxed-top-1#FloraStrip,dot-to-dot-knit-1#GreyMarle,semi-hard,0.2874261155511156
Jess,relaxed-top-1#FloraStrip,jersey-split-back-hooded-top#NavyStrip,random,0.5071820540570541
Jess,reversible-scoopv-neck-tank#Black,cable-knit-sweater#Camel,hard,0.2525651431901432
Jess,reversible-scoopv-neck-tank#Black,bamboo-layer-tank#Chalk,semi-hard,0.3251175907425907
Jess,reversible-scoopv-neck-tank#Black,moonlight-kisses-bamboo-tee#Combat,random,0.40669226606726605
Jess,reversible-scoopv-neck-tank#Navy,the-longline-cardi-1#GreyMarle,hard,0.21301441613941616
Jess,reversible-scoopv-neck-tank#Navy,capri-tank-6#ClaySpot,semi-hard,0.268382659007659
Jess,reversible-scoopv-neck-tank#Navy,the-tie-detail-hoody#FrenchBlue,random,0.47790404040404044
Jess,reversible-scoopv-neck-tank#White,fundamental-vee-tee#Pink,hard,0.2554563492063492
Jess,reversible-scoopv-neck-tank#White,snake-print-johnny-collar-top#BeigeSnake,semi-hard,0.3368402430902431
Jess,reversible-scoopv-neck-tank#White,the-high-low-drape-tee#Grey,random,0.4452110389610389
Jess,ricki-one-shoulder-top#BlackWhite,back-to-you-top#BlackMagic,hard,0.2529727217227217
Jess,ricki-one-shoulder-top#BlackWhite,the-relaxed-long-sleeve-tee-1#Ink%20Stripe,semi-hard,0.33933947996447994
Jess,ricki-one-shoulder-top#BlackWhite,skipping-stones-tunic#Natural,random,0.48239260739260736
Jess,rika-top#BatikTile,elina-lace-frill-blouse#Black,hard,0.24260114885114886
Jess,rika-top#BatikTile,star-and-spot-sweater#SilverMult,semi-hard,0.3489323176823177
Jess,rika-top#BatikTile,flow-with-me-slouch-top#Brick,random,0.8245226995226995
Jess,rise-top#Ink,manhattan-stretch-tee#NavyWhtStr,hard,0.2330256549006549
Jess,rise-top#Ink,napoleon-top-1#NemoBlue,semi-hard,0.27879065379065376
Jess,rise-top#Ink,contrast-pocket-tunic#Pinkpocket,random,0.6313778813778814
Jess,runaway-top#JetBlack,the-wrap-jersey-top#JetBlack,hard,0.2656562187812188
Jess,runaway-top#JetBlack,lola-bell-sleeve-top-entangled-vines#Gold,semi-hard,0.38335738335738334
Jess,runaway-top#JetBlack,viola-kimono-radiant-floral#Grey,random,0.5397727272727273
Jess,runaway-top#Sand,capri-tank-3#Navy,hard,0.24584443334443334
Jess,runaway-top#Sand,the-long-sleeve-scoop-neck-tee#White,semi-hard,0.3980429292929293
Jess,runaway-top#Sand,aldis-blouse#Pearl,random,0.48243423243423245
Jess,runaway-top#SoftMint,aztec-cardigan#Orange,hard,0.2241751304251304
Jess,runaway-top#SoftMint,bamboo-layer-tank#Chalk,semi-hard,0.3251175907425907
Jess,runaway-top#SoftMint,the-boat-neck-top-1#Ink,random,0.4435911310911311
Jess,runaway-top#SoftPink,the-longline-cardi-1#GreyMarle,hard,0.21301441613941616
Jess,runaway-top#SoftPink,york-linen-blend-top#BurntOrang,semi-hard,0.28137140637140634
Jess,runaway-top#SoftPink,milan-34-sleeve-1#Melange,random,0.4124902874902875
Jess,sailaway-blouse#OxfordBlue,the-wrap-jersey-top#JetBlack,hard,0.2656562187812188
Jess,sailaway-blouse#OxfordBlue,the-zip-front-top#Blue,semi-hard,0.37255626318126317
Jess,sailaway-blouse#OxfordBlue,the-boat-neck-top-1#Ink,random,0.4435911310911311
Jess,sandy-off-the-shoulder-top#Gingham,pure-merino-fine-rib-polo#BlackStri,hard,0.22660325785325786
Jess,sandy-off-the-shoulder-top#Gingham,fundamental-rib-long-sleeve-tee#Black,semi-hard,0.29573898323898323
Jess,sandy-off-the-shoulder-top#Gingham,falling-flowers-cardi#GreyMarle,random,0.43595467032967034
Jess,sequin-star-tee#Navy,capri-tank-3#Navy,hard,0.24584443334443334
Jess,sequin-star-tee#Navy,falling-for-you-tunic#Black,semi-hard,0.3385434010434011
Jess,sequin-star-tee#Navy,chill-out-slouch-top#GreyMarle,random,0.6297018953268954
Jess,shirt-in-a-box#Silver,holly-rib-long-sleeve-tee#Black,hard,0.26078262015762016
Jess,shirt-in-a-box#Silver,you-at-my-shoulder-tunic#Black,semi-hard,0.3330176767676768
Jess,shirt-in-a-box#Silver,the-flutter-sleeve-top#Denim,random,0.43247955747955746
Jess,silver-dot-tie-sleeve-blouse#SilverDotP,forget-me-knot-tunic#ForgetMeK,hard,0.09683892496392496
Jess,silver-dot-tie-sleeve-blouse#SilverDotP,the-frill-wrap-blouse#Spot,semi-hard,0.29454920079920077
Jess,silver-dot-tie-sleeve-blouse#SilverDotP,off-shoulder-top-2#FloraLace,random,0.4485479797979798
Jess,softly-falling-bamboo-tunic#Copper,eco-78-long-cardigan#LightGreyM,hard,0.22632922632922634
Jess,softly-falling-bamboo-tunic#Copper,celestial-woven-top#White,semi-hard,0.34121434121434124
Jess,softly-falling-bamboo-tunic#Copper,under-the-stars-blouse#Petal,random,0.5009591103341103
Jess,softly-falling-bamboo-tunic#White,daylight-cardi#Silver,hard,0.24321338383838384
Jess,softly-falling-bamboo-tunic#White,the-panel-hem-top#Khaki,semi-hard,0.33698419635919635
Jess,softly-falling-bamboo-tunic#White,the-cross-over-blouse#Sunshine,random,0.4322986041736041
Jess,softly-swinging-bamboo-tee#Black,printed-v-neck-blouse#NavyWhite,hard,0.2323319042069042
Jess,softly-swinging-bamboo-tee#Black,stripe-sweater-2#Blue,semi-hard,0.3067331973581974
Jess,softly-swinging-bamboo-tee#Black,the-asymmetrical-tank-top#HotPink,random,0.464086260961261
Jess,softly-swinging-bamboo-tee#BlueJeans,reversible-stripe-vee-scoop-neck-tank#BlackWhite,hard,0.24089105339105338
Jess,softly-swinging-bamboo-tee#BlueJeans,printed-tunic-7#RedCheck,semi-hard,0.39630161505161504
Jess,softly-swinging-bamboo-tee#BlueJeans,ruffle-sleeve-top-1#Black,random,0.39873147685647686
Jess,softly-swinging-bamboo-tee#Blush,animal-button-up-shirt#KhakiPrint,hard,0.24296536796536797
Jess,softly-swinging-bamboo-tee#Blush,jordan-top#PearlBlue,semi-hard,0.3402812465312465
Jess,softly-swinging-bamboo-tee#Blush,the-cotton-bamboo-ls-top#NavyStripe,random,0.3998617123617123
Jess,softly-swinging-bamboo-tee#Cashew,holly-rib-long-sleeve-tee#Khaki,hard,0.26078262015762016
Jess,softly-swinging-bamboo-tee#Cashew,frill-blouse#Rust,semi-hard,0.317269536019536
Jess,softly-swinging-bamboo-tee#Cashew,woolly-spotted-hoodie#Navy,random,0.4245372682872683
Jess,softly-swinging-bamboo-tee#Chambray,nova-lux-long-sleeve-tie-top#AidaStripe,hard,0.26402417027417024
Jess,softly-swinging-bamboo-tee#Chambray,ella-funnel-neck-top#Khaki,semi-hard,0.3623130341880342
Jess,softly-swinging-bamboo-tee#Chambray,meera-oversized-shirt#Mint,random,0.45025460650460647
Jess,softly-swinging-bamboo-tee#Copper,pulkari-emb-top#Pulkari,hard,0.236999111999112
Jess,softly-swinging-bamboo-tee#Copper,kimberly-spliced-top#Zebraprint,semi-hard,0.27170399045399046
Jess,softly-swinging-bamboo-tee#Copper,the-cotton-tie-detail-top#Ivory,random,0.4353441697191698
Jess,softly-swinging-bamboo-tee#Jewel,the-uneven-hem-knit-1#Sage,hard,0.11771561771561771
Jess,softly-swinging-bamboo-tee#Jewel,the-side-ring-detail-blouse-1#Black,semi-hard,0.3347936785436786
Jess,softly-swinging-bamboo-tee#Jewel,the-stella-tee#Marine,random,0.4351672632922633
Jess,softly-swinging-bamboo-tee#Navy,aztec-cardigan#BlackIvory,hard,0.2241751304251304
Jess,softly-swinging-bamboo-tee#Navy,stripe-sweater-2#Blue,semi-hard,0.3067331973581974
Jess,softly-swinging-bamboo-tee#Navy,the-high-low-drape-tee#Sage,random,0.4452110389610389
Jess,softly-swinging-bamboo-tee#Starfish,holly-rib-long-sleeve-tee#Black,hard,0.26078262015762016
Jess,softly-swinging-bamboo-tee#Starfish,hacienda-tunic-pushkar#Cornflower,semi-hard,0.36441336441336436
Jess,softly-swinging-bamboo-tee#Starfish,the-zip-front-blouse#Khaki,random,0.5663040663040663
Jess,softly-swinging-bamboo-tee#Storm,robyn-top-1#Roanne,hard,0.24242424242424243
Jess,softly-swinging-bamboo-tee#Storm,the-ultimate-tie-cardi#Port,semi-hard,0.34965728715728717
Jess,softly-swinging-bamboo-tee#Storm,lavaux-bell-sleeve#Mustard,random,0.7514100482850483
Jess,softly-swinging-bamboo-tee#TeaRose,cara-tee-3#Mustard,hard,0.2348502192252192
Jess,softly-swinging-bamboo-tee#TeaRose,emerald-knit#Emerald,semi-hard,0.2975132506382506
Jess,softly-swinging-bamboo-tee#TeaRose,flying-free-top-3#WhiteBird,random,0.430879884004884
Jess,softly-swinging-bamboo-tee#White,hayley-button-down#NavySparro,hard,0.22539613164613165
Jess,softly-swinging-bamboo-tee#White,dream-girl-ruffle-jumper#SoftPink,semi-hard,0.27998390498390496
Jess,softly-swinging-bamboo-tee#White,sugar-snaps-round-neck-layer-tank#Black,random,0.4875385031635032
Jess,sontana-blouse#Stone,the-reversible-cowl-neck-top-2#Ocean,hard,0.2280757437007437
Jess,sontana-blouse#Stone,nature-ls-top#BlueGum,semi-hard,0.36416534854034854
Jess,sontana-blouse#Stone,the-swing-tank-top#Rose,random,0.5347135503385504
Jess,starry-night-cardi#Chalk,the-long-sleeve-v-neck-tee#Black,hard,0.2566790848040848
Jess,starry-night-cardi#Chalk,ava-short-sleeve-linen-tee#Navy,semi-hard,0.30260017760017766
Jess,starry-night-cardi#Chalk,the-cross-over-blouse#Black,random,0.4322986041736041
Jess,sugar-snaps-layers-tank#Black,st-helens-henley-tee#Sapphire,hard,0.2509920634920635
Jess,sugar-snaps-layers-tank#Black,sparkly-star-tee#Blue,semi-hard,0.29119838494838496
Jess,sugar-snaps-layers-tank#Black,selma-top-1#IndoStripe,random,0.413629773004773
Jess,sugar-snaps-layers-tank#Blue,cara-tee-4#BlackWhite,hard,0.23342976467976467
Jess,sugar-snaps-layers-tank#Blue,frill-me-tie-throw-on#WhiteBlk,semi-hard,0.3157484876234876
Jess,sugar-snaps-layers-tank#Blue,ivy-cosy-pullover#Blossom,random,0.46191829004329
Jess,sugar-snaps-layers-tank#DeepCobalt,the-wrap-jersey-top#NavyWhite,hard,0.2656562187812188
Jess,sugar-snaps-layers-tank#DeepCobalt,bo-cosy-cardigan#Storm,semi-hard,0.2906641969141969
Jess,sugar-snaps-layers-tank#DeepCobalt,meredith-78-oversized-pullover-knit#WhiteCapGr,random,0.8136493136493136
Jess,sugar-snaps-layers-tank#DuckEgg,magnolia-fields-keyhole-blouse#Magnolia,hard,0.22253614441114442
Jess,sugar-snaps-layers-tank#DuckEgg,the-zip-detail-jacket#Grey,semi-hard,0.3734217171717172
Jess,sugar-snaps-layers-tank#DuckEgg,the-daily-essential-jumper#Grey,random,0.5521076146076146
Jess,sugar-snaps-layers-tank#Mint,spliced-stripe-tunic#Navy,hard,0.26221348096348096
Jess,sugar-snaps-layers-tank#Mint,tia-boyfriend-shirt#White,semi-hard,0.3015699578199579
Jess,sugar-snaps-layers-tank#Mint,floral-nehru-print-shirt#Pink,random,0.5047365828615828
Jess,sugar-snaps-layers-tank#NewBeige,tinker-stripe-knit#NavyWhite,hard,0.26476821789321786
Jess,sugar-snaps-layers-tank#NewBeige,the-reversible-cowl-neck-top-1#Black,semi-hard,0.31338973526473524
Jess,sugar-snaps-layers-tank#NewBeige,love-song-relaxed-blouse#SagePearl,random,0.4853531884781884
Jess,sugar-snaps-layers-tank#PeachyKeen,striped-cardigan-3#Rainbow,hard,0.2611231361231361
Jess,sugar-snaps-layers-tank#PeachyKeen,geena-xo-ls-pullover-knit#Allure,semi-hard,0.26886308136308135
Jess,sugar-snaps-layers-tank#PeachyKeen,the-shoulder-tie-top#White,random,0.5040081446331446
Jess,sugar-snaps-layers-tank#Red,rib-tank-2#Black,hard,0.2543584887334887
Jess,sugar-snaps-layers-tank#Red,tutti-frutti-drop-shoulder-tee#Orange,semi-hard,0.2700667388167388
Jess,sugar-snaps-layers-tank#Red,cross-over-top-with-pocket#Emerald,random,0.4246482683982684
Jess,sugar-snaps-layers-tank#SeaGreen,nova-lux-long-sleeve-tie-top-1#CloudDance,hard,0.26402417027417024
Jess,sugar-snaps-layers-tank#SeaGreen,lucy-rib-oversized-top#Black,semi-hard,0.31539814352314355
Jess,sugar-snaps-layers-tank#SeaGreen,relaxed-animal-print-blouse#Leopard,random,0.47775372775372776
Jess,sugar-snaps-layers-tank#White,robyn-top-1#Roanne,hard,0.24242424242424243
Jess,sugar-snaps-layers-tank#White,the-cape-jersey-top#DarkNavy,semi-hard,0.2969530469530469
Jess,sugar-snaps-layers-tank#White,moonlight-kisses-bamboo-tee#Black,random,0.40669226606726605
Jess,summer-whispers-kimono-1#Peacock,cara-tee-4#White,hard,0.23342976467976467
Jess,summer-whispers-kimono-1#Peacock,the-asymmetrical-hem-sweater#Blush,semi-hard,0.38116281866281865
Jess,summer-whispers-kimono-1#Peacock,the-contrast-34-sleeve-top#Navy,random,0.5590850122100123
Jess,sunshine-in-me-tee-1#GreyMarle,long-sleeve-tee-2#NavyWhite,hard,0.2311403873903874
Jess,sunshine-in-me-tee-1#GreyMarle,napoleon-top-1#NemoBlue,semi-hard,0.27879065379065376
Jess,sunshine-in-me-tee-1#GreyMarle,clio-knit-jumper#StoneBlack,random,0.49661680911680905
Jess,sunshine-in-me-tee-1#White,square-nk-fray-trim-top#Denim,hard,0.25403589466089466
Jess,sunshine-in-me-tee-1#White,horizontal-cabel-pullover#EnglishRos,semi-hard,0.296009546009546
Jess,sunshine-in-me-tee-1#White,the-pleated-sleeve-top#Sage,random,0.4914772727272727
Jess,suri-bell-sleeve-top#GreyMarle,aida-long-tunic-shirt#AidaStripe,hard,0.24853271728271725
Jess,suri-bell-sleeve-top#GreyMarle,always-mine-v-neck-knit#Terracotta,semi-hard,0.3051549145299145
Jess,suri-bell-sleeve-top#GreyMarle,belle-tie-front-shirt#Black,random,0.6006771006771007
Jess,the-bamboo-tunic-dress#Khaki,saba-top-2#Catus,hard,0.2582608363858364
Jess,the-bamboo-tunic-dress#Khaki,melbourne-stretch-cardigan#Black,semi-hard,0.288974913974914
Jess,the-bamboo-tunic-dress#Khaki,selma-top-1#IndoStripe,random,0.413629773004773
Jess,the-batwing-tee#Black,merino-boyfriend-cardigan#MelangeStr,hard,0.23894681707181709
Jess,the-batwing-tee#Black,ember-knit#EmberGlow,semi-hard,0.33047508047508045
Jess,the-batwing-tee#Black,the-daily-cross-over-top#PinkPrint,random,0.48295454545454547
Jess,the-batwing-tee#FrenchBlue,reversible-stripe-vee-scoop-neck-tank#BlackWhite,hard,0.24089105339105338
Jess,the-batwing-tee#FrenchBlue,silver-cross-sweater#Silver,semi-hard,0.2795954045954046
Jess,the-batwing-tee#FrenchBlue,the-reverse-sleeve-sweater#Navy,random,0.4719794094794095
Jess,the-batwing-tee#Sea,bubbles-print-tee#Cambridge,hard,0.2491518897768898
Jess,the-batwing-tee#Sea,the-zip-front-top#Rose,semi-hard,0.37255626318126317
Jess,the-batwing-tee#Sea,striped-sleeve-sweater#Striped,random,0.8974358974358975
Jess,the-batwing-tee#Stone,manhattan-stretch-tee#NavyWhtStr,hard,0.2330256549006549
Jess,the-batwing-tee#Stone,nature-ls-top#BlueGum,semi-hard,0.36416534854034854
Jess,the-batwing-tee#Stone,moonlight-kisses-bamboo-tee#White,random,0.40669226606726605
Jess,the-bonded-cotton-shirt#Pink,millie-top#WhiteBlk,hard,0.24527382339882342
Jess,the-bonded-cotton-shirt#Pink,panelled-stripe-top#NavyWhite,semi-hard,0.31353368853368857
Jess,the-bonded-cotton-shirt#Pink,flying-free-top-3#WhiteBird,random,0.430879884004884
Jess,the-bonded-cotton-tunic-dress#Navy,cara-tee-4#Black,hard,0.23342976467976467
Jess,the-bonded-cotton-tunic-dress#Navy,dream-girl-ruffle-jumper#SoftPink,semi-hard,0.27998390498390496
Jess,the-bonded-cotton-tunic-dress#Navy,floral-embroidered-jumper#Navy,random,0.467322607947608
Jess,the-button-up-swing-tunic#Wine,striped-cardigan-3#Rainbow,hard,0.2611231361231361
Jess,the-button-up-swing-tunic#Wine,collared-shirt-1#White,semi-hard,0.2667748917748918
Jess,the-button-up-swing-tunic#Wine,the-bell-sleeve-top#Grey,random,0.5468304843304844
Jess,the-cotton-bamboo-tank#Chambray,millie-top#Blush,hard,0.24527382339882342
Jess,the-cotton-bamboo-tank#Chambray,2-in-1-jumper#Navy,semi-hard,0.36163315850815847
Jess,the-cotton-bamboo-tank#Chambray,batty-about-you-cotton-tee#BlkWhite,random,0.4816607004107004
Jess,the-cotton-bamboo-tank#DarkNavy,analia-jersey-top#Black,hard,0.24320644633144634
Jess,the-cotton-bamboo-tank#DarkNavy,emerald-knit#Emerald,semi-hard,0.2975132506382506
Jess,the-cotton-bamboo-tank#DarkNavy,moonlight-kisses-bamboo-tee#White,random,0.40669226606726605
Jess,the-cotton-bamboo-tank#DuckEgg,st-helens-henley-tee#White,hard,0.2509920634920635
Jess,the-cotton-bamboo-tank#DuckEgg,the-printed-side-ring-detail-blouse#Block,semi-hard,0.3347936785436786
Jess,the-cotton-bamboo-tank#DuckEgg,the-blouson-sleeve-jumper#Navy,random,0.47772597772597775
Jess,the-cotton-bamboo-tank#Moonbeam,millie-top#BlackSpot,hard,0.24527382339882342
Jess,the-cotton-bamboo-tank#Moonbeam,cooks-shirt#Stripes,semi-hard,0.27443910256410253
Jess,the-cotton-bamboo-tank#Moonbeam,moonlight-kisses-bamboo-tee#Black,random,0.40669226606726605
Jess,the-cotton-bamboo-tank#White,high-street-knit#NavyStripe,hard,0.2606594794094794
Jess,the-cotton-bamboo-tank#White,the-reversible-cowl-neck-top-1#Black,semi-hard,0.31338973526473524
Jess,the-cotton-bamboo-tank#White,the-contrast-detail-top#Ivory,random,0.4605429292929293
Jess,the-cotton-bamboo-tee#BlueJeans,back-to-you-top#Rust,hard,0.2529727217227217
Jess,the-cotton-bamboo-tee#BlueJeans,falling-for-you-cardi-2#WinterRose,semi-hard,0.3409090909090909
Jess,the-cotton-bamboo-tee#BlueJeans,the-pocket-tee#NavyStripe,random,0.416065416065416
Jess,the-cotton-bamboo-tee#DuckEgg,millie-top#Moss,hard,0.24527382339882342
Jess,the-cotton-bamboo-tee#DuckEgg,indi-crosover-front-blouse#MixedStrip,semi-hard,0.2971218596218596
Jess,the-cotton-bamboo-tee#DuckEgg,the-tie-detail-hoody#Pink,random,0.47790404040404044
Jess,the-cotton-bamboo-tee#DustyPink,hannah-tee-1#Black,hard,0.2252296314796315
Jess,the-cotton-bamboo-tee#DustyPink,star-and-spot-sweater#SilverMult,semi-hard,0.3489323176823177
Jess,the-cotton-bamboo-tee#DustyPink,the-bell-sleeve-top#Grey,random,0.5468304843304844
Jess,the-cotton-bamboo-tee#White,cara-tee-3#ZebraPrint,hard,0.2348502192252192
Jess,the-cotton-bamboo-tee#White,the-reversible-cowl-neck-top-1#Black,semi-hard,0.31338973526473524
Jess,the-cotton-bamboo-tee#White,this-mortal-coil-drape#StormClam,random,0.46706071706071706
Jess,the-cross-front-spot-blouse#NavySpot,ally-long-sleeve-tee#CosmosPr,hard,0.2526882839382839
Jess,the-cross-front-spot-blouse#NavySpot,frill-sleeve-top-1#LeafPrint,semi-hard,0.2947313103563104
Jess,the-cross-front-spot-blouse#NavySpot,ivy-cosy-pullover#Blossom,random,0.46191829004329
Jess,the-cross-front-spot-blouse#Spot,roll-neck-jumper-3#GreyMarl,hard,0.2532328782328782
Jess,the-cross-front-spot-blouse#Spot,arya-frilled-blouse#Oyster,semi-hard,0.31747245809745805
Jess,the-cross-front-spot-blouse#Spot,sugar-snaps-round-neck-layer-tank#White,random,0.4875385031635032
Jess,the-crossover-2-way-blouse#Black,mila-knit-cardigan#StoneBlack,hard,0.21729312354312352
Jess,the-crossover-2-way-blouse#Black,geneva-v-neck-top#HeatheGrey,semi-hard,0.36175283050283047
Jess,the-crossover-2-way-blouse#Black,the-cross-over-printed-blouse#Leopard,random,0.46897200022200025
Jess,the-cut-out-shoulder-blouse#Black,the-panel-luxe-top#BlkWhite,hard,0.2110493672993673
Jess,the-cut-out-shoulder-blouse#Black,the-long-sleeve-scoop-neck-tee#White,semi-hard,0.3980429292929293
Jess,the-cut-out-shoulder-blouse#Black,spot-layered-tee#Blue,random,0.45610119047619047
Jess,the-cut-out-shoulder-blouse#Blue,dusk-top#DuskPrint,hard,0.25497592685092685
Jess,the-cut-out-shoulder-blouse#Blue,snake-print-johnny-collar-top#BeigeSnake,semi-hard,0.3368402430902431
Jess,the-cut-out-shoulder-blouse#Blue,summer-haze-top#Teal,random,0.5379325535575535
Jess,the-cut-out-shoulder-blouse#Clay,cara-tee-3#ZebraPrint,hard,0.2348502192252192
Jess,the-cut-out-shoulder-blouse#Clay,nature-ls-top#BlueGum,semi-hard,0.36416534854034854
Jess,the-cut-out-shoulder-blouse#Clay,the-oversize-knit#Ink,random,0.7017045454545454
Jess,the-cut-out-shoulder-blouse#Salmon,stara-cardigan#GreyMarle,hard,0.2080026455026455
Jess,the-cut-out-shoulder-blouse#Salmon,layered-sleeve-top#DarkBlue,semi-hard,0.39137251637251635
Jess,the-cut-out-shoulder-blouse#Salmon,print-tee-3#Bike,random,0.5676106301106301
Jess,the-cut-out-shoulder-blouse#Silver,colourblock-cardi#NavyRed,hard,0.2156697469197469
Jess,the-cut-out-shoulder-blouse#Silver,soft-and-true-tunic#Pine,semi-hard,0.36238587801087796
Jess,the-cut-out-shoulder-blouse#Silver,milan-stretch-top#SilverMarl,random,0.4124902874902875
Jess,the-cut-out-shoulder-blouse#White,back-to-you-top#BlackMagic,hard,0.2529727217227217
Jess,the-cut-out-shoulder-blouse#White,art-deco-print-top#NavyWhite,semi-hard,0.2914810883560883
Jess,the-cut-out-shoulder-blouse#White,sugar-snaps-throw-jacket#White,random,0.6390033577533577
Jess,the-design-fold-tunic-top#PearlBlue,lake-house-top#CoalPrint,hard,0.23566537629037632
Jess,the-design-fold-tunic-top#PearlBlue,verona-patchwork-top#Patchwork,semi-hard,0.2722746003996004
Jess,the-design-fold-tunic-top#PearlBlue,selene-cardigan#Ivy,random,0.6682813714063714
Jess,the-drape-tee-1#Black,the-panel-luxe-top#SilvWhite,hard,0.2110493672993673
Jess,the-drape-tee-1#Black,the-weekender-shirt#DenimStrip,semi-hard,0.3897306397306397
Jess,the-drape-tee-1#Black,sugar-snaps-throw-jacket#Black,random,0.6390033577533577
Jess,the-drape-tee-1#Navy,the-longline-cardi-1#Nude,hard,0.21301441613941616
Jess,the-drape-tee-1#Navy,lucy-rib-oversized-top#WhiteGrey,semi-hard,0.31539814352314355
Jess,the-drape-tee-1#Navy,the-soft-knit-jumper#NavyStripe,random,0.4217171717171717
Jess,the-drape-tee-1#NavyStripe,monaco-knot-top#Black,hard,0.265293734043734
Jess,the-drape-tee-1#NavyStripe,art-deco-print-top#NavyWhite,semi-hard,0.2914810883560883
Jess,the-drape-tee-1#NavyStripe,adventurous-hoody#Pink,random,0.47481164668664666
Jess,the-drape-tee-1#Stripe,striped-cardigan-3#Rainbow,hard,0.2611231361231361
Jess,the-drape-tee-1#Stripe,willow-knot-top#WhiteBlk,semi-hard,0.31757131757131757
Jess,the-drape-tee-1#Stripe,relaxed-cape#WhiteBlack,random,0.5909252784252784
Jess,the-drape-tee-1#White,the-long-sleeve-v-neck-tee#White,hard,0.2566790848040848
Jess,the-drape-tee-1#White,frill-me-tie-throw-on#WhiteBlk,semi-hard,0.3157484876234876
Jess,the-drape-tee-1#White,the-frill-detail-blouse#Chambray,random,0.47383345820845824
Jess,the-fleck-roll-neck-knit#Oatmeal,lake-house-top#CoalPrint,hard,0.23566537629037632
Jess,the-fleck-roll-neck-knit#Oatmeal,melbourne-stretch-cardigan#Navy,semi-hard,0.288974913974914
Jess,the-fleck-roll-neck-knit#Oatmeal,tab-sleeve-longline-shirt#Pink,random,0.5191128316128316
Jess,the-layered-cross-over-top#Black,reversible-stripe-vee-scoop-neck-tank#BlackWhite,hard,0.24089105339105338
Jess,the-layered-cross-over-top#Black,the-relaxed-long-sleeve-tee#Navy,semi-hard,0.35843554593554594
Jess,the-layered-cross-over-top#Black,triangle-detail-long-sleeve-tee#Navy,random,0.431225024975025
Jess,the-layered-cross-over-top#Navy,layered-top-2#Navy,hard,0.2388028638028638
Jess,the-layered-cross-over-top#Navy,the-asymmetrical-hem-sweater#Blush,semi-hard,0.38116281866281865
Jess,the-layered-cross-over-top#Navy,lavaux-bell-sleeve#Mustard,random,0.7514100482850483
Jess,the-open-sleeve-blouse#Berry,holly-rib-long-sleeve-tee#Khaki,hard,0.26078262015762016
Jess,the-open-sleeve-blouse#Berry,monaco-sweater#BlackCream,semi-hard,0.3412698412698412
Jess,the-open-sleeve-blouse#Berry,sequin-spot-shirt#Blue,random,0.41395583583083584
Jess,the-print-contrast-34-sleeve-top#Animal,millie-top#BlackSpot,hard,0.24527382339882342
Jess,the-print-contrast-34-sleeve-top#Animal,juno-cardigan#GreyMarle,semi-hard,0.3055173992673993
Jess,the-print-contrast-34-sleeve-top#Animal,flying-free-top-3#WhiteBird,random,0.430879884004884
Jess,the-printed-v-neck-tee#White,the-long-sleeve-v-neck-tee#Navy,hard,0.2566790848040848
Jess,the-printed-v-neck-tee#White,elcos-top#LightGrey,semi-hard,0.33175331612831616
Jess,the-printed-v-neck-tee#White,the-define-flute-sleeve-blouse#Black,random,0.4001536657786658
Jess,the-printed-v-split-top#Natural,born-to-run-shirt-jacket#Leopard,hard,0.19895729270729273
Jess,the-printed-v-split-top#Natural,renee-sweater#Sapphire,semi-hard,0.26646270396270394
Jess,the-printed-v-split-top#Natural,clio-knit-jumper#Clay,random,0.49661680911680905
Jess,the-short-sleeve-wrap-jersey-top#Black,aztec-cardigan#Orange,hard,0.2241751304251304
Jess,the-short-sleeve-wrap-jersey-top#Black,ava-short-sleeve-linen-tee#Navy,semi-hard,0.30260017760017766
Jess,the-short-sleeve-wrap-jersey-top#Black,rising-mist-jumper#Nickel,random,0.6647727272727273
Jess,the-short-sleeve-wrap-jersey-top#Blue,hannah-tee-1#RedWhite,hard,0.2252296314796315
Jess,the-short-sleeve-wrap-jersey-top#Blue,luxe-shirt#Black,semi-hard,0.32515632515632514
Jess,the-short-sleeve-wrap-jersey-top#Blue,the-contrast-panel-top#BlkStripe,random,0.44917929292929293
Jess,the-short-sleeve-wrap-jersey-top#Emerald,magnolia-fields-keyhole-blouse#Magnolia,hard,0.22253614441114442
Jess,the-short-sleeve-wrap-jersey-top#Emerald,driftwood-gathering-blouse#Khaki,semi-hard,0.35984848484848486
Jess,the-short-sleeve-wrap-jersey-top#Emerald,the-cross-over-blouse#Sunshine,random,0.4322986041736041
Jess,the-short-sleeve-wrap-jersey-top#NavyWhite,dusk-top#DuskPrint,hard,0.25497592685092685
Jess,the-short-sleeve-wrap-jersey-top#NavyWhite,clovis-shirt#NavyGold,semi-hard,0.28357926795426797
Jess,the-short-sleeve-wrap-jersey-top#NavyWhite,tab-sleeve-longline-shirt#Pink,random,0.5191128316128316
Jess,the-side-panel-drape-top#OffWhite,weekend-cardigan#Black,hard,0.2466474497724498
Jess,the-side-panel-drape-top#OffWhite,geneva-v-neck-top#HeatheGrey,semi-hard,0.36175283050283047
Jess,the-side-panel-drape-top#OffWhite,the-roll-neck-sleeveless-top-1#Black,random,0.42737297424797427
Jess,the-sleeveless-cross-over-blouse#Black,germaine-blouse#Pearl,hard,0.2543446137196137
Jess,the-sleeveless-cross-over-blouse#Black,the-relaxed-long-sleeve-tee-1#Ink%20Stripe,semi-hard,0.33933947996447994
Jess,the-sleeveless-cross-over-blouse#Black,the-zip-front-blouse#Khaki,random,0.5663040663040663
Jess,the-sleeveless-cross-over-blouse#Chambray,the-wrap-jersey-top#Charcoal,hard,0.2656562187812188
Jess,the-sleeveless-cross-over-blouse#Chambray,the-lace-trim-top#Black,semi-hard,0.3935485810485811
Jess,the-sleeveless-cross-over-blouse#Chambray,the-shoulder-tie-top#Navy,random,0.5040081446331446
Jess,the-sleeveless-cross-over-blouse#Cobalt,roll-neck-jumper-3#GreyMarl,hard,0.2532328782328782
Jess,the-sleeveless-cross-over-blouse#Cobalt,frill-sleeve-top-1#LeafPrint,semi-hard,0.2947313103563104
Jess,the-sleeveless-cross-over-blouse#Cobalt,the-define-flute-sleeve-blouse#White,random,0.4001536657786658
Jess,the-sleeveless-cross-over-blouse#Mint,arlo-cardigan#Navy,hard,0.2207705488955489
Jess,the-sleeveless-cross-over-blouse#Mint,the-ruffle-sleeve-top#NavyStripe,semi-hard,0.36492905242905244
Jess,the-sleeveless-cross-over-blouse#Mint,coil-print-hi-lo-shirt#White,random,0.43918234543234547
Jess,the-sleeveless-cross-over-blouse#Salmon,forget-me-knot-tunic#ForgetMeK,hard,0.09683892496392496
Jess,the-sleeveless-cross-over-blouse#Salmon,bamboo-layer-tank#Black,semi-hard,0.3251175907425907
Jess,the-sleeveless-cross-over-blouse#Salmon,printed-v-neck-top#Striped,random,0.40157527657527653
Jess,the-sleeveless-cross-over-blouse#Sunshine,cara-tee-2#WhiteBlk,hard,0.22465728715728714
Jess,the-sleeveless-cross-over-blouse#Sunshine,fundamental-rib-long-sleeve-tee#Black,semi-hard,0.29573898323898323
Jess,the-sleeveless-cross-over-blouse#Sunshine,belle-drape-tee#Black,random,0.3987262737262738
Jess,the-sleeveless-cross-over-blouse#White,born-to-run-shirt-jacket#Leopard,hard,0.19895729270729273
Jess,the-sleeveless-cross-over-blouse#White,ella-funnel-neck-top#Khaki,semi-hard,0.3623130341880342
Jess,the-sleeveless-cross-over-blouse#White,under-the-stars-blouse#Petal,random,0.5009591103341103
Jess,the-spotted-tunic#GreySpot,capri-tank-3#White,hard,0.24584443334443334
Jess,the-spotted-tunic#GreySpot,mauevewood-crew#Charcoal,semi-hard,0.3478951603951604
Jess,the-spotted-tunic#GreySpot,the-cross-over-top#NavyStripe,random,0.5466686091686092
Jess,the-spotted-tunic#NavySpot,the-wrap-jersey-top#Charcoal,hard,0.2656562187812188
Jess,the-spotted-tunic#NavySpot,belle-two-in-one-top#Charcoal,semi-hard,0.3137591575091575
Jess,the-spotted-tunic#NavySpot,chill-out-slouch-top#Mustard,random,0.6297018953268954
Jess,the-stitch-detail-top#Pink,hannah-tee-1#Black,hard,0.2252296314796315
Jess,the-stitch-detail-top#Pink,funnel-neck-knit-jumper#BlueMulti,semi-hard,0.3258304195804196
Jess,the-stitch-detail-top#Pink,longline-gather-back-shirt#Black,random,0.4987633893883894
Jess,the-stitch-detail-top#SkyBlue,st-helens-henley-tee#Sapphire,hard,0.2509920634920635
Jess,the-stitch-detail-top#SkyBlue,frill-me-tie-throw-on#WhiteBlk,semi-hard,0.3157484876234876
Jess,the-stitch-detail-top#SkyBlue,bora-bora-layered-tank#BoraBora,random,0.4807744338994339
Jess,the-stripe-button-through-top#Coral,long-sleeve-tee-2#NavyWhite,hard,0.2311403873903874
Jess,the-stripe-button-through-top#Coral,geneva-v-neck-top#ClaySpot,semi-hard,0.36175283050283047
Jess,the-stripe-button-through-top#Coral,belle-tie-front-shirt#Black,random,0.6006771006771007
Jess,the-stripe-crossover-blouse#Bluestripe,weekend-cardigan#Black,hard,0.2466474497724498
Jess,the-stripe-crossover-blouse#Bluestripe,layla-long-line-kimono#MultiStrip,semi-hard,0.39453948828948826
Jess,the-stripe-crossover-blouse#Bluestripe,abigail-stripe-shirt#BlackStrip,random,0.45837148962148966
Jess,the-stripe-tank-1#Hazelnut,fundamental-vee-tee#Pink,hard,0.2554563492063492
Jess,the-stripe-tank-1#Hazelnut,foil-spot-jumper#SilverDot,semi-hard,0.31902819402819405
Jess,the-stripe-tank-1#Hazelnut,contrast-pocket-tunic#Pinkpocket,random,0.6313778813778814
Jess,the-striped-top#BlueStripe,the-wrap-jersey-top#JetBlack,hard,0.2656562187812188
Jess,the-striped-top#BlueStripe,the-panel-hem-top#Khaki,semi-hard,0.33698419635919635
Jess,the-striped-top#BlueStripe,chill-out-slouch-top#Mustard,random,0.6297018953268954
Jess,the-v-split-blouse#Salmon,eco-78-long-cardigan#DarkGreyM,hard,0.22632922632922634
Jess,the-v-split-blouse#Salmon,ryder-cosy-sweater#Blossom,semi-hard,0.31155129592629593
Jess,the-v-split-blouse#Salmon,relaxed-cape#Black,random,0.5909252784252784
Jess,tracie-top#Black,roll-neck-jumper-3#GreyMarl,hard,0.2532328782328782
Jess,tracie-top#Black,the-relaxed-long-sleeve-tee#Pink,semi-hard,0.35843554593554594
Jess,tracie-top#Black,peasant-top-3#Denim,random,0.5440826534576535
Jess,tracie-top#Opal,mila-knit-cardigan#InkWhite,hard,0.21729312354312352
Jess,tracie-top#Opal,the-excess-shirt#Pearl,semi-hard,0.29407051282051283
Jess,tracie-top#Opal,open-plains-kimono-throw-1#Rust,random,0.8082542457542458
Jess,waterfall-cardi-1#Black,cuddled-longline-cardigan#Sunflower,hard,0.24581494893994893
Jess,waterfall-cardi-1#Black,layered-sleeve-top#Moss,semi-hard,0.39137251637251635
Jess,waterfall-cardi-1#Black,daylight-jumper#Silver,random,0.40481567044067046
Jess,waterfall-cardi-1#Navy,cara-tee-3#ZebraPrint,hard,0.2348502192252192
Jess,waterfall-cardi-1#Navy,rosie-bell-sleeve-denim-shirt#Stripe,semi-hard,0.3455387205387206
Jess,waterfall-cardi-1#Navy,grace-oversized-knit#Black,random,0.47191870629370625
Jess,westward-top#BotanicalD,holly-rib-long-sleeve-tee#WhiteGrey,hard,0.26078262015762016
Jess,westward-top#BotanicalD,lucy-rib-oversized-top#WhiteGrey,semi-hard,0.31539814352314355
Jess,westward-top#BotanicalD,partly-cloudy-knit#PawPaw,random,0.5614478114478114
Jess,wrap-me-up-bamboo-top#Black,millie-top#BlackSpot,hard,0.24527382339882342
Jess,wrap-me-up-bamboo-top#Black,wellington-tee#HeatheGrey,semi-hard,0.37585331335331335
Jess,wrap-me-up-bamboo-top#Black,falling-flowers-cardi#GreyMarle,random,0.43595467032967034
Jess,wrap-me-up-bamboo-top#BlueJeans,rib-tank-2#Khaki,hard,0.2543584887334887
Jess,wrap-me-up-bamboo-top#BlueJeans,high-neck-tie-top#Black,semi-hard,0.2882881007881008
Jess,wrap-me-up-bamboo-top#BlueJeans,the-cosy-cardigan#Grey,random,0.4567550505050505
Jess,ynes#Black,monaco-knot-top#Black,hard,0.265293734043734
Jess,ynes#Black,curve-hem-cable-knit-sweater-1#Sapphire,semi-hard,0.2793710918710919
Jess,ynes#Black,the-stitch-v-neck-knit#PinkMarle,random,0.5325276575276575
Jira,yvette-blouse#Black,mila-knit-cardigan#StoneBlack,hard,0.318739365863841
Jira,yvette-blouse#Black,belle-v-neck-forgiver-tunic#Tobacco,semi-hard,0.58756198631397
Jira,yvette-blouse#Black,the-blouson-sleeve-jumper#Navy,random,0.6551891205560011
Jude,contrast-stripe-sweater#Pockets,the-wrap-jersey-top-1#NavyStripe,hard,0.39173863173863177
Jude,contrast-stripe-sweater#Pockets,the-lace-trim-top#Ivory,semi-hard,0.5898286076063854
Jude,contrast-stripe-sweater#Pockets,triangle-detail-long-sleeve-tee#Bordeaux,random,0.6477463277463278
Jude,crossing-the-plains-sweater-1#Indigo,the-batwing-tee#Sea,hard,0.3860583860583861
Jude,crossing-the-plains-sweater-1#Indigo,lola-bell-sleeve-top-entangled-vines#Gold,semi-hard,0.5731958576403021
Jude,crossing-the-plains-sweater-1#Indigo,belle-ls-free-fall-tee#Airforce,random,0.7413767713767714
Jude,curve-hem-cable-knit-sweater-1#Sapphire,ricki-one-shoulder-top#BlackWhite,hard,0.3314397947731281
Jude,curve-hem-cable-knit-sweater-1#Sapphire,frill-me-tie-throw-on#WhiteBlk,semi-hard,0.5069882586549253
Jude,curve-hem-cable-knit-sweater-1#Sapphire,striped-sleeve-sweater#Striped,random,1.2424242424242424
Jude,falling-for-you-cardi#Black,paige-top#Black,hard,0.2644658222436
Jude,falling-for-you-cardi#Black,layered-tee-2#White,semi-hard,0.4955977355977356
Jude,falling-for-you-cardi#Black,the-flutter-sleeve-top#SnakePrint,random,0.6398173020395242
Jude,falling-for-you-cardi#Dusty,geena-xo-ls-pullover-knit#Allure,hard,0.3579410096076763
Jude,falling-for-you-cardi#Dusty,block-sweater#Block,semi-hard,0.44499919833253165
Jude,falling-for-you-cardi#Dusty,the-ruffle-sleeve-sweat#KhakiMarle,random,0.7428699695366362
Jude,falling-for-you-cardi#GreyMarle,back-to-you-top#Rust,hard,0.2747498180831514
Jude,falling-for-you-cardi#GreyMarle,fundamental-rib-long-sleeve-tee#White,semi-hard,0.4829397762731096
Jude,falling-for-you-cardi#GreyMarle,the-drape-tee-1#Stripe,random,0.6819626464070908
Jude,falling-for-you-cardi#Khaki,cuddled-longline-cardigan#Sunflower,hard,0.36301932635265965
Jude,falling-for-you-cardi#Khaki,vivian-blouse#Check,semi-hard,0.4510865677532344
Jude,falling-for-you-cardi#Khaki,the-cross-over-blouse#Blue,random,0.6512915479582145
Jude,falling-for-you-cardi#Mustard,wildflower-shirt#White,hard,0.3876239809573143
Jude,falling-for-you-cardi#Mustard,layer-me-bamboo-rouched-sleeve-tee#Black,semi-hard,0.4304307420974087
Jude,falling-for-you-cardi#Mustard,belle-poncho-sleeved-knit#BlueMarle,random,0.8235140168473501
Jude,falling-for-you-cardi#Navy,double-layered-top-1#WBlack,hard,0.38134791134791135
Jude,falling-for-you-cardi#Navy,2-in-1-jumper#Navy,semi-hard,0.5620653420653421
Jude,falling-for-you-cardi#Navy,the-fleck-roll-neck-knit#Oatmeal,random,0.7012345679012346
Jude,falling-for-you-cardi#Port,ashbury-cardigan#Mocha,hard,0.4241255041255041
Jude,falling-for-you-cardi#Port,natural-rolled-neck-tunic#BlueDam,semi-hard,0.491826527382083
Jude,falling-for-you-cardi#Port,crushed-top#Blue,random,0.6135268435268435
Jude,falling-for-you-cardi#Rust,meadow-cardigan#Cream,hard,0.34778419111752445
Jude,falling-for-you-cardi#Rust,runaway-top#Sand,semi-hard,0.5625197847420069
Jude,falling-for-you-cardi#Rust,crosses-jumper#xmyheart,random,0.6140550807217474
Jude,falling-for-you-cardi#Teal,arlo-cardigan#Navy,hard,0.3800975567642234
Jude,falling-for-you-cardi#Teal,fundamental-rib-long-sleeve-tee#Black,semi-hard,0.4829397762731096
Jude,falling-for-you-cardi#Teal,belle-tier-tee#Blue,random,0.7670932154265488
Jude,pattern-tunic-1#Lattice,multi-pattern-print-top#NavyMulti,hard,0.3972034138700805
Jude,pattern-tunic-1#Lattice,ines-top#NavyStrip,semi-hard,0.44545084545084546
Jude,pattern-tunic-1#Lattice,the-drape-tee-1#Stripe,random,0.6819626464070908
Jude,striped-cardigan-3#Rainbow,pulkari-emb-top#Pulkari,hard,0.3724658057991391
Jude,striped-cardigan-3#Rainbow,cooks-shirt#Stripes,semi-hard,0.4562637362637363
Jude,striped-cardigan-3#Rainbow,the-essential-pullover#DustyPeach,random,0.6151060462171574
Kate,belle-half-sleeve-forgiver-tunic#Apricot,colourblock-cardi#NavyRed,hard,0.21725452289177777
Kate,belle-half-sleeve-forgiver-tunic#Apricot,geena-xo-ls-pullover-knit#Allure,semi-hard,0.2789223666674647
Kate,belle-half-sleeve-forgiver-tunic#Apricot,butterfly-kisses-tee#Green,random,0.4338675213675214
Kate,belle-half-sleeve-forgiver-tunic#Black,capri-tank-6#ClaySpot,hard,0.24379124869320945
Kate,belle-half-sleeve-forgiver-tunic#Black,mixed-messages-jumper#MixedStrip,semi-hard,0.3041468819246597
Kate,belle-half-sleeve-forgiver-tunic#Black,natural-textured-poncho#Deeprain,random,0.5777777777777777
Kate,belle-half-sleeve-forgiver-tunic#BlueBonnet,the-reversible-cowl-neck-top-2#Ocean,hard,0.24394372421333205
Kate,belle-half-sleeve-forgiver-tunic#BlueBonnet,the-tie-sleeve-blouse#Grey,semi-hard,0.27809055958565765
Kate,belle-half-sleeve-forgiver-tunic#BlueBonnet,belle-ls-free-fall-tee#Greenland,random,0.4582961247176933
Kate,belle-half-sleeve-forgiver-tunic#FlamPink,sparkly-star-tee#Blue,hard,0.2643746957472448
Kate,belle-half-sleeve-forgiver-tunic#FlamPink,layered-tunic-1#PalePink,semi-hard,0.2921488823449607
Kate,belle-half-sleeve-forgiver-tunic#FlamPink,softly-swinging-bamboo-tee#Black,random,0.3699829718212071
Kate,belle-half-sleeve-forgiver-tunic#MutedClay,layer-me-bamboo-rouched-sleeve-tee#Black,hard,0.24129093945270416
Kate,belle-half-sleeve-forgiver-tunic#MutedClay,wrap-me-up-bamboo-top#Black,semi-hard,0.3261805505678055
Kate,belle-half-sleeve-forgiver-tunic#MutedClay,belle-mid-length-knit-cardi#Black,random,0.41226607452097647
Kate,belle-half-sleeve-forgiver-tunic#White,rib-tank-2#Red,hard,0.24603304284676836
Kate,belle-half-sleeve-forgiver-tunic#White,cover-up-slouch-cardi#Alloy,semi-hard,0.3239704286272914
Kate,belle-half-sleeve-forgiver-tunic#White,softly-swinging-bamboo-tee#Jewel,random,0.3699829718212071
Kate,runaway-top#JetBlack,natural-classic-cardigan#Pebble,hard,0.18442146089204914
Kate,runaway-top#JetBlack,wellington-tee#ClaySpot,semi-hard,0.33252461953442347
Kate,runaway-top#JetBlack,print-tee-3#Cntryhous,random,0.49377794802631403
Kate,runaway-top#Sand,hannah-tee-1#RedWhite,hard,0.2371649229492367
Kate,runaway-top#Sand,layla-long-line-kimono#MultiStrip,semi-hard,0.348045699761386
Kate,runaway-top#Sand,print-tee-3#Cntryhous,random,0.49377794802631403
Kate,runaway-top#SoftMint,bella-ls-tee#GreenWhite,hard,0.2405249706720295
Kate,runaway-top#SoftMint,longline-cardigan-2#Pink,semi-hard,0.2747803394862218
Kate,runaway-top#SoftMint,milan-stretch-top#SilverMarl,random,0.3676379811183733
Kate,runaway-top#SoftPink,merino-boyfriend-cardigan#MelangeStr,hard,0.23062169312169312
Kate,runaway-top#SoftPink,karmen-top#HighRiskRe,semi-hard,0.33342830009496677
Kate,runaway-top#SoftPink,tab-sleeve-longline-shirt#Navy,random,0.46739033932661384
Kate,sugar-snaps-layers-tank#Black,glasgow-top#Melange,hard,0.24837748489709272
Kate,sugar-snaps-layers-tank#Black,cotton-cashmere-v-neck-knit#Navy,semi-hard,0.2905499094224584
Kate,sugar-snaps-layers-tank#Black,the-ruffle-sleeve-sweat#KhakiMarle,random,0.5037907565685343
Kate,sugar-snaps-layers-tank#Blue,arlo-cardigan#Navy,hard,0.21263915822739352
Kate,sugar-snaps-layers-tank#Blue,rose-shirt#BlueIllusi,semi-hard,0.27479669930650324
Kate,sugar-snaps-layers-tank#Blue,the-reverse-sleeve-sweater#Navy,random,0.43558879392212724
Kate,sugar-snaps-layers-tank#DeepCobalt,the-long-sleeve-v-neck-tee#White,hard,0.24683427502054955
Kate,sugar-snaps-layers-tank#DeepCobalt,the-half-sleeve-tee#White,semi-hard,0.33016760835388287
Kate,sugar-snaps-layers-tank#DeepCobalt,off-shoulder-top-2#FloraLace,random,0.4226495726495727
Kate,sugar-snaps-layers-tank#DuckEgg,colourblock-cardi#NavyRed,hard,0.21725452289177777
Kate,sugar-snaps-layers-tank#DuckEgg,ines-top#NavyStrip,semi-hard,0.2702851795989051
Kate,sugar-snaps-layers-tank#DuckEgg,oversize-contrast-hood-top#Steel,random,0.5758498627371176
Kate,sugar-snaps-layers-tank#Mint,glasgow-top#Melange,hard,0.24837748489709272
Kate,sugar-snaps-layers-tank#Mint,malibu-cardigan#Wine,semi-hard,0.28205806539139877
Kate,sugar-snaps-layers-tank#Mint,sugar-snaps-round-neck-layer-tank#Black,random,0.43846797265914916
Kate,sugar-snaps-layers-tank#NewBeige,analia-top#White,hard,0.26307598537990695
Kate,sugar-snaps-layers-tank#NewBeige,variegated-rib-knit#Silver,semi-hard,0.3482849122555005
Kate,sugar-snaps-layers-tank#NewBeige,natural-pattern-cocoon-cardigan#Blossom,random,0.46129904953434364
Kate,sugar-snaps-layers-tank#PeachyKeen,analia-jersey-top#Black,hard,0.23767716488304724
Kate,sugar-snaps-layers-tank#PeachyKeen,holly-rib-long-sleeve-tee#Khaki,semi-hard,0.2751462408325153
Kate,sugar-snaps-layers-tank#PeachyKeen,grace-oversized-knit#Black,random,0.424400173174683
Kate,sugar-snaps-layers-tank#Red,starry-night-cardi#Chalk,hard,0.23547008547008547
Kate,sugar-snaps-layers-tank#Red,tie-back-bell-sleeve-top-5#Summerbud,semi-hard,0.2846242628105373
Kate,sugar-snaps-layers-tank#Red,tab-sleeve-longline-shirt#Pink,random,0.46739033932661384
Kate,sugar-snaps-layers-tank#SeaGreen,cara-tee-4#Black,hard,0.2449510003431572
Kate,sugar-snaps-layers-tank#SeaGreen,you-at-my-shoulder-tunic#Black,semi-hard,0.30811965811965814
Kate,sugar-snaps-layers-tank#SeaGreen,batty-about-you-cotton-tee#BlkWhite,random,0.43359120001276863
Kate,sugar-snaps-layers-tank#White,pure-merino-fine-rib-v-neck#Charcoal,hard,0.1482964505840323
Kate,sugar-snaps-layers-tank#White,belle-half-sleeve-boat-tee#Black,semi-hard,0.27071996177388336
Kate,sugar-snaps-layers-tank#White,ivy-cosy-pullover#Blossom,random,0.41483706018019745
Kate,the-batwing-tee#Black,bo-cosy-cardigan#Storm,hard,0.26349625320213554
Kate,the-batwing-tee#Black,belle-drape-tee#Black,semi-hard,0.35397907738594014
Kate,the-batwing-tee#Black,the-belle-sleeve-print-top#NavyPrint,random,0.5283159227603672
Kate,the-batwing-tee#FrenchBlue,bo-cosy-cardigan#Blossom,hard,0.26349625320213554
Kate,the-batwing-tee#FrenchBlue,belle-drape-tee#Sliver,semi-hard,0.35397907738594014
Kate,the-batwing-tee#FrenchBlue,the-crossover-button-blouse-1#Ornate,random,0.5383547008547008
Kate,the-batwing-tee#Sea,cara-tee-4#Black,hard,0.2449510003431572
Kate,the-batwing-tee#Sea,frill-blouse#Rust,semi-hard,0.27670910244439656
Kate,the-batwing-tee#Sea,the-contrast-panel-top#SageStripe,random,0.4222222222222222
Kate,the-batwing-tee#Stone,st-helens-henley-tee#White,hard,0.2342696337794377
Kate,the-batwing-tee#Stone,jade-kimono-kaleidoscope#Blue,semi-hard,0.3359405300581771
Kate,the-batwing-tee#Stone,off-shoulder-top-1#Strawberry,random,0.4404874960430516
Kate,the-cotton-bamboo-tee#BlueJeans,cooks-shirt#Stripes,hard,0.26521632869672085
Kate,the-cotton-bamboo-tee#BlueJeans,luxe-shirt#Champagne,semi-hard,0.28613445378151264
Kate,the-cotton-bamboo-tee#BlueJeans,haze-swing-top#OffWhite,random,0.5052389996834442
Kate,the-cotton-bamboo-tee#DuckEgg,lake-house-top#CoalPrint,hard,0.22209014659995052
Kate,the-cotton-bamboo-tee#DuckEgg,alberta-stripe-top#IvoryStrip,semi-hard,0.2718776684462959
Kate,the-cotton-bamboo-tee#DuckEgg,the-spotted-tunic#NavySpot,random,0.48217851955597046
Kate,the-cotton-bamboo-tee#DustyPink,nova-lux-solid-v-neck-placket-shirt#CloudDance,hard,0.25581402076500115
Kate,the-cotton-bamboo-tee#DustyPink,the-dobby-sleeve-tee#InkBlue,semi-hard,0.34956427015250546
Kate,the-cotton-bamboo-tee#DustyPink,relaxed-animal-print-blouse#Leopard,random,0.43137733725969024
Kate,the-cotton-bamboo-tee#White,clovis-shirt#NavyGold,hard,0.24453911194107272
Kate,the-cotton-bamboo-tee#White,layered-tee-2#White,semi-hard,0.2671524735250226
Kate,the-cotton-bamboo-tee#White,the-layered-cross-over-top#Black,random,0.3716945182631457
Kate,the-cross-over-blouse#Black,belle-cowl-swing-sweater#Green,hard,0.23017419218399612
Kate,the-cross-over-blouse#Black,fundamental-split-hoodie#Navy,semi-hard,0.35834071520346034
Kate,the-cross-over-blouse#Black,contrast-pocket-tunic#Pinkpocket,random,0.5884615384615385
Kate,the-cross-over-blouse#Blue,kimberly-spliced-top#Black,hard,0.2626041442217913
Kate,the-cross-over-blouse#Blue,the-ultimate-tie-cardi#Port,semi-hard,0.30658532643826764
Kate,the-cross-over-blouse#Blue,the-shoulder-tie-top#Black,random,0.4544790993320405
Kate,the-cross-over-blouse#Mint,reversible-scoopv-neck-tank#Navy,hard,0.2529181330651919
Kate,the-cross-over-blouse#Mint,2-in-1-layered-top-1#PinkWhite,semi-hard,0.31936483995307524
Kate,the-cross-over-blouse#Mint,the-cosy-cardigan#Blue,random,0.4276709401709402
Kate,the-cross-over-blouse#Red,cara-tee-2#Blush,hard,0.24277813689578398
Kate,the-cross-over-blouse#Red,janet-frill-shirt#White,semi-hard,0.2664046102771593
Kate,the-cross-over-blouse#Red,the-boat-neck-top-1#Ink,random,0.3962775423559737
Kate,the-cross-over-blouse#RoyalBlue,fundamental-vee-tee#White,hard,0.24687467579624445
Kate,the-cross-over-blouse#RoyalBlue,arya-frilled-blouse#Oyster,semi-hard,0.2767441164499988
Kate,the-cross-over-blouse#RoyalBlue,softly-falling-bamboo-tunic#White,random,0.3989448913468522
Kate,the-cross-over-blouse#Silver,falling-flowers-blouse#DustyPink,hard,0.2555546577605401
Kate,the-cross-over-blouse#Silver,longline-cardigan-2#Pink,semi-hard,0.2747803394862218
Kate,the-cross-over-blouse#Silver,relaxed-top-1#FloraStrip,random,0.4702991452991453
Kate,the-cross-over-blouse#Sunshine,manhattan-stretch-tee#NavyWhtStr,hard,0.24922390608665118
Kate,the-cross-over-blouse#Sunshine,wellington-tee#ClaySpot,semi-hard,0.33252461953442347
Kate,the-cross-over-blouse#Sunshine,clio-knit-jumper#InkWhite,random,0.45978157644824313
Kate,the-cross-over-blouse#White,curve-hem-cable-knit-sweater-1#Sapphire,hard,0.2598278627690392
Kate,the-cross-over-blouse#White,rory-spliced-zip-hoodie#Slate,semi-hard,0.28275964231846584
Kate,the-cross-over-blouse#White,the-shoulder-tie-top#White,random,0.4544790993320405
Kate,the-everyday-shirt#Black,overlay-tunic-3-pce-set#Emerald,hard,0.1950797840503723
Kate,the-everyday-shirt#Black,frill-me-tie-throw-on#WhiteBlk,semi-hard,0.291861338552515
Kate,the-everyday-shirt#Black,the-zip-front-blouse#Navy,random,0.5261316872427984
Kate,the-everyday-shirt#Cream,waterfall-cardi-1#Navy,hard,0.2603386083778241
Kate,the-everyday-shirt#Cream,print-shirt-1#Blush,semi-hard,0.33271864301276066
Kate,the-everyday-shirt#Cream,rising-mist-jumper#Nickel,random,0.6722222222222223
Kate,the-everyday-shirt#Midnight,the-longline-cardi-1#GreyMarle,hard,0.21689695108812757
Kate,the-everyday-shirt#Midnight,the-tie-sleeve-blouse#Grey,semi-hard,0.27809055958565765
Kate,the-everyday-shirt#Midnight,the-daily-essential-jumper#Grey,random,0.5125830959164293
Kate,the-everyday-shirt#Pink,manhattan-stretch-tee#Black,hard,0.24922390608665118
Kate,the-everyday-shirt#Pink,rika-top#BatikTile,semi-hard,0.29516048584676036
Kate,the-everyday-shirt#Pink,the-box-top#Blush,random,0.42714573008690654
Kate,the-everyday-shirt#Rose,layered-top-2#White,hard,0.25511364089795463
Kate,the-everyday-shirt#Rose,baobab-sweater#Bark,semi-hard,0.33792764969235556
Kate,the-everyday-shirt#Rose,relaxed-cape#Black,random,0.5502057613168724
Kate,the-sleeveless-cross-over-blouse#Black,meadow-cardigan#Cream,hard,0.20388914825189336
Kate,the-sleeveless-cross-over-blouse#Black,the-design-fold-tunic-top#PearlBlue,semi-hard,0.2756829227417463
Kate,the-sleeveless-cross-over-blouse#Black,ivy-cosy-pullover#Blossom,random,0.41483706018019745
Kate,the-sleeveless-cross-over-blouse#Chambray,clovis-shirt#NavyGold,hard,0.24453911194107272
Kate,the-sleeveless-cross-over-blouse#Chambray,nova-lux-long-sleeve-tie-top-1#CloudDance,semi-hard,0.2745806299727868
Kate,the-sleeveless-cross-over-blouse#Chambray,the-cross-over-top#NavyStripe,random,0.507344096232985
Kate,the-sleeveless-cross-over-blouse#Cobalt,fluid-tunic-top#White,hard,0.24382626269881172
Kate,the-sleeveless-cross-over-blouse#Cobalt,long-sleeve-softly-swinging-bamboo-tee#SilverScon,semi-hard,0.35818664360331026
Kate,the-sleeveless-cross-over-blouse#Cobalt,sugar-snaps-throw-jacket#Black,random,0.6130919960576824
Kate,the-sleeveless-cross-over-blouse#Mint,capri-tank-3#Black,hard,0.2488232899997606
Kate,the-sleeveless-cross-over-blouse#Mint,ruffle-sleeve-top-1#Black,semi-hard,0.3533228889846537
Kate,the-sleeveless-cross-over-blouse#Mint,stud-trim-long-sleeve-top#Mint,random,0.47827211368878036
Kate,the-sleeveless-cross-over-blouse#Salmon,aztec-cardigan#BlackIvory,hard,0.21638914825189334
Kate,the-sleeveless-cross-over-blouse#Salmon,long-sleeve-softly-swinging-bamboo-tee#SilverScon,semi-hard,0.35818664360331026
Kate,the-sleeveless-cross-over-blouse#Salmon,the-spotted-tunic#GreySpot,random,0.48217851955597046
Kate,the-sleeveless-cross-over-blouse#Sunshine,the-longline-cardi-1#GreyMarle,hard,0.21689695108812757
Kate,the-sleeveless-cross-over-blouse#Sunshine,mauevewood-crew#Charcoal,semi-hard,0.31870755424676994
Kate,the-sleeveless-cross-over-blouse#Sunshine,the-stitch-detail-top#Pink,random,0.45981534351632386
Kate,the-sleeveless-cross-over-blouse#White,layer-me-bamboo-rouched-sleeve-tee#Fern,hard,0.24129093945270416
Kate,the-sleeveless-cross-over-blouse#White,the-cotton-cardi#Navy,semi-hard,0.33482905982905986
Kate,the-sleeveless-cross-over-blouse#White,the-pirate-in-me-shirt#White,random,0.5229560698923444
Kate,the-wrap-jersey-top#Charcoal,layer-me-bamboo-rouched-sleeve-tee#Fern,hard,0.24129093945270416
Kate,the-wrap-jersey-top#Charcoal,the-ultimate-tie-cardi#Port,semi-hard,0.30658532643826764
Kate,the-wrap-jersey-top#Charcoal,jersey-split-back-hooded-top#NavyStrip,random,0.45780173892918996
Kate,the-wrap-jersey-top#JetBlack,robyn-top-1#Roanne,hard,0.24724317077258254
Kate,the-wrap-jersey-top#JetBlack,indi-crosover-front-blouse#MixedStrip,semi-hard,0.30050648939537833
Kate,the-wrap-jersey-top#JetBlack,stripe-me-happy-blouse#Ash,random,0.4530982905982906
Kate,the-wrap-jersey-top#NavyWhite,meadow-cardigan#Cream,hard,0.20388914825189336
Kate,the-wrap-jersey-top#NavyWhite,kimono-and-me-cardi#Sand,semi-hard,0.29879271509173466
Kate,the-wrap-jersey-top#NavyWhite,kimono-top-36#BlueMarle,random,0.42249634896693716
Kate,the-wrap-jersey-top#PortSpot,st-helens-henley-tee#White,hard,0.2342696337794377
Kate,the-wrap-jersey-top#PortSpot,great-scot-merino-carcoat#Twilight,semi-hard,0.2658573543377465
Kate,the-wrap-jersey-top#PortSpot,the-bell-sleeve-top#BlkStripe,random,0.5074074074074074
Katie,birds-tee-1#Navy,hannah-tee-1#RedWhite,hard,0.3968603232034973
Katie,birds-tee-1#Navy,lola-bell-sleeve-top-ditsy-daisies#Blue,semi-hard,0.5650203255782489
Katie,birds-tee-1#Navy,the-on-or-off-the-shoulder-top#FrenchNavy,random,0.8505885500267523
Katie,bodega-knit#Moss,millie-top#Blush,hard,0.41882255637262694
Katie,bodega-knit#Moss,ines-top#NavyStrip,semi-hard,0.45647801628438445
Katie,bodega-knit#Moss,the-cross-over-top#GreyStripe,random,0.7564787160225661
Katie,crushed-top#Blue,westward-top#BotanicalD,hard,0.41863507980719766
Katie,crushed-top#Blue,heartmade-sweater#Rust,semi-hard,0.534590382711266
Katie,crushed-top#Blue,the-layered-cross-over-top#Navy,random,0.6425567881116758
Katie,elcos-top#LightGrey,cara-tee-2#Blush,hard,0.34373904540506633
Katie,elcos-top#LightGrey,york-linen-blend-long-cardigan#BurntOrang,semi-hard,0.43253582066286655
Katie,elcos-top#LightGrey,relaxed-cape#Black,random,0.8044209990992505
Katie,fern-print-top#Navy,colourblock-cardi#NavyRed,hard,0.3373664946763483
Katie,fern-print-top#Navy,layer-me-bamboo-rouched-sleeve-tee#Black,semi-hard,0.43963024878089385
Katie,fern-print-top#Navy,meera-oversized-shirt#Mint,random,0.6772986617180408
Katie,foil-spot-tee-1#Navy,arlo-cardigan#Navy,hard,0.39030819520283716
Katie,foil-spot-tee-1#Navy,walk-in-the-park-cardi#Sand,semi-hard,0.5729219192428533
Katie,foil-spot-tee-1#Navy,long-sleeve-softly-swinging-bamboo-tee#Combat,random,0.6303937919470644
Katie,horizontal-cabel-pullover#EnglishRos,the-short-sleeve-wrap-jersey-top#Emerald,hard,0.3823127482466474
Katie,horizontal-cabel-pullover#EnglishRos,belle-half-sleeve-boat-tee#Black,semi-hard,0.5081712924929328
Katie,horizontal-cabel-pullover#EnglishRos,daylight-jumper#Silver,random,0.6237820379000475
Katie,lavaux-bell-sleeve#Mustard,layered-top-2#Navy,hard,0.3935762509539078
Katie,lavaux-bell-sleeve#Mustard,falling-flowers-blouse#DustyPink,semi-hard,0.4626569526058371
Katie,lavaux-bell-sleeve#Mustard,softly-swinging-bamboo-tee#Blush,random,0.6468876801819765
Katie,layered-stripe-top#PinkStripe,hannah-tee-1#Black,hard,0.3968603232034973
Katie,layered-stripe-top#PinkStripe,runaway-top#JetBlack,semi-hard,0.5559891268918777
Katie,layered-stripe-top#PinkStripe,fundamental-split-hoodie-1#Khaki,random,0.6877985297362821
Katie,long-sleeve-ruffle-shirt#Black,cara-tee-4#Black,hard,0.38349747883606766
Katie,long-sleeve-ruffle-shirt#Black,fundamental-sydney-crew#Navy,semi-hard,0.5369768652029694
Katie,long-sleeve-ruffle-shirt#Black,the-oversize-knit#Ink,random,0.8616584564860427
Katie,long-sleeve-ruffle-shirt#Navy,dream-girl-ruffle-jumper#SoftPink,hard,0.3146750750015217
Katie,long-sleeve-ruffle-shirt#Navy,tinker-stripe-knit#NavyWhite,semi-hard,0.4320314280745903
Katie,long-sleeve-ruffle-shirt#Navy,the-frill-detail-blouse#Chambray,random,0.710162655350956
Katie,long-sleeve-ruffle-shirt#White,manhattan-stretch-tee#NavyWhtStr,hard,0.3407106560343266
Katie,long-sleeve-ruffle-shirt#White,rose-shirt#BlueIllusi,semi-hard,0.48892776915090186
Katie,long-sleeve-ruffle-shirt#White,jersey-split-back-hooded-top#NavyStrip,random,0.751059794637255
Katie,longline-cardigan-2#Pink,holly-rib-long-sleeve-tee#WhiteGrey,hard,0.2595712198121689
Katie,longline-cardigan-2#Pink,diva-ruffle-jumper#Gold%20Spot,semi-hard,0.5150463744821514
Katie,longline-cardigan-2#Pink,the-cross-over-blouse#Sunshine,random,0.6632432763029767
Katie,marquax-tunic#OnyxSpeck,melbourne-stretch-cardigan#Navy,hard,0.41394582312236156
Katie,marquax-tunic#OnyxSpeck,heartmade-sweater#Rust,semi-hard,0.534590382711266
Katie,marquax-tunic#OnyxSpeck,print-tee-3#Boats,random,0.9166986149203259
Katie,messina-knit#Cognac,the-short-sleeve-wrap-jersey-top#Black,hard,0.3823127482466474
Katie,messina-knit#Cognac,capri-tank-3#Navy,semi-hard,0.4303381100996626
Katie,messina-knit#Cognac,the-cotton-bamboo-tank#White,random,0.6469787127296805
Katie,messina-knit-1#Shiraz,the-relax-blouse#White,hard,0.3644944753612501
Katie,messina-knit-1#Shiraz,foil-spot-jumper#SilverDot,semi-hard,0.5082181707139377
Katie,messina-knit-1#Shiraz,the-define-flute-sleeve-blouse#White,random,0.6195106901592744
Katie,ruffle-hem-jersey-top#Pink,manhattan-stretch-tee#Black,hard,0.3407106560343266
Katie,ruffle-hem-jersey-top#Pink,vivian-blouse#Check,semi-hard,0.4618889778452238
Katie,ruffle-hem-jersey-top#Pink,patchwork-tunic#Patchwork,random,0.6847409160061888
Katie,selene-cardigan#Ivy,34-sleeve-shirt-1#SkyWhite,hard,0.34216697704534316
Katie,selene-cardigan#Ivy,belle-half-sleeve-forgiver-tunic#White,semi-hard,0.5690400520692371
Katie,selene-cardigan#Ivy,the-curve-striped-tank#Marine,random,0.7299786050813777
Katie,sequin-heart-layered-top#Natural,arlo-cardigan#Navy,hard,0.39030819520283716
Katie,sequin-heart-layered-top#Natural,mauevewood-crew#YellowWhit,semi-hard,0.5536768251217726
Katie,sequin-heart-layered-top#Natural,felicity-cardigan#Dewkist,random,0.6785358726710885
Katie,sequin-star-tee#Navy,manhattan-stretch-tee#White,hard,0.3407106560343266
Katie,sequin-star-tee#Navy,ines-top#NavyStrip,semi-hard,0.45647801628438445
Katie,sequin-star-tee#Navy,the-cross-over-blouse#Mint,random,0.6632432763029767
Katie,silver-cross-sweater#Silver,everyday-linen-tunic#BotanicalB,hard,0.3303170198940165
Katie,silver-cross-sweater#Silver,the-long-sleeve-scoop-neck-tee#Black,semi-hard,0.5047208538587848
Katie,silver-cross-sweater#Silver,tab-sleeve-longline-shirt#Navy,random,0.772588647142664
Katie,sparkly-star-tee#Blue,millie-top#Moss,hard,0.41882255637262694
Katie,sparkly-star-tee#Blue,dot-to-dot-knit-1#GreyMarle,semi-hard,0.48133335207372613
Katie,sparkly-star-tee#Blue,the-stripe-crossover-blouse#Bluestripe,random,0.659688013136289
Katie,spliced-stripe-tunic#Navy,soho-v-neck-blouse#SohoPrint,hard,0.394916152722289
Katie,spliced-stripe-tunic#Navy,the-cosy-cardigan#Blue,semi-hard,0.5843596059113301
Katie,spliced-stripe-tunic#Navy,long-sleeve-softly-swinging-bamboo-tee#Copper,random,0.6303937919470644
Katie,spot-layered-tee#Blue,aztec-cardigan#BlackIvory,hard,0.36360542349873837
Katie,spot-layered-tee#Blue,kimberly-spliced-top#Black,semi-hard,0.4519606554895477
Katie,spot-layered-tee#Blue,crossing-the-plains-sweater-1#Indigo,random,0.650496274172625
Lara,curve-hem-cable-knit-sweater-1#Sapphire,millie-top#Blush,hard,0.4370410405688995
Lara,curve-hem-cable-knit-sweater-1#Sapphire,the-side-panel-drape-top#OffWhite,semi-hard,0.5201121430581715
Lara,curve-hem-cable-knit-sweater-1#Sapphire,beach-walk-shirt#Stormy,random,0.7595635513411704
Lara,pattern-tunic-1#Lattice,geena-xo-ls-pullover-knit#Allure,hard,0.38278454286921976
Lara,pattern-tunic-1#Lattice,verona-patchwork-top#Patchwork,semi-hard,0.47224430030546716
Lara,pattern-tunic-1#Lattice,spot-layered-tee#Blue,random,0.7130898663461159
Lara,striped-cardigan-3#Rainbow,fundamental-vee-tee#White,hard,0.4406316644609286
Lara,striped-cardigan-3#Rainbow,adventurous-hoody#Pink,semi-hard,0.5895635673119205
Lara,striped-cardigan-3#Rainbow,the-contrast-34-sleeve-top#Navy,random,0.8437500332723961
Laura,34-sleeve-shirt-1#SkyWhite,arlo-cardigan#Navy,hard,0.2188459006138052
Laura,34-sleeve-shirt-1#SkyWhite,paisley-top-1#Paisley,semi-hard,0.344965794986295
Laura,34-sleeve-shirt-1#SkyWhite,long-sleeve-softly-swinging-bamboo-tee#Cashew,random,0.4250364300750983
Laura,be-mine-top-1#Sage,multi-pattern-print-top#NavyMulti,hard,0.24614085261144353
Laura,be-mine-top-1#Sage,the-cotton-cardi#Khaki,semi-hard,0.34835263187335685
Laura,be-mine-top-1#Sage,paradise-top#Red,random,0.45170948852244724
Laura,belle-drape-tee#Black,rib-tank-2#Red,hard,0.27033456897258334
Laura,belle-drape-tee#Black,always-mine-v-neck-knit#Terracotta,semi-hard,0.3211728263041149
Laura,belle-drape-tee#Black,viola-kimono-radiant-floral#Grey,random,0.5423728813559322
Laura,belle-drape-tee#Sliver,nova-lux-solid-v-neck-placket-shirt#CloudDance,hard,0.261194376251051
Laura,belle-drape-tee#Sliver,elcos-45-aop-top-jrs#BlackZigZa,semi-hard,0.3150910629092205
Laura,belle-drape-tee#Sliver,lurex-stitch-top#White,random,0.44536141182377553
Laura,belle-half-sleeve-forgiver-tunic#Apricot,the-uneven-hem-knit-1#Sage,hard,0.1233715476810839
Laura,belle-half-sleeve-forgiver-tunic#Apricot,heartmade-sweater#Rust,semi-hard,0.37346356210149767
Laura,belle-half-sleeve-forgiver-tunic#Apricot,the-contrast-detail-top#Ivory,random,0.4486491021983554
Laura,belle-half-sleeve-forgiver-tunic#Black,rib-tank-2#Black,hard,0.27033456897258334
Laura,belle-half-sleeve-forgiver-tunic#Black,cotton-cashmere-v-neck-knit#Navy,semi-hard,0.33476989328152384
Laura,belle-half-sleeve-forgiver-tunic#Black,the-v-neck-stripe-top#BlkStripe,random,0.5647244749819509
Laura,belle-half-sleeve-forgiver-tunic#BlueBonnet,the-panel-luxe-top#SilvWhite,hard,0.21700020438069717
Laura,belle-half-sleeve-forgiver-tunic#BlueBonnet,rika-top#BatikTile,semi-hard,0.28439755611533707
Laura,belle-half-sleeve-forgiver-tunic#BlueBonnet,lavaux-bell-sleeve#Mustard,random,0.7736210521308077
Laura,belle-half-sleeve-forgiver-tunic#FlamPink,merino-boyfriend-cardigan#MelangeStr,hard,0.2317901146163538
Laura,belle-half-sleeve-forgiver-tunic#FlamPink,kimberly-spliced-top#Zebraprint,semi-hard,0.2786035435727787
Laura,belle-half-sleeve-forgiver-tunic#FlamPink,milan-34-sleeve-1#Melange,random,0.4299198695870654
Laura,belle-half-sleeve-forgiver-tunic#MutedClay,st-helens-henley-tee#Sapphire,hard,0.2670160894218929
Laura,belle-half-sleeve-forgiver-tunic#MutedClay,fundamental-sydney-crew#GreyMarle,semi-hard,0.34983740137042374
Laura,belle-half-sleeve-forgiver-tunic#MutedClay,viola-kimono-radiant-floral#Grey,random,0.5423728813559322
Laura,belle-half-sleeve-forgiver-tunic#White,cara-tee-4#Black,hard,0.2311349194354019
Laura,belle-half-sleeve-forgiver-tunic#White,the-asymmetrical-hem-sweater#Blush,semi-hard,0.3930677560073447
Laura,belle-half-sleeve-forgiver-tunic#White,the-luxe-cotton-tunic#White,random,0.46736680778509954
Laura,belle-lace-trim-tee#GreyMarle,leah-knit-cardigan#WhiteBlk,hard,0.19110369731229754
Laura,belle-lace-trim-tee#GreyMarle,natural-tie-tunic#BlueSky,semi-hard,0.27599827093600005
Laura,belle-lace-trim-tee#GreyMarle,sky-shirt#Clouds,random,0.5888988208515967
Laura,belle-off-the-shoulder-tee#Stripe,cable-knit-sweater#Camel,hard,0.25553780064743115
Laura,belle-off-the-shoulder-tee#Stripe,the-wrap-jersey-top-1#NavyStripe,semi-hard,0.2954542202784227
Laura,belle-off-the-shoulder-tee#Stripe,belle-tier-tee#Blue,random,0.5541775501864259
Laura,belle-two-in-one-top#Charcoal,nova-lux-long-sleeve-tie-top-1#SimplyGree,hard,0.26217119656891363
Laura,belle-two-in-one-top#Charcoal,the-stripe-jersey-top#Blue,semi-hard,0.34536321336202913
Laura,belle-two-in-one-top#Charcoal,tab-sleeve-longline-shirt#Pink,random,0.5429754646035772
Laura,belle-v-neck-forgiver-tunic#ArmyGreen,mila-knit-cardigan#StoneBlack,hard,0.21120771547587533
Laura,belle-v-neck-forgiver-tunic#ArmyGreen,natural-extra-fine-sweater#Snowgum,semi-hard,0.3881466239448275
Laura,belle-v-neck-forgiver-tunic#ArmyGreen,floating-by-you-blouse#SeaFleur,random,0.554727143170852
Laura,belle-v-neck-forgiver-tunic#Black,mila-knit-cardigan#Clay,hard,0.21120771547587533
Laura,belle-v-neck-forgiver-tunic#Black,the-soft-knit-jumper#NavyStripe,semi-hard,0.41047155563013926
Laura,belle-v-neck-forgiver-tunic#Black,pattern-tunic-1#Lattice,random,0.8149323535111395
Laura,belle-v-neck-forgiver-tunic#BlueMarle,geena-xo-ls-pullover-knit#Allure,hard,0.2672298544205759
Laura,belle-v-neck-forgiver-tunic#BlueMarle,the-design-fold-tunic-top#PearlBlue,semi-hard,0.3263773549856173
Laura,belle-v-neck-forgiver-tunic#BlueMarle,lavaux-bell-sleeve#Mustard,random,0.7736210521308077
Laura,belle-v-neck-forgiver-tunic#Charcoal,ally-long-sleeve-tee#CosmosPr,hard,0.25505130621359967
Laura,belle-v-neck-forgiver-tunic#Charcoal,belle-square-neck-drape-tee#Vanilla,semi-hard,0.3967693972015858
Laura,belle-v-neck-forgiver-tunic#Charcoal,the-relaxed-batwing-top#Denim%20Blue,random,0.6271636034187926
Laura,belle-v-neck-forgiver-tunic#DenimMarl,reversible-scoopv-neck-tank#Navy,hard,0.2621271692852462
Laura,belle-v-neck-forgiver-tunic#DenimMarl,verona-patchwork-top#Patchwork,semi-hard,0.27951878897778315
Laura,belle-v-neck-forgiver-tunic#DenimMarl,woolly-spotted-hoodie#Navy,random,0.4417269098582347
Laura,belle-v-neck-forgiver-tunic#Navy,reversible-scoopv-neck-tank#White,hard,0.2621271692852462
Laura,belle-v-neck-forgiver-tunic#Navy,long-sleeve-softly-swinging-bamboo-tee#BlueJeans,semi-hard,0.4250364300750983
Laura,belle-v-neck-forgiver-tunic#Navy,long-sleeve-ruffle-shirt#White,random,0.4377896545396659
Laura,belle-v-neck-forgiver-tunic#Scarlett,pure-merino-fine-rib-polo#BlackStri,hard,0.22910955088772567
Laura,belle-v-neck-forgiver-tunic#Scarlett,arizona-off-the-shoulder-top#Khaki,semi-hard,0.28940579462750066
Laura,belle-v-neck-forgiver-tunic#Scarlett,the-blouson-sleeve-jumper#Navy,random,0.48417401954289985
Laura,belle-v-neck-forgiver-tunic#Tobacco,nova-lux-solid-v-neck-placket-shirt#CloudDance,hard,0.261194376251051
Laura,belle-v-neck-forgiver-tunic#Tobacco,in-transit-cardi#Navy,semi-hard,0.41548080875433957
Laura,belle-v-neck-forgiver-tunic#Tobacco,the-contrast-knit-1#Sage,random,0.46140316529422787
Laura,belle-v-neck-forgiver-tunic#White,rib-tank-2#White,hard,0.27033456897258334
Laura,belle-v-neck-forgiver-tunic#White,spiced-stripe-tee#NavyWhite,semi-hard,0.33246309543040475
Laura,belle-v-neck-forgiver-tunic#White,softly-falling-bamboo-tunic#White,random,0.4693451791592992
Laura,butterfly-kisses-tee#Green,holly-rib-long-sleeve-tee#WhiteGrey,hard,0.2632622690808353
Laura,butterfly-kisses-tee#Green,in-transit-cardi#Navy,semi-hard,0.41548080875433957
Laura,butterfly-kisses-tee#Green,belle-nautical-applique-tee#BlueStripe,random,0.46459840272963243
Laura,butterfly-kisses-tee#MustardStr,the-panel-luxe-top#SilvWhite,hard,0.21700020438069717
Laura,butterfly-kisses-tee#MustardStr,foil-spot-jumper#SilverDot,semi-hard,0.32591771968262884
Laura,butterfly-kisses-tee#MustardStr,the-boat-neck-top#Navy,random,0.45213835127291235
Laura,butterfly-kisses-tee#Stripe,hayley-button-down#NavySparro,hard,0.22738083082404298
Laura,butterfly-kisses-tee#Stripe,napoleon-top-1#NemoRed,semi-hard,0.2819080386741768
Laura,butterfly-kisses-tee#Stripe,half-sleeve-fluffy-knit#Ivory,random,0.46180648790949774
Laura,celestial-woven-top#White,cyrus-top#LightRose,hard,0.261194376251051
Laura,celestial-woven-top#White,natural-extra-fine-sweater#Snowgum,semi-hard,0.3881466239448275
Laura,celestial-woven-top#White,crosses-jumper#xmyheart,random,0.4264225408759789
Laura,cross-my-heart-sweater#Regal,cara-tee-2#WhiteBlk,hard,0.2098054253389857
Laura,cross-my-heart-sweater#Regal,paisley-top-1#Paisley,semi-hard,0.344965794986295
Laura,cross-my-heart-sweater#Regal,the-twist-front-top#Grey,random,0.5904749707798612
Laura,crossing-the-plains-sweater-1#Indigo,shirt-in-a-box#Silver,hard,0.2508173129876036
Laura,crossing-the-plains-sweater-1#Indigo,mauevewood-crew#Charcoal,semi-hard,0.3641917025454119
Laura,crossing-the-plains-sweater-1#Indigo,softly-falling-bamboo-tunic#White,random,0.4693451791592992
Laura,delicado-top#White,mila-knit-cardigan#Black,hard,0.21120771547587533
Laura,delicado-top#White,agra-shirt#White,semi-hard,0.3691630745273332
Laura,delicado-top#White,makeover-blouse#LimeGreen,random,0.6271186440677966
Laura,dusk-top#DuskPrint,cable-knit-sweater#Camel,hard,0.25553780064743115
Laura,dusk-top#DuskPrint,wellington-tee#Black,semi-hard,0.39278428142946853
Laura,dusk-top#DuskPrint,abigail-stripe-shirt#BlackStrip,random,0.4787093397493684
Laura,everyday-linen-tunic#BotanicalB,monaco-knot-top#Black,hard,0.25514444759856947
Laura,everyday-linen-tunic#BotanicalB,circles-knit#Plum,semi-hard,0.2997563782364714
Laura,everyday-linen-tunic#BotanicalB,patchwork-tunic#Patchwork,random,0.48932667575410527
Laura,falling-for-you-cardi#Black,pocket-shirt-1#Ivory,hard,0.26670132237447775
Laura,falling-for-you-cardi#Black,belle-half-sleeve-boat-tee#White,semi-hard,0.3275155358770806
Laura,falling-for-you-cardi#Black,the-printed-v-neck-tee#White,random,0.5477009565363317
Laura,falling-for-you-cardi#Dusty,layer-me-bamboo-rouched-sleeve-tee#Fern,hard,0.26908308629765826
Laura,falling-for-you-cardi#Dusty,sunshine-in-me-tee-1#GreyMarle,semi-hard,0.422498182021592
Laura,falling-for-you-cardi#Dusty,bora-bora-layered-tank#BoraBora,random,0.5151225894847231
Laura,falling-for-you-cardi#GreyMarle,eco-78-long-cardigan#LightGreyM,hard,0.21906782894018012
Laura,falling-for-you-cardi#GreyMarle,coogee-shirt#White,semi-hard,0.2970315189538746
Laura,falling-for-you-cardi#GreyMarle,summer-whispers-kimono-1#Peacock,random,0.7278925564236416
Laura,falling-for-you-cardi#Khaki,cotton-modal-print-top#PinkNavy,hard,0.26783489853233033
Laura,falling-for-you-cardi#Khaki,the-sleeve-detail-knit#Ivory,semi-hard,0.41841374146335236
Laura,falling-for-you-cardi#Khaki,the-colour-block-pullover#Sage,random,0.4394473345639649
Laura,falling-for-you-cardi#Mustard,renee-sweater#Sapphire,hard,0.268966435148021
Laura,falling-for-you-cardi#Mustard,karmen-top#HighRiskRe,semi-hard,0.3499247783832799
Laura,falling-for-you-cardi#Mustard,patchwork-tunic#Patchwork,random,0.48932667575410527
Laura,falling-for-you-cardi#Navy,fundamental-vee-tee#White,hard,0.2529973978331078
Laura,falling-for-you-cardi#Navy,geneva-v-neck-top#ClaySpot,semi-hard,0.37892003786821027
Laura,falling-for-you-cardi#Navy,the-bell-sleeve-top#BlkStripe,random,0.5541048529473821
Laura,falling-for-you-cardi#Port,wonderland-blouse#Ink,hard,0.25167669626142086
Laura,falling-for-you-cardi#Port,great-scot-merino-carcoat#Twilight,semi-hard,0.29128180196528497
Laura,falling-for-you-cardi#Port,relaxed-cape#WhiteBlack,random,0.5986335475652829
Laura,falling-for-you-cardi#Rust,pulkari-emb-top#Pulkari,hard,0.23983950309626575
Laura,falling-for-you-cardi#Rust,the-frill-wrap-blouse#Spot,semi-hard,0.3109195577469158
Laura,falling-for-you-cardi#Rust,marquax-tunic#OnyxSpeck,random,0.4365792292585991
Laura,falling-for-you-cardi#Teal,tinker-stripe-knit#NavyWhite,hard,0.26218518101820604
Laura,falling-for-you-cardi#Teal,the-relaxed-long-sleeve-tee-1#Ink%20Stripe,semi-hard,0.35712067521791324
Laura,falling-for-you-cardi#Teal,long-sleeve-ruffle-shirt#Navy,random,0.4377896545396659
Laura,flow-with-me-slouch-top#Brick,tinker-stripe-knit#NavyWhite,hard,0.26218518101820604
Laura,flow-with-me-slouch-top#Brick,soho-v-neck-blouse#SohoPrint,semi-hard,0.31392340839793165
Laura,flow-with-me-slouch-top#Brick,the-cross-over-top#NavyStripe,random,0.5546809141217423
Laura,flying-free-top-3#WhiteBird,ynes#Black,hard,0.25044327883979345
Laura,flying-free-top-3#WhiteBird,the-cotton-cardi#Navy,semi-hard,0.34835263187335685
Laura,flying-free-top-3#WhiteBird,the-contrast-panel-top#SageStripe,random,0.4373496671701068
Laura,foil-print-top-2#Navy,eco-78-long-cardigan#DarkGreyM,hard,0.21906782894018012
Laura,foil-print-top-2#Navy,fundamental-rib-long-sleeve-tee#White,semi-hard,0.31172499289496425
Laura,foil-print-top-2#Navy,the-bonded-cotton-tunic-dress#Navy,random,0.4967651296401786
Laura,foil-spot-tee-1#Navy,reversible-scoopv-neck-tank#Black,hard,0.2621271692852462
Laura,foil-spot-tee-1#Navy,luxe-shirt#Navy,semi-hard,0.3339481263190472
Laura,foil-spot-tee-1#Navy,weekend-vibes-blouse#Blush,random,0.5560467338283429
Laura,forget-me-knot-tunic#ForgetMeK,york-linen-blend-long-cardigan#BurntOrang,hard,0.2520393461182429
Laura,forget-me-knot-tunic#ForgetMeK,wellington-tee#Olive,semi-hard,0.39278428142946853
Laura,forget-me-knot-tunic#ForgetMeK,long-sleeve-softly-swinging-bamboo-tee#Cashew,random,0.4250364300750983
Laura,frill-me-tie-throw-on#WhiteBlk,geena-xo-ls-pullover-knit#Allure,hard,0.2672298544205759
Laura,frill-me-tie-throw-on#WhiteBlk,great-scot-merino-carcoat#Twilight,semi-hard,0.29128180196528497
Laura,frill-me-tie-throw-on#WhiteBlk,falling-flowers-cardi#GreyMarle,random,0.45503780637053093
Laura,germaine-blouse#Pearl,holly-rib-long-sleeve-tee#Black,hard,0.2632622690808353
Laura,germaine-blouse#Pearl,2-in-1-layered-top-1#NavyWhite,semi-hard,0.37266631779604387
Laura,germaine-blouse#Pearl,tab-sleeve-longline-shirt#Navy,random,0.5429754646035772
Laura,hannah-tee-1#Black,aztec-cardigan#BlackIvory,hard,0.21676559684322622
Laura,hannah-tee-1#Black,emerald-knit#Emerald,semi-hard,0.2908357716352225
Laura,hannah-tee-1#Black,haze-swing-top#OffWhite,random,0.5532930188647768
Laura,hannah-tee-1#RedWhite,natural-cropped-sleeve-knit#Cloudcover,hard,0.25754877087582034
Laura,hannah-tee-1#RedWhite,wildflower-shirt#White,semi-hard,0.27412582677811415
Laura,hannah-tee-1#RedWhite,the-reverse-sleeve-sweater#Navy,random,0.47837096376899063
Laura,high-neck-tie-top#Black,overlay-tunic-3-pce-set#Emerald,hard,0.1813782660499036
Laura,high-neck-tie-top#Black,wellington-tee#ClaySpot,semi-hard,0.39278428142946853
Laura,high-neck-tie-top#Black,never-ending-winter-knit-top#DeluxeGree,random,0.612068126431308
Laura,high-street-knit#NavyStripe,mila-knit-cardigan#InkWhite,hard,0.21120771547587533
Laura,high-street-knit#NavyStripe,star-and-spot-sweater#SilverMult,semi-hard,0.3657621431313682
Laura,high-street-knit#NavyStripe,crosses-jumper#xmyheart,random,0.4264225408759789
Laura,jade-kimono-kaleidoscope#Blue,the-longline-cardi-1#Nude,hard,0.23978794016862395
Laura,jade-kimono-kaleidoscope#Blue,heartmade-sweater#Rust,semi-hard,0.37346356210149767
Laura,jade-kimono-kaleidoscope#Blue,messina-knit#Cognac,random,0.5734096881513208
Laura,jade-kimono-sweet-blossoms#Blue,geena-xo-ls-pullover-knit#WhiteCapGr,hard,0.2672298544205759
Laura,jade-kimono-sweet-blossoms#Blue,bamboo-layer-tank#Chalk,semi-hard,0.3155040581592404
Laura,jade-kimono-sweet-blossoms#Blue,the-printed-v-split-top#Natural,random,0.5202832020886232
Laura,layer-top-1#Navy,fundamental-vee-tee#White,hard,0.2529973978331078
Laura,layer-top-1#Navy,heartmade-cardi#DustyRose,semi-hard,0.32101043334843626
Laura,layer-top-1#Navy,rama-top#Stonewash,random,0.584829999586451
Laura,layered-tee-2#Black,roll-neck-jumper-3#GreyMarl,hard,0.251732558392608
Laura,layered-tee-2#Black,the-wrap-jersey-top-1#NavyStripe,semi-hard,0.2954542202784227
Laura,layered-tee-2#Black,relaxed-animal-print-blouse#Leopard,random,0.4882552408575247
Laura,layered-tee-2#White,ricki-one-shoulder-top#BlackWhite,hard,0.2452767608499034
Laura,layered-tee-2#White,the-cotton-blend-stripe-jumper#BlueStripe,semi-hard,0.39917212060189067
Laura,layered-tee-2#White,abigail-stripe-shirt#BlackStrip,random,0.4787093397493684
Laura,layla-long-line-kimono#MultiStrip,cotton-modal-print-top#PinkNavy,hard,0.26783489853233033
Laura,layla-long-line-kimono#MultiStrip,kimono-and-me-cardi#DustyPink,semi-hard,0.3607694694557203
Laura,layla-long-line-kimono#MultiStrip,felicity-cardigan#Dewkist,random,0.49552301349671096
Laura,lola-bell-sleeve-top-ditsy-daisies#Blue,pure-merino-fine-rib-polo#BlackStri,hard,0.22910955088772567
Laura,lola-bell-sleeve-top-ditsy-daisies#Blue,in-transit-cardi#Navy,semi-hard,0.41548080875433957
Laura,lola-bell-sleeve-top-ditsy-daisies#Blue,natural-waterfall-cardigan#Fallendust,random,0.536723163841808
Laura,long-sleeve-layer-top#Navy,st-helens-henley-tee#White,hard,0.2670160894218929
Laura,long-sleeve-layer-top#Navy,heartmade-sweater#Rust,semi-hard,0.37346356210149767
Laura,long-sleeve-layer-top#Navy,the-frill-detail-blouse#Chambray,random,0.4939498632660668
Laura,long-sleeve-layer-top#White,cara-tee-4#BlackWhite,hard,0.2311349194354019
Laura,long-sleeve-layer-top#White,luxe-shirt#Black,semi-hard,0.3339481263190472
Laura,long-sleeve-layer-top#White,ivy-cosy-pullover#Blossom,random,0.4791540803183672
Laura,long-sleeve-tee-2#NavyWhite,multi-pattern-print-top#NavyMulti,hard,0.24614085261144353
Laura,long-sleeve-tee-2#NavyWhite,dahlia-lace-trim-blouse#Dusk,semi-hard,0.2788671569767296
Laura,long-sleeve-tee-2#NavyWhite,longline-gather-back-shirt#Black,random,0.5223635557299633
Laura,manhattan-stretch-tee#Black,fundamental-vee-tee#Pink,hard,0.2529973978331078
Laura,manhattan-stretch-tee#Black,spliced-stripe-tunic#Navy,semi-hard,0.2793007264952362
Laura,manhattan-stretch-tee#Black,for-the-frill-top#Ivory,random,0.5062303094757941
Laura,manhattan-stretch-tee#Navy,bella-ls-tee#GreenWhite,hard,0.24940132042917418
Laura,manhattan-stretch-tee#Navy,jewel-knit#GreyMarle,semi-hard,0.3626176987795572
Laura,manhattan-stretch-tee#Navy,the-oversize-knit#GreyMarle,random,0.6848744196453544
Laura,manhattan-stretch-tee#NavyWhtStr,fundamental-vee-tee#Pink,hard,0.2529973978331078
Laura,manhattan-stretch-tee#NavyWhtStr,cotton-stripe-cardi-with-pockets#White,semi-hard,0.40076296348819185
Laura,manhattan-stretch-tee#NavyWhtStr,the-relaxed-batwing-top#PeachRose,random,0.6271636034187926
Laura,manhattan-stretch-tee#White,the-panel-luxe-top#SilvWhite,hard,0.21700020438069717
Laura,manhattan-stretch-tee#White,the-twist-hem-jumper#DenimMarle,semi-hard,0.3928314580230398
Laura,manhattan-stretch-tee#White,woolly-spotted-hoodie#Navy,random,0.4417269098582347
Laura,maui-stretch-tee#Black,mila-knit-cardigan#InkWhite,hard,0.21120771547587533
Laura,maui-stretch-tee#Black,lilly-layer-stripe-tank#NavyWhite,semi-hard,0.2948918982121394
Laura,maui-stretch-tee#Black,the-stitch-detail-top#Pink,random,0.5297283493553988
Laura,maui-stretch-tee#Navy,leah-knit-cardigan#Black,hard,0.19110369731229754
Laura,maui-stretch-tee#Navy,the-zip-detail-jacket#Grey,semi-hard,0.3624489567600828
Laura,maui-stretch-tee#Navy,tab-sleeve-longline-shirt#Pink,random,0.5429754646035772
Laura,maui-stretch-tee#NavyWhtStr,millie-top#Moss,hard,0.2515745471851828
Laura,maui-stretch-tee#NavyWhtStr,natural-tie-tunic#BlueSky,semi-hard,0.27599827093600005
Laura,maui-stretch-tee#NavyWhtStr,the-contrast-knit-1#Navy,random,0.46140316529422787
Laura,maui-stretch-tee#White,fundamental-vee-tee#Navy,hard,0.2529973978331078
Laura,maui-stretch-tee#White,emerald-knit#Emerald,semi-hard,0.2908357716352225
Laura,maui-stretch-tee#White,belle-ls-free-fall-tee#Greenland,random,0.5306803890640258
Laura,meera-oversized-shirt#Mint,nova-lux-long-sleeve-tie-top-1#SimplyGree,hard,0.26217119656891363
Laura,meera-oversized-shirt#Mint,linen-cotton-shirt#White,semi-hard,0.3786808645765741
Laura,meera-oversized-shirt#Mint,long-sleeve-softly-swinging-bamboo-tee#Fern,random,0.4250364300750983
Laura,melbourne-stretch-cardigan#Black,millie-top#WhiteBlk,hard,0.2515745471851828
Laura,melbourne-stretch-cardigan#Black,ruffle-hem-jersey-top#Pink,semi-hard,0.33997483583302096
Laura,melbourne-stretch-cardigan#Black,the-daily-cross-over-top#SkyBlue,random,0.470576718688818
Laura,melbourne-stretch-cardigan#Navy,rib-tank-2#White,hard,0.27033456897258334
Laura,melbourne-stretch-cardigan#Navy,natural-rolled-neck-tunic#BlueDam,semi-hard,0.32342153904920035
Laura,melbourne-stretch-cardigan#Navy,the-swing-tank-top#Rose,random,0.5583558240147924
Laura,melbourne-stretch-cardigan#NavyWhtStr,birds-tee-1#Navy,hard,0.256888655113104
Laura,melbourne-stretch-cardigan#NavyWhtStr,border-stripe-knit#WhitePink,semi-hard,0.2941066607223471
Laura,melbourne-stretch-cardigan#NavyWhtStr,2-in-1-layered-knit-top#Khaki,random,0.426344669115548
Laura,messina-v-neck-tee#Black,capri-tank-3#Black,hard,0.2667860820322155
Laura,messina-v-neck-tee#Black,art-deco-print-top#NavyWhite,semi-hard,0.30851886701004716
Laura,messina-v-neck-tee#Black,sand-queen-throw-blouse#Fleur,random,0.5495841957077063
Laura,messina-v-neck-tee#White,sequin-spot-cardi#Grey,hard,0.25061856940610816
Laura,messina-v-neck-tee#White,geneva-v-neck-top#ClaySpot,semi-hard,0.37892003786821027
Laura,messina-v-neck-tee#White,the-linen-tie-sleeve-top#GreyMarle,random,0.5085429456453278
Laura,milan-stretch-top#Black,cara-tee-3#ZebraPrint,hard,0.232547348813933
Laura,milan-stretch-top#Black,amira-sweater#Cream,semi-hard,0.2961358951138513
Laura,milan-stretch-top#Black,selene-cardigan#Ivy,random,0.6919974019878582
Laura,milan-stretch-top#Navy,daylight-cardi#Silver,hard,0.2588330954532421
Laura,milan-stretch-top#Navy,side-buttoned-sweater#Buttoned,semi-hard,0.3616658275997091
Laura,milan-stretch-top#Navy,the-fleck-roll-neck-knit#Oatmeal,random,0.5250321642333725
Laura,milan-stretch-top#NavyWhtStr,cara-tee-4#BlackWhite,hard,0.2311349194354019
Laura,milan-stretch-top#NavyWhtStr,tia-boyfriend-shirt#White,semi-hard,0.3083889485182688
Laura,milan-stretch-top#NavyWhtStr,fundamental-split-hoodie-1#Khaki,random,0.4768958755050807
Laura,milan-stretch-top#SilverMarl,layer-me-bamboo-rouched-sleeve-tee#Fern,hard,0.26908308629765826
Laura,milan-stretch-top#SilverMarl,the-cross-over-poncho#Grey,semi-hard,0.29476643885427833
Laura,milan-stretch-top#SilverMarl,the-bonded-cotton-tunic-dress#Navy,random,0.4967651296401786
Laura,milan-stretch-top#White,pure-merino-fine-rib-v-neck#Charcoal,hard,0.09000339286265074
Laura,milan-stretch-top#White,falling-flowers-blouse#DustyPink,semi-hard,0.28837096257667816
Laura,milan-stretch-top#White,crosses-jumper#xmyheart,random,0.4264225408759789
Laura,nuzuri-longline-cardi#Forest,nova-lux-long-sleeve-tie-top-1#SimplyGree,hard,0.26217119656891363
Laura,nuzuri-longline-cardi#Forest,emerald-knit#Emerald,semi-hard,0.2908357716352225
Laura,nuzuri-longline-cardi#Forest,the-cosy-cardigan#Grey,random,0.44381048274318957
Laura,on-safari-blouse#Jewel,st-helens-henley-tee#White,hard,0.2670160894218929
Laura,on-safari-blouse#Jewel,star-and-spot-sweater#SilverMult,semi-hard,0.3657621431313682
Laura,on-safari-blouse#Jewel,the-bonded-cotton-shirt#Pink,random,0.5326222687985324
Laura,overlay-top-2#Black,geena-xo-ls-pullover-knit#Allure,hard,0.2672298544205759
Laura,overlay-top-2#Black,lucy-rib-oversized-top#WhiteGrey,semi-hard,0.3317254484041783
Laura,overlay-top-2#Black,the-shoulder-tie-top#Navy,random,0.5243764789432164
Laura,peasant-top-3#Denim,double-layered-top-1#WBlack,hard,0.252723363159763
Laura,peasant-top-3#Denim,belle-petal-print-top#Petal,semi-hard,0.3951839523952562
Laura,peasant-top-3#Denim,tuck-layer-shirt#White,random,0.6925290655738188
Laura,ponte-spot-top#BlackWhite,the-longline-cardi-1#GreyMarle,hard,0.23978794016862395
Laura,ponte-spot-top#BlackWhite,bird-print-jumper#Navy,semi-hard,0.3264253593191778
Laura,ponte-spot-top#BlackWhite,the-stitch-v-neck-knit#PinkMarle,random,0.5432173504060369
Laura,printed-v-neck-top#Striped,belle-cowl-swing-sweater#Green,hard,0.24727924731662976
Laura,printed-v-neck-top#Striped,freya-fringe-blouse#Navy,semi-hard,0.29434026568555127
Laura,printed-v-neck-top#Striped,je-taime-knit#Navy,random,0.4417269098582347
Laura,rory-spliced-zip-hoodie#Silver,cara-tee-2#WhiteBlk,hard,0.2098054253389857
Laura,rory-spliced-zip-hoodie#Silver,cooks-shirt#Stripes,semi-hard,0.2905685950513732
Laura,rory-spliced-zip-hoodie#Silver,the-twist-front-top#Grey,random,0.5904749707798612
Laura,rory-spliced-zip-hoodie#Slate,natural-classic-cardigan#Pebble,hard,0.1696248351272637
Laura,rory-spliced-zip-hoodie#Slate,paige-top#Black,semi-hard,0.36471075742721465
Laura,rory-spliced-zip-hoodie#Slate,longline-gather-back-shirt#Black,random,0.5223635557299633
Laura,ruffle-top-4#Black,layer-me-bamboo-rouched-sleeve-tee#Fern,hard,0.26908308629765826
Laura,ruffle-top-4#Black,ember-knit#EmberGlow,semi-hard,0.3473761554917778
Laura,ruffle-top-4#Black,on-the-horizon-swing-top-1#Khaki,random,0.6664673120250406
Laura,ruffle-top-4#Terracotta,double-layered-top-1#WSilver,hard,0.252723363159763
Laura,ruffle-top-4#Terracotta,belle-square-neck-drape-tee#Vanilla,semi-hard,0.3967693972015858
Laura,ruffle-top-4#Terracotta,partly-cloudy-knit#PawPaw,random,0.5679565726420992
Laura,runaway-top#JetBlack,monaco-knot-top#Black,hard,0.25514444759856947
Laura,runaway-top#JetBlack,cooks-shirt#Stripes,semi-hard,0.2905685950513732
Laura,runaway-top#JetBlack,contrast-stripe-sweater#Pockets,random,0.5232892206846803
Laura,runaway-top#Sand,gloria-applique-crew#Charcoal,hard,0.25412180808900164
Laura,runaway-top#Sand,art-deco-print-top#NavyWhite,semi-hard,0.30851886701004716
Laura,runaway-top#Sand,tuck-layer-shirt#White,random,0.6925290655738188
Laura,runaway-top#SoftMint,arlo-cardigan#Navy,hard,0.2188459006138052
Laura,runaway-top#SoftMint,monaco-sweater#BlackCream,semi-hard,0.3510706686065406
Laura,runaway-top#SoftMint,the-frill-detail-blouse#Chambray,random,0.4939498632660668
Laura,runaway-top#SoftPink,holly-rib-long-sleeve-tee#Khaki,hard,0.2632622690808353
Laura,runaway-top#SoftPink,monaco-sweater#BlackCream,semi-hard,0.3510706686065406
Laura,runaway-top#SoftPink,the-curve-striped-tank#Marine,random,0.5080835413528764
Laura,saba-top-2#Catus,bella-ls-tee#GreenWhite,hard,0.24940132042917418
Laura,saba-top-2#Catus,sequin-cross-2-in-1-top#Navy,semi-hard,0.2878124203701519
Laura,saba-top-2#Catus,pattern-tunic-1#Lattice,random,0.8149323535111395
Laura,shell-top-3#PapBlue,rib-tank-2#Red,hard,0.27033456897258334
Laura,shell-top-3#PapBlue,wellington-tee#ClaySpot,semi-hard,0.39278428142946853
Laura,shell-top-3#PapBlue,fundamental-split-hoodie-1#Khaki,random,0.4768958755050807
Laura,soft-and-true-tunic#Pine,monaco-knot-top#Black,hard,0.25514444759856947
Laura,soft-and-true-tunic#Pine,block-sweater#Block,semi-hard,0.29451784686751503
Laura,soft-and-true-tunic#Pine,the-box-top#Khaki,random,0.4876035045291318
Laura,softly-swinging-bamboo-singlet#BlueJean,fundamental-vee-tee#Navy,hard,0.2529973978331078
Laura,softly-swinging-bamboo-singlet#BlueJean,fundamental-stripe-long-sleeve-tee#WhiteBlack,semi-hard,0.280948765985505
Laura,softly-swinging-bamboo-singlet#BlueJean,sontana-blouse#Stone,random,0.43062038181274837
Laura,softly-swinging-bamboo-singlet#Cashew,geena-xo-ls-pullover-knit#WhiteCapGr,hard,0.2672298544205759
Laura,softly-swinging-bamboo-singlet#Cashew,still-the-one-ruffle-blouse#Spot,semi-hard,0.3248549187332216
Laura,softly-swinging-bamboo-singlet#Cashew,the-belle-sleeve-print-top#NavyPrint,random,0.5760967488363465
Laura,softly-swinging-bamboo-tee#Black,fundamental-vee-tee#Black,hard,0.2529973978331078
Laura,softly-swinging-bamboo-tee#Black,heartmade-cardi#DustyRose,semi-hard,0.32101043334843626
Laura,softly-swinging-bamboo-tee#Black,long-sleeve-softly-swinging-bamboo-tee#Smoke,random,0.4250364300750983
Laura,softly-swinging-bamboo-tee#BlueJeans,the-panel-luxe-top#SilvWhite,hard,0.21700020438069717
Laura,softly-swinging-bamboo-tee#BlueJeans,the-cotton-blend-stripe-jumper#BlueStripe,semi-hard,0.39917212060189067
Laura,softly-swinging-bamboo-tee#BlueJeans,the-belle-sleeve-print-top#NavyPrint,random,0.5760967488363465
Laura,softly-swinging-bamboo-tee#Blush,cara-tee-4#White,hard,0.2311349194354019
Laura,softly-swinging-bamboo-tee#Blush,soho-ruffle-jumper#OatmealMar,semi-hard,0.33925477082961364
Laura,softly-swinging-bamboo-tee#Blush,the-fleck-roll-neck-knit#Oatmeal,random,0.5250321642333725
Laura,softly-swinging-bamboo-tee#Cashew,cyrus-top#LightRose,hard,0.261194376251051
Laura,softly-swinging-bamboo-tee#Cashew,kimono-and-me-cardi#DustyPink,semi-hard,0.3607694694557203
Laura,softly-swinging-bamboo-tee#Cashew,tab-sleeve-longline-shirt#Navy,random,0.5429754646035772
Laura,softly-swinging-bamboo-tee#Chambray,bella-ls-tee#GreenWhite,hard,0.24940132042917418
Laura,softly-swinging-bamboo-tee#Chambray,first-mix-top-1#BlackWhite,semi-hard,0.35521826045227184
Laura,softly-swinging-bamboo-tee#Chambray,billow-top#Black,random,0.6600232450025163
Laura,softly-swinging-bamboo-tee#Copper,mila-knit-cardigan#Clay,hard,0.21120771547587533
Laura,softly-swinging-bamboo-tee#Copper,geneva-v-neck-top#Olive,semi-hard,0.37892003786821027
Laura,softly-swinging-bamboo-tee#Copper,patchwork-tunic#Patchwork,random,0.48932667575410527
Laura,softly-swinging-bamboo-tee#Jewel,birds-tee-1#Navy,hard,0.256888655113104
Laura,softly-swinging-bamboo-tee#Jewel,frill-blouse#Rust,semi-hard,0.33443072051542233
Laura,softly-swinging-bamboo-tee#Jewel,falling-for-you-top#Blue,random,0.5291871724918329
Laura,softly-swinging-bamboo-tee#Navy,back-to-you-top#Rust,hard,0.2563545702157066
Laura,softly-swinging-bamboo-tee#Navy,to-the-beat-of-the-drum-kimono#Leaf,semi-hard,0.38060338585735654
Laura,softly-swinging-bamboo-tee#Navy,the-bonded-cotton-tunic-dress#Navy,random,0.4967651296401786
Laura,softly-swinging-bamboo-tee#Starfish,cara-tee-2#BlackSpot,hard,0.2098054253389857
Laura,softly-swinging-bamboo-tee#Starfish,verona-patchwork-top#Patchwork,semi-hard,0.27951878897778315
Laura,softly-swinging-bamboo-tee#Starfish,sugar-snaps-throw-jacket#Duckegg,random,0.6363950940268146
Laura,softly-swinging-bamboo-tee#Storm,st-helens-henley-tee#White,hard,0.2670160894218929
Laura,softly-swinging-bamboo-tee#Storm,ava-short-sleeve-linen-tee#Navy,semi-hard,0.3187783659730242
Laura,softly-swinging-bamboo-tee#Storm,the-oversize-knit#Ink,random,0.6848744196453544
Laura,softly-swinging-bamboo-tee#TeaRose,leah-knit-cardigan#Black,hard,0.19110369731229754
Laura,softly-swinging-bamboo-tee#TeaRose,wellington-tee#Black,semi-hard,0.39278428142946853
Laura,softly-swinging-bamboo-tee#TeaRose,ivy-cosy-pullover#Blossom,random,0.4791540803183672
Laura,softly-swinging-bamboo-tee#White,cara-tee-3#Mustard,hard,0.232547348813933
Laura,softly-swinging-bamboo-tee#White,heartmade-cardi#DustyRose,semi-hard,0.32101043334843626
Laura,softly-swinging-bamboo-tee#White,the-twist-front-top#Navy,random,0.5904749707798612
Laura,spot-layered-tee#Blue,rib-tank-2#White,hard,0.27033456897258334
Laura,spot-layered-tee#Blue,silver-cross-sweater#Silver,semi-hard,0.2957246917718692
Laura,spot-layered-tee#Blue,belle-nautical-applique-tee#BlueStripe,random,0.46459840272963243
Laura,square-nk-fray-trim-top#Denim,cara-tee-4#BlackWhite,hard,0.2311349194354019
Laura,square-nk-fray-trim-top#Denim,always-mine-v-neck-knit#Terracotta,semi-hard,0.3211728263041149
Laura,square-nk-fray-trim-top#Denim,the-contrast-knit-1#Sage,random,0.46140316529422787
Laura,stripe-me-happy-blouse#Ash,pocket-shirt-1#Ivory,hard,0.26670132237447775
Laura,stripe-me-happy-blouse#Ash,belle-square-neck-drape-tee#Vanilla,semi-hard,0.3967693972015858
Laura,stripe-me-happy-blouse#Ash,print-tee-3#Boats,random,0.5970273490703719
Laura,sugar-snaps-layers-tank#Black,cotton-modal-print-top#PinkNavy,hard,0.26783489853233033
Laura,sugar-snaps-layers-tank#Black,bertie-top#BlkCherry,semi-hard,0.3334875062118332
Laura,sugar-snaps-layers-tank#Black,the-pirate-in-me-shirt#White,random,0.5956568730397179
Laura,sugar-snaps-layers-tank#Blue,st-helens-henley-tee#White,hard,0.2670160894218929
Laura,sugar-snaps-layers-tank#Blue,lucy-rib-oversized-top#Black,semi-hard,0.3317254484041783
Laura,sugar-snaps-layers-tank#Blue,long-sleeve-softly-swinging-bamboo-tee#Storm,random,0.4250364300750983
Laura,sugar-snaps-layers-tank#DeepCobalt,aida-long-tunic-shirt#AidaStripe,hard,0.26572450205661513
Laura,sugar-snaps-layers-tank#DeepCobalt,animal-knit-1#Animal,semi-hard,0.36803180618194375
Laura,sugar-snaps-layers-tank#DeepCobalt,bodega-knit#Moss,random,0.6367450423166822
Laura,sugar-snaps-layers-tank#DuckEgg,cara-tee-2#Blush,hard,0.2098054253389857
Laura,sugar-snaps-layers-tank#DuckEgg,daylight-jumper#Silver,semi-hard,0.4219969258424671
Laura,sugar-snaps-layers-tank#DuckEgg,selma-top-1#IndoStripe,random,0.4406722567593867
Laura,sugar-snaps-layers-tank#Mint,lake-house-top#CoalPrint,hard,0.26085903493514917
Laura,sugar-snaps-layers-tank#Mint,placement-print-shirt#WhiteNavy,semi-hard,0.41944078450380495
Laura,sugar-snaps-layers-tank#Mint,on-the-horizon-swing-top-1#Khaki,random,0.6664673120250406
Laura,sugar-snaps-layers-tank#NewBeige,rib-tank-2#Red,hard,0.27033456897258334
Laura,sugar-snaps-layers-tank#NewBeige,buttoned-top#Spotty,semi-hard,0.41492636512185993
Laura,sugar-snaps-layers-tank#NewBeige,tab-sleeve-longline-shirt#Navy,random,0.5429754646035772
Laura,sugar-snaps-layers-tank#PeachyKeen,daylight-cardi#Silver,hard,0.2588330954532421
Laura,sugar-snaps-layers-tank#PeachyKeen,lucy-rib-oversized-top#Black,semi-hard,0.3317254484041783
Laura,sugar-snaps-layers-tank#PeachyKeen,the-textured-spot-top#Pink,random,0.488759801117881
Laura,sugar-snaps-layers-tank#Red,st-helens-henley-tee#White,hard,0.2670160894218929
Laura,sugar-snaps-layers-tank#Red,belle-half-sleeve-boat-tee#Black,semi-hard,0.3275155358770806
Laura,sugar-snaps-layers-tank#Red,relaxed-animal-print-blouse#Leopard,random,0.4882552408575247
Laura,sugar-snaps-layers-tank#SeaGreen,cara-tee-4#BlackWhite,hard,0.2311349194354019
Laura,sugar-snaps-layers-tank#SeaGreen,falling-for-you-cardi-1#GreyGarden,semi-hard,0.3446327683615819
Laura,sugar-snaps-layers-tank#SeaGreen,belle-flocked-tunic#White,random,0.6898711380116977
Laura,sugar-snaps-layers-tank#White,mila-knit-cardigan#Black,hard,0.21120771547587533
Laura,sugar-snaps-layers-tank#White,the-side-panel-drape-top#OffWhite,semi-hard,0.35424884164323295
Laura,sugar-snaps-layers-tank#White,bora-bora-layered-tank#BoraBora,random,0.5151225894847231
Laura,sugar-snaps-round-neck-layer-tank#Black,reversible-scoopv-neck-tank#White,hard,0.2621271692852462
Laura,sugar-snaps-round-neck-layer-tank#Black,irena-embroidered-blouse#DustyRose,semi-hard,0.29013298599070475
Laura,sugar-snaps-round-neck-layer-tank#Black,the-pocket-tee#NavyStripe,random,0.42718841819236575
Laura,sugar-snaps-round-neck-layer-tank#DuckEgg,striped-cardigan-3#Rainbow,hard,0.23995589801337178
Laura,sugar-snaps-round-neck-layer-tank#DuckEgg,the-panel-hem-top#Khaki,semi-hard,0.34282639092441847
Laura,sugar-snaps-round-neck-layer-tank#DuckEgg,the-luxe-long-sleeve-tee#GreyMarle,random,0.4536166748307968
Laura,sugar-snaps-round-neck-layer-tank#White,gloria-applique-crew#Charcoal,hard,0.25412180808900164
Laura,sugar-snaps-round-neck-layer-tank#White,paradise-cardi#MultiStrip,semi-hard,0.3698566598762638
Laura,sugar-snaps-round-neck-layer-tank#White,long-sleeve-softly-swinging-bamboo-tee#Fern,random,0.4250364300750983
Laura,summer-breeze-top-1#White,back-to-you-top#Rust,hard,0.2563545702157066
Laura,summer-breeze-top-1#White,floral-blouse-2#NavyMulti,semi-hard,0.3226201170643547
Laura,summer-breeze-top-1#White,never-ending-winter-knit-top#DeluxeGree,random,0.612068126431308
Laura,summer-haze-top#Teal,layer-me-bamboo-rouched-sleeve-tee#Copper,hard,0.26908308629765826
Laura,summer-haze-top#Teal,belle-longline-white-shirt#White,semi-hard,0.39923863272010046
Laura,summer-haze-top#Teal,long-sleeve-ruffle-shirt#Black,random,0.4377896545396659
Laura,the-asymmetrical-tank-top#HotPink,mila-knit-cardigan#Black,hard,0.21120771547587533
Laura,the-asymmetrical-tank-top#HotPink,natural-cross-back-knit#Lightsmoke,semi-hard,0.38071491292959486
Laura,the-asymmetrical-tank-top#HotPink,the-check-pullover#PinkCheck,random,0.8261163927571862
Laura,the-asymmetrical-tank-top#Indigo,cara-tee-3#Mustard,hard,0.232547348813933
Laura,the-asymmetrical-tank-top#Indigo,foil-striped-2-in-1-top#Blue,semi-hard,0.3930933723817495
Laura,the-asymmetrical-tank-top#Indigo,daisy-chain-tassel-blouse#DeepBlue,random,0.5258741936287721
Laura,the-batwing-tee#Black,cherrington-top#GreyRose,hard,0.24527319767000505
Laura,the-batwing-tee#Black,napoleon-top-1#NemoRed,semi-hard,0.2819080386741768
Laura,the-batwing-tee#Black,the-fleck-roll-neck-knit#Oatmeal,random,0.5250321642333725
Laura,the-batwing-tee#FrenchBlue,monaco-knot-top#Black,hard,0.25514444759856947
Laura,the-batwing-tee#FrenchBlue,dream-girl-ruffle-jumper#SoftPink,semi-hard,0.28421995773655917
Laura,the-batwing-tee#FrenchBlue,off-shoulder-top-1#Strawberry,random,0.48318578512623783
Laura,the-batwing-tee#Sea,hayley-button-down#NavySparro,hard,0.22738083082404298
Laura,the-batwing-tee#Sea,sequin-cross-2-in-1-top#Navy,semi-hard,0.2878124203701519
Laura,the-batwing-tee#Sea,the-daily-cross-over-top#SkyBlue,random,0.470576718688818
Laura,the-batwing-tee#Stone,cara-tee-2#BlackSpot,hard,0.2098054253389857
Laura,the-batwing-tee#Stone,layered-tunic-1#PalePink,semi-hard,0.3379631834643359
Laura,the-batwing-tee#Stone,print-tee-3#Cntryhous,random,0.5970273490703719
Laura,the-cape-jersey-top#DarkNavy,cara-tee-2#WhiteBlk,hard,0.2098054253389857
Laura,the-cape-jersey-top#DarkNavy,2-in-1-layered-top-1#PinkWhite,semi-hard,0.37266631779604387
Laura,the-cape-jersey-top#DarkNavy,the-check-pullover#PinkCheck,random,0.8261163927571862
Laura,the-contrast-34-sleeve-top#Navy,arlo-cardigan#Navy,hard,0.2188459006138052
Laura,the-contrast-34-sleeve-top#Navy,layered-sleeve-top#DarkBlue,semi-hard,0.40697534356552034
Laura,the-contrast-34-sleeve-top#Navy,poncho-2#NavySilver,random,0.7797412400873093
Laura,the-cotton-bamboo-ls-top#Black,magnolia-fields-keyhole-blouse#Magnolia,hard,0.24705992946664757
Laura,the-cotton-bamboo-ls-top#Black,collared-shirt-1#White,semi-hard,0.2825667970350271
Laura,the-cotton-bamboo-ls-top#Black,relaxed-cape#Black,random,0.5986335475652829
Laura,the-cotton-bamboo-ls-top#NavyStripe,leah-knit-cardigan#Black,hard,0.19110369731229754
Laura,the-cotton-bamboo-ls-top#NavyStripe,layered-tunic-1#Natural,semi-hard,0.3379631834643359
Laura,the-cotton-bamboo-ls-top#NavyStripe,yvette-blouse#Black,random,0.4734382685686178
Laura,the-cotton-bamboo-tank#Chambray,cara-tee-4#White,hard,0.2311349194354019
Laura,the-cotton-bamboo-tank#Chambray,bertie-top#BlkCherry,semi-hard,0.3334875062118332
Laura,the-cotton-bamboo-tank#Chambray,under-the-stars-blouse#Petal,random,0.5211554382613597
Laura,the-cotton-bamboo-tank#DarkNavy,born-to-run-shirt-jacket#Leopard,hard,0.2141173338906752
Laura,the-cotton-bamboo-tank#DarkNavy,irena-embroidered-blouse#DustyRose,semi-hard,0.29013298599070475
Laura,the-cotton-bamboo-tank#DarkNavy,cross-my-heart-bamboo-slouch-tee#White,random,0.7020884168835735
Laura,the-cotton-bamboo-tank#DuckEgg,cable-knit-sweater#Camel,hard,0.25553780064743115
Laura,the-cotton-bamboo-tank#DuckEgg,fundamental-split-hoodie#Navy,semi-hard,0.3650244961051417
Laura,the-cotton-bamboo-tank#DuckEgg,long-sleeve-spot-top#Multispot,random,0.6137446312348643
Laura,the-cotton-bamboo-tank#Moonbeam,arlo-cardigan#Navy,hard,0.2188459006138052
Laura,the-cotton-bamboo-tank#Moonbeam,dahlia-lace-trim-blouse#Dusk,semi-hard,0.2788671569767296
Laura,the-cotton-bamboo-tank#Moonbeam,the-cross-over-printed-blouse#Leopard,random,0.4880596998960569
Laura,the-cotton-bamboo-tank#White,cara-tee-2#Blush,hard,0.2098054253389857
Laura,the-cotton-bamboo-tank#White,circles-knit#Plum,semi-hard,0.2997563782364714
Laura,the-cotton-bamboo-tank#White,falling-flowers-cardi#GreyMarle,random,0.45503780637053093
Laura,the-cotton-bamboo-tee#BlueJeans,born-to-run-shirt-jacket#Leopard,hard,0.2141173338906752
Laura,the-cotton-bamboo-tee#BlueJeans,henson-jumper#Cream,semi-hard,0.29303726995374557
Laura,the-cotton-bamboo-tee#BlueJeans,selene-cardigan#Ivy,random,0.6919974019878582
Laura,the-cotton-bamboo-tee#DuckEgg,cara-tee-2#BlackSpot,hard,0.2098054253389857
Laura,the-cotton-bamboo-tee#DuckEgg,janet-frill-shirt#White,semi-hard,0.31003140248329153
Laura,the-cotton-bamboo-tee#DuckEgg,messina-knit-1#Shiraz,random,0.5734096881513208
Laura,the-cotton-bamboo-tee#DustyPink,hayley-button-down#NavySparro,hard,0.22738083082404298
Laura,the-cotton-bamboo-tee#DustyPink,sparkly-star-tee#Blue,semi-hard,0.3079057661908487
Laura,the-cotton-bamboo-tee#DustyPink,the-daily-cross-over-top#SkyBlue,random,0.470576718688818
Laura,the-cotton-bamboo-tee#White,nova-lux-long-sleeve-tie-top-1#SimplyGree,hard,0.26217119656891363
Laura,the-cotton-bamboo-tee#White,the-cotton-blend-stripe-jumper#BlueStripe,semi-hard,0.39917212060189067
Laura,the-cotton-bamboo-tee#White,the-tie-detail-hoody#Pink,random,0.46562622363931305
Laura,the-cross-front-spot-blouse#NavySpot,button-through-animal-shirt#Animal,hard,0.26473244192202494
Laura,the-cross-front-spot-blouse#NavySpot,lucy-rib-oversized-top#Black,semi-hard,0.3317254484041783
Laura,the-cross-front-spot-blouse#NavySpot,the-swing-tank-top#Rose,random,0.5583558240147924
Laura,the-cross-front-spot-blouse#Spot,nova-lux-long-sleeve-tie-top-1#NightSky,hard,0.26217119656891363
Laura,the-cross-front-spot-blouse#Spot,luxe-shirt#Navy,semi-hard,0.3339481263190472
Laura,the-cross-front-spot-blouse#Spot,billow-top#Peach,random,0.6600232450025163
Laura,the-cross-over-blouse#Black,pure-merino-fine-rib-v-neck#Charcoal,hard,0.09000339286265074
Laura,the-cross-over-blouse#Black,bertie-top#Black,semi-hard,0.3334875062118332
Laura,the-cross-over-blouse#Black,half-sleeve-fluffy-knit#Ivory,random,0.46180648790949774
Laura,the-cross-over-blouse#Blue,elina-lace-frill-blouse#Black,hard,0.2445671171158901
Laura,the-cross-over-blouse#Blue,always-mine-v-neck-knit#Terracotta,semi-hard,0.3211728263041149
Laura,the-cross-over-blouse#Blue,sand-queen-throw-blouse#Fleur,random,0.5495841957077063
Laura,the-cross-over-blouse#Mint,tinker-stripe-knit#NavyWhite,hard,0.26218518101820604
Laura,the-cross-over-blouse#Mint,tia-boyfriend-shirt#White,semi-hard,0.3083889485182688
Laura,the-cross-over-blouse#Mint,the-luxe-cotton-tunic#White,random,0.46736680778509954
Laura,the-cross-over-blouse#Red,cara-tee-4#BlackWhite,hard,0.2311349194354019
Laura,the-cross-over-blouse#Red,cotton-stripe-cardi-with-pockets#White,semi-hard,0.40076296348819185
Laura,the-cross-over-blouse#Red,the-contrast-panel-top#BlkStripe,random,0.4373496671701068
Laura,the-cross-over-blouse#RoyalBlue,geena-xo-ls-pullover-knit#Allure,hard,0.2672298544205759
Laura,the-cross-over-blouse#RoyalBlue,horizontal-cabel-pullover#EnglishRos,semi-hard,0.31197462184962277
Laura,the-cross-over-blouse#RoyalBlue,the-longline-waterfall-cardi#Black,random,0.5872123407493608
Laura,the-cross-over-blouse#Silver,fundamental-vee-tee#White,hard,0.2529973978331078
Laura,the-cross-over-blouse#Silver,york-linen-blend-top#BurntOrang,semi-hard,0.274781021959066
Laura,the-cross-over-blouse#Silver,tab-sleeve-longline-shirt#Pink,random,0.5429754646035772
Laura,the-cross-over-blouse#Sunshine,wonderland-blouse#Ink,hard,0.25167669626142086
Laura,the-cross-over-blouse#Sunshine,printed-tunic-7#RedCheck,semi-hard,0.41461541175460304
Laura,the-cross-over-blouse#Sunshine,tracie-top#Opal,random,0.4764354858351767
Laura,the-cross-over-blouse#White,cuddled-longline-cardigan#Sunflower,hard,0.23904866288441312
Laura,the-cross-over-blouse#White,ava-short-sleeve-linen-tee#Navy,semi-hard,0.3187783659730242
Laura,the-cross-over-blouse#White,messina-knit#Cognac,random,0.5734096881513208
Laura,the-cut-out-shoulder-blouse#Black,colourblock-cardi#NavyRed,hard,0.2093596770366758
Laura,the-cut-out-shoulder-blouse#Black,fern-print-top#Navy,semi-hard,0.3529782825423363
Laura,the-cut-out-shoulder-blouse#Black,the-multi-stripe-cardi#Stripe,random,0.48511331411930986
Laura,the-cut-out-shoulder-blouse#Blue,layer-me-bamboo-rouched-sleeve-tee#White,hard,0.26908308629765826
Laura,the-cut-out-shoulder-blouse#Blue,luxe-shirt#Black,semi-hard,0.3339481263190472
Laura,the-cut-out-shoulder-blouse#Blue,summer-whispers-kimono-1#Peacock,random,0.7278925564236416
Laura,the-cut-out-shoulder-blouse#Clay,layer-me-bamboo-rouched-sleeve-tee#Black,hard,0.26908308629765826
Laura,the-cut-out-shoulder-blouse#Clay,luxe-shirt#Navy,semi-hard,0.3339481263190472
Laura,the-cut-out-shoulder-blouse#Clay,paradise-top#Red,random,0.45170948852244724
Laura,the-cut-out-shoulder-blouse#Salmon,bella-ls-tee#GreenWhite,hard,0.24940132042917418
Laura,the-cut-out-shoulder-blouse#Salmon,fundamental-rib-long-sleeve-tee#Black,semi-hard,0.31172499289496425
Laura,the-cut-out-shoulder-blouse#Salmon,never-ending-winter-knit-top#DeluxeGree,random,0.612068126431308
Laura,the-cut-out-shoulder-blouse#Silver,rib-tank-2#Khaki,hard,0.27033456897258334
Laura,the-cut-out-shoulder-blouse#Silver,paradising-buttoned-shirt#Wheat,semi-hard,0.2753186700363618
Laura,the-cut-out-shoulder-blouse#Silver,the-pleated-sleeve-top#Sage,random,0.47905129496000454
Laura,the-cut-out-shoulder-blouse#White,nova-lux-long-sleeve-tie-top-1#NightSky,hard,0.26217119656891363
Laura,the-cut-out-shoulder-blouse#White,print-shirt-1#Blush,semi-hard,0.39811010038784733
Laura,the-cut-out-shoulder-blouse#White,long-sleeve-spot-top#Multispot,random,0.6137446312348643
Laura,the-dobby-sleeve-tee#InkBlue,millie-top#BlackSpot,hard,0.2515745471851828
Laura,the-dobby-sleeve-tee#InkBlue,belle-longline-white-shirt#White,semi-hard,0.39923863272010046
Laura,the-dobby-sleeve-tee#InkBlue,the-spotted-tunic#GreySpot,random,0.5547659254261941
Laura,the-dobby-sleeve-tee#White,the-uneven-hem-knit-1#Sage,hard,0.1233715476810839
Laura,the-dobby-sleeve-tee#White,foil-striped-2-in-1-top#Blue,semi-hard,0.3930933723817495
Laura,the-dobby-sleeve-tee#White,the-bonded-cotton-shirt#Pink,random,0.5326222687985324
Laura,the-double-layer-top#Black,rib-tank-2#Mustard,hard,0.27033456897258334
Laura,the-double-layer-top#Black,belle-half-sleeve-boat-tee#Black,semi-hard,0.3275155358770806
Laura,the-double-layer-top#Black,the-luxe-long-sleeve-tee#GreyMarle,random,0.4536166748307968
Laura,the-double-layer-top#White,colourblock-cardi#NavyRed,hard,0.2093596770366758
Laura,the-double-layer-top#White,falling-flowers-blouse#DustyPink,semi-hard,0.28837096257667816
Laura,the-double-layer-top#White,belle-polka-dot-blouse#WhiteSpot,random,0.5944295794036205
Laura,the-drape-tee-1#Black,birds-tee-1#Navy,hard,0.256888655113104
Laura,the-drape-tee-1#Black,malibu-cardigan#Navy,semi-hard,0.32755458812240534
Laura,the-drape-tee-1#Black,tab-sleeve-longline-shirt#Navy,random,0.5429754646035772
Laura,the-drape-tee-1#Navy,gloria-applique-crew#Charcoal,hard,0.25412180808900164
Laura,the-drape-tee-1#Navy,elcos-45-aop-top-jrs#BlackZigZa,semi-hard,0.3150910629092205
Laura,the-drape-tee-1#Navy,ivy-cosy-pullover#Blossom,random,0.4791540803183672
Laura,the-drape-tee-1#NavyStripe,leary-cardigan#Pine,hard,0.213596965172269
Laura,the-drape-tee-1#NavyStripe,elcos-45-aop-top-jrs#BlackFlowe,semi-hard,0.3150910629092205
Laura,the-drape-tee-1#NavyStripe,belle-flocked-tunic#Pale%20Blue,random,0.6898711380116977
Laura,the-drape-tee-1#Stripe,analia-jersey-top#Black,hard,0.26439683233582184
Laura,the-drape-tee-1#Stripe,cover-up-slouch-cardi#Alloy,semi-hard,0.33003568944270517
Laura,the-drape-tee-1#Stripe,belle-poncho-sleeved-knit#BlueMarle,random,0.5986974142402444
Laura,the-drape-tee-1#White,the-longline-cardi-1#GreyMarle,hard,0.23978794016862395
Laura,the-drape-tee-1#White,cooks-shirt#Stripes,semi-hard,0.2905685950513732
Laura,the-drape-tee-1#White,the-colour-block-pullover#Sage,random,0.4394473345639649
Laura,the-essential-layering-tee#Ink,animal-button-up-shirt#KhakiPrint,hard,0.252646284745693
Laura,the-essential-layering-tee#Ink,animal-knit-1#Animal,semi-hard,0.36803180618194375
Laura,the-essential-layering-tee#Ink,marquax-tunic#OnyxSpeck,random,0.4365792292585991
Laura,the-essential-layering-tee#White,rib-tank-2#Khaki,hard,0.27033456897258334
Laura,the-essential-layering-tee#White,falling-flowers-blouse#DustyPink,semi-hard,0.28837096257667816
Laura,the-essential-layering-tee#White,the-cosy-cardigan#Blue,random,0.44381048274318957
Laura,the-everyday-shirt#Black,mila-knit-cardigan#Clay,hard,0.21120771547587533
Laura,the-everyday-shirt#Black,kimono-and-me-cardi#DustyPink,semi-hard,0.3607694694557203
Laura,the-everyday-shirt#Black,the-twist-front-top#Grey,random,0.5904749707798612
Laura,the-everyday-shirt#Cream,cara-tee-4#Black,hard,0.2311349194354019
Laura,the-everyday-shirt#Cream,geneva-v-neck-top#ClaySpot,semi-hard,0.37892003786821027
Laura,the-everyday-shirt#Cream,the-contrast-panel-top#SageStripe,random,0.4373496671701068
Laura,the-everyday-shirt#Midnight,robyn-top-1#Roanne,hard,0.25148466058391045
Laura,the-everyday-shirt#Midnight,stripe-sweater-2#Blue,semi-hard,0.32259924013193836
Laura,the-everyday-shirt#Midnight,je-taime-knit#Navy,random,0.4417269098582347
Laura,the-everyday-shirt#Pink,nova-lux-long-sleeve-tie-top#AidaStripe,hard,0.26217119656891363
Laura,the-everyday-shirt#Pink,paradising-buttoned-shirt#Wheat,semi-hard,0.2753186700363618
Laura,the-everyday-shirt#Pink,long-sleeve-softly-swinging-bamboo-tee#White,random,0.4250364300750983
Laura,the-everyday-shirt#Rose,cara-tee-2#Blush,hard,0.2098054253389857
Laura,the-everyday-shirt#Rose,napoleon-top-1#NemoBlue,semi-hard,0.2819080386741768
Laura,the-everyday-shirt#Rose,on-the-horizon-swing-top-1#Khaki,random,0.6664673120250406
Laura,the-flutter-sleeve-top#Denim,hayley-button-down#NavySparro,hard,0.22738083082404298
Laura,the-flutter-sleeve-top#Denim,ava-short-sleeve-linen-tee#Navy,semi-hard,0.3187783659730242
Laura,the-flutter-sleeve-top#Denim,the-cross-over-top#GreyStripe,random,0.5546809141217423
Laura,the-flutter-sleeve-top#SnakePrint,mila-knit-cardigan#InkWhite,hard,0.21120771547587533
Laura,the-flutter-sleeve-top#SnakePrint,juno-cardigan#GreyMarle,semi-hard,0.2982034852797059
Laura,the-flutter-sleeve-top#SnakePrint,the-oversize-knit#Ink,random,0.6848744196453544
Laura,the-half-sleeve-tee#Black,layer-me-bamboo-rouched-sleeve-tee#Fern,hard,0.26908308629765826
Laura,the-half-sleeve-tee#Black,the-soft-knit-jumper#PinkStripe,semi-hard,0.41047155563013926
Laura,the-half-sleeve-tee#Black,paradise-top#Red,random,0.45170948852244724
Laura,the-half-sleeve-tee#White,sequin-spot-cardi#Grey,hard,0.25061856940610816
Laura,the-half-sleeve-tee#White,the-cotton-cardi#Navy,semi-hard,0.34835263187335685
Laura,the-half-sleeve-tee#White,sky-jumper-1#Clouds,random,0.4743952024905609
Laura,the-high-low-drape-tee#Grey,meadow-cardigan#Cream,hard,0.20541040802371982
Laura,the-high-low-drape-tee#Grey,dot-to-dot-knit-1#GreyMarle,semi-hard,0.3037160685188214
Laura,the-high-low-drape-tee#Grey,long-sleeve-softly-swinging-bamboo-tee#Copper,random,0.4250364300750983
Laura,the-high-low-drape-tee#Sage,gloria-applique-crew#Charcoal,hard,0.25412180808900164
Laura,the-high-low-drape-tee#Sage,out-of-my-mind-scallop-knit#GreyMarle,semi-hard,0.42443376600242666
Laura,the-high-low-drape-tee#Sage,triangle-detail-long-sleeve-tee#Bordeaux,random,0.4518591971079856
Laura,the-lace-trim-top#Black,meadow-cardigan#Cream,hard,0.20541040802371982
Laura,the-lace-trim-top#Black,sparkly-star-tee#Blue,semi-hard,0.3079057661908487
Laura,the-lace-trim-top#Black,belle-ls-free-fall-tee#Blush,random,0.5306803890640258
Laura,the-lace-trim-top#Ivory,natural-crossover-knit-1#Stormcloud,hard,0.2690012621361013
Laura,the-lace-trim-top#Ivory,belle-tie-neck-blouse-tee#White,semi-hard,0.42007844925238014
Laura,the-lace-trim-top#Ivory,layered-stripe-top#PinkStripe,random,0.426344669115548
Laura,the-long-sleeve-scoop-neck-tee#Black,mila-knit-cardigan#StoneBlack,hard,0.21120771547587533
Laura,the-long-sleeve-scoop-neck-tee#Black,the-wrap-jersey-top-1#NavyStripe,semi-hard,0.2954542202784227
Laura,the-long-sleeve-scoop-neck-tee#Black,the-daily-cross-over-top#PinkPrint,random,0.470576718688818
Laura,the-long-sleeve-scoop-neck-tee#Grey,cara-tee-2#Blush,hard,0.2098054253389857
Laura,the-long-sleeve-scoop-neck-tee#Grey,block-vest#Blockvest,semi-hard,0.3334770849424392
Laura,the-long-sleeve-scoop-neck-tee#Grey,long-sleeve-softly-swinging-bamboo-tee#Navy,random,0.4250364300750983
Laura,the-long-sleeve-scoop-neck-tee#Navy,rib-tank-2#White,hard,0.27033456897258334
Laura,the-long-sleeve-scoop-neck-tee#Navy,faith-jumper#Eventide,semi-hard,0.28698680476066146
Laura,the-long-sleeve-scoop-neck-tee#Navy,the-stitch-detail-top#SkyBlue,random,0.5297283493553988
Laura,the-long-sleeve-scoop-neck-tee#White,renee-sweater#Sapphire,hard,0.268966435148021
Laura,the-long-sleeve-scoop-neck-tee#White,the-panel-hem-top#Khaki,semi-hard,0.34282639092441847
Laura,the-long-sleeve-scoop-neck-tee#White,belle-flute-sleeve-tee#Navy,random,0.6949334845800019
Laura,the-long-sleeve-v-neck-tee#Black,relaxed-v-neck-knit#Silver,hard,0.2442243811698902
Laura,the-long-sleeve-v-neck-tee#Black,daylight-jumper#Silver,semi-hard,0.4219969258424671
Laura,the-long-sleeve-v-neck-tee#Black,moonlight-kisses-bamboo-tee#Saffron,random,0.4274396642207844
Laura,the-long-sleeve-v-neck-tee#Navy,relaxed-v-neck-knit#Silver,hard,0.2442243811698902
Laura,the-long-sleeve-v-neck-tee#Navy,marlow-cardigan#Cream,semi-hard,0.35021143551823397
Laura,the-long-sleeve-v-neck-tee#Navy,pattern-tunic-1#Lattice,random,0.8149323535111395
Laura,the-long-sleeve-v-neck-tee#White,st-helens-henley-tee#Sapphire,hard,0.2670160894218929
Laura,the-long-sleeve-v-neck-tee#White,the-midi-waterfall-cardi#BlueMarle,semi-hard,0.40984774291538717
Laura,the-long-sleeve-v-neck-tee#White,relaxed-animal-print-blouse#Leopard,random,0.4882552408575247
Laura,the-on-or-off-the-shoulder-top#FrenchNavy,bubbles-print-tee#Cambridge,hard,0.24195115493941619
Laura,the-on-or-off-the-shoulder-top#FrenchNavy,cascade-hood-top#Black,semi-hard,0.3969896453992152
Laura,the-on-or-off-the-shoulder-top#FrenchNavy,falling-for-you-top#Blue,random,0.5291871724918329
Laura,the-on-or-off-the-shoulder-top#Pink,leah-knit-cardigan#WhiteBlk,hard,0.19110369731229754
Laura,the-on-or-off-the-shoulder-top#Pink,snake-print-johnny-collar-top#BeigeSnake,semi-hard,0.3535334782488228
Laura,the-on-or-off-the-shoulder-top#Pink,natural-waterfall-cardigan#Fallendust,random,0.536723163841808
Laura,the-oversized-cotton-blend-shirt#Navy,stara-cardigan#GreyMarle,hard,0.21753459996720406
Laura,the-oversized-cotton-blend-shirt#Navy,the-stripe-jersey-top#Pink,semi-hard,0.34536321336202913
Laura,the-oversized-cotton-blend-shirt#Navy,the-belle-sleeve-print-top#NavyPrint,random,0.5760967488363465
Laura,the-oversized-cotton-blend-shirt#Sand,monaco-knot-top#Black,hard,0.25514444759856947
Laura,the-oversized-cotton-blend-shirt#Sand,frost-cardigan#Mauvewoo,semi-hard,0.35110705935825726
Laura,the-oversized-cotton-blend-shirt#Sand,2-in-1-layered-knit-top#Navy,random,0.426344669115548
Laura,the-relax-blouse#White,bubbles-print-tee#Cambridge,hard,0.24195115493941619
Laura,the-relax-blouse#White,marlow-cardigan#Cream,semi-hard,0.35021143551823397
Laura,the-relax-blouse#White,partly-cloudy-knit#PawPaw,random,0.5679565726420992
Laura,the-relaxed-long-sleeve-tee#Black,monaco-knot-top#HeatheGrey,hard,0.25514444759856947
Laura,the-relaxed-long-sleeve-tee#Black,spiced-stripe-tee#NavyWhite,semi-hard,0.33246309543040475
Laura,the-relaxed-long-sleeve-tee#Black,relaxed-cape#WhiteBlack,random,0.5986335475652829
Laura,the-relaxed-long-sleeve-tee#Khaki,mila-knit-cardigan#Clay,hard,0.21120771547587533
Laura,the-relaxed-long-sleeve-tee#Khaki,elcos-45-aop-top-jrs#BlackZigZa,semi-hard,0.3150910629092205
Laura,the-relaxed-long-sleeve-tee#Khaki,the-textured-spot-top#Pink,random,0.488759801117881
Laura,the-relaxed-long-sleeve-tee#Navy,rib-tank-2#White,hard,0.27033456897258334
Laura,the-relaxed-long-sleeve-tee#Navy,falling-flowers-blouse#DustyPink,semi-hard,0.28837096257667816
Laura,the-relaxed-long-sleeve-tee#Navy,daisy-chain-tassel-blouse#DeepBlue,random,0.5258741936287721
Laura,the-relaxed-long-sleeve-tee#Pink,bella-ls-tee#GreenWhite,hard,0.24940132042917418
Laura,the-relaxed-long-sleeve-tee#Pink,hydrangea-kimono#Hydrangea,semi-hard,0.2989315880740616
Laura,the-relaxed-long-sleeve-tee#Pink,sadie-crew#GreyMarle,random,0.4542544702751599
Laura,the-relaxed-long-sleeve-tee#White,millie-top#Blush,hard,0.2515745471851828
Laura,the-relaxed-long-sleeve-tee#White,multi-sequin-dot-stripe-top#Navy,semi-hard,0.28316041730312075
Laura,the-relaxed-long-sleeve-tee#White,daisy-chain-tassel-blouse#DeepBlue,random,0.5258741936287721
Laura,the-reversible-cowl-neck-top-1#Black,born-to-run-shirt-jacket#Leopard,hard,0.2141173338906752
Laura,the-reversible-cowl-neck-top-1#Black,heartmade-sweater#Rust,semi-hard,0.37346356210149767
Laura,the-reversible-cowl-neck-top-1#Black,the-essential-pullover#DustyPeach,random,0.4274438848922117
Laura,the-reversible-cowl-neck-top-1#White,stara-cardigan#GreyMarle,hard,0.21753459996720406
Laura,the-reversible-cowl-neck-top-1#White,2-in-1-layered-top-1#NavyWhite,semi-hard,0.37266631779604387
Laura,the-reversible-cowl-neck-top-1#White,weekend-vibes-blouse#Blush,random,0.5560467338283429
Laura,the-roll-neck-sleeveless-top-1#Black,st-helens-henley-tee#White,hard,0.2670160894218929
Laura,the-roll-neck-sleeveless-top-1#Black,bo-cosy-cardigan#Blossom,semi-hard,0.3074365511159068
Laura,the-roll-neck-sleeveless-top-1#Black,zara-top#ZebraPrint,random,0.4581325777245786
Laura,the-roll-neck-sweater#Natural,the-longline-cardi-1#GreyMarle,hard,0.23978794016862395
Laura,the-roll-neck-sweater#Natural,malibu-cardigan#Wine,semi-hard,0.32755458812240534
Laura,the-roll-neck-sweater#Natural,lavaux-bell-sleeve#Mustard,random,0.7736210521308077
Laura,the-short-sleeve-wrap-jersey-top#Black,geena-xo-ls-pullover-knit#WhiteCapGr,hard,0.2672298544205759
Laura,the-short-sleeve-wrap-jersey-top#Black,sequin-spot-shirt#Blue,semi-hard,0.42188876304030976
Laura,the-short-sleeve-wrap-jersey-top#Black,tracie-top#Opal,random,0.4764354858351767
Laura,the-short-sleeve-wrap-jersey-top#Blue,rib-tank-2#Black,hard,0.27033456897258334
Laura,the-short-sleeve-wrap-jersey-top#Blue,icing-sugar-top#Ivory,semi-hard,0.3527566912735193
Laura,the-short-sleeve-wrap-jersey-top#Blue,contrast-pocket-tunic#Pinkpocket,random,0.6388322150680724
Laura,the-short-sleeve-wrap-jersey-top#Emerald,reversible-scoopv-neck-tank#White,hard,0.2621271692852462
Laura,the-short-sleeve-wrap-jersey-top#Emerald,2-in-1-jumper#Navy,semi-hard,0.37929763519591897
Laura,the-short-sleeve-wrap-jersey-top#Emerald,belle-ls-free-fall-tee#Airforce,random,0.5306803890640258
Laura,the-short-sleeve-wrap-jersey-top#NavyWhite,layer-me-bamboo-rouched-sleeve-tee#Copper,hard,0.26908308629765826
Laura,the-short-sleeve-wrap-jersey-top#NavyWhite,out-of-my-mind-scallop-knit#GreyMarle,semi-hard,0.42443376600242666
Laura,the-short-sleeve-wrap-jersey-top#NavyWhite,belle-ls-free-fall-tee#Blush,random,0.5306803890640258
Laura,the-sleeveless-cross-over-blouse#Black,meadow-cardigan#Cream,hard,0.20541040802371982
Laura,the-sleeveless-cross-over-blouse#Black,always-mine-v-neck-knit#Terracotta,semi-hard,0.3211728263041149
Laura,the-sleeveless-cross-over-blouse#Black,roll-with-me-jumper#Chalk,random,0.4279066935806438
Laura,the-sleeveless-cross-over-blouse#Chambray,rib-tank-2#Mustard,hard,0.27033456897258334
Laura,the-sleeveless-cross-over-blouse#Chambray,sunshine-in-me-tee-1#White,semi-hard,0.422498182021592
Laura,the-sleeveless-cross-over-blouse#Chambray,beloved-stripe-pull-over-hoodie#NavyWhite,random,0.42934023376826413
Laura,the-sleeveless-cross-over-blouse#Cobalt,fundamental-vee-tee#Navy,hard,0.2529973978331078
Laura,the-sleeveless-cross-over-blouse#Cobalt,karmen-top#HighRiskRe,semi-hard,0.3499247783832799
Laura,the-sleeveless-cross-over-blouse#Cobalt,belle-mid-length-knit-cardi#Black,random,0.48128518003867554
Laura,the-sleeveless-cross-over-blouse#Mint,millie-top#Moss,hard,0.2515745471851828
Laura,the-sleeveless-cross-over-blouse#Mint,in-transit-cardi#Navy,semi-hard,0.41548080875433957
Laura,the-sleeveless-cross-over-blouse#Mint,je-taime-knit#Navy,random,0.4417269098582347
Laura,the-sleeveless-cross-over-blouse#Salmon,cotton-modal-print-top#PinkNavy,hard,0.26783489853233033
Laura,the-sleeveless-cross-over-blouse#Salmon,lucy-rib-oversized-top#Black,semi-hard,0.3317254484041783
Laura,the-sleeveless-cross-over-blouse#Salmon,bodega-knit#Moss,random,0.6367450423166822
Laura,the-sleeveless-cross-over-blouse#Sunshine,renee-sweater#Sapphire,hard,0.268966435148021
Laura,the-sleeveless-cross-over-blouse#Sunshine,natural-tie-tunic#BlueSky,semi-hard,0.27599827093600005
Laura,the-sleeveless-cross-over-blouse#Sunshine,the-blouson-sleeve-jumper#Navy,random,0.48417401954289985
Laura,the-sleeveless-cross-over-blouse#White,bella-ls-tee#GreenWhite,hard,0.24940132042917418
Laura,the-sleeveless-cross-over-blouse#White,horizontal-cabel-pullover#EnglishRos,semi-hard,0.31197462184962277
Laura,the-sleeveless-cross-over-blouse#White,beach-walk-shirt#Stormy,random,0.6086032332046765
Laura,the-slouch-pocket-tee#Stripe,the-reversible-cowl-neck-top-2#Ocean,hard,0.23065200537828298
Laura,the-slouch-pocket-tee#Stripe,alberta-stripe-top#IvoryStrip,semi-hard,0.32969624840630246
Laura,the-slouch-pocket-tee#Stripe,the-spotted-tunic#NavySpot,random,0.5547659254261941
Laura,the-stella-tee#Marine,cyrus-top#LightRose,hard,0.261194376251051
Laura,the-stella-tee#Marine,verona-patchwork-top#Patchwork,semi-hard,0.27951878897778315
Laura,the-stella-tee#Marine,relaxed-cape#Black,random,0.5986335475652829
Laura,the-tie-front-tank#Navy,rib-tank-2#Black,hard,0.27033456897258334
Laura,the-tie-front-tank#Navy,kimono-and-me-cardi#Sand,semi-hard,0.3607694694557203
Laura,the-tie-front-tank#Navy,the-shoulder-tie-top#Navy,random,0.5243764789432164
Laura,the-tie-front-tank#White,glasgow-top#Melange,hard,0.2352528891954783
Laura,the-tie-front-tank#White,spliced-stripe-tunic#Navy,semi-hard,0.2793007264952362
Laura,the-tie-front-tank#White,the-stripe-button-through-top#Coral,random,0.5572293329443826
Laura,the-tie-front-top#Black,cara-tee-4#White,hard,0.2311349194354019
Laura,the-tie-front-top#Black,in-transit-cardi#Navy,semi-hard,0.41548080875433957
Laura,the-tie-front-top#Black,aldis-blouse#Pearl,random,0.5035987153952292
Laura,the-tie-front-top#Navy,ynes#Black,hard,0.25044327883979345
Laura,the-tie-front-top#Navy,juno-cardigan#GreyMarle,semi-hard,0.2982034852797059
Laura,the-tie-front-top#Navy,softly-falling-bamboo-tunic#White,random,0.4693451791592992
Laura,the-ultimate-tie-cardi#Black,rib-tank-2#Black,hard,0.27033456897258334
Laura,the-ultimate-tie-cardi#Black,variegated-rib-knit#Silver,semi-hard,0.35505150982387956
Laura,the-ultimate-tie-cardi#Black,hem-frill-stripe-top#Frilled,random,0.5165296190636013
Laura,the-ultimate-tie-cardi#Port,cara-tee-4#White,hard,0.2311349194354019
Laura,the-ultimate-tie-cardi#Port,longline-cardigan-2#Pink,semi-hard,0.32572614144037565
Laura,the-ultimate-tie-cardi#Port,tracie-top#Black,random,0.4764354858351767
Laura,the-v-split-blouse#Salmon,weekend-cardigan#Black,hard,0.26360242894407077
Laura,the-v-split-blouse#Salmon,still-the-one-ruffle-blouse#Spot,semi-hard,0.3248549187332216
Laura,the-v-split-blouse#Salmon,clio-knit-jumper#InkWhite,random,0.5024117041498976
Laura,the-weekender-shirt#DenimStrip,pocket-shirt-1#Ivory,hard,0.26670132237447775
Laura,the-weekender-shirt#DenimStrip,tia-boyfriend-shirt#White,semi-hard,0.3083889485182688
Laura,the-weekender-shirt#DenimStrip,natural-textured-poncho#Deeprain,random,0.5706214689265536
Laura,the-weekender-shirt#GreyStripe,cara-tee-4#BlackWhite,hard,0.2311349194354019
Laura,the-weekender-shirt#GreyStripe,nature-ls-top#BlueGum,semi-hard,0.3936623920339294
Laura,the-weekender-shirt#GreyStripe,tracie-top#Opal,random,0.4764354858351767
Laura,the-wrap-jersey-top#Charcoal,endeavor-long-sleeve-tee#Stripe,hard,0.06930693069306931
Laura,the-wrap-jersey-top#Charcoal,spiced-stripe-tee#NavyWhite,semi-hard,0.33246309543040475
Laura,the-wrap-jersey-top#Charcoal,cross-over-top-with-pocket#BlackWhite,random,0.44365383696281036
Laura,the-wrap-jersey-top#JetBlack,millie-top#Moss,hard,0.2515745471851828
Laura,the-wrap-jersey-top#JetBlack,natural-overlay-knit#Greybloss,semi-hard,0.40736082161994114
Laura,the-wrap-jersey-top#JetBlack,the-multi-stripe-cardi#Stripe,random,0.48511331411930986
Laura,the-wrap-jersey-top#NavyWhite,layered-top-2#Navy,hard,0.25511261285615666
Laura,the-wrap-jersey-top#NavyWhite,foil-spot-jumper#SilverDot,semi-hard,0.32591771968262884
Laura,the-wrap-jersey-top#NavyWhite,belle-flute-sleeve-tee#Navy,random,0.6949334845800019
Laura,the-wrap-jersey-top#PortSpot,millie-top#Blush,hard,0.2515745471851828
Laura,the-wrap-jersey-top#PortSpot,the-design-fold-tunic-top#PearlBlue,semi-hard,0.3263773549856173
Laura,the-wrap-jersey-top#PortSpot,jasmine-singlet#White,random,0.4595958924762727
Laura,the-zip-front-top#Blue,eco-78-long-cardigan#DarkGreyM,hard,0.21906782894018012
Laura,the-zip-front-top#Blue,luxe-shirt#Black,semi-hard,0.3339481263190472
Laura,the-zip-front-top#Blue,the-stitch-v-neck-knit#DenimMarle,random,0.5432173504060369
Laura,the-zip-front-top#Rose,capri-tank-3#Black,hard,0.2667860820322155
Laura,the-zip-front-top#Rose,juno-cardigan#GreyMarle,semi-hard,0.2982034852797059
Laura,the-zip-front-top#Rose,natural-cosy-sweater#Rosered,random,0.44719471947194717
Laura,this-mortal-coil-drape#StormClam,glasgow-top#Melange,hard,0.2352528891954783
Laura,this-mortal-coil-drape#StormClam,prickly-cactus-crew#Pink,semi-hard,0.3358187097816387
Laura,this-mortal-coil-drape#StormClam,the-cross-over-printed-blouse#Leopard,random,0.4880596998960569
Laura,tie-back-bell-sleeve-top-5#Summerbud,aztec-cardigan#Orange,hard,0.21676559684322622
Laura,tie-back-bell-sleeve-top-5#Summerbud,heart-spliced-top#Navy,semi-hard,0.37498478769817506
Laura,tie-back-bell-sleeve-top-5#Summerbud,the-shoulder-tie-top#Black,random,0.5243764789432164
Laura,true-love-bell-blouse#Jade,fundamental-vee-tee#Black,hard,0.2529973978331078
Laura,true-love-bell-blouse#Jade,verona-patchwork-top#Patchwork,semi-hard,0.27951878897778315
Laura,true-love-bell-blouse#Jade,the-shoulder-tie-top#White,random,0.5243764789432164
Laura,vivid-dreams-blouse#Dusty%20Rose,layered-top-2#White,hard,0.25511261285615666
Laura,vivid-dreams-blouse#Dusty%20Rose,arya-frilled-blouse#Oyster,semi-hard,0.33486632957609086
Laura,vivid-dreams-blouse#Dusty%20Rose,half-sleeve-fluffy-knit#Ivory,random,0.46180648790949774
Laura,waterfall-cardi-1#Black,layer-me-bamboo-rouched-sleeve-tee#White,hard,0.26908308629765826
Laura,waterfall-cardi-1#Black,natural-detailed-sweater#Tinroof,semi-hard,0.3598351281350216
Laura,waterfall-cardi-1#Black,striped-sleeve-sweater#Striped,random,0.9473684210526315
Laura,waterfall-cardi-1#Navy,daylight-cardi#Silver,hard,0.2588330954532421
Laura,waterfall-cardi-1#Navy,the-tie-sleeve-blouse#Grey,semi-hard,0.33683814552472446
Laura,waterfall-cardi-1#Navy,foil-2-in-1-spot-top#Charcoal,random,0.44705106416500073
Laura,westward-top#BotanicalD,fundamental-vee-tee#Pink,hard,0.2529973978331078
Laura,westward-top#BotanicalD,fundamental-sydney-crew#Burgundy,semi-hard,0.34983740137042374
Laura,westward-top#BotanicalD,long-sleeve-softly-swinging-bamboo-tee#DuckEgg,random,0.4250364300750983
Lauren,belle-drape-tee#Black,freya-fringe-blouse#Navy,hard,0.23309095418470419
Lauren,belle-drape-tee#Black,cover-up-slouch-cardi#Alloy,semi-hard,0.2919135551948052
Lauren,belle-drape-tee#Black,rosie-bell-sleeve-denim-shirt#Stripe,random,0.32965367965367964
Lauren,belle-drape-tee#Sliver,heart-spliced-top#Navy,hard,0.24646464646464647
Lauren,belle-drape-tee#Sliver,the-sleeveless-cross-over-blouse#Mint,semi-hard,0.30472301136363633
Lauren,belle-drape-tee#Sliver,the-stella-tee#Marine,random,0.3145630411255411
Lauren,belle-half-sleeve-boat-tee#Black,the-reversible-cowl-neck-top-1#Black,hard,0.25165212391774894
Lauren,belle-half-sleeve-boat-tee#Black,manhattan-stretch-tee#White,semi-hard,0.25813943001443
Lauren,belle-half-sleeve-boat-tee#Black,falling-for-you-cardi#GreyMarle,random,0.35555555555555557
Lauren,belle-half-sleeve-boat-tee#White,stara-cardigan#GreyMarle,hard,0.19311342592592595
Lauren,belle-half-sleeve-boat-tee#White,pure-merino-fine-rib-polo#BlackStri,semi-hard,0.2971444354256854
Lauren,belle-half-sleeve-boat-tee#White,the-drape-tee-1#NavyStripe,random,0.35997850529100534
Lauren,belle-handkerchief-printed-cami#RustFlwrs,bo-cosy-cardigan#Storm,hard,0.23341224747474748
Lauren,belle-handkerchief-printed-cami#RustFlwrs,maui-stretch-tee#White,semi-hard,0.2837391774891775
Lauren,belle-handkerchief-printed-cami#RustFlwrs,print-tee-3#Music,random,0.3828125
Lauren,belle-mesh-cardi#Black,overlay-tunic-3-pce-set#Emerald,hard,0.20310921717171718
Lauren,belle-mesh-cardi#Black,button-through-animal-shirt#Animal,semi-hard,0.25819016053391053
Lauren,belle-mesh-cardi#Black,viola-kimono-radiant-floral#Grey,random,0.55
Lauren,belle-square-neck-drape-tee#Vanilla,collared-shirt-1#White,hard,0.2400602002164502
Lauren,belle-square-neck-drape-tee#Vanilla,belle-half-sleeve-forgiver-tunic#BlueBonnet,semi-hard,0.25506121482683985
Lauren,belle-square-neck-drape-tee#Vanilla,the-cut-out-shoulder-blouse#Silver,random,0.3266447961760462
Lauren,belle-tie-front-shirt#Black,the-wrap-jersey-top#NavyWhite,hard,0.2167235975829726
Lauren,belle-tie-front-shirt#Black,reversible-scoopv-neck-tank#Navy,semi-hard,0.26090367965367967
Lauren,belle-tie-front-shirt#Black,summer-breeze-top-1#White,random,0.4332671957671958
Lauren,belle-twist-front-tee-1#Black,daylight-cardi#Silver,hard,0.21589105339105338
Lauren,belle-twist-front-tee-1#Black,long-sleeve-softly-swinging-bamboo-tee#White,semi-hard,0.2864769345238095
Lauren,belle-twist-front-tee-1#Black,the-tie-detail-hoody#Pink,random,0.4037698412698413
Lauren,cotton-candy-side-split-top#IceBlue,clovis-shirt#NavyGold,hard,0.24989628427128427
Lauren,cotton-candy-side-split-top#IceBlue,the-reversible-cowl-neck-top-2#Ocean,semi-hard,0.2878043831168831
Lauren,cotton-candy-side-split-top#IceBlue,the-boat-neck-top#Black,random,0.5149948142135642
Lauren,drama-top#BlackGrey,the-cape-jersey-top#DarkNavy,hard,0.21736392947330446
Lauren,drama-top#BlackGrey,softly-swinging-bamboo-tee#Navy,semi-hard,0.31097357503607503
Lauren,drama-top#BlackGrey,sunshine-in-me-tee-1#GreyMarle,random,0.3641865079365079
Lauren,layer-me-cotton-candy-top#Cream,always-mine-spliced-cardigan#GreyEmeral,hard,0.24213113275613277
Lauren,layer-me-cotton-candy-top#Cream,shirt-in-a-box#Silver,semi-hard,0.2701997655122655
Lauren,layer-me-cotton-candy-top#Cream,print-tee-3#Bike,random,0.3828125
Lauren,natural-classic-cardigan#Pebble,natural-tie-tunic#BlueSky,hard,0.24131493506493507
Lauren,natural-classic-cardigan#Pebble,cooks-shirt#Stripes,semi-hard,0.2540674603174603
Lauren,natural-classic-cardigan#Pebble,the-cut-out-shoulder-blouse#Black,random,0.3266447961760462
Lauren,natural-cross-back-knit#Lightsmoke,neptune-top-1#PrimBlack,hard,0.23288690476190477
Lauren,natural-cross-back-knit#Lightsmoke,linen-v-neck-cami-2#BlueWhite,semi-hard,0.3032986111111111
Lauren,natural-cross-back-knit#Lightsmoke,the-cotton-blend-stripe-jumper#BlueStripe,random,0.3424603174603174
Lauren,natural-textured-poncho#Deeprain,daylight-cardi#Silver,hard,0.21589105339105338
Lauren,natural-textured-poncho#Deeprain,cara-tee-3#ZebraPrint,semi-hard,0.2551079996392496
Lauren,natural-textured-poncho#Deeprain,makeover-blouse#LimeGreen,random,0.6333333333333333
Lauren,sugar-snaps-throw-jacket#Black,fern-print-top#Navy,hard,0.2433824855699856
Lauren,sugar-snaps-throw-jacket#Black,wonderland-blouse#Ink,semi-hard,0.2891865079365079
Lauren,sugar-snaps-throw-jacket#Black,triangle-detail-long-sleeve-tee#Bordeaux,random,0.3110942009379509
Lauren,sugar-snaps-throw-jacket#Duckegg,ruffle-hem-jersey-top#Pink,hard,0.23223417207792207
Lauren,sugar-snaps-throw-jacket#Duckegg,long-sleeve-softly-swinging-bamboo-tee#SilverScon,semi-hard,0.2864769345238095
Lauren,sugar-snaps-throw-jacket#Duckegg,makeover-blouse#LimeGreen,random,0.6333333333333333
Lauren,sugar-snaps-throw-jacket#White,capri-tank-6#HeatheGrey,hard,0.2527112644300144
Lauren,sugar-snaps-throw-jacket#White,milan-stretch-top#NavyWhtStr,semi-hard,0.30456461940836943
Lauren,sugar-snaps-throw-jacket#White,the-drape-tee-1#White,random,0.35997850529100534
Lauren,the-contrast-knit-1#Navy,the-long-sleeve-v-neck-tee#White,hard,0.23075622294372294
Lauren,the-contrast-knit-1#Navy,long-sleeve-softly-swinging-bamboo-tee#TeaRose,semi-hard,0.2864769345238095
Lauren,the-contrast-knit-1#Navy,meredith-78-oversized-pullover-knit#WhiteCapGr,random,0.6722703222703222
Lauren,the-contrast-knit-1#Sage,the-uneven-hem-knit-1#Sage,hard,0.07873376623376624
Lauren,the-contrast-knit-1#Sage,star-and-spot-sweater#SilverMult,semi-hard,0.2713609307359307
Lauren,the-contrast-knit-1#Sage,the-batwing-tee#Black,random,0.3540088383838384
Lauren,the-cosy-cardigan#Blue,spiced-stripe-tee#NavyWhite,hard,0.25201343795093795
Lauren,the-cosy-cardigan#Blue,animal-knit-1#Animal,semi-hard,0.2573976370851371
Lauren,the-cosy-cardigan#Blue,sugar-snaps-layers-tank#Red,random,0.33467881944444444
Lauren,the-cosy-cardigan#Grey,the-tie-sleeve-blouse#Grey,hard,0.22385630862193362
Lauren,the-cosy-cardigan#Grey,capri-tank-3#Black,semi-hard,0.25779108044733046
Lauren,the-cosy-cardigan#Grey,the-cross-over-blouse#RoyalBlue,random,0.31108010912698414
Lauren,the-pirate-in-me-shirt#White,ruffle-hem-jersey-top#Pink,hard,0.23223417207792207
Lauren,the-pirate-in-me-shirt#White,wellington-tee#Black,semi-hard,0.2797190656565657
Lauren,the-pirate-in-me-shirt#White,the-cross-over-blouse#Silver,random,0.31108010912698414
Lauren,the-sleeve-detail-knit#Ivory,lenka-lurex-stripe-blouse#NavyGoldSt,hard,0.24761002886002886
Lauren,the-sleeve-detail-knit#Ivory,belle-v-neck-forgiver-tunic#Scarlett,semi-hard,0.2653025793650794
Lauren,the-sleeve-detail-knit#Ivory,the-pleated-sleeve-top#Sage,random,0.4165674603174603
Lauren,the-tie-front-tank#Navy,ruffle-top-4#Terracotta,hard,0.25151289682539685
Lauren,the-tie-front-tank#Navy,softly-swinging-bamboo-tee#Navy,semi-hard,0.31097357503607503
Lauren,the-tie-front-tank#Navy,adventurous-hoody#Pink,random,0.4122959505772006
Lauren,the-tie-front-tank#White,ruffle-top-4#Terracotta,hard,0.25151289682539685
Lauren,the-tie-front-tank#White,elcos-45-aop-top-jrs#BlackZigZa,semi-hard,0.27902800324675325
Lauren,the-tie-front-tank#White,adventurous-hoody#Pink,random,0.4122959505772006
Lauren,the-twist-front-top#Grey,silver-dot-tie-sleeve-blouse#SilverDotP,hard,0.24867875180375182
Lauren,the-twist-front-top#Grey,glasgow-top#Melange,semi-hard,0.2917230339105339
Lauren,the-twist-front-top#Grey,falling-for-you-top#Blue,random,0.3789597988816739
Lauren,the-twist-front-top#Navy,magnolia-fields-keyhole-blouse#Magnolia,hard,0.24028228715728714
Lauren,the-twist-front-top#Navy,crushed-top#Blue,semi-hard,0.29154604076479074
Lauren,the-twist-front-top#Navy,the-cross-over-blouse#Silver,random,0.31108010912698414
Lauren,the-zip-detail-jacket#Grey,sparkly-star-tee#Blue,hard,0.2533256673881674
Lauren,the-zip-detail-jacket#Grey,the-lace-trim-top#Black,semi-hard,0.2919229497354497
Lauren,the-zip-detail-jacket#Grey,natural-waterfall-cardigan#Fallendust,random,0.5444444444444444
Lauren,to-the-beat-of-the-drum-kimono#Leaf,the-bamboo-tunic-dress#Khaki,hard,0.2429232804232804
Lauren,to-the-beat-of-the-drum-kimono#Leaf,long-sleeve-softly-swinging-bamboo-tee#DuckEgg,semi-hard,0.2864769345238095
Lauren,to-the-beat-of-the-drum-kimono#Leaf,annabelle-sweater#Midnight,random,0.5269660894660895
Lisa,ashbury-cardigan#Mocha,roll-neck-jumper-3#GreyMarl,hard,0.3204601259741646
Lisa,ashbury-cardigan#Mocha,freya-fringe-blouse#Navy,semi-hard,0.40502384256788015
Lisa,ashbury-cardigan#Mocha,sugar-snaps-layers-tank#DuckEgg,random,0.6168881890324188
Lisa,frill-sleeve-top-1#LeafPrint,nova-lux-solid-v-neck-placket-shirt#CloudDance,hard,0.37297605067435324
Lisa,frill-sleeve-top-1#LeafPrint,circles-knit#Plum,semi-hard,0.4175394114088467
Lisa,frill-sleeve-top-1#LeafPrint,beloved-stripe-pull-over-hoodie#NavyWhite,random,0.5646062417707555
Lisa,out-of-my-mind-scallop-knit#GreyMarle,falling-for-you-cardi#Black,hard,0.3333333333333333
Lisa,out-of-my-mind-scallop-knit#GreyMarle,maui-stretch-tee#NavyWhtStr,semi-hard,0.3843083876018647
Lisa,out-of-my-mind-scallop-knit#GreyMarle,the-printed-v-split-top#Natural,random,0.657128453317201
Lisa,partly-cloudy-knit#Black,dusk-top#DuskPrint,hard,0.33690260133091343
Lisa,partly-cloudy-knit#Black,the-design-fold-tunic-top#PearlBlue,semi-hard,0.4398467432950192
Lisa,partly-cloudy-knit#Black,flying-free-top-3#WhiteBird,random,0.5883562862531582
Lisa,partly-cloudy-knit#PawPaw,bamboo-layer-tank#Chalk,hard,0.27942421977865556
Lisa,partly-cloudy-knit#PawPaw,the-bamboo-tunic-dress#Khaki,semi-hard,0.4714458560193588
Lisa,partly-cloudy-knit#PawPaw,the-essential-pullover#DustyPeach,random,0.5534986892518653
Lisa,seeker-knot-front-shirt#Olive,aztec-cardigan#BlackIvory,hard,0.309730525604071
Lisa,seeker-knot-front-shirt#Olive,kimberly-spliced-top#Black,semi-hard,0.393429059464076
Lisa,seeker-knot-front-shirt#Olive,long-sleeve-ruffle-shirt#Navy,random,0.5729288993274261
Lisa,the-boat-neck-top#Black,manhattan-stretch-tee#White,hard,0.2886436425749973
Lisa,the-boat-neck-top#Black,cascade-hood-top#Black,semi-hard,0.5263246859542365
Lisa,the-boat-neck-top#Black,spot-layered-tee#Blue,random,0.616462047613964
Lisa,the-boat-neck-top#Navy,melbourne-stretch-cardigan#Navy,hard,0.35954903740080424
Lisa,the-boat-neck-top#Navy,wellington-tee#HeatheGrey,semi-hard,0.522901320237714
Lisa,the-boat-neck-top#Navy,cross-over-top-with-pocket#BlackWhite,random,0.5786671292836554
Ljubenka,34-sleeve-shirt-1#SkyWhite,aida-long-tunic-shirt#AidaStripe,hard,0.17524215052624142
Ljubenka,34-sleeve-shirt-1#SkyWhite,geena-xo-ls-pullover-knit#Allure,semi-hard,0.24165022162181254
Ljubenka,34-sleeve-shirt-1#SkyWhite,the-cosy-cardigan#Blue,random,0.4276709401709402
Ljubenka,belle-flocked-tunic#Pale%20Blue,fundamental-stripe-long-sleeve-tee#WhiteBlack,hard,0.20905978491205762
Ljubenka,belle-flocked-tunic#Pale%20Blue,long-sleeve-softly-swinging-bamboo-tee#Navy,semi-hard,0.29452115119728756
Ljubenka,belle-flocked-tunic#Pale%20Blue,the-contrast-trim-knit#BlackWhite,random,0.38632478632478634
Ljubenka,belle-flocked-tunic#White,layer-me-bamboo-rouched-sleeve-tee#Fern,hard,0.1974717675001766
Ljubenka,belle-flocked-tunic#White,nature-ls-top#BlueGum,semi-hard,0.2828079748534294
Ljubenka,belle-flocked-tunic#White,rama-top#Stonewash,random,0.4354206399660945
Ljubenka,belle-flute-sleeve-tee#Navy,belle-half-sleeve-boat-tee#White,hard,0.21491720085470087
Ljubenka,belle-flute-sleeve-tee#Navy,luxe-shirt#Champagne,semi-hard,0.2860881542699724
Ljubenka,belle-flute-sleeve-tee#Navy,the-v-neck-stripe-top#BlkStripe,random,0.4946863742318288
Ljubenka,belle-half-sleeve-forgiver-tunic#Apricot,square-nk-fray-trim-top#Denim,hard,0.19908172635445362
Ljubenka,belle-half-sleeve-forgiver-tunic#Apricot,walk-in-the-park-cardi#Sand,semi-hard,0.2708689458689459
Ljubenka,belle-half-sleeve-forgiver-tunic#Apricot,ivy-cosy-pullover#Storm,random,0.34783830437239527
Ljubenka,belle-half-sleeve-forgiver-tunic#Black,cyrus-top#LightRose,hard,0.2094794094794095
Ljubenka,belle-half-sleeve-forgiver-tunic#Black,the-panel-hem-top#Khaki,semi-hard,0.27547834110334113
Ljubenka,belle-half-sleeve-forgiver-tunic#Black,belle-mid-length-knit-cardi#Black,random,0.3430218928798474
Ljubenka,belle-half-sleeve-forgiver-tunic#BlueBonnet,freya-fringe-blouse#Navy,hard,0.19772374090555908
Ljubenka,belle-half-sleeve-forgiver-tunic#BlueBonnet,moonlight-kisses-bamboo-tee#Saffron,semi-hard,0.29722652662993576
Ljubenka,belle-half-sleeve-forgiver-tunic#BlueBonnet,the-contrast-detail-top#Ivory,random,0.43333333333333335
Ljubenka,belle-half-sleeve-forgiver-tunic#FlamPink,daylight-cardi#Silver,hard,0.18857367380094653
Ljubenka,belle-half-sleeve-forgiver-tunic#FlamPink,sailaway-blouse#OxfordBlue,semi-hard,0.29554843304843303
Ljubenka,belle-half-sleeve-forgiver-tunic#FlamPink,heartmade-sweater#Rust,random,0.3827246827246828
Ljubenka,belle-half-sleeve-forgiver-tunic#MutedClay,waterfall-cardi-1#Black,hard,0.2030543635657272
Ljubenka,belle-half-sleeve-forgiver-tunic#MutedClay,the-zip-front-top#Rose,semi-hard,0.2713264639401003
Ljubenka,belle-half-sleeve-forgiver-tunic#MutedClay,the-contrast-knit-1#Navy,random,0.33997507122507126
Ljubenka,belle-half-sleeve-forgiver-tunic#White,millie-top#WhiteBlk,hard,0.1928661616161616
Ljubenka,belle-half-sleeve-forgiver-tunic#White,natural-detailed-sweater#Tinroof,semi-hard,0.3009630100539191
Ljubenka,belle-half-sleeve-forgiver-tunic#White,belle-paint-brush-print-top#PaintPrint,random,0.4871722027972028
Ljubenka,belle-nautical-applique-tee#BlueStripe,spliced-stripe-tunic#Navy,hard,0.1696521597089779
Ljubenka,belle-nautical-applique-tee#BlueStripe,elcos-top#LightGrey,semi-hard,0.270513924207106
Ljubenka,belle-nautical-applique-tee#BlueStripe,the-tie-detail-hoody#FrenchBlue,random,0.4497863247863248
Ljubenka,belle-tie-neck-blouse-tee#RoyalBlue,boho-embroidered-top#BohoDenim,hard,0.21546937910574274
Ljubenka,belle-tie-neck-blouse-tee#RoyalBlue,the-tie-front-tank#White,semi-hard,0.2617725550964187
Ljubenka,belle-tie-neck-blouse-tee#RoyalBlue,belle-satin-shirt#Black,random,0.3536543317793318
Ljubenka,belle-tie-neck-blouse-tee#White,bo-cosy-cardigan#Storm,hard,0.21254745885427703
Ljubenka,belle-tie-neck-blouse-tee#White,nature-ls-top#BlueGum,semi-hard,0.2828079748534294
Ljubenka,belle-tie-neck-blouse-tee#White,long-sleeve-spot-top#Multispot,random,0.5424071719526266
Ljubenka,belle-tier-tee#Blue,forget-me-knot-tunic#ForgetMeK,hard,0.1769396323373596
Ljubenka,belle-tier-tee#Blue,soft-and-true-tunic#Pine,semi-hard,0.25210375167761534
Ljubenka,belle-tier-tee#Blue,paradise-top#Red,random,0.3397435897435897
Ljubenka,belle-v-neck-forgiver-tunic#ArmyGreen,weekend-cardigan#Black,hard,0.1572744490358127
Ljubenka,belle-v-neck-forgiver-tunic#ArmyGreen,geneva-v-neck-top#Olive,semi-hard,0.26136098749735115
Ljubenka,belle-v-neck-forgiver-tunic#ArmyGreen,natural-cosy-sweater#Rosered,random,0.4322649572649573
Ljubenka,belle-v-neck-forgiver-tunic#Black,spiced-stripe-tee#NavyWhite,hard,0.21482548385957476
Ljubenka,belle-v-neck-forgiver-tunic#Black,fundamental-sydney-crew#Burgundy,semi-hard,0.2540004503072685
Ljubenka,belle-v-neck-forgiver-tunic#Black,the-stitch-detail-top#Pink,random,0.39015835805608534
Ljubenka,belle-v-neck-forgiver-tunic#BlueMarle,fundamental-vee-tee#Black,hard,0.20047061524334253
Ljubenka,belle-v-neck-forgiver-tunic#BlueMarle,ella-funnel-neck-top#Khaki,semi-hard,0.26675242371265095
Ljubenka,belle-v-neck-forgiver-tunic#BlueMarle,the-blouson-sleeve-jumper#Grey,random,0.3613247863247864
Ljubenka,belle-v-neck-forgiver-tunic#Charcoal,boho-embroidered-top#BohoDenim,hard,0.21546937910574274
Ljubenka,belle-v-neck-forgiver-tunic#Charcoal,long-sleeve-softly-swinging-bamboo-tee#Smoke,semi-hard,0.29452115119728756
Ljubenka,belle-v-neck-forgiver-tunic#Charcoal,the-lace-trim-top#Black,random,0.3438428574792211
Ljubenka,belle-v-neck-forgiver-tunic#DenimMarl,aigli-top#White,hard,0.2155881366108639
Ljubenka,belle-v-neck-forgiver-tunic#DenimMarl,moonlight-kisses-bamboo-tee#Saffron,semi-hard,0.29722652662993576
Ljubenka,belle-v-neck-forgiver-tunic#DenimMarl,off-shoulder-top-2#FloraLace,random,0.4226495726495727
Ljubenka,belle-v-neck-forgiver-tunic#Navy,fundamental-stripe-long-sleeve-tee#WhiteBlack,hard,0.20905978491205762
Ljubenka,belle-v-neck-forgiver-tunic#Navy,glasgow-top#Melange,semi-hard,0.28494406477361023
Ljubenka,belle-v-neck-forgiver-tunic#Navy,the-daily-essential-jumper#Grey,random,0.42770655270655267
Ljubenka,belle-v-neck-forgiver-tunic#Scarlett,fundamental-vee-tee#Black,hard,0.20047061524334253
Ljubenka,belle-v-neck-forgiver-tunic#Scarlett,paradise-cardi#MultiStrip,semi-hard,0.24566711697393517
Ljubenka,belle-v-neck-forgiver-tunic#Scarlett,coil-print-hi-lo-shirt#White,random,0.3225509023804478
Ljubenka,belle-v-neck-forgiver-tunic#Tobacco,tutti-frutti-drop-shoulder-tee#Orange,hard,0.21429063360881542
Ljubenka,belle-v-neck-forgiver-tunic#Tobacco,belle-twist-front-tee-1#Black,semi-hard,0.2472096401073674
Ljubenka,belle-v-neck-forgiver-tunic#Tobacco,pattern-tunic-1#Lattice,random,0.639938060676697
Ljubenka,belle-v-neck-forgiver-tunic#White,bird-print-jumper#Navy,hard,0.21520714134350497
Ljubenka,belle-v-neck-forgiver-tunic#White,the-ultimate-tie-cardi#Black,semi-hard,0.24568223758564667
Ljubenka,belle-v-neck-forgiver-tunic#White,belle-tie-front-shirt#Black,random,0.46831746220950765
Ljubenka,cross-my-heart-sweater#Regal,layer-me-bamboo-rouched-sleeve-tee#Copper,hard,0.1974717675001766
Ljubenka,cross-my-heart-sweater#Regal,linen-cotton-shirt#White,semi-hard,0.25445804195804195
Ljubenka,cross-my-heart-sweater#Regal,belle-polka-dot-blouse#WhiteSpot,random,0.4433916304654941
Ljubenka,falling-for-you-cardi#Black,cherrington-top#GreyRose,hard,0.21515306032351486
Ljubenka,falling-for-you-cardi#Black,the-tie-front-tank#White,semi-hard,0.2617725550964187
Ljubenka,falling-for-you-cardi#Black,chill-out-slouch-top#GreyMarle,random,0.49533965087942367
Ljubenka,falling-for-you-cardi#Dusty,york-linen-blend-long-cardigan#BurntOrang,hard,0.18653603341103342
Ljubenka,falling-for-you-cardi#Dusty,frill-me-tie-throw-on#WhiteBlk,semi-hard,0.24232457883026065
Ljubenka,falling-for-you-cardi#Dusty,selene-cardigan#Ivy,random,0.5275561559652469
Ljubenka,falling-for-you-cardi#GreyMarle,foil-spot-tee-1#Navy,hard,0.21546650950060042
Ljubenka,falling-for-you-cardi#GreyMarle,hacienda-tunic-pushkar#Cornflower,semi-hard,0.2780382496291587
Ljubenka,falling-for-you-cardi#GreyMarle,printed-v-neck-top#Striped,random,0.35179710861529045
Ljubenka,falling-for-you-cardi#Khaki,eco-78-long-cardigan#LightGreyM,hard,0.1982495408631772
Ljubenka,falling-for-you-cardi#Khaki,elcos-45-aop-top-jrs#BlackZigZa,semi-hard,0.2618523521932613
Ljubenka,falling-for-you-cardi#Khaki,clio-knit-jumper#InkWhite,random,0.3826210826210826
Ljubenka,falling-for-you-cardi#Mustard,fundamental-vee-tee#White,hard,0.20047061524334253
Ljubenka,falling-for-you-cardi#Mustard,maui-stretch-tee#NavyWhtStr,semi-hard,0.2724862258953168
Ljubenka,falling-for-you-cardi#Mustard,the-weekender-shirt#GreyStripe,random,0.3390042617315345
Ljubenka,falling-for-you-cardi#Navy,millie-top#BlackSpot,hard,0.1928661616161616
Ljubenka,falling-for-you-cardi#Navy,belle-drape-tee#Sliver,semi-hard,0.29204203309316945
Ljubenka,falling-for-you-cardi#Navy,the-bell-sleeve-top#BlkStripe,random,0.4206018518518519
Ljubenka,falling-for-you-cardi#Port,colourblock-cardi#NavyRed,hard,0.172501677615314
Ljubenka,falling-for-you-cardi#Port,dahlia-lace-trim-blouse#Dusk,semi-hard,0.22751951331496786
Ljubenka,falling-for-you-cardi#Port,adventurous-hoody#Pink,random,0.40094520378611287
Ljubenka,falling-for-you-cardi#Rust,capri-tank-6#HeatheGrey,hard,0.1967699283040192
Ljubenka,falling-for-you-cardi#Rust,melbourne-stretch-cardigan#NavyWhtStr,semi-hard,0.24150541693155328
Ljubenka,falling-for-you-cardi#Rust,belle-tie-front-shirt#Black,random,0.46831746220950765
Ljubenka,falling-for-you-cardi#Teal,capri-tank-3#White,hard,0.20359208342162888
Ljubenka,falling-for-you-cardi#Teal,daisy-top-1#BrightBlue,semi-hard,0.22826031291940382
Ljubenka,falling-for-you-cardi#Teal,the-cascade-blouse#Auburn,random,0.31291333350992445
Ljubenka,layered-tee-2#Black,heartmade-cardi#DustyRose,hard,0.20441654305290669
Ljubenka,layered-tee-2#Black,long-sleeve-softly-swinging-bamboo-tee#Oyster,semi-hard,0.29452115119728756
Ljubenka,layered-tee-2#Black,rama-top#Stonewash,random,0.4354206399660945
Ljubenka,layered-tee-2#White,reversible-scoopv-neck-tank#Navy,hard,0.20761747721974996
Ljubenka,layered-tee-2#White,the-stripe-jersey-top#Pink,semi-hard,0.28781035883308614
Ljubenka,layered-tee-2#White,print-tee-3#Music,random,0.3942815391679028
Ljubenka,long-sleeve-tee-2#NavyWhite,the-cotton-bamboo-tee#BlueJeans,hard,0.11743527936709755
Ljubenka,long-sleeve-tee-2#NavyWhite,frill-me-tie-throw-on#WhiteBlk,semi-hard,0.24232457883026065
Ljubenka,long-sleeve-tee-2#NavyWhite,belle-paint-brush-print-top#PaintPrint,random,0.4871722027972028
Ljubenka,paisley-top-1#Paisley,rib-tank-2#Mustard,hard,0.1988033746556474
Ljubenka,paisley-top-1#Paisley,messina-v-neck-tee#Black,semi-hard,0.23544514197923289
Ljubenka,paisley-top-1#Paisley,off-shoulder-top-2#FloraLace,random,0.4226495726495727
Ljubenka,ponte-spot-top#BlackWhite,aztec-cardigan#Orange,hard,0.1793948002754821
Ljubenka,ponte-spot-top#BlackWhite,manhattan-stretch-tee#White,semi-hard,0.22930131736949919
Ljubenka,ponte-spot-top#BlackWhite,jade-kimono-sweet-blossoms#Blue,random,0.3299215935579572
Ljubenka,runaway-top#JetBlack,kimberly-spliced-top#Black,hard,0.21434052059052058
Ljubenka,runaway-top#JetBlack,elcos-top#LightGrey,semi-hard,0.270513924207106
Ljubenka,runaway-top#JetBlack,ivy-cosy-pullover#Blossom,random,0.34783830437239527
Ljubenka,runaway-top#Sand,reversible-stripe-vee-scoop-neck-tank#BlackWhite,hard,0.20595376845376845
Ljubenka,runaway-top#Sand,ines-top#NavyStrip,semi-hard,0.22305551140778412
Ljubenka,runaway-top#Sand,the-contrast-panel-top#BlkStripe,random,0.4222222222222222
Ljubenka,runaway-top#SoftMint,square-nk-fray-trim-top#Denim,hard,0.19908172635445362
Ljubenka,runaway-top#SoftMint,milan-stretch-top#Black,semi-hard,0.3044278007346189
Ljubenka,runaway-top#SoftMint,adventurous-hoody#Pink,random,0.40094520378611287
Ljubenka,runaway-top#SoftPink,capri-tank-6#HeatheGrey,hard,0.1967699283040192
Ljubenka,runaway-top#SoftPink,cascade-hood-top#Black,semi-hard,0.2717675001765911
Ljubenka,runaway-top#SoftPink,jade-kimono-sweet-blossoms#Blue,random,0.3299215935579572
Ljubenka,softly-swinging-bamboo-singlet#BlueJean,printed-v-neck-blouse#NavyWhite,hard,0.19970376845376844
Ljubenka,softly-swinging-bamboo-singlet#BlueJean,emerald-knit#Emerald,semi-hard,0.23944316415907324
Ljubenka,softly-swinging-bamboo-singlet#BlueJean,grace-oversized-knit#InkWhite,random,0.3520232923642015
Ljubenka,softly-swinging-bamboo-singlet#Cashew,everyday-linen-tunic#BotanicalB,hard,0.1853109327541146
Ljubenka,softly-swinging-bamboo-singlet#Cashew,indi-crosover-front-blouse#MixedStrip,semi-hard,0.25395299145299144
Ljubenka,softly-swinging-bamboo-singlet#Cashew,partly-cloudy-knit#PawPaw,random,0.43842592592592594
Ljubenka,softly-swinging-bamboo-tee#Black,everyday-linen-tunic#BotanicalB,hard,0.1853109327541146
Ljubenka,softly-swinging-bamboo-tee#Black,the-bamboo-tunic-dress#Khaki,semi-hard,0.29317416590143863
Ljubenka,softly-swinging-bamboo-tee#Black,the-cross-over-top#NavyStripe,random,0.41796652421652425
Ljubenka,softly-swinging-bamboo-tee#BlueJeans,rib-tank-2#Khaki,hard,0.1988033746556474
Ljubenka,softly-swinging-bamboo-tee#BlueJeans,the-sleeveless-cross-over-blouse#Mint,semi-hard,0.2991699115278661
Ljubenka,softly-swinging-bamboo-tee#BlueJeans,grace-oversized-knit#StoneBlack,random,0.3520232923642015
Ljubenka,softly-swinging-bamboo-tee#Blush,meadow-cardigan#Cream,hard,0.157346189164371
Ljubenka,softly-swinging-bamboo-tee#Blush,robyn-top-1#Roanne,semi-hard,0.2524287160650797
Ljubenka,softly-swinging-bamboo-tee#Blush,out-of-my-mind-scallop-knit#GreyMarle,random,0.3207472451790634
Ljubenka,softly-swinging-bamboo-tee#Cashew,capri-tank-3#NavyStripe,hard,0.20359208342162888
Ljubenka,softly-swinging-bamboo-tee#Cashew,manhattan-stretch-tee#NavyWhtStr,semi-hard,0.22930131736949919
Ljubenka,softly-swinging-bamboo-tee#Cashew,the-weekender-shirt#GreyStripe,random,0.3390042617315345
Ljubenka,softly-swinging-bamboo-tee#Chambray,cherrington-top#GreyRose,hard,0.21515306032351486
Ljubenka,softly-swinging-bamboo-tee#Chambray,geneva-v-neck-top#ClaySpot,semi-hard,0.26136098749735115
Ljubenka,softly-swinging-bamboo-tee#Chambray,summer-haze-top#Teal,random,0.4137322746697747
Ljubenka,softly-swinging-bamboo-tee#Copper,st-helens-henley-tee#Sapphire,hard,0.18807392102846648
Ljubenka,softly-swinging-bamboo-tee#Copper,the-design-fold-tunic-top#PearlBlue,semi-hard,0.2695250877069059
Ljubenka,softly-swinging-bamboo-tee#Copper,daisy-chain-tassel-blouse#DeepBlue,random,0.45158637658637657
Ljubenka,softly-swinging-bamboo-tee#Jewel,the-frill-wrap-blouse#Spot,hard,0.20056652627675356
Ljubenka,softly-swinging-bamboo-tee#Jewel,the-tie-front-tank#White,semi-hard,0.2617725550964187
Ljubenka,softly-swinging-bamboo-tee#Jewel,batty-about-you-cotton-tee#BlkWhite,random,0.36445508405735677
Ljubenka,softly-swinging-bamboo-tee#Navy,square-nk-fray-trim-top#Denim,hard,0.19908172635445362
Ljubenka,softly-swinging-bamboo-tee#Navy,frost-cardigan#Mauvewoo,semi-hard,0.22941654305290668
Ljubenka,softly-swinging-bamboo-tee#Navy,sadie-crew#GreyMarle,random,0.3970568152386334
Ljubenka,softly-swinging-bamboo-tee#Starfish,bella-ls-tee#GreenWhite,hard,0.19522431482658753
Ljubenka,softly-swinging-bamboo-tee#Starfish,frill-me-tie-throw-on#WhiteBlk,semi-hard,0.24232457883026065
Ljubenka,softly-swinging-bamboo-tee#Starfish,the-long-sleeve-scoop-neck-tee#White,random,0.3733974358974359
Ljubenka,softly-swinging-bamboo-tee#Storm,bo-cosy-cardigan#Blossom,hard,0.21254745885427703
Ljubenka,softly-swinging-bamboo-tee#Storm,long-sleeve-softly-swinging-bamboo-tee#Cashew,semi-hard,0.29452115119728756
Ljubenka,softly-swinging-bamboo-tee#Storm,cross-over-top-with-pocket#BlackWhite,random,0.31226491311718585
Ljubenka,softly-swinging-bamboo-tee#TeaRose,stara-cardigan#GreyMarle,hard,0.20142921052011964
Ljubenka,softly-swinging-bamboo-tee#TeaRose,marlow-cardigan#Cream,semi-hard,0.23577338065974432
Ljubenka,softly-swinging-bamboo-tee#TeaRose,the-cotton-bamboo-ls-top#NavyStripe,random,0.3508411622047986
Ljubenka,softly-swinging-bamboo-tee#White,millie-top#Blush,hard,0.1928661616161616
Ljubenka,softly-swinging-bamboo-tee#White,rise-top#Ink,semi-hard,0.2443696139718867
Ljubenka,softly-swinging-bamboo-tee#White,spot-layered-tee#Blue,random,0.3411560976901886
Ljubenka,sugar-snaps-layers-tank#Black,capri-tank-3#Navy,hard,0.20359208342162888
Ljubenka,sugar-snaps-layers-tank#Black,first-love-kimono-jacket#Stone,semi-hard,0.28126986649713925
Ljubenka,sugar-snaps-layers-tank#Black,the-crossover-button-blouse-1#Ornate,random,0.5383547008547008
Ljubenka,sugar-snaps-layers-tank#Blue,the-cotton-bamboo-tee#DustyPink,hard,0.11743527936709755
Ljubenka,sugar-snaps-layers-tank#Blue,circles-knit#Plum,semi-hard,0.22503200713427987
Ljubenka,sugar-snaps-layers-tank#Blue,the-box-top#Blush,random,0.41992300628664264
Ljubenka,sugar-snaps-layers-tank#DeepCobalt,rib-tank-2#Mustard,hard,0.1988033746556474
Ljubenka,sugar-snaps-layers-tank#DeepCobalt,the-stripe-jersey-top#Pink,semi-hard,0.28781035883308614
Ljubenka,sugar-snaps-layers-tank#DeepCobalt,print-tee-3#Cntryhous,random,0.3942815391679028
Ljubenka,sugar-snaps-layers-tank#DuckEgg,cuddled-longline-cardigan#Sunflower,hard,0.1918392844529208
Ljubenka,sugar-snaps-layers-tank#DuckEgg,frill-blouse#Rust,semi-hard,0.22169752595888959
Ljubenka,sugar-snaps-layers-tank#DuckEgg,the-bonded-cotton-tunic-dress#Navy,random,0.3525796646535283
Ljubenka,sugar-snaps-layers-tank#Mint,the-cotton-bamboo-tee#DuckEgg,hard,0.11743527936709755
Ljubenka,sugar-snaps-layers-tank#Mint,robyn-top-1#Roanne,semi-hard,0.2524287160650797
Ljubenka,sugar-snaps-layers-tank#Mint,the-blouson-sleeve-jumper#Navy,random,0.3613247863247864
Ljubenka,sugar-snaps-layers-tank#NewBeige,silver-dot-tie-sleeve-blouse#SilverDotP,hard,0.19298491912128274
Ljubenka,sugar-snaps-layers-tank#NewBeige,sailaway-blouse#OxfordBlue,semi-hard,0.29554843304843303
Ljubenka,sugar-snaps-layers-tank#NewBeige,buttoned-top#Spotty,random,0.35234630689176144
Ljubenka,sugar-snaps-layers-tank#PeachyKeen,kimberly-spliced-top#Black,hard,0.21434052059052058
Ljubenka,sugar-snaps-layers-tank#PeachyKeen,diva-ruffle-jumper#Gold%20Spot,semi-hard,0.2744022391749664
Ljubenka,sugar-snaps-layers-tank#PeachyKeen,relaxed-animal-print-blouse#Leopard,random,0.4248028066209885
Ljubenka,sugar-snaps-layers-tank#Red,cuddled-longline-cardigan#Sunflower,hard,0.1918392844529208
Ljubenka,sugar-snaps-layers-tank#Red,the-sleeveless-cross-over-blouse#Black,semi-hard,0.2991699115278661
Ljubenka,sugar-snaps-layers-tank#Red,the-contrast-34-sleeve-top#Navy,random,0.43323753266935083
Ljubenka,sugar-snaps-layers-tank#SeaGreen,nova-lux-solid-v-neck-placket-shirt#CloudDance,hard,0.2094794094794095
Ljubenka,sugar-snaps-layers-tank#SeaGreen,always-mine-v-neck-knit#Terracotta,semi-hard,0.24477025499752772
Ljubenka,sugar-snaps-layers-tank#SeaGreen,the-boat-neck-top-1#Ink,random,0.33444078017941653
Ljubenka,sugar-snaps-layers-tank#White,bo-cosy-cardigan#Storm,hard,0.21254745885427703
Ljubenka,sugar-snaps-layers-tank#White,nova-lux-long-sleeve-tie-top#AidaStripe,semi-hard,0.22810712015257467
Ljubenka,sugar-snaps-layers-tank#White,beach-walk-shirt#Khaki,random,0.5876068376068375
Ljubenka,summer-whispers-kimono-1#Peacock,layered-top-2#Navy,hard,0.21070804195804194
Ljubenka,summer-whispers-kimono-1#Peacock,the-stripe-jersey-top#Blue,semi-hard,0.28781035883308614
Ljubenka,summer-whispers-kimono-1#Peacock,the-cotton-blend-stripe-jumper#BlueStripe,random,0.385042735042735
Ljubenka,the-asymmetrical-tank-top#HotPink,neptune-top-1#PrimBlack,hard,0.19397316698453063
Ljubenka,the-asymmetrical-tank-top#HotPink,the-tie-front-tank#Navy,semi-hard,0.2617725550964187
Ljubenka,the-asymmetrical-tank-top#HotPink,the-cross-over-top#GreyStripe,random,0.41796652421652425
Ljubenka,the-asymmetrical-tank-top#Indigo,merino-boyfriend-cardigan#MelangeStr,hard,0.18786730945821856
Ljubenka,the-asymmetrical-tank-top#Indigo,the-midi-waterfall-cardi#BlueMarle,semi-hard,0.2939348687928234
Ljubenka,the-asymmetrical-tank-top#Indigo,the-twist-front-top#Grey,random,0.4503205128205128
Ljubenka,the-bonded-cotton-shirt#Pink,bella-ls-tee#GreenWhite,hard,0.19522431482658753
Ljubenka,the-bonded-cotton-shirt#Pink,variegated-rib-knit#Silver,semi-hard,0.29678052376916014
Ljubenka,the-bonded-cotton-shirt#Pink,stud-trim-long-sleeve-top#Mint,random,0.4059260657272021
Ljubenka,the-cotton-bamboo-tank#Chambray,st-helens-henley-tee#White,hard,0.18807392102846648
Ljubenka,the-cotton-bamboo-tank#Chambray,nova-lux-long-sleeve-tie-top#AidaStripe,semi-hard,0.22810712015257467
Ljubenka,the-cotton-bamboo-tank#Chambray,jersey-split-back-hooded-top#NavyStrip,random,0.38507761178215727
Ljubenka,the-cotton-bamboo-tank#DarkNavy,square-nk-fray-trim-top#Denim,hard,0.19908172635445362
Ljubenka,the-cotton-bamboo-tank#DarkNavy,long-sleeve-softly-swinging-bamboo-tee#Cashew,semi-hard,0.29452115119728756
Ljubenka,the-cotton-bamboo-tank#DarkNavy,clio-knit-jumper#InkWhite,random,0.3826210826210826
Ljubenka,the-cotton-bamboo-tank#DuckEgg,double-layered-top-1#WSilver,hard,0.19963136610863882
Ljubenka,the-cotton-bamboo-tank#DuckEgg,marjorie-tie-blouse#BluePrint,semi-hard,0.2367841438864166
Ljubenka,the-cotton-bamboo-tank#DuckEgg,the-luxe-dobby-blouse#White,random,0.50032834904994
Ljubenka,the-cotton-bamboo-tank#Moonbeam,merino-boyfriend-cardigan#MelangeStr,hard,0.18786730945821856
Ljubenka,the-cotton-bamboo-tank#Moonbeam,indi-crosover-front-blouse#MixedStrip,semi-hard,0.25395299145299144
Ljubenka,the-cotton-bamboo-tank#Moonbeam,the-twist-hem-jumper#DenimMarle,random,0.33426867745049565
Ljubenka,the-cotton-bamboo-tank#White,fundamental-stripe-long-sleeve-tee#WhiteBlack,hard,0.20905978491205762
Ljubenka,the-cotton-bamboo-tank#White,irena-embroidered-blouse#DustyRose,semi-hard,0.22435654623154624
Ljubenka,the-cotton-bamboo-tank#White,the-cotton-bamboo-ls-top#NavyStripe,random,0.3508411622047986
Ljubenka,the-cross-over-blouse#Black,the-cotton-bamboo-tee#White,hard,0.11743527936709755
Ljubenka,the-cross-over-blouse#Black,the-tie-front-top#Navy,semi-hard,0.23226219802924347
Ljubenka,the-cross-over-blouse#Black,baobab-sweater#Bark,random,0.33107532198441286
Ljubenka,the-cross-over-blouse#Blue,double-layered-top-1#WSilver,hard,0.19963136610863882
Ljubenka,the-cross-over-blouse#Blue,the-batwing-tee#Stone,semi-hard,0.3076216712580349
Ljubenka,the-cross-over-blouse#Blue,snug-as-a-bug-jumper#Smoke,random,0.4106303418803419
Ljubenka,the-cross-over-blouse#Mint,aztec-cardigan#Orange,hard,0.1793948002754821
Ljubenka,the-cross-over-blouse#Mint,the-reversible-cowl-neck-top-1#Black,semi-hard,0.23370516793812246
Ljubenka,the-cross-over-blouse#Mint,the-long-sleeve-scoop-neck-tee#White,random,0.3733974358974359
Ljubenka,the-cross-over-blouse#Red,layer-me-bamboo-rouched-sleeve-tee#White,hard,0.1974717675001766
Ljubenka,the-cross-over-blouse#Red,the-relaxed-long-sleeve-tee#Black,semi-hard,0.31048656730474916
Ljubenka,the-cross-over-blouse#Red,under-the-stars-blouse#Petal,random,0.3793737197146288
Ljubenka,the-cross-over-blouse#RoyalBlue,layer-me-bamboo-rouched-sleeve-tee#White,hard,0.1974717675001766
Ljubenka,the-cross-over-blouse#RoyalBlue,hacienda-tunic-pushkar#Cornflower,semi-hard,0.2780382496291587
Ljubenka,the-cross-over-blouse#RoyalBlue,hem-frill-stripe-top#SoFrilled,random,0.49935897435897436
Ljubenka,the-cross-over-blouse#Silver,leah-knit-cardigan#Black,hard,0.1559383167337713
Ljubenka,the-cross-over-blouse#Silver,starry-night-cardi#Chalk,semi-hard,0.23547008547008547
Ljubenka,the-cross-over-blouse#Silver,the-tie-detail-hoody#Pink,random,0.4497863247863248
Ljubenka,the-cross-over-blouse#Sunshine,aigli-top#Navy,hard,0.2155881366108639
Ljubenka,the-cross-over-blouse#Sunshine,drapey-stripe-tee#Navy,semi-hard,0.23930189129052765
Ljubenka,the-cross-over-blouse#Sunshine,the-shoulder-tie-top#Black,random,0.38430513615172707
Ljubenka,the-cross-over-blouse#White,coogee-shirt#White,hard,0.18876483365119728
Ljubenka,the-cross-over-blouse#White,bertie-top#BlkCherry,semi-hard,0.2758705940524122
Ljubenka,the-cross-over-blouse#White,relaxed-top-1#FloraStrip,random,0.4702991452991453
Ljubenka,the-cut-out-shoulder-blouse#Black,millie-top#Moss,hard,0.1928661616161616
Ljubenka,the-cut-out-shoulder-blouse#Black,rose-shirt#BlueIllusi,semi-hard,0.2257074680370135
Ljubenka,the-cut-out-shoulder-blouse#Black,the-lace-trim-top#Ivory,random,0.3438428574792211
Ljubenka,the-cut-out-shoulder-blouse#Blue,rib-tank-2#Khaki,hard,0.1988033746556474
Ljubenka,the-cut-out-shoulder-blouse#Blue,ember-knit#EmberGlow,semi-hard,0.23091226954863317
Ljubenka,the-cut-out-shoulder-blouse#Blue,the-stitch-v-neck-knit#DenimMarle,random,0.4753084457629912
Ljubenka,the-cut-out-shoulder-blouse#Clay,st-helens-henley-tee#Sapphire,hard,0.18807392102846648
Ljubenka,the-cut-out-shoulder-blouse#Clay,2-in-1-layered-knit-top#PalePink,semi-hard,0.29735687292505475
Ljubenka,the-cut-out-shoulder-blouse#Clay,cotton-candy-side-split-top#IceBlue,random,0.40718173871582963
Ljubenka,the-cut-out-shoulder-blouse#Salmon,nova-lux-solid-v-neck-placket-shirt#CloudDance,hard,0.2094794094794095
Ljubenka,the-cut-out-shoulder-blouse#Salmon,mauevewood-crew#YellowWhit,semi-hard,0.2667942537260719
Ljubenka,the-cut-out-shoulder-blouse#Salmon,for-the-frill-top#Ivory,random,0.3683023415977961
Ljubenka,the-cut-out-shoulder-blouse#Silver,heartmade-cardi#DustyRose,hard,0.20441654305290669
Ljubenka,the-cut-out-shoulder-blouse#Silver,the-crossover-2-way-blouse#Black,semi-hard,0.2889877798968708
Ljubenka,the-cut-out-shoulder-blouse#Silver,felicity-cardigan#Dewkist,random,0.37752849002849004
Ljubenka,the-cut-out-shoulder-blouse#White,cyrus-top#LightRose,hard,0.2094794094794095
Ljubenka,the-cut-out-shoulder-blouse#White,paradising-buttoned-shirt#Wheat,semi-hard,0.22817599067599065
Ljubenka,the-cut-out-shoulder-blouse#White,the-ruffle-sleeve-top#NavyStripe,random,0.31729415365779
Ljubenka,the-drape-tee-1#Black,pure-merino-fine-rib-v-neck#Charcoal,hard,0.20151691742600833
Ljubenka,the-drape-tee-1#Black,panelled-stripe-top#NavyWhite,semi-hard,0.22548253514162606
Ljubenka,the-drape-tee-1#Black,baobab-sweater#Bark,random,0.33107532198441286
Ljubenka,the-drape-tee-1#Navy,merino-boyfriend-cardigan#MelangeStr,hard,0.18786730945821856
Ljubenka,the-drape-tee-1#Navy,fundamental-split-hoodie#Pink,semi-hard,0.3060107190789009
Ljubenka,the-drape-tee-1#Navy,oversize-contrast-hood-top#Steel,random,0.49909408773045133
Ljubenka,the-drape-tee-1#NavyStripe,fundamental-stripe-long-sleeve-tee#WhiteBlack,hard,0.20905978491205762
Ljubenka,the-drape-tee-1#NavyStripe,you-at-my-shoulder-tunic#Black,semi-hard,0.30811965811965814
Ljubenka,the-drape-tee-1#NavyStripe,lazy-daze-tee#Khaki,random,0.4111807542205269
Ljubenka,the-drape-tee-1#Stripe,leary-cardigan#Pine,hard,0.17666834428198064
Ljubenka,the-drape-tee-1#Stripe,york-linen-blend-top#BurntOrang,semi-hard,0.22663390902027264
Ljubenka,the-drape-tee-1#Stripe,bora-bora-layered-tank#BoraBora,random,0.3864082256127711
Ljubenka,the-drape-tee-1#White,rib-tank-2#Red,hard,0.1988033746556474
Ljubenka,the-drape-tee-1#White,robyn-top-1#Roanne,semi-hard,0.2524287160650797
Ljubenka,the-drape-tee-1#White,monaco-knot-top#Olive,random,0.3370421876103694
Ljubenka,the-everyday-shirt#Black,fluid-tunic-top#White,hard,0.18847103023239387
Ljubenka,the-everyday-shirt#Black,beloved-stripe-pull-over-hoodie#NavyWhite,semi-hard,0.3091975259588896
Ljubenka,the-everyday-shirt#Black,the-essential-pullover#SkyBlue,random,0.36686915777824874
Ljubenka,the-everyday-shirt#Cream,layer-me-bamboo-rouched-sleeve-tee#Copper,hard,0.1974717675001766
Ljubenka,the-everyday-shirt#Cream,dream-girl-ruffle-jumper#SoftPink,semi-hard,0.28413086282404465
Ljubenka,the-everyday-shirt#Cream,the-cosy-cardigan#Blue,random,0.4276709401709402
Ljubenka,the-everyday-shirt#Midnight,capri-tank-3#NavyStripe,hard,0.20359208342162888
Ljubenka,the-everyday-shirt#Midnight,dahlia-lace-trim-blouse#Dusk,semi-hard,0.22751951331496786
Ljubenka,the-everyday-shirt#Midnight,anna-top#Leona,random,0.3684257346189165
Ljubenka,the-everyday-shirt#Pink,freya-fringe-blouse#Navy,hard,0.19772374090555908
Ljubenka,the-everyday-shirt#Pink,soft-and-true-tunic#Pine,semi-hard,0.25210375167761534
Ljubenka,the-everyday-shirt#Pink,the-luxe-cotton-tunic#White,random,0.3383197137458501
Ljubenka,the-everyday-shirt#Rose,spliced-stripe-tunic#Navy,hard,0.1696521597089779
Ljubenka,the-everyday-shirt#Rose,natural-rolled-neck-tunic#BlueDam,semi-hard,0.26861740952650043
Ljubenka,the-everyday-shirt#Rose,bodega-knit#Moss,random,0.4822119799392527
Ljubenka,the-half-sleeve-tee#Black,cooks-shirt#Stripes,hard,0.21605764815992087
Ljubenka,the-half-sleeve-tee#Black,dot-to-dot-knit-1#GreyMarle,semi-hard,0.22025875008829554
Ljubenka,the-half-sleeve-tee#Black,the-shoulder-tie-top#Navy,random,0.38430513615172707
Ljubenka,the-half-sleeve-tee#White,belle-half-sleeve-boat-tee#Black,hard,0.21491720085470087
Ljubenka,the-half-sleeve-tee#White,knit-hoodie-1#Sage,semi-hard,0.28455048739139643
Ljubenka,the-half-sleeve-tee#White,ivy-cosy-pullover#Blossom,random,0.34783830437239527
Ljubenka,the-high-low-drape-tee#Grey,the-longline-cardi-1#Nude,hard,0.16880695062513246
Ljubenka,the-high-low-drape-tee#Grey,kimono-and-me-cardi#Sand,semi-hard,0.23313654464222647
Ljubenka,the-high-low-drape-tee#Grey,the-cotton-bamboo-ls-top#NavyStripe,random,0.3508411622047986
Ljubenka,the-high-low-drape-tee#Sage,boho-embroidered-top#BohoDenim,hard,0.21546937910574274
Ljubenka,the-high-low-drape-tee#Sage,nova-lux-long-sleeve-tie-top#AidaStripe,semi-hard,0.22810712015257467
Ljubenka,the-high-low-drape-tee#Sage,on-the-open-road-maxi-shirt#DarkOchre,random,0.352411020166702
Ljubenka,the-open-sleeve-blouse#Berry,the-panel-luxe-top#BlkWhite,hard,0.18274329836829836
Ljubenka,the-open-sleeve-blouse#Berry,holly-rib-long-sleeve-tee#WhiteGrey,semi-hard,0.28895047503002047
Ljubenka,the-open-sleeve-blouse#Berry,the-luxe-cotton-tunic#White,random,0.3383197137458501
Ljubenka,the-printed-v-neck-tee#White,birds-tee-1#Navy,hard,0.18284660415342235
Ljubenka,the-printed-v-neck-tee#White,diva-ruffle-jumper#Gold%20Spot,semi-hard,0.2744022391749664
Ljubenka,the-printed-v-neck-tee#White,clio-knit-jumper#Clay,random,0.3826210826210826
Ljubenka,the-stella-tee#Marine,rib-tank-2#White,hard,0.1988033746556474
Ljubenka,the-stella-tee#Marine,luxe-shirt#Navy,semi-hard,0.2860881542699724
Ljubenka,the-stella-tee#Marine,the-swing-tank-top#Rose,random,0.41243267464858374
Ljubenka,wrap-me-up-bamboo-top#Black,sparkly-star-tee#Blue,hard,0.21439040757222577
Ljubenka,wrap-me-up-bamboo-top#Black,cascade-hood-top#Black,semi-hard,0.2717675001765911
Ljubenka,wrap-me-up-bamboo-top#Black,the-boat-neck-top-1#Ink,random,0.33444078017941653
Ljubenka,wrap-me-up-bamboo-top#BlueJeans,oregon-safari-embroidered-top#White,hard,0.19293150031786394
Ljubenka,wrap-me-up-bamboo-top#BlueJeans,kimono-and-me-cardi#DustyPink,semi-hard,0.23313654464222647
Ljubenka,wrap-me-up-bamboo-top#BlueJeans,contrast-pocket-tunic#Pinkpocket,random,0.49586894586894587
Ljubenka,yvette-blouse#Black,freya-fringe-blouse#Navy,hard,0.19772374090555908
Ljubenka,yvette-blouse#Black,geneva-v-neck-top#Black,semi-hard,0.26136098749735115
Ljubenka,yvette-blouse#Black,relaxed-cape#Black,random,0.4601851851851852
Louise,layer-top-1#Navy,button-through-animal-shirt#Animal,hard,0.29589139509558765
Louise,layer-top-1#Navy,the-ultimate-tie-cardi#Black,semi-hard,0.40524269984673716
Louise,layer-top-1#Navy,messina-knit-1#Shiraz,random,0.6158392655481165
Louise,layered-tee-2#Black,the-cotton-bamboo-tee#BlueJeans,hard,0.1961530511414052
Louise,layered-tee-2#Black,kimono-top-36#BlueMarle,semi-hard,0.42348787341023364
Louise,layered-tee-2#Black,stripe-me-happy-blouse#Ash,random,0.5343379446640316
Louise,layered-tee-2#White,double-layered-top-1#WSilver,hard,0.2582315782044043
Louise,layered-tee-2#White,2-in-1-layered-knit-top#Navy,semi-hard,0.4626756977494555
Louise,layered-tee-2#White,belle-polka-dot-blouse#WhiteSpot,random,0.6370830644510769
Louise,paisley-top-1#Paisley,ricki-one-shoulder-top#BlackWhite,hard,0.2153061224489796
Louise,paisley-top-1#Paisley,the-tie-front-tank#Navy,semi-hard,0.4188682241671372
Louise,paisley-top-1#Paisley,clio-knit-jumper#InkWhite,random,0.5155632411067194
Louise,ponte-spot-top#BlackWhite,fundamental-vee-tee#White,hard,0.2836870815519884
Louise,ponte-spot-top#BlackWhite,great-scot-merino-carcoat#Twilight,semi-hard,0.3232636928289102
Louise,ponte-spot-top#BlackWhite,the-cut-out-shoulder-blouse#Silver,random,0.4735762684520448
Lucy,the-batwing-tee#Black,cara-tee-4#White,hard,0.19806917630551787
Lucy,the-batwing-tee#Black,paisley-top-1#Paisley,semi-hard,0.306969576456552
Lucy,the-batwing-tee#Black,annabelle-sweater#Midnight,random,0.6504872861001696
Lucy,the-batwing-tee#FrenchBlue,analia-jersey-top#Navy,hard,0.22940121452876686
Lucy,the-batwing-tee#FrenchBlue,the-layered-cross-over-top#Navy,semi-hard,0.39988069198647846
Lucy,the-batwing-tee#FrenchBlue,long-sleeve-ruffle-shirt#Black,random,0.40455135495027716
Lucy,the-batwing-tee#Sea,mila-knit-cardigan#StoneBlack,hard,0.18275407133010563
Lucy,the-batwing-tee#Sea,mauevewood-crew#Charcoal,semi-hard,0.3314511786693358
Lucy,the-batwing-tee#Sea,the-everyday-shirt#Black,random,0.47329729143998517
Lucy,the-batwing-tee#Stone,fundamental-vee-tee#Pink,hard,0.22275241799808304
Lucy,the-batwing-tee#Stone,snake-print-johnny-collar-top#BeigeSnake,semi-hard,0.3214328803054643
Lucy,the-batwing-tee#Stone,sugar-snaps-layers-tank#Blue,random,0.43655813137733723
Maddy,34-sleeve-shirt-1#SkyWhite,reversible-scoopv-neck-tank#Black,hard,0.32367309214030143
Maddy,34-sleeve-shirt-1#SkyWhite,the-excess-shirt#Pearl,semi-hard,0.4079740502326764
Maddy,34-sleeve-shirt-1#SkyWhite,daylight-jumper#Silver,random,0.5308355561189775
Maddy,abigail-stripe-shirt#BlackStrip,fundamental-vee-tee#Black,hard,0.3427662787556146
Maddy,abigail-stripe-shirt#BlackStrip,luxe-shirt#Black,semi-hard,0.4317507789451535
Maddy,abigail-stripe-shirt#BlackStrip,the-essential-pullover#SkyBlue,random,0.53410671613281
Maddy,annabelle-sweater#Midnight,suri-bell-sleeve-top#GreyMarle,hard,0.347181799164649
Maddy,annabelle-sweater#Midnight,emerald-knit#Emerald,semi-hard,0.35952198312518546
Maddy,annabelle-sweater#Midnight,sky-jumper-1#Clouds,random,0.5871256914597354
Maddy,batty-about-you-cotton-tee#BlkWhite,york-linen-blend-long-cardigan#BurntOrang,hard,0.351050231567634
Maddy,batty-about-you-cotton-tee#BlkWhite,layered-tee-2#Black,semi-hard,0.4204280684143669
Maddy,batty-about-you-cotton-tee#BlkWhite,floating-by-you-blouse#SeaFleur,random,0.6748992862816089
Maddy,border-stripe-knit#WhitePink,millie-top#BlackSpot,hard,0.34045353142951756
Maddy,border-stripe-knit#WhitePink,the-side-panel-drape-top#OffWhite,semi-hard,0.45099221184203603
Maddy,border-stripe-knit#WhitePink,sugar-snaps-round-neck-layer-tank#DuckEgg,random,0.6220949543720656
Maddy,elina-lace-frill-blouse#Black,melbourne-stretch-cardigan#NavyWhtStr,hard,0.3447006012146998
Maddy,elina-lace-frill-blouse#Black,clara-blouse#DarkFloral,semi-hard,0.4096188253712825
Maddy,elina-lace-frill-blouse#Black,chasing-birds-blouse#White,random,0.5623856806898353
Maddy,long-sleeve-tee-2#NavyWhite,manhattan-stretch-tee#Navy,hard,0.26796085026771366
Maddy,long-sleeve-tee-2#NavyWhite,the-ruffle-sleeve-top#NavyStripe,semi-hard,0.47608274023116975
Maddy,long-sleeve-tee-2#NavyWhite,cross-over-top-with-pocket#Emerald,random,0.5506354388845133
Maddy,marjorie-tie-blouse#BluePrint,reversible-scoopv-neck-tank#Black,hard,0.32367309214030143
Maddy,marjorie-tie-blouse#BluePrint,layered-sleeve-top#DarkBlue,semi-hard,0.5158547046611788
Maddy,marjorie-tie-blouse#BluePrint,the-cosy-cardigan#Grey,random,0.5705513457015939
Maddy,natural-tie-tunic#BlueSky,holly-rib-long-sleeve-tee#WhiteGrey,hard,0.23812795003416876
Maddy,natural-tie-tunic#BlueSky,the-excess-shirt#Pearl,semi-hard,0.4079740502326764
Maddy,natural-tie-tunic#BlueSky,sand-queen-throw-blouse#Fleur,random,0.6769270969427751
Maddy,oregon-safari-embroidered-top#White,arlo-cardigan#Navy,hard,0.31089965439486944
Maddy,oregon-safari-embroidered-top#White,frill-sleeve-top-1#LeafPrint,semi-hard,0.4054561980331073
Maddy,oregon-safari-embroidered-top#White,roll-with-me-jumper#Chalk,random,0.5346323524248352
Maddy,print-shirt-1#Blush,manhattan-stretch-tee#White,hard,0.26796085026771366
Maddy,print-shirt-1#Blush,the-tie-front-tank#Navy,semi-hard,0.4814831083690697
Maddy,print-shirt-1#Blush,ivy-cosy-pullover#Storm,random,0.5957199349223062
Maddy,pulkari-emb-top#Pulkari,nova-lux-solid-v-neck-placket-shirt#CloudDance,hard,0.35032978660888225
Maddy,pulkari-emb-top#Pulkari,square-peg-pullover#SilverMix,semi-hard,0.36988841843981324
Maddy,pulkari-emb-top#Pulkari,contrast-pocket-tunic#Pinkpocket,random,0.7754277253101397
Maddy,saba-top-2#Catus,high-neck-tie-top#Black,hard,0.2683059102505868
Maddy,saba-top-2#Catus,driftwood-gathering-blouse#Khaki,semi-hard,0.4566893127776326
Maddy,saba-top-2#Catus,the-on-or-off-the-shoulder-top#FrenchNavy,random,0.7205848491825927
Maddy,sandy-off-the-shoulder-top#Gingham,mila-knit-cardigan#StoneBlack,hard,0.2706307894218441
Maddy,sandy-off-the-shoulder-top#Gingham,layered-tee-2#Black,semi-hard,0.4204280684143669
Maddy,sandy-off-the-shoulder-top#Gingham,long-sleeve-softly-swinging-bamboo-tee#Storm,random,0.5297935387252564
Maddy,sontana-blouse#Stone,bubbles-print-tee#Cambridge,hard,0.3247385878421356
Maddy,sontana-blouse#Stone,fundamental-sydney-crew#Navy,semi-hard,0.4504121501029867
Maddy,sontana-blouse#Stone,sugar-snaps-layers-tank#Red,random,0.5876659235411017
Maddy,the-batwing-tee#Black,eco-78-long-cardigan#LightGreyM,hard,0.276630684457822
Maddy,the-batwing-tee#Black,napoleon-top-1#NemoBlue,semi-hard,0.36661188702766656
Maddy,the-batwing-tee#Black,butterfly-kisses-tee#Stripe,random,0.5653906454141625
Maddy,the-batwing-tee#FrenchBlue,holly-rib-long-sleeve-tee#Khaki,hard,0.23812795003416876
Maddy,the-batwing-tee#FrenchBlue,the-ultimate-tie-cardi#Port,semi-hard,0.4726291898292819
Maddy,the-batwing-tee#FrenchBlue,hem-frill-stripe-top#SoFrilled,random,0.6401881369218709
Maddy,the-batwing-tee#Sea,back-to-you-top#Rust,hard,0.26497455916034696
Maddy,the-batwing-tee#Sea,bo-cosy-cardigan#Storm,semi-hard,0.4046844260371388
Maddy,the-batwing-tee#Sea,hem-frill-stripe-top#Frilled,random,0.6401881369218709
Maddy,the-batwing-tee#Stone,falling-for-you-cardi#GreyMarle,hard,0.34831460674157305
Maddy,the-batwing-tee#Stone,natural-cross-back-knit#Lightsmoke,semi-hard,0.48460176563776053
Maddy,the-batwing-tee#Stone,belle-flocked-tunic#White,random,0.8268658094112072
Maddy,the-cotton-bamboo-tank#Chambray,monaco-knot-top#Olive,hard,0.22857063394943025
Maddy,the-cotton-bamboo-tank#Chambray,icing-sugar-top#Ivory,semi-hard,0.44805557844970356
Maddy,the-cotton-bamboo-tank#Chambray,skipping-stones-tunic#Natural,random,0.6211471366443075
Maddy,the-cotton-bamboo-tank#DarkNavy,ally-long-sleeve-tee#CosmosPr,hard,0.24039590285505835
Maddy,the-cotton-bamboo-tank#DarkNavy,the-tie-front-tank#White,semi-hard,0.4814831083690697
Maddy,the-cotton-bamboo-tank#DarkNavy,the-contrast-knit-1#Sage,random,0.5769171426082845
Maddy,the-cotton-bamboo-tank#DuckEgg,cara-tee-4#BlackWhite,hard,0.30756829406483893
Maddy,the-cotton-bamboo-tank#DuckEgg,layered-tunic-1#White,semi-hard,0.3839564894561053
Maddy,the-cotton-bamboo-tank#DuckEgg,the-cosy-cardigan#Grey,random,0.5705513457015939
Maddy,the-cotton-bamboo-tank#Moonbeam,monaco-knot-top#ClaySpot,hard,0.22857063394943025
Maddy,the-cotton-bamboo-tank#Moonbeam,elcos-45-aop-top-jrs#BlackZigZa,semi-hard,0.3869156894972039
Maddy,the-cotton-bamboo-tank#Moonbeam,the-cotton-tie-detail-top#Ivory,random,0.5641129856387782
Maddy,the-cotton-bamboo-tank#White,tinker-stripe-knit#NavyWhite,hard,0.3527937153900541
Maddy,the-cotton-bamboo-tank#White,freya-fringe-blouse#Navy,semi-hard,0.37990631037048234
Maddy,the-cotton-bamboo-tank#White,the-daily-cross-over-top#SkyBlue,random,0.5882545074470865
Maddy,the-cotton-bamboo-tee#BlueJeans,printed-v-neck-blouse#NavyWhite,hard,0.3260166356887284
Maddy,the-cotton-bamboo-tee#BlueJeans,clovis-shirt#NavyGold,semi-hard,0.39225255563370365
Maddy,the-cotton-bamboo-tee#BlueJeans,the-relaxed-batwing-top#Denim%20Blue,random,0.7575926131939038
Maddy,the-cotton-bamboo-tee#DuckEgg,holly-rib-long-sleeve-tee#Khaki,hard,0.23812795003416876
Maddy,the-cotton-bamboo-tee#DuckEgg,sparkly-star-tee#Blue,semi-hard,0.4027675945018071
Maddy,the-cotton-bamboo-tee#DuckEgg,the-essential-layering-tee#White,random,0.554745636570451
Maddy,the-cotton-bamboo-tee#DustyPink,printed-v-neck-blouse#NavyWhite,hard,0.3260166356887284
Maddy,the-cotton-bamboo-tee#DustyPink,belle-petal-print-top#Petal,semi-hard,0.5005880664777068
Maddy,the-cotton-bamboo-tee#DustyPink,skipping-stones-tunic#Forest,random,0.6211471366443075
Maddy,the-cotton-bamboo-tee#White,henson-jumper#Cream,hard,0.26924147601590576
Maddy,the-cotton-bamboo-tee#White,spliced-stripe-tunic#Navy,semi-hard,0.3719468867264494
Maddy,the-cotton-bamboo-tee#White,tab-sleeve-longline-shirt#Silver,random,0.6595139075481329
Maddy,the-cross-over-blouse#Black,amira-sweater#Cream,hard,0.35747870505442425
Maddy,the-cross-over-blouse#Black,sailaway-blouse#OxfordBlue,semi-hard,0.5162915126855551
Maddy,the-cross-over-blouse#Black,chill-out-slouch-top#Mustard,random,0.7853523723532158
Maddy,the-cross-over-blouse#Blue,cuddled-longline-cardigan#Sunflower,hard,0.3015765577640298
Maddy,the-cross-over-blouse#Blue,printed-tunic-7#RedCheck,semi-hard,0.5273945471929701
Maddy,the-cross-over-blouse#Blue,layer-me-cotton-candy-top#Cream,random,0.6123245225153371
Maddy,the-cross-over-blouse#Mint,daylight-cardi#Silver,hard,0.3518507023534486
Maddy,the-cross-over-blouse#Mint,lilly-layer-stripe-tank#NavyWhite,semi-hard,0.3865589873780763
Maddy,the-cross-over-blouse#Mint,butterfly-kisses-tee#Stripe,random,0.5653906454141625
Maddy,the-cross-over-blouse#Red,leah-knit-cardigan#WhiteBlk,hard,0.2741767900893266
Maddy,the-cross-over-blouse#Red,the-printed-side-ring-detail-blouse#Block,semi-hard,0.45073937728985114
Maddy,the-cross-over-blouse#Red,sugar-snaps-layers-tank#DeepCobalt,random,0.5876659235411017
Maddy,the-cross-over-blouse#RoyalBlue,dusk-top#DuskPrint,hard,0.31530304295874356
Maddy,the-cross-over-blouse#RoyalBlue,long-sleeve-layer-top#White,semi-hard,0.47594433432667244
Maddy,the-cross-over-blouse#RoyalBlue,sugar-snaps-layers-tank#SeaGreen,random,0.5876659235411017
Maddy,the-cross-over-blouse#Silver,arlo-cardigan#Navy,hard,0.31089965439486944
Maddy,the-cross-over-blouse#Silver,jade-kimono-sweet-blossoms#Blue,semi-hard,0.4944117745978936
Maddy,the-cross-over-blouse#Silver,delicado-top#White,random,0.7350570039646094
Maddy,the-cross-over-blouse#Sunshine,wonderland-blouse#Ink,hard,0.3247422991580579
Maddy,the-cross-over-blouse#Sunshine,runaway-top#SoftMint,semi-hard,0.4858435935048953
Maddy,the-cross-over-blouse#Sunshine,print-tee-3#Boats,random,0.7615418352466476
Maddy,the-cross-over-blouse#White,germaine-blouse#Pearl,hard,0.3213129724073979
Maddy,the-cross-over-blouse#White,paradising-buttoned-shirt#Wheat,semi-hard,0.35856077694073485
Maddy,the-cross-over-blouse#White,the-drape-tee-1#White,random,0.5960842752683944
Maddy,the-cut-out-shoulder-blouse#Black,button-through-animal-shirt#Animal,hard,0.35473924571523185
Maddy,the-cut-out-shoulder-blouse#Black,the-bamboo-tunic-dress#Khaki,semi-hard,0.45272085348069685
Maddy,the-cut-out-shoulder-blouse#Black,contrast-pocket-tunic#Pinkpocket,random,0.7754277253101397
Maddy,the-cut-out-shoulder-blouse#Blue,cara-tee-4#BlackWhite,hard,0.30756829406483893
Maddy,the-cut-out-shoulder-blouse#Blue,geneva-v-neck-top#Black,semi-hard,0.481741711630568
Maddy,the-cut-out-shoulder-blouse#Blue,relaxed-animal-print-blouse#Leopard,random,0.6003427099961106
Maddy,the-cut-out-shoulder-blouse#Clay,manhattan-stretch-tee#NavyWhtStr,hard,0.26796085026771366
Maddy,the-cut-out-shoulder-blouse#Clay,the-cape-jersey-top#DarkNavy,semi-hard,0.40955362016846725
Maddy,the-cut-out-shoulder-blouse#Clay,lurex-stitch-top#White,random,0.5555880313665023
Maddy,the-cut-out-shoulder-blouse#Salmon,high-neck-tie-top#Black,hard,0.2683059102505868
Maddy,the-cut-out-shoulder-blouse#Salmon,layered-tunic-1#Natural,semi-hard,0.3839564894561053
Maddy,the-cut-out-shoulder-blouse#Salmon,cross-my-heart-bamboo-slouch-tee#White,random,0.8478724088393013
Maddy,the-cut-out-shoulder-blouse#Silver,animal-button-up-shirt#KhakiPrint,hard,0.33702345933574285
Maddy,the-cut-out-shoulder-blouse#Silver,splice-knit-1#Multi,semi-hard,0.36407446495144125
Maddy,the-cut-out-shoulder-blouse#Silver,out-of-my-mind-scallop-knit#GreyMarle,random,0.5320501358434025
Maddy,the-cut-out-shoulder-blouse#White,holly-rib-long-sleeve-tee#Khaki,hard,0.23812795003416876
Maddy,the-cut-out-shoulder-blouse#White,bertie-top#Black,semi-hard,0.3982190765457523
Maddy,the-cut-out-shoulder-blouse#White,milan-stretch-top#Black,random,0.5384237988918904
Maddy,the-everyday-shirt#Black,falling-for-you-cardi#Rust,hard,0.34831460674157305
Maddy,the-everyday-shirt#Black,karmen-top#HighRiskRe,semi-hard,0.4254843405875546
Maddy,the-everyday-shirt#Black,hem-frill-stripe-top#SoFrilled,random,0.6401881369218709
Maddy,the-everyday-shirt#Cream,dusk-top#DuskPrint,hard,0.31530304295874356
Maddy,the-everyday-shirt#Cream,the-panel-hem-top#DenimMarle,semi-hard,0.44622922294469175
Maddy,the-everyday-shirt#Cream,falling-flowers-cardi#GreyMarle,random,0.5729747210414797
Maddy,the-everyday-shirt#Midnight,geena-xo-ls-pullover-knit#Allure,hard,0.3193259184629128
Maddy,the-everyday-shirt#Midnight,2-in-1-jumper#Navy,semi-hard,0.4824278677261134
Maddy,the-everyday-shirt#Midnight,softly-swinging-bamboo-tee#White,random,0.5432264203313832
Maddy,the-everyday-shirt#Pink,vivid-dreams-blouse#Dusty%20Rose,hard,0.2980879546762396
Maddy,the-everyday-shirt#Pink,long-sleeve-layer-top#White,semi-hard,0.47594433432667244
Maddy,the-everyday-shirt#Pink,long-sleeve-ruffle-shirt#Navy,random,0.5418811807269793
Maddy,the-everyday-shirt#Rose,forget-me-knot-tunic#ForgetMeK,hard,0.14640116620942023
Maddy,the-everyday-shirt#Rose,belle-two-in-one-top#Charcoal,semi-hard,0.4299023465002815
Maddy,the-everyday-shirt#Rose,long-sleeve-ruffle-shirt#Navy,random,0.5418811807269793
Maddy,the-half-sleeve-tee#Black,cara-tee-4#White,hard,0.30756829406483893
Maddy,the-half-sleeve-tee#Black,multi-stripe-jumper#NavyMulti,semi-hard,0.49036465388298506
Maddy,the-half-sleeve-tee#Black,grace-oversized-knit#InkWhite,random,0.6040797279362115
Maddy,the-half-sleeve-tee#White,meadow-cardigan#Cream,hard,0.2808989965217732
Maddy,the-half-sleeve-tee#White,fundamental-rib-long-sleeve-tee#White,semi-hard,0.4089287054055363
Maddy,the-half-sleeve-tee#White,the-oversized-cotton-blend-shirt#Sand,random,0.8369073552060122
Maddy,the-long-sleeve-scoop-neck-tee#Black,stara-cardigan#GreyMarle,hard,0.3042831850470127
Maddy,the-long-sleeve-scoop-neck-tee#Black,belle-half-sleeve-boat-tee#Black,semi-hard,0.42286155208525444
Maddy,the-long-sleeve-scoop-neck-tee#Black,crossing-the-plains-sweater-1#Indigo,random,0.5832891609740316
Maddy,the-long-sleeve-scoop-neck-tee#Grey,capri-tank-3#NavyStripe,hard,0.35008295484070784
Maddy,the-long-sleeve-scoop-neck-tee#Grey,maui-stretch-tee#Black,semi-hard,0.39044372801160815
Maddy,the-long-sleeve-scoop-neck-tee#Grey,relaxed-cape#WhiteBlack,random,0.7267224109398137
Maddy,the-long-sleeve-scoop-neck-tee#Navy,ynes#Black,hard,0.29794354598773176
Maddy,the-long-sleeve-scoop-neck-tee#Navy,natural-extra-fine-sweater#Snowgum,semi-hard,0.44654060389054323
Maddy,the-long-sleeve-scoop-neck-tee#Navy,belle-ls-free-fall-tee#Airforce,random,0.6470852803112257
Maddy,the-long-sleeve-scoop-neck-tee#White,belle-cowl-swing-sweater#Green,hard,0.3187473320104417
Maddy,the-long-sleeve-scoop-neck-tee#White,long-sleeve-softly-swinging-bamboo-tee#DuckEgg,semi-hard,0.5297935387252564
Maddy,the-long-sleeve-scoop-neck-tee#White,the-print-contrast-34-sleeve-top#Animal,random,0.7015929676322741
Maddy,the-long-sleeve-v-neck-tee#Black,double-layered-top-1#WBlack,hard,0.31372124623339936
Maddy,the-long-sleeve-v-neck-tee#Black,bo-cosy-cardigan#Blossom,semi-hard,0.4046844260371388
Maddy,the-long-sleeve-v-neck-tee#Black,the-cross-over-printed-blouse#Leopard,random,0.6019456874016194
Maddy,the-long-sleeve-v-neck-tee#Navy,cara-tee-4#BlackWhite,hard,0.30756829406483893
Maddy,the-long-sleeve-v-neck-tee#Navy,soho-ruffle-jumper#OatmealMar,semi-hard,0.40634439139161965
Maddy,the-long-sleeve-v-neck-tee#Navy,adventurous-hoody#Pink,random,0.5547231869590333
Maddy,the-long-sleeve-v-neck-tee#White,the-panel-luxe-top#BlkWhite,hard,0.30337954583841675
Maddy,the-long-sleeve-v-neck-tee#White,the-zip-detail-jacket#Grey,semi-hard,0.47093023255813954
Maddy,the-long-sleeve-v-neck-tee#White,the-button-up-swing-tunic#Wine,random,0.7666766210011571
Maddy,the-relaxed-long-sleeve-tee#Black,roll-neck-jumper-3#GreyMarl,hard,0.3048101611086862
Maddy,the-relaxed-long-sleeve-tee#Black,fluid-tunic-top#White,semi-hard,0.39318554349742335
Maddy,the-relaxed-long-sleeve-tee#Black,lurex-stitch-top#White,random,0.5555880313665023
Maddy,the-relaxed-long-sleeve-tee#Khaki,cara-tee-3#ZebraPrint,hard,0.3089727884468614
Maddy,the-relaxed-long-sleeve-tee#Khaki,long-sleeve-softly-swinging-bamboo-tee#White,semi-hard,0.5297935387252564
Maddy,the-relaxed-long-sleeve-tee#Khaki,selene-cardigan#Ivy,random,0.8301954234207998
Maddy,the-relaxed-long-sleeve-tee#Navy,wildflower-shirt#White,hard,0.3215885029654184
Maddy,the-relaxed-long-sleeve-tee#Navy,linen-cotton-shirt#White,semi-hard,0.4797619016819745
Maddy,the-relaxed-long-sleeve-tee#Navy,cross-my-heart-sweater#Regal,random,0.5506812497666953
Maddy,the-relaxed-long-sleeve-tee#Pink,printed-v-neck-blouse#NavyWhite,hard,0.3260166356887284
Maddy,the-relaxed-long-sleeve-tee#Pink,the-sleeve-detail-knit#Ivory,semi-hard,0.5254233702888002
Maddy,the-relaxed-long-sleeve-tee#Pink,clio-knit-jumper#Clay,random,0.6194644568044098
Maddy,the-relaxed-long-sleeve-tee#White,high-neck-tie-top#Black,hard,0.2683059102505868
Maddy,the-relaxed-long-sleeve-tee#White,layer-me-bamboo-rouched-sleeve-tee#Fern,semi-hard,0.36024722353529914
Maddy,the-relaxed-long-sleeve-tee#White,first-love-kimono-jacket#Stone,random,0.54230946350449
Maddy,the-short-sleeve-wrap-jersey-top#Black,geena-xo-ls-pullover-knit#Allure,hard,0.3193259184629128
Maddy,the-short-sleeve-wrap-jersey-top#Black,geneva-v-neck-top#ClaySpot,semi-hard,0.481741711630568
Maddy,the-short-sleeve-wrap-jersey-top#Black,the-high-low-drape-tee#Grey,random,0.5838064722146559
Maddy,the-short-sleeve-wrap-jersey-top#Blue,born-to-run-shirt-jacket#Leopard,hard,0.30051970126647964
Maddy,the-short-sleeve-wrap-jersey-top#Blue,great-scot-merino-carcoat#Twilight,semi-hard,0.3859197232202223
Maddy,the-short-sleeve-wrap-jersey-top#Blue,the-luxe-long-sleeve-tee#GreyMarle,random,0.5643322889905923
Maddy,the-short-sleeve-wrap-jersey-top#Emerald,the-panel-luxe-top#SilvWhite,hard,0.30337954583841675
Maddy,the-short-sleeve-wrap-jersey-top#Emerald,rib-tank-2#Navy,semi-hard,0.3612146203795041
Maddy,the-short-sleeve-wrap-jersey-top#Emerald,the-cross-over-printed-blouse#Leopard,random,0.6019456874016194
Maddy,the-short-sleeve-wrap-jersey-top#NavyWhite,falling-for-you-cardi-2#WinterRose,hard,0.34831460674157305
Maddy,the-short-sleeve-wrap-jersey-top#NavyWhite,the-tie-front-tank#Navy,semi-hard,0.4814831083690697
Maddy,the-short-sleeve-wrap-jersey-top#NavyWhite,flying-free-top-3#WhiteBird,random,0.5592261989459986
Maddy,the-sleeveless-cross-over-blouse#Black,bubbles-print-tee#Cambridge,hard,0.3247385878421356
Maddy,the-sleeveless-cross-over-blouse#Black,belle-half-sleeve-forgiver-tunic#BlueBonnet,semi-hard,0.4784716018729425
Maddy,the-sleeveless-cross-over-blouse#Black,the-roll-neck-sleeveless-top-1#Black,random,0.5560504459307778
Maddy,the-sleeveless-cross-over-blouse#Chambray,merino-boyfriend-cardigan#MelangeStr,hard,0.29512988188960376
Maddy,the-sleeveless-cross-over-blouse#Chambray,spliced-lace-panel-tee#White,semi-hard,0.4601489676012284
Maddy,the-sleeveless-cross-over-blouse#Chambray,triangle-detail-long-sleeve-tee#Bordeaux,random,0.5606246320253362
Maddy,the-sleeveless-cross-over-blouse#Cobalt,double-layered-top-1#WBlack,hard,0.31372124623339936
Maddy,the-sleeveless-cross-over-blouse#Cobalt,janet-frill-shirt#White,semi-hard,0.4057725592261342
Maddy,the-sleeveless-cross-over-blouse#Cobalt,stripe-me-happy-blouse#Ash,random,0.5886464593676509
Maddy,the-sleeveless-cross-over-blouse#Mint,leah-knit-cardigan#WhiteBlk,hard,0.2741767900893266
Maddy,the-sleeveless-cross-over-blouse#Mint,not-today-buttoned-cardigan#Almond,semi-hard,0.46362064031256606
Maddy,the-sleeveless-cross-over-blouse#Mint,the-reverse-sleeve-sweater#Navy,random,0.5961663369293366
Maddy,the-sleeveless-cross-over-blouse#Salmon,cara-tee-4#Black,hard,0.30756829406483893
Maddy,the-sleeveless-cross-over-blouse#Salmon,nature-ls-top#BlueGum,semi-hard,0.4527867485878828
Maddy,the-sleeveless-cross-over-blouse#Salmon,wonderlust-tee#BurntOran,random,0.6543393937736377
Maddy,the-sleeveless-cross-over-blouse#Sunshine,butterfly-blouse-1#Ivory,hard,0.2911042252084404
Maddy,the-sleeveless-cross-over-blouse#Sunshine,ponte-spot-top#BlackWhite,semi-hard,0.5185779943666844
Maddy,the-sleeveless-cross-over-blouse#Sunshine,the-swing-tank-top#Rose,random,0.6746557253993345
Maddy,the-sleeveless-cross-over-blouse#White,hannah-tee-1#Black,hard,0.3189941637786161
Maddy,the-sleeveless-cross-over-blouse#White,natural-extra-fine-sweater#Snowgum,semi-hard,0.44654060389054323
Maddy,the-sleeveless-cross-over-blouse#White,falling-for-you-top#Blue,random,0.6452999125176619
Maddy,the-stripe-pocket-tank#Stripe,overlay-tunic-3-pce-set#Emerald,hard,0.22291274052561105
Maddy,the-stripe-pocket-tank#Stripe,soho-ruffle-jumper#OatmealMar,semi-hard,0.40634439139161965
Maddy,the-stripe-pocket-tank#Stripe,long-sleeve-ruffle-shirt#White,random,0.5418811807269793
Maddy,the-wrap-jersey-top#Charcoal,butterfly-blouse-1#Ivory,hard,0.2911042252084404
Maddy,the-wrap-jersey-top#Charcoal,alberta-stripe-top#IvoryStrip,semi-hard,0.42535382854422665
Maddy,the-wrap-jersey-top#Charcoal,the-v-split-blouse#Salmon,random,0.5412601620757843
Maddy,the-wrap-jersey-top#JetBlack,eco-78-long-cardigan#LightGreyM,hard,0.276630684457822
Maddy,the-wrap-jersey-top#JetBlack,the-roll-neck-sweater#Natural,semi-hard,0.46108465040389585
Maddy,the-wrap-jersey-top#JetBlack,the-twist-front-top#Grey,random,0.721787549616136
Maddy,the-wrap-jersey-top#NavyWhite,lake-house-top#CoalPrint,hard,0.28721831112149254
Maddy,the-wrap-jersey-top#NavyWhite,drama-top#BlackGrey,semi-hard,0.41987045628673514
Maddy,the-wrap-jersey-top#NavyWhite,the-flutter-sleeve-top#SnakePrint,random,0.5536642114694877
Maddy,the-wrap-jersey-top#PortSpot,belle-cowl-swing-sweater#Black,hard,0.3187473320104417
Maddy,the-wrap-jersey-top#PortSpot,the-define-flute-sleeve-blouse#Black,semi-hard,0.5242780766747398
Maddy,the-wrap-jersey-top#PortSpot,sugar-snaps-layers-tank#Blue,random,0.5876659235411017
Madeline,aigli-top#Navy,manhattan-stretch-tee#Navy,hard,0.35816379364541984
Madeline,aigli-top#Navy,the-essential-pullover#SkyBlue,semi-hard,0.6087014137356237
Madeline,aigli-top#Navy,marquax-tunic#OnyxSpeck,random,0.6658802505104591
Madeline,aigli-top#White,multi-pattern-print-top#NavyMulti,hard,0.4268752354207457
Madeline,aigli-top#White,luxe-shirt#Champagne,semi-hard,0.49789967249637074
Madeline,aigli-top#White,softly-falling-bamboo-tunic#White,random,0.7169166261058191
Madeline,analia-jersey-top#Black,dusk-top#DuskPrint,hard,0.4110521621075588
Madeline,analia-jersey-top#Black,jordan-top#PearlBlue,semi-hard,0.566391768002634
Madeline,analia-jersey-top#Black,clio-knit-jumper#InkWhite,random,0.7157714018232381
Madeline,analia-jersey-top#Navy,leary-cardigan#Pine,hard,0.3616248063038834
Madeline,analia-jersey-top#Navy,the-panel-hem-top#Khaki,semi-hard,0.5505273773838594
Madeline,analia-jersey-top#Navy,the-drape-tee-1#Stripe,random,0.6738955097030548
Madeline,analia-top#White,falling-for-you-cardi-2#WinterRose,hard,0.35195530726256985
Madeline,analia-top#White,soft-and-true-tunic#Pine,semi-hard,0.6130285166646895
Madeline,analia-top#White,belle-flocked-tunic#Pale%20Blue,random,0.9757258548048569
Madeline,bertie-top#Black,capri-tank-3#Black,hard,0.44928437483446737
Madeline,bertie-top#Black,monaco-sweater#BlackCream,semi-hard,0.5104423540805437
Madeline,bertie-top#Black,coil-print-hi-lo-shirt#White,random,0.6977167244122793
Madeline,bertie-top#BlkCherry,endeavor-long-sleeve-tee#Stripe,hard,0.2857142857142857
Madeline,bertie-top#BlkCherry,aida-long-tunic-shirt#AidaStripe,semi-hard,0.4629467469269186
Madeline,bertie-top#BlkCherry,love-song-relaxed-blouse#SagePearl,random,0.7498653259805864
Madeline,cara-tee-4#Black,millie-top#Blush,hard,0.4375665162374959
Madeline,cara-tee-4#Black,wellington-tee#HeatheGrey,semi-hard,0.6093389679468116
Madeline,cara-tee-4#Black,the-pirate-in-me-shirt#White,random,0.8618257883051573
Madeline,cara-tee-4#BlackWhite,the-cotton-bamboo-tee#BlueJeans,hard,0.34736127063084454
Madeline,cara-tee-4#BlackWhite,wellington-tee#Black,semi-hard,0.6093389679468116
Madeline,cara-tee-4#BlackWhite,long-sleeve-softly-swinging-bamboo-tee#Storm,random,0.653047896566629
Madeline,cara-tee-4#White,bella-ls-tee#GreenWhite,hard,0.4310965649041429
Madeline,cara-tee-4#White,laurina-stripe-pullover#NightSky,semi-hard,0.45532522155582056
Madeline,cara-tee-4#White,long-sleeve-spot-top#Multispot,random,0.8322953749951427
Madeline,first-mix-top-1#BlackWhite,westward-top#BotanicalD,hard,0.4383471563623983
Madeline,first-mix-top-1#BlackWhite,luxe-shirt#Black,semi-hard,0.49789967249637074
Madeline,first-mix-top-1#BlackWhite,patchwork-tunic#Patchwork,random,0.717631782083655
Madeline,fluid-tunic-top#White,falling-for-you-cardi#Navy,hard,0.35195530726256985
Madeline,fluid-tunic-top#White,sequin-star-tee#Navy,semi-hard,0.5859499857675649
Madeline,fluid-tunic-top#White,the-everyday-shirt#Cream,random,0.7545017456967402
Madeline,frill-blouse#Rust,cyrus-top#LightRose,hard,0.44940422595275853
Madeline,frill-blouse#Rust,the-pleated-sleeve-top#Sage,semi-hard,0.6164205905826017
Madeline,frill-blouse#Rust,the-spotted-tunic#GreySpot,random,0.8142940426735887
Madeline,karmen-top#HighRiskRe,the-boat-neck-top#Navy,hard,0.35239454596130826
Madeline,karmen-top#HighRiskRe,marlow-cardigan#Cream,semi-hard,0.5599612198605706
Madeline,karmen-top#HighRiskRe,the-tie-layering-knit#Grey,random,0.8767373603897095
Madeline,kimono-top-36#BlueMarle,falling-for-you-cardi#Port,hard,0.35195530726256985
Madeline,kimono-top-36#BlueMarle,runaway-top#SoftPink,semi-hard,0.5586646978587221
Madeline,kimono-top-36#BlueMarle,printed-tunic-7#RedCheck,random,0.6491676561259424
Madeline,layered-top-2#Navy,the-short-sleeve-wrap-jersey-top#NavyWhite,hard,0.399846152986746
Madeline,layered-top-2#Navy,rose-shirt#BlueIllusi,semi-hard,0.5094056575264982
Madeline,layered-top-2#Navy,tab-sleeve-longline-shirt#Silver,random,0.7964524883632876
Madeline,layered-top-2#White,paige-top#Black,hard,0.25383487644225805
Madeline,layered-top-2#White,always-mine-spliced-cardigan#GreyEmeral,semi-hard,0.5468179004392038
Madeline,layered-top-2#White,the-relaxed-batwing-top#PeachRose,random,0.8480241677153358
Madeline,llama-long-sleeve-shirt#Mustard,soho-ruffle-jumper#OatmealMar,hard,0.4424190318014196
Madeline,llama-long-sleeve-shirt#Mustard,the-lace-trim-top#Black,semi-hard,0.5849755841909504
Madeline,llama-long-sleeve-shirt#Mustard,belle-polka-dot-blouse#WhiteSpot,random,0.8583331207900817
Madeline,natural-classic-cardigan#Pebble,belle-cowl-swing-sweater#Black,hard,0.4157653669015937
Madeline,natural-classic-cardigan#Pebble,wellington-tee#Olive,semi-hard,0.6093389679468116
Madeline,natural-classic-cardigan#Pebble,grace-oversized-knit#InkWhite,random,0.7333896530074
Madeline,natural-cosy-sweater#Rosered,monaco-knot-top#Olive,hard,0.24770523727642593
Madeline,natural-cosy-sweater#Rosered,runaway-top#Sand,semi-hard,0.5586646978587221
Madeline,natural-cosy-sweater#Rosered,woolly-spotted-hoodie#Navy,random,0.6687286730916225
Madeline,natural-cropped-sleeve-knit#Cloudcover,aztec-cardigan#Orange,hard,0.38206435579353215
Madeline,natural-cropped-sleeve-knit#Cloudcover,jade-kimono-sweet-blossoms#Blue,semi-hard,0.5662121270997048
Madeline,natural-cropped-sleeve-knit#Cloudcover,out-of-my-mind-scallop-knit#GreyMarle,random,0.645525185432043
Madeline,natural-cross-back-knit#Lightsmoke,nova-lux-long-sleeve-tie-top#AidaStripe,hard,0.4378024821229687
Madeline,natural-cross-back-knit#Lightsmoke,belle-v-neck-forgiver-tunic#Scarlett,semi-hard,0.6227901780125072
Madeline,natural-cross-back-knit#Lightsmoke,the-twist-front-top#Navy,random,0.83470417809643
Madeline,natural-crossover-knit-1#Stormcloud,the-cotton-bamboo-tee#BlueJeans,hard,0.34736127063084454
Madeline,natural-crossover-knit-1#Stormcloud,the-relaxed-long-sleeve-tee#White,semi-hard,0.5427201931344797
Madeline,natural-crossover-knit-1#Stormcloud,the-define-flute-sleeve-blouse#Black,random,0.6416430584403044
Madeline,natural-detailed-sweater#Tinroof,suri-bell-sleeve-top#GreyMarle,hard,0.443607362958849
Madeline,natural-detailed-sweater#Tinroof,belle-two-in-one-top#Charcoal,semi-hard,0.5418638296270936
Madeline,natural-detailed-sweater#Tinroof,belle-flocked-tunic#White,random,0.9757258548048569
Madeline,natural-overlay-knit#Greybloss,overlay-tunic-3-pce-set#Emerald,hard,0.3095835850163941
Madeline,natural-overlay-knit#Greybloss,lenka-lurex-stripe-blouse#NavyGoldSt,semi-hard,0.4540401801563152
Madeline,natural-overlay-knit#Greybloss,the-stella-tee#Marine,random,0.6859329437188899
Madeline,natural-pattern-cocoon-cardigan#Blossom,falling-for-you-cardi#GreyMarle,hard,0.35195530726256985
Madeline,natural-pattern-cocoon-cardigan#Blossom,ella-funnel-neck-top#Khaki,semi-hard,0.5923423649392376
Madeline,natural-pattern-cocoon-cardigan#Blossom,softly-swinging-bamboo-tee#Storm,random,0.6693402984553165
Madeline,natural-rolled-neck-tunic#BlueDam,leah-knit-cardigan#WhiteBlk,hard,0.3700988506199966
Madeline,natural-rolled-neck-tunic#BlueDam,long-sleeve-check-top#Check,semi-hard,0.6199454642192073
Madeline,natural-rolled-neck-tunic#BlueDam,the-layered-cross-over-top#Navy,random,0.6656155024711123
Madeline,natural-textured-poncho#Deeprain,the-longline-cardi-1#GreyMarle,hard,0.41188903431665763
Madeline,natural-textured-poncho#Deeprain,the-relaxed-long-sleeve-tee#Khaki,semi-hard,0.5427201931344797
Madeline,natural-textured-poncho#Deeprain,cross-over-top-with-pocket#NavyMustrd,random,0.6712993990330373
Madeline,natural-waterfall-cardigan#Fallendust,the-cotton-bamboo-tee#White,hard,0.34736127063084454
Madeline,natural-waterfall-cardigan#Fallendust,viola-kimono-radiant-floral#Grey,semi-hard,0.547486033519553
Madeline,natural-waterfall-cardigan#Fallendust,the-contrast-knit-1#Sage,random,0.6750796267464461
Madeline,print-tee-3#Bike,born-to-run-shirt-jacket#Leopard,hard,0.394700076603773
Madeline,print-tee-3#Bike,print-shirt-1#Blush,semi-hard,0.6193234475118131
Madeline,print-tee-3#Bike,crushed-top#Blue,random,0.649927354309135
Madeline,print-tee-3#Boats,mila-knit-cardigan#Black,hard,0.34902358855232984
Madeline,print-tee-3#Boats,rosie-bell-sleeve-denim-shirt#Stripe,semi-hard,0.5312394152031481
Madeline,print-tee-3#Boats,weekend-tunic#Navy,random,0.8252922769843074
Madeline,print-tee-3#Cntryhous,falling-for-you-cardi#Khaki,hard,0.35195530726256985
Madeline,print-tee-3#Cntryhous,wellington-tee#ClaySpot,semi-hard,0.6093389679468116
Madeline,print-tee-3#Cntryhous,the-essential-layering-tee#White,random,0.6318839778289908
Madeline,print-tee-3#Music,nova-lux-solid-v-neck-placket-shirt#CloudDance,hard,0.44940422595275853
Madeline,print-tee-3#Music,seeker-knot-front-shirt#Olive,semi-hard,0.47903630782652606
Madeline,print-tee-3#Music,voyager-stripe-crew#Stripe,random,0.6312849162011173
Madeline,ruffle-top-4#Black,the-short-sleeve-wrap-jersey-top#Emerald,hard,0.399846152986746
Madeline,ruffle-top-4#Black,daylight-cardi#Silver,semi-hard,0.45229541444121013
Madeline,ruffle-top-4#Black,aldis-blouse#Pearl,random,0.743626679281568
Madeline,ruffle-top-4#Terracotta,rika-top#BatikTile,hard,0.32372435092966045
Madeline,ruffle-top-4#Terracotta,the-dobby-sleeve-tee#InkBlue,semi-hard,0.5802548291092638
Madeline,ruffle-top-4#Terracotta,love-song-relaxed-blouse#SagePearl,random,0.7498653259805864
Madeline,the-cascade-blouse#Auburn,double-layered-top-1#WBlack,hard,0.41099508168790555
Madeline,the-cascade-blouse#Auburn,the-relaxed-long-sleeve-tee#White,semi-hard,0.5427201931344797
Madeline,the-cascade-blouse#Auburn,belle-deep-v-mesh-top#Black,random,0.7681461955541979
Madeline,the-luxe-cotton-tunic#White,millie-top#Blush,hard,0.4375665162374959
Madeline,the-luxe-cotton-tunic#White,belle-half-sleeve-forgiver-tunic#FlamPink,semi-hard,0.5912895469489301
Madeline,the-luxe-cotton-tunic#White,in-transit-cardi#Navy,random,0.6449813748409845
Mae-Lee,agra-shirt#White,circles-knit#Plum,hard,0.21776510771310703
Mae-Lee,agra-shirt#White,saba-top-2#Catus,semi-hard,0.24766622402186023
Mae-Lee,agra-shirt#White,grace-oversized-knit#InkWhite,random,0.33568533148943025
Mae-Lee,baobab-sweater#Bark,capri-tank-6#Olive,hard,0.21640088758868964
Mae-Lee,baobab-sweater#Bark,the-half-sleeve-tee#White,semi-hard,0.25325906599135456
Mae-Lee,baobab-sweater#Bark,the-bell-sleeve-top#BlkStripe,random,0.3887054885604944
Mae-Lee,belle-half-sleeve-forgiver-tunic#Apricot,kimono-and-me-cardi#Sand,hard,0.21111613414663355
Mae-Lee,belle-half-sleeve-forgiver-tunic#Apricot,mauevewood-crew#YellowWhit,semi-hard,0.23987146982245053
Mae-Lee,belle-half-sleeve-forgiver-tunic#Apricot,sunshine-in-me-tee-1#GreyMarle,random,0.3460348849001116
Mae-Lee,belle-half-sleeve-forgiver-tunic#Black,mila-knit-cardigan#Black,hard,0.19188221282078716
Mae-Lee,belle-half-sleeve-forgiver-tunic#Black,ponte-spot-top#BlackWhite,semi-hard,0.28074064649712716
Mae-Lee,belle-half-sleeve-forgiver-tunic#Black,clio-knit-jumper#Clay,random,0.352652220474525
Mae-Lee,belle-half-sleeve-forgiver-tunic#BlueBonnet,layer-me-bamboo-rouched-sleeve-tee#White,hard,0.19438227750498602
Mae-Lee,belle-half-sleeve-forgiver-tunic#BlueBonnet,drama-top#BlackGrey,semi-hard,0.22779784000285896
Mae-Lee,belle-half-sleeve-forgiver-tunic#BlueBonnet,chill-out-slouch-top#GreyMarle,random,0.47093129725788135
Mae-Lee,belle-half-sleeve-forgiver-tunic#FlamPink,the-longline-cardi-1#Nude,hard,0.18551926172147942
Mae-Lee,belle-half-sleeve-forgiver-tunic#FlamPink,ella-funnel-neck-top#Khaki,semi-hard,0.24074907167069068
Mae-Lee,belle-half-sleeve-forgiver-tunic#FlamPink,the-v-neck-stripe-top#BlkStripe,random,0.4501703936822676
Mae-Lee,belle-half-sleeve-forgiver-tunic#MutedClay,birds-tee-1#Navy,hard,0.20221614592668233
Mae-Lee,belle-half-sleeve-forgiver-tunic#MutedClay,ruffle-hem-jersey-top#Pink,semi-hard,0.22262305876463823
Mae-Lee,belle-half-sleeve-forgiver-tunic#MutedClay,wonderlust-tee#BurntOran,random,0.37435941111940507
Mae-Lee,belle-half-sleeve-forgiver-tunic#White,hydrangea-kimono#Hydrangea,hard,0.21757428252712707
Mae-Lee,belle-half-sleeve-forgiver-tunic#White,ashbury-cardigan#Mocha,semi-hard,0.26833926224983196
Mae-Lee,belle-half-sleeve-forgiver-tunic#White,the-boat-neck-top-1#NavyWhite,random,0.312230242639813
Mae-Lee,belle-lace-trim-tee#GreyMarle,capri-tank-6#Olive,hard,0.21640088758868964
Mae-Lee,belle-lace-trim-tee#GreyMarle,layered-top-2#Navy,semi-hard,0.22896297150089442
Mae-Lee,belle-lace-trim-tee#GreyMarle,the-oversize-knit#Ink,random,0.5784910252509887
Mae-Lee,belle-off-the-shoulder-tee#Stripe,leah-knit-cardigan#WhiteBlk,hard,0.1736304034265092
Mae-Lee,belle-off-the-shoulder-tee#Stripe,picnic-top#BlackWhite,semi-hard,0.2284433221275098
Mae-Lee,belle-off-the-shoulder-tee#Stripe,skipping-stones-tunic#Natural,random,0.3410351521587216
Mae-Lee,belle-polka-dot-blouse#WhiteSpot,spliced-stripe-tunic#Navy,hard,0.18791940133055987
Mae-Lee,belle-polka-dot-blouse#WhiteSpot,softly-swinging-bamboo-singlet#BlueJean,semi-hard,0.2539744700578158
Mae-Lee,belle-polka-dot-blouse#WhiteSpot,rosie-bell-sleeve-denim-shirt#Stripe,random,0.3056837559811882
Mae-Lee,belle-v-neck-forgiver-tunic#ArmyGreen,the-reversible-cowl-neck-top-1#Black,hard,0.2065583209508648
Mae-Lee,belle-v-neck-forgiver-tunic#ArmyGreen,lenka-lurex-stripe-blouse#NavyGoldSt,semi-hard,0.23978089381251533
Mae-Lee,belle-v-neck-forgiver-tunic#ArmyGreen,beach-walk-shirt#Khaki,random,0.5004563431700639
Mae-Lee,belle-v-neck-forgiver-tunic#Black,capri-tank-6#ClaySpot,hard,0.21640088758868964
Mae-Lee,belle-v-neck-forgiver-tunic#Black,monaco-sweater#BlackCream,semi-hard,0.2646901169959922
Mae-Lee,belle-v-neck-forgiver-tunic#Black,the-relaxed-batwing-top#PeachRose,random,0.5074090076148093
Mae-Lee,belle-v-neck-forgiver-tunic#BlueMarle,the-tie-sleeve-blouse#Grey,hard,0.20116808965558142
Mae-Lee,belle-v-neck-forgiver-tunic#BlueMarle,the-half-sleeve-tee#White,semi-hard,0.25325906599135456
Mae-Lee,belle-v-neck-forgiver-tunic#BlueMarle,the-everyday-shirt#Midnight,random,0.3562465458320503
Mae-Lee,belle-v-neck-forgiver-tunic#Charcoal,the-longline-cardi-1#GreyMarle,hard,0.18551926172147942
Mae-Lee,belle-v-neck-forgiver-tunic#Charcoal,alberta-stripe-top#IvoryStrip,semi-hard,0.2313345290345747
Mae-Lee,belle-v-neck-forgiver-tunic#Charcoal,the-double-layer-top#Black,random,0.40054850659460617
Mae-Lee,belle-v-neck-forgiver-tunic#DenimMarl,ava-short-sleeve-linen-tee#Blush,hard,0.21430205531843455
Mae-Lee,belle-v-neck-forgiver-tunic#DenimMarl,capri-tank-3#Navy,semi-hard,0.22288717608877467
Mae-Lee,belle-v-neck-forgiver-tunic#DenimMarl,belle-ls-free-fall-tee#Greenland,random,0.3718358751821062
Mae-Lee,belle-v-neck-forgiver-tunic#Navy,border-stripe-knit#WhitePink,hard,0.21198476089229779
Mae-Lee,belle-v-neck-forgiver-tunic#Navy,long-sleeve-layer-top#White,semi-hard,0.26246932758694685
Mae-Lee,belle-v-neck-forgiver-tunic#Navy,the-cross-over-printed-blouse#Leopard,random,0.3343751727593923
Mae-Lee,belle-v-neck-forgiver-tunic#Scarlett,overlay-tunic-3-pce-set#Emerald,hard,0.1684731236383115
Mae-Lee,belle-v-neck-forgiver-tunic#Scarlett,belle-twist-front-tee-1#Black,semi-hard,0.22982553098655978
Mae-Lee,belle-v-neck-forgiver-tunic#Scarlett,sugar-snaps-throw-jacket#Black,random,0.49671147935382814
Mae-Lee,belle-v-neck-forgiver-tunic#Tobacco,eco-78-long-cardigan#DarkGreyM,hard,0.2073383502887526
Mae-Lee,belle-v-neck-forgiver-tunic#Tobacco,the-layered-cross-over-top#Black,semi-hard,0.2881455163478955
Mae-Lee,belle-v-neck-forgiver-tunic#Tobacco,natural-overlay-knit#Greybloss,random,0.3104051071802821
Mae-Lee,belle-v-neck-forgiver-tunic#White,tia-boyfriend-shirt#White,hard,0.21492664313231585
Mae-Lee,belle-v-neck-forgiver-tunic#White,sandy-off-the-shoulder-top#Gingham,semi-hard,0.2525164283813196
Mae-Lee,belle-v-neck-forgiver-tunic#White,the-sleeve-detail-knit#Ivory,random,0.30650689980804097
Mae-Lee,butterfly-kisses-tee#Green,analia-jersey-top#Navy,hard,0.2114600618904942
Mae-Lee,butterfly-kisses-tee#Green,prickly-cactus-crew#Pink,semi-hard,0.23988122458040173
Mae-Lee,butterfly-kisses-tee#Green,the-contrast-panel-top#SageStripe,random,0.3591927796369537
Mae-Lee,butterfly-kisses-tee#MustardStr,natural-classic-cardigan#Pebble,hard,0.19398490559391793
Mae-Lee,butterfly-kisses-tee#MustardStr,bubbles-print-tee#Cambridge,semi-hard,0.22565352481379247
Mae-Lee,butterfly-kisses-tee#MustardStr,the-slouch-pocket-tee#Stripe,random,0.3545637299641487
Mae-Lee,butterfly-kisses-tee#Stripe,rib-tank-2#White,hard,0.2188396178724064
Mae-Lee,butterfly-kisses-tee#Stripe,freya-fringe-blouse#Navy,semi-hard,0.22518257217120224
Mae-Lee,butterfly-kisses-tee#Stripe,belle-poncho-sleeved-knit#BlueMarle,random,0.42929673471444385
Mae-Lee,cross-my-heart-sweater#Regal,multi-sequin-dot-stripe-top#Navy,hard,0.19219420189154185
Mae-Lee,cross-my-heart-sweater#Regal,geneva-v-neck-top#HeatheGrey,semi-hard,0.23903194869983674
Mae-Lee,cross-my-heart-sweater#Regal,the-everyday-shirt#Black,random,0.3562465458320503
Mae-Lee,crossing-the-plains-sweater-1#Indigo,the-wrap-jersey-top#Charcoal,hard,0.1732047387888866
Mae-Lee,crossing-the-plains-sweater-1#Indigo,milan-stretch-top#Black,semi-hard,0.2846663110350264
Mae-Lee,crossing-the-plains-sweater-1#Indigo,the-cosy-cardigan#Grey,random,0.3556180914714532
Mae-Lee,daisy-chain-tassel-blouse#DeepBlue,snake-print-johnny-collar-top#BeigeSnake,hard,0.21729415507051686
Mae-Lee,daisy-chain-tassel-blouse#DeepBlue,manhattan-stretch-tee#NavyWhtStr,semi-hard,0.23676076726284376
Mae-Lee,daisy-chain-tassel-blouse#DeepBlue,belle-tier-tee#Blue,random,0.3896450579014691
Mae-Lee,delicado-top#White,art-deco-print-top#NavyWhite,hard,0.1812989871750861
Mae-Lee,delicado-top#White,fundamental-vee-tee#White,semi-hard,0.2204787435755717
Mae-Lee,delicado-top#White,patchwork-tunic#Patchwork,random,0.3275885877527418
Mae-Lee,double-layered-top-1#WBlack,great-scot-merino-carcoat#Twilight,hard,0.2090945874818932
Mae-Lee,double-layered-top-1#WBlack,robyn-top-1#Roanne,semi-hard,0.24717097060911372
Mae-Lee,double-layered-top-1#WBlack,be-mine-top-1#Sage,random,0.5215504723596486
Mae-Lee,double-layered-top-1#WSilver,leary-cardigan#Pine,hard,0.1949059656745298
Mae-Lee,double-layered-top-1#WSilver,square-peg-pullover#SilverMix,semi-hard,0.233956510061643
Mae-Lee,double-layered-top-1#WSilver,the-belle-sleeve-print-top#NavyPrint,random,0.40570202409233014
Mae-Lee,falling-for-you-cardi#Black,stara-cardigan#GreyMarle,hard,0.1692682346237349
Mae-Lee,falling-for-you-cardi#Black,milan-stretch-top#SilverMarl,semi-hard,0.2846663110350264
Mae-Lee,falling-for-you-cardi#Black,the-flutter-sleeve-top#Denim,random,0.34243179068605434
Mae-Lee,falling-for-you-cardi#Dusty,leary-cardigan#Pine,hard,0.1949059656745298
Mae-Lee,falling-for-you-cardi#Dusty,multi-stripe-jumper#NavyMulti,semi-hard,0.24630808702252205
Mae-Lee,falling-for-you-cardi#Dusty,the-pocket-tee#GreyStripe,random,0.32740229242493063
Mae-Lee,falling-for-you-cardi#GreyMarle,juno-cardigan#GreyMarle,hard,0.2196489772109091
Mae-Lee,falling-for-you-cardi#GreyMarle,drama-top#BlackGrey,semi-hard,0.22779784000285896
Mae-Lee,falling-for-you-cardi#GreyMarle,the-check-pullover#PinkCheck,random,0.6232922079628089
Mae-Lee,falling-for-you-cardi#Khaki,janet-frill-shirt#White,hard,0.2089005484839302
Mae-Lee,falling-for-you-cardi#Khaki,the-printed-side-ring-detail-blouse#Block,semi-hard,0.2233660476728801
Mae-Lee,falling-for-you-cardi#Khaki,fundamental-split-hoodie-1#Khaki,random,0.33565741574740315
Mae-Lee,falling-for-you-cardi#Mustard,border-stripe-knit#WhitePink,hard,0.21198476089229779
Mae-Lee,falling-for-you-cardi#Mustard,bertie-top#BlkCherry,semi-hard,0.28845743969188886
Mae-Lee,falling-for-you-cardi#Mustard,sugar-snaps-round-neck-layer-tank#DuckEgg,random,0.35236670871184916
Mae-Lee,falling-for-you-cardi#Navy,layer-me-bamboo-rouched-sleeve-tee#Black,hard,0.19438227750498602
Mae-Lee,falling-for-you-cardi#Navy,the-cotton-cardi#Navy,semi-hard,0.26949599432106275
Mae-Lee,falling-for-you-cardi#Navy,love-song-relaxed-blouse#SagePearl,random,0.34294299379287346
Mae-Lee,falling-for-you-cardi#Port,rib-tank-2#Navy,hard,0.2188396178724064
Mae-Lee,falling-for-you-cardi#Port,horizontal-cabel-pullover#EnglishRos,semi-hard,0.22269514515669103
Mae-Lee,falling-for-you-cardi#Port,the-twist-front-top#Grey,random,0.41751696093429164
Mae-Lee,falling-for-you-cardi#Rust,messina-v-neck-tee#White,hard,0.20991660715448396
Mae-Lee,falling-for-you-cardi#Rust,robyn-top-1#Roanne,semi-hard,0.24717097060911372
Mae-Lee,falling-for-you-cardi#Rust,tracie-top#Opal,random,0.32572755490482735
Mae-Lee,falling-for-you-cardi#Teal,stara-cardigan#GreyMarle,hard,0.1692682346237349
Mae-Lee,falling-for-you-cardi#Teal,the-define-flute-sleeve-blouse#Black,semi-hard,0.27474135703514685
Mae-Lee,falling-for-you-cardi#Teal,the-boat-neck-top#Navy,random,0.5141950766286099
Mae-Lee,falling-for-you-top#Blue,kimono-and-me-cardi#DustyPink,hard,0.21111613414663355
Mae-Lee,falling-for-you-top#Blue,out-of-my-mind-scallop-knit#GreyMarle,semi-hard,0.29314279226827733
Mae-Lee,falling-for-you-top#Blue,layer-me-cotton-candy-top#Cream,random,0.3504696326679083
Mae-Lee,for-the-frill-top#Ivory,millie-top#Moss,hard,0.21286419855697394
Mae-Lee,for-the-frill-top#Ivory,fundamental-vee-tee#White,semi-hard,0.2204787435755717
Mae-Lee,for-the-frill-top#Ivory,belle-mesh-cardi#Black,random,0.501709938355913
Mae-Lee,layer-top-1#Navy,marlow-cardigan#Cream,hard,0.21384137418212565
Mae-Lee,layer-top-1#Navy,walk-in-the-park-cardi#Sand,semi-hard,0.239398561997582
Mae-Lee,layer-top-1#Navy,paint-stroke-top#Strokes,random,0.32484498048712973
Mae-Lee,layered-tee-2#Black,neptune-top-1#PrimBlack,hard,0.19943042367216485
Mae-Lee,layered-tee-2#Black,luxe-shirt#Champagne,semi-hard,0.24418975581308477
Mae-Lee,layered-tee-2#Black,pattern-tunic-1#Lattice,random,0.613890325660781
Mae-Lee,layered-tee-2#White,millie-top#WhiteBlk,hard,0.21286419855697394
Mae-Lee,layered-tee-2#White,lenka-lurex-stripe-blouse#NavyGoldSt,semi-hard,0.23978089381251533
Mae-Lee,layered-tee-2#White,skipping-stones-tunic#Forest,random,0.3410351521587216
Mae-Lee,long-sleeve-softly-swinging-bamboo-tee#Black,eco-78-long-cardigan#DarkGreyM,hard,0.2073383502887526
Mae-Lee,long-sleeve-softly-swinging-bamboo-tee#Black,2-in-1-layered-knit-top#Khaki,semi-hard,0.28155291141176675
Mae-Lee,long-sleeve-softly-swinging-bamboo-tee#Black,skipping-stones-tunic#Forest,random,0.3410351521587216
Mae-Lee,long-sleeve-softly-swinging-bamboo-tee#BlueJeans,millie-top#WhiteBlk,hard,0.21286419855697394
Mae-Lee,long-sleeve-softly-swinging-bamboo-tee#BlueJeans,waterfall-cardi-1#Navy,semi-hard,0.231240866133299
Mae-Lee,long-sleeve-softly-swinging-bamboo-tee#BlueJeans,the-weekender-shirt#DenimStrip,random,0.30075500436458935
Mae-Lee,long-sleeve-softly-swinging-bamboo-tee#Cashew,the-reversible-cowl-neck-top-1#White,hard,0.2065583209508648
Mae-Lee,long-sleeve-softly-swinging-bamboo-tee#Cashew,always-mine-v-neck-knit#Terracotta,semi-hard,0.22881389867341276
Mae-Lee,long-sleeve-softly-swinging-bamboo-tee#Cashew,the-twist-front-top#Grey,random,0.41751696093429164
Mae-Lee,long-sleeve-softly-swinging-bamboo-tee#Combat,border-stripe-knit#WhitePink,hard,0.21198476089229779
Mae-Lee,long-sleeve-softly-swinging-bamboo-tee#Combat,icing-sugar-top#Ivory,semi-hard,0.27220066414671173
Mae-Lee,long-sleeve-softly-swinging-bamboo-tee#Combat,the-box-top#Khaki,random,0.38025302403691424
Mae-Lee,long-sleeve-softly-swinging-bamboo-tee#Copper,the-wrap-jersey-top#NavyWhite,hard,0.1732047387888866
Mae-Lee,long-sleeve-softly-swinging-bamboo-tee#Copper,milan-stretch-top#SilverMarl,semi-hard,0.2846663110350264
Mae-Lee,long-sleeve-softly-swinging-bamboo-tee#Copper,skipping-stones-tunic#Natural,random,0.3410351521587216
Mae-Lee,long-sleeve-softly-swinging-bamboo-tee#DuckEgg,capri-tank-6#Olive,hard,0.21640088758868964
Mae-Lee,long-sleeve-softly-swinging-bamboo-tee#DuckEgg,2-in-1-layered-top-1#NavyWhite,semi-hard,0.2806063100628143
Mae-Lee,long-sleeve-softly-swinging-bamboo-tee#DuckEgg,contrast-stripe-sweater#Pockets,random,0.3630283123871664
Mae-Lee,long-sleeve-softly-swinging-bamboo-tee#Fern,snake-print-johnny-collar-top#BeigeSnake,hard,0.21729415507051686
Mae-Lee,long-sleeve-softly-swinging-bamboo-tee#Fern,funnel-neck-knit-jumper#BlueMulti,semi-hard,0.24032388751835748
Mae-Lee,long-sleeve-softly-swinging-bamboo-tee#Fern,skipping-stones-tunic#Natural,random,0.3410351521587216
Mae-Lee,long-sleeve-softly-swinging-bamboo-tee#Navy,the-panel-luxe-top#BlkWhite,hard,0.19117710972432783
Mae-Lee,long-sleeve-softly-swinging-bamboo-tee#Navy,moonlight-kisses-bamboo-tee#Saffron,semi-hard,0.28000741234683646
Mae-Lee,long-sleeve-softly-swinging-bamboo-tee#Navy,batty-about-you-cotton-tee#BlkWhite,random,0.3426298352390559
Mae-Lee,long-sleeve-softly-swinging-bamboo-tee#Oyster,frill-me-tie-throw-on#WhiteBlk,hard,0.2149207617204006
Mae-Lee,long-sleeve-softly-swinging-bamboo-tee#Oyster,celestial-woven-top#White,semi-hard,0.2410084476022542
Mae-Lee,long-sleeve-softly-swinging-bamboo-tee#Oyster,monaco-knot-top#HeatheGrey,random,0.34452139250148855
Mae-Lee,long-sleeve-softly-swinging-bamboo-tee#SilverScon,the-longline-cardi-1#Nude,hard,0.18551926172147942
Mae-Lee,long-sleeve-softly-swinging-bamboo-tee#SilverScon,wellington-tee#Olive,semi-hard,0.2528450803192808
Mae-Lee,long-sleeve-softly-swinging-bamboo-tee#SilverScon,the-everyday-shirt#Pink,random,0.3562465458320503
Mae-Lee,long-sleeve-softly-swinging-bamboo-tee#Smoke,spliced-stripe-tunic#Navy,hard,0.18791940133055987
Mae-Lee,long-sleeve-softly-swinging-bamboo-tee#Smoke,the-midi-waterfall-cardi#BlueMarle,semi-hard,0.26556926455634267
Mae-Lee,long-sleeve-softly-swinging-bamboo-tee#Smoke,triangle-detail-long-sleeve-tee#Navy,random,0.30047952613199025
Mae-Lee,long-sleeve-softly-swinging-bamboo-tee#Storm,eco-78-long-cardigan#LightGreyM,hard,0.2073383502887526
Mae-Lee,long-sleeve-softly-swinging-bamboo-tee#Storm,willow-knot-top#WhiteBlk,semi-hard,0.23203169052511835
Mae-Lee,long-sleeve-softly-swinging-bamboo-tee#Storm,sequin-spot-shirt#Blue,random,0.30904229753705237
Mae-Lee,long-sleeve-softly-swinging-bamboo-tee#TeaRose,kimono-and-me-cardi#Sand,hard,0.21111613414663355
Mae-Lee,long-sleeve-softly-swinging-bamboo-tee#TeaRose,cara-tee-4#BlackWhite,semi-hard,0.22038508067429602
Mae-Lee,long-sleeve-softly-swinging-bamboo-tee#TeaRose,the-stripe-crossover-blouse#Bluestripe,random,0.4265794544163878
Mae-Lee,long-sleeve-softly-swinging-bamboo-tee#White,layer-me-bamboo-rouched-sleeve-tee#Black,hard,0.19438227750498602
Mae-Lee,long-sleeve-softly-swinging-bamboo-tee#White,the-reversible-cowl-neck-top-2#Ocean,semi-hard,0.2892637869315725
Mae-Lee,long-sleeve-softly-swinging-bamboo-tee#White,the-boat-neck-top-1#Ink,random,0.312230242639813
Mae-Lee,lurex-stitch-top#White,rib-tank-2#Khaki,hard,0.2188396178724064
Mae-Lee,lurex-stitch-top#White,spliced-lace-panel-tee#White,semi-hard,0.2712181110148146
Mae-Lee,lurex-stitch-top#White,runaway-top#Sand,random,0.3019114146013339
Mae-Lee,natural-extra-fine-sweater#Snowgum,leary-cardigan#Pine,hard,0.1949059656745298
Mae-Lee,natural-extra-fine-sweater#Snowgum,beloved-stripe-pull-over-hoodie#NavyWhite,semi-hard,0.28377407704985946
Mae-Lee,natural-extra-fine-sweater#Snowgum,falling-for-you-cardi-1#GreyGarden,random,0.32947976878612717
Mae-Lee,nuzuri-longline-cardi#Forest,heartmade-cardi#DustyRose,hard,0.17978339378654193
Mae-Lee,nuzuri-longline-cardi#Forest,the-cotton-cardi#Navy,semi-hard,0.26949599432106275
Mae-Lee,nuzuri-longline-cardi#Forest,the-sleeve-detail-knit#Ivory,random,0.30650689980804097
Mae-Lee,on-safari-blouse#Jewel,tie-back-bell-sleeve-top-5#Summerbud,hard,0.21105106012007818
Mae-Lee,on-safari-blouse#Jewel,geneva-v-neck-top#Black,semi-hard,0.23903194869983674
Mae-Lee,on-safari-blouse#Jewel,love-song-relaxed-blouse#SagePearl,random,0.34294299379287346
Mae-Lee,oregon-safari-embroidered-top#White,layer-me-bamboo-rouched-sleeve-tee#Black,hard,0.19438227750498602
Mae-Lee,oregon-safari-embroidered-top#White,alberta-stripe-top#IvoryStrip,semi-hard,0.2313345290345747
Mae-Lee,oregon-safari-embroidered-top#White,chill-out-slouch-top#Mustard,random,0.47093129725788135
Mae-Lee,panelled-stripe-top#NavyWhite,the-panel-luxe-top#BlkWhite,hard,0.19117710972432783
Mae-Lee,panelled-stripe-top#NavyWhite,maui-stretch-tee#NavyWhtStr,semi-hard,0.24335047342215566
Mae-Lee,panelled-stripe-top#NavyWhite,lola-bell-sleeve-top-entangled-vines#Gold,random,0.3003226643055559
Mae-Lee,pocket-shirt-1#Ivory,layer-me-bamboo-rouched-sleeve-tee#Black,hard,0.19438227750498602
Mae-Lee,pocket-shirt-1#Ivory,malibu-cardigan#Wine,semi-hard,0.25203281540464123
Mae-Lee,pocket-shirt-1#Ivory,print-tee-3#Boats,random,0.3730315567809804
Mae-Lee,relaxed-top-1#FloraStrip,snake-print-johnny-collar-top#BeigeSnake,hard,0.21729415507051686
Mae-Lee,relaxed-top-1#FloraStrip,long-sleeve-ruffle-shirt#Navy,semi-hard,0.2939502205998621
Mae-Lee,relaxed-top-1#FloraStrip,the-ruffle-sleeve-sweat#KhakiMarle,random,0.3860889772087333
Mae-Lee,reversible-scoopv-neck-tank#Black,coogee-shirt#White,hard,0.19411127473599465
Mae-Lee,reversible-scoopv-neck-tank#Black,boho-embroidered-top#BohoDenim,semi-hard,0.24316618918214386
Mae-Lee,reversible-scoopv-neck-tank#Black,contrast-pocket-tunic#Pinkpocket,random,0.4614884482965705
Mae-Lee,reversible-scoopv-neck-tank#Navy,melbourne-stretch-cardigan#Black,hard,0.2102563034547817
Mae-Lee,reversible-scoopv-neck-tank#Navy,to-the-beat-of-the-drum-kimono#Leaf,semi-hard,0.2712188211660285
Mae-Lee,reversible-scoopv-neck-tank#Navy,summer-whispers-kimono-1#Peacock,random,0.5323423442093989
Mae-Lee,reversible-scoopv-neck-tank#White,fluid-tunic-top#White,hard,0.2074953783207902
Mae-Lee,reversible-scoopv-neck-tank#White,spliced-lace-panel-tee#White,semi-hard,0.2712181110148146
Mae-Lee,reversible-scoopv-neck-tank#White,the-contrast-34-sleeve-top#Navy,random,0.4162544012225866
Mae-Lee,shirt-in-a-box#Silver,fern-print-top#Navy,hard,0.21692558659049324
Mae-Lee,shirt-in-a-box#Silver,high-street-knit#NavyStripe,semi-hard,0.2508108959848528
Mae-Lee,shirt-in-a-box#Silver,jersey-split-back-hooded-top#NavyStrip,random,0.3683558380857408
Mae-Lee,soft-and-true-tunic#Pine,ava-short-sleeve-linen-tee#Blush,hard,0.21430205531843455
Mae-Lee,soft-and-true-tunic#Pine,robyn-top-1#Roanne,semi-hard,0.24717097060911372
Mae-Lee,soft-and-true-tunic#Pine,monaco-knot-top#Olive,random,0.34452139250148855
Mae-Lee,softly-swinging-bamboo-tee#Black,aztec-cardigan#Orange,hard,0.19338524106572508
Mae-Lee,softly-swinging-bamboo-tee#Black,the-relax-blouse#White,semi-hard,0.24826498121855528
Mae-Lee,softly-swinging-bamboo-tee#Black,jersey-split-back-hooded-top#NavyStrip,random,0.3683558380857408
Mae-Lee,softly-swinging-bamboo-tee#BlueJeans,mila-knit-cardigan#InkWhite,hard,0.19188221282078716
Mae-Lee,softly-swinging-bamboo-tee#BlueJeans,luxe-shirt#Black,semi-hard,0.24418975581308477
Mae-Lee,softly-swinging-bamboo-tee#BlueJeans,the-frill-detail-blouse#Chambray,random,0.33811665957996195
Mae-Lee,softly-swinging-bamboo-tee#Blush,frill-me-tie-throw-on#WhiteBlk,hard,0.2149207617204006
Mae-Lee,softly-swinging-bamboo-tee#Blush,shell-top-3#PapBlue,semi-hard,0.29577265597382013
Mae-Lee,softly-swinging-bamboo-tee#Blush,nature-ls-top#BlueGum,random,0.31057258198996446
Mae-Lee,softly-swinging-bamboo-tee#Cashew,hannah-tee-1#RedWhite,hard,0.21152052144511915
Mae-Lee,softly-swinging-bamboo-tee#Cashew,daisy-top-1#BrightBlue,semi-hard,0.22952087384934877
Mae-Lee,softly-swinging-bamboo-tee#Cashew,the-spotted-tunic#NavySpot,random,0.3862093206422119
Mae-Lee,softly-swinging-bamboo-tee#Chambray,the-longline-cardi-1#GreyMarle,hard,0.18551926172147942
Mae-Lee,softly-swinging-bamboo-tee#Chambray,2-in-1-jumper#Navy,semi-hard,0.23909240825446168
Mae-Lee,softly-swinging-bamboo-tee#Chambray,makeover-blouse#LimeGreen,random,0.6184971098265896
Mae-Lee,softly-swinging-bamboo-tee#Copper,belle-half-sleeve-boat-tee#Black,hard,0.2115400672240622
Mae-Lee,softly-swinging-bamboo-tee#Copper,manhattan-stretch-tee#Navy,semi-hard,0.23676076726284376
Mae-Lee,softly-swinging-bamboo-tee#Copper,the-blouson-sleeve-jumper#Grey,random,0.33022775443918695
Mae-Lee,softly-swinging-bamboo-tee#Jewel,eco-78-long-cardigan#DarkGreyM,hard,0.2073383502887526
Mae-Lee,softly-swinging-bamboo-tee#Jewel,maui-stretch-tee#White,semi-hard,0.24335047342215566
Mae-Lee,softly-swinging-bamboo-tee#Jewel,viola-kimono-radiant-floral#Grey,random,0.5317919075144508
Mae-Lee,softly-swinging-bamboo-tee#Navy,lucy-rib-oversized-top#WhiteGrey,hard,0.21976505520422412
Mae-Lee,softly-swinging-bamboo-tee#Navy,bird-jumper#Navy,semi-hard,0.22961149518808488
Mae-Lee,softly-swinging-bamboo-tee#Navy,sky-shirt#Clouds,random,0.42046575959384525
Mae-Lee,softly-swinging-bamboo-tee#Starfish,aigli-top#White,hard,0.21664660595254548
Mae-Lee,softly-swinging-bamboo-tee#Starfish,wrap-me-up-bamboo-top#BlueJeans,semi-hard,0.2461266720956065
Mae-Lee,softly-swinging-bamboo-tee#Starfish,heartmade-sweater#Rust,random,0.33437413095245194
Mae-Lee,softly-swinging-bamboo-tee#Storm,melbourne-stretch-cardigan#Navy,hard,0.2102563034547817
Mae-Lee,softly-swinging-bamboo-tee#Storm,belle-two-in-one-top#Charcoal,semi-hard,0.22207898623333494
Mae-Lee,softly-swinging-bamboo-tee#Storm,the-soft-knit-jumper#PinkStripe,random,0.3357671635736741
Mae-Lee,softly-swinging-bamboo-tee#TeaRose,millie-top#BlackSpot,hard,0.21286419855697394
Mae-Lee,softly-swinging-bamboo-tee#TeaRose,the-cotton-cardi#Navy,semi-hard,0.26949599432106275
Mae-Lee,softly-swinging-bamboo-tee#TeaRose,falling-flowers-cardi#GreyMarle,random,0.2962583586082194
Mae-Lee,softly-swinging-bamboo-tee#White,layer-me-bamboo-rouched-sleeve-tee#Black,hard,0.19438227750498602
Mae-Lee,softly-swinging-bamboo-tee#White,suri-bell-sleeve-top#GreyMarle,semi-hard,0.22490663309579412
Mae-Lee,softly-swinging-bamboo-tee#White,chill-out-slouch-top#GreyMarle,random,0.47093129725788135
Mae-Lee,sugar-snaps-layers-tank#Black,natural-tie-tunic#BlueSky,hard,0.20573242793223806
Mae-Lee,sugar-snaps-layers-tank#Black,long-sleeve-ruffle-shirt#Black,semi-hard,0.2939502205998621
Mae-Lee,sugar-snaps-layers-tank#Black,the-colour-block-pullover#Sage,random,0.3633759253625393
Mae-Lee,sugar-snaps-layers-tank#Blue,ember-knit#EmberGlow,hard,0.21318510380286337
Mae-Lee,sugar-snaps-layers-tank#Blue,prickly-cactus-crew#Pink,semi-hard,0.23988122458040173
Mae-Lee,sugar-snaps-layers-tank#Blue,the-reverse-sleeve-sweater#Navy,random,0.3256844608138228
Mae-Lee,sugar-snaps-layers-tank#DeepCobalt,the-wrap-jersey-top-1#NavyStripe,hard,0.22021255925811475
Mae-Lee,sugar-snaps-layers-tank#DeepCobalt,the-panel-hem-top#Khaki,semi-hard,0.2461403001995936
Mae-Lee,sugar-snaps-layers-tank#DeepCobalt,the-contrast-knit-1#Navy,random,0.31013498983386806
Mae-Lee,sugar-snaps-layers-tank#DuckEgg,layer-me-bamboo-rouched-sleeve-tee#Fern,hard,0.19438227750498602
Mae-Lee,sugar-snaps-layers-tank#DuckEgg,ruffle-hem-jersey-top#Pink,semi-hard,0.22262305876463823
Mae-Lee,sugar-snaps-layers-tank#DuckEgg,sunshine-in-me-tee-1#White,random,0.3460348849001116
Mae-Lee,sugar-snaps-layers-tank#Mint,mila-knit-cardigan#InkWhite,hard,0.19188221282078716
Mae-Lee,sugar-snaps-layers-tank#Mint,picnic-top#BlackWhite,semi-hard,0.2284433221275098
Mae-Lee,sugar-snaps-layers-tank#Mint,the-box-top#Khaki,random,0.38025302403691424
Mae-Lee,sugar-snaps-layers-tank#NewBeige,hannah-tee-1#Black,hard,0.21152052144511915
Mae-Lee,sugar-snaps-layers-tank#NewBeige,roll-with-me-jumper#Chalk,semi-hard,0.29449725763474355
Mae-Lee,sugar-snaps-layers-tank#NewBeige,skipping-stones-tunic#Forest,random,0.3410351521587216
Mae-Lee,sugar-snaps-layers-tank#PeachyKeen,the-longline-cardi-1#Nude,hard,0.18551926172147942
Mae-Lee,sugar-snaps-layers-tank#PeachyKeen,layered-top-2#Navy,semi-hard,0.22896297150089442
Mae-Lee,sugar-snaps-layers-tank#PeachyKeen,the-blouson-sleeve-jumper#Navy,random,0.33022775443918695
Mae-Lee,sugar-snaps-layers-tank#Red,rise-top#Ink,hard,0.21910878482496182
Mae-Lee,sugar-snaps-layers-tank#Red,seeker-knot-front-shirt#Olive,semi-hard,0.252609057785935
Mae-Lee,sugar-snaps-layers-tank#Red,triangle-detail-long-sleeve-tee#Navy,random,0.30047952613199025
Mae-Lee,sugar-snaps-layers-tank#SeaGreen,belle-cowl-swing-sweater#Black,hard,0.20507414948709646
Mae-Lee,sugar-snaps-layers-tank#SeaGreen,the-asymmetrical-hem-sweater#Blush,semi-hard,0.2961804943050133
Mae-Lee,sugar-snaps-layers-tank#SeaGreen,the-everyday-shirt#Pink,random,0.3562465458320503
Mae-Lee,sugar-snaps-layers-tank#White,heartmade-cardi#DustyRose,hard,0.17978339378654193
Mae-Lee,sugar-snaps-layers-tank#White,paradise-cardi#MultiStrip,semi-hard,0.2266093188435651
Mae-Lee,sugar-snaps-layers-tank#White,the-everyday-shirt#Midnight,random,0.3562465458320503
Mae-Lee,the-bamboo-tunic-dress#Khaki,bo-cosy-cardigan#Storm,hard,0.19538286545579658
Mae-Lee,the-bamboo-tunic-dress#Khaki,belle-longline-white-shirt#White,semi-hard,0.24904429662782912
Mae-Lee,the-bamboo-tunic-dress#Khaki,the-cross-over-top#NavyStripe,random,0.3873404147436603
Mae-Lee,the-batwing-tee#Black,ruffle-top-4#Black,hard,0.2151420931893785
Mae-Lee,the-batwing-tee#Black,sequin-star-tee#Navy,semi-hard,0.26547066534865016
Mae-Lee,the-batwing-tee#Black,annabelle-sweater#Midnight,random,0.5113874922934238
Mae-Lee,the-batwing-tee#FrenchBlue,aztec-cardigan#Orange,hard,0.19338524106572508
Mae-Lee,the-batwing-tee#FrenchBlue,maui-stretch-tee#Navy,semi-hard,0.24335047342215566
Mae-Lee,the-batwing-tee#FrenchBlue,belle-mid-length-knit-cardi#Black,random,0.32201351920607585
Mae-Lee,the-batwing-tee#Sea,ava-short-sleeve-linen-tee#Navy,hard,0.21430205531843455
Mae-Lee,the-batwing-tee#Sea,still-the-one-ruffle-blouse#Spot,semi-hard,0.23351772726904327
Mae-Lee,the-batwing-tee#Sea,lola-bell-sleeve-top-entangled-vines#Gold,random,0.3003226643055559
Mae-Lee,the-batwing-tee#Stone,aigli-top#Navy,hard,0.21664660595254548
Mae-Lee,the-batwing-tee#Stone,fundamental-vee-tee#Pink,semi-hard,0.2204787435755717
Mae-Lee,the-batwing-tee#Stone,the-essential-pullover#SkyBlue,random,0.3287556986084161
Mae-Lee,the-button-up-swing-tunic#Wine,always-mine-spliced-cardigan#GreyEmeral,hard,0.19827742896056727
Mae-Lee,the-button-up-swing-tunic#Wine,belle-longline-white-shirt#White,semi-hard,0.24904429662782912
Mae-Lee,the-button-up-swing-tunic#Wine,selma-top-1#IndoStripe,random,0.3487593180829478
Mae-Lee,the-cape-jersey-top#DarkNavy,butterfly-blouse-1#Ivory,hard,0.13442005688474407
Mae-Lee,the-cape-jersey-top#DarkNavy,maui-stretch-tee#Navy,semi-hard,0.24335047342215566
Mae-Lee,the-cape-jersey-top#DarkNavy,tuck-layer-shirt#White,random,0.49919627503144776
Mae-Lee,the-cotton-bamboo-tank#Chambray,sequin-cross-2-in-1-top#Khaki,hard,0.2058425882505971
Mae-Lee,the-cotton-bamboo-tank#Chambray,york-linen-blend-top#BurntOrang,semi-hard,0.23802357779391362
Mae-Lee,the-cotton-bamboo-tank#Chambray,the-spotted-tunic#GreySpot,random,0.3862093206422119
Mae-Lee,the-cotton-bamboo-tank#DarkNavy,natural-cropped-sleeve-knit#Cloudcover,hard,0.21650820352479294
Mae-Lee,the-cotton-bamboo-tank#DarkNavy,alberta-stripe-top#IvoryStrip,semi-hard,0.2313345290345747
Mae-Lee,the-cotton-bamboo-tank#DarkNavy,messina-knit-1#Shiraz,random,0.4066096698697992
Mae-Lee,the-cotton-bamboo-tank#DuckEgg,the-cross-over-poncho#Grey,hard,0.20451894420229497
Mae-Lee,the-cotton-bamboo-tank#DuckEgg,fundamental-sydney-crew#Burgundy,semi-hard,0.227276182563595
Mae-Lee,the-cotton-bamboo-tank#DuckEgg,the-flutter-sleeve-top#Denim,random,0.34243179068605434
Mae-Lee,the-cotton-bamboo-tank#Moonbeam,falling-for-you-tunic#Black,hard,0.2094092532183403
Mae-Lee,the-cotton-bamboo-tank#Moonbeam,shell-top-3#PapBlue,semi-hard,0.29577265597382013
Mae-Lee,the-cotton-bamboo-tank#Moonbeam,belle-paint-brush-print-top#PaintPrint,random,0.462993494428628
Mae-Lee,the-cotton-bamboo-tank#White,spliced-stripe-tunic#Navy,hard,0.18791940133055987
Mae-Lee,the-cotton-bamboo-tank#White,saba-top-2#Catus,semi-hard,0.24766622402186023
Mae-Lee,the-cotton-bamboo-tank#White,runaway-top#JetBlack,random,0.3019114146013339
Mae-Lee,the-cotton-bamboo-tee#BlueJeans,janet-frill-shirt#White,hard,0.2089005484839302
Mae-Lee,the-cotton-bamboo-tee#BlueJeans,daisy-top-1#BrightBlue,semi-hard,0.22952087384934877
Mae-Lee,the-cotton-bamboo-tee#BlueJeans,the-dobby-sleeve-tee#White,random,0.3079192938710826
Mae-Lee,the-cotton-bamboo-tee#DuckEgg,tia-boyfriend-shirt#White,hard,0.21492664313231585
Mae-Lee,the-cotton-bamboo-tee#DuckEgg,dream-girl-ruffle-jumper#SoftPink,semi-hard,0.2926336637095789
Mae-Lee,the-cotton-bamboo-tee#DuckEgg,the-luxe-cotton-tunic#White,random,0.32034110176509806
Mae-Lee,the-cotton-bamboo-tee#DustyPink,snake-print-johnny-collar-top#BeigeSnake,hard,0.21729415507051686
Mae-Lee,the-cotton-bamboo-tee#DustyPink,drapey-stripe-tee#Navy,semi-hard,0.25770871106956333
Mae-Lee,the-cotton-bamboo-tee#DustyPink,half-sleeve-fluffy-knit#Ivory,random,0.3627040210798506
Mae-Lee,the-cotton-bamboo-tee#White,hayley-button-down#NavySparro,hard,0.2137544244762615
Mae-Lee,the-cotton-bamboo-tee#White,cherrington-top#GreyRose,semi-hard,0.23349227061446437
Mae-Lee,the-cotton-bamboo-tee#White,heartmade-sweater#Rust,random,0.33437413095245194
Mae-Lee,the-cross-over-blouse#Black,marlow-cardigan#Cream,hard,0.21384137418212565
Mae-Lee,the-cross-over-blouse#Black,2-in-1-layered-knit-top#Khaki,semi-hard,0.28155291141176675
Mae-Lee,the-cross-over-blouse#Black,tracie-top#Black,random,0.32572755490482735
Mae-Lee,the-cross-over-blouse#Blue,the-tie-front-top#Navy,hard,0.21941886555319912
Mae-Lee,the-cross-over-blouse#Blue,knit-hoodie-1#Sage,semi-hard,0.2786274676613909
Mae-Lee,the-cross-over-blouse#Blue,the-blouson-sleeve-jumper#Grey,random,0.33022775443918695
Mae-Lee,the-cross-over-blouse#Mint,ava-short-sleeve-linen-tee#Blush,hard,0.21430205531843455
Mae-Lee,the-cross-over-blouse#Mint,mauevewood-crew#Charcoal,semi-hard,0.23987146982245053
Mae-Lee,the-cross-over-blouse#Mint,sugar-snaps-round-neck-layer-tank#White,random,0.35236670871184916
Mae-Lee,the-cross-over-blouse#Red,melbourne-stretch-cardigan#NavyWhtStr,hard,0.2102563034547817
Mae-Lee,the-cross-over-blouse#Red,the-side-ring-detail-blouse-1#Black,semi-hard,0.2233660476728801
Mae-Lee,the-cross-over-blouse#Red,the-flutter-sleeve-top#SnakePrint,random,0.34243179068605434
Mae-Lee,the-cross-over-blouse#RoyalBlue,stara-cardigan#GreyMarle,hard,0.1692682346237349
Mae-Lee,the-cross-over-blouse#RoyalBlue,milan-stretch-top#NavyWhtStr,semi-hard,0.2846663110350264
Mae-Lee,the-cross-over-blouse#RoyalBlue,pure-merino-fine-rib-polo#BlackStri,random,0.2981381303824211
Mae-Lee,the-cross-over-blouse#Silver,the-wrap-jersey-top-1#NavyStripe,hard,0.22021255925811475
Mae-Lee,the-cross-over-blouse#Silver,2-in-1-layered-knit-top#Khaki,semi-hard,0.28155291141176675
Mae-Lee,the-cross-over-blouse#Silver,half-sleeve-fluffy-knit#Ivory,random,0.3627040210798506
Mae-Lee,the-cross-over-blouse#Sunshine,the-reversible-cowl-neck-top-1#White,hard,0.2065583209508648
Mae-Lee,the-cross-over-blouse#Sunshine,linen-v-neck-cami-2#BlueWhite,semi-hard,0.2674694433567043
Mae-Lee,the-cross-over-blouse#Sunshine,clio-knit-jumper#Clay,random,0.352652220474525
Mae-Lee,the-cross-over-blouse#White,the-wrap-jersey-top#JetBlack,hard,0.1732047387888866
Mae-Lee,the-cross-over-blouse#White,geneva-v-neck-top#ClaySpot,semi-hard,0.23903194869983674
Mae-Lee,the-cross-over-blouse#White,long-sleeve-check-top#Check,random,0.3985650542541324
Mae-Lee,the-cut-out-shoulder-blouse#Black,the-tie-front-top#Navy,hard,0.21941886555319912
Mae-Lee,the-cut-out-shoulder-blouse#Black,germaine-blouse#Pearl,semi-hard,0.22939400760142234
Mae-Lee,the-cut-out-shoulder-blouse#Black,summer-whispers-kimono-1#Peacock,random,0.5323423442093989
Mae-Lee,the-cut-out-shoulder-blouse#Blue,natural-tie-tunic#BlueSky,hard,0.20573242793223806
Mae-Lee,the-cut-out-shoulder-blouse#Blue,belle-two-in-one-top#Charcoal,semi-hard,0.22207898623333494
Mae-Lee,the-cut-out-shoulder-blouse#Blue,rising-mist-jumper#Nickel,random,0.6589595375722543
Mae-Lee,the-cut-out-shoulder-blouse#Clay,hydrangea-kimono#Hydrangea,hard,0.21757428252712707
Mae-Lee,the-cut-out-shoulder-blouse#Clay,belle-twist-front-tee-1#Black,semi-hard,0.22982553098655978
Mae-Lee,the-cut-out-shoulder-blouse#Clay,sky-jumper-1#Clouds,random,0.3238972595167954
Mae-Lee,the-cut-out-shoulder-blouse#Salmon,aigli-top#Navy,hard,0.21664660595254548
Mae-Lee,the-cut-out-shoulder-blouse#Salmon,paisley-top-1#Paisley,semi-hard,0.25358422534520736
Mae-Lee,the-cut-out-shoulder-blouse#Salmon,the-high-low-drape-tee#Grey,random,0.3046041297112285
Mae-Lee,the-cut-out-shoulder-blouse#Silver,snake-print-johnny-collar-top#BeigeSnake,hard,0.21729415507051686
Mae-Lee,the-cut-out-shoulder-blouse#Silver,layered-stripe-top#PinkStripe,semi-hard,0.28155291141176675
Mae-Lee,the-cut-out-shoulder-blouse#Silver,clio-knit-jumper#Black,random,0.352652220474525
Mae-Lee,the-cut-out-shoulder-blouse#White,leah-knit-cardigan#WhiteBlk,hard,0.1736304034265092
Mae-Lee,the-cut-out-shoulder-blouse#White,geneva-v-neck-top#ClaySpot,semi-hard,0.23903194869983674
Mae-Lee,the-cut-out-shoulder-blouse#White,pure-merino-fine-rib-polo#BlackStri,random,0.2981381303824211
Mae-Lee,the-design-fold-tunic-top#PearlBlue,stara-cardigan#GreyMarle,hard,0.1692682346237349
Mae-Lee,the-design-fold-tunic-top#PearlBlue,animal-button-up-shirt#KhakiPrint,semi-hard,0.22440579517477813
Mae-Lee,the-design-fold-tunic-top#PearlBlue,the-high-low-drape-tee#Sage,random,0.3046041297112285
Mae-Lee,the-drape-tee-1#Black,frill-me-tie-throw-on#WhiteBlk,hard,0.2149207617204006
Mae-Lee,the-drape-tee-1#Black,long-sleeve-layer-top#White,semi-hard,0.26246932758694685
Mae-Lee,the-drape-tee-1#Black,monaco-knot-top#Olive,random,0.34452139250148855
Mae-Lee,the-drape-tee-1#Navy,tia-boyfriend-shirt#White,hard,0.21492664313231585
Mae-Lee,the-drape-tee-1#Navy,drama-top#BlackGrey,semi-hard,0.22779784000285896
Mae-Lee,the-drape-tee-1#Navy,contrast-pocket-tunic#Pinkpocket,random,0.4614884482965705
Mae-Lee,the-drape-tee-1#NavyStripe,sequin-spot-cardi#Grey,hard,0.2152210876906867
Mae-Lee,the-drape-tee-1#NavyStripe,sequin-star-tee#Navy,semi-hard,0.26547066534865016
Mae-Lee,the-drape-tee-1#NavyStripe,the-daily-cross-over-top#SkyBlue,random,0.38979312442957104
Mae-Lee,the-drape-tee-1#Stripe,the-wrap-jersey-top-1#NavyStripe,hard,0.22021255925811475
Mae-Lee,the-drape-tee-1#Stripe,the-relaxed-long-sleeve-tee-1#Ink%20Stripe,semi-hard,0.22413632225281677
Mae-Lee,the-drape-tee-1#Stripe,the-cross-front-spot-blouse#Spot,random,0.4229824871452507
Mae-Lee,the-drape-tee-1#White,kimono-and-me-cardi#Sand,hard,0.21111613414663355
Mae-Lee,the-drape-tee-1#White,the-french-cuff-shirt#White,semi-hard,0.2496024913470492
Mae-Lee,the-drape-tee-1#White,jasmine-singlet#White,random,0.3604039198678909
Mae-Lee,the-long-sleeve-scoop-neck-tee#Black,clovis-shirt#NavyGold,hard,0.2177952694972182
Mae-Lee,the-long-sleeve-scoop-neck-tee#Black,the-zip-detail-jacket#Grey,semi-hard,0.28663421559679547
Mae-Lee,the-long-sleeve-scoop-neck-tee#Black,tracie-top#Opal,random,0.32572755490482735
Mae-Lee,the-long-sleeve-scoop-neck-tee#Grey,frill-blouse#Rust,hard,0.2186885369790454
Mae-Lee,the-long-sleeve-scoop-neck-tee#Grey,the-open-sleeve-blouse#Berry,semi-hard,0.2828696405514934
Mae-Lee,the-long-sleeve-scoop-neck-tee#Grey,midtown-ruffle-shirt#BoldRed,random,0.35457765043890155
Mae-Lee,the-long-sleeve-scoop-neck-tee#Navy,fundamental-rib-long-sleeve-tee#Black,hard,0.19387628569930906
Mae-Lee,the-long-sleeve-scoop-neck-tee#Navy,softly-swinging-bamboo-singlet#Cashew,semi-hard,0.2539744700578158
Mae-Lee,the-long-sleeve-scoop-neck-tee#Navy,billow-top#Peach,random,0.4749795444720231
Mae-Lee,the-long-sleeve-scoop-neck-tee#White,belle-cowl-swing-sweater#Black,hard,0.20507414948709646
Mae-Lee,the-long-sleeve-scoop-neck-tee#White,fundamental-split-hoodie#Navy,semi-hard,0.27823944859290606
Mae-Lee,the-long-sleeve-scoop-neck-tee#White,zara-top#ZebraPrint,random,0.325845604700981
Mae-Lee,the-long-sleeve-v-neck-tee#Black,rib-tank-2#Khaki,hard,0.2188396178724064
Mae-Lee,the-long-sleeve-v-neck-tee#Black,indi-crosover-front-blouse#MixedStrip,semi-hard,0.27029036946895174
Mae-Lee,the-long-sleeve-v-neck-tee#Black,longline-gather-back-shirt#Black,random,0.35794291047853743
Mae-Lee,the-long-sleeve-v-neck-tee#Navy,hayley-button-down#NavySparro,hard,0.2137544244762615
Mae-Lee,the-long-sleeve-v-neck-tee#Navy,cherrington-top#GreyRose,semi-hard,0.23349227061446437
Mae-Lee,the-long-sleeve-v-neck-tee#Navy,the-lace-trim-top#Black,random,0.3070020625631857
Mae-Lee,the-long-sleeve-v-neck-tee#White,endeavor-long-sleeve-tee#Stripe,hard,0.05263157894736842
Mae-Lee,the-long-sleeve-v-neck-tee#White,ponte-spot-top#BlackWhite,semi-hard,0.28074064649712716
Mae-Lee,the-long-sleeve-v-neck-tee#White,the-zip-front-blouse#Khaki,random,0.404509202740792
Mae-Lee,the-on-or-off-the-shoulder-top#FrenchNavy,rib-tank-2#Black,hard,0.2188396178724064
Mae-Lee,the-on-or-off-the-shoulder-top#FrenchNavy,holly-rib-long-sleeve-tee#WhiteGrey,semi-hard,0.29547215775409064
Mae-Lee,the-on-or-off-the-shoulder-top#FrenchNavy,clio-knit-jumper#Clay,random,0.352652220474525
Mae-Lee,the-on-or-off-the-shoulder-top#Pink,the-panel-luxe-top#SilvWhite,hard,0.19117710972432783
Mae-Lee,the-on-or-off-the-shoulder-top#Pink,geneva-v-neck-top#HeatheGrey,semi-hard,0.23903194869983674
Mae-Lee,the-on-or-off-the-shoulder-top#Pink,zara-top#ZebraPrint,random,0.325845604700981
Mae-Lee,the-printed-v-split-top#Natural,mila-knit-cardigan#InkWhite,hard,0.19188221282078716
Mae-Lee,the-printed-v-split-top#Natural,holly-rib-long-sleeve-tee#Khaki,semi-hard,0.29547215775409064
Mae-Lee,the-printed-v-split-top#Natural,relaxed-cape#WhiteBlack,random,0.4295573722976321
Mae-Lee,the-relaxed-long-sleeve-tee#Black,the-cross-over-poncho#Navy,hard,0.20451894420229497
Mae-Lee,the-relaxed-long-sleeve-tee#Black,belle-twist-front-tee-1#Black,semi-hard,0.22982553098655978
Mae-Lee,the-relaxed-long-sleeve-tee#Black,relaxed-cape#Black,random,0.4295573722976321
Mae-Lee,the-relaxed-long-sleeve-tee#Khaki,clovis-shirt#NavyGold,hard,0.2177952694972182
Mae-Lee,the-relaxed-long-sleeve-tee#Khaki,beloved-stripe-pull-over-hoodie#NavyWhite,semi-hard,0.28377407704985946
Mae-Lee,the-relaxed-long-sleeve-tee#Khaki,batty-about-you-cotton-tee#BlkWhite,random,0.3426298352390559
Mae-Lee,the-relaxed-long-sleeve-tee#Navy,layer-me-bamboo-rouched-sleeve-tee#Fern,hard,0.19438227750498602
Mae-Lee,the-relaxed-long-sleeve-tee#Navy,natural-crossover-knit-1#Stormcloud,semi-hard,0.23079516163280359
Mae-Lee,the-relaxed-long-sleeve-tee#Navy,falling-for-you-cardi-1#GreyGarden,random,0.32947976878612717
Mae-Lee,the-relaxed-long-sleeve-tee#Pink,lilly-layer-stripe-tank#NavyWhite,hard,0.22027494981965756
Mae-Lee,the-relaxed-long-sleeve-tee#Pink,you-at-my-shoulder-tunic#Black,semi-hard,0.2380083155866545
Mae-Lee,the-relaxed-long-sleeve-tee#Pink,oversize-contrast-hood-top#Steel,random,0.47678961188265867
Mae-Lee,the-relaxed-long-sleeve-tee#White,mila-knit-cardigan#StoneBlack,hard,0.19188221282078716
Mae-Lee,the-relaxed-long-sleeve-tee#White,funnel-neck-knit-jumper#BlueMulti,semi-hard,0.24032388751835748
Mae-Lee,the-relaxed-long-sleeve-tee#White,clio-knit-jumper#StoneBlack,random,0.352652220474525
Mae-Lee,the-short-sleeve-wrap-jersey-top#Black,multi-sequin-dot-stripe-top#Navy,hard,0.19219420189154185
Mae-Lee,the-short-sleeve-wrap-jersey-top#Black,linen-cotton-shirt#White,semi-hard,0.24679958267767488
Mae-Lee,the-short-sleeve-wrap-jersey-top#Black,the-pleated-sleeve-top#Sage,random,0.39846364466078493
Mae-Lee,the-short-sleeve-wrap-jersey-top#Blue,kimono-and-me-cardi#DustyPink,hard,0.21111613414663355
Mae-Lee,the-short-sleeve-wrap-jersey-top#Blue,napoleon-top-1#NemoRed,semi-hard,0.25965898726066683
Mae-Lee,the-short-sleeve-wrap-jersey-top#Blue,natural-pattern-cocoon-cardigan#Blossom,random,0.40544663256236474
Mae-Lee,the-short-sleeve-wrap-jersey-top#Emerald,fern-print-top#Navy,hard,0.21692558659049324
Mae-Lee,the-short-sleeve-wrap-jersey-top#Emerald,cross-over-top-with-pocket#NavyMustrd,semi-hard,0.29530661697324617
Mae-Lee,the-short-sleeve-wrap-jersey-top#Emerald,relaxed-animal-print-blouse#Leopard,random,0.3854209364508403
Mae-Lee,the-short-sleeve-wrap-jersey-top#NavyWhite,overlay-tunic-3-pce-set#Emerald,hard,0.1684731236383115
Mae-Lee,the-short-sleeve-wrap-jersey-top#NavyWhite,luxe-shirt#Champagne,semi-hard,0.24418975581308477
Mae-Lee,the-short-sleeve-wrap-jersey-top#NavyWhite,batty-about-you-cotton-tee#BlkWhite,random,0.3426298352390559
Mae-Lee,the-sleeveless-cross-over-blouse#Black,sequin-cross-2-in-1-top#Khaki,hard,0.2058425882505971
Mae-Lee,the-sleeveless-cross-over-blouse#Black,manhattan-stretch-tee#NavyWhtStr,semi-hard,0.23676076726284376
Mae-Lee,the-sleeveless-cross-over-blouse#Black,the-soft-knit-jumper#NavyStripe,random,0.3357671635736741
Mae-Lee,the-sleeveless-cross-over-blouse#Chambray,ember-knit#EmberGlow,hard,0.21318510380286337
Mae-Lee,the-sleeveless-cross-over-blouse#Chambray,alberta-stripe-top#IvoryStrip,semi-hard,0.2313345290345747
Mae-Lee,the-sleeveless-cross-over-blouse#Chambray,the-box-top#Khaki,random,0.38025302403691424
Mae-Lee,the-sleeveless-cross-over-blouse#Cobalt,neptune-top-1#PrimBlack,hard,0.19943042367216485
Mae-Lee,the-sleeveless-cross-over-blouse#Cobalt,spliced-lace-panel-tee#White,semi-hard,0.2712181110148146
Mae-Lee,the-sleeveless-cross-over-blouse#Cobalt,long-sleeve-check-top#Check,random,0.3985650542541324
Mae-Lee,the-sleeveless-cross-over-blouse#Mint,stripe-sweater-2#Blue,hard,0.2201433784421989
Mae-Lee,the-sleeveless-cross-over-blouse#Mint,the-roll-neck-sleeveless-top-1#Black,semi-hard,0.29611936237317527
Mae-Lee,the-sleeveless-cross-over-blouse#Mint,beach-walk-shirt#Khaki,random,0.5004563431700639
Mae-Lee,the-sleeveless-cross-over-blouse#Salmon,frill-blouse#Rust,hard,0.2186885369790454
Mae-Lee,the-sleeveless-cross-over-blouse#Salmon,geneva-v-neck-top#Olive,semi-hard,0.23903194869983674
Mae-Lee,the-sleeveless-cross-over-blouse#Salmon,tracie-top#Black,random,0.32572755490482735
Mae-Lee,the-sleeveless-cross-over-blouse#Sunshine,the-wrap-jersey-top#JetBlack,hard,0.1732047387888866
Mae-Lee,the-sleeveless-cross-over-blouse#Sunshine,belle-tie-neck-blouse-tee#RoyalBlue,semi-hard,0.27961238997861443
Mae-Lee,the-sleeveless-cross-over-blouse#Sunshine,rising-mist-jumper#Nickel,random,0.6589595375722543
Mae-Lee,the-sleeveless-cross-over-blouse#White,art-deco-print-top#NavyWhite,hard,0.1812989871750861
Mae-Lee,the-sleeveless-cross-over-blouse#White,fundamental-vee-tee#Black,semi-hard,0.2204787435755717
Mae-Lee,the-sleeveless-cross-over-blouse#White,beach-walk-shirt#Stormy,random,0.5004563431700639
Mae-Lee,the-stripe-button-through-top#Coral,lilly-layer-stripe-tank#NavyWhite,hard,0.22027494981965756
Mae-Lee,the-stripe-button-through-top#Coral,elcos-45-aop-top-jrs#BlackZigZa,semi-hard,0.23629383075201224
Mae-Lee,the-stripe-button-through-top#Coral,side-buttoned-sweater#Buttoned,random,0.302073826183957
Mae-Lee,the-stripe-tank-1#Hazelnut,st-helens-henley-tee#White,hard,0.207873701558765
Mae-Lee,the-stripe-tank-1#Hazelnut,nova-lux-long-sleeve-tie-top-1#NightSky,semi-hard,0.24790322112442514
Mae-Lee,the-stripe-tank-1#Hazelnut,the-cotton-bamboo-ls-top#NavyStripe,random,0.31350718971291996
Mae-Lee,the-striped-top#BlueStripe,belle-half-sleeve-boat-tee#White,hard,0.2115400672240622
Mae-Lee,the-striped-top#BlueStripe,the-zip-front-top#Blue,semi-hard,0.25199186536591867
Mae-Lee,the-striped-top#BlueStripe,grace-oversized-knit#StoneBlack,random,0.33568533148943025
Mae-Lee,the-v-split-blouse#Salmon,juno-cardigan#GreyMarle,hard,0.2196489772109091
Mae-Lee,the-v-split-blouse#Salmon,belle-tie-neck-blouse-tee#RoyalBlue,semi-hard,0.27961238997861443
Mae-Lee,the-v-split-blouse#Salmon,sugar-snaps-throw-jacket#Duckegg,random,0.49671147935382814
Mae-Lee,verona-patchwork-top#Patchwork,st-helens-henley-tee#Sapphire,hard,0.207873701558765
Mae-Lee,verona-patchwork-top#Patchwork,lake-house-top#CoalPrint,semi-hard,0.24337191394497587
Mae-Lee,verona-patchwork-top#Patchwork,skipping-stones-tunic#Forest,random,0.3410351521587216
Mandy,heartmade-cardi#DustyRose,born-to-run-shirt-jacket#Leopard,hard,0.17225350810921608
Mandy,heartmade-cardi#DustyRose,lola-bell-sleeve-top-entangled-vines#Gold,semi-hard,0.3654244974911672
Mandy,heartmade-cardi#DustyRose,the-boat-neck-top#Black,random,0.46293509635764046
Mandy,heartmade-sweater#Rust,reversible-stripe-vee-scoop-neck-tank#BlackWhite,hard,0.2134531434279024
Mandy,heartmade-sweater#Rust,wellington-tee#ClaySpot,semi-hard,0.339626502804663
Mandy,heartmade-sweater#Rust,the-cross-over-blouse#White,random,0.3891840084574515
Mandy,je-taime-knit#Navy,high-street-knit#NavyStripe,hard,0.236230644498364
Mandy,je-taime-knit#Navy,daylight-jumper#Silver,semi-hard,0.36559391066984603
Mandy,je-taime-knit#Navy,on-safari-blouse#Jewel,random,0.5
Mandy,monaco-sweater#BlackCream,aztec-cardigan#BlackIvory,hard,0.1781646526875293
Mandy,monaco-sweater#BlackCream,lola-bell-sleeve-top-entangled-vines#Gold,semi-hard,0.3654244974911672
Mandy,monaco-sweater#BlackCream,jasmine-singlet#White,random,0.4061523488851639
Mandy,nuzuri-longline-cardi#Forest,splice-knit-1#Multi,hard,0.2284594672669479
Mandy,nuzuri-longline-cardi#Forest,maui-stretch-tee#NavyWhtStr,semi-hard,0.28138212085001624
Mandy,nuzuri-longline-cardi#Forest,sugar-snaps-layers-tank#White,random,0.41753544361377104
Mandy,open-plains-kimono-throw-1#Rust,st-helens-henley-tee#Sapphire,hard,0.21777308642246906
Mandy,open-plains-kimono-throw-1#Rust,moonlight-kisses-bamboo-tee#White,semi-hard,0.36976868907893085
Mandy,open-plains-kimono-throw-1#Rust,the-daily-cross-over-top#PinkPrint,random,0.4365898058252427
Mandy,snug-as-a-bug-jumper#Smoke,cara-tee-4#BlackWhite,hard,0.20309301023457865
Mandy,snug-as-a-bug-jumper#Smoke,natural-extra-fine-sweater#Snowgum,semi-hard,0.3705162034975209
Mandy,snug-as-a-bug-jumper#Smoke,the-tie-detail-hoody#FrenchBlue,random,0.43173543689320387
Mandy,tia-boyfriend-shirt#White,layer-me-bamboo-rouched-sleeve-tee#Black,hard,0.22193018980705936
Mandy,tia-boyfriend-shirt#White,the-batwing-tee#Sea,semi-hard,0.3195246582660919
Mandy,tia-boyfriend-shirt#White,print-tee-3#Cntryhous,random,0.5258425704242105
Mandy,woolly-spotted-hoodie#Navy,gloria-applique-crew#Charcoal,hard,0.22124954961468746
Mandy,woolly-spotted-hoodie#Navy,seeker-knot-front-shirt#Olive,semi-hard,0.2535259921622895
Mandy,woolly-spotted-hoodie#Navy,tab-sleeve-longline-shirt#Silver,random,0.4816386325564125
Marnee,baobab-sweater#Bark,the-boat-neck-top#Black,hard,0.3558068690178943
Marnee,baobab-sweater#Bark,heartmade-cardi#DustyRose,semi-hard,0.525918123179359
Marnee,baobab-sweater#Bark,stripe-me-happy-blouse#Ash,random,0.6378138438063532
Marnee,be-mine-top-1#Sage,high-neck-tie-top#Black,hard,0.29785467818005273
Marnee,be-mine-top-1#Sage,the-frill-wrap-blouse#Spot,semi-hard,0.5027911074698295
Marnee,be-mine-top-1#Sage,weekend-tunic#Navy,random,0.8154065230961297
Marnee,beach-walk-shirt#Khaki,melbourne-stretch-cardigan#NavyWhtStr,hard,0.4257476548411707
Marnee,beach-walk-shirt#Khaki,the-tie-front-top#Navy,semi-hard,0.5482475247953946
Marnee,beach-walk-shirt#Khaki,the-sleeveless-cross-over-blouse#Mint,random,0.6398105883270911
Marnee,beach-walk-shirt#Stormy,rika-top#BatikTile,hard,0.3155235642946317
Marnee,beach-walk-shirt#Stormy,spliced-stripe-tunic#Navy,semi-hard,0.46717102753502565
Marnee,beach-walk-shirt#Stormy,belle-deep-v-mesh-top#Black,random,0.7599474181578583
Marnee,blue-waters-cotton-blouse#White,hannah-tee-1#Black,hard,0.4071321438479678
Marnee,blue-waters-cotton-blouse#White,the-wrap-jersey-top#JetBlack,semi-hard,0.46719595297544736
Marnee,blue-waters-cotton-blouse#White,the-tie-detail-hoody#Pink,random,0.6305312803440144
Marnee,butterfly-kisses-tee#Green,cuddled-longline-cardigan#Sunflower,hard,0.38322106047995563
Marnee,butterfly-kisses-tee#Green,arya-frilled-blouse#Oyster,semi-hard,0.5306051896934387
Marnee,butterfly-kisses-tee#Green,belle-nautical-applique-tee#BlueStripe,random,0.6889505522610626
Marnee,butterfly-kisses-tee#MustardStr,animal-button-up-shirt#KhakiPrint,hard,0.414481897627965
Marnee,butterfly-kisses-tee#MustardStr,natural-tie-tunic#BlueSky,semi-hard,0.46087897940074907
Marnee,butterfly-kisses-tee#MustardStr,the-zip-front-blouse#Khaki,random,0.7959812965274887
Marnee,butterfly-kisses-tee#Stripe,cara-tee-2#WhiteBlk,hard,0.36170065196282425
Marnee,butterfly-kisses-tee#Stripe,fluid-tunic-top#White,semi-hard,0.48841400506311555
Marnee,butterfly-kisses-tee#Stripe,long-sleeve-ruffle-shirt#Black,random,0.6539059248855597
Marnee,chasing-birds-blouse#White,vivid-dreams-blouse#Dusty%20Rose,hard,0.3656713829934804
Marnee,chasing-birds-blouse#White,icing-sugar-top#Ivory,semi-hard,0.5519110226799834
Marnee,chasing-birds-blouse#White,oversize-contrast-hood-top#Steel,random,0.9118571403800805
Marnee,chill-out-slouch-top#GreyMarle,holly-rib-long-sleeve-tee#Khaki,hard,0.26850443022610626
Marnee,chill-out-slouch-top#GreyMarle,the-panel-hem-top#Khaki,semi-hard,0.5432781505756693
Marnee,chill-out-slouch-top#GreyMarle,the-cut-out-shoulder-blouse#Black,random,0.6540435566652796
Marnee,chill-out-slouch-top#Mustard,roll-neck-jumper-3#GreyMarl,hard,0.3846602337356082
Marnee,chill-out-slouch-top#Mustard,analia-jersey-top#Black,semi-hard,0.4388210483423498
Marnee,chill-out-slouch-top#Mustard,the-midi-waterfall-cardi#BlueMarle,random,0.6279742552711887
Marnee,cool-breeze-jumper#Dust,cara-tee-3#ZebraPrint,hard,0.3951061607019004
Marnee,cool-breeze-jumper#Dust,st-helens-henley-tee#Sapphire,semi-hard,0.44914776668053824
Marnee,cool-breeze-jumper#Dust,the-luxe-dobby-blouse#White,random,0.9195975733458177
Marnee,cover-up-slouch-cardi#Alloy,dusk-top#DuskPrint,hard,0.40174933243168265
Marnee,cover-up-slouch-cardi#Alloy,rosie-bell-sleeve-denim-shirt#Stripe,semi-hard,0.5187323715725713
Marnee,cover-up-slouch-cardi#Alloy,the-relaxed-batwing-top#PeachRose,random,0.8726129375317889
Marnee,cross-my-heart-sweater#Regal,nova-lux-long-sleeve-tie-top#AidaStripe,hard,0.4283751213760577
Marnee,cross-my-heart-sweater#Regal,the-stripe-jersey-top#Pink,semi-hard,0.546684266195034
Marnee,cross-my-heart-sweater#Regal,belle-satin-shirt#Black,random,0.7252165262172284
Marnee,crossing-the-plains-sweater-1#Indigo,manhattan-stretch-tee#White,hard,0.3503411534193369
Marnee,crossing-the-plains-sweater-1#Indigo,the-ultimate-tie-cardi#Black,semi-hard,0.5771068499445138
Marnee,crossing-the-plains-sweater-1#Indigo,the-essential-pullover#SkyBlue,random,0.6285661441716374
Marnee,daisy-chain-tassel-blouse#DeepBlue,relaxed-v-neck-knit#Silver,hard,0.38082605076987097
Marnee,daisy-chain-tassel-blouse#DeepBlue,prickly-cactus-crew#Pink,semi-hard,0.531975005201831
Marnee,daisy-chain-tassel-blouse#DeepBlue,belle-poncho-sleeved-knit#BlueMarle,random,0.8523937092523236
Marnee,driftwood-gathering-blouse#Khaki,the-uneven-hem-knit-1#Sage,hard,0.36400462962962965
Marnee,driftwood-gathering-blouse#Khaki,layer-me-bamboo-rouched-sleeve-tee#Black,semi-hard,0.4506665929740602
Marnee,driftwood-gathering-blouse#Khaki,the-define-flute-sleeve-blouse#Black,random,0.6312253996740186
Marnee,falling-flowers-blouse#DustyPink,geena-xo-ls-pullover-knit#WhiteCapGr,hard,0.376364938791788
Marnee,falling-flowers-blouse#DustyPink,the-zip-detail-jacket#Grey,semi-hard,0.5154320987654322
Marnee,falling-flowers-blouse#DustyPink,the-essential-layering-tee#Ink,random,0.6521477782401628
Marnee,falling-flowers-cardi#GreyMarle,bamboo-layer-tank#Black,hard,0.2704919631710362
Marnee,falling-flowers-cardi#GreyMarle,silver-dot-tie-sleeve-blouse#SilverDotP,semi-hard,0.4724693091968373
Marnee,falling-flowers-cardi#GreyMarle,the-stitch-detail-top#SkyBlue,random,0.7701256675683174
Marnee,falling-for-you-cardi#Black,the-short-sleeve-wrap-jersey-top#Emerald,hard,0.39355102996254676
Marnee,falling-for-you-cardi#Black,kimberly-spliced-top#Black,semi-hard,0.4625186398945762
Marnee,falling-for-you-cardi#Black,voyager-stripe-crew#Stripe,random,0.6292134831460674
Marnee,falling-for-you-cardi#Dusty,millie-top#WhiteBlk,hard,0.42930928353447073
Marnee,falling-for-you-cardi#Dusty,jade-kimono-kaleidoscope#Blue,semi-hard,0.5862347990937254
Marnee,falling-for-you-cardi#Dusty,ivy-cosy-pullover#Storm,random,0.7064704275905118
Marnee,falling-for-you-cardi#GreyMarle,high-street-knit#NavyStripe,hard,0.35051671521708977
Marnee,falling-for-you-cardi#GreyMarle,viola-kimono-radiant-floral#Grey,semi-hard,0.5449438202247191
Marnee,falling-for-you-cardi#GreyMarle,belle-v-neck-forgiver-tunic#DenimMarl,random,0.6126722022818699
Marnee,falling-for-you-cardi#Khaki,manhattan-stretch-tee#Navy,hard,0.3503411534193369
Marnee,falling-for-you-cardi#Khaki,the-wrap-jersey-top#Charcoal,semi-hard,0.46719595297544736
Marnee,falling-for-you-cardi#Khaki,the-contrast-knit-1#Navy,random,0.660299480972858
Marnee,falling-for-you-cardi#Mustard,the-boat-neck-top#Navy,hard,0.3558068690178943
Marnee,falling-for-you-cardi#Mustard,the-zip-front-top#Blue,semi-hard,0.6009393639894576
Marnee,falling-for-you-cardi#Mustard,zara-top#ZebraPrint,random,0.6759703582327645
Marnee,falling-for-you-cardi#Navy,the-short-sleeve-wrap-jersey-top#Emerald,hard,0.39355102996254676
Marnee,falling-for-you-cardi#Navy,soho-ruffle-jumper#OatmealMar,semi-hard,0.4338988157164655
Marnee,falling-for-you-cardi#Navy,buttoned-top#Spotty,random,0.6102788181439868
Marnee,falling-for-you-cardi#Port,renee-sweater#Sapphire,hard,0.3309730024968789
Marnee,falling-for-you-cardi#Port,janet-frill-shirt#White,semi-hard,0.5017252739631017
Marnee,falling-for-you-cardi#Port,the-fleck-roll-neck-knit#Oatmeal,random,0.7046053544180886
Marnee,falling-for-you-cardi#Rust,melbourne-stretch-cardigan#Black,hard,0.4257476548411707
Marnee,falling-for-you-cardi#Rust,picnic-top#BlackWhite,semi-hard,0.4751590893327785
Marnee,falling-for-you-cardi#Rust,the-printed-v-split-top#Natural,random,0.7390992740555786
Marnee,falling-for-you-cardi#Teal,eco-78-long-cardigan#LightGreyM,hard,0.35451995769177413
Marnee,falling-for-you-cardi#Teal,the-zip-detail-jacket#Grey,semi-hard,0.5154320987654322
Marnee,falling-for-you-cardi#Teal,jersey-split-back-hooded-top#NavyStrip,random,0.762456217922042
Marnee,falling-for-you-cardi-1#GreyGarden,natural-cropped-sleeve-knit#Cloudcover,hard,0.42120959911222083
Marnee,falling-for-you-cardi-1#GreyGarden,true-love-bell-blouse#Jade,semi-hard,0.552701050769871
Marnee,falling-for-you-cardi-1#GreyGarden,the-open-sleeve-blouse#Berry,random,0.6404656939242614
Marnee,falling-for-you-cardi-2#WinterRose,cherrington-top#GreyRose,hard,0.3855694704535997
Marnee,falling-for-you-cardi-2#WinterRose,neptune-top-1#PrimBlack,semi-hard,0.49476240636704116
Marnee,falling-for-you-cardi-2#WinterRose,the-cross-over-blouse#Red,random,0.6769511201276182
Marnee,falling-for-you-top#Blue,soho-v-neck-blouse#SohoPrint,hard,0.40750999907523
Marnee,falling-for-you-top#Blue,natural-rolled-neck-tunic#BlueDam,semi-hard,0.5046700883155316
Marnee,falling-for-you-top#Blue,the-boat-neck-top-1#Ink,random,0.6879800856568179
Marnee,falling-for-you-tunic#Black,manhattan-stretch-tee#NavyWhtStr,hard,0.3503411534193369
Marnee,falling-for-you-tunic#Black,foil-spot-tee-1#Navy,semi-hard,0.503954475308642
Marnee,falling-for-you-tunic#Black,the-soft-overlay-top#Pink,random,1.125107829622694
Marnee,falling-for-you-tunic#Rust,leary-cardigan#Pine,hard,0.3529117249271744
Marnee,falling-for-you-tunic#Rust,rib-tank-2#Black,semi-hard,0.4527467835344708
Marnee,falling-for-you-tunic#Rust,the-sleeve-detail-knit#Ivory,random,0.6032881352013687
Marnee,first-love-kimono-jacket#Stone,the-wrap-jersey-top-1#NavyStripe,hard,0.41101617769454846
Marnee,first-love-kimono-jacket#Stone,rib-tank-2#Khaki,semi-hard,0.4527467835344708
Marnee,first-love-kimono-jacket#Stone,long-sleeve-ruffle-shirt#Black,random,0.6539059248855597
Marnee,flow-with-me-slouch-top#Brick,holly-rib-long-sleeve-tee#Black,hard,0.26850443022610626
Marnee,flow-with-me-slouch-top#Brick,belle-half-sleeve-forgiver-tunic#Black,semi-hard,0.5821526260577057
Marnee,flow-with-me-slouch-top#Brick,layered-sleeve-top#Moss,random,0.6183275679705923
Marnee,flying-free-top-3#WhiteBird,nova-lux-long-sleeve-tie-top-1#SimplyGree,hard,0.4283751213760577
Marnee,flying-free-top-3#WhiteBird,the-long-sleeve-scoop-neck-tee#White,semi-hard,0.5362394229435428
Marnee,flying-free-top-3#WhiteBird,the-bonded-cotton-tunic-dress#Navy,random,0.7391297986891385
Marnee,for-the-frill-top#Ivory,cara-tee-2#WhiteBlk,hard,0.36170065196282425
Marnee,for-the-frill-top#Ivory,paradise-cardi#MultiStrip,semi-hard,0.5786744434040783
Marnee,for-the-frill-top#Ivory,softly-swinging-bamboo-singlet#Cashew,random,0.631636127583576
Marnee,frill-me-tie-throw-on#WhiteBlk,lenka-lurex-stripe-blouse#NavyGoldSt,hard,0.4206005513940907
Marnee,frill-me-tie-throw-on#WhiteBlk,wellington-tee#Olive,semi-hard,0.6004408551810237
Marnee,frill-me-tie-throw-on#WhiteBlk,the-layered-cross-over-top#Navy,random,0.6547051645512554
Marnee,hydrangea-kimono#Hydrangea,cara-tee-3#ZebraPrint,hard,0.3951061607019004
Marnee,hydrangea-kimono#Hydrangea,weekend-cardigan#Black,semi-hard,0.44993779477042584
Marnee,hydrangea-kimono#Hydrangea,the-daily-cross-over-top#SkyBlue,random,0.6367041198501873
Marnee,kimono-and-me-cardi#DustyPink,millie-top#Blush,hard,0.42930928353447073
Marnee,kimono-and-me-cardi#DustyPink,malibu-cardigan#Wine,semi-hard,0.5164193629490914
Marnee,kimono-and-me-cardi#DustyPink,the-bonded-cotton-shirt#Pink,random,0.7763597369607436
Marnee,kimono-and-me-cardi#Sand,cherrington-top#GreyRose,hard,0.3855694704535997
Marnee,kimono-and-me-cardi#Sand,belle-half-sleeve-forgiver-tunic#Apricot,semi-hard,0.5821526260577057
Marnee,kimono-and-me-cardi#Sand,the-cut-out-shoulder-blouse#Salmon,random,0.6540435566652796
Marnee,long-sleeve-softly-swinging-bamboo-tee#Black,forget-me-knot-tunic#ForgetMeK,hard,0.22542893431821334
Marnee,long-sleeve-softly-swinging-bamboo-tee#Black,fundamental-sydney-crew#Burgundy,semi-hard,0.5488289377861006
Marnee,long-sleeve-softly-swinging-bamboo-tee#Black,stud-trim-long-sleeve-top#Mint,random,0.7955696655222637
Marnee,long-sleeve-softly-swinging-bamboo-tee#BlueJeans,reversible-scoopv-neck-tank#Navy,hard,0.41243042550977943
Marnee,long-sleeve-softly-swinging-bamboo-tee#BlueJeans,2-in-1-layered-top-1#PinkWhite,semi-hard,0.5593702316548758
Marnee,long-sleeve-softly-swinging-bamboo-tee#BlueJeans,belle-v-neck-forgiver-tunic#Tobacco,random,0.6126722022818699
Marnee,long-sleeve-softly-swinging-bamboo-tee#Cashew,york-linen-blend-top#BurntOrang,hard,0.40598774101817175
Marnee,long-sleeve-softly-swinging-bamboo-tee#Cashew,natural-detailed-sweater#Tinroof,semi-hard,0.5436491422758589
Marnee,long-sleeve-softly-swinging-bamboo-tee#Cashew,the-check-pullover#PinkCheck,random,1.1251674339367457
Marnee,long-sleeve-softly-swinging-bamboo-tee#Combat,leah-knit-cardigan#WhiteBlk,hard,0.3613386912193092
Marnee,long-sleeve-softly-swinging-bamboo-tee#Combat,the-twist-hem-jumper#DenimMarle,semi-hard,0.5873907615480649
Marnee,long-sleeve-softly-swinging-bamboo-tee#Combat,fundamental-split-hoodie-1#Lilac,random,0.701015549139964
Marnee,long-sleeve-softly-swinging-bamboo-tee#Copper,melbourne-stretch-cardigan#NavyWhtStr,hard,0.4257476548411707
Marnee,long-sleeve-softly-swinging-bamboo-tee#Copper,the-excess-shirt#Pearl,semi-hard,0.5091617249271744
Marnee,long-sleeve-softly-swinging-bamboo-tee#Copper,the-contrast-knit-1#Sage,random,0.660299480972858
Marnee,long-sleeve-softly-swinging-bamboo-tee#DuckEgg,the-batwing-tee#Sea,hard,0.4049625468164794
Marnee,long-sleeve-softly-swinging-bamboo-tee#DuckEgg,napoleon-top-1#NemoRed,semi-hard,0.4574305989041476
Marnee,long-sleeve-softly-swinging-bamboo-tee#DuckEgg,floral-embroidered-jumper#Navy,random,0.7109803067346373
Marnee,long-sleeve-softly-swinging-bamboo-tee#Fern,meadow-cardigan#Cream,hard,0.3690915869052573
Marnee,long-sleeve-softly-swinging-bamboo-tee#Fern,fern-print-top#Navy,semi-hard,0.5533371913580247
Marnee,long-sleeve-softly-swinging-bamboo-tee#Fern,the-lace-trim-top#Ivory,random,0.6038747861469459
Marnee,long-sleeve-softly-swinging-bamboo-tee#Navy,animal-button-up-shirt#KhakiPrint,hard,0.414481897627965
Marnee,long-sleeve-softly-swinging-bamboo-tee#Navy,belle-two-in-one-top#Charcoal,semi-hard,0.5308403558052435
Marnee,long-sleeve-softly-swinging-bamboo-tee#Navy,the-stitch-v-neck-knit#PinkMarle,random,0.7752577796273178
Marnee,long-sleeve-softly-swinging-bamboo-tee#Oyster,ricki-one-shoulder-top#BlackWhite,hard,0.3505763195311416
Marnee,long-sleeve-softly-swinging-bamboo-tee#Oyster,the-wrap-jersey-top#PortSpot,semi-hard,0.46719595297544736
Marnee,long-sleeve-softly-swinging-bamboo-tee#Oyster,belle-petal-print-top#Petal,random,0.6034254057428214
Marnee,long-sleeve-softly-swinging-bamboo-tee#SilverScon,nova-lux-long-sleeve-tie-top#AidaStripe,hard,0.4283751213760577
Marnee,long-sleeve-softly-swinging-bamboo-tee#SilverScon,sailaway-blouse#OxfordBlue,semi-hard,0.5939811924908679
Marnee,long-sleeve-softly-swinging-bamboo-tee#SilverScon,the-midi-waterfall-cardi#BlueMarle,random,0.6279742552711887
Marnee,long-sleeve-softly-swinging-bamboo-tee#Smoke,the-uneven-hem-knit-1#Sage,hard,0.36400462962962965
Marnee,long-sleeve-softly-swinging-bamboo-tee#Smoke,jade-kimono-sweet-blossoms#Blue,semi-hard,0.5862347990937254
Marnee,long-sleeve-softly-swinging-bamboo-tee#Smoke,belle-poncho-sleeved-knit#BlueMarle,random,0.8523937092523236
Marnee,long-sleeve-softly-swinging-bamboo-tee#Storm,the-panel-luxe-top#SilvWhite,hard,0.3898674833541407
Marnee,long-sleeve-softly-swinging-bamboo-tee#Storm,foil-spot-jumper#SilverDot,semi-hard,0.5196293261894853
Marnee,long-sleeve-softly-swinging-bamboo-tee#Storm,the-cosy-cardigan#Blue,random,0.6225898182827021
Marnee,long-sleeve-softly-swinging-bamboo-tee#TeaRose,leah-knit-cardigan#WhiteBlk,hard,0.3613386912193092
Marnee,long-sleeve-softly-swinging-bamboo-tee#TeaRose,napoleon-top-1#NemoBlue,semi-hard,0.4574305989041476
Marnee,long-sleeve-softly-swinging-bamboo-tee#TeaRose,the-sleeveless-cross-over-blouse#White,random,0.6398105883270911
Marnee,long-sleeve-softly-swinging-bamboo-tee#White,the-cotton-bamboo-tee#DustyPink,hard,0.3387085587460119
Marnee,long-sleeve-softly-swinging-bamboo-tee#White,fundamental-sydney-crew#GreyMarle,semi-hard,0.5488289377861006
Marnee,long-sleeve-softly-swinging-bamboo-tee#White,ruffle-sleeve-top-1#Black,random,0.6341909852267998
Marnee,moonlight-kisses-bamboo-tee#Black,endeavor-long-sleeve-tee#Stripe,hard,0.3333333333333333
Marnee,moonlight-kisses-bamboo-tee#Black,irena-embroidered-blouse#DustyRose,semi-hard,0.476503979400749
Marnee,moonlight-kisses-bamboo-tee#Black,print-tee-3#Cntryhous,random,0.931410245295233
Marnee,moonlight-kisses-bamboo-tee#Combat,merino-boyfriend-cardigan#MelangeStr,hard,0.37997641836593143
Marnee,moonlight-kisses-bamboo-tee#Combat,heart-spliced-top#Navy,semi-hard,0.5784739561659037
Marnee,moonlight-kisses-bamboo-tee#Combat,floral-embroidered-jumper#Navy,random,0.7109803067346373
Marnee,moonlight-kisses-bamboo-tee#Saffron,born-to-run-shirt-jacket#Leopard,hard,0.3876729608822306
Marnee,moonlight-kisses-bamboo-tee#Saffron,the-wrap-jersey-top#Charcoal,semi-hard,0.46719595297544736
Marnee,moonlight-kisses-bamboo-tee#Saffron,the-stitch-v-neck-knit#PinkMarle,random,0.7752577796273178
Marnee,moonlight-kisses-bamboo-tee#White,millie-top#Moss,hard,0.42930928353447073
Marnee,moonlight-kisses-bamboo-tee#White,the-wrap-jersey-top#JetBlack,semi-hard,0.46719595297544736
Marnee,moonlight-kisses-bamboo-tee#White,voyager-stripe-crew#Stripe,random,0.6292134831460674
Marnee,nuzuri-longline-cardi#Forest,geena-xo-ls-pullover-knit#Allure,hard,0.376364938791788
Marnee,nuzuri-longline-cardi#Forest,the-twist-hem-jumper#DenimMarle,semi-hard,0.5873907615480649
Marnee,nuzuri-longline-cardi#Forest,partly-cloudy-knit#Black,random,0.7813511467147546
Marnee,on-safari-blouse#Jewel,millie-top#WhiteBlk,hard,0.42930928353447073
Marnee,on-safari-blouse#Jewel,juno-cardigan#GreyMarle,semi-hard,0.47263511756138155
Marnee,on-safari-blouse#Jewel,bora-bora-layered-tank#BoraBora,random,0.7122021951727007
Marnee,on-the-horizon-swing-top-1#Khaki,cara-tee-2#BlackSpot,hard,0.36170065196282425
Marnee,on-the-horizon-swing-top-1#Khaki,paisley-top-1#Paisley,semi-hard,0.5397376543209876
Marnee,on-the-horizon-swing-top-1#Khaki,belle-mesh-cardi#Black,random,0.9490979157996948
Marnee,on-the-open-road-maxi-shirt#DarkOchre,hannah-tee-1#Black,hard,0.4071321438479678
Marnee,on-the-open-road-maxi-shirt#DarkOchre,bird-jumper#Navy,semi-hard,0.5062931318490775
Marnee,on-the-open-road-maxi-shirt#DarkOchre,makeover-blouse#LimeGreen,random,0.6292134831460674
Marnee,open-plains-kimono-throw-1#Rust,back-to-you-top#BlackMagic,hard,0.28719851054237755
Marnee,open-plains-kimono-throw-1#Rust,janet-frill-shirt#White,semi-hard,0.5017252739631017
Marnee,open-plains-kimono-throw-1#Rust,cross-over-top-with-pocket#NavyMustrd,random,0.6590817467748648
Marnee,oregon-safari-embroidered-top#White,melbourne-stretch-cardigan#NavyWhtStr,hard,0.4257476548411707
Marnee,oregon-safari-embroidered-top#White,collared-shirt-1#White,semi-hard,0.46711142322097376
Marnee,oregon-safari-embroidered-top#White,layered-sleeve-top#DarkBlue,random,0.6183275679705923
Marnee,pocket-shirt-1#Ivory,pure-merino-fine-rib-v-neck#Charcoal,hard,0.10180272344754242
Marnee,pocket-shirt-1#Ivory,belle-half-sleeve-forgiver-tunic#Apricot,semi-hard,0.5821526260577057
Marnee,pocket-shirt-1#Ivory,annabelle-sweater#Midnight,random,0.9699507559994451
Marnee,prairie-romance-blouse#Blush,the-cotton-bamboo-tee#BlueJeans,hard,0.3387085587460119
Marnee,prairie-romance-blouse#Blush,the-frill-wrap-blouse#Spot,semi-hard,0.5027911074698295
Marnee,prairie-romance-blouse#Blush,the-pleated-sleeve-top#Sage,random,0.6451310861423221
Marnee,rising-mist-jumper#Nickel,drapey-stripe-tee#Navy,hard,0.3695651702732695
Marnee,rising-mist-jumper#Nickel,analia-jersey-top#Navy,semi-hard,0.4388210483423498
Marnee,rising-mist-jumper#Nickel,print-shirt-1#Blush,random,0.6071533846580663
Marnee,roll-with-me-jumper#Chalk,the-boat-neck-top#Black,hard,0.3558068690178943
Marnee,roll-with-me-jumper#Chalk,waterfall-cardi-1#Black,semi-hard,0.4959068091968373
Marnee,roll-with-me-jumper#Chalk,natural-overlay-knit#Greybloss,random,0.6046146021177233
Marnee,runaway-top#JetBlack,henson-jumper#Cream,hard,0.27277751768622555
Marnee,runaway-top#JetBlack,2-in-1-layered-top-1#NavyWhite,semi-hard,0.5593702316548758
Marnee,runaway-top#JetBlack,belle-v-neck-forgiver-tunic#ArmyGreen,random,0.6126722022818699
Marnee,runaway-top#Sand,high-neck-tie-top#Black,hard,0.29785467818005273
Marnee,runaway-top#Sand,ditzy-floral-ruffle-blouse#DitzyFlora,semi-hard,0.5225575235816341
Marnee,runaway-top#Sand,the-twist-front-top#Navy,random,0.8172408910158598
Marnee,runaway-top#SoftMint,melbourne-stretch-cardigan#Black,hard,0.4257476548411707
Marnee,runaway-top#SoftMint,ruffle-top-4#Terracotta,semi-hard,0.5051487290192815
Marnee,runaway-top#SoftMint,milan-stretch-top#NavyWhtStr,random,0.6446510004855042
Marnee,runaway-top#SoftPink,the-batwing-tee#Sea,hard,0.4049625468164794
Marnee,runaway-top#SoftPink,layered-tee-2#Black,semi-hard,0.5180243445692884
Marnee,runaway-top#SoftPink,out-of-my-mind-scallop-knit#GreyMarle,random,0.6356095679012346
Marnee,shirt-in-a-box#Silver,the-uneven-hem-knit-1#Sage,hard,0.36400462962962965
Marnee,shirt-in-a-box#Silver,floral-blouse-2#NavyMulti,semi-hard,0.5137263316687474
Marnee,shirt-in-a-box#Silver,anna-top#Leona,random,0.7422481880288527
Marnee,skipping-stones-tunic#Forest,the-long-sleeve-v-neck-tee#Black,hard,0.3470520789984741
Marnee,skipping-stones-tunic#Forest,lola-bell-sleeve-top-ditsy-daisies#Blue,semi-hard,0.5866740648263745
Marnee,skipping-stones-tunic#Forest,stud-trim-long-sleeve-top#Mint,random,0.7955696655222637
Marnee,skipping-stones-tunic#Natural,dream-girl-ruffle-jumper#SoftPink,hard,0.3242702264530448
Marnee,skipping-stones-tunic#Natural,picnic-top#BlackWhite,semi-hard,0.4751590893327785
Marnee,skipping-stones-tunic#Natural,the-frill-detail-blouse#Chambray,random,0.7224546790470245
Marnee,snug-as-a-bug-jumper#Smoke,reversible-scoopv-neck-tank#White,hard,0.41243042550977943
Marnee,snug-as-a-bug-jumper#Smoke,belle-half-sleeve-forgiver-tunic#FlamPink,semi-hard,0.5821526260577057
Marnee,snug-as-a-bug-jumper#Smoke,the-multi-stripe-cardi#Stripe,random,0.7079345262865863
Marnee,soft-and-true-tunic#Pine,the-short-sleeve-wrap-jersey-top#NavyWhite,hard,0.39355102996254676
Marnee,soft-and-true-tunic#Pine,the-cross-over-poncho#Grey,semi-hard,0.4835811789083091
Marnee,soft-and-true-tunic#Pine,the-layered-cross-over-top#Black,random,0.6547051645512554
Marnee,softly-falling-bamboo-tunic#Copper,the-long-sleeve-v-neck-tee#Navy,hard,0.3470520789984741
Marnee,softly-falling-bamboo-tunic#Copper,button-through-animal-shirt#Animal,semi-hard,0.44493428353447073
Marnee,softly-falling-bamboo-tunic#Copper,natural-pattern-cocoon-cardigan#Blossom,random,0.7407407407407408
Marnee,softly-falling-bamboo-tunic#White,striped-cardigan-3#Rainbow,hard,0.38752485319276825
Marnee,softly-falling-bamboo-tunic#White,marjorie-tie-blouse#BluePrint,semi-hard,0.501490107851297
Marnee,softly-falling-bamboo-tunic#White,clio-knit-jumper#Black,random,0.7027037961807001
Marnee,softly-swinging-bamboo-tee#Black,the-short-sleeve-wrap-jersey-top#NavyWhite,hard,0.39355102996254676
Marnee,softly-swinging-bamboo-tee#Black,hacienda-tunic-5#PatchGold,semi-hard,0.5013242994867527
Marnee,softly-swinging-bamboo-tee#Black,the-high-low-drape-tee#Sage,random,0.6983035528506034
Marnee,softly-swinging-bamboo-tee#BlueJeans,34-sleeve-shirt-1#SkyWhite,hard,0.3524760715771952
Marnee,softly-swinging-bamboo-tee#BlueJeans,the-contrast-panel-top#BlkStripe,semi-hard,0.5974129560271882
Marnee,softly-swinging-bamboo-tee#BlueJeans,layered-sleeve-top#DarkBlue,random,0.6183275679705923
Marnee,softly-swinging-bamboo-tee#Blush,magnolia-fields-keyhole-blouse#Magnolia,hard,0.3455164551255375
Marnee,softly-swinging-bamboo-tee#Blush,linen-v-neck-cami-2#BlueWhite,semi-hard,0.49339259085864895
Marnee,softly-swinging-bamboo-tee#Blush,sky-shirt#Clouds,random,0.8367058537938687
Marnee,softly-swinging-bamboo-tee#Cashew,the-panel-luxe-top#BlkWhite,hard,0.3898674833541407
Marnee,softly-swinging-bamboo-tee#Cashew,button-through-animal-shirt#Animal,semi-hard,0.44493428353447073
Marnee,softly-swinging-bamboo-tee#Cashew,belle-flocked-tunic#Pale%20Blue,random,0.962722920134554
Marnee,softly-swinging-bamboo-tee#Chambray,leary-cardigan#Pine,hard,0.3529117249271744
Marnee,softly-swinging-bamboo-tee#Chambray,sunshine-in-me-tee-1#White,semi-hard,0.5788944375086698
Marnee,softly-swinging-bamboo-tee#Chambray,milan-stretch-top#Black,random,0.6446510004855042
Marnee,softly-swinging-bamboo-tee#Copper,ricki-one-shoulder-top#BlackWhite,hard,0.3505763195311416
Marnee,softly-swinging-bamboo-tee#Copper,belle-half-sleeve-forgiver-tunic#FlamPink,semi-hard,0.5821526260577057
Marnee,softly-swinging-bamboo-tee#Copper,the-cross-front-spot-blouse#NavySpot,random,0.8383753164447219
Marnee,softly-swinging-bamboo-tee#Jewel,monaco-knot-top#ClaySpot,hard,0.2420823796643085
Marnee,softly-swinging-bamboo-tee#Jewel,ruffle-top-4#Terracotta,semi-hard,0.5051487290192815
Marnee,softly-swinging-bamboo-tee#Jewel,the-cross-over-blouse#Sunshine,random,0.6769511201276182
Marnee,softly-swinging-bamboo-tee#Navy,manhattan-stretch-tee#White,hard,0.3503411534193369
Marnee,softly-swinging-bamboo-tee#Navy,belle-half-sleeve-boat-tee#Black,semi-hard,0.5189883088847274
Marnee,softly-swinging-bamboo-tee#Navy,the-luxe-cotton-tunic#White,random,0.693051329067832
Marnee,softly-swinging-bamboo-tee#Starfish,merino-boyfriend-cardigan#MelangeStr,hard,0.37997641836593143
Marnee,softly-swinging-bamboo-tee#Starfish,circles-knit#Plum,semi-hard,0.4882947964350118
Marnee,softly-swinging-bamboo-tee#Starfish,the-flutter-sleeve-top#SnakePrint,random,0.6551763998705322
Marnee,softly-swinging-bamboo-tee#Storm,manhattan-stretch-tee#Navy,hard,0.3503411534193369
Marnee,softly-swinging-bamboo-tee#Storm,long-sleeve-layer-top#White,semi-hard,0.5795587546816479
Marnee,softly-swinging-bamboo-tee#Storm,weekend-tunic#Navy,random,0.8154065230961297
Marnee,softly-swinging-bamboo-tee#TeaRose,cara-tee-2#Blush,hard,0.36170065196282425
Marnee,softly-swinging-bamboo-tee#TeaRose,heartmade-cardi#DustyRose,semi-hard,0.525918123179359
Marnee,softly-swinging-bamboo-tee#TeaRose,the-multi-stripe-cardi#Stripe,random,0.7079345262865863
Marnee,softly-swinging-bamboo-tee#White,knit-hoodie-1#Sage,hard,0.42956937508669724
Marnee,softly-swinging-bamboo-tee#White,fundamental-vee-tee#White,semi-hard,0.43229383409626854
Marnee,softly-swinging-bamboo-tee#White,contrast-stripe-sweater#Pockets,random,0.7599869737480927
Marnee,starry-night-cardi#Chalk,cuddled-longline-cardigan#Sunflower,hard,0.38322106047995563
Marnee,starry-night-cardi#Chalk,natural-cosy-sweater#Rosered,semi-hard,0.5997017616867804
Marnee,starry-night-cardi#Chalk,jersey-split-back-hooded-top#NavyStrip,random,0.762456217922042
Marnee,sugar-snaps-layers-tank#Black,butterfly-blouse-1#Ivory,hard,0.384951753017062
Marnee,sugar-snaps-layers-tank#Black,great-scot-merino-carcoat#Twilight,semi-hard,0.4798678301428769
Marnee,sugar-snaps-layers-tank#Black,the-cross-over-printed-blouse#Leopard,random,0.7152393059023443
Marnee,sugar-snaps-layers-tank#Blue,reversible-stripe-vee-scoop-neck-tank#BlackWhite,hard,0.4255661326120127
Marnee,sugar-snaps-layers-tank#Blue,wellington-tee#ClaySpot,semi-hard,0.6004408551810237
Marnee,sugar-snaps-layers-tank#Blue,placement-print-shirt#WhiteNavy,random,0.6359747797891524
Marnee,sugar-snaps-layers-tank#DeepCobalt,bella-ls-tee#GreenWhite,hard,0.42196711575808016
Marnee,sugar-snaps-layers-tank#DeepCobalt,tinker-stripe-knit#NavyWhite,semi-hard,0.4426801567485088
Marnee,sugar-snaps-layers-tank#DeepCobalt,long-sleeve-ruffle-shirt#Black,random,0.6539059248855597
Marnee,sugar-snaps-layers-tank#DuckEgg,nova-lux-long-sleeve-tie-top#AidaStripe,hard,0.4283751213760577
Marnee,sugar-snaps-layers-tank#DuckEgg,tia-boyfriend-shirt#White,semi-hard,0.5003034401442641
Marnee,sugar-snaps-layers-tank#DuckEgg,print-tee-3#Bike,random,0.931410245295233
Marnee,sugar-snaps-layers-tank#Mint,belle-cowl-swing-sweater#Green,hard,0.40719174816201975
Marnee,sugar-snaps-layers-tank#Mint,the-cape-jersey-top#DarkNavy,semi-hard,0.5063478594465252
Marnee,sugar-snaps-layers-tank#Mint,the-fleck-roll-neck-knit#Oatmeal,random,0.7046053544180886
Marnee,sugar-snaps-layers-tank#NewBeige,gloria-applique-crew#Charcoal,hard,0.4034735226799834
Marnee,sugar-snaps-layers-tank#NewBeige,capri-tank-3#Black,semi-hard,0.4402255427243723
Marnee,sugar-snaps-layers-tank#NewBeige,out-of-my-mind-scallop-knit#GreyMarle,random,0.6356095679012346
Marnee,sugar-snaps-layers-tank#PeachyKeen,fundamental-vee-tee#Navy,hard,0.43229383409626854
Marnee,sugar-snaps-layers-tank#PeachyKeen,elcos-top#LightGrey,semi-hard,0.5003457050215009
Marnee,sugar-snaps-layers-tank#PeachyKeen,patchwork-tunic#Patchwork,random,0.7023295533361077
Marnee,sugar-snaps-layers-tank#Red,pulkari-emb-top#Pulkari,hard,0.39253233804966015
Marnee,sugar-snaps-layers-tank#Red,spliced-stripe-tunic#Navy,semi-hard,0.46717102753502565
Marnee,sugar-snaps-layers-tank#Red,the-cotton-tie-detail-top#Ivory,random,0.673193880912748
Marnee,sugar-snaps-layers-tank#SeaGreen,layered-top-2#White,hard,0.403213431127757
Marnee,sugar-snaps-layers-tank#SeaGreen,capri-tank-3#White,semi-hard,0.4402255427243723
Marnee,sugar-snaps-layers-tank#SeaGreen,the-double-layer-top#White,random,0.8090001430503537
Marnee,sugar-snaps-layers-tank#White,layered-top-2#White,hard,0.403213431127757
Marnee,sugar-snaps-layers-tank#White,dot-to-dot-knit-1#GreyMarle,semi-hard,0.49195341760299627
Marnee,sugar-snaps-layers-tank#White,belle-v-neck-forgiver-tunic#Tobacco,random,0.6126722022818699
Marnee,sugar-snaps-round-neck-layer-tank#Black,the-batwing-tee#FrenchBlue,hard,0.4049625468164794
Marnee,sugar-snaps-round-neck-layer-tank#Black,star-and-spot-sweater#SilverMult,semi-hard,0.5678773928422804
Marnee,sugar-snaps-round-neck-layer-tank#Black,milan-34-sleeve-1#Melange,random,0.6446510004855042
Marnee,sugar-snaps-round-neck-layer-tank#DuckEgg,the-batwing-tee#FrenchBlue,hard,0.4049625468164794
Marnee,sugar-snaps-round-neck-layer-tank#DuckEgg,mauevewood-crew#Charcoal,semi-hard,0.5656232660563185
Marnee,sugar-snaps-round-neck-layer-tank#DuckEgg,haze-swing-top#OffWhite,random,0.7636533615388172
Marnee,sugar-snaps-round-neck-layer-tank#White,aztec-cardigan#BlackIvory,hard,0.374665673983909
Marnee,sugar-snaps-round-neck-layer-tank#White,the-cross-over-poncho#Grey,semi-hard,0.4835811789083091
Marnee,sugar-snaps-round-neck-layer-tank#White,the-cut-out-shoulder-blouse#Silver,random,0.6540435566652796
Marnee,sugar-snaps-throw-jacket#Black,millie-top#Blush,hard,0.42930928353447073
Marnee,sugar-snaps-throw-jacket#Black,birds-tee-1#Navy,semi-hard,0.4349868653766126
Marnee,sugar-snaps-throw-jacket#Black,striped-sleeve-sweater#Striped,random,1.3125
Marnee,sugar-snaps-throw-jacket#Duckegg,34-sleeve-shirt-1#SkyWhite,hard,0.3524760715771952
Marnee,sugar-snaps-throw-jacket#Duckegg,arya-frilled-blouse#Oyster,semi-hard,0.5306051896934387
Marnee,sugar-snaps-throw-jacket#Duckegg,belle-v-neck-forgiver-tunic#White,random,0.6126722022818699
Marnee,sugar-snaps-throw-jacket#White,holly-rib-long-sleeve-tee#WhiteGrey,hard,0.26850443022610626
Marnee,sugar-snaps-throw-jacket#White,elcos-top#LightGrey,semi-hard,0.5003457050215009
Marnee,sugar-snaps-throw-jacket#White,the-roll-neck-sleeveless-top-1#Black,random,0.6663941123942294
Marnee,summer-breeze-top-1#White,the-short-sleeve-wrap-jersey-top#Emerald,hard,0.39355102996254676
Marnee,summer-breeze-top-1#White,messina-v-neck-tee#Black,semi-hard,0.5359283967956721
Marnee,summer-breeze-top-1#White,belle-ls-free-fall-tee#Blush,random,0.7683624635871827
Marnee,summer-haze-top#Teal,butterfly-blouse-1#Ivory,hard,0.384951753017062
Marnee,summer-haze-top#Teal,side-buttoned-sweater#Buttoned,semi-hard,0.5009016507143849
Marnee,summer-haze-top#Teal,the-bonded-cotton-tunic-dress#Navy,random,0.7391297986891385
Marnee,summer-whispers-kimono-1#Peacock,cara-tee-4#Black,hard,0.3937016663198779
Marnee,summer-whispers-kimono-1#Peacock,messina-v-neck-tee#Black,semi-hard,0.5359283967956721
Marnee,summer-whispers-kimono-1#Peacock,tracie-top#Black,random,0.6978478507768067
Marnee,the-bamboo-tunic-dress#Khaki,the-boat-neck-top#Black,hard,0.3558068690178943
Marnee,the-bamboo-tunic-dress#Khaki,frost-cardigan#Mauvewoo,semi-hard,0.5568169995838534
Marnee,the-bamboo-tunic-dress#Khaki,beloved-stripe-pull-over-hoodie#NavyWhite,random,0.6449110920377306
Marnee,the-button-up-swing-tunic#Wine,the-short-sleeve-wrap-jersey-top#Blue,hard,0.39355102996254676
Marnee,the-button-up-swing-tunic#Wine,the-reversible-cowl-neck-top-1#White,semi-hard,0.5242941765501457
Marnee,the-button-up-swing-tunic#Wine,the-reverse-sleeve-sweater#Navy,random,0.6805057046747122
Marnee,the-cotton-bamboo-tank#Chambray,the-relax-blouse#White,hard,0.37549796695103344
Marnee,the-cotton-bamboo-tank#Chambray,the-long-sleeve-scoop-neck-tee#Black,semi-hard,0.5362394229435428
Marnee,the-cotton-bamboo-tank#Chambray,paint-stroke-top#Strokes,random,0.6917611665973089
Marnee,the-cotton-bamboo-tank#DarkNavy,colourblock-cardi#NavyRed,hard,0.348698241781107
Marnee,the-cotton-bamboo-tank#DarkNavy,rory-spliced-zip-hoodie#Slate,semi-hard,0.46447799625468167
Marnee,the-cotton-bamboo-tank#DarkNavy,the-oversize-knit#GreyMarle,random,0.9060549313358303
Marnee,the-cotton-bamboo-tank#DuckEgg,bella-ls-tee#GreenWhite,hard,0.42196711575808016
Marnee,the-cotton-bamboo-tank#DuckEgg,2-in-1-jumper#Navy,semi-hard,0.5855213535164377
Marnee,the-cotton-bamboo-tank#DuckEgg,makeover-blouse#LimeGreen,random,0.6292134831460674
Marnee,the-cotton-bamboo-tank#Moonbeam,mila-knit-cardigan#StoneBlack,hard,0.3402712754889721
Marnee,the-cotton-bamboo-tank#Moonbeam,capri-tank-6#ClaySpot,semi-hard,0.46904585414065747
Marnee,the-cotton-bamboo-tank#Moonbeam,the-stitch-detail-top#Pink,random,0.7701256675683174
Marnee,the-cotton-bamboo-tank#White,natural-cropped-sleeve-knit#Cloudcover,hard,0.42120959911222083
Marnee,the-cotton-bamboo-tank#White,rib-tank-2#Khaki,semi-hard,0.4527467835344708
Marnee,the-cotton-bamboo-tank#White,the-ruffle-sleeve-sweat#KhakiMarle,random,0.7662340477181301
Marnee,the-crossover-2-way-blouse#Black,cara-tee-3#ZebraPrint,hard,0.3951061607019004
Marnee,the-crossover-2-way-blouse#Black,belle-half-sleeve-boat-tee#Black,semi-hard,0.5189883088847274
Marnee,the-crossover-2-way-blouse#Black,striped-sleeve-sweater#Striped,random,1.3125
Marnee,the-drape-tee-1#Black,renee-sweater#Sapphire,hard,0.3309730024968789
Marnee,the-drape-tee-1#Black,the-panel-hem-top#Khaki,semi-hard,0.5432781505756693
Marnee,the-drape-tee-1#Black,ruffle-sleeve-top-1#Black,random,0.6341909852267998
Marnee,the-drape-tee-1#Navy,roll-neck-jumper-3#GreyMarl,hard,0.3846602337356082
Marnee,the-drape-tee-1#Navy,natural-rolled-neck-tunic#BlueDam,semi-hard,0.5046700883155316
Marnee,the-drape-tee-1#Navy,cross-over-top-with-pocket#Emerald,random,0.6590817467748648
Marnee,the-drape-tee-1#NavyStripe,cara-tee-3#Mustard,hard,0.3951061607019004
Marnee,the-drape-tee-1#NavyStripe,wellington-tee#ClaySpot,semi-hard,0.6004408551810237
Marnee,the-drape-tee-1#NavyStripe,the-shoulder-tie-top#White,random,0.7602990836107644
Marnee,the-drape-tee-1#Stripe,leah-knit-cardigan#Black,hard,0.3613386912193092
Marnee,the-drape-tee-1#Stripe,linen-cotton-shirt#White,semi-hard,0.5840919336939936
Marnee,the-drape-tee-1#Stripe,foil-2-in-1-spot-top#Charcoal,random,0.668779910528506
Marnee,the-drape-tee-1#White,wonderland-blouse#Ink,hard,0.4002866786886761
Marnee,the-drape-tee-1#White,willow-knot-top#WhiteBlk,semi-hard,0.5152402812456651
Marnee,the-drape-tee-1#White,the-daily-cross-over-top#SkyBlue,random,0.6367041198501873
Marnee,the-everyday-shirt#Black,belle-cowl-swing-sweater#Black,hard,0.40719174816201975
Marnee,the-everyday-shirt#Black,belle-off-the-shoulder-tee#Stripe,semi-hard,0.5987464670897489
Marnee,the-everyday-shirt#Black,the-essential-pullover#SkyBlue,random,0.6285661441716374
Marnee,the-everyday-shirt#Cream,fundamental-vee-tee#Black,hard,0.43229383409626854
Marnee,the-everyday-shirt#Cream,overlay-top-2#Black,semi-hard,0.4753346511305313
Marnee,the-everyday-shirt#Cream,abigail-stripe-shirt#BlackStrip,random,0.7029407684838397
Marnee,the-everyday-shirt#Midnight,the-short-sleeve-wrap-jersey-top#Emerald,hard,0.39355102996254676
Marnee,the-everyday-shirt#Midnight,the-cross-over-poncho#Navy,semi-hard,0.4835811789083091
Marnee,the-everyday-shirt#Midnight,leopard-print-kimono#GoldMulti,random,0.6376404494382022
Marnee,the-everyday-shirt#Pink,reversible-scoopv-neck-tank#Black,hard,0.41243042550977943
Marnee,the-everyday-shirt#Pink,layered-tee-2#White,semi-hard,0.5180243445692884
Marnee,the-everyday-shirt#Pink,the-contrast-detail-top#Ivory,random,0.608648911083368
Marnee,the-everyday-shirt#Rose,the-longline-cardi-1#Nude,hard,0.4010329969482591
Marnee,the-everyday-shirt#Rose,variegated-rib-knit#Silver,semi-hard,0.5137165782355388
Marnee,the-everyday-shirt#Rose,the-open-sleeve-blouse#Berry,random,0.6404656939242614
Marnee,the-pirate-in-me-shirt#White,nova-lux-long-sleeve-tie-top-1#NightSky,hard,0.4283751213760577
Marnee,the-pirate-in-me-shirt#White,overlay-top-2#Black,semi-hard,0.4753346511305313
Marnee,the-pirate-in-me-shirt#White,clio-knit-jumper#Clay,random,0.7027037961807001
Marnee,the-relaxed-long-sleeve-tee#Black,the-longline-cardi-1#Nude,hard,0.4010329969482591
Marnee,the-relaxed-long-sleeve-tee#Black,the-frill-wrap-blouse#Spot,semi-hard,0.5027911074698295
Marnee,the-relaxed-long-sleeve-tee#Black,the-stella-tee#Marine,random,0.6785452645998058
Marnee,the-relaxed-long-sleeve-tee#Khaki,forget-me-knot-tunic#ForgetMeK,hard,0.22542893431821334
Marnee,the-relaxed-long-sleeve-tee#Khaki,horizontal-cabel-pullover#EnglishRos,semi-hard,0.5001452177833264
Marnee,the-relaxed-long-sleeve-tee#Khaki,contrast-pocket-tunic#Pinkpocket,random,0.8736879826143246
Marnee,the-relaxed-long-sleeve-tee#Navy,nova-lux-long-sleeve-tie-top-1#NightSky,hard,0.4283751213760577
Marnee,the-relaxed-long-sleeve-tee#Navy,natural-waterfall-cardigan#Fallendust,semi-hard,0.5393258426966292
Marnee,the-relaxed-long-sleeve-tee#Navy,the-bonded-cotton-tunic-dress#Navy,random,0.7391297986891385
Marnee,the-relaxed-long-sleeve-tee#Pink,square-nk-fray-trim-top#Denim,hard,0.4308893397142461
Marnee,the-relaxed-long-sleeve-tee#Pink,spliced-stripe-tunic#Navy,semi-hard,0.46717102753502565
Marnee,the-relaxed-long-sleeve-tee#Pink,the-linen-tie-sleeve-top#GreyMarle,random,0.7437225820155362
Marnee,the-relaxed-long-sleeve-tee#White,the-cotton-bamboo-tee#DustyPink,hard,0.3387085587460119
Marnee,the-relaxed-long-sleeve-tee#White,luxe-shirt#Champagne,semi-hard,0.5162528321080132
Marnee,the-relaxed-long-sleeve-tee#White,this-mortal-coil-drape#StormClam,random,0.7197865732071023
Marnee,to-the-beat-of-the-drum-kimono#Leaf,forget-me-knot-tunic#ForgetMeK,hard,0.22542893431821334
Marnee,to-the-beat-of-the-drum-kimono#Leaf,panelled-stripe-top#NavyWhite,semi-hard,0.5257772402552365
Marnee,to-the-beat-of-the-drum-kimono#Leaf,tab-sleeve-longline-shirt#Navy,random,0.7852337356082675
Marnee,walk-in-the-park-cardi#Sand,elina-lace-frill-blouse#Black,hard,0.3259694912609239
Marnee,walk-in-the-park-cardi#Sand,geneva-v-neck-top#Olive,semi-hard,0.5835023928422804
Marnee,walk-in-the-park-cardi#Sand,ponte-spot-top#BlackWhite,random,0.6282457258288251
Marnee,weekend-vibes-blouse#Blush,nova-lux-long-sleeve-tie-top-1#CloudDance,hard,0.4283751213760577
Marnee,weekend-vibes-blouse#Blush,sequin-cross-2-in-1-top#Khaki,semi-hard,0.48001955021500897
Marnee,weekend-vibes-blouse#Blush,the-cut-out-shoulder-blouse#Clay,random,0.6540435566652796
Marnee,wrap-me-up-bamboo-top#Black,westward-top#BotanicalD,hard,0.4280554255097794
Marnee,wrap-me-up-bamboo-top#Black,silver-cross-sweater#Silver,semi-hard,0.48273642322097376
Marnee,wrap-me-up-bamboo-top#Black,the-spotted-tunic#GreySpot,random,0.8019180668261895
Marnee,wrap-me-up-bamboo-top#BlueJeans,born-to-run-shirt-jacket#Leopard,hard,0.3876729608822306
Marnee,wrap-me-up-bamboo-top#BlueJeans,linen-cotton-shirt#White,semi-hard,0.5840919336939936
Marnee,wrap-me-up-bamboo-top#BlueJeans,the-open-sleeve-blouse#Berry,random,0.6404656939242614
Mercy,aztec-cardigan#BlackIvory,germaine-blouse#Pearl,hard,0.2218006452480172
Mercy,aztec-cardigan#BlackIvory,foil-spot-jumper#SilverDot,semi-hard,0.2666743881986186
Mercy,aztec-cardigan#BlackIvory,the-twist-front-top#Navy,random,0.49794241844248566
Mercy,aztec-cardigan#Orange,spliced-stripe-tunic#Navy,hard,0.21453564387174415
Mercy,aztec-cardigan#Orange,runaway-top#Sand,semi-hard,0.35564501330397286
Mercy,aztec-cardigan#Orange,rama-top#Stonewash,random,0.49886373456493766
Mercy,belle-cowl-swing-sweater#Black,gloria-applique-crew#Charcoal,hard,0.22912149770514473
Mercy,belle-cowl-swing-sweater#Black,aigli-top#White,semi-hard,0.26211420345796604
Mercy,belle-cowl-swing-sweater#Black,softly-falling-bamboo-tunic#Copper,random,0.38591964645785726
Mercy,belle-cowl-swing-sweater#Green,the-cotton-bamboo-tee#White,hard,0.14086098681978504
Mercy,belle-cowl-swing-sweater#Green,high-street-knit#NavyStripe,semi-hard,0.24402469449938868
Mercy,belle-cowl-swing-sweater#Green,the-weekender-shirt#DenimStrip,random,0.3605755115148179
Mercy,belle-deep-v-mesh-top#Black,gloria-applique-crew#Charcoal,hard,0.22912149770514473
Mercy,belle-deep-v-mesh-top#Black,the-relaxed-long-sleeve-tee#Khaki,semi-hard,0.33275759243967334
Mercy,belle-deep-v-mesh-top#Black,the-oversized-cotton-blend-shirt#Sand,random,0.6026635284440434
Mercy,belle-ls-free-fall-tee#Airforce,the-cotton-bamboo-tee#DuckEgg,hard,0.14086098681978504
Mercy,belle-ls-free-fall-tee#Airforce,lenka-lurex-stripe-blouse#NavyGoldSt,semi-hard,0.2726038446027692
Mercy,belle-ls-free-fall-tee#Airforce,annabelle-sweater#Midnight,random,0.6020554478008437
Mercy,belle-ls-free-fall-tee#Blush,layered-top-2#Navy,hard,0.2212148090181092
Mercy,belle-ls-free-fall-tee#Blush,melbourne-stretch-cardigan#NavyWhtStr,semi-hard,0.24243377886172615
Mercy,belle-ls-free-fall-tee#Blush,natural-extra-fine-sweater#Snowgum,random,0.3795520231213873
Mercy,belle-ls-free-fall-tee#Greenland,cyrus-top#LightRose,hard,0.2214471751195437
Mercy,belle-ls-free-fall-tee#Greenland,not-today-buttoned-cardigan#Almond,semi-hard,0.31628547103745386
Mercy,belle-ls-free-fall-tee#Greenland,the-fleck-roll-neck-knit#Oatmeal,random,0.49292595650977156
Mercy,belle-mid-length-knit-cardi#Black,meadow-cardigan#Cream,hard,0.16793939917679668
Mercy,belle-mid-length-knit-cardi#Black,ava-short-sleeve-linen-tee#Blush,semi-hard,0.2520900746708147
Mercy,belle-mid-length-knit-cardi#Black,the-lace-trim-top#Black,random,0.3652708964125149
Mercy,belle-paint-brush-print-top#PaintPrint,sequin-spot-cardi#Grey,hard,0.20821098906022956
Mercy,belle-paint-brush-print-top#PaintPrint,the-define-flute-sleeve-blouse#Black,semi-hard,0.34501593116074225
Mercy,belle-paint-brush-print-top#PaintPrint,billow-top#Black,random,0.5636517084989662
Mercy,belle-petal-print-top#Petal,relaxed-v-neck-knit#Silver,hard,0.2205127897374839
Mercy,belle-petal-print-top#Petal,hacienda-tunic-pushkar#Cornflower,semi-hard,0.33653676889494877
Mercy,belle-petal-print-top#Petal,the-printed-v-split-top#Natural,random,0.47617900724837137
Mercy,belle-satin-shirt#Black,magnolia-fields-keyhole-blouse#Magnolia,hard,0.22021665098355514
Mercy,belle-satin-shirt#Black,paisley-top-1#Paisley,semi-hard,0.2794799288178774
Mercy,belle-satin-shirt#Black,the-cotton-bamboo-tank#Chambray,random,0.3642627697335151
Mercy,belle-square-neck-drape-tee#Vanilla,york-linen-blend-top#BurntOrang,hard,0.23473325107701368
Mercy,belle-square-neck-drape-tee#Vanilla,the-sleeveless-cross-over-blouse#Chambray,semi-hard,0.35134948773836727
Mercy,belle-square-neck-drape-tee#Vanilla,sunshine-in-me-tee-1#White,random,0.39377924580236723
Mercy,belle-tie-front-shirt#Black,the-cotton-bamboo-tee#DustyPink,hard,0.14086098681978504
Mercy,belle-tie-front-shirt#Black,renee-sweater#Sapphire,semi-hard,0.25059111727766786
Mercy,belle-tie-front-shirt#Black,the-essential-layering-tee#Ink,random,0.40452564455454626
Mercy,belle-v-neck-forgiver-tunic#ArmyGreen,the-longline-cardi-1#GreyMarle,hard,0.19229869206050482
Mercy,belle-v-neck-forgiver-tunic#ArmyGreen,rose-shirt#BlueIllusi,semi-hard,0.24263249828766026
Mercy,belle-v-neck-forgiver-tunic#ArmyGreen,the-cascade-blouse#Auburn,random,0.3669883104807994
Mercy,belle-v-neck-forgiver-tunic#Black,forget-me-knot-tunic#ForgetMeK,hard,0.13062919683265162
Mercy,belle-v-neck-forgiver-tunic#Black,the-batwing-tee#Stone,semi-hard,0.3240682951497577
Mercy,belle-v-neck-forgiver-tunic#Black,sugar-snaps-layers-tank#Mint,random,0.3971679781268604
Mercy,belle-v-neck-forgiver-tunic#BlueMarle,silver-dot-tie-sleeve-blouse#SilverDotP,hard,0.2391752923780078
Mercy,belle-v-neck-forgiver-tunic#BlueMarle,layla-long-line-kimono#MultiStrip,semi-hard,0.3326259929970106
Mercy,belle-v-neck-forgiver-tunic#BlueMarle,sugar-snaps-round-neck-layer-tank#White,random,0.42875860570737234
Mercy,belle-v-neck-forgiver-tunic#Charcoal,34-sleeve-shirt-1#SkyWhite,hard,0.19394899948149713
Mercy,belle-v-neck-forgiver-tunic#Charcoal,frill-blouse#Rust,semi-hard,0.26578153105576147
Mercy,belle-v-neck-forgiver-tunic#Charcoal,beach-walk-shirt#Khaki,random,0.5681255161023947
Mercy,belle-v-neck-forgiver-tunic#DenimMarl,the-cotton-bamboo-tee#DustyPink,hard,0.14086098681978504
Mercy,belle-v-neck-forgiver-tunic#DenimMarl,glasgow-top#Melange,semi-hard,0.243292509233832
Mercy,belle-v-neck-forgiver-tunic#DenimMarl,messina-knit-1#Shiraz,random,0.4882052999315064
Mercy,belle-v-neck-forgiver-tunic#Navy,great-scot-merino-carcoat#Twilight,hard,0.22473578758025592
Mercy,belle-v-neck-forgiver-tunic#Navy,stripe-sweater-2#Blue,semi-hard,0.2549510622907585
Mercy,belle-v-neck-forgiver-tunic#Navy,relaxed-cape#Black,random,0.5083205841372261
Mercy,belle-v-neck-forgiver-tunic#Scarlett,cotton-modal-print-top#PinkNavy,hard,0.22259464277712698
Mercy,belle-v-neck-forgiver-tunic#Scarlett,monaco-knot-top#HeatheGrey,semi-hard,0.2987865992612934
Mercy,belle-v-neck-forgiver-tunic#Scarlett,the-pocket-tee#GreyStripe,random,0.38692425910634004
Mercy,belle-v-neck-forgiver-tunic#Tobacco,button-through-animal-shirt#Animal,hard,0.21524018365243663
Mercy,belle-v-neck-forgiver-tunic#Tobacco,sailaway-blouse#OxfordBlue,semi-hard,0.33306149273349167
Mercy,belle-v-neck-forgiver-tunic#Tobacco,butterfly-kisses-tee#Stripe,random,0.41946050096339116
Mercy,belle-v-neck-forgiver-tunic#White,analia-jersey-top#Black,hard,0.22052415199175518
Mercy,belle-v-neck-forgiver-tunic#White,belle-half-sleeve-forgiver-tunic#FlamPink,semi-hard,0.3001278053565828
Mercy,belle-v-neck-forgiver-tunic#White,grace-oversized-knit#Black,random,0.41126039406218196
Mercy,overlay-tunic-3-pce-set#Emerald,capri-tank-3#White,hard,0.223285299803481
Mercy,overlay-tunic-3-pce-set#Emerald,rika-top#BatikTile,semi-hard,0.26542906112572734
Mercy,overlay-tunic-3-pce-set#Emerald,sugar-snaps-layers-tank#NewBeige,random,0.3971679781268604
Miranda,the-asymmetrical-tank-top#HotPink,pulkari-emb-top#Pulkari,hard,0.39351696885381704
Miranda,the-asymmetrical-tank-top#HotPink,the-pocket-tee#GreyStripe,semi-hard,0.5972170707482825
Miranda,the-asymmetrical-tank-top#HotPink,falling-for-you-top#Blue,random,0.7686480210840876
Miranda,the-asymmetrical-tank-top#Indigo,ally-long-sleeve-tee#CosmosPr,hard,0.28175117296528096
Miranda,the-asymmetrical-tank-top#Indigo,maui-stretch-tee#Black,semi-hard,0.447585644352103
Miranda,the-asymmetrical-tank-top#Indigo,beach-walk-shirt#Stormy,random,0.7541139670882633
Miranda,the-boat-neck-top#Black,mila-knit-cardigan#StoneBlack,hard,0.33855795398048144
Miranda,the-boat-neck-top#Black,laurina-stripe-pullover#NightSky,semi-hard,0.44765397316463795
Miranda,the-boat-neck-top#Black,the-zip-front-blouse#Navy,random,0.795219080870304
Miranda,the-boat-neck-top#Navy,colourblock-cardi#NavyRed,hard,0.3471637487704867
Miranda,the-boat-neck-top#Navy,silver-cross-sweater#Silver,semi-hard,0.48394884748522604
Miranda,the-boat-neck-top#Navy,ivy-cosy-pullover#Blossom,random,0.7057110473071506
Miranda,the-cape-jersey-top#DarkNavy,belle-cowl-swing-sweater#Green,hard,0.40804752026961433
Miranda,the-cape-jersey-top#DarkNavy,lenka-lurex-stripe-blouse#NavyGoldSt,semi-hard,0.45503041936916366
Miranda,the-cape-jersey-top#DarkNavy,triangle-detail-long-sleeve-tee#Navy,random,0.677088989398368
Miranda,the-contrast-detail-top#Ivory,reversible-scoopv-neck-tank#White,hard,0.41440717952646844
Miranda,the-contrast-detail-top#Ivory,jade-kimono-kaleidoscope#Blue,semi-hard,0.5515837691480286
Miranda,the-contrast-detail-top#Ivory,the-sleeveless-cross-over-blouse#Black,random,0.6415825249403966
Miranda,the-cotton-tie-detail-top#Ivory,westward-top#BotanicalD,hard,0.43096675718397526
Miranda,the-cotton-tie-detail-top#Ivory,ines-top#NavyStrip,semi-hard,0.46871031887184544
Miranda,the-cotton-tie-detail-top#Ivory,long-sleeve-softly-swinging-bamboo-tee#Oyster,random,0.6450140146270782
Miranda,the-cross-over-printed-blouse#Leopard,paige-top#Black,hard,0.25429901478820954
Miranda,the-cross-over-printed-blouse#Leopard,shell-top-3#PapBlue,semi-hard,0.5940905229837148
Miranda,the-cross-over-printed-blouse#Leopard,milan-stretch-top#SilverMarl,random,0.6452182473449304
Miranda,the-crossover-button-blouse-1#Ornate,the-batwing-tee#Stone,hard,0.42968293809536257
Miranda,the-crossover-button-blouse-1#Ornate,the-tie-sleeve-blouse#Grey,semi-hard,0.5370336400200005
Miranda,the-crossover-button-blouse-1#Ornate,sugar-snaps-layers-tank#DuckEgg,random,0.7041958235869136
Miranda,the-define-flute-sleeve-blouse#Black,nova-lux-long-sleeve-tie-top#AidaStripe,hard,0.43034424800607557
Miranda,the-define-flute-sleeve-blouse#Black,pocket-shirt-1#Ivory,semi-hard,0.4482557835513471
Miranda,the-define-flute-sleeve-blouse#Black,the-contrast-34-sleeve-top#Navy,random,0.8337888207475562
Miranda,the-define-flute-sleeve-blouse#White,bella-ls-tee#GreenWhite,hard,0.42311110989502543
Miranda,the-define-flute-sleeve-blouse#White,the-pocket-tee#GreyStripe,semi-hard,0.5972170707482825
Miranda,the-define-flute-sleeve-blouse#White,the-stitch-v-neck-knit#PinkMarle,random,0.7358257194548504
Miranda,the-french-cuff-shirt#White,analia-jersey-top#Black,hard,0.44032269947503605
Miranda,the-french-cuff-shirt#White,karmen-top#HighRiskRe,semi-hard,0.4927775659761935
Miranda,the-french-cuff-shirt#White,belle-v-neck-forgiver-tunic#Navy,random,0.6129287031277519
Miranda,the-frill-wrap-blouse#Spot,paige-top#Black,hard,0.25429901478820954
Miranda,the-frill-wrap-blouse#Spot,falling-for-you-tunic#Black,semi-hard,0.5750027095908419
Miranda,the-frill-wrap-blouse#Spot,the-cross-over-blouse#Blue,random,0.6770787223419052
Miranda,the-luxe-dobby-blouse#White,holly-rib-long-sleeve-tee#Black,hard,0.2687934129909971
Miranda,the-luxe-dobby-blouse#White,st-helens-henley-tee#Sapphire,semi-hard,0.4500795446691568
Miranda,the-luxe-dobby-blouse#White,summer-haze-top#Teal,random,0.8081929729808064
Miranda,the-open-sleeve-blouse#Berry,vivid-dreams-blouse#Dusty%20Rose,hard,0.366092159936342
Miranda,the-open-sleeve-blouse#Berry,the-cross-over-poncho#Grey,semi-hard,0.48298773445878007
Miranda,the-open-sleeve-blouse#Berry,hem-frill-stripe-top#SoFrilled,random,0.6325989392084863
Miranda,the-pleated-sleeve-top#Sage,fundamental-vee-tee#GreyMarle,hard,0.4330340901237023
Miranda,the-pleated-sleeve-top#Sage,fundamental-sydney-crew#Navy,semi-hard,0.549104550531703
Miranda,the-pleated-sleeve-top#Sage,floating-by-you-blouse#SeaFleur,random,0.8037050088845191
Miranda,the-printed-side-ring-detail-blouse#Block,cara-tee-3#ZebraPrint,hard,0.3955201659429944
Miranda,the-printed-side-ring-detail-blouse#Block,butterfly-kisses-tee#Green,semi-hard,0.5568815449476404
Miranda,the-printed-side-ring-detail-blouse#Block,rising-mist-jumper#Nickel,random,0.6549707602339181
Miranda,the-relax-blouse#White,leary-cardigan#Pine,hard,0.35154971368276744
Miranda,the-relax-blouse#White,the-colour-block-pullover#Sage,semi-hard,0.5424656602747178
Miranda,the-relax-blouse#White,layer-me-cotton-candy-top#Cream,random,0.7364982443776813
Miranda,the-reversible-cowl-neck-top-1#Black,falling-for-you-cardi#Khaki,hard,0.3216374269005848
Miranda,the-reversible-cowl-neck-top-1#Black,verona-patchwork-top#Patchwork,semi-hard,0.4648020602720424
Miranda,the-reversible-cowl-neck-top-1#Black,crushed-top#Blue,random,0.6424562381444318
Miranda,the-reversible-cowl-neck-top-1#White,millie-top#Blush,hard,0.4296324072030374
Miranda,the-reversible-cowl-neck-top-1#White,horizontal-cabel-pullover#EnglishRos,semi-hard,0.5014587074063467
Miranda,the-reversible-cowl-neck-top-1#White,the-twist-front-top#Grey,random,0.8158039653715558
Miranda,the-roll-neck-sleeveless-top-1#Black,falling-for-you-cardi#Port,hard,0.3216374269005848
Miranda,the-roll-neck-sleeveless-top-1#Black,picnic-top#BlackWhite,semi-hard,0.4768390407273165
Miranda,the-roll-neck-sleeveless-top-1#Black,natural-pattern-cocoon-cardigan#Blossom,random,0.6975858132528879
Miranda,the-side-panel-drape-top#OffWhite,nova-lux-long-sleeve-tie-top-1#NightSky,hard,0.43034424800607557
Miranda,the-side-panel-drape-top#OffWhite,prickly-cactus-crew#Pink,semi-hard,0.5320590959862485
Miranda,the-side-panel-drape-top#OffWhite,jasmine-singlet#White,random,0.6846760591041948
Miranda,the-side-ring-detail-blouse-1#Black,aztec-cardigan#Orange,hard,0.373089301425678
Miranda,the-side-ring-detail-blouse-1#Black,napoleon-top-1#NemoRed,semi-hard,0.46061623012232
Miranda,the-side-ring-detail-blouse-1#Black,abigail-stripe-shirt#BlackStrip,random,0.706260756024235
Miranda,the-sleeve-detail-knit#Ivory,bubbles-print-tee#Cambridge,hard,0.41245481735102896
Miranda,the-sleeve-detail-knit#Ivory,wrap-me-up-bamboo-top#BlueJeans,semi-hard,0.5807446226719307
Miranda,the-sleeve-detail-knit#Ivory,the-on-or-off-the-shoulder-top#Pink,random,0.8390591966173362
Miranda,the-uneven-hem-knit-1#Sage,block-vest#Blockvest,hard,0.4404886951664446
Miranda,the-uneven-hem-knit-1#Sage,cotton-modal-print-top#PinkNavy,semi-hard,0.4490819617407293
Miranda,the-uneven-hem-knit-1#Sage,ruffle-sleeve-top-1#Black,random,0.6330491062479846
Miranda,york-linen-blend-long-cardigan#BurntOrang,endeavor-long-sleeve-tee#Stripe,hard,0.2558139534883721
Miranda,york-linen-blend-long-cardigan#BurntOrang,the-panel-hem-top#DenimMarle,semi-hard,0.5403324560288764
Miranda,york-linen-blend-long-cardigan#BurntOrang,sadie-crew#GreyMarle,random,0.6241865822649176
Miranda,york-linen-blend-top#BurntOrang,monaco-knot-top#Olive,hard,0.23495361291953182
Miranda,york-linen-blend-top#BurntOrang,mauevewood-crew#Charcoal,semi-hard,0.5660392019397377
Miranda,york-linen-blend-top#BurntOrang,sugar-snaps-layers-tank#SeaGreen,random,0.7041958235869136
Monique,alberta-stripe-top#IvoryStrip,bubbles-print-tee#Cambridge,hard,0.37872095698182656
Monique,alberta-stripe-top#IvoryStrip,ryder-cosy-sweater#Blossom,semi-hard,0.4842473736676635
Monique,alberta-stripe-top#IvoryStrip,the-v-neck-stripe-top#BlkStripe,random,0.7900176366843032
Monique,anna-top#Leona,forget-me-knot-tunic#ForgetMeK,hard,0.19701786672801164
Monique,anna-top#Leona,luxe-shirt#Black,semi-hard,0.5089476778365667
Monique,anna-top#Leona,belle-mesh-cardi#Black,random,0.8855731922398588
Monique,double-layered-top-1#WBlack,the-long-sleeve-v-neck-tee#Black,hard,0.31803159266927383
Monique,double-layered-top-1#WBlack,foil-spot-jumper#SilverDot,semi-hard,0.4823380108887355
Monique,double-layered-top-1#WBlack,the-sleeveless-cross-over-blouse#Salmon,random,0.5990096618357488
Monique,double-layered-top-1#WSilver,cara-tee-2#WhiteBlk,hard,0.3549911816578484
Monique,double-layered-top-1#WSilver,runaway-top#SoftPink,semi-hard,0.5681363903586125
Monique,double-layered-top-1#WSilver,the-spotted-tunic#GreySpot,random,0.7547120619584388
Monique,gloria-applique-crew#Charcoal,falling-for-you-cardi#Teal,hard,0.33714285714285713
Monique,gloria-applique-crew#Charcoal,the-relaxed-long-sleeve-tee-1#Ink%20Stripe,semi-hard,0.525934360861897
Monique,gloria-applique-crew#Charcoal,aldis-blouse#Pearl,random,0.6858224062571888
Monique,hannah-tee-1#Black,sequin-spot-cardi#Grey,hard,0.3965777164327889
Monique,hannah-tee-1#Black,dahlia-lace-trim-blouse#Dusk,semi-hard,0.41959358944866193
Monique,hannah-tee-1#Black,long-sleeve-softly-swinging-bamboo-tee#BlueJeans,random,0.6007426577716433
Monique,hannah-tee-1#RedWhite,robyn-top-1#Roanne,hard,0.40402116402116395
Monique,hannah-tee-1#RedWhite,st-helens-henley-tee#Sapphire,semi-hard,0.41446591519055287
Monique,hannah-tee-1#RedWhite,long-sleeve-softly-swinging-bamboo-tee#Cashew,random,0.6007426577716433
Monique,layered-tunic-1#Natural,mila-knit-cardigan#InkWhite,hard,0.3064987347596043
Monique,layered-tunic-1#Natural,marjorie-tie-blouse#BluePrint,semi-hard,0.4653408480944713
Monique,layered-tunic-1#Natural,haze-swing-top#OffWhite,random,0.7065603353526059
Monique,layered-tunic-1#PalePink,falling-for-you-cardi#Khaki,hard,0.33714285714285713
Monique,layered-tunic-1#PalePink,the-long-sleeve-scoop-neck-tee#Black,semi-hard,0.5326278659611993
Monique,layered-tunic-1#PalePink,the-contrast-knit-1#Sage,random,0.6115338803261509
Monique,layered-tunic-1#White,the-cotton-bamboo-tee#BlueJeans,hard,0.3051453109424124
Monique,layered-tunic-1#White,the-roll-neck-sweater#Natural,semi-hard,0.5398236331569665
Monique,layered-tunic-1#White,long-sleeve-softly-swinging-bamboo-tee#White,random,0.6007426577716433
Monique,linen-cotton-shirt#White,daylight-cardi#Silver,hard,0.40885744958208725
Monique,linen-cotton-shirt#White,fundamental-sydney-crew#Navy,semi-hard,0.5113503565677479
Monique,linen-cotton-shirt#White,the-shoulder-tie-top#White,random,0.7158676481864888
Monique,lurex-stitch-top#White,birds-tee-1#Navy,hard,0.40210950080515295
Monique,lurex-stitch-top#White,aigli-top#White,semi-hard,0.48547580707001
Monique,lurex-stitch-top#White,long-sleeve-ruffle-shirt#White,random,0.6150540602714516
Monique,reversible-scoopv-neck-tank#Black,arlo-cardigan#Navy,hard,0.36560769879610455
Monique,reversible-scoopv-neck-tank#Black,the-reversible-cowl-neck-top-1#White,semi-hard,0.4887658155049459
Monique,reversible-scoopv-neck-tank#Black,the-reverse-sleeve-sweater#Navy,random,0.631804309485469
Monique,reversible-scoopv-neck-tank#Navy,millie-top#BlackSpot,hard,0.39600490759911045
Monique,reversible-scoopv-neck-tank#Navy,fundamental-sydney-crew#Burgundy,semi-hard,0.5113503565677479
Monique,reversible-scoopv-neck-tank#Navy,sugar-snaps-throw-jacket#White,random,0.777540065945863
Monique,reversible-scoopv-neck-tank#White,mila-knit-cardigan#Black,hard,0.3064987347596043
Monique,reversible-scoopv-neck-tank#White,nuzuri-longline-cardi#Forest,semi-hard,0.5314520870076426
Monique,reversible-scoopv-neck-tank#White,the-high-low-drape-tee#Grey,random,0.6549298366689672
Monique,still-the-one-ruffle-blouse#Spot,multi-pattern-print-top#NavyMulti,hard,0.3837627482555019
Monique,still-the-one-ruffle-blouse#Spot,curve-hem-cable-knit-sweater-1#Sapphire,semi-hard,0.4498530276308054
Monique,still-the-one-ruffle-blouse#Spot,tracie-top#Black,random,0.6557951844183728
Monique,the-asymmetrical-tank-top#HotPink,mila-knit-cardigan#StoneBlack,hard,0.3064987347596043
Monique,the-asymmetrical-tank-top#HotPink,2-in-1-layered-top-1#PinkWhite,semi-hard,0.5513932980599647
Monique,the-asymmetrical-tank-top#HotPink,long-sleeve-softly-swinging-bamboo-tee#Fern,random,0.6007426577716433
Monique,the-asymmetrical-tank-top#Indigo,analia-top#White,hard,0.29174603174603175
Monique,the-asymmetrical-tank-top#Indigo,fundamental-split-hoodie#Navy,semi-hard,0.512811900927843
Monique,the-asymmetrical-tank-top#Indigo,moonlight-kisses-bamboo-tee#Saffron,random,0.6046756383712906
Monique,the-cotton-bamboo-tank#Chambray,animal-button-up-shirt#KhakiPrint,hard,0.40740740740740744
Monique,the-cotton-bamboo-tank#Chambray,fundamental-split-hoodie#Navy,semi-hard,0.512811900927843
Monique,the-cotton-bamboo-tank#Chambray,moonlight-kisses-bamboo-tee#Black,random,0.6046756383712906
Monique,the-cotton-bamboo-tank#DarkNavy,nova-lux-long-sleeve-tie-top-1#CloudDance,hard,0.3941837282416992
Monique,the-cotton-bamboo-tank#DarkNavy,silver-dot-tie-sleeve-blouse#SilverDotP,semi-hard,0.43781688520818957
Monique,the-cotton-bamboo-tank#DarkNavy,billow-top#Peach,random,0.8692577256345373
Monique,the-cotton-bamboo-tank#DuckEgg,striped-cardigan-3#Rainbow,hard,0.3811875367430923
Monique,the-cotton-bamboo-tank#DuckEgg,natural-rolled-neck-tunic#BlueDam,semi-hard,0.4969547325102881
Monique,the-cotton-bamboo-tank#DuckEgg,bodega-knit#Moss,random,0.8463683766582316
Monique,the-cotton-bamboo-tank#Moonbeam,pulkari-emb-top#Pulkari,hard,0.35923242082662377
Monique,the-cotton-bamboo-tank#Moonbeam,collared-shirt-1#White,semi-hard,0.4325258799171843
Monique,the-cotton-bamboo-tank#Moonbeam,the-check-pullover#PinkCheck,random,1.0690602714515758
Monique,the-cotton-bamboo-tank#White,ynes#Black,hard,0.3464488919561383
Monique,the-cotton-bamboo-tank#White,baobab-sweater#Bark,semi-hard,0.5803409758965316
Monique,the-cotton-bamboo-tank#White,floating-by-you-blouse#SeaFleur,random,0.7538789203281957
Monique,the-crossover-2-way-blouse#Black,roll-neck-jumper-3#GreyMarl,hard,0.35159573652327275
Monique,the-crossover-2-way-blouse#Black,rib-tank-2#Black,semi-hard,0.417585307875163
Monique,the-crossover-2-way-blouse#Black,zara-top#ZebraPrint,random,0.6330603481328119
Monique,the-design-fold-tunic-top#PearlBlue,colourblock-cardi#NavyRed,hard,0.31491143317230275
Monique,the-design-fold-tunic-top#PearlBlue,waterfall-cardi-1#Navy,semi-hard,0.459397285484242
Monique,the-design-fold-tunic-top#PearlBlue,relaxed-cape#Black,random,0.765593640569486
Monique,the-open-sleeve-blouse#Berry,endeavor-long-sleeve-tee#Stripe,hard,0.3333333333333333
Monique,the-open-sleeve-blouse#Berry,on-safari-blouse#Jewel,semi-hard,0.5428571428571428
Monique,the-open-sleeve-blouse#Berry,long-sleeve-softly-swinging-bamboo-tee#Oyster,random,0.6007426577716433
Monique,the-stella-tee#Marine,tinker-stripe-knit#NavyWhite,hard,0.40825780231577335
Monique,the-stella-tee#Marine,collared-shirt-1#White,semi-hard,0.4325258799171843
Monique,the-stella-tee#Marine,relaxed-top-1#FloraStrip,random,0.655626102292769
Monique,wildflower-shirt#White,cara-tee-2#WhiteBlk,hard,0.3549911816578484
Monique,wildflower-shirt#White,st-helens-henley-tee#White,semi-hard,0.41446591519055287
Monique,wildflower-shirt#White,sugar-snaps-layers-tank#Black,random,0.6575465838509316
Monique,yvette-blouse#Black,falling-for-you-cardi#Port,hard,0.33714285714285713
Monique,yvette-blouse#Black,hacienda-tunic-5#PatchGold,semi-hard,0.46476113794954377
Monique,yvette-blouse#Black,the-cross-over-blouse#Silver,random,0.633490146461161
Nadine,adventurous-hoody#Pink,cara-tee-4#Black,hard,0.299825833878466
Nadine,adventurous-hoody#Pink,emerald-knit#Emerald,semi-hard,0.34948490515326097
Nadine,adventurous-hoody#Pink,jasmine-singlet#White,random,0.5562358662817974
Nadine,amira-sweater#Cream,mila-knit-cardigan#Black,hard,0.24317617976733003
Nadine,amira-sweater#Cream,belle-tie-neck-blouse-tee#White,semi-hard,0.5218835433978232
Nadine,amira-sweater#Cream,long-sleeve-softly-swinging-bamboo-tee#BlueJeans,random,0.5255547154677159
Nadine,cable-knit-sweater#Camel,analia-top#White,hard,0.234911350955385
Nadine,cable-knit-sweater#Camel,belle-tie-neck-blouse-tee#RoyalBlue,semi-hard,0.5218835433978232
Nadine,cable-knit-sweater#Camel,the-cross-over-blouse#Blue,random,0.5527610222971032
Nadine,collared-shirt-1#White,geena-xo-ls-pullover-knit#Allure,hard,0.2869082124032584
Nadine,collared-shirt-1#White,belle-v-neck-forgiver-tunic#Tobacco,semi-hard,0.496309530788718
Nadine,collared-shirt-1#White,the-stitch-v-neck-knit#DenimMarle,random,0.6810108023797666
Nadine,cotton-cashmere-v-neck-knit#Navy,born-to-run-shirt-jacket#Leopard,hard,0.29426025469529393
Nadine,cotton-cashmere-v-neck-knit#Navy,falling-flowers-blouse#DustyPink,semi-hard,0.37233799603569684
Nadine,cotton-cashmere-v-neck-knit#Navy,crosses-jumper#xmyheart,random,0.5461272812209238
Nadine,frost-cardigan#Mauvewoo,elina-lace-frill-blouse#Black,hard,0.23936920877515788
Nadine,frost-cardigan#Mauvewoo,belle-v-neck-forgiver-tunic#Navy,semi-hard,0.496309530788718
Nadine,frost-cardigan#Mauvewoo,long-sleeve-spot-top#Multispot,random,0.7601262658435547
Nadine,funnel-neck-knit-jumper#BlueMulti,suri-bell-sleeve-top#GreyMarle,hard,0.33841761774667456
Nadine,funnel-neck-knit-jumper#BlueMulti,fern-print-top#Navy,semi-hard,0.4449532283304407
Nadine,funnel-neck-knit-jumper#BlueMulti,chasing-birds-blouse#White,random,0.531437125748503
Nadine,great-scot-merino-carcoat#Twilight,butterfly-blouse-1#Ivory,hard,0.27739090391856125
Nadine,great-scot-merino-carcoat#Twilight,sequin-spot-shirt#Blue,semi-hard,0.517606509510853
Nadine,great-scot-merino-carcoat#Twilight,be-mine-top-1#Sage,random,0.7897547952768319
Nadine,half-sleeve-fluffy-knit#Ivory,lake-house-top#CoalPrint,hard,0.28567822292406786
Nadine,half-sleeve-fluffy-knit#Ivory,rib-tank-2#Black,semi-hard,0.35304717133656166
Nadine,half-sleeve-fluffy-knit#Ivory,the-print-contrast-34-sleeve-top#Animal,random,0.6979106887837954
Nadine,hayley-button-down#NavySparro,born-to-run-shirt-jacket#Leopard,hard,0.29426025469529393
Nadine,hayley-button-down#NavySparro,belle-v-neck-forgiver-tunic#BlueMarle,semi-hard,0.496309530788718
Nadine,hayley-button-down#NavySparro,tracie-top#Black,random,0.5792835003134347
Nadine,heart-spliced-top#Navy,the-long-sleeve-v-neck-tee#Black,hard,0.26710970232503384
Nadine,heart-spliced-top#Navy,out-of-my-mind-scallop-knit#GreyMarle,semi-hard,0.5216480310093361
Nadine,heart-spliced-top#Navy,this-mortal-coil-drape#StormClam,random,0.5917049095814888
Nadine,heartmade-cardi#DustyRose,magnolia-fields-keyhole-blouse#Magnolia,hard,0.2595147798253682
Nadine,heartmade-cardi#DustyRose,foil-print-top-2#Navy,semi-hard,0.40425971207475087
Nadine,heartmade-cardi#DustyRose,clio-knit-jumper#Black,random,0.5785204186893959
Nadine,heartmade-sweater#Rust,cara-tee-4#White,hard,0.299825833878466
Nadine,heartmade-sweater#Rust,wellington-tee#ClaySpot,semi-hard,0.48919367023616844
Nadine,heartmade-sweater#Rust,the-pocket-tee#NavyStripe,random,0.5474732353474868
Nadine,in-transit-cardi#Navy,the-long-sleeve-v-neck-tee#Navy,hard,0.26710970232503384
Nadine,in-transit-cardi#Navy,frill-sleeve-top-1#LeafPrint,semi-hard,0.3977297716376685
Nadine,in-transit-cardi#Navy,the-bell-sleeve-top#BlkStripe,random,0.6338126983890252
Nadine,je-taime-knit#Navy,holly-rib-long-sleeve-tee#Black,hard,0.208216125841637
Nadine,je-taime-knit#Navy,neptune-top-1#PrimBlack,semi-hard,0.39040399765372147
Nadine,je-taime-knit#Navy,chasing-birds-blouse#White,random,0.531437125748503
Nadine,juno-cardigan#GreyMarle,cara-tee-3#Mustard,hard,0.30132283986648994
Nadine,juno-cardigan#GreyMarle,cotton-stripe-cardi-with-pockets#White,semi-hard,0.4905333142834386
Nadine,juno-cardigan#GreyMarle,the-pleated-sleeve-top#Sage,random,0.5664466521502449
Nadine,long-sleeve-layer-top#Navy,cara-tee-2#BlackSpot,hard,0.29828447553635473
Nadine,long-sleeve-layer-top#Navy,messina-v-neck-tee#Black,semi-hard,0.42930198729220764
Nadine,long-sleeve-layer-top#Navy,the-tie-detail-hoody#Pink,random,0.5517827980402831
Nadine,long-sleeve-layer-top#White,leah-knit-cardigan#Black,hard,0.2629557695239869
Nadine,long-sleeve-layer-top#White,maui-stretch-tee#Black,semi-hard,0.35460205883244245
Nadine,long-sleeve-layer-top#White,the-double-layer-top#Black,random,0.6785939577219267
Nadine,long-sleeve-ruffle-shirt#Black,falling-for-you-cardi#Black,hard,0.30538922155688625
Nadine,long-sleeve-ruffle-shirt#Black,layered-tunic-1#Natural,semi-hard,0.378553767904693
Nadine,long-sleeve-ruffle-shirt#Black,belle-ls-free-fall-tee#Blush,random,0.6432389519998185
Nadine,long-sleeve-ruffle-shirt#Navy,the-longline-cardi-1#Nude,hard,0.29858764856815606
Nadine,long-sleeve-ruffle-shirt#Navy,tia-boyfriend-shirt#White,semi-hard,0.3950349496417991
Nadine,long-sleeve-ruffle-shirt#Navy,meredith-78-oversized-pullover-knit#CameoRose,random,0.924960788261584
Nadine,long-sleeve-ruffle-shirt#White,natural-crossover-knit-1#Stormcloud,hard,0.2807504509541633
Nadine,long-sleeve-ruffle-shirt#White,ryder-cosy-sweater#Blossom,semi-hard,0.41704389966787503
Nadine,long-sleeve-ruffle-shirt#White,the-box-top#Blush,random,0.6171998363041808
Nadine,mauevewood-crew#Charcoal,high-street-knit#NavyStripe,hard,0.2606424924719333
Nadine,mauevewood-crew#Charcoal,the-long-sleeve-scoop-neck-tee#Grey,semi-hard,0.4629491017964072
Nadine,mauevewood-crew#Charcoal,belle-tie-front-shirt#Black,random,0.7418623974593935
Nadine,mauevewood-crew#YellowWhit,the-cotton-bamboo-tee#White,hard,0.2406902547809709
Nadine,mauevewood-crew#YellowWhit,belle-square-neck-drape-tee#Vanilla,semi-hard,0.4917365743460748
Nadine,mauevewood-crew#YellowWhit,sugar-snaps-layers-tank#SeaGreen,random,0.5793907898413184
Nadine,merino-boyfriend-cardigan#MelangeStr,analia-jersey-top#Navy,hard,0.34161721468432726
Nadine,merino-boyfriend-cardigan#MelangeStr,the-zip-detail-jacket#Grey,semi-hard,0.43807838867719107
Nadine,merino-boyfriend-cardigan#MelangeStr,aldis-blouse#Pearl,random,0.6081340406016615
Nadine,monaco-sweater#BlackCream,cherrington-top#GreyRose,hard,0.2929532154789015
Nadine,monaco-sweater#BlackCream,the-relaxed-long-sleeve-tee#Navy,semi-hard,0.48283751645644885
Nadine,monaco-sweater#BlackCream,tab-sleeve-longline-shirt#Silver,random,0.6581145441424192
Nadine,multi-sequin-dot-stripe-top#Navy,colourblock-cardi#NavyRed,hard,0.25148934067954815
Nadine,multi-sequin-dot-stripe-top#Navy,star-and-spot-sweater#SilverMult,semi-hard,0.4585159058423256
Nadine,multi-sequin-dot-stripe-top#Navy,the-stripe-tank-1#Hazelnut,random,0.6265486435253284
Nadine,overlay-top-2#Black,falling-for-you-cardi#Rust,hard,0.30538922155688625
Nadine,overlay-top-2#Black,messina-v-neck-tee#White,semi-hard,0.42930198729220764
Nadine,overlay-top-2#Black,hem-frill-stripe-top#SoFrilled,random,0.6092133913990201
Nadine,renee-sweater#Sapphire,monaco-knot-top#Olive,hard,0.20206230116804624
Nadine,renee-sweater#Sapphire,cool-breeze-jumper#Dust,semi-hard,0.5129286880783887
Nadine,renee-sweater#Sapphire,off-shoulder-top-1#Strawberry,random,0.5549144550251924
Nadine,runaway-top#JetBlack,manhattan-stretch-tee#NavyWhtStr,hard,0.26140430315543367
Nadine,runaway-top#JetBlack,elcos-45-aop-top-jrs#BlackZigZa,semi-hard,0.37637368674325655
Nadine,runaway-top#JetBlack,sky-shirt#Clouds,random,0.7037695825328226
Nadine,runaway-top#Sand,the-short-sleeve-wrap-jersey-top#Black,hard,0.3008425929201981
Nadine,runaway-top#Sand,frill-blouse#Rust,semi-hard,0.42325749986474154
Nadine,runaway-top#Sand,bora-bora-layered-tank#BoraBora,random,0.5939055224650458
Nadine,runaway-top#SoftMint,faith-jumper#Eventide,hard,0.2681541377910298
Nadine,runaway-top#SoftMint,willow-knot-top#WhiteBlk,semi-hard,0.4119846274965503
Nadine,runaway-top#SoftMint,stud-trim-long-sleeve-top#Mint,random,0.6637499936535609
Nadine,runaway-top#SoftPink,analia-jersey-top#Black,hard,0.34161721468432726
Nadine,runaway-top#SoftPink,sunshine-in-me-tee-1#GreyMarle,semi-hard,0.503028034839412
Nadine,runaway-top#SoftPink,the-cotton-bamboo-ls-top#Black,random,0.5270508306404599
Nadine,square-peg-pullover#SilverMix,double-layered-top-1#WSilver,hard,0.3067779414277616
Nadine,square-peg-pullover#SilverMix,the-excess-shirt#Pearl,semi-hard,0.4032336515332124
Nadine,square-peg-pullover#SilverMix,the-luxe-dobby-blouse#White,random,0.7788794959166218
Nadine,starry-night-cardi#Chalk,the-short-sleeve-wrap-jersey-top#Blue,hard,0.3008425929201981
Nadine,starry-night-cardi#Chalk,oregon-safari-embroidered-top#White,semi-hard,0.3880457005493002
Nadine,starry-night-cardi#Chalk,wonderlust-tee#BurntOran,random,0.6445369177915597
Nadine,the-everyday-shirt#Black,holly-rib-long-sleeve-tee#WhiteGrey,hard,0.208216125841637
Nadine,the-everyday-shirt#Black,ella-funnel-neck-top#Khaki,semi-hard,0.4722714308142148
Nadine,the-everyday-shirt#Black,snug-as-a-bug-jumper#Smoke,random,0.6144759049770944
Nadine,the-everyday-shirt#Cream,analia-jersey-top#Navy,hard,0.34161721468432726
Nadine,the-everyday-shirt#Cream,driftwood-gathering-blouse#Khaki,semi-hard,0.42341453456722916
Nadine,the-everyday-shirt#Cream,oversize-contrast-hood-top#Steel,random,0.7740949253952285
Nadine,the-everyday-shirt#Midnight,holly-rib-long-sleeve-tee#Khaki,hard,0.208216125841637
Nadine,the-everyday-shirt#Midnight,prickly-cactus-crew#Pink,semi-hard,0.42507084609298135
Nadine,the-everyday-shirt#Midnight,the-cross-front-spot-blouse#Spot,random,0.7058221052264988
Nadine,the-everyday-shirt#Pink,millie-top#Blush,hard,0.3331681011470078
Nadine,the-everyday-shirt#Pink,softly-swinging-bamboo-singlet#Cashew,semi-hard,0.5077588936617636
Nadine,the-everyday-shirt#Pink,softly-swinging-bamboo-tee#Jewel,random,0.5415187467067931
Nadine,the-everyday-shirt#Rose,cara-tee-4#White,hard,0.299825833878466
Nadine,the-everyday-shirt#Rose,indi-crosover-front-blouse#MixedStrip,semi-hard,0.35333007708120495
Nadine,the-everyday-shirt#Rose,stripe-me-happy-blouse#Ash,random,0.556852204681546
Nadine,variegated-rib-knit#Silver,belle-cowl-swing-sweater#Green,hard,0.3124265994652808
Nadine,variegated-rib-knit#Silver,layer-me-bamboo-rouched-sleeve-tee#Black,semi-hard,0.353423718459586
Nadine,variegated-rib-knit#Silver,wonderlust-tee#BurntOran,random,0.6445369177915597
Nadine,voyager-stripe-crew#Stripe,fundamental-vee-tee#White,hard,0.3340625524077041
Nadine,voyager-stripe-crew#Stripe,belle-square-neck-drape-tee#Vanilla,semi-hard,0.4917365743460748
Nadine,voyager-stripe-crew#Stripe,belle-flocked-tunic#Pale%20Blue,random,0.8162927857091519
Nadine,woolly-spotted-hoodie#Navy,york-linen-blend-top#BurntOrang,hard,0.31142604367587656
Nadine,woolly-spotted-hoodie#Navy,belle-half-sleeve-forgiver-tunic#MutedClay,semi-hard,0.46817869156893016
Nadine,woolly-spotted-hoodie#Navy,the-cotton-bamboo-ls-top#NavyStripe,random,0.5270508306404599
Natalia,bodega-knit#Moss,drapey-stripe-tee#Navy,hard,0.23607447627255612
Natalia,bodega-knit#Moss,the-sleeve-detail-knit#Ivory,semi-hard,0.4153949816775772
Natalia,bodega-knit#Moss,the-cotton-bamboo-tank#White,random,0.4582277664954535
Natalia,cherrington-top#GreyRose,back-to-you-top#BlackMagic,hard,0.22269350623078354
Natalia,cherrington-top#GreyRose,hacienda-tunic-5#PatchGold,semi-hard,0.34252878686198607
Natalia,cherrington-top#GreyRose,the-belle-sleeve-print-top#NavyPrint,random,0.5734223797898753
Natalia,clovis-shirt#NavyGold,eco-78-long-cardigan#DarkGreyM,hard,0.20362357362759648
Natalia,clovis-shirt#NavyGold,2-in-1-layered-top-1#NavyWhite,semi-hard,0.40971145628813943
Natalia,clovis-shirt#NavyGold,tuck-layer-shirt#White,random,0.6849756132958073
Natalia,cover-up-slouch-cardi#Alloy,aztec-cardigan#Orange,hard,0.2152482768218978
Natalia,cover-up-slouch-cardi#Alloy,arizona-off-the-shoulder-top#Khaki,semi-hard,0.2972791714027026
Natalia,cover-up-slouch-cardi#Alloy,off-shoulder-top-2#FloraLace,random,0.4553365676167374
Natalia,crosses-jumper#xmyheart,the-cotton-bamboo-tee#DuckEgg,hard,0.17570337350477128
Natalia,crosses-jumper#xmyheart,geneva-v-neck-top#HeatheGrey,semi-hard,0.3938646145717338
Natalia,crosses-jumper#xmyheart,long-sleeve-softly-swinging-bamboo-tee#Copper,random,0.4430646151567622
Natalia,falling-for-you-tunic#Black,cara-tee-2#Blush,hard,0.23832365650149004
Natalia,falling-for-you-tunic#Black,luxe-shirt#Champagne,semi-hard,0.36826519522783085
Natalia,falling-for-you-tunic#Black,flow-with-me-slouch-top#Brick,random,0.874192452948705
Natalia,falling-for-you-tunic#Rust,hannah-tee-1#RedWhite,hard,0.2446396540573029
Natalia,falling-for-you-tunic#Rust,falling-for-you-cardi#Teal,semi-hard,0.3176470588235294
Natalia,falling-for-you-tunic#Rust,the-boat-neck-top-1#Ink,random,0.48169148957625624
Natalia,geena-xo-ls-pullover-knit#Allure,fundamental-vee-tee#Pink,hard,0.2657601266494145
Natalia,geena-xo-ls-pullover-knit#Allure,foil-print-top-2#Navy,semi-hard,0.3304139761132898
Natalia,geena-xo-ls-pullover-knit#Allure,tuck-layer-shirt#White,random,0.6849756132958073
Natalia,geena-xo-ls-pullover-knit#WhiteCapGr,analia-top#White,hard,0.2153882795099494
Natalia,geena-xo-ls-pullover-knit#WhiteCapGr,mixed-messages-jumper#MixedStrip,semi-hard,0.3379665479726122
Natalia,geena-xo-ls-pullover-knit#WhiteCapGr,the-asymmetrical-tank-top#Indigo,random,0.501719779548977
Natalia,horizontal-cabel-pullover#EnglishRos,meadow-cardigan#Cream,hard,0.20144737184452224
Natalia,horizontal-cabel-pullover#EnglishRos,the-wrap-jersey-top#PortSpot,semi-hard,0.29603954237845764
Natalia,horizontal-cabel-pullover#EnglishRos,softly-swinging-bamboo-tee#Copper,random,0.4582485196086899
Natalia,kimono-and-me-cardi#DustyPink,cotton-modal-print-top#PinkNavy,hard,0.281208883471731
Natalia,kimono-and-me-cardi#DustyPink,waterfall-cardi-1#Black,semi-hard,0.3218426632279312
Natalia,kimono-and-me-cardi#DustyPink,print-tee-3#Cntryhous,random,0.6301645628480373
Natalia,kimono-and-me-cardi#Sand,mila-knit-cardigan#InkWhite,hard,0.1937663374958105
Natalia,kimono-and-me-cardi#Sand,stripe-sweater-2#Blue,semi-hard,0.33664174214687875
Natalia,kimono-and-me-cardi#Sand,cross-over-top-with-pocket#BlackWhite,random,0.4594919012823053
Natalia,lavaux-bell-sleeve#Mustard,fundamental-vee-tee#Pink,hard,0.2657601266494145
Natalia,lavaux-bell-sleeve#Mustard,tia-boyfriend-shirt#White,semi-hard,0.3217609863332743
Natalia,lavaux-bell-sleeve#Mustard,butterfly-kisses-tee#Stripe,random,0.46791995148574894
Natalia,lola-bell-sleeve-top-entangled-vines#Gold,pulkari-emb-top#Pulkari,hard,0.23252520125362353
Natalia,lola-bell-sleeve-top-entangled-vines#Gold,fluid-tunic-top#White,semi-hard,0.3149196640520515
Natalia,lola-bell-sleeve-top-entangled-vines#Gold,fundamental-split-hoodie-1#Lilac,random,0.49241046871398897
Natalia,marquax-tunic#OnyxSpeck,leary-cardigan#Pine,hard,0.19616878362277612
Natalia,marquax-tunic#OnyxSpeck,the-tie-front-top#Black,semi-hard,0.365952627939941
Natalia,marquax-tunic#OnyxSpeck,grace-oversized-knit#Black,random,0.5089427174046415
Natalia,messina-knit#Cognac,cara-tee-2#BlackSpot,hard,0.23832365650149004
Natalia,messina-knit#Cognac,juno-cardigan#GreyMarle,semi-hard,0.29762415342154636
Natalia,messina-knit#Cognac,the-bell-sleeve-top#BlkStripe,random,0.5511094525042372
Natalia,messina-knit-1#Shiraz,tinker-stripe-knit#NavyWhite,hard,0.27532653053055456
Natalia,messina-knit-1#Shiraz,ryder-cosy-sweater#Blossom,semi-hard,0.34339307782063366
Natalia,messina-knit-1#Shiraz,weekend-vibes-blouse#Blush,random,0.5785653517537228
Natalia,napoleon-top-1#NemoBlue,the-short-sleeve-wrap-jersey-top#NavyWhite,hard,0.2345938886700164
Natalia,napoleon-top-1#NemoBlue,sunshine-in-me-tee-1#GreyMarle,semi-hard,0.4399332929047908
Natalia,napoleon-top-1#NemoBlue,the-bell-sleeve-top#BlkStripe,random,0.5511094525042372
Natalia,napoleon-top-1#NemoRed,animal-button-up-shirt#KhakiPrint,hard,0.28338406915282194
Natalia,napoleon-top-1#NemoRed,the-side-ring-detail-blouse-1#Black,semi-hard,0.36926527820949284
Natalia,napoleon-top-1#NemoRed,fundamental-split-hoodie-1#Khaki,random,0.49241046871398897
Natalia,neptune-top-1#PrimBlack,layer-me-bamboo-rouched-sleeve-tee#Black,hard,0.2838208505974449
Natalia,neptune-top-1#PrimBlack,belle-square-neck-drape-tee#Vanilla,semi-hard,0.41162024620151055
Natalia,neptune-top-1#PrimBlack,adventurous-hoody#Pink,random,0.46402493622035623
Natalia,paint-stroke-top#Strokes,tutti-frutti-drop-shoulder-tee#Orange,hard,0.26174148949158105
Natalia,paint-stroke-top#Strokes,midtown-ruffle-shirt#BoldRed,semi-hard,0.4089834769501114
Natalia,paint-stroke-top#Strokes,softly-swinging-bamboo-tee#Copper,random,0.4582485196086899
Natalia,printed-tunic-7#RedCheck,mila-knit-cardigan#StoneBlack,hard,0.1937663374958105
Natalia,printed-tunic-7#RedCheck,the-cotton-cardi#Navy,semi-hard,0.3627349909035779
Natalia,printed-tunic-7#RedCheck,the-printed-v-split-top#Natural,random,0.5655666900831987
Natalia,rising-mist-jumper#Nickel,vivid-dreams-blouse#Dusty%20Rose,hard,0.2265188992659587
Natalia,rising-mist-jumper#Nickel,paradise-cardi#MultiStrip,semi-hard,0.3842440031893286
Natalia,rising-mist-jumper#Nickel,the-cut-out-shoulder-blouse#White,random,0.4531705076091413
Natalia,roll-neck-jumper-3#GreyMarl,the-long-sleeve-v-neck-tee#Black,hard,0.23659320788168756
Natalia,roll-neck-jumper-3#GreyMarl,the-relaxed-long-sleeve-tee#Navy,semi-hard,0.40798383658863163
Natalia,roll-neck-jumper-3#GreyMarl,moonlight-kisses-bamboo-tee#Black,random,0.44548222198718446
Natalia,selene-cardigan#Ivy,york-linen-blend-top#BurntOrang,hard,0.25995796878750244
Natalia,selene-cardigan#Ivy,panelled-stripe-top#NavyWhite,semi-hard,0.3444380578842509
Natalia,selene-cardigan#Ivy,the-high-low-drape-tee#Sage,random,0.47999727807832326
Natalia,the-asymmetrical-hem-sweater#Blush,back-to-you-top#BlackMagic,hard,0.22269350623078354
Natalia,the-asymmetrical-hem-sweater#Blush,mauevewood-crew#YellowWhit,semi-hard,0.3792389272980571
Natalia,the-asymmetrical-hem-sweater#Blush,the-daily-essential-jumper#Grey,random,0.5569264977997543
Natalia,the-contrast-knit-1#Navy,cable-knit-sweater#Camel,hard,0.22009781598115963
Natalia,the-contrast-knit-1#Navy,soft-and-true-tunic#Pine,semi-hard,0.39556787476573846
Natalia,the-contrast-knit-1#Navy,belle-satin-shirt#Black,random,0.5093268963272686
Natalia,the-contrast-knit-1#Sage,suri-bell-sleeve-top#GreyMarle,hard,0.2700522761377224
Natalia,the-contrast-knit-1#Sage,the-batwing-tee#Sea,semi-hard,0.333689251278069
Natalia,the-contrast-knit-1#Sage,belle-lace-trim-tee#GreyMarle,random,0.6280096748304304
Natalia,the-cosy-cardigan#Blue,leary-cardigan#Pine,hard,0.19616878362277612
Natalia,the-cosy-cardigan#Blue,block-vest#Blockvest,semi-hard,0.3195681266358665
Natalia,the-cosy-cardigan#Blue,belle-polka-dot-blouse#WhiteSpot,random,0.6138075096402675
Natalia,the-cosy-cardigan#Grey,rib-tank-2#Black,hard,0.2835419613939749
Natalia,the-cosy-cardigan#Grey,daylight-jumper#Silver,semi-hard,0.43739799144349756
Natalia,the-cosy-cardigan#Grey,sugar-snaps-throw-jacket#Duckegg,random,0.619937483555698
Natalia,the-crossover-button-blouse-1#Ornate,the-short-sleeve-wrap-jersey-top#Emerald,hard,0.2345938886700164
Natalia,the-crossover-button-blouse-1#Ornate,geneva-v-neck-top#HeatheGrey,semi-hard,0.3938646145717338
Natalia,the-crossover-button-blouse-1#Ornate,the-cross-over-blouse#Red,random,0.4664287294522241
Natalia,the-define-flute-sleeve-blouse#Black,emerald-knit#Emerald,hard,0.28013575661339984
Natalia,the-define-flute-sleeve-blouse#Black,capri-tank-6#Olive,semi-hard,0.2991211603084085
Natalia,the-define-flute-sleeve-blouse#Black,the-colour-block-pullover#Sage,random,0.4575803517283202
Natalia,the-define-flute-sleeve-blouse#White,hannah-tee-1#Black,hard,0.2446396540573029
Natalia,the-define-flute-sleeve-blouse#White,on-the-open-road-maxi-shirt#DarkOchre,semi-hard,0.41916381811712916
Natalia,the-define-flute-sleeve-blouse#White,partly-cloudy-knit#Black,random,0.5669968330975002
Natalia,the-relaxed-batwing-top#Denim%20Blue,mila-knit-cardigan#Clay,hard,0.1937663374958105
Natalia,the-relaxed-batwing-top#Denim%20Blue,linen-v-neck-cami-2#BlueWhite,semi-hard,0.32462307619948916
Natalia,the-relaxed-batwing-top#Denim%20Blue,clio-knit-jumper#Clay,random,0.501682449347701
Natalia,the-relaxed-batwing-top#PeachRose,rib-tank-2#Red,hard,0.2835419613939749
Natalia,the-relaxed-batwing-top#PeachRose,natural-tie-tunic#BlueSky,semi-hard,0.289439475038608
Natalia,the-relaxed-batwing-top#PeachRose,the-everyday-shirt#Rose,random,0.5308632663891476
Natalia,the-relaxed-long-sleeve-tee-1#Ink%20Stripe,the-long-sleeve-v-neck-tee#White,hard,0.23659320788168756
Natalia,the-relaxed-long-sleeve-tee-1#Ink%20Stripe,cross-my-heart-sweater#Regal,semi-hard,0.4340278749617743
Natalia,the-relaxed-long-sleeve-tee-1#Ink%20Stripe,the-layered-cross-over-top#Black,random,0.4534552124569176
Natalia,the-reverse-sleeve-sweater#Navy,st-helens-henley-tee#Sapphire,hard,0.2806116117979294
Natalia,the-reverse-sleeve-sweater#Navy,the-long-sleeve-scoop-neck-tee#Black,semi-hard,0.40312310491206793
Natalia,the-reverse-sleeve-sweater#Navy,the-shoulder-tie-top#Navy,random,0.5431233219884007
Natalia,the-ruffle-sleeve-sweat#KhakiMarle,the-long-sleeve-v-neck-tee#White,hard,0.23659320788168756
Natalia,the-ruffle-sleeve-sweat#KhakiMarle,bo-cosy-cardigan#Blossom,semi-hard,0.3205848867762179
Natalia,the-ruffle-sleeve-sweat#KhakiMarle,spot-layered-tee#Blue,random,0.4946840969724625
Natalia,the-tie-layering-knit#Grey,sequin-spot-cardi#Grey,hard,0.26240416888169205
Natalia,the-tie-layering-knit#Grey,geneva-v-neck-top#HeatheGrey,semi-hard,0.3938646145717338
Natalia,the-tie-layering-knit#Grey,zara-top#ZebraPrint,random,0.47533198438097296
Natalia,the-twist-front-top#Grey,analia-top#White,hard,0.2153882795099494
Natalia,the-twist-front-top#Grey,the-stripe-jersey-top#Blue,semi-hard,0.36105486627405103
Natalia,the-twist-front-top#Grey,the-spotted-tunic#GreySpot,random,0.5731771630771325
Natalia,the-twist-front-top#Navy,cara-tee-3#ZebraPrint,hard,0.2356813487245072
Natalia,the-twist-front-top#Navy,paradising-buttoned-shirt#Wheat,semi-hard,0.28393075511310983
Natalia,the-twist-front-top#Navy,long-sleeve-softly-swinging-bamboo-tee#Smoke,random,0.4430646151567622
Natalia,the-twist-hem-jumper#DenimMarle,eco-78-long-cardigan#LightGreyM,hard,0.20362357362759648
Natalia,the-twist-hem-jumper#DenimMarle,bird-print-jumper#Navy,semi-hard,0.34096464411566874
Natalia,the-twist-hem-jumper#DenimMarle,the-drape-tee-1#Navy,random,0.5215219945281369
Natalia,the-wrap-jersey-top-1#NavyStripe,mila-knit-cardigan#InkWhite,hard,0.1937663374958105
Natalia,the-wrap-jersey-top-1#NavyStripe,clara-blouse#DarkFloral,semi-hard,0.3303575939998254
Natalia,the-wrap-jersey-top-1#NavyStripe,billow-top#Black,random,0.6766642403382943
Natalia,the-zip-front-blouse#Khaki,the-long-sleeve-v-neck-tee#White,hard,0.23659320788168756
Natalia,the-zip-front-blouse#Khaki,marjorie-tie-blouse#BluePrint,semi-hard,0.32580456032728333
Natalia,the-zip-front-blouse#Khaki,butterfly-kisses-tee#Green,random,0.46791995148574894
Natalia,the-zip-front-blouse#Navy,overlay-tunic-3-pce-set#Emerald,hard,0.14803899245174784
Natalia,the-zip-front-blouse#Navy,ava-short-sleeve-linen-tee#Navy,semi-hard,0.33323030290154076
Natalia,the-zip-front-blouse#Navy,sugar-snaps-layers-tank#Blue,random,0.49334918529404836
Natalia,viola-kimono-radiant-floral#Grey,the-cotton-bamboo-tee#BlueJeans,hard,0.17570337350477128
Natalia,viola-kimono-radiant-floral#Grey,the-tie-front-tank#White,semi-hard,0.3982882491962403
Natalia,viola-kimono-radiant-floral#Grey,long-sleeve-softly-swinging-bamboo-tee#Storm,random,0.4430646151567622
Natalie,belle-two-in-one-top#Charcoal,analia-jersey-top#Black,hard,0.39846044946861375
Natalie,belle-two-in-one-top#Charcoal,ava-short-sleeve-linen-tee#Navy,semi-hard,0.46700938225554756
Natalie,belle-two-in-one-top#Charcoal,the-boat-neck-top-1#NavyWhite,random,0.6357046947225077
Natalie,layer-top-1#Navy,colourblock-cardi#NavyRed,hard,0.31097334821976086
Natalie,layer-top-1#Navy,luxe-shirt#Navy,semi-hard,0.4627412172191985
Natalie,layer-top-1#Navy,milan-stretch-top#Black,random,0.5961330178425676
Natalie,layered-tee-2#Black,overlay-tunic-3-pce-set#Emerald,hard,0.26451638141395684
Natalie,layered-tee-2#Black,rib-tank-2#Red,semi-hard,0.41205689617985514
Natalie,layered-tee-2#Black,open-plains-kimono-throw-1#Rust,random,1.0720646882942777
Natalie,layered-tee-2#White,back-to-you-top#BlackMagic,hard,0.27423400449130286
Natalie,layered-tee-2#White,layer-me-bamboo-rouched-sleeve-tee#Copper,semi-hard,0.409272721890238
Natalie,layered-tee-2#White,tab-sleeve-longline-shirt#Silver,random,0.7291060319635283
Natalie,sugar-snaps-layers-tank#Black,pure-merino-fine-rib-polo#BlackStri,hard,0.24132802158531996
Natalie,sugar-snaps-layers-tank#Black,long-sleeve-layer-top#White,semi-hard,0.5344844940094816
Natalie,sugar-snaps-layers-tank#Black,the-pocket-tee#GreyStripe,random,0.570241171403962
Natalie,sugar-snaps-layers-tank#Blue,reversible-scoopv-neck-tank#Navy,hard,0.37341646684175134
Natalie,sugar-snaps-layers-tank#Blue,the-stripe-pocket-tank#Stripe,semi-hard,0.5163486384416617
Natalie,sugar-snaps-layers-tank#Blue,the-button-up-swing-tunic#Wine,random,0.8234943351222421
Natalie,sugar-snaps-layers-tank#DeepCobalt,high-street-knit#NavyStripe,hard,0.31423599216770914
Natalie,sugar-snaps-layers-tank#DeepCobalt,ella-funnel-neck-top#Khaki,semi-hard,0.5367785686192416
Natalie,sugar-snaps-layers-tank#DeepCobalt,the-cross-front-spot-blouse#NavySpot,random,0.7828977890271804
Natalie,sugar-snaps-layers-tank#DuckEgg,soho-v-neck-blouse#SohoPrint,hard,0.3793811700788445
Natalie,sugar-snaps-layers-tank#DuckEgg,kimono-and-me-cardi#DustyPink,semi-hard,0.5301357646421971
Natalie,sugar-snaps-layers-tank#DuckEgg,weekend-tunic#Navy,random,0.7597189446707012
Natalie,sugar-snaps-layers-tank#Mint,the-boat-neck-top#Black,hard,0.37945144360285377
Natalie,sugar-snaps-layers-tank#Mint,fundamental-rib-long-sleeve-tee#White,semi-hard,0.4611045560080691
Natalie,sugar-snaps-layers-tank#Mint,long-sleeve-softly-swinging-bamboo-tee#BlueJeans,random,0.5924545477613266
Natalie,sugar-snaps-layers-tank#NewBeige,leah-knit-cardigan#Black,hard,0.32276412836160484
Natalie,sugar-snaps-layers-tank#NewBeige,natural-cross-back-knit#Lightsmoke,semi-hard,0.5160005131306468
Natalie,sugar-snaps-layers-tank#NewBeige,triangle-detail-long-sleeve-tee#Navy,random,0.6238872183948878
Natalie,sugar-snaps-layers-tank#PeachyKeen,capri-tank-3#Black,hard,0.400085744976888
Natalie,sugar-snaps-layers-tank#PeachyKeen,belle-half-sleeve-forgiver-tunic#BlueBonnet,semi-hard,0.5349661883555995
Natalie,sugar-snaps-layers-tank#PeachyKeen,the-on-or-off-the-shoulder-top#Pink,random,0.7803067788223652
Natalie,sugar-snaps-layers-tank#Red,geena-xo-ls-pullover-knit#WhiteCapGr,hard,0.33917921651716804
Natalie,sugar-snaps-layers-tank#Red,picnic-top#BlackWhite,semi-hard,0.43389649069386826
Natalie,sugar-snaps-layers-tank#Red,meredith-78-oversized-pullover-knit#WhiteCapGr,random,1.0396475187172862
Natalie,sugar-snaps-layers-tank#SeaGreen,holly-rib-long-sleeve-tee#Black,hard,0.2458106019276232
Natalie,sugar-snaps-layers-tank#SeaGreen,geneva-v-neck-top#Black,semi-hard,0.5378579403443332
Natalie,sugar-snaps-layers-tank#SeaGreen,ivy-cosy-pullover#Storm,random,0.6553363296497883
Natalie,sugar-snaps-layers-tank#White,dusk-top#DuskPrint,hard,0.36350938014099815
Natalie,sugar-snaps-layers-tank#White,sequin-cross-2-in-1-top#Navy,semi-hard,0.43622778137251167
Natalie,sugar-snaps-layers-tank#White,crosses-jumper#xmyheart,random,0.5683746586764894
Natalie,the-batwing-tee#Black,monaco-knot-top#HeatheGrey,hard,0.2353336970358247
Natalie,the-batwing-tee#Black,the-reversible-cowl-neck-top-1#White,semi-hard,0.4798792169400779
Natalie,the-batwing-tee#Black,long-sleeve-softly-swinging-bamboo-tee#Cashew,random,0.5924545477613266
Natalie,the-batwing-tee#FrenchBlue,double-layered-top-1#WSilver,hard,0.3629463813716659
Natalie,the-batwing-tee#FrenchBlue,the-cotton-cardi#Navy,semi-hard,0.46363049095607234
Natalie,the-batwing-tee#FrenchBlue,the-define-flute-sleeve-blouse#Black,random,0.5832340023767535
Natalie,the-batwing-tee#Sea,the-relax-blouse#White,hard,0.36401977949479186
Natalie,the-batwing-tee#Sea,belle-v-neck-forgiver-tunic#BlueMarle,semi-hard,0.5645427604173274
Natalie,the-batwing-tee#Sea,long-sleeve-softly-swinging-bamboo-tee#BlueJeans,random,0.5924545477613266
Natalie,the-batwing-tee#Stone,wildflower-shirt#White,hard,0.36930134231593903
Natalie,the-batwing-tee#Stone,cooks-shirt#Stripes,semi-hard,0.43629164076343685
Natalie,the-batwing-tee#Stone,belle-flute-sleeve-tee#Navy,random,0.9044049235167494
Natalie,the-cross-over-blouse#Black,the-cotton-bamboo-tee#DustyPink,hard,0.2999959294924659
Natalie,the-cross-over-blouse#Black,bertie-top#Black,semi-hard,0.41251987676406277
Natalie,the-cross-over-blouse#Black,messina-knit-1#Shiraz,random,0.7637682009836884
Natalie,the-cross-over-blouse#Blue,monaco-knot-top#Black,hard,0.2353336970358247
Natalie,the-cross-over-blouse#Blue,irena-embroidered-blouse#DustyRose,semi-hard,0.43513915849393336
Natalie,the-cross-over-blouse#Blue,long-sleeve-ruffle-shirt#Black,random,0.6037221355256981
Natalie,the-cross-over-blouse#Mint,paige-top#Black,hard,0.28115682766845557
Natalie,the-cross-over-blouse#Mint,art-deco-print-top#NavyWhite,semi-hard,0.4570200924480984
Natalie,the-cross-over-blouse#Mint,sky-shirt#Clouds,random,0.7809463242788329
Natalie,the-cross-over-blouse#Red,millie-top#Blush,hard,0.3892163797223174
Natalie,the-cross-over-blouse#Red,runaway-top#JetBlack,semi-hard,0.5208001172870049
Natalie,the-cross-over-blouse#Red,felicity-cardigan#Dewkist,random,0.6561187305373353
Natalie,the-cross-over-blouse#RoyalBlue,elina-lace-frill-blouse#Black,hard,0.2901694599863823
Natalie,the-cross-over-blouse#RoyalBlue,rib-tank-2#Mustard,semi-hard,0.41205689617985514
Natalie,the-cross-over-blouse#RoyalBlue,softly-swinging-bamboo-tee#Storm,random,0.6076246949762536
Natalie,the-cross-over-blouse#Silver,falling-for-you-cardi#Rust,hard,0.35555555555555557
Natalie,the-cross-over-blouse#Silver,natural-cosy-sweater#Rosered,semi-hard,0.5570413436692507
Natalie,the-cross-over-blouse#Silver,layered-sleeve-top#DarkBlue,random,0.5704530316294294
Natalie,the-cross-over-blouse#Sunshine,mila-knit-cardigan#InkWhite,hard,0.30287642150581284
Natalie,the-cross-over-blouse#Sunshine,nature-ls-top#BlueGum,semi-hard,0.5117741809293022
Natalie,the-cross-over-blouse#Sunshine,beach-walk-shirt#Khaki,random,0.7687338501291989
Natalie,the-cross-over-blouse#White,monaco-knot-top#ClaySpot,hard,0.2353336970358247
Natalie,the-cross-over-blouse#White,spiced-stripe-tee#NavyWhite,semi-hard,0.483332751832257
Natalie,the-cross-over-blouse#White,print-tee-3#Boats,random,0.853983176645225
Natalie,the-cut-out-shoulder-blouse#Black,multi-pattern-print-top#NavyMulti,hard,0.37833633599343647
Natalie,the-cut-out-shoulder-blouse#Black,belle-v-neck-forgiver-tunic#Black,semi-hard,0.5645427604173274
Natalie,the-cut-out-shoulder-blouse#Black,the-cotton-bamboo-tank#DarkNavy,random,0.6088908871380421
Natalie,the-cut-out-shoulder-blouse#Blue,millie-top#Blush,hard,0.3892163797223174
Natalie,the-cut-out-shoulder-blouse#Blue,rise-top#Ink,semi-hard,0.467622390117442
Natalie,the-cut-out-shoulder-blouse#Blue,2-in-1-layered-knit-top#Navy,random,0.5906174801338087
Natalie,the-cut-out-shoulder-blouse#Clay,high-neck-tie-top#Black,hard,0.2874598764257349
Natalie,the-cut-out-shoulder-blouse#Clay,runaway-top#SoftPink,semi-hard,0.5208001172870049
Natalie,the-cut-out-shoulder-blouse#Clay,the-stripe-button-through-top#Coral,random,0.7222662048490847
Natalie,the-cut-out-shoulder-blouse#Salmon,saba-top-2#Catus,hard,0.36316079667762
Natalie,the-cut-out-shoulder-blouse#Salmon,the-contrast-detail-top#Ivory,semi-hard,0.5641472868217055
Natalie,the-cut-out-shoulder-blouse#Salmon,belle-tie-neck-blouse-tee#RoyalBlue,random,0.5828554980398127
Natalie,the-cut-out-shoulder-blouse#Silver,vivid-dreams-blouse#Dusty%20Rose,hard,0.3286416769222311
Natalie,the-cut-out-shoulder-blouse#Silver,juno-cardigan#GreyMarle,semi-hard,0.4303474838977066
Natalie,the-cut-out-shoulder-blouse#Silver,crossing-the-plains-sweater-1#Indigo,random,0.6292552839064467
Natalie,the-cut-out-shoulder-blouse#White,square-nk-fray-trim-top#Denim,hard,0.3909485128374292
Natalie,the-cut-out-shoulder-blouse#White,lola-bell-sleeve-top-entangled-vines#Gold,semi-hard,0.5299301775798559
Natalie,the-cut-out-shoulder-blouse#White,cross-over-top-with-pocket#BlackWhite,random,0.6112485568200561
Natalie,the-everyday-shirt#Black,the-relax-blouse#White,hard,0.36401977949479186
Natalie,the-everyday-shirt#Black,the-ultimate-tie-cardi#Port,semi-hard,0.5299391115509374
Natalie,the-everyday-shirt#Black,the-double-layer-top#Black,random,0.7542599711575466
Natalie,the-everyday-shirt#Cream,fundamental-vee-tee#Navy,hard,0.39233740172631815
Natalie,the-everyday-shirt#Cream,collared-shirt-1#White,semi-hard,0.42547831106712847
Natalie,the-everyday-shirt#Cream,clio-knit-jumper#InkWhite,random,0.6645232889418936
Natalie,the-everyday-shirt#Midnight,reversible-stripe-vee-scoop-neck-tank#BlackWhite,hard,0.38602864368574413
Natalie,the-everyday-shirt#Midnight,the-long-sleeve-scoop-neck-tee#White,semi-hard,0.4951550387596899
Natalie,the-everyday-shirt#Midnight,print-tee-3#Cntryhous,random,0.853983176645225
Natalie,the-everyday-shirt#Pink,millie-top#Moss,hard,0.3892163797223174
Natalie,the-everyday-shirt#Pink,celestial-woven-top#White,semi-hard,0.5148483656647932
Natalie,the-everyday-shirt#Pink,meredith-78-oversized-pullover-knit#CameoRose,random,1.0396475187172862
Natalie,the-everyday-shirt#Rose,pure-merino-fine-rib-polo#BlackStri,hard,0.24132802158531996
Natalie,the-everyday-shirt#Rose,the-cotton-bamboo-ls-top#Black,semi-hard,0.5487776494951161
Natalie,the-everyday-shirt#Rose,the-printed-v-split-top#Natural,random,0.6739705316400023
Natalie,the-long-sleeve-v-neck-tee#Black,westward-top#BotanicalD,hard,0.38903748884575207
Natalie,the-long-sleeve-v-neck-tee#Black,the-reversible-cowl-neck-top-1#White,semi-hard,0.4798792169400779
Natalie,the-long-sleeve-v-neck-tee#Black,the-essential-pullover#DustyPeach,random,0.5691920024923488
Natalie,the-long-sleeve-v-neck-tee#Navy,birds-tee-1#Navy,hard,0.394445343127926
Natalie,the-long-sleeve-v-neck-tee#Navy,frost-cardigan#Mauvewoo,semi-hard,0.5112326448360589
Natalie,the-long-sleeve-v-neck-tee#Navy,grace-oversized-knit#InkWhite,random,0.6693613955180011
Natalie,the-long-sleeve-v-neck-tee#White,butterfly-blouse-1#Ivory,hard,0.3447658559484388
Natalie,the-long-sleeve-v-neck-tee#White,the-reversible-cowl-neck-top-1#White,semi-hard,0.4798792169400779
Natalie,the-long-sleeve-v-neck-tee#White,milan-34-sleeve-1#Melange,random,0.5961330178425676
Natalie,the-sleeveless-cross-over-blouse#Black,the-panel-luxe-top#BlkWhite,hard,0.3506032809348
Natalie,the-sleeveless-cross-over-blouse#Black,multi-stripe-jumper#NavyMulti,semi-hard,0.5464496716104831
Natalie,the-sleeveless-cross-over-blouse#Black,softly-swinging-bamboo-tee#Jewel,random,0.6076246949762536
Natalie,the-sleeveless-cross-over-blouse#Chambray,everyday-linen-tunic#BotanicalB,hard,0.30357348270510076
Natalie,the-sleeveless-cross-over-blouse#Chambray,belle-v-neck-forgiver-tunic#ArmyGreen,semi-hard,0.5645427604173274
Natalie,the-sleeveless-cross-over-blouse#Chambray,the-relaxed-batwing-top#PeachRose,random,0.7997635933806148
Natalie,the-sleeveless-cross-over-blouse#Cobalt,robyn-top-1#Roanne,hard,0.3639159198783148
Natalie,the-sleeveless-cross-over-blouse#Cobalt,the-relaxed-long-sleeve-tee#White,semi-hard,0.5040198288342771
Natalie,the-sleeveless-cross-over-blouse#Cobalt,tab-sleeve-longline-shirt#Navy,random,0.7291060319635283
Natalie,the-sleeveless-cross-over-blouse#Mint,manhattan-stretch-tee#White,hard,0.3134199347027155
Natalie,the-sleeveless-cross-over-blouse#Mint,2-in-1-layered-top-1#PinkWhite,semi-hard,0.5041627723715799
Natalie,the-sleeveless-cross-over-blouse#Mint,meera-oversized-shirt#Mint,random,0.640677586199605
Natalie,the-sleeveless-cross-over-blouse#Salmon,the-cotton-bamboo-tee#White,hard,0.2999959294924659
Natalie,the-sleeveless-cross-over-blouse#Salmon,kimberly-spliced-top#Zebraprint,semi-hard,0.42163289731325354
Natalie,the-sleeveless-cross-over-blouse#Salmon,the-stripe-button-through-top#Coral,random,0.7222662048490847
Natalie,the-sleeveless-cross-over-blouse#Sunshine,cara-tee-4#Black,hard,0.3550912005142584
Natalie,the-sleeveless-cross-over-blouse#Sunshine,overlay-top-2#Black,semi-hard,0.43423973492009116
Natalie,the-sleeveless-cross-over-blouse#Sunshine,printed-tunic-7#RedCheck,random,0.5885308956808214
Natalie,the-sleeveless-cross-over-blouse#White,elina-lace-frill-blouse#Black,hard,0.2901694599863823
Natalie,the-sleeveless-cross-over-blouse#White,the-long-sleeve-scoop-neck-tee#White,semi-hard,0.4951550387596899
Natalie,the-sleeveless-cross-over-blouse#White,the-multi-stripe-cardi#Stripe,random,0.6423836751149963
Natalie,the-wrap-jersey-top#Charcoal,suri-bell-sleeve-top#GreyMarle,hard,0.3953569253606364
Natalie,the-wrap-jersey-top#Charcoal,rosie-bell-sleeve-denim-shirt#Stripe,semi-hard,0.48759689922480615
Natalie,the-wrap-jersey-top#Charcoal,belle-flute-sleeve-tee#Navy,random,0.9044049235167494
Natalie,the-wrap-jersey-top#JetBlack,falling-for-you-cardi#Khaki,hard,0.35555555555555557
Natalie,the-wrap-jersey-top#JetBlack,paisley-top-1#Paisley,semi-hard,0.496901867992912
Natalie,the-wrap-jersey-top#JetBlack,be-mine-top-1#Sage,random,0.8776747287385586
Natalie,the-wrap-jersey-top#NavyWhite,holly-rib-long-sleeve-tee#Khaki,hard,0.2458106019276232
Natalie,the-wrap-jersey-top#NavyWhite,clara-blouse#DarkFloral,semi-hard,0.46237592881581
Natalie,the-wrap-jersey-top#NavyWhite,long-sleeve-softly-swinging-bamboo-tee#TeaRose,random,0.5924545477613266
Natalie,the-wrap-jersey-top#PortSpot,wildflower-shirt#White,hard,0.36930134231593903
Natalie,the-wrap-jersey-top#PortSpot,the-stripe-jersey-top#Blue,semi-hard,0.500745272924887
Natalie,the-wrap-jersey-top#PortSpot,the-cotton-bamboo-tank#White,random,0.6088908871380421
Nathalie,on-the-open-road-maxi-shirt#DarkOchre,natural-crossover-knit-1#Stormcloud,hard,0.34265864215782904
Nathalie,on-the-open-road-maxi-shirt#DarkOchre,belle-half-sleeve-forgiver-tunic#FlamPink,semi-hard,0.5545338744733863
Nathalie,on-the-open-road-maxi-shirt#DarkOchre,cross-over-top-with-pocket#NavyMustrd,random,0.6340989503825543
Nathalie,runaway-top#JetBlack,the-longline-cardi-1#GreyMarle,hard,0.3777626450336712
Nathalie,runaway-top#JetBlack,nature-ls-top#BlueGum,semi-hard,0.5348469993138931
Nathalie,runaway-top#JetBlack,coil-print-hi-lo-shirt#White,random,0.6592560988444678
Nathalie,runaway-top#Sand,wildflower-shirt#White,hard,0.3865047415294835
Nathalie,runaway-top#Sand,variegated-rib-knit#Silver,semi-hard,0.4887912757652995
Nathalie,runaway-top#Sand,falling-for-you-top#Blue,random,0.7385344632130584
Nathalie,runaway-top#SoftMint,aztec-cardigan#Orange,hard,0.35151907513672476
Nathalie,runaway-top#SoftMint,floral-blouse-2#NavyMulti,semi-hard,0.4916860398262881
Nathalie,runaway-top#SoftMint,this-mortal-coil-drape#StormClam,random,0.6898995176718361
Nathalie,runaway-top#SoftPink,mila-knit-cardigan#Clay,hard,0.3162186963740245
Nathalie,runaway-top#SoftPink,geneva-v-neck-top#HeatheGrey,semi-hard,0.5581746329175434
Nathalie,runaway-top#SoftPink,contrast-pocket-tunic#Pinkpocket,random,0.8345006573280748
Nathalie,the-everyday-shirt#Black,everyday-linen-tunic#BotanicalB,hard,0.3184750582388599
Nathalie,the-everyday-shirt#Black,linen-v-neck-cami-2#BlueWhite,semi-hard,0.473162455571142
Nathalie,the-everyday-shirt#Black,softly-swinging-bamboo-tee#Blush,random,0.6337115230044452
Nathalie,the-everyday-shirt#Cream,cover-up-slouch-cardi#Alloy,hard,0.40398134188521995
Nathalie,the-everyday-shirt#Cream,kimono-and-me-cardi#Sand,semi-hard,0.5480447613582012
Nathalie,the-everyday-shirt#Cream,sugar-snaps-layers-tank#Mint,random,0.67440029159542
Nathalie,the-everyday-shirt#Midnight,cara-tee-2#WhiteBlk,hard,0.3320069619218327
Nathalie,the-everyday-shirt#Midnight,long-sleeve-layer-top#White,semi-hard,0.5562693230195732
Nathalie,the-everyday-shirt#Midnight,sugar-snaps-round-neck-layer-tank#DuckEgg,random,0.7147791708115774
Nathalie,the-everyday-shirt#Pink,monaco-knot-top#ClaySpot,hard,0.2229706698863263
Nathalie,the-everyday-shirt#Pink,belle-v-neck-forgiver-tunic#Charcoal,semi-hard,0.5854698306374223
Nathalie,the-everyday-shirt#Pink,beloved-stripe-pull-over-hoodie#NavyWhite,random,0.6168847257368009
Nathalie,the-everyday-shirt#Rose,niue-neck-tie-shirt#LightBlue,hard,0.35916646515142486
Nathalie,the-everyday-shirt#Rose,jade-kimono-kaleidoscope#Blue,semi-hard,0.5460509124915766
Nathalie,the-everyday-shirt#Rose,long-sleeve-spot-top#Multispot,random,0.8101238710689566
Nathalie,the-wrap-jersey-top#Charcoal,bamboo-layer-tank#Chalk,hard,0.2795597670330997
Nathalie,the-wrap-jersey-top#Charcoal,tinker-stripe-knit#NavyWhite,semi-hard,0.41980710502630586
Nathalie,the-wrap-jersey-top#Charcoal,sugar-snaps-throw-jacket#White,random,0.7966251831783098
Nathalie,the-wrap-jersey-top#JetBlack,soho-v-neck-blouse#SohoPrint,hard,0.3802855410490049
Nathalie,the-wrap-jersey-top#JetBlack,aida-long-tunic-shirt#AidaStripe,semi-hard,0.4290048313040462
Nathalie,the-wrap-jersey-top#JetBlack,under-the-stars-blouse#Petal,random,0.728757117976764
Nathalie,the-wrap-jersey-top#NavyWhite,the-batwing-tee#Sea,hard,0.39921315460936985
Nathalie,the-wrap-jersey-top#NavyWhite,funnel-neck-knit-jumper#BlueMulti,semi-hard,0.5104026752055647
Nathalie,the-wrap-jersey-top#NavyWhite,the-multi-stripe-cardi#Stripe,random,0.6657877673308201
Nathalie,the-wrap-jersey-top#PortSpot,henson-jumper#Cream,hard,0.26611255227935704
Nathalie,the-wrap-jersey-top#PortSpot,luxe-shirt#Navy,semi-hard,0.4796299607131233
Nathalie,the-wrap-jersey-top#PortSpot,the-layered-cross-over-top#Navy,random,0.6283146690584902
Nikki,hacienda-tunic-pushkar#Cornflower,the-cotton-bamboo-tee#DustyPink,hard,0.39388147026154274
Nikki,hacienda-tunic-pushkar#Cornflower,luxe-shirt#Black,semi-hard,0.6083397585130511
Nikki,hacienda-tunic-pushkar#Cornflower,the-blouson-sleeve-jumper#Navy,random,0.7115922910127522
Nikki,jasmine-singlet#White,monaco-knot-top#Black,hard,0.24480845958643532
Nikki,jasmine-singlet#White,the-relaxed-long-sleeve-tee#Khaki,semi-hard,0.6598204193459042
Nikki,jasmine-singlet#White,the-slouch-pocket-tee#Stripe,random,0.7740070914022361
Nikki,rika-top#BatikTile,hannah-tee-1#Black,hard,0.460540423353604
Nikki,rika-top#BatikTile,the-design-fold-tunic-top#PearlBlue,semi-hard,0.60435115665711
Nikki,rika-top#BatikTile,softly-swinging-bamboo-tee#Storm,random,0.7309323674738305
Nikki,selma-top-1#IndoStripe,analia-jersey-top#Black,hard,0.49424254472817597
Nikki,selma-top-1#IndoStripe,falling-for-you-tunic#Rust,semi-hard,0.6420700014453056
Nikki,selma-top-1#IndoStripe,summer-whispers-kimono-1#Peacock,random,1.1003156207587335
Nikki,the-drape-tee-1#Black,niue-neck-tie-shirt#LightBlue,hard,0.41562467430240974
Nikki,the-drape-tee-1#Black,the-contrast-trim-knit#BlackWhite,semi-hard,0.607037256061502
Nikki,the-drape-tee-1#Black,roll-with-me-jumper#Chalk,random,0.697736153425806
Nikki,the-drape-tee-1#Navy,millie-top#Blush,hard,0.48352977876460346
Nikki,the-drape-tee-1#Navy,fundamental-rib-long-sleeve-tee#White,semi-hard,0.5629285748423551
Nikki,the-drape-tee-1#Navy,layer-me-cotton-candy-top#Cream,random,0.8101504931601345
Nikki,the-drape-tee-1#NavyStripe,bamboo-layer-tank#Chalk,hard,0.22582405449089832
Nikki,the-drape-tee-1#NavyStripe,the-stripe-jersey-top#Blue,semi-hard,0.6062105815944081
Nikki,the-drape-tee-1#NavyStripe,the-everyday-shirt#Midnight,random,0.8103438099751419
Nikki,the-drape-tee-1#Stripe,shirt-in-a-box#Silver,hard,0.4094491456862236
Nikki,the-drape-tee-1#Stripe,ruffle-top-4#Terracotta,semi-hard,0.5621199954855796
Nikki,the-drape-tee-1#Stripe,the-spotted-tunic#NavySpot,random,0.8756962586739926
Nikki,the-drape-tee-1#White,millie-top#Blush,hard,0.48352977876460346
Nikki,the-drape-tee-1#White,sandy-off-the-shoulder-top#Gingham,semi-hard,0.5238393361498557
Nikki,the-drape-tee-1#White,print-tee-3#Bike,random,1.0351321341328004
Olivia,crossing-the-plains-sweater-1#Indigo,manhattan-stretch-tee#Navy,hard,0.20430171246355489
Olivia,crossing-the-plains-sweater-1#Indigo,falling-for-you-cardi#Khaki,semi-hard,0.34831460674157305
Olivia,crossing-the-plains-sweater-1#Indigo,the-box-top#Blush,random,0.5270018119607394
Olivia,runaway-top#JetBlack,ashbury-cardigan#Mocha,hard,0.26082068892232146
Olivia,runaway-top#JetBlack,the-side-panel-drape-top#OffWhite,semi-hard,0.38745985285499973
Olivia,runaway-top#JetBlack,lavaux-bell-sleeve#Mustard,random,0.7661459623586349
Olivia,runaway-top#Sand,mila-knit-cardigan#InkWhite,hard,0.18443661377952114
Olivia,runaway-top#Sand,the-relaxed-long-sleeve-tee#Pink,semi-hard,0.40557946024851893
Olivia,runaway-top#Sand,the-check-pullover#PinkCheck,random,0.818692042451401
Olivia,runaway-top#SoftMint,the-cotton-bamboo-tee#DuckEgg,hard,0.16803081879504336
Olivia,runaway-top#SoftMint,belle-v-neck-forgiver-tunic#ArmyGreen,semi-hard,0.39473636810163915
Olivia,runaway-top#SoftMint,jade-kimono-kaleidoscope#Blue,random,0.4228110719943408
Olivia,runaway-top#SoftPink,cuddled-longline-cardigan#Sunflower,hard,0.21258326569871577
Olivia,runaway-top#SoftPink,the-batwing-tee#FrenchBlue,semi-hard,0.321530475714539
Olivia,runaway-top#SoftPink,the-double-layer-top#Black,random,0.5599784035291289
Olivia,sugar-snaps-layers-tank#Black,dream-girl-ruffle-jumper#SoftPink,hard,0.2465352816928361
Olivia,sugar-snaps-layers-tank#Black,maui-stretch-tee#NavyWhtStr,semi-hard,0.29632483302995083
Olivia,sugar-snaps-layers-tank#Black,love-song-relaxed-blouse#SagePearl,random,0.4925706785865894
Olivia,sugar-snaps-layers-tank#Blue,nova-lux-solid-v-neck-placket-shirt#CloudDance,hard,0.2569974550521771
Olivia,sugar-snaps-layers-tank#Blue,fundamental-rib-long-sleeve-tee#White,semi-hard,0.30837679001444374
Olivia,sugar-snaps-layers-tank#Blue,off-shoulder-top-1#Strawberry,random,0.45549055467624155
Olivia,sugar-snaps-layers-tank#DeepCobalt,aida-long-tunic-shirt#AidaStripe,hard,0.2611901159477219
Olivia,sugar-snaps-layers-tank#DeepCobalt,tia-boyfriend-shirt#White,semi-hard,0.3033150092045588
Olivia,sugar-snaps-layers-tank#DeepCobalt,the-boat-neck-top-1#NavyWhite,random,0.4610055861204443
Olivia,sugar-snaps-layers-tank#DuckEgg,high-street-knit#NavyStripe,hard,0.22280328958111062
Olivia,sugar-snaps-layers-tank#DuckEgg,sequin-star-tee#Navy,semi-hard,0.36566257086556186
Olivia,sugar-snaps-layers-tank#DuckEgg,the-drape-tee-1#Black,random,0.517957744895711
Olivia,sugar-snaps-layers-tank#Mint,geena-xo-ls-pullover-knit#Allure,hard,0.23640836164556256
Olivia,sugar-snaps-layers-tank#Mint,longline-cardigan-2#Pink,semi-hard,0.3591803762703583
Olivia,sugar-snaps-layers-tank#Mint,viola-kimono-radiant-floral#Grey,random,0.5449438202247191
Olivia,sugar-snaps-layers-tank#NewBeige,hayley-button-down#NavySparro,hard,0.21979422078505284
Olivia,sugar-snaps-layers-tank#NewBeige,lucy-rib-oversized-top#WhiteGrey,semi-hard,0.32649693201479
Olivia,sugar-snaps-layers-tank#NewBeige,floating-by-you-blouse#SeaFleur,random,0.5509049330886095
Olivia,sugar-snaps-layers-tank#PeachyKeen,hayley-button-down#NavySparro,hard,0.21979422078505284
Olivia,sugar-snaps-layers-tank#PeachyKeen,daisy-top-1#BrightBlue,semi-hard,0.3426867321332479
Olivia,sugar-snaps-layers-tank#PeachyKeen,softly-swinging-bamboo-tee#Chambray,random,0.43772959992437643
Olivia,sugar-snaps-layers-tank#Red,germaine-blouse#Pearl,hard,0.2291715398135138
Olivia,sugar-snaps-layers-tank#Red,2-in-1-layered-top-1#PinkWhite,semi-hard,0.4068781070480627
Olivia,sugar-snaps-layers-tank#Red,hem-frill-stripe-top#SoFrilled,random,0.5390965374914011
Olivia,sugar-snaps-layers-tank#SeaGreen,paradising-buttoned-shirt#Wheat,hard,0.2659403580560753
Olivia,sugar-snaps-layers-tank#SeaGreen,the-tie-front-tank#White,semi-hard,0.37859475113695795
Olivia,sugar-snaps-layers-tank#SeaGreen,under-the-stars-blouse#Petal,random,0.5143772088172074
Olivia,sugar-snaps-layers-tank#White,layer-me-bamboo-rouched-sleeve-tee#Fern,hard,0.26696363664676614
Olivia,sugar-snaps-layers-tank#White,roll-with-me-jumper#Chalk,semi-hard,0.41973452850583914
Olivia,sugar-snaps-layers-tank#White,the-soft-knit-jumper#NavyStripe,random,0.4304058702132538
Olivia,the-button-up-swing-tunic#Wine,natural-classic-cardigan#Pebble,hard,0.19802677625357257
Olivia,the-button-up-swing-tunic#Wine,long-sleeve-softly-swinging-bamboo-tee#White,semi-hard,0.42261718334908643
Olivia,the-button-up-swing-tunic#Wine,belle-deep-v-mesh-top#Black,random,0.5157120398172972
Olivia,the-sleeveless-cross-over-blouse#Black,analia-top#White,hard,0.2102923109501405
Olivia,the-sleeveless-cross-over-blouse#Black,the-relaxed-long-sleeve-tee#White,semi-hard,0.40557946024851893
Olivia,the-sleeveless-cross-over-blouse#Black,the-cotton-bamboo-tank#Moonbeam,random,0.43689310473435744
Olivia,the-sleeveless-cross-over-blouse#Chambray,tutti-frutti-drop-shoulder-tee#Orange,hard,0.2445846247515175
Olivia,the-sleeveless-cross-over-blouse#Chambray,wrap-me-up-bamboo-top#Black,semi-hard,0.3723549710374695
Olivia,the-sleeveless-cross-over-blouse#Chambray,milan-stretch-top#White,random,0.42532875029979106
Olivia,the-sleeveless-cross-over-blouse#Cobalt,cable-knit-sweater#Camel,hard,0.21420378236249282
Olivia,the-sleeveless-cross-over-blouse#Cobalt,the-side-panel-drape-top#OffWhite,semi-hard,0.38745985285499973
Olivia,the-sleeveless-cross-over-blouse#Cobalt,falling-for-you-top#Blue,random,0.5268183732797038
Olivia,the-sleeveless-cross-over-blouse#Mint,everyday-linen-tunic#BotanicalB,hard,0.17070080978403968
Olivia,the-sleeveless-cross-over-blouse#Mint,ruffle-hem-jersey-top#Pink,semi-hard,0.335873154413862
Olivia,the-sleeveless-cross-over-blouse#Mint,clio-knit-jumper#Clay,random,0.47698931586885235
Olivia,the-sleeveless-cross-over-blouse#Salmon,layer-me-bamboo-rouched-sleeve-tee#Fern,hard,0.26696363664676614
Olivia,the-sleeveless-cross-over-blouse#Salmon,paradise-cardi#MultiStrip,semi-hard,0.36470618666759663
Olivia,the-sleeveless-cross-over-blouse#Salmon,the-printed-v-split-top#Natural,random,0.5613294006741273
Olivia,the-sleeveless-cross-over-blouse#Sunshine,cable-knit-sweater#Camel,hard,0.21420378236249282
Olivia,the-sleeveless-cross-over-blouse#Sunshine,funnel-neck-knit-jumper#BlueMulti,semi-hard,0.3365648259852036
Olivia,the-sleeveless-cross-over-blouse#Sunshine,floating-by-you-blouse#SeaFleur,random,0.5509049330886095
Olivia,the-sleeveless-cross-over-blouse#White,millie-top#Moss,hard,0.24849987953526162
Olivia,the-sleeveless-cross-over-blouse#White,sparkly-star-tee#Blue,semi-hard,0.302972737464402
Olivia,the-sleeveless-cross-over-blouse#White,the-asymmetrical-hem-sweater#Blush,random,0.4287010684423582
Palatina,2-in-1-layered-knit-top#Khaki,forget-me-knot-tunic#ForgetMeK,hard,0.10512987061291679
Palatina,2-in-1-layered-knit-top#Khaki,the-batwing-tee#Sea,semi-hard,0.3303529500313337
Palatina,2-in-1-layered-knit-top#Khaki,softly-swinging-bamboo-tee#Cashew,random,0.40607141376949896
Palatina,2-in-1-layered-knit-top#Navy,paradising-buttoned-shirt#Wheat,hard,0.24370664963913402
Palatina,2-in-1-layered-knit-top#Navy,funnel-neck-knit-jumper#BlueMulti,semi-hard,0.3138037811668546
Palatina,2-in-1-layered-knit-top#Navy,sugar-snaps-round-neck-layer-tank#Black,random,0.4744535772772313
Palatina,2-in-1-layered-knit-top#PalePink,cara-tee-4#White,hard,0.2107737413969793
Palatina,2-in-1-layered-knit-top#PalePink,funnel-neck-knit-jumper#BlueMulti,semi-hard,0.3138037811668546
Palatina,2-in-1-layered-knit-top#PalePink,sequin-heart-layered-top#Natural,random,0.4529448110178176
Palatina,2-in-1-layered-top-1#NavyWhite,belle-cowl-swing-sweater#Green,hard,0.20739726942097939
Palatina,2-in-1-layered-top-1#NavyWhite,milan-stretch-top#SilverMarl,semi-hard,0.4000589584896708
Palatina,2-in-1-layered-top-1#NavyWhite,the-luxe-long-sleeve-tee#GreyMarle,random,0.4656731105412663
Palatina,2-in-1-layered-top-1#PinkWhite,capri-tank-3#NavyStripe,hard,0.2356926255571788
Palatina,2-in-1-layered-top-1#PinkWhite,the-midi-waterfall-cardi#BlueMarle,semi-hard,0.3755973179561273
Palatina,2-in-1-layered-top-1#PinkWhite,the-bell-sleeve-top#Grey,random,0.5161575460718285
Palatina,batty-about-you-cotton-tee#BlkWhite,button-through-animal-shirt#Animal,hard,0.2385664897874023
Palatina,batty-about-you-cotton-tee#BlkWhite,the-printed-side-ring-detail-blouse#Block,semi-hard,0.3248084560716934
Palatina,batty-about-you-cotton-tee#BlkWhite,woolly-spotted-hoodie#Navy,random,0.41173346182926446
Palatina,beach-walk-shirt#Khaki,manhattan-stretch-tee#White,hard,0.20171723764920663
Palatina,beach-walk-shirt#Khaki,panelled-stripe-top#NavyWhite,semi-hard,0.3010708449705598
Palatina,beach-walk-shirt#Khaki,the-luxe-long-sleeve-tee#GreyMarle,random,0.4656731105412663
Palatina,beach-walk-shirt#Stormy,the-short-sleeve-wrap-jersey-top#Emerald,hard,0.21723322760454122
Palatina,beach-walk-shirt#Stormy,runaway-top#SoftPink,semi-hard,0.40055033827596337
Palatina,beach-walk-shirt#Stormy,grace-oversized-knit#Clay,random,0.4557537997818626
Palatina,bird-print-jumper#Navy,nova-lux-long-sleeve-tie-top-1#CloudDance,hard,0.23986683931030192
Palatina,bird-print-jumper#Navy,first-love-kimono-jacket#Stone,semi-hard,0.3977111510451149
Palatina,bird-print-jumper#Navy,snug-as-a-bug-jumper#Smoke,random,0.501246141145365
Palatina,cascade-hood-top#Black,rib-tank-2#Red,hard,0.2434880491749961
Palatina,cascade-hood-top#Black,layered-sleeve-top#Moss,semi-hard,0.37956158151812336
Palatina,cascade-hood-top#Black,crossing-the-plains-sweater-1#Indigo,random,0.43187501264067923
Palatina,chasing-birds-blouse#White,the-reversible-cowl-neck-top-2#Ocean,hard,0.21161469974829636
Palatina,chasing-birds-blouse#White,geneva-v-neck-top#HeatheGrey,semi-hard,0.348953936243003
Palatina,chasing-birds-blouse#White,the-cut-out-shoulder-blouse#Blue,random,0.4059328006561632
Palatina,collared-shirt-1#White,double-layered-top-1#WSilver,hard,0.20735800002803512
Palatina,collared-shirt-1#White,rory-spliced-zip-hoodie#Silver,semi-hard,0.2681766747700274
Palatina,collared-shirt-1#White,the-bonded-cotton-tunic-dress#Navy,random,0.461234331271842
Palatina,driftwood-gathering-blouse#Khaki,drapey-stripe-tee#Navy,hard,0.23577116434306733
Palatina,driftwood-gathering-blouse#Khaki,nature-ls-top#BlueGum,semi-hard,0.34112726410696015
Palatina,driftwood-gathering-blouse#Khaki,partly-cloudy-knit#PawPaw,random,0.531896800575128
Palatina,falling-flowers-blouse#DustyPink,lake-house-top#CoalPrint,hard,0.21991414172313795
Palatina,falling-flowers-blouse#DustyPink,rory-spliced-zip-hoodie#Slate,semi-hard,0.2681766747700274
Palatina,falling-flowers-blouse#DustyPink,for-the-frill-top#Ivory,random,0.4723680233381646
Palatina,falling-for-you-cardi#Black,geena-xo-ls-pullover-knit#WhiteCapGr,hard,0.24725285989728119
Palatina,falling-for-you-cardi#Black,celestial-woven-top#White,semi-hard,0.3300375445253431
Palatina,falling-for-you-cardi#Black,partly-cloudy-knit#PawPaw,random,0.531896800575128
Palatina,falling-for-you-cardi#Dusty,mila-knit-cardigan#InkWhite,hard,0.1952855651531099
Palatina,falling-for-you-cardi#Dusty,ava-short-sleeve-linen-tee#Navy,semi-hard,0.2913190680178779
Palatina,falling-for-you-cardi#Dusty,the-high-low-drape-tee#Sage,random,0.43299656666078135
Palatina,falling-for-you-cardi#GreyMarle,magnolia-fields-keyhole-blouse#Magnolia,hard,0.20713309925536427
Palatina,falling-for-you-cardi#GreyMarle,sequin-star-tee#Navy,semi-hard,0.3383327546664412
Palatina,falling-for-you-cardi#GreyMarle,voyager-stripe-crew#Stripe,random,0.6292134831460674
Palatina,falling-for-you-cardi#Khaki,holly-rib-long-sleeve-tee#WhiteGrey,hard,0.2320015872729112
Palatina,falling-for-you-cardi#Khaki,freya-fringe-blouse#Navy,semi-hard,0.2621454703792639
Palatina,falling-for-you-cardi#Khaki,belle-flute-sleeve-tee#Navy,random,0.645776080228382
Palatina,falling-for-you-cardi#Mustard,colourblock-cardi#NavyRed,hard,0.19350739795385208
Palatina,falling-for-you-cardi#Mustard,dahlia-lace-trim-blouse#Dusk,semi-hard,0.26067638518355685
Palatina,falling-for-you-cardi#Mustard,softly-swinging-bamboo-tee#Jewel,random,0.40607141376949896
Palatina,falling-for-you-cardi#Navy,kimberly-spliced-top#Zebraprint,hard,0.2514124077213545
Palatina,falling-for-you-cardi#Navy,ella-funnel-neck-top#Khaki,semi-hard,0.34953381448966714
Palatina,falling-for-you-cardi#Navy,paradise-top#Red,random,0.41275908795890265
Palatina,falling-for-you-cardi#Port,natural-tie-tunic#BlueSky,hard,0.24958384437944414
Palatina,falling-for-you-cardi#Port,belle-square-neck-drape-tee#Vanilla,semi-hard,0.366749432858371
Palatina,falling-for-you-cardi#Port,billow-top#Black,random,0.6159798305616783
Palatina,falling-for-you-cardi#Rust,back-to-you-top#BlackMagic,hard,0.22319812694104535
Palatina,falling-for-you-cardi#Rust,bertie-top#Black,semi-hard,0.3136856883355278
Palatina,falling-for-you-cardi#Rust,the-soft-overlay-top#Pink,random,0.7810215964202507
Palatina,falling-for-you-cardi#Teal,mila-knit-cardigan#Black,hard,0.1952855651531099
Palatina,falling-for-you-cardi#Teal,juno-cardigan#GreyMarle,semi-hard,0.28228984663024836
Palatina,falling-for-you-cardi#Teal,the-blouson-sleeve-jumper#Navy,random,0.4500155365439739
Palatina,flow-with-me-slouch-top#Brick,butterfly-blouse-1#Ivory,hard,0.17092933776369007
Palatina,flow-with-me-slouch-top#Brick,fundamental-split-hoodie#Pink,semi-hard,0.34671525191340874
Palatina,flow-with-me-slouch-top#Brick,the-shoulder-tie-top#White,random,0.4902534511647904
Palatina,hydrangea-kimono#Hydrangea,cara-tee-2#Blush,hard,0.22436008474699354
Palatina,hydrangea-kimono#Hydrangea,belle-v-neck-forgiver-tunic#Charcoal,semi-hard,0.3684632559427723
Palatina,hydrangea-kimono#Hydrangea,anna-top#Leona,random,0.474767593257344
Palatina,jersey-split-back-hooded-top#NavyStrip,paradising-buttoned-shirt#Wheat,hard,0.24370664963913402
Palatina,jersey-split-back-hooded-top#NavyStrip,selma-top-1#IndoStripe,semi-hard,0.3987465080729724
Palatina,jersey-split-back-hooded-top#NavyStrip,billow-top#Peach,random,0.6159798305616783
Palatina,luxe-shirt#Black,fundamental-vee-tee#Black,hard,0.23154401787728995
Palatina,luxe-shirt#Black,the-zip-front-top#Rose,semi-hard,0.36417618380140576
Palatina,luxe-shirt#Black,this-mortal-coil-drape#StormClam,random,0.4525384506058594
Palatina,luxe-shirt#Champagne,the-wrap-jersey-top#PortSpot,hard,0.2568803417570736
Palatina,luxe-shirt#Champagne,heartmade-cardi#DustyRose,semi-hard,0.2913696665800817
Palatina,luxe-shirt#Champagne,the-cut-out-shoulder-blouse#Silver,random,0.4059328006561632
Palatina,luxe-shirt#Navy,the-short-sleeve-wrap-jersey-top#Blue,hard,0.21723322760454122
Palatina,luxe-shirt#Navy,the-reversible-cowl-neck-top-1#White,semi-hard,0.3033827261075727
Palatina,luxe-shirt#Navy,leopard-print-kimono#GoldMulti,random,0.47477064220183485
Palatina,merino-boyfriend-cardigan#MelangeStr,colourblock-cardi#NavyRed,hard,0.19350739795385208
Palatina,merino-boyfriend-cardigan#MelangeStr,sequin-spot-shirt#Blue,semi-hard,0.38894839918269053
Palatina,merino-boyfriend-cardigan#MelangeStr,the-daily-essential-jumper#Grey,random,0.5223615914569234
Palatina,moonlight-kisses-bamboo-tee#Black,napoleon-top-1#NemoRed,hard,0.253136826204142
Palatina,moonlight-kisses-bamboo-tee#Black,fundamental-sydney-crew#Navy,semi-hard,0.3219224814592547
Palatina,moonlight-kisses-bamboo-tee#Black,buttoned-top#Spotty,random,0.42441669137450316
Palatina,moonlight-kisses-bamboo-tee#Combat,high-street-knit#NavyStripe,hard,0.22878796182589925
Palatina,moonlight-kisses-bamboo-tee#Combat,ines-top#NavyStrip,semi-hard,0.257996331348053
Palatina,moonlight-kisses-bamboo-tee#Combat,crosses-jumper#xmyheart,random,0.4379418850432042
Palatina,moonlight-kisses-bamboo-tee#Saffron,hannah-tee-1#RedWhite,hard,0.2065209888579676
Palatina,moonlight-kisses-bamboo-tee#Saffron,long-sleeve-softly-swinging-bamboo-tee#Cashew,semi-hard,0.3927230304160172
Palatina,moonlight-kisses-bamboo-tee#Saffron,the-cotton-tie-detail-top#Ivory,random,0.42231085752664466
Palatina,moonlight-kisses-bamboo-tee#White,saba-top-2#Catus,hard,0.22477941582425975
Palatina,moonlight-kisses-bamboo-tee#White,the-relaxed-long-sleeve-tee#Navy,semi-hard,0.3800208714799303
Palatina,moonlight-kisses-bamboo-tee#White,runaway-top#SoftMint,random,0.40055033827596337
Palatina,on-the-horizon-swing-top-1#Khaki,aztec-cardigan#BlackIvory,hard,0.20269666046200138
Palatina,on-the-horizon-swing-top-1#Khaki,lenka-lurex-stripe-blouse#NavyGoldSt,semi-hard,0.2790104032010223
Palatina,on-the-horizon-swing-top-1#Khaki,baobab-sweater#Bark,random,0.40306079615556695
Palatina,oversize-contrast-hood-top#Steel,holly-rib-long-sleeve-tee#WhiteGrey,hard,0.2320015872729112
Palatina,oversize-contrast-hood-top#Steel,always-mine-v-neck-knit#Terracotta,semi-hard,0.2931997037893497
Palatina,oversize-contrast-hood-top#Steel,wonderlust-tee#BurntOran,random,0.5009741377648236
Palatina,pure-merino-fine-rib-v-neck#Charcoal,st-helens-henley-tee#Sapphire,hard,0.24071832980389546
Palatina,pure-merino-fine-rib-v-neck#Charcoal,softly-swinging-bamboo-singlet#Cashew,semi-hard,0.37407779866410173
Palatina,pure-merino-fine-rib-v-neck#Charcoal,spot-layered-tee#Blue,random,0.442562351673911
Palatina,reversible-stripe-vee-scoop-neck-tank#BlackWhite,eco-78-long-cardigan#LightGreyM,hard,0.20575138972408039
Palatina,reversible-stripe-vee-scoop-neck-tank#BlackWhite,milan-stretch-top#SilverMarl,semi-hard,0.4000589584896708
Palatina,reversible-stripe-vee-scoop-neck-tank#BlackWhite,the-cotton-bamboo-tank#DuckEgg,random,0.40746338976739815
Palatina,sand-queen-throw-blouse#Fleur,aida-long-tunic-shirt#AidaStripe,hard,0.23731424653598157
Palatina,sand-queen-throw-blouse#Fleur,the-half-sleeve-tee#White,semi-hard,0.31893234301086026
Palatina,sand-queen-throw-blouse#Fleur,the-oversized-cotton-blend-shirt#Sand,random,0.6591032032033705
Palatina,sky-jumper-1#Clouds,natural-classic-cardigan#Pebble,hard,0.17886790995791343
Palatina,sky-jumper-1#Clouds,cover-up-slouch-cardi#Alloy,semi-hard,0.31634913111660645
Palatina,sky-jumper-1#Clouds,the-pleated-sleeve-top#Sage,random,0.5076740414687826
Palatina,sky-shirt#Clouds,reversible-scoopv-neck-tank#White,hard,0.216119369744461
Palatina,sky-shirt#Clouds,belle-drape-tee#Black,semi-hard,0.3873805079435252
Palatina,sky-shirt#Clouds,billow-top#Black,random,0.6159798305616783
Palatina,the-boat-neck-top#Black,back-to-you-top#Rust,hard,0.22319812694104535
Palatina,the-boat-neck-top#Black,ruffle-hem-jersey-top#Pink,semi-hard,0.310658099107345
Palatina,the-boat-neck-top#Black,cross-my-heart-sweater#Regal,random,0.40605585065795885
Palatina,the-boat-neck-top#Navy,nova-lux-long-sleeve-tie-top-1#NightSky,hard,0.23986683931030192
Palatina,the-boat-neck-top#Navy,the-sleeveless-cross-over-blouse#Salmon,semi-hard,0.39498017920405293
Palatina,the-boat-neck-top#Navy,triangle-detail-long-sleeve-tee#Bordeaux,random,0.41835154375523786
Palatina,the-boat-neck-top-1#Ink,spliced-stripe-tunic#Navy,hard,0.253398579986364
Palatina,the-boat-neck-top-1#Ink,karmen-top#HighRiskRe,semi-hard,0.3014567578450354
Palatina,the-boat-neck-top-1#Ink,fundamental-split-hoodie-1#Lilac,random,0.44439583950396677
Palatina,the-boat-neck-top-1#NavyWhite,manhattan-stretch-tee#White,hard,0.20171723764920663
Palatina,the-boat-neck-top-1#NavyWhite,belle-v-neck-forgiver-tunic#DenimMarl,semi-hard,0.3684632559427723
Palatina,the-boat-neck-top-1#NavyWhite,never-ending-winter-knit-top#DeluxeGree,random,0.5745351169329673
Palatina,the-essential-pullover#DustyPeach,aztec-cardigan#Orange,hard,0.20269666046200138
Palatina,the-essential-pullover#DustyPeach,alberta-stripe-top#IvoryStrip,semi-hard,0.2995622057294145
Palatina,the-essential-pullover#DustyPeach,hem-frill-stripe-top#SoFrilled,random,0.5465655044596316
Palatina,the-essential-pullover#SkyBlue,belle-cowl-swing-sweater#Black,hard,0.20739726942097939
Palatina,the-essential-pullover#SkyBlue,the-cross-over-poncho#Navy,semi-hard,0.2688231047697789
Palatina,the-essential-pullover#SkyBlue,meredith-78-oversized-pullover-knit#CameoRose,random,0.7761652867641516
Palatina,under-the-stars-blouse#Petal,gloria-applique-crew#Charcoal,hard,0.23807754536133585
Palatina,under-the-stars-blouse#Petal,midtown-ruffle-shirt#BoldRed,semi-hard,0.39749078573551444
Palatina,under-the-stars-blouse#Petal,softly-falling-bamboo-tunic#White,random,0.43383877748307176
Palatina,you-at-my-shoulder-tunic#Black,millie-top#Blush,hard,0.22666172788264038
Palatina,you-at-my-shoulder-tunic#Black,falling-for-you-tunic#Black,semi-hard,0.32695781961148906
Palatina,you-at-my-shoulder-tunic#Black,belle-mesh-cardi#Black,random,0.6496615055922365
Perrie,boho-embroidered-top#BohoDenim,double-layered-top-1#WBlack,hard,0.3684003266095372
Perrie,boho-embroidered-top#BohoDenim,messina-v-neck-tee#Black,semi-hard,0.49792423702209987
Perrie,boho-embroidered-top#BohoDenim,relaxed-cape#Black,random,0.7840479783385774
Perrie,dahlia-lace-trim-blouse#Dusk,fundamental-vee-tee#Navy,hard,0.3976577922293133
Perrie,dahlia-lace-trim-blouse#Dusk,natural-detailed-sweater#Tinroof,semi-hard,0.48863037694824724
Perrie,dahlia-lace-trim-blouse#Dusk,peasant-top-3#Denim,random,0.7619296373168615
Perrie,ditzy-floral-ruffle-blouse#DitzyFlora,falling-for-you-cardi#Dusty,hard,0.35195530726256985
Perrie,ditzy-floral-ruffle-blouse#DitzyFlora,seeker-knot-front-shirt#Olive,semi-hard,0.4346032952504645
Perrie,ditzy-floral-ruffle-blouse#DitzyFlora,milan-stretch-top#SilverMarl,random,0.6022432170392097
Perrie,frost-cardigan#Mauvewoo,block-vest#Blockvest,hard,0.4107251190024919
Perrie,frost-cardigan#Mauvewoo,foil-print-top-2#Navy,semi-hard,0.4729704812454558
Perrie,frost-cardigan#Mauvewoo,skipping-stones-tunic#Natural,random,0.6933166724018824
Perrie,high-street-knit#NavyStripe,falling-for-you-cardi-1#GreyGarden,hard,0.35195530726256985
Perrie,high-street-knit#NavyStripe,the-cotton-bamboo-ls-top#Black,semi-hard,0.5470903942514236
Perrie,high-street-knit#NavyStripe,belle-nautical-applique-tee#BlueStripe,random,0.6445882785005272
Perrie,irena-embroidered-blouse#DustyRose,belle-cowl-swing-sweater#Black,hard,0.37310794517703305
Perrie,irena-embroidered-blouse#DustyRose,paisley-top-1#Paisley,semi-hard,0.5035890411029843
Perrie,irena-embroidered-blouse#DustyRose,the-check-pullover#PinkCheck,random,1.0666329722736623
Perrie,janet-frill-shirt#White,button-through-animal-shirt#Animal,hard,0.41001737653879855
Perrie,janet-frill-shirt#White,foil-spot-jumper#SilverDot,semi-hard,0.4821659871147954
Perrie,janet-frill-shirt#White,the-sleeveless-cross-over-blouse#Black,random,0.598382894077943
Perrie,laurina-stripe-pullover#NightSky,roll-neck-jumper-3#GreyMarl,hard,0.3518264591010496
Perrie,laurina-stripe-pullover#NightSky,frill-me-tie-throw-on#WhiteBlk,semi-hard,0.4898760251536468
Perrie,laurina-stripe-pullover#NightSky,stud-trim-long-sleeve-top#Mint,random,0.7476996427983296
Perrie,marjorie-tie-blouse#BluePrint,pure-merino-fine-rib-v-neck#Charcoal,hard,0.06991564701520207
Perrie,marjorie-tie-blouse#BluePrint,monaco-sweater#BlackCream,semi-hard,0.47404696162161003
Perrie,marjorie-tie-blouse#BluePrint,roll-with-me-jumper#Chalk,random,0.5991466536116066
Perrie,rosie-bell-sleeve-denim-shirt#Stripe,cuddled-longline-cardigan#Sunflower,hard,0.3484391862570247
Perrie,rosie-bell-sleeve-denim-shirt#Stripe,oregon-safari-embroidered-top#White,semi-hard,0.4542418135296201
Perrie,rosie-bell-sleeve-denim-shirt#Stripe,the-drape-tee-1#Stripe,random,0.629972332870028
Perrie,shirt-in-a-box#Silver,cyrus-top#LightRose,hard,0.40566689814670964
Perrie,shirt-in-a-box#Silver,rib-tank-2#Navy,semi-hard,0.41761962844604905
Perrie,shirt-in-a-box#Silver,the-cross-front-spot-blouse#Spot,random,0.7904556282663542
Perrie,silver-dot-tie-sleeve-blouse#SilverDotP,millie-top#Moss,hard,0.39439237653879855
Perrie,silver-dot-tie-sleeve-blouse#SilverDotP,pocket-shirt-1#Ivory,semi-hard,0.4115533430741379
Perrie,silver-dot-tie-sleeve-blouse#SilverDotP,the-stripe-button-through-top#Coral,random,0.7192155709254161
Perrie,suri-bell-sleeve-top#GreyMarle,bubbles-print-tee#Cambridge,hard,0.3778925619299739
Perrie,suri-bell-sleeve-top#GreyMarle,butterfly-kisses-tee#MustardStr,semi-hard,0.5576639054774288
Perrie,suri-bell-sleeve-top#GreyMarle,the-sleeveless-cross-over-blouse#White,random,0.598382894077943
Perrie,the-bamboo-tunic-dress#Khaki,holly-rib-long-sleeve-tee#Khaki,hard,0.2507171123563736
Perrie,the-bamboo-tunic-dress#Khaki,the-panel-hem-top#DenimMarle,semi-hard,0.5026611951671939
Perrie,the-bamboo-tunic-dress#Khaki,roll-with-me-jumper#Chalk,random,0.5991466536116066
Perrie,the-batwing-tee#Black,drapey-stripe-tee#Navy,hard,0.3379457641482467
Perrie,the-batwing-tee#Black,layer-me-bamboo-rouched-sleeve-tee#White,semi-hard,0.4143151068044776
Perrie,the-batwing-tee#Black,the-on-or-off-the-shoulder-top#FrenchNavy,random,0.7790137189469781
Perrie,the-batwing-tee#FrenchBlue,eco-78-long-cardigan#DarkGreyM,hard,0.3208975276170709
Perrie,the-batwing-tee#FrenchBlue,the-tie-sleeve-blouse#Grey,semi-hard,0.4975523299605604
Perrie,the-batwing-tee#FrenchBlue,softly-swinging-bamboo-tee#BlueJeans,random,0.6152867064170203
Perrie,the-batwing-tee#Sea,printed-v-neck-blouse#NavyWhite,hard,0.38010482757584985
Perrie,the-batwing-tee#Sea,the-roll-neck-sweater#Natural,semi-hard,0.4905091456194171
Perrie,the-batwing-tee#Sea,tab-sleeve-longline-shirt#Pink,random,0.7370816529021487
Perrie,the-batwing-tee#Stone,square-nk-fray-trim-top#Denim,hard,0.3962611441846206
Perrie,the-batwing-tee#Stone,cotton-stripe-cardi-with-pockets#White,semi-hard,0.5619872613477006
Perrie,the-batwing-tee#Stone,partly-cloudy-knit#PawPaw,random,0.7450000267557096
Perrie,the-button-up-swing-tunic#Wine,belle-cowl-swing-sweater#Green,hard,0.37310794517703305
Perrie,the-button-up-swing-tunic#Wine,picnic-top#BlackWhite,semi-hard,0.43955914315098715
Perrie,the-button-up-swing-tunic#Wine,the-shoulder-tie-top#White,random,0.7142527508969204
Perrie,the-cut-out-shoulder-blouse#Black,falling-for-you-cardi#Mustard,hard,0.35195530726256985
Perrie,the-cut-out-shoulder-blouse#Black,monaco-sweater#BlackCream,semi-hard,0.47404696162161003
Perrie,the-cut-out-shoulder-blouse#Black,the-high-low-drape-tee#Sage,random,0.6512275918773808
Perrie,the-cut-out-shoulder-blouse#Blue,cherrington-top#GreyRose,hard,0.3528386826196291
Perrie,the-cut-out-shoulder-blouse#Blue,rib-tank-2#Black,semi-hard,0.41761962844604905
Perrie,the-cut-out-shoulder-blouse#Blue,long-sleeve-softly-swinging-bamboo-tee#Storm,random,0.5997206687727726
Perrie,the-cut-out-shoulder-blouse#Clay,manhattan-stretch-tee#Navy,hard,0.318277712096826
Perrie,the-cut-out-shoulder-blouse#Clay,the-contrast-panel-top#BlkStripe,semi-hard,0.5432158222564696
Perrie,the-cut-out-shoulder-blouse#Clay,tab-sleeve-longline-shirt#Pink,random,0.7370816529021487
Perrie,the-cut-out-shoulder-blouse#Salmon,endeavor-long-sleeve-tee#Stripe,hard,0.2413793103448276
Perrie,the-cut-out-shoulder-blouse#Salmon,butterfly-kisses-tee#Stripe,semi-hard,0.5576639054774288
Perrie,the-cut-out-shoulder-blouse#Salmon,long-sleeve-softly-swinging-bamboo-tee#BlueJeans,random,0.5997206687727726
Perrie,the-cut-out-shoulder-blouse#Silver,millie-top#WhiteBlk,hard,0.39439237653879855
Perrie,the-cut-out-shoulder-blouse#Silver,foil-spot-jumper#SilverDot,semi-hard,0.4821659871147954
Perrie,the-cut-out-shoulder-blouse#Silver,the-daily-essential-jumper#Grey,random,0.738870962563411
Perrie,the-cut-out-shoulder-blouse#White,cuddled-longline-cardigan#Sunflower,hard,0.3484391862570247
Perrie,the-cut-out-shoulder-blouse#White,the-tie-front-tank#Navy,semi-hard,0.54352864559059
Perrie,the-cut-out-shoulder-blouse#White,meredith-78-oversized-pullover-knit#CameoRose,random,1.0449027697510649
Perrie,the-design-fold-tunic-top#PearlBlue,monaco-knot-top#ClaySpot,hard,0.2399329808311739
Perrie,the-design-fold-tunic-top#PearlBlue,runaway-top#SoftMint,semi-hard,0.5202877326279493
Perrie,the-design-fold-tunic-top#PearlBlue,the-oversize-knit#GreyMarle,random,0.83057214409555
Perrie,the-everyday-shirt#Black,butterfly-blouse-1#Ivory,hard,0.35026136336566804
Perrie,the-everyday-shirt#Black,great-scot-merino-carcoat#Twilight,semi-hard,0.4435027675329303
Perrie,the-everyday-shirt#Black,selene-cardigan#Ivy,random,0.914874638280067
Perrie,the-everyday-shirt#Cream,renee-sweater#Sapphire,hard,0.3004309632780474
Perrie,the-everyday-shirt#Cream,belle-v-neck-forgiver-tunic#Navy,semi-hard,0.5707685742667727
Perrie,the-everyday-shirt#Cream,the-layered-cross-over-top#Navy,random,0.6123239997550558
Perrie,the-everyday-shirt#Midnight,cara-tee-4#White,hard,0.3601429913591141
Perrie,the-everyday-shirt#Midnight,driftwood-gathering-blouse#Khaki,semi-hard,0.44991331150067426
Perrie,the-everyday-shirt#Midnight,the-cotton-bamboo-tank#Moonbeam,random,0.6162103933503603
Perrie,the-everyday-shirt#Pink,pure-merino-fine-rib-polo#BlackStri,hard,0.23996026518188013
Perrie,the-everyday-shirt#Pink,bird-print-jumper#Navy,semi-hard,0.48087946362915135
Perrie,the-everyday-shirt#Pink,moonlight-kisses-bamboo-tee#Combat,random,0.6030452814709288
Perrie,the-everyday-shirt#Rose,capri-tank-3#White,hard,0.4056532559713566
Perrie,the-everyday-shirt#Rose,cotton-stripe-cardi-with-pockets#White,semi-hard,0.5619872613477006
Perrie,the-everyday-shirt#Rose,the-shoulder-tie-top#Black,random,0.7142527508969204
Perrie,the-short-sleeve-wrap-jersey-top#Black,melbourne-stretch-cardigan#Navy,hard,0.38944540495284435
Perrie,the-short-sleeve-wrap-jersey-top#Black,waterfall-cardi-1#Navy,semi-hard,0.459965814618146
Perrie,the-short-sleeve-wrap-jersey-top#Black,belle-tier-tee#Blue,random,0.748912631236756
Perrie,the-short-sleeve-wrap-jersey-top#Blue,falling-for-you-cardi-1#GreyGarden,hard,0.35195530726256985
Perrie,the-short-sleeve-wrap-jersey-top#Blue,kimberly-spliced-top#Black,semi-hard,0.42719955884150196
Perrie,the-short-sleeve-wrap-jersey-top#Blue,the-printed-v-neck-tee#White,random,0.7292887395920289
Perrie,the-short-sleeve-wrap-jersey-top#Emerald,manhattan-stretch-tee#NavyWhtStr,hard,0.318277712096826
Perrie,the-short-sleeve-wrap-jersey-top#Emerald,belle-half-sleeve-boat-tee#White,semi-hard,0.48119749785350163
Perrie,the-short-sleeve-wrap-jersey-top#Emerald,the-flutter-sleeve-top#SnakePrint,random,0.5924570303302724
Perrie,the-short-sleeve-wrap-jersey-top#NavyWhite,the-relax-blouse#White,hard,0.3632679638482029
Perrie,the-short-sleeve-wrap-jersey-top#NavyWhite,layered-tunic-1#Natural,semi-hard,0.4475577301905904
Perrie,the-short-sleeve-wrap-jersey-top#NavyWhite,flow-with-me-slouch-top#Brick,random,1.0946729667947834
Perrie,vivid-dreams-blouse#Dusty%20Rose,henson-jumper#Cream,hard,0.2827269475394759
Perrie,vivid-dreams-blouse#Dusty%20Rose,spliced-stripe-tunic#Navy,semi-hard,0.4300130349933612
Perrie,vivid-dreams-blouse#Dusty%20Rose,the-stitch-v-neck-knit#PinkMarle,random,0.7043428486993962
Perrie,wildflower-shirt#White,belle-cowl-swing-sweater#Green,hard,0.37310794517703305
Perrie,wildflower-shirt#White,falling-for-you-tunic#Rust,semi-hard,0.5339443539065752
Perrie,wildflower-shirt#White,belle-poncho-sleeved-knit#BlueMarle,random,0.8018134027462751
Riina,agra-shirt#White,bamboo-layer-tank#Chalk,hard,0.28179869769308297
Riina,agra-shirt#White,ditzy-floral-ruffle-blouse#DitzyFlora,semi-hard,0.5010152837918549
Riina,agra-shirt#White,felicity-cardigan#Dewkist,random,0.6628225359911406
Riina,bora-bora-layered-tank#BoraBora,drapey-stripe-tee#Navy,hard,0.351252904643697
Riina,bora-bora-layered-tank#BoraBora,analia-jersey-top#Navy,semi-hard,0.4192635853335325
Riina,bora-bora-layered-tank#BoraBora,softly-swinging-bamboo-tee#Jewel,random,0.6362846224196499
Riina,jordan-top#PearlBlue,belle-cowl-swing-sweater#Black,hard,0.38792094003135613
Riina,jordan-top#PearlBlue,aigli-top#White,semi-hard,0.49822550767105905
Riina,jordan-top#PearlBlue,patchwork-tunic#Patchwork,random,0.6685119047619047
Riina,messina-v-neck-tee#Black,animal-button-up-shirt#KhakiPrint,hard,0.3863949133350754
Riina,messina-v-neck-tee#Black,belle-v-neck-forgiver-tunic#BlueMarle,semi-hard,0.5882434313057598
Riina,messina-v-neck-tee#Black,summer-breeze-top-1#White,random,0.7642158084163898
Riina,messina-v-neck-tee#White,roll-neck-jumper-3#GreyMarl,hard,0.36507869368024193
Riina,messina-v-neck-tee#White,ember-knit#EmberGlow,semi-hard,0.5231202172533502
Riina,messina-v-neck-tee#White,belle-lace-trim-tee#GreyMarle,random,0.8351735028836463
Riina,napoleon-top-1#NemoBlue,the-short-sleeve-wrap-jersey-top#Black,hard,0.3725580228825264
Riina,napoleon-top-1#NemoBlue,mauevewood-crew#Charcoal,semi-hard,0.5421902879913397
Riina,napoleon-top-1#NemoBlue,peasant-top-3#Denim,random,0.784277221994102
Riina,napoleon-top-1#NemoRed,wildflower-shirt#White,hard,0.3884095034342454
Riina,napoleon-top-1#NemoRed,maui-stretch-tee#White,semi-hard,0.42828418380678634
Riina,napoleon-top-1#NemoRed,the-v-split-blouse#Salmon,random,0.6035362773277589
Riina,neptune-top-1#PrimBlack,striped-cardigan-3#Rainbow,hard,0.36023741087759903
Riina,neptune-top-1#PrimBlack,the-half-sleeve-tee#Black,semi-hard,0.4298996614748591
Riina,neptune-top-1#PrimBlack,meredith-78-oversized-pullover-knit#WhiteCapGr,random,1.0498255813953488
Riina,paradise-cardi#MultiStrip,striped-cardigan-3#Rainbow,hard,0.36023741087759903
Riina,paradise-cardi#MultiStrip,natural-rolled-neck-tunic#BlueDam,semi-hard,0.4725302673983103
Riina,paradise-cardi#MultiStrip,sugar-snaps-layers-tank#Mint,random,0.6766392222554033
Riina,rory-spliced-zip-hoodie#Silver,belle-cowl-swing-sweater#Green,hard,0.38792094003135613
Riina,rory-spliced-zip-hoodie#Silver,coogee-shirt#White,semi-hard,0.4657642829146291
Riina,rory-spliced-zip-hoodie#Silver,the-drape-tee-1#Black,random,0.6564841290579467
Riina,rory-spliced-zip-hoodie#Slate,tutti-frutti-drop-shoulder-tee#Orange,hard,0.4064246985703087
Riina,rory-spliced-zip-hoodie#Slate,great-scot-merino-carcoat#Twilight,semi-hard,0.4583473977192131
Riina,rory-spliced-zip-hoodie#Slate,the-cross-over-printed-blouse#Leopard,random,0.689653011730561
Riina,selma-top-1#IndoStripe,falling-for-you-cardi#Navy,hard,0.33714285714285713
Riina,selma-top-1#IndoStripe,layer-me-bamboo-rouched-sleeve-tee#White,semi-hard,0.42956637402478626
Riina,selma-top-1#IndoStripe,prairie-romance-blouse#Blush,random,0.7901371598417262
Riina,soho-v-neck-blouse#SohoPrint,ricki-one-shoulder-top#BlackWhite,hard,0.33247847764007615
Riina,soho-v-neck-blouse#SohoPrint,spliced-lace-panel-tee#White,semi-hard,0.5192459591623427
Riina,soho-v-neck-blouse#SohoPrint,long-sleeve-softly-swinging-bamboo-tee#BlueJeans,random,0.6194913315633283
Riina,the-asymmetrical-hem-sweater#Blush,animal-button-up-shirt#KhakiPrint,hard,0.3863949133350754
Riina,the-asymmetrical-hem-sweater#Blush,geneva-v-neck-top#Black,semi-hard,0.5603801467020045
Riina,the-asymmetrical-hem-sweater#Blush,hem-frill-stripe-top#Frilled,random,0.6370099667774087
Riina,the-bamboo-tunic-dress#Khaki,monaco-knot-top#HeatheGrey,hard,0.22510934991974316
Riina,the-bamboo-tunic-dress#Khaki,silver-cross-sweater#Silver,semi-hard,0.4617674931875023
Riina,the-bamboo-tunic-dress#Khaki,the-button-up-swing-tunic#Wine,random,0.8307516611295681
Riina,the-bell-sleeve-top#BlkStripe,renee-sweater#Sapphire,hard,0.31342666299600586
Riina,the-bell-sleeve-top#BlkStripe,kimberly-spliced-top#Zebraprint,semi-hard,0.4418604417858076
Riina,the-bell-sleeve-top#BlkStripe,poncho-2#NavySilver,random,1.0372052078278398
Riina,the-bell-sleeve-top#Grey,mila-knit-cardigan#Clay,hard,0.31956038392623837
Riina,the-bell-sleeve-top#Grey,horizontal-cabel-pullover#EnglishRos,semi-hard,0.4790100181044459
Riina,the-bell-sleeve-top#Grey,softly-swinging-bamboo-tee#White,random,0.6362846224196499
Riina,the-blouson-sleeve-jumper#Grey,bubbles-print-tee#Cambridge,hard,0.39203229403859796
Riina,the-blouson-sleeve-jumper#Grey,alberta-stripe-top#IvoryStrip,semi-hard,0.5026289008548285
Riina,the-blouson-sleeve-jumper#Grey,triangle-detail-long-sleeve-tee#Bordeaux,random,0.6503781402814588
Riina,the-blouson-sleeve-jumper#Navy,the-batwing-tee#Sea,hard,0.4025548421615837
Riina,the-blouson-sleeve-jumper#Navy,heartmade-cardi#DustyRose,semi-hard,0.5018087181305759
Riina,the-blouson-sleeve-jumper#Navy,wonderlust-tee#BurntOran,random,0.7451082650528202
Riina,the-boat-neck-top-1#Ink,the-batwing-tee#Sea,hard,0.4025548421615837
Riina,the-boat-neck-top-1#Ink,the-tie-sleeve-blouse#Grey,semi-hard,0.5139750282298704
Riina,the-boat-neck-top-1#Ink,the-flutter-sleeve-top#Denim,random,0.6200370798959772
Riina,the-boat-neck-top-1#NavyWhite,hayley-button-down#NavySparro,hard,0.3747827466497443
Riina,the-boat-neck-top-1#NavyWhite,the-reversible-cowl-neck-top-1#Black,semi-hard,0.5011719304098697
Riina,the-boat-neck-top-1#NavyWhite,belle-tie-neck-blouse-tee#White,random,0.609677047948785
Riina,the-box-top#Blush,mila-knit-cardigan#StoneBlack,hard,0.31956038392623837
Riina,the-box-top#Blush,belle-half-sleeve-forgiver-tunic#FlamPink,semi-hard,0.5573408920172459
Riina,the-box-top#Blush,meredith-78-oversized-pullover-knit#WhiteCapGr,random,1.0498255813953488
Riina,the-box-top#Khaki,bubbles-print-tee#Cambridge,hard,0.39203229403859796
Riina,the-box-top#Khaki,adventurous-hoody#Pink,semi-hard,0.5724960104893799
Riina,the-box-top#Khaki,softly-swinging-bamboo-tee#Chambray,random,0.6362846224196499
Riina,the-check-pullover#PinkCheck,starry-night-cardi#Chalk,hard,0.34299003322259136
Riina,the-check-pullover#PinkCheck,fluid-tunic-top#White,semi-hard,0.46775580695434693
Riina,the-check-pullover#PinkCheck,leopard-print-kimono#GoldMulti,random,0.633354735152488
Riina,the-colour-block-pullover#Sage,forget-me-knot-tunic#ForgetMeK,hard,0.2055998147560566
Riina,the-colour-block-pullover#Sage,ruffle-hem-jersey-top#Pink,semi-hard,0.5161553832729852
Riina,the-colour-block-pullover#Sage,grace-oversized-knit#Clay,random,0.6961134934114749
Riina,the-contrast-knit-1#Navy,the-batwing-tee#Sea,hard,0.4025548421615837
Riina,the-contrast-knit-1#Navy,daisy-top-1#BrightBlue,semi-hard,0.524064191459181
Riina,the-contrast-knit-1#Navy,the-curve-striped-tank#Marine,random,0.716953647019299
Riina,the-contrast-knit-1#Sage,vivid-dreams-blouse#Dusty%20Rose,hard,0.3465931912352085
Riina,the-contrast-knit-1#Sage,long-sleeve-layer-top#Navy,semi-hard,0.5585416705550785
Riina,the-contrast-knit-1#Sage,softly-swinging-bamboo-tee#TeaRose,random,0.6362846224196499
Riina,the-contrast-panel-top#BlkStripe,multi-pattern-print-top#NavyMulti,hard,0.3981239384635485
Riina,the-contrast-panel-top#BlkStripe,belle-two-in-one-top#Charcoal,semi-hard,0.5094861930269887
Riina,the-contrast-panel-top#BlkStripe,long-sleeve-softly-swinging-bamboo-tee#Copper,random,0.6194913315633283
Riina,the-contrast-panel-top#SageStripe,belle-cowl-swing-sweater#Green,hard,0.38792094003135613
Riina,the-contrast-panel-top#SageStripe,rosie-bell-sleeve-denim-shirt#Stripe,semi-hard,0.4930730897009967
Riina,the-contrast-panel-top#SageStripe,milan-stretch-top#Navy,random,0.6198306324424203
Riina,the-contrast-trim-knit#BlackWhite,everyday-linen-tunic#BotanicalB,hard,0.3213489095337638
Riina,the-contrast-trim-knit#BlackWhite,the-reversible-cowl-neck-top-1#Black,semi-hard,0.5011719304098697
Riina,the-contrast-trim-knit#BlackWhite,the-define-flute-sleeve-blouse#White,random,0.6079477875713912
Riina,the-cosy-cardigan#Blue,roll-neck-jumper-3#GreyMarl,hard,0.36507869368024193
Riina,the-cosy-cardigan#Blue,maui-stretch-tee#Navy,semi-hard,0.42828418380678634
Riina,the-cosy-cardigan#Blue,belle-ls-free-fall-tee#Blush,random,0.7429665161073575
Riina,the-cosy-cardigan#Grey,millie-top#Blush,hard,0.4090822025831498
Riina,the-cosy-cardigan#Grey,jade-kimono-sweet-blossoms#Blue,semi-hard,0.5496599350479675
Riina,the-cosy-cardigan#Grey,the-cross-front-spot-blouse#NavySpot,random,0.8109355344077793
Riina,the-cotton-blend-stripe-jumper#BlueStripe,belle-cowl-swing-sweater#Green,hard,0.38792094003135613
Riina,the-cotton-blend-stripe-jumper#BlueStripe,the-lace-trim-top#Black,semi-hard,0.5693744945064516
Riina,the-cotton-blend-stripe-jumper#BlueStripe,long-sleeve-softly-swinging-bamboo-tee#Black,random,0.6194913315633283
Riina,the-cotton-cardi#Khaki,dream-girl-ruffle-jumper#SoftPink,hard,0.3059098067303744
Riina,the-cotton-cardi#Khaki,seeker-knot-front-shirt#Olive,semi-hard,0.4491959153010564
Riina,the-cotton-cardi#Khaki,long-sleeve-ruffle-shirt#Black,random,0.631860336798686
Riina,the-cotton-cardi#Navy,monaco-knot-top#HeatheGrey,hard,0.22510934991974316
Riina,the-cotton-cardi#Navy,sequin-cross-2-in-1-top#Khaki,semi-hard,0.45528004731419613
Riina,the-cotton-cardi#Navy,falling-for-you-top#Blue,random,0.7408736444996081
Riina,the-cross-over-poncho#Grey,falling-for-you-cardi-2#WinterRose,hard,0.33714285714285713
Riina,the-cross-over-poncho#Grey,belle-petal-print-top#Petal,semi-hard,0.5792505785956923
Riina,the-cross-over-poncho#Grey,sugar-snaps-throw-jacket#Duckegg,random,0.7999668707305236
Riina,the-cross-over-poncho#Navy,cara-tee-3#Mustard,hard,0.37554869769308297
Riina,the-cross-over-poncho#Navy,alberta-stripe-top#IvoryStrip,semi-hard,0.5026289008548285
Riina,the-cross-over-poncho#Navy,milan-stretch-top#NavyWhtStr,random,0.6198306324424203
Riina,the-daily-cross-over-top#PinkPrint,the-boat-neck-top#Navy,hard,0.36454234363918026
Riina,the-daily-cross-over-top#PinkPrint,ruffle-top-4#Black,semi-hard,0.4838690670611072
Riina,the-daily-cross-over-top#PinkPrint,the-cross-front-spot-blouse#NavySpot,random,0.8109355344077793
Riina,the-daily-cross-over-top#SkyBlue,layered-top-2#White,hard,0.38439781720109
Riina,the-daily-cross-over-top#SkyBlue,bo-cosy-cardigan#Blossom,semi-hard,0.47959373483519363
Riina,the-daily-cross-over-top#SkyBlue,cross-my-heart-bamboo-slouch-tee#White,random,0.9474492328940983
Riina,the-daily-essential-jumper#Grey,the-batwing-tee#Stone,hard,0.4025548421615837
Riina,the-daily-essential-jumper#Grey,adventurous-hoody#Pink,semi-hard,0.5724960104893799
Riina,the-daily-essential-jumper#Grey,open-plains-kimono-throw-1#Rust,random,1.1062845057672925
Riina,the-dobby-sleeve-tee#InkBlue,the-cotton-bamboo-tee#White,hard,0.3185337265295457
Riina,the-dobby-sleeve-tee#InkBlue,floral-blouse-2#NavyMulti,semi-hard,0.49385813673522716
Riina,the-dobby-sleeve-tee#InkBlue,sugar-snaps-round-neck-layer-tank#DuckEgg,random,0.7170515183470827
Riina,the-dobby-sleeve-tee#White,cara-tee-4#White,hard,0.3741201262645116
Riina,the-dobby-sleeve-tee#White,wellington-tee#HeatheGrey,semi-hard,0.5762901050804434
Riina,the-dobby-sleeve-tee#White,the-swing-tank-top#Rose,random,0.775621792060174
Riina,the-double-layer-top#Black,ynes#Black,hard,0.3142919201911232
Riina,the-double-layer-top#Black,the-wrap-jersey-top#PortSpot,semi-hard,0.44505405670237785
Riina,the-double-layer-top#Black,moonlight-kisses-bamboo-tee#Black,random,0.6226441181548397
Riina,the-double-layer-top#White,cara-tee-2#Blush,hard,0.33508131446986944
Riina,the-double-layer-top#White,maui-stretch-tee#White,semi-hard,0.42828418380678634
Riina,the-double-layer-top#White,softly-swinging-bamboo-singlet#BlueJean,random,0.6075135491713016
Riina,the-essential-layering-tee#Ink,cara-tee-4#White,hard,0.3741201262645116
Riina,the-essential-layering-tee#Ink,the-french-cuff-shirt#White,semi-hard,0.5768329993187502
Riina,the-essential-layering-tee#Ink,meredith-78-oversized-pullover-knit#CameoRose,random,1.0498255813953488
Riina,the-essential-layering-tee#White,starry-night-cardi#Chalk,hard,0.34299003322259136
Riina,the-essential-layering-tee#White,collared-shirt-1#White,semi-hard,0.4461424931875023
Riina,the-essential-layering-tee#White,clio-knit-jumper#StoneBlack,random,0.6713344407530454
Riina,the-essential-pullover#DustyPeach,york-linen-blend-top#BurntOrang,hard,0.38547400518869684
Riina,the-essential-pullover#DustyPeach,curve-hem-cable-knit-sweater-1#Sapphire,semi-hard,0.42692647479686935
Riina,the-essential-pullover#DustyPeach,belle-tie-neck-blouse-tee#RoyalBlue,random,0.609677047948785
Riina,the-essential-pullover#SkyBlue,melbourne-stretch-cardigan#Black,hard,0.40348764301579004
Riina,the-essential-pullover#SkyBlue,heart-spliced-top#Navy,semi-hard,0.556739100003733
Riina,the-essential-pullover#SkyBlue,the-stripe-crossover-blouse#Bluestripe,random,0.6404651162790698
Riina,the-fleck-roll-neck-knit#Oatmeal,the-batwing-tee#Sea,hard,0.4025548421615837
Riina,the-fleck-roll-neck-knit#Oatmeal,multi-sequin-dot-stripe-top#Navy,semi-hard,0.4486110437119713
Riina,the-fleck-roll-neck-knit#Oatmeal,the-cotton-bamboo-tank#White,random,0.6357880799955206
Riina,the-high-low-drape-tee#Grey,falling-for-you-cardi#Khaki,hard,0.33714285714285713
Riina,the-high-low-drape-tee#Grey,walk-in-the-park-cardi#Sand,semi-hard,0.5583028792912513
Riina,the-high-low-drape-tee#Grey,the-drape-tee-1#Navy,random,0.6564841290579467
Riina,the-high-low-drape-tee#Sage,bamboo-layer-tank#Chalk,hard,0.28179869769308297
Riina,the-high-low-drape-tee#Sage,tie-back-bell-sleeve-top-5#Summerbud,semi-hard,0.5188753312926948
Riina,the-high-low-drape-tee#Sage,relaxed-top-1#FloraStrip,random,0.6053820598006645
Riina,the-layered-cross-over-top#Black,stara-cardigan#GreyMarle,hard,0.35243918523772194
Riina,the-layered-cross-over-top#Black,stripe-me-happy-blouse#Ash,semi-hard,0.5850830564784053
Riina,the-layered-cross-over-top#Black,je-taime-knit#Navy,random,0.6336530618910747
Riina,the-layered-cross-over-top#Navy,forget-me-knot-tunic#ForgetMeK,hard,0.2055998147560566
Riina,the-layered-cross-over-top#Navy,the-half-sleeve-tee#Black,semi-hard,0.4298996614748591
Riina,the-layered-cross-over-top#Navy,meredith-78-oversized-pullover-knit#WhiteCapGr,random,1.0498255813953488
Riina,the-linen-tie-sleeve-top#GreyMarle,natural-classic-cardigan#Pebble,hard,0.2971876516480645
Riina,the-linen-tie-sleeve-top#GreyMarle,elcos-45-aop-top-jrs#BlackFlowe,semi-hard,0.45560115625816566
Riina,the-linen-tie-sleeve-top#GreyMarle,grace-oversized-knit#Black,random,0.6961134934114749
Riina,the-longline-cardi-1#GreyMarle,double-layered-top-1#WSilver,hard,0.38287293758632274
Riina,the-longline-cardi-1#GreyMarle,off-shoulder-top-2#FloraLace,semi-hard,0.5407308970099668
Riina,the-longline-cardi-1#GreyMarle,falling-for-you-top#Blue,random,0.7408736444996081
Riina,the-longline-cardi-1#Nude,paige-top#Black,hard,0.27261973975636766
Riina,the-longline-cardi-1#Nude,geneva-v-neck-top#Black,semi-hard,0.5603801467020045
Riina,the-longline-cardi-1#Nude,the-asymmetrical-tank-top#HotPink,random,0.6855934747004367
Riina,the-longline-waterfall-cardi#Black,the-short-sleeve-wrap-jersey-top#Emerald,hard,0.3725580228825264
Riina,the-longline-waterfall-cardi#Black,kimono-and-me-cardi#Sand,semi-hard,0.5520213695453358
Riina,the-longline-waterfall-cardi#Black,crosses-jumper#xmyheart,random,0.5925616235519554
Riina,the-luxe-long-sleeve-tee#GreyMarle,pure-merino-fine-rib-polo#BlackStri,hard,0.2356079920863041
Riina,the-luxe-long-sleeve-tee#GreyMarle,rib-tank-2#White,semi-hard,0.432423394396954
Riina,the-luxe-long-sleeve-tee#GreyMarle,the-swing-tank-top#Rose,random,0.775621792060174
Riina,the-midi-waterfall-cardi#BlueMarle,melbourne-stretch-cardigan#Black,hard,0.40348764301579004
Riina,the-midi-waterfall-cardi#BlueMarle,the-wrap-jersey-top#NavyWhite,semi-hard,0.44505405670237785
Riina,the-midi-waterfall-cardi#BlueMarle,long-sleeve-softly-swinging-bamboo-tee#Storm,random,0.6194913315633283
Riina,the-multi-stripe-cardi#Stripe,bubbles-print-tee#Cambridge,hard,0.39203229403859796
Riina,the-multi-stripe-cardi#Stripe,chasing-birds-blouse#White,semi-hard,0.5588704318936877
Riina,the-multi-stripe-cardi#Stripe,batty-about-you-cotton-tee#BlkWhite,random,0.7042538798574041
Riina,the-oversize-knit#GreyMarle,hydrangea-kimono#Hydrangea,hard,0.40724252491694357
Riina,the-oversize-knit#GreyMarle,heartmade-sweater#Rust,semi-hard,0.5222397252603681
Riina,the-oversize-knit#GreyMarle,meera-oversized-shirt#Mint,random,0.6640587554593304
Riina,the-oversize-knit#Ink,overlay-tunic-3-pce-set#Emerald,hard,0.28078259733472694
Riina,the-oversize-knit#Ink,fundamental-rib-long-sleeve-tee#Black,semi-hard,0.482069856097652
Riina,the-oversize-knit#Ink,the-on-or-off-the-shoulder-top#Pink,random,0.8287170107133526
Riina,the-panel-hem-top#DenimMarle,belle-cowl-swing-sweater#Black,hard,0.38792094003135613
Riina,the-panel-hem-top#DenimMarle,the-frill-wrap-blouse#Spot,semi-hard,0.4806732882433088
Riina,the-panel-hem-top#DenimMarle,print-tee-3#Boats,random,0.8979142169671631
Riina,the-panel-hem-top#Khaki,falling-for-you-cardi#Navy,hard,0.33714285714285713
Riina,the-panel-hem-top#Khaki,capri-tank-3#NavyStripe,semi-hard,0.4207884649482997
Riina,the-panel-hem-top#Khaki,belle-polka-dot-blouse#WhiteSpot,random,0.8180671579286274
Riina,the-panel-luxe-top#BlkWhite,the-batwing-tee#Black,hard,0.4025548421615837
Riina,the-panel-luxe-top#BlkWhite,sequin-cross-2-in-1-top#Navy,semi-hard,0.45528004731419613
Riina,the-panel-luxe-top#BlkWhite,sugar-snaps-layers-tank#PeachyKeen,random,0.6766392222554033
Riina,the-panel-luxe-top#SilvWhite,the-batwing-tee#FrenchBlue,hard,0.4025548421615837
Riina,the-panel-luxe-top#SilvWhite,layer-me-bamboo-rouched-sleeve-tee#Copper,semi-hard,0.42956637402478626
Riina,the-panel-luxe-top#SilvWhite,sadie-crew#GreyMarle,random,0.6218457824729056
Riina,the-relaxed-batwing-top#Denim%20Blue,monaco-knot-top#Olive,hard,0.22510934991974316
Riina,the-relaxed-batwing-top#Denim%20Blue,the-sleeve-detail-knit#Ivory,semi-hard,0.575218715393134
Riina,the-relaxed-batwing-top#Denim%20Blue,2-in-1-layered-knit-top#Navy,random,0.6162679411325545
Riina,the-relaxed-batwing-top#PeachRose,manhattan-stretch-tee#Black,hard,0.33190850255701965
Riina,the-relaxed-batwing-top#PeachRose,long-sleeve-layer-top#White,semi-hard,0.5585416705550785
Riina,the-relaxed-batwing-top#PeachRose,belle-polka-dot-blouse#WhiteSpot,random,0.8180671579286274
Riina,the-relaxed-long-sleeve-tee#Black,born-to-run-shirt-jacket#Leopard,hard,0.3675399184366718
Riina,the-relaxed-long-sleeve-tee#Black,analia-jersey-top#Black,semi-hard,0.4192635853335325
Riina,the-relaxed-long-sleeve-tee#Black,belle-flocked-tunic#White,random,0.932026817210422
Riina,the-relaxed-long-sleeve-tee#Khaki,aztec-cardigan#BlackIvory,hard,0.3541255914274516
Riina,the-relaxed-long-sleeve-tee#Khaki,natural-extra-fine-sweater#Snowgum,semi-hard,0.4127313449550189
Riina,the-relaxed-long-sleeve-tee#Khaki,beach-walk-shirt#Khaki,random,0.760797342192691
Riina,the-relaxed-long-sleeve-tee#Navy,falling-for-you-cardi#Black,hard,0.33714285714285713
Riina,the-relaxed-long-sleeve-tee#Navy,border-stripe-knit#WhitePink,semi-hard,0.46120454057635596
Riina,the-relaxed-long-sleeve-tee#Navy,relaxed-top-1#FloraStrip,random,0.6053820598006645
Riina,the-relaxed-long-sleeve-tee#Pink,glasgow-top#Melange,hard,0.25332418390010825
Riina,the-relaxed-long-sleeve-tee#Pink,wellington-tee#ClaySpot,semi-hard,0.5762901050804434
Riina,the-relaxed-long-sleeve-tee#Pink,the-cotton-tie-detail-top#Ivory,random,0.6481699928142148
Riina,the-relaxed-long-sleeve-tee#White,falling-for-you-cardi#Khaki,hard,0.33714285714285713
Riina,the-relaxed-long-sleeve-tee#White,heartmade-cardi#DustyRose,semi-hard,0.5018087181305759
Riina,the-relaxed-long-sleeve-tee#White,the-drape-tee-1#Navy,random,0.6564841290579467
Riina,the-relaxed-long-sleeve-tee-1#Ink%20Stripe,holly-rib-long-sleeve-tee#WhiteGrey,hard,0.25150732343499194
Riina,the-relaxed-long-sleeve-tee-1#Ink%20Stripe,llama-long-sleeve-shirt#Mustard,semi-hard,0.5534399224806202
Riina,the-relaxed-long-sleeve-tee-1#Ink%20Stripe,long-sleeve-softly-swinging-bamboo-tee#Black,random,0.6194913315633283
Riina,the-reverse-sleeve-sweater#Navy,the-boat-neck-top#Navy,hard,0.36454234363918026
Riina,the-reverse-sleeve-sweater#Navy,not-today-buttoned-cardigan#Almond,semi-hard,0.5084440753045404
Riina,the-reverse-sleeve-sweater#Navy,long-sleeve-softly-swinging-bamboo-tee#Smoke,random,0.6194913315633283
Riina,the-roll-neck-sweater#Natural,the-boat-neck-top#Black,hard,0.36454234363918026
Riina,the-roll-neck-sweater#Natural,the-wrap-jersey-top#Charcoal,semi-hard,0.44505405670237785
Riina,the-roll-neck-sweater#Natural,the-stitch-detail-top#SkyBlue,random,0.7422524986934936
Riina,the-ruffle-sleeve-sweat#KhakiMarle,gloria-applique-crew#Charcoal,hard,0.38365348183956105
Riina,the-ruffle-sleeve-sweat#KhakiMarle,silver-cross-sweater#Silver,semi-hard,0.4617674931875023
Riina,the-ruffle-sleeve-sweat#KhakiMarle,belle-deep-v-mesh-top#Black,random,0.728881525532868
Riina,the-shoulder-tie-top#Black,merino-boyfriend-cardigan#MelangeStr,hard,0.3595567210422188
Riina,the-shoulder-tie-top#Black,cooks-shirt#Stripes,semi-hard,0.4568191585165553
Riina,the-shoulder-tie-top#Black,falling-for-you-top#Blue,random,0.7408736444996081
Riina,the-shoulder-tie-top#Navy,holly-rib-long-sleeve-tee#Black,hard,0.25150732343499194
Riina,the-shoulder-tie-top#Navy,jewel-knit#GreyMarle,semi-hard,0.5225791836201426
Riina,the-shoulder-tie-top#Navy,cross-over-top-with-pocket#Emerald,random,0.6361039629138826
Riina,the-shoulder-tie-top#White,layered-top-2#White,hard,0.38439781720109
Riina,the-shoulder-tie-top#White,freya-fringe-blouse#Navy,semi-hard,0.45516597297398187
Riina,the-shoulder-tie-top#White,belle-tie-neck-blouse-tee#RoyalBlue,random,0.609677047948785
Riina,the-soft-knit-jumper#NavyStripe,sequin-spot-cardi#Grey,hard,0.41185708219791706
Riina,the-soft-knit-jumper#NavyStripe,fundamental-sydney-crew#Navy,semi-hard,0.5257066916458248
Riina,the-soft-knit-jumper#NavyStripe,the-printed-v-neck-tee#White,random,0.7320217331118494
Riina,the-soft-knit-jumper#PinkStripe,ynes#Black,hard,0.3142919201911232
Riina,the-soft-knit-jumper#PinkStripe,layered-tee-2#Black,semi-hard,0.49700726044271903
Riina,the-soft-knit-jumper#PinkStripe,the-cross-over-blouse#Red,random,0.6504762449139573
Riina,the-spotted-tunic#GreySpot,faith-jumper#Eventide,hard,0.3093332617865542
Riina,the-spotted-tunic#GreySpot,the-long-sleeve-scoop-neck-tee#Grey,semi-hard,0.489202657807309
Riina,the-spotted-tunic#GreySpot,zara-top#ZebraPrint,random,0.6547388503676883
Riina,the-spotted-tunic#NavySpot,bamboo-layer-tank#Black,hard,0.28179869769308297
Riina,the-spotted-tunic#NavySpot,long-sleeve-layer-top#White,semi-hard,0.5585416705550785
Riina,the-spotted-tunic#NavySpot,long-sleeve-softly-swinging-bamboo-tee#Navy,random,0.6194913315633283
Riina,the-stitch-v-neck-knit#DenimMarle,merino-boyfriend-cardigan#MelangeStr,hard,0.3595567210422188
Riina,the-stitch-v-neck-knit#DenimMarle,maui-stretch-tee#Navy,semi-hard,0.42828418380678634
Riina,the-stitch-v-neck-knit#DenimMarle,lavaux-bell-sleeve#Mustard,random,1.0282743733435367
Riina,the-stitch-v-neck-knit#PinkMarle,the-long-sleeve-v-neck-tee#Navy,hard,0.32443091147485903
Riina,the-stitch-v-neck-knit#PinkMarle,long-sleeve-layer-top#White,semi-hard,0.5585416705550785
Riina,the-stitch-v-neck-knit#PinkMarle,the-stitch-detail-top#Pink,random,0.7422524986934936
Riina,the-stripe-jersey-top#Blue,bamboo-layer-tank#Black,hard,0.28179869769308297
Riina,the-stripe-jersey-top#Blue,layered-tunic-1#Natural,semi-hard,0.4642034977042816
Riina,the-stripe-jersey-top#Blue,rama-top#Stonewash,random,0.8043268692373735
Riina,the-stripe-jersey-top#Pink,merino-boyfriend-cardigan#MelangeStr,hard,0.3595567210422188
Riina,the-stripe-jersey-top#Pink,frill-sleeve-top-1#LeafPrint,semi-hard,0.47948368500130656
Riina,the-stripe-jersey-top#Pink,bodega-knit#Moss,random,0.8668624715368248
Riina,the-tie-detail-hoody#FrenchBlue,cara-tee-4#White,hard,0.3741201262645116
Riina,the-tie-detail-hoody#FrenchBlue,the-wrap-jersey-top#Charcoal,semi-hard,0.44505405670237785
Riina,the-tie-detail-hoody#FrenchBlue,the-cross-over-blouse#RoyalBlue,random,0.6504762449139573
Riina,the-tie-detail-hoody#Pink,manhattan-stretch-tee#Navy,hard,0.33190850255701965
Riina,the-tie-detail-hoody#Pink,natural-textured-poncho#Deeprain,semi-hard,0.5657142857142857
Riina,the-tie-detail-hoody#Pink,natural-pattern-cocoon-cardigan#Blossom,random,0.6954272275934152
Riina,the-tie-front-tank#Navy,hydrangea-kimono#Hydrangea,hard,0.40724252491694357
Riina,the-tie-front-tank#Navy,soho-ruffle-jumper#OatmealMar,semi-hard,0.4122602677404905
Riina,the-tie-front-tank#Navy,long-sleeve-softly-swinging-bamboo-tee#Fern,random,0.6194913315633283
Riina,the-tie-front-tank#White,the-short-sleeve-wrap-jersey-top#Emerald,hard,0.3725580228825264
Riina,the-tie-front-tank#White,natural-detailed-sweater#Tinroof,semi-hard,0.5132658927171599
Riina,the-tie-front-tank#White,blue-waters-cotton-blouse#White,random,0.617731992375602
Riina,the-tie-layering-knit#Grey,paige-top#Black,hard,0.27261973975636766
Riina,the-tie-layering-knit#Grey,printed-v-neck-top#Striped,semi-hard,0.5767300011198626
Riina,the-tie-layering-knit#Grey,off-shoulder-top-1#Strawberry,random,0.6495985603543744
Riina,the-twist-hem-jumper#DenimMarle,nova-lux-long-sleeve-tie-top-1#NightSky,hard,0.408986197693083
Riina,the-twist-hem-jumper#DenimMarle,off-shoulder-top-2#FloraLace,semi-hard,0.5407308970099668
Riina,the-twist-hem-jumper#DenimMarle,the-roll-neck-sleeveless-top-1#Black,random,0.6422542659767069
Riina,the-v-neck-stripe-top#BlkStripe,meadow-cardigan#Cream,hard,0.34785326999888017
Riina,the-v-neck-stripe-top#BlkStripe,foil-print-top-2#Navy,semi-hard,0.487517136231289
Riina,the-v-neck-stripe-top#BlkStripe,the-on-or-off-the-shoulder-top#FrenchNavy,random,0.8287170107133526
Riina,the-weekender-shirt#DenimStrip,wonderland-blouse#Ink,hard,0.3744347804447099
Riina,the-weekender-shirt#DenimStrip,lola-bell-sleeve-top-entangled-vines#Gold,semi-hard,0.5539303445444026
Riina,the-weekender-shirt#DenimStrip,abigail-stripe-shirt#BlackStrip,random,0.6791489044010601
Riina,the-weekender-shirt#GreyStripe,saba-top-2#Catus,hard,0.382965886184628
Riina,the-weekender-shirt#GreyStripe,cotton-stripe-cardi-with-pockets#White,semi-hard,0.5809886053977379
Riina,the-weekender-shirt#GreyStripe,the-crossover-button-blouse-1#Ornate,random,0.6866777408637874
Riina,the-wrap-jersey-top-1#NavyStripe,melbourne-stretch-cardigan#Black,hard,0.40348764301579004
Riina,the-wrap-jersey-top-1#NavyStripe,rosie-bell-sleeve-denim-shirt#Stripe,semi-hard,0.4930730897009967
Riina,the-wrap-jersey-top-1#NavyStripe,the-cross-front-spot-blouse#Spot,random,0.8109355344077793
Riina,the-zip-detail-jacket#Grey,square-nk-fray-trim-top#Denim,hard,0.41051779648363135
Riina,the-zip-detail-jacket#Grey,willow-knot-top#WhiteBlk,semi-hard,0.49302842351338233
Riina,the-zip-detail-jacket#Grey,longline-gather-back-shirt#Black,random,0.7363900294897159
Riina,the-zip-front-blouse#Khaki,geena-xo-ls-pullover-knit#Allure,hard,0.357168631481205
Riina,the-zip-front-blouse#Khaki,the-lace-trim-top#Black,semi-hard,0.5693744945064516
Riina,the-zip-front-blouse#Khaki,long-sleeve-softly-swinging-bamboo-tee#White,random,0.6194913315633283
Riina,the-zip-front-blouse#Navy,animal-button-up-shirt#KhakiPrint,hard,0.3863949133350754
Riina,the-zip-front-blouse#Navy,long-sleeve-layer-top#White,semi-hard,0.5585416705550785
Riina,the-zip-front-blouse#Navy,softly-swinging-bamboo-tee#Blush,random,0.6362846224196499
Riina,the-zip-front-top#Blue,falling-for-you-cardi#Khaki,hard,0.33714285714285713
Riina,the-zip-front-top#Blue,wellington-tee#ClaySpot,semi-hard,0.5762901050804434
Riina,the-zip-front-top#Blue,the-stitch-detail-top#SkyBlue,random,0.7422524986934936
Riina,the-zip-front-top#Rose,double-layered-top-1#WBlack,hard,0.38287293758632274
Riina,the-zip-front-top#Rose,cooks-shirt#Stripes,semi-hard,0.4568191585165553
Riina,the-zip-front-top#Rose,paradise-top#Red,random,0.6143964562569213
Riina,york-linen-blend-long-cardigan#BurntOrang,the-batwing-tee#Sea,hard,0.4025548421615837
Riina,york-linen-blend-long-cardigan#BurntOrang,layer-me-bamboo-rouched-sleeve-tee#Fern,semi-hard,0.42956637402478626
Riina,york-linen-blend-long-cardigan#BurntOrang,softly-falling-bamboo-tunic#White,random,0.6786847680017918
Rosaline,batty-about-you-cotton-tee#BlkWhite,napoleon-top-1#NemoRed,hard,0.2707888295505118
Rosaline,batty-about-you-cotton-tee#BlkWhite,the-printed-side-ring-detail-blouse#Block,semi-hard,0.34811345683133066
Rosaline,batty-about-you-cotton-tee#BlkWhite,belle-deep-v-mesh-top#Black,random,0.5197185135736537
Rosaline,great-scot-merino-carcoat#Twilight,dusk-top#DuskPrint,hard,0.23811053627058298
Rosaline,great-scot-merino-carcoat#Twilight,the-frill-wrap-blouse#Spot,semi-hard,0.3075617489986649
Rosaline,great-scot-merino-carcoat#Twilight,the-weekender-shirt#GreyStripe,random,0.42349948078920036
Rosaline,roll-with-me-jumper#Chalk,back-to-you-top#BlackMagic,hard,0.2285291499777481
Rosaline,roll-with-me-jumper#Chalk,long-sleeve-layer-top#Navy,semi-hard,0.3690954606141522
Rosaline,roll-with-me-jumper#Chalk,the-cross-over-top#NavyStripe,random,0.5442857142857144
Rosaline,the-fleck-roll-neck-knit#Oatmeal,the-short-sleeve-wrap-jersey-top#Emerald,hard,0.22770861148197596
Rosaline,the-fleck-roll-neck-knit#Oatmeal,frill-blouse#Rust,semi-hard,0.32879645082332
Rosaline,the-fleck-roll-neck-knit#Oatmeal,relaxed-animal-print-blouse#Leopard,random,0.512446966325471
Shadae,capri-tank-6#ClaySpot,melbourne-stretch-cardigan#NavyWhtStr,hard,0.38703729918747654
Shadae,capri-tank-6#ClaySpot,off-shoulder-top-2#FloraLace,semi-hard,0.5426356589147286
Shadae,capri-tank-6#ClaySpot,love-song-relaxed-blouse#SagePearl,random,0.6853935710853329
Shadae,capri-tank-6#HeatheGrey,lake-house-top#CoalPrint,hard,0.33906177254620296
Shadae,capri-tank-6#HeatheGrey,daisy-top-1#BrightBlue,semi-hard,0.5037755241736321
Shadae,capri-tank-6#HeatheGrey,long-sleeve-softly-swinging-bamboo-tee#Fern,random,0.5969818842306032
Shadae,capri-tank-6#Olive,melbourne-stretch-cardigan#NavyWhtStr,hard,0.38703729918747654
Shadae,capri-tank-6#Olive,the-contrast-trim-knit#BlackWhite,semi-hard,0.5093942977269741
Shadae,capri-tank-6#Olive,the-sleeveless-cross-over-blouse#Salmon,random,0.5941874608114261
Shadae,clio-knit-jumper#Black,falling-for-you-cardi#Port,hard,0.3446327683615819
Shadae,clio-knit-jumper#Black,ruffle-hem-jersey-top#Pink,semi-hard,0.4960445545782558
Shadae,clio-knit-jumper#Black,the-cotton-bamboo-tank#Chambray,random,0.6130574687433181
Shadae,clio-knit-jumper#Clay,animal-button-up-shirt#KhakiPrint,hard,0.37835300074164874
Shadae,clio-knit-jumper#Clay,llama-long-sleeve-shirt#Mustard,semi-hard,0.5369540895752958
Shadae,clio-knit-jumper#Clay,the-sleeveless-cross-over-blouse#Black,random,0.5941874608114261
Shadae,clio-knit-jumper#InkWhite,millie-top#Moss,hard,0.39150335277651005
Shadae,clio-knit-jumper#InkWhite,boho-embroidered-top#BohoDenim,semi-hard,0.4567180946763131
Shadae,clio-knit-jumper#InkWhite,the-zip-front-blouse#Navy,random,0.7420201223906387
Shadae,clio-knit-jumper#StoneBlack,bubbles-print-tee#Cambridge,hard,0.374700388299127
Shadae,clio-knit-jumper#StoneBlack,on-safari-blouse#Jewel,semi-hard,0.5480225988700564
Shadae,clio-knit-jumper#StoneBlack,pattern-tunic-1#Lattice,random,1.0467379815034525
Shadae,ember-knit#EmberGlow,pulkari-emb-top#Pulkari,hard,0.3560103344297274
Shadae,ember-knit#EmberGlow,the-reversible-cowl-neck-top-1#Black,semi-hard,0.4823484720508765
Shadae,ember-knit#EmberGlow,the-longline-waterfall-cardi#Black,random,0.783339421494723
Shadae,fundamental-rib-long-sleeve-tee#Black,reversible-stripe-vee-scoop-neck-tank#BlackWhite,hard,0.38796481405862565
Shadae,fundamental-rib-long-sleeve-tee#Black,belle-longline-white-shirt#White,semi-hard,0.5733791566467956
Shadae,fundamental-rib-long-sleeve-tee#Black,love-song-relaxed-blouse#SagePearl,random,0.6853935710853329
Shadae,fundamental-rib-long-sleeve-tee#White,roll-neck-jumper-3#GreyMarl,hard,0.34816563019164515
Shadae,fundamental-rib-long-sleeve-tee#White,belle-v-neck-forgiver-tunic#Black,semi-hard,0.5671111505758727
Shadae,fundamental-rib-long-sleeve-tee#White,the-bell-sleeve-top#Grey,random,0.7186508363094882
Shadae,fundamental-split-hoodie#Navy,the-short-sleeve-wrap-jersey-top#Black,hard,0.35626710695689806
Shadae,fundamental-split-hoodie#Navy,collared-shirt-1#White,semi-hard,0.4278593565152493
Shadae,fundamental-split-hoodie#Navy,the-stitch-detail-top#SkyBlue,random,0.71868197168749
Shadae,fundamental-split-hoodie#Pink,layered-top-2#Navy,hard,0.3668351094444906
Shadae,fundamental-split-hoodie#Pink,tia-boyfriend-shirt#White,semi-hard,0.45904763676738447
Shadae,fundamental-split-hoodie#Pink,partly-cloudy-knit#Black,random,0.7291798553130836
Shadae,fundamental-stripe-long-sleeve-tee#WhiteBlack,daylight-cardi#Silver,hard,0.40416750507408766
Shadae,fundamental-stripe-long-sleeve-tee#WhiteBlack,shell-top-3#PapBlue,semi-hard,0.5475557814935033
Shadae,fundamental-stripe-long-sleeve-tee#WhiteBlack,belle-paint-brush-print-top#PaintPrint,random,0.8437658780583495
Shadae,fundamental-vee-tee#Black,soho-ruffle-jumper#OatmealMar,hard,0.40593183586876924
Shadae,fundamental-vee-tee#Black,neptune-top-1#PrimBlack,semi-hard,0.45435828131925887
Shadae,fundamental-vee-tee#Black,oversize-contrast-hood-top#Steel,random,0.8565031572028025
Shadae,fundamental-vee-tee#GreyMarle,capri-tank-3#White,hard,0.4026775025001277
Shadae,fundamental-vee-tee#GreyMarle,spliced-stripe-tunic#Navy,semi-hard,0.42766266711871753
Shadae,fundamental-vee-tee#GreyMarle,the-asymmetrical-tank-top#Indigo,random,0.6624474428475218
Shadae,fundamental-vee-tee#Navy,born-to-run-shirt-jacket#Leopard,hard,0.3508386568102768
Shadae,fundamental-vee-tee#Navy,floral-blouse-2#NavyMulti,semi-hard,0.473767987366726
Shadae,fundamental-vee-tee#Navy,sugar-snaps-round-neck-layer-tank#DuckEgg,random,0.692831623113452
Shadae,fundamental-vee-tee#Pink,back-to-you-top#Rust,hard,0.25940328886722264
Shadae,fundamental-vee-tee#Pink,maui-stretch-tee#Navy,semi-hard,0.41205926513376256
Shadae,fundamental-vee-tee#Pink,the-drape-tee-1#NavyStripe,random,0.6464489174382749
Shadae,fundamental-vee-tee#White,millie-top#WhiteBlk,hard,0.39150335277651005
Shadae,fundamental-vee-tee#White,messina-v-neck-tee#White,semi-hard,0.4941690158481644
Shadae,fundamental-vee-tee#White,the-check-pullover#PinkCheck,random,1.0614688819261149
Shadae,monaco-knot-top#Black,hayley-button-down#NavySparro,hard,0.35781699577521414
Shadae,monaco-knot-top#Black,art-deco-print-top#NavyWhite,semi-hard,0.4614731773285183
Shadae,monaco-knot-top#Black,lurex-stitch-top#White,random,0.6176897927981886
Shadae,monaco-knot-top#ClaySpot,the-cotton-bamboo-tee#DuckEgg,hard,0.3018650479726554
Shadae,monaco-knot-top#ClaySpot,belle-v-neck-forgiver-tunic#Black,semi-hard,0.5671111505758727
Shadae,monaco-knot-top#ClaySpot,belle-flocked-tunic#White,random,0.9045902199232905
Shadae,monaco-knot-top#HeatheGrey,wonderland-blouse#Ink,hard,0.3661776405174119
Shadae,monaco-knot-top#HeatheGrey,the-reversible-cowl-neck-top-1#White,semi-hard,0.4823484720508765
Shadae,monaco-knot-top#HeatheGrey,sugar-snaps-layers-tank#NewBeige,random,0.6535144332739917
Shadae,monaco-knot-top#Olive,eco-78-long-cardigan#LightGreyM,hard,0.3181910718371105
Shadae,monaco-knot-top#Olive,natural-overlay-knit#Greybloss,semi-hard,0.5601402057846677
Shadae,monaco-knot-top#Olive,long-sleeve-softly-swinging-bamboo-tee#Combat,random,0.5969818842306032
Shadae,not-today-buttoned-cardigan#Almond,rika-top#BatikTile,hard,0.2823515336325742
Shadae,not-today-buttoned-cardigan#Almond,print-shirt-1#Blush,semi-hard,0.5644391740174161
Shadae,not-today-buttoned-cardigan#Almond,softly-swinging-bamboo-tee#TeaRose,random,0.6131983080642915
Shadae,rib-tank-2#Black,paige-top#Black,hard,0.28348124524711044
Shadae,rib-tank-2#Black,maui-stretch-tee#White,semi-hard,0.41205926513376256
Shadae,rib-tank-2#Black,jersey-split-back-hooded-top#NavyStrip,random,0.7138730078225545
Shadae,rib-tank-2#Khaki,arlo-cardigan#Navy,hard,0.3628037971751019
Shadae,rib-tank-2#Khaki,border-stripe-knit#WhitePink,semi-hard,0.4424315009652022
Shadae,rib-tank-2#Khaki,contrast-pocket-tunic#Pinkpocket,random,0.8162667271851348
Shadae,rib-tank-2#Mustard,eco-78-long-cardigan#DarkGreyM,hard,0.3181910718371105
Shadae,rib-tank-2#Mustard,the-reversible-cowl-neck-top-1#White,semi-hard,0.4823484720508765
Shadae,rib-tank-2#Mustard,the-stripe-button-through-top#Coral,random,0.7368405474436219
Shadae,rib-tank-2#Navy,leah-knit-cardigan#WhiteBlk,hard,0.3238529306720083
Shadae,rib-tank-2#Navy,multi-stripe-jumper#NavyMulti,semi-hard,0.5484714667804932
Shadae,rib-tank-2#Navy,beloved-stripe-pull-over-hoodie#NavyWhite,random,0.5981573281533865
Shadae,rib-tank-2#Red,manhattan-stretch-tee#Black,hard,0.31564703854810283
Shadae,rib-tank-2#Red,the-twist-hem-jumper#DenimMarle,semi-hard,0.5433919866320339
Shadae,rib-tank-2#Red,softly-swinging-bamboo-tee#Copper,random,0.6131983080642915
Shadae,rib-tank-2#White,cara-tee-4#White,hard,0.3570733890994041
Shadae,rib-tank-2#White,foil-spot-tee-1#Navy,semi-hard,0.464305140398952
Shadae,rib-tank-2#White,the-crossover-button-blouse-1#Ornate,random,0.6889699119695178
Shadae,sadie-crew#GreyMarle,the-panel-luxe-top#SilvWhite,hard,0.3530751209111477
Shadae,sadie-crew#GreyMarle,circles-knit#Plum,semi-hard,0.44808121847932647
Shadae,sadie-crew#GreyMarle,layer-me-cotton-candy-top#Cream,random,0.6855445828642518
Shadae,sequin-cross-2-in-1-top#Khaki,the-longline-cardi-1#Nude,hard,0.36293392260085205
Shadae,sequin-cross-2-in-1-top#Khaki,ella-funnel-neck-top#Khaki,semi-hard,0.5388651225269279
Shadae,sequin-cross-2-in-1-top#Khaki,belle-flute-sleeve-tee#Navy,random,0.907990331177166
Shadae,sequin-cross-2-in-1-top#Navy,analia-top#White,hard,0.28879283244675436
Shadae,sequin-cross-2-in-1-top#Navy,funnel-neck-knit-jumper#BlueMulti,semi-hard,0.4927086118453876
Shadae,sequin-cross-2-in-1-top#Navy,the-striped-top#BlueStripe,random,0.6941014138491474
Shadae,st-helens-henley-tee#Sapphire,mila-knit-cardigan#InkWhite,hard,0.3032873380725174
Shadae,st-helens-henley-tee#Sapphire,silver-cross-sweater#Silver,semi-hard,0.44301087166676445
Shadae,st-helens-henley-tee#Sapphire,sugar-snaps-layers-tank#Black,random,0.6535144332739917
Shadae,st-helens-henley-tee#White,manhattan-stretch-tee#NavyWhtStr,hard,0.31564703854810283
Shadae,st-helens-henley-tee#White,the-pocket-tee#NavyStripe,semi-hard,0.5844334135623059
Shadae,st-helens-henley-tee#White,out-of-my-mind-scallop-knit#GreyMarle,random,0.5900140786817964
Shadae,tinker-stripe-knit#NavyWhite,merino-boyfriend-cardigan#MelangeStr,hard,0.3430743806187243
Shadae,tinker-stripe-knit#NavyWhite,layer-me-bamboo-rouched-sleeve-tee#Black,semi-hard,0.4119045453298508
Shadae,tinker-stripe-knit#NavyWhite,the-cotton-bamboo-tank#Moonbeam,random,0.6130574687433181
Sophia,ava-short-sleeve-linen-tee#Blush,roll-neck-jumper-3#GreyMarl,hard,0.20916131437161725
Sophia,ava-short-sleeve-linen-tee#Blush,always-mine-spliced-cardigan#GreyEmeral,semi-hard,0.2821426162852007
Sophia,ava-short-sleeve-linen-tee#Blush,floral-embroidered-jumper#Navy,random,0.42215769222280264
Sophia,ava-short-sleeve-linen-tee#Navy,overlay-tunic-3-pce-set#Emerald,hard,0.13871357312596103
Sophia,ava-short-sleeve-linen-tee#Navy,heartmade-cardi#DustyRose,semi-hard,0.26453368819110823
Sophia,ava-short-sleeve-linen-tee#Navy,the-swing-tank-top#Rose,random,0.49550925278773034
Sophia,billow-top#Black,ines-top#NavyStrip,hard,0.23653657462926314
Sophia,billow-top#Black,2-in-1-layered-knit-top#Navy,semi-hard,0.36917280985067524
Sophia,billow-top#Black,oversize-contrast-hood-top#Steel,random,0.5854431062685
Sophia,billow-top#Peach,st-helens-henley-tee#White,hard,0.21857427857438894
Sophia,billow-top#Peach,luxe-shirt#Navy,semi-hard,0.32743759334329
Sophia,billow-top#Peach,the-stitch-v-neck-knit#DenimMarle,random,0.5358822274375933
Sophia,bubbles-print-tee#Cambridge,cara-tee-4#BlackWhite,hard,0.1896527200449274
Sophia,bubbles-print-tee#Cambridge,animal-button-up-shirt#KhakiPrint,semi-hard,0.24574781310006402
Sophia,bubbles-print-tee#Cambridge,fundamental-split-hoodie-1#Khaki,random,0.41677677802873686
Sophia,cotton-candy-side-split-top#IceBlue,hannah-tee-1#RedWhite,hard,0.18499873703003417
Sophia,cotton-candy-side-split-top#IceBlue,belle-half-sleeve-forgiver-tunic#BlueBonnet,semi-hard,0.3183111210023322
Sophia,cotton-candy-side-split-top#IceBlue,butterfly-kisses-tee#Green,random,0.44988372093023254
Sophia,cotton-modal-print-top#PinkNavy,the-cotton-bamboo-tee#White,hard,0.1322659520463792
Sophia,cotton-modal-print-top#PinkNavy,belle-twist-front-tee-1#Black,semi-hard,0.31433504631298603
Sophia,cotton-modal-print-top#PinkNavy,printed-v-neck-top#Striped,random,0.4058011521228931
Sophia,eco-78-long-cardigan#DarkGreyM,mila-knit-cardigan#Clay,hard,0.1722368424279433
Sophia,eco-78-long-cardigan#DarkGreyM,malibu-cardigan#Navy,semi-hard,0.270460419992692
Sophia,eco-78-long-cardigan#DarkGreyM,the-stella-tee#Marine,random,0.40052412027397866
Sophia,eco-78-long-cardigan#LightGreyM,pure-merino-fine-rib-v-neck#Charcoal,hard,0.134683820169426
Sophia,eco-78-long-cardigan#LightGreyM,the-panel-hem-top#DenimMarle,semi-hard,0.2926878575860352
Sophia,eco-78-long-cardigan#LightGreyM,belle-satin-shirt#Black,random,0.4298995877567937
Sophia,elcos-45-aop-top-jrs#BlackFlowe,the-short-sleeve-wrap-jersey-top#Blue,hard,0.19615840708832696
Sophia,elcos-45-aop-top-jrs#BlackFlowe,long-sleeve-softly-swinging-bamboo-tee#TeaRose,semi-hard,0.3677464875946921
Sophia,elcos-45-aop-top-jrs#BlackFlowe,the-blouson-sleeve-jumper#Navy,random,0.4155609017196828
Sophia,elcos-45-aop-top-jrs#BlackZigZa,ricki-one-shoulder-top#BlackWhite,hard,0.20565259987885298
Sophia,elcos-45-aop-top-jrs#BlackZigZa,rose-shirt#BlueIllusi,semi-hard,0.2587226346289198
Sophia,elcos-45-aop-top-jrs#BlackZigZa,the-striped-top#BlueStripe,random,0.5133475570727545
Sophia,falling-for-you-cardi#Black,analia-jersey-top#Navy,hard,0.21177477321718913
Sophia,falling-for-you-cardi#Black,cotton-stripe-cardi-with-pockets#White,semi-hard,0.33957369245823005
Sophia,falling-for-you-cardi#Black,softly-swinging-bamboo-tee#White,random,0.3815557705465594
Sophia,falling-for-you-cardi#Dusty,capri-tank-3#White,hard,0.21445505911435153
Sophia,falling-for-you-cardi#Dusty,foil-spot-jumper#SilverDot,semi-hard,0.27394955232006357
Sophia,falling-for-you-cardi#Dusty,adventurous-hoody#Pink,random,0.4271081359789489
Sophia,falling-for-you-cardi#GreyMarle,the-long-sleeve-v-neck-tee#White,hard,0.22285276099948748
Sophia,falling-for-you-cardi#GreyMarle,the-reversible-cowl-neck-top-1#Black,semi-hard,0.2798896556628876
Sophia,falling-for-you-cardi#GreyMarle,softly-swinging-bamboo-tee#Starfish,random,0.3815557705465594
Sophia,falling-for-you-cardi#Khaki,the-reversible-cowl-neck-top-2#Ocean,hard,0.22428887433816697
Sophia,falling-for-you-cardi#Khaki,the-ultimate-tie-cardi#Black,semi-hard,0.3127179910684726
Sophia,falling-for-you-cardi#Khaki,softly-falling-bamboo-tunic#White,random,0.4049458394336009
Sophia,falling-for-you-cardi#Mustard,glasgow-top#Melange,hard,0.22888189759398092
Sophia,falling-for-you-cardi#Mustard,picnic-top#BlackWhite,semi-hard,0.24065579408930055
Sophia,falling-for-you-cardi#Mustard,the-cotton-tie-detail-top#Ivory,random,0.3961643356900598
Sophia,falling-for-you-cardi#Navy,back-to-you-top#Rust,hard,0.2175475085158509
Sophia,falling-for-you-cardi#Navy,long-sleeve-softly-swinging-bamboo-tee#Storm,semi-hard,0.3677464875946921
Sophia,falling-for-you-cardi#Navy,the-check-pullover#PinkCheck,random,0.7482060186036701
Sophia,falling-for-you-cardi#Port,the-uneven-hem-knit-1#Sage,hard,0.050229885057471266
Sophia,falling-for-you-cardi#Port,cascade-hood-top#Black,semi-hard,0.3414373579158788
Sophia,falling-for-you-cardi#Port,butterfly-kisses-tee#MustardStr,random,0.44988372093023254
Sophia,falling-for-you-cardi#Rust,fundamental-vee-tee#GreyMarle,hard,0.20939996664778343
Sophia,falling-for-you-cardi#Rust,belle-half-sleeve-forgiver-tunic#BlueBonnet,semi-hard,0.3183111210023322
Sophia,falling-for-you-cardi#Rust,delicado-top#White,random,0.5425275952806614
Sophia,falling-for-you-cardi#Teal,endeavor-long-sleeve-tee#Stripe,hard,0.08
Sophia,falling-for-you-cardi#Teal,2-in-1-layered-top-1#PinkWhite,semi-hard,0.3649562620012801
Sophia,falling-for-you-cardi#Teal,under-the-stars-blouse#Petal,random,0.45729511684311464
Sophia,geena-xo-ls-pullover-knit#Allure,birds-tee-1#Navy,hard,0.21109447383199803
Sophia,geena-xo-ls-pullover-knit#Allure,linen-cotton-shirt#White,semi-hard,0.3229287169941806
Sophia,geena-xo-ls-pullover-knit#Allure,patchwork-tunic#Patchwork,random,0.41645638421099523
Sophia,geena-xo-ls-pullover-knit#WhiteCapGr,endeavor-long-sleeve-tee#Stripe,hard,0.08
Sophia,geena-xo-ls-pullover-knit#WhiteCapGr,the-frill-wrap-blouse#Spot,semi-hard,0.26279640556295353
Sophia,geena-xo-ls-pullover-knit#WhiteCapGr,never-ending-winter-knit-top#DeluxeGree,random,0.5439665288435364
Sophia,layer-me-cotton-candy-top#Cream,paradising-buttoned-shirt#Wheat,hard,0.2226557806012718
Sophia,layer-me-cotton-candy-top#Cream,niue-neck-tie-shirt#LightBlue,semi-hard,0.2395336207509644
Sophia,layer-me-cotton-candy-top#Cream,the-long-sleeve-scoop-neck-tee#Navy,random,0.3869767441860465
Sophia,layered-sleeve-top#DarkBlue,renee-sweater#Sapphire,hard,0.23029484830872382
Sophia,layered-sleeve-top#DarkBlue,foil-spot-jumper#SilverDot,semi-hard,0.27394955232006357
Sophia,layered-sleeve-top#DarkBlue,delicado-top#White,random,0.5425275952806614
Sophia,layered-sleeve-top#Moss,back-to-you-top#BlackMagic,hard,0.2175475085158509
Sophia,layered-sleeve-top#Moss,wellington-tee#Olive,semi-hard,0.3397137472441505
Sophia,layered-sleeve-top#Moss,belle-ls-free-fall-tee#Greenland,random,0.4707652065262441
Sophia,longline-gather-back-shirt#Black,stara-cardigan#GreyMarle,hard,0.2095114145508854
Sophia,longline-gather-back-shirt#Black,selma-top-1#IndoStripe,semi-hard,0.37428314192594336
Sophia,longline-gather-back-shirt#Black,poncho-2#NavySilver,random,0.703123306332752
Sophia,meredith-78-oversized-pullover-knit#CameoRose,colourblock-cardi#NavyRed,hard,0.17055666320882656
Sophia,meredith-78-oversized-pullover-knit#CameoRose,the-half-sleeve-tee#White,semi-hard,0.29469184145925753
Sophia,meredith-78-oversized-pullover-knit#CameoRose,wonderlust-tee#BurntOran,random,0.4729492065360535
Sophia,meredith-78-oversized-pullover-knit#WhiteCapGr,aztec-cardigan#Orange,hard,0.1810843026321275
Sophia,meredith-78-oversized-pullover-knit#WhiteCapGr,geneva-v-neck-top#HeatheGrey,semi-hard,0.3241267114469222
Sophia,meredith-78-oversized-pullover-knit#WhiteCapGr,milan-stretch-top#NavyWhtStr,random,0.37444925926198414
Sophia,printed-v-neck-blouse#NavyWhite,reversible-scoopv-neck-tank#Black,hard,0.20969348454639758
Sophia,printed-v-neck-blouse#NavyWhite,messina-v-neck-tee#Black,semi-hard,0.2872981761732746
Sophia,printed-v-neck-blouse#NavyWhite,leopard-print-kimono#GoldMulti,random,0.46604971196927675
Sophia,rory-spliced-zip-hoodie#Silver,bella-ls-tee#GreenWhite,hard,0.19678650780221157
Sophia,rory-spliced-zip-hoodie#Silver,luxe-shirt#Champagne,semi-hard,0.32743759334329
Sophia,rory-spliced-zip-hoodie#Silver,the-everyday-shirt#Midnight,random,0.45200880277804345
Sophia,rory-spliced-zip-hoodie#Slate,pure-merino-fine-rib-polo#BlackStri,hard,0.2348557148777862
Sophia,rory-spliced-zip-hoodie#Slate,the-bamboo-tunic-dress#Khaki,semi-hard,0.34342152051774416
Sophia,rory-spliced-zip-hoodie#Slate,ivy-cosy-pullover#Blossom,random,0.42058316718534267
Sophia,sugar-snaps-throw-jacket#Black,back-to-you-top#BlackMagic,hard,0.2175475085158509
Sophia,sugar-snaps-throw-jacket#Black,layered-tunic-1#PalePink,semi-hard,0.2799924834894266
Sophia,sugar-snaps-throw-jacket#Black,the-essential-layering-tee#White,random,0.438049214138397
Sophia,sugar-snaps-throw-jacket#Duckegg,the-short-sleeve-wrap-jersey-top#Blue,hard,0.19615840708832696
Sophia,sugar-snaps-throw-jacket#Duckegg,wrap-me-up-bamboo-top#Black,semi-hard,0.32392467303792094
Sophia,sugar-snaps-throw-jacket#Duckegg,softly-swinging-bamboo-tee#Chambray,random,0.3815557705465594
Sophia,sugar-snaps-throw-jacket#White,dusk-top#DuskPrint,hard,0.21509459399807243
Sophia,sugar-snaps-throw-jacket#White,the-side-panel-drape-top#OffWhite,semi-hard,0.347165919920347
Sophia,sugar-snaps-throw-jacket#White,felicity-cardigan#Dewkist,random,0.43133208589503697
Sophia,the-asymmetrical-hem-sweater#Blush,double-layered-top-1#WBlack,hard,0.20103938136542995
Sophia,the-asymmetrical-hem-sweater#Blush,sequin-star-tee#Navy,semi-hard,0.31419605217659996
Sophia,the-asymmetrical-hem-sweater#Blush,sugar-snaps-round-neck-layer-tank#DuckEgg,random,0.44806487864452665
Sophia,the-boat-neck-top#Black,natural-classic-cardigan#Pebble,hard,0.16147286821705426
Sophia,the-boat-neck-top#Black,shell-top-3#PapBlue,semi-hard,0.32794555863736574
Sophia,the-boat-neck-top#Black,belle-nautical-applique-tee#BlueStripe,random,0.40689222329308994
Sophia,the-boat-neck-top#Navy,double-layered-top-1#WSilver,hard,0.20103938136542995
Sophia,the-boat-neck-top#Navy,the-zip-front-top#Rose,semi-hard,0.3399282498179116
Sophia,the-boat-neck-top#Navy,the-everyday-shirt#Rose,random,0.45200880277804345
Sophia,the-box-top#Blush,natural-crossover-knit-1#Stormcloud,hard,0.2173184511328718
Sophia,the-box-top#Blush,fern-print-top#Navy,semi-hard,0.30024569057481076
Sophia,the-box-top#Blush,chill-out-slouch-top#Mustard,random,0.5817673977178256
Sophia,the-box-top#Khaki,multi-pattern-print-top#NavyMulti,hard,0.19365284021100182
Sophia,the-box-top#Khaki,spliced-lace-panel-tee#White,semi-hard,0.35581679823625634
Sophia,the-box-top#Khaki,the-lace-trim-top#Ivory,random,0.3972391721783657
Sophia,the-contrast-detail-top#Ivory,splice-knit-1#Multi,hard,0.22816166138181176
Sophia,the-contrast-detail-top#Ivory,the-relaxed-long-sleeve-tee#Khaki,semi-hard,0.36277789630893964
Sophia,the-contrast-detail-top#Ivory,milan-stretch-top#White,random,0.37444925926198414
Sophia,the-daily-cross-over-top#PinkPrint,aida-long-tunic-shirt#AidaStripe,hard,0.21382717911366483
Sophia,the-daily-cross-over-top#PinkPrint,icing-sugar-top#Ivory,semi-hard,0.3018902123506201
Sophia,the-daily-cross-over-top#PinkPrint,ivy-cosy-pullover#Blossom,random,0.42058316718534267
Sophia,the-daily-cross-over-top#SkyBlue,long-sleeve-tee-2#NavyWhite,hard,0.19590535327599695
Sophia,the-daily-cross-over-top#SkyBlue,natural-cropped-sleeve-knit#Cloudcover,semi-hard,0.25075172462840484
Sophia,the-daily-cross-over-top#SkyBlue,the-weekender-shirt#DenimStrip,random,0.3931846952563829
Sophia,the-linen-tie-sleeve-top#GreyMarle,34-sleeve-shirt-1#SkyWhite,hard,0.17210326802675044
Sophia,the-linen-tie-sleeve-top#GreyMarle,the-relaxed-long-sleeve-tee#Black,semi-hard,0.36277789630893964
Sophia,the-linen-tie-sleeve-top#GreyMarle,sugar-snaps-layers-tank#SeaGreen,random,0.41573396334689494
Sophia,the-luxe-long-sleeve-tee#GreyMarle,fundamental-vee-tee#Black,hard,0.20939996664778343
Sophia,the-luxe-long-sleeve-tee#GreyMarle,2-in-1-jumper#Navy,semi-hard,0.3248736110395837
Sophia,the-luxe-long-sleeve-tee#GreyMarle,the-stitch-detail-top#SkyBlue,random,0.4682076739526546
Sophia,the-panel-luxe-top#BlkWhite,mila-knit-cardigan#Black,hard,0.1722368424279433
Sophia,the-panel-luxe-top#BlkWhite,moonlight-kisses-bamboo-tee#Saffron,semi-hard,0.3702523548872033
Sophia,the-panel-luxe-top#BlkWhite,tab-sleeve-longline-shirt#Navy,random,0.4818810588838288
Sophia,the-panel-luxe-top#SilvWhite,nova-lux-long-sleeve-tie-top-1#CloudDance,hard,0.21852200633201643
Sophia,the-panel-luxe-top#SilvWhite,border-stripe-knit#WhitePink,semi-hard,0.24332152517724498
Sophia,the-panel-luxe-top#SilvWhite,belle-polka-dot-blouse#WhiteSpot,random,0.5272207058408069
Sophia,the-pleated-sleeve-top#Sage,vivid-dreams-blouse#Dusty%20Rose,hard,0.21597514769391496
Sophia,the-pleated-sleeve-top#Sage,geneva-v-neck-top#HeatheGrey,semi-hard,0.3241267114469222
Sophia,the-pleated-sleeve-top#Sage,sugar-snaps-layers-tank#SeaGreen,random,0.41573396334689494
Sophia,the-pocket-tee#GreyStripe,nova-lux-long-sleeve-tie-top-1#SimplyGree,hard,0.21852200633201643
Sophia,the-pocket-tee#GreyStripe,lilly-layer-stripe-tank#NavyWhite,semi-hard,0.2446439528262325
Sophia,the-pocket-tee#GreyStripe,falling-flowers-cardi#GreyMarle,random,0.3931541448712384
Sophia,the-pocket-tee#NavyStripe,spliced-stripe-tunic#Navy,hard,0.2308152041964936
Sophia,the-pocket-tee#NavyStripe,belle-twist-front-tee-1#Black,semi-hard,0.31433504631298603
Sophia,the-pocket-tee#NavyStripe,the-blouson-sleeve-jumper#Grey,random,0.4155609017196828
Sophia,the-ruffle-sleeve-top#NavyStripe,layer-me-bamboo-rouched-sleeve-tee#Fern,hard,0.22313381473334168
Sophia,the-ruffle-sleeve-top#NavyStripe,the-sleeveless-cross-over-blouse#Salmon,semi-hard,0.36932288256341217
Sophia,the-ruffle-sleeve-top#NavyStripe,belle-ls-free-fall-tee#Greenland,random,0.4707652065262441
Sophia,the-shoulder-tie-top#Black,the-cotton-bamboo-tee#DuckEgg,hard,0.1322659520463792
Sophia,the-shoulder-tie-top#Black,the-zip-front-top#Rose,semi-hard,0.3399282498179116
Sophia,the-shoulder-tie-top#Black,print-tee-3#Cntryhous,random,0.5130303349854125
Sophia,the-shoulder-tie-top#Navy,vivid-dreams-blouse#Dusty%20Rose,hard,0.21597514769391496
Sophia,the-shoulder-tie-top#Navy,midtown-ruffle-shirt#BoldRed,semi-hard,0.3741488869923903
Sophia,the-shoulder-tie-top#Navy,stripe-me-happy-blouse#Ash,random,0.46988372093023256
Sophia,the-shoulder-tie-top#White,fundamental-vee-tee#Pink,hard,0.20939996664778343
Sophia,the-shoulder-tie-top#White,monaco-knot-top#ClaySpot,semi-hard,0.28551254509293256
Sophia,the-shoulder-tie-top#White,under-the-stars-blouse#Petal,random,0.45729511684311464
Sophia,the-textured-spot-top#Pink,meadow-cardigan#Cream,hard,0.1647952088069471
Sophia,the-textured-spot-top#Pink,fundamental-split-hoodie#Pink,semi-hard,0.3217779674276367
Sophia,the-textured-spot-top#Pink,anna-top#Leona,random,0.44926264012222605
Sophia,to-the-beat-of-the-drum-kimono#Leaf,cara-tee-3#ZebraPrint,hard,0.19110620841702042
Sophia,to-the-beat-of-the-drum-kimono#Leaf,maui-stretch-tee#Navy,semi-hard,0.2847483501688456
Sophia,to-the-beat-of-the-drum-kimono#Leaf,the-double-layer-top#White,random,0.5018051212819024
Sophia,triangle-detail-long-sleeve-tee#Bordeaux,button-through-animal-shirt#Animal,hard,0.21666740850824856
Sophia,triangle-detail-long-sleeve-tee#Bordeaux,sequin-spot-shirt#Blue,semi-hard,0.3612129845574332
Sophia,triangle-detail-long-sleeve-tee#Bordeaux,the-button-up-swing-tunic#Wine,random,0.5436273723603314
Sophia,triangle-detail-long-sleeve-tee#Navy,holly-rib-long-sleeve-tee#Khaki,hard,0.23238764472041767
Sophia,triangle-detail-long-sleeve-tee#Navy,tie-back-bell-sleeve-top-5#Summerbud,semi-hard,0.2944314366712526
Sophia,triangle-detail-long-sleeve-tee#Navy,summer-breeze-top-1#White,random,0.4825438830972111
Sophia,tuck-layer-shirt#White,millie-top#Moss,hard,0.20517315563468533
Sophia,tuck-layer-shirt#White,indi-crosover-front-blouse#MixedStrip,semi-hard,0.25635480709257774
Sophia,tuck-layer-shirt#White,partly-cloudy-knit#PawPaw,random,0.4973090973892898
Sophia,weekend-tunic#Navy,34-sleeve-shirt-1#SkyWhite,hard,0.17210326802675044
Sophia,weekend-tunic#Navy,kimono-and-me-cardi#DustyPink,semi-hard,0.30076181612628716
Sophia,weekend-tunic#Navy,tracie-top#Black,random,0.4178808222302333
Sophie,belle-half-sleeve-forgiver-tunic#Apricot,ditzy-floral-ruffle-blouse#DitzyFlora,hard,0.2079233450914867
Sophie,belle-half-sleeve-forgiver-tunic#Apricot,hayley-button-down#NavySparro,semi-hard,0.24969637663221733
Sophie,belle-half-sleeve-forgiver-tunic#Apricot,natural-textured-poncho#Deeprain,random,0.5681818181818182
Sophie,belle-half-sleeve-forgiver-tunic#Black,coogee-shirt#White,hard,0.1868705133362213
Sophie,belle-half-sleeve-forgiver-tunic#Black,belle-tie-neck-blouse-tee#RoyalBlue,semi-hard,0.2238751753408833
Sophie,belle-half-sleeve-forgiver-tunic#Black,the-cross-front-spot-blouse#Spot,random,0.36016854642407736
Sophie,belle-half-sleeve-forgiver-tunic#BlueBonnet,multi-sequin-dot-stripe-top#Navy,hard,0.18594127111826228
Sophie,belle-half-sleeve-forgiver-tunic#BlueBonnet,the-short-sleeve-wrap-jersey-top#Blue,semi-hard,0.2458740098397178
Sophie,belle-half-sleeve-forgiver-tunic#BlueBonnet,cool-breeze-jumper#Dust,random,0.3668543845534996
Sophie,belle-half-sleeve-forgiver-tunic#FlamPink,layered-tee-2#White,hard,0.20264120098190896
Sophie,belle-half-sleeve-forgiver-tunic#FlamPink,geneva-v-neck-top#ClaySpot,semi-hard,0.232925536852528
Sophie,belle-half-sleeve-forgiver-tunic#FlamPink,sand-queen-throw-blouse#Fleur,random,0.34512758627802875
Sophie,belle-half-sleeve-forgiver-tunic#MutedClay,the-excess-shirt#Pearl,hard,0.17694409204364958
Sophie,belle-half-sleeve-forgiver-tunic#MutedClay,wildflower-shirt#White,semi-hard,0.26384580574292965
Sophie,belle-half-sleeve-forgiver-tunic#MutedClay,stud-trim-long-sleeve-top#Mint,random,0.3222178816758463
Sophie,belle-half-sleeve-forgiver-tunic#White,block-sweater#Block,hard,0.214634324009324
Sophie,belle-half-sleeve-forgiver-tunic#White,layered-top-2#Navy,semi-hard,0.24514267075107782
Sophie,belle-half-sleeve-forgiver-tunic#White,the-frill-detail-blouse#Chambray,random,0.2788787079439734
Sophie,crosses-jumper#xmyheart,paradise-cardi#MultiStrip,hard,0.1965400473420385
Sophie,crosses-jumper#xmyheart,sugar-snaps-layers-tank#NewBeige,semi-hard,0.26415587546671615
Sophie,crosses-jumper#xmyheart,the-daily-essential-jumper#Grey,random,0.3560180601109805
Sophie,falling-for-you-tunic#Black,rib-tank-2#Red,hard,0.2145866209748953
Sophie,falling-for-you-tunic#Black,layer-me-bamboo-rouched-sleeve-tee#Copper,semi-hard,0.21594454586711223
Sophie,falling-for-you-tunic#Black,the-zip-detail-jacket#Grey,random,0.2958316572807723
Sophie,falling-for-you-tunic#Rust,fundamental-stripe-long-sleeve-tee#WhiteBlack,hard,0.19705092105534583
Sophie,falling-for-you-tunic#Rust,analia-jersey-top#Navy,semi-hard,0.2187013300121707
Sophie,falling-for-you-tunic#Rust,the-lace-trim-top#Ivory,random,0.2740681147760794
Sophie,long-sleeve-softly-swinging-bamboo-tee#Black,starry-night-cardi#Chalk,hard,0.18372888173773128
Sophie,long-sleeve-softly-swinging-bamboo-tee#Black,the-sleeveless-cross-over-blouse#White,semi-hard,0.2530107705716113
Sophie,long-sleeve-softly-swinging-bamboo-tee#Black,belle-ls-free-fall-tee#Blush,random,0.30948149380118406
Sophie,long-sleeve-softly-swinging-bamboo-tee#BlueJeans,spliced-stripe-tunic#Navy,hard,0.16802169069868184
Sophie,long-sleeve-softly-swinging-bamboo-tee#BlueJeans,softly-swinging-bamboo-tee#BlueJeans,semi-hard,0.24854215658972295
Sophie,long-sleeve-softly-swinging-bamboo-tee#BlueJeans,the-on-or-off-the-shoulder-top#Pink,random,0.31275140788415123
Sophie,long-sleeve-softly-swinging-bamboo-tee#Cashew,belle-half-sleeve-boat-tee#Black,hard,0.20008328691957009
Sophie,long-sleeve-softly-swinging-bamboo-tee#Cashew,bubbles-print-tee#Cambridge,semi-hard,0.2408645465891041
Sophie,long-sleeve-softly-swinging-bamboo-tee#Cashew,sugar-snaps-round-neck-layer-tank#White,random,0.29018916187057775
Sophie,long-sleeve-softly-swinging-bamboo-tee#Combat,sequin-star-tee#Navy,hard,0.2064103853373765
Sophie,long-sleeve-softly-swinging-bamboo-tee#Combat,analia-jersey-top#Black,semi-hard,0.2187013300121707
Sophie,long-sleeve-softly-swinging-bamboo-tee#Combat,felicity-cardigan#Dewkist,random,0.3121686573014007
Sophie,long-sleeve-softly-swinging-bamboo-tee#Copper,york-linen-blend-long-cardigan#BurntOrang,hard,0.1568037419807331
Sophie,long-sleeve-softly-swinging-bamboo-tee#Copper,softly-falling-bamboo-tunic#Copper,semi-hard,0.24678262371846443
Sophie,long-sleeve-softly-swinging-bamboo-tee#Copper,partly-cloudy-knit#PawPaw,random,0.36832931080718695
Sophie,long-sleeve-softly-swinging-bamboo-tee#DuckEgg,the-printed-side-ring-detail-blouse#Block,hard,0.17158362470862473
Sophie,long-sleeve-softly-swinging-bamboo-tee#DuckEgg,paisley-top-1#Paisley,semi-hard,0.24303213379540814
Sophie,long-sleeve-softly-swinging-bamboo-tee#DuckEgg,sunshine-in-me-tee-1#White,random,0.3545605390185036
Sophie,long-sleeve-softly-swinging-bamboo-tee#Fern,aida-long-tunic-shirt#AidaStripe,hard,0.19027451162406916
Sophie,long-sleeve-softly-swinging-bamboo-tee#Fern,reversible-stripe-vee-scoop-neck-tank#BlackWhite,semi-hard,0.22099591043175115
Sophie,long-sleeve-softly-swinging-bamboo-tee#Fern,the-contrast-trim-knit#BlackWhite,random,0.3330903057119871
Sophie,long-sleeve-softly-swinging-bamboo-tee#Navy,animal-knit-1#Animal,hard,0.209725746230171
Sophie,long-sleeve-softly-swinging-bamboo-tee#Navy,fundamental-sydney-crew#Burgundy,semi-hard,0.22607821750520865
Sophie,long-sleeve-softly-swinging-bamboo-tee#Navy,cross-my-heart-bamboo-slouch-tee#White,random,0.45672367823916493
Sophie,long-sleeve-softly-swinging-bamboo-tee#Oyster,clara-blouse#DarkFloral,hard,0.2053364224271304
Sophie,long-sleeve-softly-swinging-bamboo-tee#Oyster,fundamental-sydney-crew#Burgundy,semi-hard,0.22607821750520865
Sophie,long-sleeve-softly-swinging-bamboo-tee#Oyster,the-stitch-detail-top#Pink,random,0.3081580569135879
Sophie,long-sleeve-softly-swinging-bamboo-tee#SilverScon,the-tie-front-tank#White,hard,0.19234314726571364
Sophie,long-sleeve-softly-swinging-bamboo-tee#SilverScon,the-short-sleeve-wrap-jersey-top#Blue,semi-hard,0.2458740098397178
Sophie,long-sleeve-softly-swinging-bamboo-tee#SilverScon,the-fleck-roll-neck-knit#Oatmeal,random,0.4471540627514079
Sophie,long-sleeve-softly-swinging-bamboo-tee#Smoke,always-mine-spliced-cardigan#GreyEmeral,hard,0.19391766971966087
Sophie,long-sleeve-softly-swinging-bamboo-tee#Smoke,wellington-tee#HeatheGrey,semi-hard,0.23184964003548075
Sophie,long-sleeve-softly-swinging-bamboo-tee#Smoke,butterfly-kisses-tee#MustardStr,random,0.37826830249396626
Sophie,long-sleeve-softly-swinging-bamboo-tee#Storm,daylight-cardi#Silver,hard,0.17661822874765354
Sophie,long-sleeve-softly-swinging-bamboo-tee#Storm,lola-bell-sleeve-top-entangled-vines#Gold,semi-hard,0.26773263609546794
Sophie,long-sleeve-softly-swinging-bamboo-tee#Storm,the-contrast-detail-top#Ivory,random,0.3791985116653258
Sophie,long-sleeve-softly-swinging-bamboo-tee#TeaRose,fern-print-top#Navy,hard,0.19639532664975143
Sophie,long-sleeve-softly-swinging-bamboo-tee#TeaRose,button-through-animal-shirt#Animal,semi-hard,0.21924862563689998
Sophie,long-sleeve-softly-swinging-bamboo-tee#TeaRose,never-ending-winter-knit-top#DeluxeGree,random,0.3728330574292964
Sophie,long-sleeve-softly-swinging-bamboo-tee#White,the-tie-front-top#Black,hard,0.16338869463869465
Sophie,long-sleeve-softly-swinging-bamboo-tee#White,geneva-v-neck-top#Black,semi-hard,0.232925536852528
Sophie,long-sleeve-softly-swinging-bamboo-tee#White,the-drape-tee-1#NavyStripe,random,0.3416968356127648
Sophie,natural-crossover-knit-1#Stormcloud,celestial-woven-top#White,hard,0.18408472058914538
Sophie,natural-crossover-knit-1#Stormcloud,waterfall-cardi-1#Black,semi-hard,0.21536920859376613
Sophie,natural-crossover-knit-1#Stormcloud,maui-stretch-tee#Navy,random,0.28127320688161395
Sophie,paint-stroke-top#Strokes,the-cape-jersey-top#DarkNavy,hard,0.1778294990407822
Sophie,paint-stroke-top#Strokes,gloria-applique-crew#Charcoal,semi-hard,0.2512812132557708
Sophie,paint-stroke-top#Strokes,falling-for-you-cardi#Black,random,0.3409090909090909
Sophie,printed-tunic-7#RedCheck,snake-print-johnny-collar-top#BeigeSnake,hard,0.2128206417476329
Sophie,printed-tunic-7#RedCheck,irena-embroidered-blouse#DustyRose,semi-hard,0.22056078140148938
Sophie,printed-tunic-7#RedCheck,indi-crosover-front-blouse#MixedStrip,random,0.3016778575406894
Sophie,summer-breeze-top-1#White,ava-short-sleeve-linen-tee#Blush,hard,0.20934379963694125
Sophie,summer-breeze-top-1#White,ines-top#NavyStrip,semi-hard,0.23889776337232088
Sophie,summer-breeze-top-1#White,monaco-knot-top#Olive,random,0.3808300843699074
Sophie,the-contrast-panel-top#BlkStripe,belle-v-neck-forgiver-tunic#Charcoal,hard,0.19951632990902904
Sophie,the-contrast-panel-top#BlkStripe,sugar-snaps-layers-tank#SeaGreen,semi-hard,0.26415587546671615
Sophie,the-contrast-panel-top#BlkStripe,the-pocket-tee#NavyStripe,random,0.2944991954947707
Sophie,the-contrast-panel-top#SageStripe,layered-tunic-1#White,hard,0.20300155228252573
Sophie,the-contrast-panel-top#SageStripe,sugar-snaps-layers-tank#SeaGreen,semi-hard,0.26415587546671615
Sophie,the-contrast-panel-top#SageStripe,the-soft-overlay-top#Pink,random,0.5444369881593333
Sophie,the-cross-over-top#GreyStripe,the-cross-over-poncho#Navy,hard,0.2038711657074489
Sophie,the-cross-over-top#GreyStripe,crushed-top#Blue,semi-hard,0.22500522154836317
Sophie,the-cross-over-top#GreyStripe,the-contrast-detail-top#Ivory,random,0.3791985116653258
Sophie,the-cross-over-top#NavyStripe,starry-night-cardi#Chalk,hard,0.18372888173773128
Sophie,the-cross-over-top#NavyStripe,softly-falling-bamboo-tunic#Copper,semi-hard,0.24678262371846443
Sophie,the-cross-over-top#NavyStripe,aldis-blouse#Pearl,random,0.2865385904655816
Sophie,the-crossover-button-blouse-1#Ornate,layered-tunic-1#White,hard,0.20300155228252573
Sophie,the-crossover-button-blouse-1#Ornate,the-sleeveless-cross-over-blouse#Black,semi-hard,0.2530107705716113
Sophie,the-crossover-button-blouse-1#Ornate,partly-cloudy-knit#Black,random,0.36832931080718695
Sophie,the-daily-cross-over-top#PinkPrint,overlay-tunic-3-pce-set#Emerald,hard,0.20393176145388536
Sophie,the-daily-cross-over-top#PinkPrint,jade-kimono-kaleidoscope#Blue,semi-hard,0.27052047018861175
Sophie,the-daily-cross-over-top#PinkPrint,poncho-2#NavySilver,random,0.508718374177445
Sophie,the-daily-cross-over-top#SkyBlue,leary-cardigan#Pine,hard,0.2096145465891041
Sophie,the-daily-cross-over-top#SkyBlue,2-in-1-layered-top-1#NavyWhite,semi-hard,0.24729038169303655
Sophie,the-daily-cross-over-top#SkyBlue,sky-shirt#Clouds,random,0.3582465653815211
Sophie,the-define-flute-sleeve-blouse#Black,kimono-and-me-cardi#DustyPink,hard,0.1766975189265012
Sophie,the-define-flute-sleeve-blouse#Black,soho-ruffle-jumper#OatmealMar,semi-hard,0.25702008168822327
Sophie,the-define-flute-sleeve-blouse#Black,cara-tee-2#Blush,random,0.2957059533386967
Sophie,the-define-flute-sleeve-blouse#White,the-zip-front-top#Blue,hard,0.19919787992243743
Sophie,the-define-flute-sleeve-blouse#White,hayley-button-down#NavySparro,semi-hard,0.24969637663221733
Sophie,the-define-flute-sleeve-blouse#White,sugar-snaps-throw-jacket#Duckegg,random,0.47689497081090004
Sophie,the-dobby-sleeve-tee#InkBlue,daylight-cardi#Silver,hard,0.17661822874765354
Sophie,the-dobby-sleeve-tee#InkBlue,drama-top#BlackGrey,semi-hard,0.22640601470800584
Sophie,the-dobby-sleeve-tee#InkBlue,natural-textured-poncho#Deeprain,random,0.5681818181818182
Sophie,the-dobby-sleeve-tee#White,heart-spliced-top#Navy,hard,0.20165877632691792
Sophie,the-dobby-sleeve-tee#White,jade-kimono-kaleidoscope#Blue,semi-hard,0.27052047018861175
Sophie,the-dobby-sleeve-tee#White,cross-my-heart-bamboo-slouch-tee#White,random,0.45672367823916493
Sophie,the-everyday-shirt#Black,cascade-hood-top#Black,hard,0.2054466551147967
Sophie,the-everyday-shirt#Black,cotton-modal-print-top#PinkNavy,semi-hard,0.2214526347546259
Sophie,the-everyday-shirt#Black,the-cotton-bamboo-ls-top#NavyStripe,random,0.2822863591668901
Sophie,the-everyday-shirt#Cream,celestial-woven-top#White,hard,0.18408472058914538
Sophie,the-everyday-shirt#Cream,the-cut-out-shoulder-blouse#White,semi-hard,0.27333323019163724
Sophie,the-everyday-shirt#Cream,floating-by-you-blouse#SeaFleur,random,0.32298467572250755
Sophie,the-everyday-shirt#Midnight,cascade-hood-top#Black,hard,0.2054466551147967
Sophie,the-everyday-shirt#Midnight,abigail-stripe-shirt#BlackStrip,semi-hard,0.267634651484209
Sophie,the-everyday-shirt#Midnight,cover-up-slouch-cardi#Alloy,random,0.2788161782907358
Sophie,the-everyday-shirt#Pink,softly-swinging-bamboo-singlet#BlueJean,hard,0.1949832523671019
Sophie,the-everyday-shirt#Pink,rise-top#Ink,semi-hard,0.2178665269096685
Sophie,the-everyday-shirt#Pink,the-long-sleeve-scoop-neck-tee#White,random,0.32233004827031375
Sophie,the-everyday-shirt#Rose,leah-knit-cardigan#Black,hard,0.18972818295274047
Sophie,the-everyday-shirt#Rose,vivian-blouse#Check,semi-hard,0.22065135270334385
Sophie,the-everyday-shirt#Rose,the-roll-neck-sweater#Natural,random,0.2934209350138554
Sophie,the-relaxed-batwing-top#Denim%20Blue,rib-tank-2#White,hard,0.2145866209748953
Sophie,the-relaxed-batwing-top#Denim%20Blue,emerald-knit#Emerald,semi-hard,0.2259334968129216
Sophie,the-relaxed-batwing-top#Denim%20Blue,monaco-knot-top#Olive,random,0.3808300843699074
Sophie,the-relaxed-batwing-top#PeachRose,neptune-top-1#PrimBlack,hard,0.1916782056439136
Sophie,the-relaxed-batwing-top#PeachRose,softly-swinging-bamboo-tee#Black,semi-hard,0.24854215658972295
Sophie,the-relaxed-batwing-top#PeachRose,cara-tee-2#WhiteBlk,random,0.2957059533386967
Sophie,the-relaxed-long-sleeve-tee#Black,st-helens-henley-tee#Sapphire,hard,0.20457059533386968
Sophie,the-relaxed-long-sleeve-tee#Black,2-in-1-layered-knit-top#Navy,semi-hard,0.22500522154836317
Sophie,the-relaxed-long-sleeve-tee#Black,the-print-contrast-34-sleeve-top#Animal,random,0.34936445376157765
Sophie,the-relaxed-long-sleeve-tee#Khaki,hacienda-tunic-5#PatchGold,hard,0.21358260102729132
Sophie,the-relaxed-long-sleeve-tee#Khaki,ashbury-cardigan#Mocha,semi-hard,0.26122439507395256
Sophie,the-relaxed-long-sleeve-tee#Khaki,cool-breeze-jumper#Dust,random,0.3668543845534996
Sophie,the-relaxed-long-sleeve-tee#Navy,lenka-lurex-stripe-blouse#NavyGoldSt,hard,0.1984272180621738
Sophie,the-relaxed-long-sleeve-tee#Navy,frill-sleeve-top-1#LeafPrint,semi-hard,0.21629941776512573
Sophie,the-relaxed-long-sleeve-tee#Navy,summer-whispers-kimono-1#Peacock,random,0.4594769168884213
Sophie,the-relaxed-long-sleeve-tee#Pink,weekend-cardigan#Black,hard,0.17386692400519835
Sophie,the-relaxed-long-sleeve-tee#Pink,tutti-frutti-drop-shoulder-tee#Orange,semi-hard,0.22919180745508178
Sophie,the-relaxed-long-sleeve-tee#Pink,batty-about-you-cotton-tee#BlkWhite,random,0.2934716463477526
Sophie,the-relaxed-long-sleeve-tee#White,starry-night-cardi#Chalk,hard,0.18372888173773128
Sophie,the-relaxed-long-sleeve-tee#White,true-love-bell-blouse#Jade,semi-hard,0.2171903041648617
Sophie,the-relaxed-long-sleeve-tee#White,the-tie-layering-knit#Grey,random,0.41632887761206344
Sophie,the-reverse-sleeve-sweater#Navy,daisy-top-1#BrightBlue,hard,0.20404392804835284
Sophie,the-reverse-sleeve-sweater#Navy,germaine-blouse#Pearl,semi-hard,0.2341629148874724
Sophie,the-reverse-sleeve-sweater#Navy,pattern-tunic-1#Lattice,random,0.5404576525981394
Sophie,the-twist-hem-jumper#DenimMarle,the-tie-front-tank#Navy,hard,0.19234314726571364
Sophie,the-twist-hem-jumper#DenimMarle,the-cross-over-blouse#Blue,semi-hard,0.251715375332632
Sophie,the-twist-hem-jumper#DenimMarle,drapey-stripe-tee#Navy,random,0.2818372630319533
Sophie,the-zip-front-blouse#Khaki,the-tie-front-tank#White,hard,0.19234314726571364
Sophie,the-zip-front-blouse#Khaki,zara-top#ZebraPrint,semi-hard,0.2613720166264414
Sophie,the-zip-front-blouse#Khaki,falling-for-you-cardi#Rust,random,0.3409090909090909
Sophie,the-zip-front-blouse#Navy,ruffle-top-4#Terracotta,hard,0.21045418445860925
Sophie,the-zip-front-blouse#Navy,the-long-sleeve-v-neck-tee#Black,semi-hard,0.2691298837593086
Sophie,the-zip-front-blouse#Navy,adventurous-hoody#Pink,random,0.3601807945004848
Stacey,2-in-1-jumper#Navy,printed-v-neck-blouse#NavyWhite,hard,0.2464750663872087
Stacey,2-in-1-jumper#Navy,the-relaxed-long-sleeve-tee#Black,semi-hard,0.40501557703167973
Stacey,2-in-1-jumper#Navy,the-cotton-bamboo-tank#White,random,0.4472259203640446
Stacey,amira-sweater#Cream,lake-house-top#CoalPrint,hard,0.2691089871123328
Stacey,amira-sweater#Cream,the-ruffle-sleeve-top#NavyStripe,semi-hard,0.40750766297496793
Stacey,amira-sweater#Cream,long-sleeve-softly-swinging-bamboo-tee#White,random,0.4327494773613939
Stacey,ashbury-cardigan#Mocha,york-linen-blend-top#BurntOrang,hard,0.23316026129240142
Stacey,ashbury-cardigan#Mocha,kimono-and-me-cardi#DustyPink,semi-hard,0.35917552452171914
Stacey,ashbury-cardigan#Mocha,the-cotton-bamboo-tank#Chambray,random,0.4472259203640446
Stacey,bird-jumper#Navy,reversible-scoopv-neck-tank#Navy,hard,0.26476951742088833
Stacey,bird-jumper#Navy,silver-cross-sweater#Silver,semi-hard,0.29800992310920504
Stacey,bird-jumper#Navy,the-cross-front-spot-blouse#NavySpot,random,0.5946557437639066
Stacey,block-sweater#Block,fundamental-vee-tee#White,hard,0.2543856507979019
Stacey,block-sweater#Block,the-long-sleeve-scoop-neck-tee#Navy,semi-hard,0.3771164098658386
Stacey,block-sweater#Block,the-box-top#Khaki,random,0.5252809425369538
Stacey,block-vest#Blockvest,cara-tee-3#Mustard,hard,0.23002098475455562
Stacey,block-vest#Blockvest,fundamental-rib-long-sleeve-tee#White,semi-hard,0.31403820447858094
Stacey,block-vest#Blockvest,the-stripe-tank-1#Hazelnut,random,0.5409069949381123
Stacey,chill-out-slouch-top#GreyMarle,monaco-knot-top#ClaySpot,hard,0.24577048318888162
Stacey,chill-out-slouch-top#GreyMarle,the-tie-front-tank#White,semi-hard,0.3870072782320497
Stacey,chill-out-slouch-top#GreyMarle,annabelle-sweater#Midnight,random,0.7006525734085304
Stacey,chill-out-slouch-top#Mustard,the-long-sleeve-v-neck-tee#Navy,hard,0.21023808975813651
Stacey,chill-out-slouch-top#Mustard,sunshine-in-me-tee-1#White,semi-hard,0.412736539926182
Stacey,chill-out-slouch-top#Mustard,softly-swinging-bamboo-tee#Blush,random,0.4492640016930083
Stacey,contrast-pocket-tunic#Pinkpocket,ally-long-sleeve-tee#CosmosPr,hard,0.21645774324141748
Stacey,contrast-pocket-tunic#Pinkpocket,not-today-buttoned-cardigan#Almond,semi-hard,0.3380143339777765
Stacey,contrast-pocket-tunic#Pinkpocket,floral-nehru-print-shirt#Pink,random,0.5292194772776999
Stacey,endeavor-long-sleeve-tee#Stripe,capri-tank-3#White,hard,0.2703255977240038
Stacey,endeavor-long-sleeve-tee#Stripe,bo-cosy-cardigan#Blossom,semi-hard,0.30809431497128703
Stacey,endeavor-long-sleeve-tee#Stripe,the-daily-cross-over-top#PinkPrint,random,0.46121623996719197
Stacey,floating-by-you-blouse#SeaFleur,pure-merino-fine-rib-v-neck#Charcoal,hard,0.07977705933858692
Stacey,floating-by-you-blouse#SeaFleur,the-tie-sleeve-blouse#Grey,semi-hard,0.33979211104149903
Stacey,floating-by-you-blouse#SeaFleur,spot-layered-tee#Blue,random,0.4825334162899444
Stacey,foil-spot-jumper#SilverDot,millie-top#Blush,hard,0.2543841413183705
Stacey,foil-spot-jumper#SilverDot,diva-ruffle-jumper#Gold%20Spot,semi-hard,0.3347491753160342
Stacey,foil-spot-jumper#SilverDot,floral-nehru-print-shirt#Pink,random,0.5292194772776999
Stacey,frost-cardigan#Mauvewoo,birds-tee-1#Navy,hard,0.2614483485995019
Stacey,frost-cardigan#Mauvewoo,curve-hem-cable-knit-sweater-1#Sapphire,semi-hard,0.315857645419173
Stacey,frost-cardigan#Mauvewoo,the-cascade-blouse#Auburn,random,0.4471183998381121
Stacey,in-transit-cardi#Navy,the-cotton-bamboo-tee#DuckEgg,hard,0.18570101425068242
Stacey,in-transit-cardi#Navy,belle-half-sleeve-boat-tee#White,semi-hard,0.3320021280672325
Stacey,in-transit-cardi#Navy,the-v-neck-stripe-top#BlkStripe,random,0.6032228932348614
Stacey,juno-cardigan#GreyMarle,gloria-applique-crew#Charcoal,hard,0.23198406288521617
Stacey,juno-cardigan#GreyMarle,multi-sequin-dot-stripe-top#Navy,semi-hard,0.2869898108637092
Stacey,juno-cardigan#GreyMarle,milan-stretch-top#NavyWhtStr,random,0.43274477331503225
Stacey,layer-me-bamboo-rouched-sleeve-tee#Black,splice-knit-1#Multi,hard,0.27428210050204394
Stacey,layer-me-bamboo-rouched-sleeve-tee#Black,wellington-tee#ClaySpot,semi-hard,0.396033162518039
Stacey,layer-me-bamboo-rouched-sleeve-tee#Black,patchwork-tunic#Patchwork,random,0.45261634151580843
Stacey,layer-me-bamboo-rouched-sleeve-tee#Copper,paradising-buttoned-shirt#Wheat,hard,0.27820583561797796
Stacey,layer-me-bamboo-rouched-sleeve-tee#Copper,foil-print-top-2#Navy,semi-hard,0.31666636526893843
Stacey,layer-me-bamboo-rouched-sleeve-tee#Copper,long-sleeve-softly-swinging-bamboo-tee#Black,random,0.4327494773613939
Stacey,layer-me-bamboo-rouched-sleeve-tee#Fern,cara-tee-4#White,hard,0.22854169481372727
Stacey,layer-me-bamboo-rouched-sleeve-tee#Fern,silver-cross-sweater#Silver,semi-hard,0.29800992310920504
Stacey,layer-me-bamboo-rouched-sleeve-tee#Fern,long-sleeve-softly-swinging-bamboo-tee#Navy,random,0.4327494773613939
Stacey,layer-me-bamboo-rouched-sleeve-tee#White,ally-long-sleeve-tee#CosmosPr,hard,0.21645774324141748
Stacey,layer-me-bamboo-rouched-sleeve-tee#White,the-roll-neck-sweater#Natural,semi-hard,0.39104347580030313
Stacey,layer-me-bamboo-rouched-sleeve-tee#White,natural-textured-poncho#Deeprain,random,0.5502958579881657
Stacey,llama-long-sleeve-shirt#Mustard,fundamental-vee-tee#Black,hard,0.2543856507979019
Stacey,llama-long-sleeve-shirt#Mustard,lucy-rib-oversized-top#WhiteGrey,semi-hard,0.33309069819854825
Stacey,llama-long-sleeve-shirt#Mustard,the-cotton-bamboo-ls-top#Black,random,0.44244429273261826
Stacey,long-sleeve-check-top#Check,nova-lux-solid-v-neck-placket-shirt#CloudDance,hard,0.26341293620969386
Stacey,long-sleeve-check-top#Check,silver-cross-sweater#Silver,semi-hard,0.29800992310920504
Stacey,long-sleeve-check-top#Check,the-blouson-sleeve-jumper#Grey,random,0.45056242310621597
Stacey,multi-pattern-print-top#NavyMulti,magnolia-fields-keyhole-blouse#Magnolia,hard,0.25464682064752786
Stacey,multi-pattern-print-top#NavyMulti,belle-drape-tee#Black,semi-hard,0.42033601836364054
Stacey,multi-pattern-print-top#NavyMulti,billow-top#Peach,random,0.6585762424660532
Stacey,multi-stripe-jumper#NavyMulti,manhattan-stretch-tee#White,hard,0.22397900896840078
Stacey,multi-stripe-jumper#NavyMulti,drama-top#BlackGrey,semi-hard,0.3222795218327532
Stacey,multi-stripe-jumper#NavyMulti,sky-shirt#Clouds,random,0.5919675961075156
Stacey,open-plains-kimono-throw-1#Rust,reversible-scoopv-neck-tank#Navy,hard,0.26476951742088833
Stacey,open-plains-kimono-throw-1#Rust,natural-cross-back-knit#Lightsmoke,semi-hard,0.40955656971324467
Stacey,open-plains-kimono-throw-1#Rust,the-frill-detail-blouse#Chambray,random,0.49806440261675
Stacey,out-of-my-mind-scallop-knit#GreyMarle,renee-sweater#Sapphire,hard,0.2289289062042299
Stacey,out-of-my-mind-scallop-knit#GreyMarle,seeker-knot-front-shirt#Olive,semi-hard,0.28892345414350634
Stacey,out-of-my-mind-scallop-knit#GreyMarle,clio-knit-jumper#StoneBlack,random,0.47137110160720214
Stacey,partly-cloudy-knit#Black,mila-knit-cardigan#Black,hard,0.16704625344191223
Stacey,partly-cloudy-knit#Black,heartmade-sweater#Rust,semi-hard,0.40029842858697173
Stacey,partly-cloudy-knit#Black,relaxed-cape#Black,random,0.5626720956119281
Stacey,partly-cloudy-knit#PawPaw,st-helens-henley-tee#White,hard,0.2696917732468815
Stacey,partly-cloudy-knit#PawPaw,layered-sleeve-top#Moss,semi-hard,0.4080309915576753
Stacey,partly-cloudy-knit#PawPaw,the-textured-spot-top#Pink,random,0.49551713722573804
Stacey,poncho-2#NavySilver,monaco-knot-top#HeatheGrey,hard,0.24577048318888162
Stacey,poncho-2#NavySilver,bertie-top#BlkCherry,semi-hard,0.2912193725108533
Stacey,poncho-2#NavySilver,the-drape-tee-1#Black,random,0.5138254376095742
Stacey,robyn-top-1#Roanne,weekend-cardigan#Black,hard,0.26609996670177827
Stacey,robyn-top-1#Roanne,ruffle-hem-jersey-top#Pink,semi-hard,0.34344692341169875
Stacey,robyn-top-1#Roanne,belle-handkerchief-printed-cami#RustFlwrs,random,0.5551085457763867
Stacey,sequin-heart-layered-top#Natural,back-to-you-top#BlackMagic,hard,0.21742651524843343
Stacey,sequin-heart-layered-top#Natural,the-crossover-2-way-blouse#Black,semi-hard,0.374301504537605
Stacey,sequin-heart-layered-top#Natural,belle-deep-v-mesh-top#Black,random,0.5200172454300134
Stacey,sequin-spot-cardi#Grey,fundamental-vee-tee#Navy,hard,0.2543856507979019
Stacey,sequin-spot-cardi#Grey,alberta-stripe-top#IvoryStrip,semi-hard,0.33188626056785125
Stacey,sequin-spot-cardi#Grey,the-everyday-shirt#Pink,random,0.5161774171998168
Stacey,side-buttoned-sweater#Buttoned,the-long-sleeve-v-neck-tee#Navy,hard,0.21023808975813651
Stacey,side-buttoned-sweater#Buttoned,fundamental-sydney-crew#Burgundy,semi-hard,0.35156493422256124
Stacey,side-buttoned-sweater#Buttoned,the-boat-neck-top-1#NavyWhite,random,0.46806209580322844
Stacey,skipping-stones-tunic#Forest,rika-top#BatikTile,hard,0.24571431859403792
Stacey,skipping-stones-tunic#Forest,paradise-cardi#MultiStrip,semi-hard,0.37101004954679745
Stacey,skipping-stones-tunic#Forest,the-asymmetrical-tank-top#HotPink,random,0.48826742462466266
Stacey,skipping-stones-tunic#Natural,mila-knit-cardigan#Clay,hard,0.16704625344191223
Stacey,skipping-stones-tunic#Natural,waterfall-cardi-1#Navy,semi-hard,0.3112958911668247
Stacey,skipping-stones-tunic#Natural,annabelle-sweater#Midnight,random,0.7006525734085304
Stacey,square-peg-pullover#SilverMix,splice-knit-1#Multi,hard,0.27428210050204394
Stacey,square-peg-pullover#SilverMix,belle-two-in-one-top#Charcoal,semi-hard,0.3350555697702363
Stacey,square-peg-pullover#SilverMix,long-sleeve-softly-swinging-bamboo-tee#Copper,random,0.4327494773613939
Stacey,striped-sleeve-sweater#Striped,stara-cardigan#GreyMarle,hard,0.24205575369757723
Stacey,striped-sleeve-sweater#Striped,the-long-sleeve-scoop-neck-tee#Black,semi-hard,0.3771164098658386
Stacey,striped-sleeve-sweater#Striped,paint-stroke-top#Strokes,random,0.48378917622471096
Stacey,the-bell-sleeve-top#BlkStripe,fundamental-vee-tee#Pink,hard,0.2543856507979019
Stacey,the-bell-sleeve-top#BlkStripe,waterfall-cardi-1#Navy,semi-hard,0.3112958911668247
Stacey,the-bell-sleeve-top#BlkStripe,milan-stretch-top#White,random,0.43274477331503225
Stacey,the-bell-sleeve-top#Grey,drapey-stripe-tee#Navy,hard,0.23992137703988972
Stacey,the-bell-sleeve-top#Grey,belle-square-neck-drape-tee#Vanilla,semi-hard,0.3970166668958286
Stacey,the-bell-sleeve-top#Grey,the-pleated-sleeve-top#Sage,random,0.4700919796121624
Stacey,the-belle-sleeve-print-top#NavyPrint,renee-sweater#Sapphire,hard,0.2289289062042299
Stacey,the-belle-sleeve-print-top#NavyPrint,ava-short-sleeve-linen-tee#Navy,semi-hard,0.32114980343886335
Stacey,the-belle-sleeve-print-top#NavyPrint,the-printed-v-split-top#Natural,random,0.565057073271631
Stacey,the-cotton-blend-stripe-jumper#BlueStripe,the-wrap-jersey-top-1#NavyStripe,hard,0.2542905834781039
Stacey,the-cotton-blend-stripe-jumper#BlueStripe,fundamental-rib-long-sleeve-tee#White,semi-hard,0.31403820447858094
Stacey,the-cotton-blend-stripe-jumper#BlueStripe,the-cross-over-top#NavyStripe,random,0.5176906965844513
Stacey,the-cotton-cardi#Khaki,maui-stretch-tee#Black,hard,0.27925108293947376
Stacey,the-cotton-cardi#Khaki,layered-tunic-1#Natural,semi-hard,0.3428121872687208
Stacey,the-cotton-cardi#Khaki,long-sleeve-softly-swinging-bamboo-tee#Storm,random,0.4327494773613939
Stacey,the-cotton-cardi#Navy,laurina-stripe-pullover#NightSky,hard,0.2691785502061859
Stacey,the-cotton-cardi#Navy,the-cosy-cardigan#Blue,semi-hard,0.43083953365750777
Stacey,the-cotton-cardi#Navy,grace-oversized-knit#InkWhite,random,0.495518713959308
Stacey,the-midi-waterfall-cardi#BlueMarle,back-to-you-top#BlackMagic,hard,0.21742651524843343
Stacey,the-midi-waterfall-cardi#BlueMarle,belle-v-neck-forgiver-tunic#DenimMarl,semi-hard,0.40148456938285304
Stacey,the-midi-waterfall-cardi#BlueMarle,woolly-spotted-hoodie#Navy,random,0.44379372259771566
Stacey,the-oversize-knit#GreyMarle,monaco-knot-top#ClaySpot,hard,0.24577048318888162
Stacey,the-oversize-knit#GreyMarle,capri-tank-6#HeatheGrey,semi-hard,0.28859180953417163
Stacey,the-oversize-knit#GreyMarle,sugar-snaps-layers-tank#NewBeige,random,0.4798605988180028
Stacey,the-oversize-knit#Ink,the-cotton-bamboo-tee#White,hard,0.18570101425068242
Stacey,the-oversize-knit#Ink,belle-v-neck-forgiver-tunic#Tobacco,semi-hard,0.40148456938285304
Stacey,the-oversize-knit#Ink,lurex-stitch-top#White,random,0.4480524052435433
Stacey,the-panel-hem-top#DenimMarle,york-linen-blend-long-cardigan#BurntOrang,hard,0.24979431473216152
Stacey,the-panel-hem-top#DenimMarle,ponte-spot-top#BlackWhite,semi-hard,0.4236011981979504
Stacey,the-panel-hem-top#DenimMarle,billow-top#Peach,random,0.6585762424660532
Stacey,the-panel-hem-top#Khaki,capri-tank-3#Navy,hard,0.2703255977240038
Stacey,the-panel-hem-top#Khaki,natural-detailed-sweater#Tinroof,semi-hard,0.39334346428242634
Stacey,the-panel-hem-top#Khaki,hem-frill-stripe-top#SoFrilled,random,0.5077040248403539
Stacey,the-reversible-cowl-neck-top-2#Ocean,st-helens-henley-tee#White,hard,0.2696917732468815
Stacey,the-reversible-cowl-neck-top-2#Ocean,elcos-top#LightGrey,semi-hard,0.31089864397923916
Stacey,the-reversible-cowl-neck-top-2#Ocean,the-shoulder-tie-top#Black,random,0.5288866370410136
Stacey,the-soft-knit-jumper#NavyStripe,elina-lace-frill-blouse#Black,hard,0.22400724819191253
Stacey,the-soft-knit-jumper#NavyStripe,geneva-v-neck-top#ClaySpot,semi-hard,0.3805190158552143
Stacey,the-soft-knit-jumper#NavyStripe,relaxed-cape#WhiteBlack,random,0.5626720956119281
Stacey,the-soft-knit-jumper#PinkStripe,cara-tee-3#Mustard,hard,0.23002098475455562
Stacey,the-soft-knit-jumper#PinkStripe,belle-square-neck-drape-tee#Vanilla,semi-hard,0.3970166668958286
Stacey,the-soft-knit-jumper#PinkStripe,prairie-romance-blouse#Blush,random,0.5764522239266554
Stacey,the-stripe-jersey-top#Blue,renee-sweater#Sapphire,hard,0.2289289062042299
Stacey,the-stripe-jersey-top#Blue,the-define-flute-sleeve-blouse#Black,semi-hard,0.4233128390350809
Stacey,the-stripe-jersey-top#Blue,the-on-or-off-the-shoulder-top#FrenchNavy,random,0.6087088300666801
Stacey,the-stripe-jersey-top#Pink,holly-rib-long-sleeve-tee#Black,hard,0.22503098916642056
Stacey,the-stripe-jersey-top#Pink,softly-swinging-bamboo-singlet#BlueJean,semi-hard,0.4116172346992579
Stacey,the-stripe-jersey-top#Pink,the-cut-out-shoulder-blouse#Blue,random,0.4383321118007224
Stacey,the-tie-detail-hoody#FrenchBlue,capri-tank-3#NavyStripe,hard,0.2703255977240038
Stacey,the-tie-detail-hoody#FrenchBlue,rory-spliced-zip-hoodie#Slate,semi-hard,0.2820396296663841
Stacey,the-tie-detail-hoody#FrenchBlue,long-sleeve-softly-swinging-bamboo-tee#Oyster,random,0.4327494773613939
Stacey,the-tie-detail-hoody#Pink,34-sleeve-shirt-1#SkyWhite,hard,0.2100033358003111
Stacey,the-tie-detail-hoody#Pink,boho-embroidered-top#BohoDenim,semi-hard,0.32218905020558813
Stacey,the-tie-detail-hoody#Pink,the-high-low-drape-tee#Sage,random,0.46338424862592525
Stacey,the-uneven-hem-knit-1#Sage,cuddled-longline-cardigan#Sunflower,hard,0.2052638839237142
Stacey,the-uneven-hem-knit-1#Sage,the-half-sleeve-tee#Black,semi-hard,0.2946130897581365
Stacey,the-uneven-hem-knit-1#Sage,the-cotton-bamboo-tank#Moonbeam,random,0.4472259203640446
Stacey,voyager-stripe-crew#Stripe,the-short-sleeve-wrap-jersey-top#Blue,hard,0.2235714494949072
Stacey,voyager-stripe-crew#Stripe,the-sleeveless-cross-over-blouse#Cobalt,semi-hard,0.42818847286703066
Stacey,voyager-stripe-crew#Stripe,sugar-snaps-round-neck-layer-tank#Black,random,0.5168739336498558
Stefania,cable-knit-sweater#Camel,nova-lux-long-sleeve-tie-top-1#SimplyGree,hard,0.2839685933970073
Stefania,cable-knit-sweater#Camel,overlay-top-2#Black,semi-hard,0.32200362533990057
Stefania,cable-knit-sweater#Camel,the-bonded-cotton-shirt#Pink,random,0.5758595068310763
Stefania,cool-breeze-jumper#Dust,layered-top-2#White,hard,0.26610313171628275
Stefania,cool-breeze-jumper#Dust,2-in-1-jumper#Navy,semi-hard,0.41601550785640184
Stefania,cool-breeze-jumper#Dust,rising-mist-jumper#Nickel,random,0.6569767441860465
Stefania,hayley-button-down#NavySparro,millie-top#Blush,hard,0.283020537614149
Stefania,hayley-button-down#NavySparro,falling-for-you-cardi#Black,semi-hard,0.32558139534883723
Stefania,hayley-button-down#NavySparro,triangle-detail-long-sleeve-tee#Navy,random,0.4915383306587907
Stefania,renee-sweater#Sapphire,forget-me-knot-tunic#ForgetMeK,hard,0.1082120989967747
Stefania,renee-sweater#Sapphire,the-soft-knit-jumper#NavyStripe,semi-hard,0.42987293215056344
Stefania,renee-sweater#Sapphire,the-stitch-detail-top#Pink,random,0.5726385927168794
Stefania,roll-with-me-jumper#Chalk,tutti-frutti-drop-shoulder-tee#Orange,hard,0.28070257258292575
Stefania,roll-with-me-jumper#Chalk,kimberly-spliced-top#Zebraprint,semi-hard,0.31121197194710026
Stefania,roll-with-me-jumper#Chalk,the-striped-top#BlueStripe,random,0.5560853605454211
Stefania,snug-as-a-bug-jumper#Smoke,square-nk-fray-trim-top#Denim,hard,0.28314386858653834
Stefania,snug-as-a-bug-jumper#Smoke,layered-sleeve-top#DarkBlue,semi-hard,0.4447588186966231
Stefania,snug-as-a-bug-jumper#Smoke,the-printed-v-split-top#Natural,random,0.555732911558387
Stefania,the-blouson-sleeve-jumper#Grey,pulkari-emb-top#Pulkari,hard,0.25058044036383303
Stefania,the-blouson-sleeve-jumper#Grey,rory-spliced-zip-hoodie#Slate,semi-hard,0.31392531511874544
Stefania,the-blouson-sleeve-jumper#Grey,the-cross-front-spot-blouse#NavySpot,random,0.6364726162912662
Stefania,the-blouson-sleeve-jumper#Navy,square-nk-fray-trim-top#Denim,hard,0.28314386858653834
Stefania,the-blouson-sleeve-jumper#Navy,waterfall-cardi-1#Black,semi-hard,0.3412386873735901
Stefania,the-blouson-sleeve-jumper#Navy,the-bell-sleeve-top#BlkStripe,random,0.5922435187952475
Stefania,the-check-pullover#PinkCheck,cherrington-top#GreyRose,hard,0.250998567155805
Stefania,the-check-pullover#PinkCheck,the-panel-hem-top#Khaki,semi-hard,0.378133811590036
Stefania,the-check-pullover#PinkCheck,the-cotton-bamboo-tank#White,random,0.47950209784218356
Stefania,the-contrast-knit-1#Navy,rib-tank-2#Red,hard,0.3026088982632952
Stefania,the-contrast-knit-1#Navy,jordan-top#PearlBlue,semi-hard,0.39397401353476813
Stefania,the-contrast-knit-1#Navy,long-sleeve-ruffle-shirt#White,random,0.4766446738987676
Stefania,the-contrast-knit-1#Sage,reversible-stripe-vee-scoop-neck-tank#BlackWhite,hard,0.2791424475401547
Stefania,the-contrast-knit-1#Sage,llama-long-sleeve-shirt#Mustard,semi-hard,0.4295625699956977
Stefania,the-contrast-knit-1#Sage,sugar-snaps-layers-tank#NewBeige,random,0.5167919824082515
Stefania,the-contrast-panel-top#BlkStripe,faith-jumper#Eventide,hard,0.2796651543573032
Stefania,the-contrast-panel-top#BlkStripe,rory-spliced-zip-hoodie#Silver,semi-hard,0.31392531511874544
Stefania,the-contrast-panel-top#BlkStripe,the-sleeveless-cross-over-blouse#Cobalt,random,0.46465275063262573
Stefania,the-contrast-panel-top#SageStripe,aztec-cardigan#Orange,hard,0.2324387943095903
Stefania,the-contrast-panel-top#SageStripe,the-zip-front-top#Blue,semi-hard,0.4280061855765761
Stefania,the-contrast-panel-top#SageStripe,beach-walk-shirt#Stormy,random,0.6371373771277871
Stefania,the-contrast-trim-knit#BlackWhite,printed-v-neck-blouse#NavyWhite,hard,0.2698042825194475
Stefania,the-contrast-trim-knit#BlackWhite,the-soft-knit-jumper#PinkStripe,semi-hard,0.42987293215056344
Stefania,the-contrast-trim-knit#BlackWhite,the-cotton-bamboo-tank#White,random,0.47950209784218356
Stefania,the-cross-over-poncho#Grey,mila-knit-cardigan#InkWhite,hard,0.22213943648359663
Stefania,the-cross-over-poncho#Grey,softly-swinging-bamboo-singlet#BlueJean,semi-hard,0.4458405982874233
Stefania,the-cross-over-poncho#Grey,the-sleeveless-cross-over-blouse#Cobalt,random,0.46465275063262573
Stefania,the-cross-over-poncho#Navy,animal-button-up-shirt#KhakiPrint,hard,0.27754630330087776
Stefania,the-cross-over-poncho#Navy,curve-hem-cable-knit-sweater-1#Sapphire,semi-hard,0.31472763471620585
Stefania,the-cross-over-poncho#Navy,the-reverse-sleeve-sweater#Navy,random,0.5133940154294329
Stefania,the-daily-essential-jumper#Grey,layer-me-bamboo-rouched-sleeve-tee#Black,hard,0.301217519788198
Stefania,the-daily-essential-jumper#Grey,the-asymmetrical-hem-sweater#Blush,semi-hard,0.4237241812204628
Stefania,the-daily-essential-jumper#Grey,triangle-detail-long-sleeve-tee#Bordeaux,random,0.4915383306587907
Stefania,the-french-cuff-shirt#White,wonderland-blouse#Ink,hard,0.2694347393274102
Stefania,the-french-cuff-shirt#White,the-half-sleeve-tee#White,semi-hard,0.35364277475404826
Stefania,the-french-cuff-shirt#White,the-crossover-button-blouse-1#Ornate,random,0.5822644449772236
Stefania,the-high-low-drape-tee#Grey,roll-neck-jumper-3#GreyMarl,hard,0.2586420562832768
Stefania,the-high-low-drape-tee#Grey,belle-longline-white-shirt#White,semi-hard,0.43731624709450995
Stefania,the-high-low-drape-tee#Grey,long-sleeve-softly-swinging-bamboo-tee#SilverScon,random,0.46360780532361257
Stefania,the-high-low-drape-tee#Sage,cotton-modal-print-top#PinkNavy,hard,0.29992641473854026
Stefania,the-high-low-drape-tee#Sage,spiced-stripe-tee#NavyWhite,semi-hard,0.3671939880489446
Stefania,the-high-low-drape-tee#Sage,milan-stretch-top#Black,random,0.46856872921851395
Stefania,the-pirate-in-me-shirt#White,magnolia-fields-keyhole-blouse#Magnolia,hard,0.2576525009016557
Stefania,the-pirate-in-me-shirt#White,the-side-ring-detail-blouse-1#Black,semi-hard,0.3880092054974357
Stefania,the-pirate-in-me-shirt#White,floral-embroidered-jumper#Navy,random,0.5259531264503137
Stefania,the-printed-side-ring-detail-blouse#Block,cara-tee-3#ZebraPrint,hard,0.25324622958687665
Stefania,the-printed-side-ring-detail-blouse#Block,jordan-top#PearlBlue,semi-hard,0.39397401353476813
Stefania,the-printed-side-ring-detail-blouse#Block,fundamental-split-hoodie-1#Khaki,random,0.5174976051239999
Stefania,the-relaxed-batwing-top#Denim%20Blue,the-short-sleeve-wrap-jersey-top#Blue,hard,0.2508896566164087
Stefania,the-relaxed-batwing-top#Denim%20Blue,block-sweater#Block,semi-hard,0.3132366138922928
Stefania,the-relaxed-batwing-top#Denim%20Blue,the-everyday-shirt#Rose,random,0.5549378420348942
Stefania,the-relaxed-batwing-top#PeachRose,long-sleeve-tee-2#NavyWhite,hard,0.22366038960390888
Stefania,the-relaxed-batwing-top#PeachRose,the-wrap-jersey-top#NavyWhite,semi-hard,0.31366221396006966
Stefania,the-relaxed-batwing-top#PeachRose,rama-top#Stonewash,random,0.6296427138040037
Stefania,the-relaxed-long-sleeve-tee#Black,eco-78-long-cardigan#DarkGreyM,hard,0.22992616738307547
Stefania,the-relaxed-long-sleeve-tee#Black,runaway-top#SoftPink,semi-hard,0.4218676653949795
Stefania,the-relaxed-long-sleeve-tee#Black,summer-whispers-kimono-1#Peacock,random,0.7791234155977717
Stefania,the-relaxed-long-sleeve-tee#Khaki,manhattan-stretch-tee#Black,hard,0.23075089219354444
Stefania,the-relaxed-long-sleeve-tee#Khaki,cotton-stripe-cardi-with-pockets#White,semi-hard,0.43294351584154317
Stefania,the-relaxed-long-sleeve-tee#Khaki,tab-sleeve-longline-shirt#Silver,random,0.586289886128481
Stefania,the-relaxed-long-sleeve-tee#Navy,reversible-scoopv-neck-tank#White,hard,0.2734463506005357
Stefania,the-relaxed-long-sleeve-tee#Navy,the-crossover-2-way-blouse#Black,semi-hard,0.37264351870171525
Stefania,the-relaxed-long-sleeve-tee#Navy,sugar-snaps-layers-tank#Black,random,0.5167919824082515
Stefania,the-relaxed-long-sleeve-tee#Pink,button-through-animal-shirt#Animal,hard,0.29671916775113527
Stefania,the-relaxed-long-sleeve-tee#Pink,layered-tee-2#Black,semi-hard,0.35919145485157733
Stefania,the-relaxed-long-sleeve-tee#Pink,relaxed-top-1#FloraStrip,random,0.509440182210501
Stefania,the-relaxed-long-sleeve-tee#White,striped-cardigan-3#Rainbow,hard,0.25769083648151553
Stefania,the-relaxed-long-sleeve-tee#White,clara-blouse#DarkFloral,semi-hard,0.3493593860151103
Stefania,the-relaxed-long-sleeve-tee#White,sugar-snaps-layers-tank#PeachyKeen,random,0.5167919824082515
Stefania,the-sleeve-detail-knit#Ivory,overlay-tunic-3-pce-set#Emerald,hard,0.17583529859893976
Stefania,the-sleeve-detail-knit#Ivory,lenka-lurex-stripe-blouse#NavyGoldSt,semi-hard,0.3453527296899162
Stefania,the-sleeve-detail-knit#Ivory,the-cotton-bamboo-tank#DuckEgg,random,0.47950209784218356
Stefania,the-zip-detail-jacket#Grey,cara-tee-2#Blush,hard,0.2329757634584304
Stefania,the-zip-detail-jacket#Grey,emerald-knit#Emerald,semi-hard,0.30446929354928515
Stefania,the-zip-detail-jacket#Grey,the-cross-over-blouse#Black,random,0.49067705455457855
Stefania,walk-in-the-park-cardi#Sand,ynes#Black,hard,0.2613309030532704
Stefania,walk-in-the-park-cardi#Sand,sparkly-star-tee#Blue,semi-hard,0.3417213713112748
Stefania,walk-in-the-park-cardi#Sand,flying-free-top-3#WhiteBird,random,0.4903093355061288
Stefania,weekend-vibes-blouse#Blush,capri-tank-3#White,hard,0.2936297773124834
Stefania,weekend-vibes-blouse#Blush,luxe-shirt#Black,semi-hard,0.36221669269784673
Stefania,weekend-vibes-blouse#Blush,the-stripe-crossover-blouse#Bluestripe,random,0.5390493886358187
Summer,aida-long-tunic-shirt#AidaStripe,the-cotton-bamboo-tee#White,hard,0.3024215367965368
Summer,aida-long-tunic-shirt#AidaStripe,the-cotton-bamboo-ls-top#Black,semi-hard,0.5487012987012987
Summer,aida-long-tunic-shirt#AidaStripe,the-cross-over-printed-blouse#Leopard,random,0.6711816829004329
Summer,alberta-stripe-top#IvoryStrip,falling-for-you-cardi#Teal,hard,0.3409090909090909
Summer,alberta-stripe-top#IvoryStrip,falling-for-you-tunic#Rust,semi-hard,0.5317573051948052
Summer,alberta-stripe-top#IvoryStrip,floral-nehru-print-shirt#Pink,random,0.7164333062770563
Summer,ally-long-sleeve-tee#CosmosPr,niue-neck-tie-shirt#LightBlue,hard,0.3338068181818182
Summer,ally-long-sleeve-tee#CosmosPr,overlay-top-2#Black,semi-hard,0.4400027056277056
Summer,ally-long-sleeve-tee#CosmosPr,the-cut-out-shoulder-blouse#Silver,random,0.6137040043290043
Summer,always-mine-spliced-cardigan#GreyEmeral,meadow-cardigan#Cream,hard,0.3346185064935065
Summer,always-mine-spliced-cardigan#GreyEmeral,the-dobby-sleeve-tee#InkBlue,semi-hard,0.5398629148629149
Summer,always-mine-spliced-cardigan#GreyEmeral,falling-for-you-top#Blue,random,0.7175324675324675
Summer,back-to-you-top#BlackMagic,the-wrap-jersey-top-1#NavyStripe,hard,0.38852813852813856
Summer,back-to-you-top#BlackMagic,the-weekender-shirt#GreyStripe,semi-hard,0.5444173881673882
Summer,back-to-you-top#BlackMagic,the-multi-stripe-cardi#Stripe,random,0.6401515151515151
Summer,back-to-you-top#Rust,pulkari-emb-top#Pulkari,hard,0.35890151515151514
Summer,back-to-you-top#Rust,belle-half-sleeve-forgiver-tunic#Apricot,semi-hard,0.541210091991342
Summer,back-to-you-top#Rust,softly-swinging-bamboo-tee#Blush,random,0.6108630952380952
Summer,beloved-stripe-pull-over-hoodie#NavyWhite,button-through-animal-shirt#Animal,hard,0.4099025974025974
Summer,beloved-stripe-pull-over-hoodie#NavyWhite,the-tie-front-tank#White,semi-hard,0.5429349296536796
Summer,beloved-stripe-pull-over-hoodie#NavyWhite,the-stitch-v-neck-knit#DenimMarle,random,0.7078373015873015
Summer,block-sweater#Block,cable-knit-sweater#Camel,hard,0.331642316017316
Summer,block-sweater#Block,wellington-tee#HeatheGrey,semi-hard,0.5601325757575758
Summer,block-sweater#Block,selma-top-1#IndoStripe,random,0.6063311688311689
Summer,block-vest#Blockvest,cotton-modal-print-top#PinkNavy,hard,0.4134875541125541
Summer,block-vest#Blockvest,the-panel-hem-top#DenimMarle,semi-hard,0.505174512987013
Summer,block-vest#Blockvest,rising-mist-jumper#Nickel,random,0.6647727272727273
Summer,capri-tank-3#Black,westward-top#BotanicalD,hard,0.3939055735930736
Summer,capri-tank-3#Black,belle-drape-tee#Black,semi-hard,0.589065882034632
Summer,capri-tank-3#Black,sugar-snaps-round-neck-layer-tank#Black,random,0.6939596861471862
Summer,capri-tank-3#Navy,the-cotton-bamboo-tee#BlueJeans,hard,0.3024215367965368
Summer,capri-tank-3#Navy,llama-long-sleeve-shirt#Mustard,semi-hard,0.5643488455988456
Summer,capri-tank-3#Navy,natural-pattern-cocoon-cardigan#Blossom,random,0.6789321789321789
Summer,capri-tank-3#NavyStripe,double-layered-top-1#WBlack,hard,0.3671536796536796
Summer,capri-tank-3#NavyStripe,the-relaxed-long-sleeve-tee#Black,semi-hard,0.5016233766233766
Summer,capri-tank-3#NavyStripe,sugar-snaps-layers-tank#Black,random,0.657433712121212
Summer,capri-tank-3#White,geena-xo-ls-pullover-knit#Allure,hard,0.34484916125541126
Summer,capri-tank-3#White,willow-knot-top#WhiteBlk,semi-hard,0.4789975649350649
Summer,capri-tank-3#White,2-in-1-layered-knit-top#Navy,random,0.596387987012987
Summer,cherrington-top#GreyRose,mila-knit-cardigan#StoneBlack,hard,0.3073593073593074
Summer,cherrington-top#GreyRose,the-define-flute-sleeve-blouse#Black,semi-hard,0.5894040854978355
Summer,cherrington-top#GreyRose,the-v-neck-stripe-top#BlkStripe,random,0.7302038239538239
Summer,circles-knit#Plum,bamboo-layer-tank#Black,hard,0.2921063311688311
Summer,circles-knit#Plum,sequin-cross-2-in-1-top#Khaki,semi-hard,0.4426068722943723
Summer,circles-knit#Plum,sontana-blouse#Stone,random,0.6003111471861471
Summer,clovis-shirt#NavyGold,eco-78-long-cardigan#DarkGreyM,hard,0.32136093073593075
Summer,clovis-shirt#NavyGold,multi-stripe-jumper#NavyMulti,semi-hard,0.5534361471861472
Summer,clovis-shirt#NavyGold,je-taime-knit#Navy,random,0.6180330086580087
Summer,contrast-pocket-tunic#Pinkpocket,soho-v-neck-blouse#SohoPrint,hard,0.3925414862914863
Summer,contrast-pocket-tunic#Pinkpocket,waterfall-cardi-1#Navy,semi-hard,0.45863771645021645
Summer,contrast-pocket-tunic#Pinkpocket,the-boat-neck-top-1#Ink,random,0.642282196969697
Summer,cool-breeze-jumper#Dust,drapey-stripe-tee#Navy,hard,0.3377637987012987
Summer,cool-breeze-jumper#Dust,celestial-woven-top#White,semi-hard,0.5198525432900433
Summer,cool-breeze-jumper#Dust,the-on-or-off-the-shoulder-top#Pink,random,0.7842261904761905
Summer,crosses-jumper#xmyheart,amira-sweater#Cream,hard,0.38622835497835495
Summer,crosses-jumper#xmyheart,willow-knot-top#WhiteBlk,semi-hard,0.4789975649350649
Summer,crosses-jumper#xmyheart,be-mine-top-1#Sage,random,0.8729482323232324
Summer,cuddled-longline-cardigan#Sunflower,aztec-cardigan#Orange,hard,0.3406554383116883
Summer,cuddled-longline-cardigan#Sunflower,cooks-shirt#Stripes,semi-hard,0.4419304653679653
Summer,cuddled-longline-cardigan#Sunflower,the-linen-tie-sleeve-top#GreyMarle,random,0.6981026785714286
Summer,dot-to-dot-knit-1#GreyMarle,hannah-tee-1#Black,hard,0.3724296536796537
Summer,dot-to-dot-knit-1#GreyMarle,the-cotton-blend-stripe-jumper#BlueStripe,semi-hard,0.5221861471861472
Summer,dot-to-dot-knit-1#GreyMarle,ivy-cosy-pullover#Blossom,random,0.6641301406926406
Summer,emerald-knit#Emerald,analia-top#White,hard,0.2910579004329004
Summer,emerald-knit#Emerald,chasing-birds-blouse#White,semi-hard,0.578327922077922
Summer,emerald-knit#Emerald,the-bonded-cotton-shirt#Pink,random,0.7297923430735931
Summer,faith-jumper#Eventide,the-panel-luxe-top#BlkWhite,hard,0.3549445346320347
Summer,faith-jumper#Eventide,chasing-birds-blouse#White,semi-hard,0.578327922077922
Summer,faith-jumper#Eventide,long-sleeve-softly-swinging-bamboo-tee#Oyster,random,0.5966078192640693
Summer,felicity-cardigan#Dewkist,dusk-top#DuskPrint,hard,0.3686079545454546
Summer,felicity-cardigan#Dewkist,the-midi-waterfall-cardi#BlueMarle,semi-hard,0.5885585768398268
Summer,felicity-cardigan#Dewkist,softly-falling-bamboo-tunic#Copper,random,0.6567234848484849
Summer,fundamental-rib-long-sleeve-tee#Black,york-linen-blend-long-cardigan#BurntOrang,hard,0.4085159632034632
Summer,fundamental-rib-long-sleeve-tee#Black,maui-stretch-tee#NavyWhtStr,semi-hard,0.4181547619047619
Summer,fundamental-rib-long-sleeve-tee#Black,the-sleeveless-cross-over-blouse#White,random,0.599313446969697
Summer,fundamental-rib-long-sleeve-tee#White,falling-for-you-cardi#Rust,hard,0.3409090909090909
Summer,fundamental-rib-long-sleeve-tee#White,silver-cross-sweater#Silver,semi-hard,0.4464285714285714
Summer,fundamental-rib-long-sleeve-tee#White,coil-print-hi-lo-shirt#White,random,0.6394412878787878
Summer,fundamental-split-hoodie#Navy,natural-classic-cardigan#Pebble,hard,0.27827380952380953
Summer,fundamental-split-hoodie#Navy,geneva-v-neck-top#HeatheGrey,semi-hard,0.5446428571428572
Summer,fundamental-split-hoodie#Navy,the-reverse-sleeve-sweater#Navy,random,0.6609172077922079
Summer,fundamental-split-hoodie#Pink,cara-tee-4#Black,hard,0.3598823051948052
Summer,fundamental-split-hoodie#Pink,freya-fringe-blouse#Navy,semi-hard,0.4368235930735931
Summer,fundamental-split-hoodie#Pink,the-double-layer-top#Black,random,0.7623275162337663
Summer,fundamental-sydney-crew#Burgundy,westward-top#BotanicalD,hard,0.3939055735930736
Summer,fundamental-sydney-crew#Burgundy,sailaway-blouse#OxfordBlue,semi-hard,0.5760732323232323
Summer,fundamental-sydney-crew#Burgundy,the-cross-over-blouse#Black,random,0.6341653138528138
Summer,fundamental-sydney-crew#GreyMarle,meadow-cardigan#Cream,hard,0.3346185064935065
Summer,fundamental-sydney-crew#GreyMarle,sequin-star-tee#Navy,semi-hard,0.5332792207792207
Summer,fundamental-sydney-crew#GreyMarle,belle-flocked-tunic#Pale%20Blue,random,0.9103929924242423
Summer,fundamental-sydney-crew#Navy,cara-tee-4#Black,hard,0.3598823051948052
Summer,fundamental-sydney-crew#Navy,foil-striped-2-in-1-top#Blue,semi-hard,0.5295364357864357
Summer,fundamental-sydney-crew#Navy,belle-flute-sleeve-tee#Navy,random,0.9115428841991342
Summer,fundamental-vee-tee#Black,melbourne-stretch-cardigan#Navy,hard,0.39152123917748916
Summer,fundamental-vee-tee#Black,the-contrast-panel-top#BlkStripe,semi-hard,0.5664231601731602
Summer,fundamental-vee-tee#Black,lurex-stitch-top#White,random,0.622463474025974
Summer,fundamental-vee-tee#GreyMarle,printed-v-neck-blouse#NavyWhite,hard,0.3795319264069264
Summer,fundamental-vee-tee#GreyMarle,the-relaxed-long-sleeve-tee#Khaki,semi-hard,0.5016233766233766
Summer,fundamental-vee-tee#GreyMarle,layered-stripe-top#PinkStripe,random,0.596387987012987
Summer,fundamental-vee-tee#Navy,the-cotton-bamboo-tee#DuckEgg,hard,0.3024215367965368
Summer,fundamental-vee-tee#Navy,panelled-stripe-top#NavyWhite,semi-hard,0.4883658008658009
Summer,fundamental-vee-tee#Navy,the-drape-tee-1#Navy,random,0.6330717893217893
Summer,fundamental-vee-tee#Pink,saba-top-2#Catus,hard,0.3678300865800866
Summer,fundamental-vee-tee#Pink,walk-in-the-park-cardi#Sand,semi-hard,0.5701659451659452
Summer,fundamental-vee-tee#Pink,softly-falling-bamboo-tunic#Copper,random,0.6567234848484849
Summer,fundamental-vee-tee#White,falling-for-you-cardi#Khaki,hard,0.3409090909090909
Summer,fundamental-vee-tee#White,seeker-knot-front-shirt#Olive,semi-hard,0.43526785714285715
Summer,fundamental-vee-tee#White,the-on-or-off-the-shoulder-top#FrenchNavy,random,0.7842261904761905
Summer,hacienda-tunic-5#PatchGold,mila-knit-cardigan#InkWhite,hard,0.3073593073593074
Summer,hacienda-tunic-5#PatchGold,the-tie-sleeve-blouse#Grey,semi-hard,0.49697307900432897
Summer,hacienda-tunic-5#PatchGold,the-crossover-button-blouse-1#Ornate,random,0.7090097402597402
Summer,haze-swing-top#OffWhite,cotton-modal-print-top#PinkNavy,hard,0.4134875541125541
Summer,haze-swing-top#OffWhite,the-batwing-tee#Black,semi-hard,0.4204545454545454
Summer,haze-swing-top#OffWhite,jasmine-singlet#White,random,0.6340638528138528
Summer,hem-frill-stripe-top#Frilled,born-to-run-shirt-jacket#Leopard,hard,0.35186688311688313
Summer,hem-frill-stripe-top#Frilled,clara-blouse#DarkFloral,semi-hard,0.4677353896103896
Summer,hem-frill-stripe-top#Frilled,the-boat-neck-top-1#Ink,random,0.642282196969697
Summer,hem-frill-stripe-top#SoFrilled,cara-tee-2#BlackSpot,hard,0.3157467532467532
Summer,hem-frill-stripe-top#SoFrilled,capri-tank-6#ClaySpot,semi-hard,0.4325960497835498
Summer,hem-frill-stripe-top#SoFrilled,flying-free-top-3#WhiteBird,random,0.6270630411255411
Summer,jewel-knit#GreyMarle,the-relax-blouse#White,hard,0.3796502976190476
Summer,jewel-knit#GreyMarle,runaway-top#JetBlack,semi-hard,0.5193903318903319
Summer,jewel-knit#GreyMarle,the-stitch-v-neck-knit#DenimMarle,random,0.7078373015873015
Summer,jordan-top#PearlBlue,the-reversible-cowl-neck-top-2#Ocean,hard,0.27397862554112556
Summer,jordan-top#PearlBlue,sailaway-blouse#OxfordBlue,semi-hard,0.5760732323232323
Summer,jordan-top#PearlBlue,the-daily-essential-jumper#Grey,random,0.7548701298701298
Summer,knit-hoodie-1#Sage,hannah-tee-1#RedWhite,hard,0.3724296536796537
Summer,knit-hoodie-1#Sage,on-the-open-road-maxi-shirt#DarkOchre,semi-hard,0.5661356872294372
Summer,knit-hoodie-1#Sage,belle-poncho-sleeved-knit#BlueMarle,random,0.7994791666666666
Summer,lake-house-top#CoalPrint,millie-top#WhiteBlk,hard,0.39427759740259744
Summer,lake-house-top#CoalPrint,geneva-v-neck-top#Olive,semi-hard,0.5446428571428572
Summer,lake-house-top#CoalPrint,rising-mist-jumper#Nickel,random,0.6647727272727273
Summer,layered-tee-2#Black,eco-78-long-cardigan#LightGreyM,hard,0.32136093073593075
Summer,layered-tee-2#Black,the-midi-waterfall-cardi#BlueMarle,semi-hard,0.5885585768398268
Summer,layered-tee-2#Black,anna-top#Leona,random,0.6970711580086579
Summer,layered-tee-2#White,monaco-knot-top#HeatheGrey,hard,0.24837662337662336
Summer,layered-tee-2#White,geneva-v-neck-top#Black,semi-hard,0.5446428571428572
Summer,layered-tee-2#White,clio-knit-jumper#StoneBlack,random,0.6833513708513709
Summer,long-sleeve-check-top#Check,dusk-top#DuskPrint,hard,0.3686079545454546
Summer,long-sleeve-check-top#Check,still-the-one-ruffle-blouse#Spot,semi-hard,0.47862554112554107
Summer,long-sleeve-check-top#Check,moonlight-kisses-bamboo-tee#White,random,0.6004633387445887
Summer,long-sleeve-spot-top#Multispot,the-cotton-bamboo-tee#BlueJeans,hard,0.3024215367965368
Summer,long-sleeve-spot-top#Multispot,belle-half-sleeve-forgiver-tunic#BlueBonnet,semi-hard,0.541210091991342
Summer,long-sleeve-spot-top#Multispot,long-sleeve-softly-swinging-bamboo-tee#Oyster,random,0.5966078192640693
Summer,magnolia-fields-keyhole-blouse#Magnolia,cotton-modal-print-top#PinkNavy,hard,0.4134875541125541
Summer,magnolia-fields-keyhole-blouse#Magnolia,marjorie-tie-blouse#BluePrint,semi-hard,0.46519886363636365
Summer,magnolia-fields-keyhole-blouse#Magnolia,fundamental-split-hoodie-1#Lilac,random,0.6608664772727272
Summer,makeover-blouse#LimeGreen,cara-tee-2#Blush,hard,0.3157467532467532
Summer,makeover-blouse#LimeGreen,the-dobby-sleeve-tee#InkBlue,semi-hard,0.5398629148629149
Summer,makeover-blouse#LimeGreen,belle-flocked-tunic#White,random,0.9103929924242423
Summer,marlow-cardigan#Cream,mila-knit-cardigan#Black,hard,0.3073593073593074
Summer,marlow-cardigan#Cream,jade-kimono-kaleidoscope#Blue,semi-hard,0.5281385281385281
Summer,marlow-cardigan#Cream,je-taime-knit#Navy,random,0.6180330086580087
Summer,napoleon-top-1#NemoBlue,elina-lace-frill-blouse#Black,hard,0.29413555194805197
Summer,napoleon-top-1#NemoBlue,wellington-tee#ClaySpot,semi-hard,0.5601325757575758
Summer,napoleon-top-1#NemoBlue,the-on-or-off-the-shoulder-top#FrenchNavy,random,0.7842261904761905
Summer,napoleon-top-1#NemoRed,leary-cardigan#Pine,hard,0.3196699134199134
Summer,napoleon-top-1#NemoRed,bird-print-jumper#Navy,semi-hard,0.48024891774891776
Summer,napoleon-top-1#NemoRed,sugar-snaps-layers-tank#Blue,random,0.657433712121212
Summer,nature-ls-top#BlueGum,analia-jersey-top#Navy,hard,0.4029694264069264
Summer,nature-ls-top#BlueGum,indi-crosover-front-blouse#MixedStrip,semi-hard,0.4371843434343434
Summer,nature-ls-top#BlueGum,long-sleeve-softly-swinging-bamboo-tee#Smoke,random,0.5966078192640693
Summer,never-ending-winter-knit-top#DeluxeGree,cara-tee-4#BlackWhite,hard,0.3598823051948052
Summer,never-ending-winter-knit-top#DeluxeGree,maui-stretch-tee#NavyWhtStr,semi-hard,0.4181547619047619
Summer,never-ending-winter-knit-top#DeluxeGree,floral-embroidered-jumper#Navy,random,0.6711140422077922
Summer,nova-lux-long-sleeve-tie-top#AidaStripe,elina-lace-frill-blouse#Black,hard,0.29413555194805197
Summer,nova-lux-long-sleeve-tie-top#AidaStripe,lola-bell-sleeve-top-ditsy-daisies#Blue,semi-hard,0.5287698412698413
Summer,nova-lux-long-sleeve-tie-top#AidaStripe,sugar-snaps-throw-jacket#Black,random,0.8036390692640693
Summer,nova-lux-long-sleeve-tie-top-1#CloudDance,shirt-in-a-box#Silver,hard,0.3280911796536796
Summer,nova-lux-long-sleeve-tie-top-1#CloudDance,the-pocket-tee#NavyStripe,semi-hard,0.5695797258297258
Summer,nova-lux-long-sleeve-tie-top-1#CloudDance,the-stripe-crossover-blouse#Bluestripe,random,0.6622023809523809
Summer,nova-lux-long-sleeve-tie-top-1#NightSky,button-through-animal-shirt#Animal,hard,0.4099025974025974
Summer,nova-lux-long-sleeve-tie-top-1#NightSky,sandy-off-the-shoulder-top#Gingham,semi-hard,0.43591044372294374
Summer,nova-lux-long-sleeve-tie-top-1#NightSky,clio-knit-jumper#InkWhite,random,0.6833513708513709
Summer,nova-lux-long-sleeve-tie-top-1#SimplyGree,millie-top#Moss,hard,0.39427759740259744
Summer,nova-lux-long-sleeve-tie-top-1#SimplyGree,the-soft-knit-jumper#PinkStripe,semi-hard,0.5335497835497836
Summer,nova-lux-long-sleeve-tie-top-1#SimplyGree,sugar-snaps-layers-tank#Red,random,0.657433712121212
Summer,nova-lux-solid-v-neck-placket-shirt#CloudDance,the-panel-luxe-top#SilvWhite,hard,0.3549445346320347
Summer,nova-lux-solid-v-neck-placket-shirt#CloudDance,overlay-top-2#Black,semi-hard,0.4400027056277056
Summer,nova-lux-solid-v-neck-placket-shirt#CloudDance,rising-mist-jumper#Nickel,random,0.6647727272727273
Summer,off-shoulder-top-2#FloraLace,robyn-top-1#Roanne,hard,0.3629148629148629
Summer,off-shoulder-top-2#FloraLace,ella-funnel-neck-top#Khaki,semi-hard,0.5436789772727273
Summer,off-shoulder-top-2#FloraLace,the-daily-essential-jumper#Grey,random,0.7548701298701298
Summer,paint-stroke-top#Strokes,tutti-frutti-drop-shoulder-tee#Orange,hard,0.3928571428571429
Summer,paint-stroke-top#Strokes,the-long-sleeve-scoop-neck-tee#White,semi-hard,0.5071699134199135
Summer,paint-stroke-top#Strokes,sugar-snaps-throw-jacket#Black,random,0.8036390692640693
Summer,paradising-buttoned-shirt#Wheat,amira-sweater#Cream,hard,0.38622835497835495
Summer,paradising-buttoned-shirt#Wheat,animal-knit-1#Animal,semi-hard,0.530370670995671
Summer,paradising-buttoned-shirt#Wheat,first-love-kimono-jacket#Stone,random,0.6004464285714286
Summer,peasant-top-3#Denim,melbourne-stretch-cardigan#NavyWhtStr,hard,0.39152123917748916
Summer,peasant-top-3#Denim,ponte-spot-top#BlackWhite,semi-hard,0.5840435606060606
Summer,peasant-top-3#Denim,the-cross-over-blouse#Mint,random,0.6341653138528138
Summer,printed-tunic-7#RedCheck,long-sleeve-tee-2#NavyWhite,hard,0.2922754329004329
Summer,printed-tunic-7#RedCheck,ember-knit#EmberGlow,semi-hard,0.5066964285714286
Summer,printed-tunic-7#RedCheck,fundamental-split-hoodie-1#Khaki,random,0.6608664772727272
Summer,printed-v-neck-top#Striped,curve-hem-cable-knit-sweater-1#Sapphire,hard,0.40665584415584416
Summer,printed-v-neck-top#Striped,belle-half-sleeve-forgiver-tunic#FlamPink,semi-hard,0.541210091991342
Summer,printed-v-neck-top#Striped,the-tie-detail-hoody#Pink,random,0.5987554112554112
Summer,rama-top#Stonewash,the-short-sleeve-wrap-jersey-top#Black,hard,0.35907061688311687
Summer,rama-top#Stonewash,belle-half-sleeve-forgiver-tunic#MutedClay,semi-hard,0.541210091991342
Summer,rama-top#Stonewash,the-luxe-cotton-tunic#White,random,0.6424682088744589
Summer,relaxed-top-1#FloraStrip,stara-cardigan#GreyMarle,hard,0.3323863636363636
Summer,relaxed-top-1#FloraStrip,belle-v-neck-forgiver-tunic#Scarlett,semi-hard,0.5705323322510822
Summer,relaxed-top-1#FloraStrip,clio-knit-jumper#InkWhite,random,0.6833513708513709
Summer,rib-tank-2#Black,bamboo-layer-tank#Black,hard,0.2921063311688311
Summer,rib-tank-2#Black,the-design-fold-tunic-top#PearlBlue,semi-hard,0.45314754689754694
Summer,rib-tank-2#Black,floating-by-you-blouse#SeaFleur,random,0.7505918560606061
Summer,rib-tank-2#Khaki,double-layered-top-1#WSilver,hard,0.3671536796536796
Summer,rib-tank-2#Khaki,layered-tunic-1#White,semi-hard,0.4437905844155844
Summer,rib-tank-2#Khaki,lavaux-bell-sleeve#Mustard,random,1.008488906926407
Summer,rib-tank-2#Mustard,high-neck-tie-top#Black,hard,0.2801001082251082
Summer,rib-tank-2#Mustard,the-define-flute-sleeve-blouse#White,semi-hard,0.5894040854978355
Summer,rib-tank-2#Mustard,the-daily-cross-over-top#PinkPrint,random,0.6047077922077921
Summer,rib-tank-2#Navy,eco-78-long-cardigan#LightGreyM,hard,0.32136093073593075
Summer,rib-tank-2#Navy,viola-kimono-radiant-floral#Grey,semi-hard,0.5397727272727273
Summer,rib-tank-2#Navy,ivy-cosy-pullover#Storm,random,0.6641301406926406
Summer,rib-tank-2#Red,holly-rib-long-sleeve-tee#Black,hard,0.2599770021645022
Summer,rib-tank-2#Red,the-long-sleeve-scoop-neck-tee#Grey,semi-hard,0.5071699134199135
Summer,rib-tank-2#Red,clio-knit-jumper#StoneBlack,random,0.6833513708513709
Summer,rib-tank-2#White,double-layered-top-1#WBlack,hard,0.3671536796536796
Summer,rib-tank-2#White,sequin-star-tee#Navy,semi-hard,0.5332792207792207
Summer,rib-tank-2#White,be-mine-top-1#Sage,random,0.8729482323232324
Summer,shell-top-3#PapBlue,cara-tee-4#BlackWhite,hard,0.3598823051948052
Summer,shell-top-3#PapBlue,jade-kimono-sweet-blossoms#Blue,semi-hard,0.5281385281385281
Summer,shell-top-3#PapBlue,lurex-stitch-top#White,random,0.622463474025974
Summer,side-buttoned-sweater#Buttoned,cara-tee-4#White,hard,0.3598823051948052
Summer,side-buttoned-sweater#Buttoned,layered-tunic-1#PalePink,semi-hard,0.4437905844155844
Summer,side-buttoned-sweater#Buttoned,long-sleeve-softly-swinging-bamboo-tee#Smoke,random,0.5966078192640693
Summer,sky-jumper-1#Clouds,aztec-cardigan#Orange,hard,0.3406554383116883
Summer,sky-jumper-1#Clouds,picnic-top#BlackWhite,semi-hard,0.4395292207792208
Summer,sky-jumper-1#Clouds,pattern-tunic-1#Lattice,random,1.0558373917748918
Summer,sky-shirt#Clouds,melbourne-stretch-cardigan#NavyWhtStr,hard,0.39152123917748916
Summer,sky-shirt#Clouds,horizontal-cabel-pullover#EnglishRos,semi-hard,0.46374458874458874
Summer,sky-shirt#Clouds,long-sleeve-softly-swinging-bamboo-tee#Fern,random,0.5966078192640693
Summer,splice-knit-1#Multi,cara-tee-3#ZebraPrint,hard,0.3613027597402597
Summer,splice-knit-1#Multi,the-tie-front-tank#White,semi-hard,0.5429349296536796
Summer,splice-knit-1#Multi,milan-stretch-top#Navy,random,0.6035240800865801
Summer,square-nk-fray-trim-top#Denim,lenka-lurex-stripe-blouse#NavyGoldSt,hard,0.4009063852813852
Summer,square-nk-fray-trim-top#Denim,capri-tank-6#Olive,semi-hard,0.4325960497835498
Summer,square-nk-fray-trim-top#Denim,billow-top#Peach,random,0.8765219155844156
Summer,st-helens-henley-tee#Sapphire,falling-for-you-cardi#Black,hard,0.3409090909090909
Summer,st-helens-henley-tee#Sapphire,coogee-shirt#White,semi-hard,0.44926948051948046
Summer,st-helens-henley-tee#Sapphire,sugar-snaps-round-neck-layer-tank#DuckEgg,random,0.6939596861471862
Summer,st-helens-henley-tee#White,mila-knit-cardigan#Clay,hard,0.3073593073593074
Summer,st-helens-henley-tee#White,foil-spot-tee-1#Navy,semi-hard,0.4664163961038961
Summer,st-helens-henley-tee#White,jersey-split-back-hooded-top#NavyStrip,random,0.7170589826839827
Summer,striped-sleeve-sweater#Striped,cyrus-top#LightRose,hard,0.40537067099567103
Summer,striped-sleeve-sweater#Striped,falling-for-you-tunic#Black,semi-hard,0.5317573051948052
Summer,striped-sleeve-sweater#Striped,print-tee-3#Boats,random,0.8663194444444443
Summer,stud-trim-long-sleeve-top#Mint,long-sleeve-tee-2#NavyWhite,hard,0.2922754329004329
Summer,stud-trim-long-sleeve-top#Mint,ines-top#NavyStrip,semi-hard,0.43117559523809523
Summer,stud-trim-long-sleeve-top#Mint,milan-stretch-top#SilverMarl,random,0.6035240800865801
Summer,tab-sleeve-longline-shirt#Navy,reversible-stripe-vee-scoop-neck-tank#BlackWhite,hard,0.3908955627705628
Summer,tab-sleeve-longline-shirt#Navy,belle-v-neck-forgiver-tunic#Black,semi-hard,0.5705323322510822
Summer,tab-sleeve-longline-shirt#Navy,milan-stretch-top#NavyWhtStr,random,0.6035240800865801
Summer,tab-sleeve-longline-shirt#Pink,amira-sweater#Cream,hard,0.38622835497835495
Summer,tab-sleeve-longline-shirt#Pink,stripe-sweater-2#Blue,semi-hard,0.4792343073593074
Summer,tab-sleeve-longline-shirt#Pink,summer-whispers-kimono-1#Peacock,random,0.9592464826839827
Summer,tab-sleeve-longline-shirt#Silver,the-boat-neck-top#Black,hard,0.3737993777056277
Summer,tab-sleeve-longline-shirt#Silver,belle-v-neck-forgiver-tunic#DenimMarl,semi-hard,0.5705323322510822
Summer,tab-sleeve-longline-shirt#Silver,the-boat-neck-top-1#Ink,random,0.642282196969697
Summer,the-bamboo-tunic-dress#Khaki,hannah-tee-1#Black,hard,0.3724296536796537
Summer,the-bamboo-tunic-dress#Khaki,the-lace-trim-top#Black,semi-hard,0.5440566378066379
Summer,the-bamboo-tunic-dress#Khaki,sugar-snaps-layers-tank#Blue,random,0.657433712121212
Summer,the-button-up-swing-tunic#Wine,starry-night-cardi#Chalk,hard,0.3609307359307359
Summer,the-button-up-swing-tunic#Wine,frill-sleeve-top-1#LeafPrint,semi-hard,0.46371076839826836
Summer,the-button-up-swing-tunic#Wine,the-tie-layering-knit#Grey,random,0.8394209956709956
Summer,the-excess-shirt#Pearl,ashbury-cardigan#Mocha,hard,0.411525974025974
Summer,the-excess-shirt#Pearl,sandy-off-the-shoulder-top#Gingham,semi-hard,0.43591044372294374
Summer,the-excess-shirt#Pearl,the-cross-front-spot-blouse#Spot,random,0.7917512175324675
Summer,tia-boyfriend-shirt#White,cyrus-top#LightRose,hard,0.40537067099567103
Summer,tia-boyfriend-shirt#White,the-batwing-tee#Sea,semi-hard,0.4204545454545454
Summer,tia-boyfriend-shirt#White,the-on-or-off-the-shoulder-top#Pink,random,0.7842261904761905
Summer,tie-back-bell-sleeve-top-5#Summerbud,leah-knit-cardigan#Black,hard,0.32677218614718617
Summer,tie-back-bell-sleeve-top-5#Summerbud,kimono-and-me-cardi#DustyPink,semi-hard,0.5357650162337663
Summer,tie-back-bell-sleeve-top-5#Summerbud,oversize-contrast-hood-top#Steel,random,0.8621144480519481
Summer,verona-patchwork-top#Patchwork,reversible-scoopv-neck-tank#Black,hard,0.3778070887445887
Summer,verona-patchwork-top#Patchwork,paradise-cardi#MultiStrip,semi-hard,0.5382508116883117
Summer,verona-patchwork-top#Patchwork,the-everyday-shirt#Pink,random,0.6993540313852814
Summer,weekend-tunic#Navy,relaxed-v-neck-knit#Silver,hard,0.3480790043290043
Summer,weekend-tunic#Navy,maui-stretch-tee#NavyWhtStr,semi-hard,0.4181547619047619
Summer,weekend-tunic#Navy,moonlight-kisses-bamboo-tee#Combat,random,0.6004633387445887
Summer,wonderland-blouse#Ink,mila-knit-cardigan#InkWhite,hard,0.3073593073593074
Summer,wonderland-blouse#Ink,the-dobby-sleeve-tee#White,semi-hard,0.5398629148629149
Summer,wonderland-blouse#Ink,fundamental-split-hoodie-1#Khaki,random,0.6608664772727272
Thais,jade-kimono-kaleidoscope#Blue,geena-xo-ls-pullover-knit#Allure,hard,0.3647873549298353
Thais,jade-kimono-kaleidoscope#Blue,sandy-off-the-shoulder-top#Gingham,semi-hard,0.46004948875039064
Thais,jade-kimono-kaleidoscope#Blue,the-sleeve-detail-knit#Ivory,random,0.6044801148190461
Thais,off-shoulder-top-2#FloraLace,striped-cardigan-3#Rainbow,hard,0.34476694009070447
Thais,off-shoulder-top-2#FloraLace,frost-cardigan#Mauvewoo,semi-hard,0.5433538176668092
Thais,off-shoulder-top-2#FloraLace,the-sleeveless-cross-over-blouse#White,random,0.6258116234486178
Thais,relaxed-top-1#FloraStrip,reversible-stripe-vee-scoop-neck-tank#BlackWhite,hard,0.414229539792908
Thais,relaxed-top-1#FloraStrip,cotton-cashmere-v-neck-knit#Navy,semi-hard,0.5164978877316122
Thais,relaxed-top-1#FloraStrip,the-cascade-blouse#Auburn,random,0.6483137377025584
Tia,capri-tank-3#Black,rib-tank-2#Red,hard,0.19228436687675818
Tia,capri-tank-3#Black,the-define-flute-sleeve-blouse#Black,semi-hard,0.3291419887887279
Tia,capri-tank-3#Black,the-double-layer-top#Black,random,0.46226647177734137
Tia,capri-tank-3#Navy,the-cotton-bamboo-tee#White,hard,0.12560547682830292
Tia,capri-tank-3#Navy,rise-top#Ink,semi-hard,0.23855602999624742
Tia,capri-tank-3#Navy,butterfly-kisses-tee#MustardStr,random,0.4291958041958042
Tia,capri-tank-3#NavyStripe,leary-cardigan#Pine,hard,0.16637841569906786
Tia,capri-tank-3#NavyStripe,wellington-tee#ClaySpot,semi-hard,0.3064721950591516
Tia,capri-tank-3#NavyStripe,falling-flowers-cardi#GreyMarle,random,0.3566821324973499
Tia,capri-tank-3#White,spliced-stripe-tunic#Navy,hard,0.20212902549859071
Tia,capri-tank-3#White,the-sleeveless-cross-over-blouse#White,semi-hard,0.3346014235959888
Tia,capri-tank-3#White,runaway-top#Sand,random,0.3645892395892396
Tia,dahlia-lace-trim-blouse#Dusk,the-wrap-jersey-top#NavyWhite,hard,0.20535478280043498
Tia,dahlia-lace-trim-blouse#Dusk,belle-petal-print-top#Petal,semi-hard,0.3069122967220793
Tia,dahlia-lace-trim-blouse#Dusk,chill-out-slouch-top#GreyMarle,random,0.5385883517676996
Tia,gloria-applique-crew#Charcoal,the-cross-over-poncho#Navy,hard,0.22002361132795917
Tia,gloria-applique-crew#Charcoal,rise-top#Ink,semi-hard,0.23855602999624742
Tia,gloria-applique-crew#Charcoal,long-sleeve-ruffle-shirt#Navy,random,0.35043143059447407
Tia,layer-top-1#Navy,belle-cowl-swing-sweater#Black,hard,0.18805236332410247
Tia,layer-top-1#Navy,geneva-v-neck-top#ClaySpot,semi-hard,0.29106876525354786
Tia,layer-top-1#Navy,weekend-tunic#Navy,random,0.4747486588519197
Tia,layered-tee-2#Black,leah-knit-cardigan#WhiteBlk,hard,0.14434217491282708
Tia,layered-tee-2#Black,indi-crosover-front-blouse#MixedStrip,semi-hard,0.2518559339211513
Tia,layered-tee-2#Black,layer-me-cotton-candy-top#Cream,random,0.40993023941393514
Tia,layered-tee-2#White,fundamental-vee-tee#Pink,hard,0.18993363422711249
Tia,layered-tee-2#White,llama-long-sleeve-shirt#Mustard,semi-hard,0.2996984899158812
Tia,layered-tee-2#White,skipping-stones-tunic#Forest,random,0.4016741068371503
Tia,midtown-ruffle-shirt#BoldRed,rib-tank-2#White,hard,0.19228436687675818
Tia,midtown-ruffle-shirt#BoldRed,celestial-woven-top#White,semi-hard,0.2749120738251173
Tia,midtown-ruffle-shirt#BoldRed,the-daily-cross-over-top#SkyBlue,random,0.4501748251748252
Tia,panelled-stripe-top#NavyWhite,mila-knit-cardigan#StoneBlack,hard,0.16378064747629967
Tia,panelled-stripe-top#NavyWhite,ruffle-hem-jersey-top#Pink,semi-hard,0.2557167421297856
Tia,panelled-stripe-top#NavyWhite,the-oversized-cotton-blend-shirt#Navy,random,0.5815323532714837
Tia,pattern-tunic-1#Lattice,saba-top-2#Catus,hard,0.21872753054818272
Tia,pattern-tunic-1#Lattice,natural-rolled-neck-tunic#BlueDam,semi-hard,0.2966476091476092
Tia,pattern-tunic-1#Lattice,skipping-stones-tunic#Natural,random,0.4016741068371503
Tia,silver-dot-tie-sleeve-blouse#SilverDotP,nova-lux-long-sleeve-tie-top-1#SimplyGree,hard,0.21825806880154705
Tia,silver-dot-tie-sleeve-blouse#SilverDotP,the-sleeveless-cross-over-blouse#Sunshine,semi-hard,0.3346014235959888
Tia,silver-dot-tie-sleeve-blouse#SilverDotP,the-bell-sleeve-top#Grey,random,0.4379940711462451
Tia,softly-swinging-bamboo-tee#Black,manhattan-stretch-tee#Navy,hard,0.19747468184968187
Tia,softly-swinging-bamboo-tee#Black,clara-blouse#DarkFloral,semi-hard,0.2352957339370383
Tia,softly-swinging-bamboo-tee#Black,jade-kimono-sweet-blossoms#Blue,random,0.35877617127617123
Tia,softly-swinging-bamboo-tee#BlueJeans,neptune-top-1#PrimBlack,hard,0.22226460745482485
Tia,softly-swinging-bamboo-tee#BlueJeans,belle-v-neck-forgiver-tunic#Tobacco,semi-hard,0.30868468708142627
Tia,softly-swinging-bamboo-tee#BlueJeans,weekend-tunic#Navy,random,0.4747486588519197
Tia,softly-swinging-bamboo-tee#Blush,mila-knit-cardigan#InkWhite,hard,0.16378064747629967
Tia,softly-swinging-bamboo-tee#Blush,long-sleeve-softly-swinging-bamboo-tee#SilverScon,semi-hard,0.3342381032598424
Tia,softly-swinging-bamboo-tee#Blush,the-long-sleeve-scoop-neck-tee#White,random,0.3686625874125874
Tia,softly-swinging-bamboo-tee#Cashew,the-wrap-jersey-top#JetBlack,hard,0.20535478280043498
Tia,softly-swinging-bamboo-tee#Cashew,softly-swinging-bamboo-singlet#BlueJean,semi-hard,0.3124087098271881
Tia,softly-swinging-bamboo-tee#Cashew,the-relaxed-long-sleeve-tee#White,random,0.34265603015603013
Tia,softly-swinging-bamboo-tee#Chambray,cara-tee-3#ZebraPrint,hard,0.19201053915727828
Tia,softly-swinging-bamboo-tee#Chambray,first-love-kimono-jacket#Stone,semi-hard,0.3382276507276507
Tia,softly-swinging-bamboo-tee#Chambray,the-daily-cross-over-top#PinkPrint,random,0.4501748251748252
Tia,softly-swinging-bamboo-tee#Copper,leah-knit-cardigan#WhiteBlk,hard,0.14434217491282708
Tia,softly-swinging-bamboo-tee#Copper,tia-boyfriend-shirt#White,semi-hard,0.2307696587587892
Tia,softly-swinging-bamboo-tee#Copper,the-ruffle-sleeve-top#NavyStripe,random,0.34747815997815995
Tia,softly-swinging-bamboo-tee#Jewel,sandy-off-the-shoulder-top#Gingham,hard,0.22216616985638726
Tia,softly-swinging-bamboo-tee#Jewel,daisy-top-1#BrightBlue,semi-hard,0.2623288384157949
Tia,softly-swinging-bamboo-tee#Jewel,print-tee-3#Music,random,0.4563233802364237
Tia,softly-swinging-bamboo-tee#Navy,fundamental-vee-tee#Pink,hard,0.18993363422711249
Tia,softly-swinging-bamboo-tee#Navy,spiced-stripe-tee#NavyWhite,semi-hard,0.2486991257371692
Tia,softly-swinging-bamboo-tee#Navy,chasing-birds-blouse#White,random,0.42722902097902093
Tia,softly-swinging-bamboo-tee#Starfish,belle-cowl-swing-sweater#Black,hard,0.18805236332410247
Tia,softly-swinging-bamboo-tee#Starfish,the-tie-front-tank#White,semi-hard,0.29720271160488554
Tia,softly-swinging-bamboo-tee#Starfish,belle-paint-brush-print-top#PaintPrint,random,0.5301899982606504
Tia,softly-swinging-bamboo-tee#Storm,capri-tank-6#Olive,hard,0.2162873908797822
Tia,softly-swinging-bamboo-tee#Storm,wellington-tee#Olive,semi-hard,0.3064721950591516
Tia,softly-swinging-bamboo-tee#Storm,meredith-78-oversized-pullover-knit#WhiteCapGr,random,0.6804499847978108
Tia,softly-swinging-bamboo-tee#TeaRose,analia-top#White,hard,0.21183771183771183
Tia,softly-swinging-bamboo-tee#TeaRose,in-transit-cardi#Navy,semi-hard,0.32164759202802684
Tia,softly-swinging-bamboo-tee#TeaRose,the-box-top#Blush,random,0.4553565803565804
Tia,softly-swinging-bamboo-tee#White,falling-flowers-blouse#DustyPink,hard,0.21863812352942785
Tia,softly-swinging-bamboo-tee#White,bo-cosy-cardigan#Blossom,semi-hard,0.22379736646040993
Tia,softly-swinging-bamboo-tee#White,summer-whispers-kimono-1#Peacock,random,0.6056536735884562
Tia,soho-ruffle-jumper#OatmealMar,overlay-top-2#Black,hard,0.2119759524650829
Tia,soho-ruffle-jumper#OatmealMar,the-batwing-tee#Black,semi-hard,0.29782920272050706
Tia,soho-ruffle-jumper#OatmealMar,the-relaxed-long-sleeve-tee#White,random,0.34265603015603013
Tia,still-the-one-ruffle-blouse#Spot,sequin-spot-cardi#Grey,hard,0.1851781994445038
Tia,still-the-one-ruffle-blouse#Spot,napoleon-top-1#NemoBlue,semi-hard,0.2300579121231295
Tia,still-the-one-ruffle-blouse#Spot,runaway-top#SoftMint,random,0.3645892395892396
Tia,sugar-snaps-layers-tank#Black,tutti-frutti-drop-shoulder-tee#Orange,hard,0.20462446141793966
Tia,sugar-snaps-layers-tank#Black,renee-sweater#Sapphire,semi-hard,0.23054676179676178
Tia,sugar-snaps-layers-tank#Black,voyager-stripe-crew#Stripe,random,0.625
Tia,sugar-snaps-layers-tank#Blue,kimberly-spliced-top#Black,hard,0.20394729633860068
Tia,sugar-snaps-layers-tank#Blue,sontana-blouse#Stone,semi-hard,0.3389961487787575
Tia,sugar-snaps-layers-tank#Blue,belle-flocked-tunic#Pale%20Blue,random,0.5742326917598657
Tia,sugar-snaps-layers-tank#DeepCobalt,rib-tank-2#Navy,hard,0.19228436687675818
Tia,sugar-snaps-layers-tank#DeepCobalt,belle-v-neck-forgiver-tunic#Charcoal,semi-hard,0.30868468708142627
Tia,sugar-snaps-layers-tank#DeepCobalt,runaway-top#JetBlack,random,0.3645892395892396
Tia,sugar-snaps-layers-tank#DuckEgg,relaxed-v-neck-knit#Silver,hard,0.19954294139076748
Tia,sugar-snaps-layers-tank#DuckEgg,wellington-tee#Black,semi-hard,0.3064721950591516
Tia,sugar-snaps-layers-tank#DuckEgg,on-safari-blouse#Jewel,random,0.5454545454545454
Tia,sugar-snaps-layers-tank#Mint,rib-tank-2#Red,hard,0.19228436687675818
Tia,sugar-snaps-layers-tank#Mint,wellington-tee#Olive,semi-hard,0.3064721950591516
Tia,sugar-snaps-layers-tank#Mint,leopard-print-kimono#GoldMulti,random,0.4588708026208026
Tia,sugar-snaps-layers-tank#NewBeige,layer-me-bamboo-rouched-sleeve-tee#Copper,hard,0.19463638349507914
Tia,sugar-snaps-layers-tank#NewBeige,long-sleeve-softly-swinging-bamboo-tee#Smoke,semi-hard,0.3342381032598424
Tia,sugar-snaps-layers-tank#NewBeige,never-ending-winter-knit-top#DeluxeGree,random,0.502330274748753
Tia,sugar-snaps-layers-tank#PeachyKeen,layered-top-2#White,hard,0.1994721519178041
Tia,sugar-snaps-layers-tank#PeachyKeen,the-sleeve-detail-knit#Ivory,semi-hard,0.31889125367386234
Tia,sugar-snaps-layers-tank#PeachyKeen,the-dobby-sleeve-tee#White,random,0.374965874965875
Tia,sugar-snaps-layers-tank#Red,circles-knit#Plum,hard,0.21899746356268096
Tia,sugar-snaps-layers-tank#Red,soho-v-neck-blouse#SohoPrint,semi-hard,0.2502533698185872
Tia,sugar-snaps-layers-tank#Red,hem-frill-stripe-top#Frilled,random,0.4951923076923077
Tia,sugar-snaps-layers-tank#SeaGreen,the-wrap-jersey-top#NavyWhite,hard,0.20535478280043498
Tia,sugar-snaps-layers-tank#SeaGreen,prickly-cactus-crew#Pink,semi-hard,0.2567463994094429
Tia,sugar-snaps-layers-tank#SeaGreen,foil-striped-2-in-1-top#Blue,random,0.3636442386442386
Tia,sugar-snaps-layers-tank#White,the-cross-over-poncho#Navy,hard,0.22002361132795917
Tia,sugar-snaps-layers-tank#White,luxe-shirt#Black,semi-hard,0.3073300573300573
Tia,sugar-snaps-layers-tank#White,the-luxe-long-sleeve-tee#GreyMarle,random,0.4227041727041727
Tia,suri-bell-sleeve-top#GreyMarle,butterfly-blouse-1#Ivory,hard,0.12748199704721444
Tia,suri-bell-sleeve-top#GreyMarle,melbourne-stretch-cardigan#Black,semi-hard,0.22654582980669935
Tia,suri-bell-sleeve-top#GreyMarle,the-luxe-long-sleeve-tee#GreyMarle,random,0.4227041727041727
Tia,the-cotton-bamboo-tank#Chambray,multi-sequin-dot-stripe-top#Navy,hard,0.20541393095740923
Tia,the-cotton-bamboo-tank#Chambray,the-wrap-jersey-top-1#NavyStripe,semi-hard,0.23747497117062333
Tia,the-cotton-bamboo-tank#Chambray,sugar-snaps-round-neck-layer-tank#White,random,0.41138142360968444
Tia,the-cotton-bamboo-tank#DarkNavy,sandy-off-the-shoulder-top#Gingham,hard,0.22216616985638726
Tia,the-cotton-bamboo-tank#DarkNavy,mauevewood-crew#YellowWhit,semi-hard,0.27883879242574894
Tia,the-cotton-bamboo-tank#DarkNavy,baobab-sweater#Bark,random,0.36460761460761465
Tia,the-cotton-bamboo-tank#DuckEgg,verona-patchwork-top#Patchwork,hard,0.21364344258366
Tia,the-cotton-bamboo-tank#DuckEgg,belle-half-sleeve-forgiver-tunic#White,semi-hard,0.2854365938605069
Tia,the-cotton-bamboo-tank#DuckEgg,belle-ls-free-fall-tee#Airforce,random,0.4336508759063107
Tia,the-cotton-bamboo-tank#Moonbeam,reversible-scoopv-neck-tank#White,hard,0.2006455708901361
Tia,the-cotton-bamboo-tank#Moonbeam,maui-stretch-tee#White,semi-hard,0.26340334900117507
Tia,the-cotton-bamboo-tank#Moonbeam,natural-textured-poncho#Deeprain,random,0.5681818181818182
Tia,the-cotton-bamboo-tank#White,the-longline-cardi-1#GreyMarle,hard,0.17442782931913367
Tia,the-cotton-bamboo-tank#White,malibu-cardigan#Wine,semi-hard,0.25972109803631543
Tia,the-cotton-bamboo-tank#White,stripe-me-happy-blouse#Ash,random,0.44842657342657344
Tia,the-cross-over-blouse#Black,dot-to-dot-knit-1#GreyMarle,hard,0.2229556393958568
Tia,the-cross-over-blouse#Black,2-in-1-jumper#Navy,semi-hard,0.29204522343109296
Tia,the-cross-over-blouse#Black,voyager-stripe-crew#Stripe,random,0.625
Tia,the-cross-over-blouse#Blue,the-cotton-bamboo-tee#BlueJeans,hard,0.12560547682830292
Tia,the-cross-over-blouse#Blue,long-sleeve-softly-swinging-bamboo-tee#Smoke,semi-hard,0.3342381032598424
Tia,the-cross-over-blouse#Blue,sequin-heart-layered-top#Natural,random,0.38904118184009484
Tia,the-cross-over-blouse#Mint,bubbles-print-tee#Cambridge,hard,0.19547853854919073
Tia,the-cross-over-blouse#Mint,nature-ls-top#BlueGum,semi-hard,0.3197839970937797
Tia,the-cross-over-blouse#Mint,sugar-snaps-throw-jacket#Black,random,0.5307537033080512
Tia,the-cross-over-blouse#Red,elina-lace-frill-blouse#Black,hard,0.21844980812372117
Tia,the-cross-over-blouse#Red,curve-hem-cable-knit-sweater-1#Sapphire,semi-hard,0.2637038262038262
Tia,the-cross-over-blouse#Red,print-tee-3#Boats,random,0.4563233802364237
Tia,the-cross-over-blouse#RoyalBlue,fundamental-vee-tee#GreyMarle,hard,0.18993363422711249
Tia,the-cross-over-blouse#RoyalBlue,in-transit-cardi#Navy,semi-hard,0.32164759202802684
Tia,the-cross-over-blouse#RoyalBlue,the-print-contrast-34-sleeve-top#Animal,random,0.47868042772934083
Tia,the-cross-over-blouse#Silver,button-through-animal-shirt#Animal,hard,0.1925314024498807
Tia,the-cross-over-blouse#Silver,belle-square-neck-drape-tee#Vanilla,semi-hard,0.3070388532345054
Tia,the-cross-over-blouse#Silver,the-boat-neck-top-1#Ink,random,0.3718968189076885
Tia,the-cross-over-blouse#Sunshine,the-cross-over-poncho#Navy,hard,0.22002361132795917
Tia,the-cross-over-blouse#Sunshine,the-panel-hem-top#Khaki,semi-hard,0.26521686915708653
Tia,the-cross-over-blouse#Sunshine,the-cross-over-top#NavyStripe,random,0.4358784331610419
Tia,the-cross-over-blouse#White,fundamental-vee-tee#GreyMarle,hard,0.18993363422711249
Tia,the-cross-over-blouse#White,rika-top#BatikTile,semi-hard,0.24548072985572986
Tia,the-cross-over-blouse#White,the-double-layer-top#Black,random,0.46226647177734137
Tia,the-cut-out-shoulder-blouse#Black,natural-classic-cardigan#Pebble,hard,0.15824959574959574
Tia,the-cut-out-shoulder-blouse#Black,hacienda-tunic-5#PatchGold,semi-hard,0.2788957150370194
Tia,the-cut-out-shoulder-blouse#Black,partly-cloudy-knit#Black,random,0.4558629776021081
Tia,the-cut-out-shoulder-blouse#Blue,the-wrap-jersey-top#JetBlack,hard,0.20535478280043498
Tia,the-cut-out-shoulder-blouse#Blue,the-roll-neck-sweater#Natural,semi-hard,0.33489783489783487
Tia,the-cut-out-shoulder-blouse#Blue,sky-shirt#Clouds,random,0.4833297211014602
Tia,the-cut-out-shoulder-blouse#Clay,cara-tee-4#Black,hard,0.19059008461182375
Tia,the-cut-out-shoulder-blouse#Clay,fern-print-top#Navy,semi-hard,0.26847622363926715
Tia,the-cut-out-shoulder-blouse#Clay,the-cotton-blend-stripe-jumper#BlueStripe,random,0.38024475524475526
Tia,the-cut-out-shoulder-blouse#Salmon,aztec-cardigan#Orange,hard,0.1631224851333547
Tia,the-cut-out-shoulder-blouse#Salmon,belle-twist-front-tee-1#Black,semi-hard,0.28360188822145344
Tia,the-cut-out-shoulder-blouse#Salmon,the-stitch-v-neck-knit#DenimMarle,random,0.5095431970431971
Tia,the-cut-out-shoulder-blouse#Silver,ines-top#NavyStrip,hard,0.21697842282081412
Tia,the-cut-out-shoulder-blouse#Silver,long-sleeve-softly-swinging-bamboo-tee#DuckEgg,semi-hard,0.3342381032598424
Tia,the-cut-out-shoulder-blouse#Silver,falling-for-you-cardi#Mustard,random,0.3409090909090909
Tia,the-cut-out-shoulder-blouse#White,belle-cowl-swing-sweater#Black,hard,0.18805236332410247
Tia,the-cut-out-shoulder-blouse#White,ruffle-top-4#Terracotta,semi-hard,0.23368829075350814
Tia,the-cut-out-shoulder-blouse#White,skipping-stones-tunic#Natural,random,0.4016741068371503
Tia,the-drape-tee-1#Black,multi-sequin-dot-stripe-top#Navy,hard,0.20541393095740923
Tia,the-drape-tee-1#Black,geneva-v-neck-top#Olive,semi-hard,0.29106876525354786
Tia,the-drape-tee-1#Black,the-daily-cross-over-top#SkyBlue,random,0.4501748251748252
Tia,the-drape-tee-1#Navy,leah-knit-cardigan#WhiteBlk,hard,0.14434217491282708
Tia,the-drape-tee-1#Navy,fern-print-top#Navy,semi-hard,0.26847622363926715
Tia,the-drape-tee-1#Navy,buttoned-top#Spotty,random,0.3858451983451984
Tia,the-drape-tee-1#NavyStripe,hannah-tee-1#Black,hard,0.18133404002969222
Tia,the-drape-tee-1#NavyStripe,long-sleeve-softly-swinging-bamboo-tee#Storm,semi-hard,0.3342381032598424
Tia,the-drape-tee-1#NavyStripe,beach-walk-shirt#Khaki,random,0.5812937062937062
Tia,the-drape-tee-1#Stripe,double-layered-top-1#WSilver,hard,0.19236987919053136
Tia,the-drape-tee-1#Stripe,snake-print-johnny-collar-top#BeigeSnake,semi-hard,0.2690825992456427
Tia,the-drape-tee-1#Stripe,the-stripe-tank-1#Hazelnut,random,0.4633260883260883
Tia,the-drape-tee-1#White,spliced-stripe-tunic#Navy,hard,0.20212902549859071
Tia,the-drape-tee-1#White,belle-half-sleeve-boat-tee#Black,semi-hard,0.24772395152829935
Tia,the-drape-tee-1#White,long-sleeve-ruffle-shirt#Navy,random,0.35043143059447407
Tia,the-everyday-shirt#Black,high-street-knit#NavyStripe,hard,0.2232782151260412
Tia,the-everyday-shirt#Black,paisley-top-1#Paisley,semi-hard,0.2582890449738276
Tia,the-everyday-shirt#Black,belle-paint-brush-print-top#PaintPrint,random,0.5301899982606504
Tia,the-everyday-shirt#Cream,colourblock-cardi#NavyRed,hard,0.16211705206270424
Tia,the-everyday-shirt#Cream,2-in-1-jumper#Navy,semi-hard,0.29204522343109296
Tia,the-everyday-shirt#Cream,the-double-layer-top#Black,random,0.46226647177734137
Tia,the-everyday-shirt#Midnight,saba-top-2#Catus,hard,0.21872753054818272
Tia,the-everyday-shirt#Midnight,frill-me-tie-throw-on#WhiteBlk,semi-hard,0.24923210113427507
Tia,the-everyday-shirt#Midnight,belle-flocked-tunic#Pale%20Blue,random,0.5742326917598657
Tia,the-everyday-shirt#Pink,aida-long-tunic-shirt#AidaStripe,hard,0.19448650155171895
Tia,the-everyday-shirt#Pink,multi-stripe-jumper#NavyMulti,semi-hard,0.29871736665214926
Tia,the-everyday-shirt#Pink,makeover-blouse#LimeGreen,random,0.625
Tia,the-everyday-shirt#Rose,border-stripe-knit#WhitePink,hard,0.21331564538086278
Tia,the-everyday-shirt#Rose,belle-half-sleeve-forgiver-tunic#FlamPink,semi-hard,0.2854365938605069
Tia,the-everyday-shirt#Rose,chill-out-slouch-top#Mustard,random,0.5385883517676996
Tia,vivian-blouse#Check,the-cotton-bamboo-tee#White,hard,0.12560547682830292
Tia,vivian-blouse#Check,the-bamboo-tunic-dress#Khaki,semi-hard,0.32318113568113566
Tia,vivian-blouse#Check,weekend-vibes-blouse#Blush,random,0.4579497262921176
Tia,wildflower-shirt#White,picnic-top#BlackWhite,hard,0.2110495690658734
Tia,wildflower-shirt#White,placement-print-shirt#WhiteNavy,semi-hard,0.33444803213824953
Tia,wildflower-shirt#White,the-shoulder-tie-top#Black,random,0.4245883682024987
Tia,wrap-me-up-bamboo-top#Black,merino-boyfriend-cardigan#MelangeStr,hard,0.17744665366947976
Tia,wrap-me-up-bamboo-top#Black,the-batwing-tee#Stone,semi-hard,0.29782920272050706
Tia,wrap-me-up-bamboo-top#Black,lola-bell-sleeve-top-ditsy-daisies#Blue,random,0.36633749133749133
Tia,wrap-me-up-bamboo-top#BlueJeans,birds-tee-1#Navy,hard,0.19288466503140417
Tia,wrap-me-up-bamboo-top#BlueJeans,walk-in-the-park-cardi#Sand,semi-hard,0.28508538562886393
Tia,wrap-me-up-bamboo-top#BlueJeans,kimono-top-36#BlueMarle,random,0.40160833910833915
