person_id,positive_product_id,negative_product_id,negative_type
Fiona,the-tie-detail-hoody#Pink,natural-textured-poncho#Deeprain,hard
Fiona,the-tie-detail-hoody#Pink,wonderland-blouse#Ink,hard
Fiona,the-tie-detail-hoody#Pink,luxe-shirt#Navy,random
Jess,belle-off-the-shoulder-tee#Stripe,cara-tee-2#Blush,hard
Jess,belle-off-the-shoulder-tee#Stripe,cara-tee-2#WhiteBlk,hard
Jess,belle-off-the-shoulder-tee#Stripe,the-define-flute-sleeve-blouse#Black,random
Fiona,the-relaxed-long-sleeve-tee-1#Ink%20Stripe,natural-textured-poncho#Deeprain,hard
Fiona,the-relaxed-long-sleeve-tee-1#Ink%20Stripe,wonderland-blouse#Ink,hard
Fiona,the-relaxed-long-sleeve-tee-1#Ink%20Stripe,ditzy-floral-ruffle-blouse#DitzyFlora,random
Laura,milan-stretch-top#Black,cara-tee-2#Blush,hard
Laura,milan-stretch-top#Black,cara-tee-2#WhiteBlk,hard
Laura,milan-stretch-top#Black,leah-knit-cardigan#Black,random
Chelsea,falling-for-you-cardi#Teal,voyager-stripe-crew#Stripe,hard
Chelsea,falling-for-you-cardi#Teal,makeover-blouse#LimeGreen,hard
Chelsea,falling-for-you-cardi#Teal,the-button-up-swing-tunic#Wine,random
Maddy,the-batwing-tee#FrenchBlue,natural-textured-poncho#Deeprain,hard
Maddy,the-batwing-tee#FrenchBlue,voyager-stripe-crew#Stripe,hard
Maddy,the-batwing-tee#FrenchBlue,the-curve-striped-tank#Marine,random
Chesska,true-love-bell-blouse#Jade,voyager-stripe-crew#Stripe,hard
Chesska,true-love-bell-blouse#Jade,makeover-blouse#LimeGreen,hard
Chesska,true-love-bell-blouse#Jade,belle-v-neck-forgiver-tunic#DenimMarl,random
Riina,the-essential-pullover#SkyBlue,voyager-stripe-crew#Stripe,hard
Riina,the-essential-pullover#SkyBlue,makeover-blouse#LimeGreen,hard
Riina,the-essential-pullover#SkyBlue,the-short-sleeve-wrap-jersey-top#Emerald,random
Laura,belle-drape-tee#Sliver,cara-tee-2#Blush,hard
Laura,belle-drape-tee#Sliver,cara-tee-2#WhiteBlk,hard
Laura,belle-drape-tee#Sliver,hem-frill-stripe-top#Frilled,random
Chelsea,millie-top#BlackSpot,voyager-stripe-crew#Stripe,hard
Chelsea,millie-top#BlackSpot,makeover-blouse#LimeGreen,hard
Chelsea,millie-top#BlackSpot,the-cut-out-shoulder-blouse#White,random
Gemma,cara-tee-3#Mustard,voyager-stripe-crew#Stripe,hard
Gemma,cara-tee-3#Mustard,makeover-blouse#LimeGreen,hard
Gemma,cara-tee-3#Mustard,softly-falling-bamboo-tunic#White,random
Fiona,walk-in-the-park-cardi#Sand,natural-textured-poncho#Deeprain,hard
Fiona,walk-in-the-park-cardi#Sand,wonderland-blouse#Ink,hard
Fiona,walk-in-the-park-cardi#Sand,elcos-45-aop-top-jrs#BlackZigZa,random
Fiona,paige-top#Black,natural-textured-poncho#Deeprain,hard
Fiona,paige-top#Black,wonderland-blouse#Ink,hard
Fiona,paige-top#Black,the-wrap-jersey-top#Charcoal,random
Mae-Lee,long-sleeve-softly-swinging-bamboo-tee#Combat,side-buttoned-sweater#Buttoned,hard
Mae-Lee,long-sleeve-softly-swinging-bamboo-tee#Combat,voyager-stripe-crew#Stripe,hard
Mae-Lee,long-sleeve-softly-swinging-bamboo-tee#Combat,hacienda-tunic-pushkar#Cornflower,random
Mae-Lee,sugar-snaps-layers-tank#White,side-buttoned-sweater#Buttoned,hard
Mae-Lee,sugar-snaps-layers-tank#White,voyager-stripe-crew#Stripe,hard
Mae-Lee,sugar-snaps-layers-tank#White,tracie-top#Black,random
Jess,buttoned-top#Spotty,cara-tee-2#Blush,hard
Jess,buttoned-top#Spotty,cara-tee-2#WhiteBlk,hard
Jess,buttoned-top#Spotty,the-cotton-blend-stripe-jumper#BlueStripe,random
Ljubenka,softly-swinging-bamboo-tee#Jewel,the-uneven-hem-knit-1#Sage,hard
Ljubenka,softly-swinging-bamboo-tee#Jewel,natural-textured-poncho#Deeprain,hard
Ljubenka,softly-swinging-bamboo-tee#Jewel,monaco-knot-top#ClaySpot,random
Natalia,the-relaxed-batwing-top#Denim%20Blue,voyager-stripe-crew#Stripe,hard
Natalia,the-relaxed-batwing-top#Denim%20Blue,makeover-blouse#LimeGreen,hard
Natalia,the-relaxed-batwing-top#Denim%20Blue,the-boat-neck-top-1#NavyWhite,random
Mercy,belle-v-neck-forgiver-tunic#Scarlett,voyager-stripe-crew#Stripe,hard
Mercy,belle-v-neck-forgiver-tunic#Scarlett,makeover-blouse#LimeGreen,hard
Mercy,belle-v-neck-forgiver-tunic#Scarlett,ava-short-sleeve-linen-tee#Blush,random
Stacey,the-oversize-knit#Ink,makeover-blouse#LimeGreen,hard
Stacey,the-oversize-knit#Ink,cara-tee-2#Blush,hard
Stacey,the-oversize-knit#Ink,butterfly-kisses-tee#Stripe,random
Shadae,monaco-knot-top#Black,voyager-stripe-crew#Stripe,hard
Shadae,monaco-knot-top#Black,makeover-blouse#LimeGreen,hard
Shadae,monaco-knot-top#Black,luxe-shirt#Black,random
Fiona,the-essential-pullover#DustyPeach,natural-textured-poncho#Deeprain,hard
Fiona,the-essential-pullover#DustyPeach,wonderland-blouse#Ink,hard
Fiona,the-essential-pullover#DustyPeach,rise-top#Ink,random
Chelsea,millie-top#Moss,voyager-stripe-crew#Stripe,hard
Chelsea,millie-top#Moss,makeover-blouse#LimeGreen,hard
Chelsea,millie-top#Moss,westward-top#BotanicalD,random
Monique,hannah-tee-1#Black,voyager-stripe-crew#Stripe,hard
Monique,hannah-tee-1#Black,makeover-blouse#LimeGreen,hard
Monique,hannah-tee-1#Black,cara-tee-4#Black,random
Clementine,the-sleeveless-cross-over-blouse#White,voyager-stripe-crew#Stripe,hard
Clementine,the-sleeveless-cross-over-blouse#White,makeover-blouse#LimeGreen,hard
Clementine,the-sleeveless-cross-over-blouse#White,hacienda-tunic-pushkar#Cornflower,random
Palatina,sky-jumper-1#Clouds,cara-tee-2#Blush,hard
Palatina,sky-jumper-1#Clouds,cara-tee-2#WhiteBlk,hard
Palatina,sky-jumper-1#Clouds,daylight-jumper#Silver,random
Mercy,belle-deep-v-mesh-top#Black,voyager-stripe-crew#Stripe,hard
Mercy,belle-deep-v-mesh-top#Black,makeover-blouse#LimeGreen,hard
Mercy,belle-deep-v-mesh-top#Black,the-cross-over-poncho#Grey,random
Emma,belle-v-neck-forgiver-tunic#Charcoal,voyager-stripe-crew#Stripe,hard
Emma,belle-v-neck-forgiver-tunic#Charcoal,makeover-blouse#LimeGreen,hard
Emma,belle-v-neck-forgiver-tunic#Charcoal,holly-rib-long-sleeve-tee#Black,random
Mae-Lee,the-striped-top#BlueStripe,side-buttoned-sweater#Buttoned,hard
Mae-Lee,the-striped-top#BlueStripe,voyager-stripe-crew#Stripe,hard
Mae-Lee,the-striped-top#BlueStripe,mila-knit-cardigan#InkWhite,random
Jess,layered-tee-2#Black,cara-tee-2#Blush,hard
Jess,layered-tee-2#Black,cara-tee-2#WhiteBlk,hard
Jess,layered-tee-2#Black,sugar-snaps-round-neck-layer-tank#DuckEgg,random
Anna,the-everyday-shirt#Cream,voyager-stripe-crew#Stripe,hard
Anna,the-everyday-shirt#Cream,makeover-blouse#LimeGreen,hard
Anna,the-everyday-shirt#Cream,2-in-1-layered-knit-top#Navy,random
Jess,the-cotton-bamboo-tank#DarkNavy,cara-tee-2#Blush,hard
Jess,the-cotton-bamboo-tank#DarkNavy,cara-tee-2#WhiteBlk,hard
Jess,the-cotton-bamboo-tank#DarkNavy,the-relaxed-long-sleeve-tee#Navy,random
Emma,belle-v-neck-forgiver-tunic#DenimMarl,voyager-stripe-crew#Stripe,hard
Emma,belle-v-neck-forgiver-tunic#DenimMarl,makeover-blouse#LimeGreen,hard
Emma,belle-v-neck-forgiver-tunic#DenimMarl,falling-for-you-cardi#Mustard,random
Jess,the-cut-out-shoulder-blouse#White,cara-tee-2#Blush,hard
Jess,the-cut-out-shoulder-blouse#White,cara-tee-2#WhiteBlk,hard
Jess,the-cut-out-shoulder-blouse#White,fundamental-vee-tee#Pink,random
Nadine,amira-sweater#Cream,makeover-blouse#LimeGreen,hard
Nadine,amira-sweater#Cream,pure-merino-fine-rib-v-neck#Charcoal,hard
Nadine,amira-sweater#Cream,clio-knit-jumper#StoneBlack,random
Sophie,the-relaxed-batwing-top#Denim%20Blue,side-buttoned-sweater#Buttoned,hard
Sophie,the-relaxed-batwing-top#Denim%20Blue,the-tie-front-top#Navy,hard
Sophie,the-relaxed-batwing-top#Denim%20Blue,the-oversize-knit#Ink,random
Marnee,butterfly-kisses-tee#MustardStr,natural-textured-poncho#Deeprain,hard
Marnee,butterfly-kisses-tee#MustardStr,voyager-stripe-crew#Stripe,hard
Marnee,butterfly-kisses-tee#MustardStr,belle-handkerchief-printed-cami#RustFlwrs,random
Anna,aigli-top#White,voyager-stripe-crew#Stripe,hard
Anna,aigli-top#White,makeover-blouse#LimeGreen,hard
Anna,aigli-top#White,fundamental-sydney-crew#GreyMarle,random
Laura,sugar-snaps-round-neck-layer-tank#White,cara-tee-2#Blush,hard
Laura,sugar-snaps-round-neck-layer-tank#White,cara-tee-2#WhiteBlk,hard
Laura,sugar-snaps-round-neck-layer-tank#White,snug-as-a-bug-jumper#Smoke,random
Fiona,sugar-snaps-throw-jacket#Black,natural-textured-poncho#Deeprain,hard
Fiona,sugar-snaps-throw-jacket#Black,wonderland-blouse#Ink,hard
Fiona,sugar-snaps-throw-jacket#Black,the-roll-neck-sweater#Natural,random
Ljubenka,falling-for-you-cardi#Navy,the-uneven-hem-knit-1#Sage,hard
Ljubenka,falling-for-you-cardi#Navy,natural-textured-poncho#Deeprain,hard
Ljubenka,falling-for-you-cardi#Navy,the-sleeveless-cross-over-blouse#Black,random
Riina,the-tie-detail-hoody#FrenchBlue,voyager-stripe-crew#Stripe,hard
Riina,the-tie-detail-hoody#FrenchBlue,makeover-blouse#LimeGreen,hard
Riina,the-tie-detail-hoody#FrenchBlue,capri-tank-6#HeatheGrey,random
Olivia,the-sleeveless-cross-over-blouse#Mint,natural-textured-poncho#Deeprain,hard
Olivia,the-sleeveless-cross-over-blouse#Mint,voyager-stripe-crew#Stripe,hard
Olivia,the-sleeveless-cross-over-blouse#Mint,overlay-tunic-3-pce-set#Emerald,random
Fiona,belle-v-neck-forgiver-tunic#Navy,natural-textured-poncho#Deeprain,hard
Fiona,belle-v-neck-forgiver-tunic#Navy,wonderland-blouse#Ink,hard
Fiona,belle-v-neck-forgiver-tunic#Navy,paisley-top-1#Paisley,random
Tia,the-cotton-bamboo-tank#DuckEgg,the-panel-luxe-top#BlkWhite,hard
Tia,the-cotton-bamboo-tank#DuckEgg,the-panel-luxe-top#SilvWhite,hard
Tia,the-cotton-bamboo-tank#DuckEgg,sand-queen-throw-blouse#Fleur,random
Nikki,the-drape-tee-1#White,natural-textured-poncho#Deeprain,hard
Nikki,the-drape-tee-1#White,voyager-stripe-crew#Stripe,hard
Nikki,the-drape-tee-1#White,annabelle-sweater#Midnight,random
Summer,stud-trim-long-sleeve-top#Mint,voyager-stripe-crew#Stripe,hard
Summer,stud-trim-long-sleeve-top#Mint,natural-textured-poncho#Deeprain,hard
Summer,stud-trim-long-sleeve-top#Mint,the-cotton-bamboo-tee#White,random
Nathalie,the-everyday-shirt#Black,voyager-stripe-crew#Stripe,hard
Nathalie,the-everyday-shirt#Black,makeover-blouse#LimeGreen,hard
Nathalie,the-everyday-shirt#Black,the-soft-knit-jumper#PinkStripe,random
Riina,jordan-top#PearlBlue,voyager-stripe-crew#Stripe,hard
Riina,jordan-top#PearlBlue,makeover-blouse#LimeGreen,hard
Riina,jordan-top#PearlBlue,sugar-snaps-throw-jacket#White,random
Anna,layered-tee-2#White,voyager-stripe-crew#Stripe,hard
Anna,layered-tee-2#White,makeover-blouse#LimeGreen,hard
Anna,layered-tee-2#White,geneva-v-neck-top#ClaySpot,random
Laura,the-batwing-tee#FrenchBlue,cara-tee-2#Blush,hard
Laura,the-batwing-tee#FrenchBlue,cara-tee-2#WhiteBlk,hard
Laura,the-batwing-tee#FrenchBlue,layer-me-bamboo-rouched-sleeve-tee#Black,random
Georgia,the-cotton-bamboo-tank#DuckEgg,voyager-stripe-crew#Stripe,hard
Georgia,the-cotton-bamboo-tank#DuckEgg,makeover-blouse#LimeGreen,hard
Georgia,the-cotton-bamboo-tank#DuckEgg,sontana-blouse#Stone,random
Natalie,the-cross-over-blouse#Blue,natural-textured-poncho#Deeprain,hard
Natalie,the-cross-over-blouse#Blue,voyager-stripe-crew#Stripe,hard
Natalie,the-cross-over-blouse#Blue,print-tee-3#Bike,random
Jess,belle-deep-v-mesh-top#Black,cara-tee-2#Blush,hard
Jess,belle-deep-v-mesh-top#Black,cara-tee-2#WhiteBlk,hard
Jess,belle-deep-v-mesh-top#Black,relaxed-cape#Black,random
Fiona,belle-ls-free-fall-tee#Greenland,natural-textured-poncho#Deeprain,hard
Fiona,belle-ls-free-fall-tee#Greenland,wonderland-blouse#Ink,hard
Fiona,belle-ls-free-fall-tee#Greenland,multi-sequin-dot-stripe-top#Navy,random
Fiona,the-stripe-jersey-top#Blue,natural-textured-poncho#Deeprain,hard
Fiona,the-stripe-jersey-top#Blue,wonderland-blouse#Ink,hard
Fiona,the-stripe-jersey-top#Blue,sugar-snaps-layers-tank#White,random
Ljubenka,the-open-sleeve-blouse#Berry,the-uneven-hem-knit-1#Sage,hard
Ljubenka,the-open-sleeve-blouse#Berry,natural-textured-poncho#Deeprain,hard
Ljubenka,the-open-sleeve-blouse#Berry,overlay-top-2#Black,random
Stacey,juno-cardigan#GreyMarle,makeover-blouse#LimeGreen,hard
Stacey,juno-cardigan#GreyMarle,cara-tee-2#Blush,hard
Stacey,juno-cardigan#GreyMarle,this-mortal-coil-drape#StormClam,random
Tia,the-cotton-bamboo-tank#Chambray,the-panel-luxe-top#BlkWhite,hard
Tia,the-cotton-bamboo-tank#Chambray,the-panel-luxe-top#SilvWhite,hard
Tia,the-cotton-bamboo-tank#Chambray,foil-spot-jumper#SilverDot,random
Mercy,belle-ls-free-fall-tee#Greenland,voyager-stripe-crew#Stripe,hard
Mercy,belle-ls-free-fall-tee#Greenland,makeover-blouse#LimeGreen,hard
Mercy,belle-ls-free-fall-tee#Greenland,chill-out-slouch-top#GreyMarle,random
Maddy,the-long-sleeve-scoop-neck-tee#Grey,natural-textured-poncho#Deeprain,hard
Maddy,the-long-sleeve-scoop-neck-tee#Grey,voyager-stripe-crew#Stripe,hard
Maddy,the-long-sleeve-scoop-neck-tee#Grey,mauevewood-crew#YellowWhit,random
Clementine,the-everyday-shirt#Cream,voyager-stripe-crew#Stripe,hard
Clementine,the-everyday-shirt#Cream,makeover-blouse#LimeGreen,hard
Clementine,the-everyday-shirt#Cream,relaxed-v-neck-knit#Silver,random
Sophia,billow-top#Peach,cara-tee-2#Blush,hard
Sophia,billow-top#Peach,cara-tee-2#WhiteBlk,hard
Sophia,billow-top#Peach,jasmine-singlet#White,random
Natalia,the-reverse-sleeve-sweater#Navy,voyager-stripe-crew#Stripe,hard
Natalia,the-reverse-sleeve-sweater#Navy,makeover-blouse#LimeGreen,hard
Natalia,the-reverse-sleeve-sweater#Navy,ember-knit#EmberGlow,random
Jess,sandy-off-the-shoulder-top#Gingham,cara-tee-2#Blush,hard
Jess,sandy-off-the-shoulder-top#Gingham,cara-tee-2#WhiteBlk,hard
Jess,sandy-off-the-shoulder-top#Gingham,flying-free-top-3#WhiteBird,random
Kate,runaway-top#SoftMint,natural-textured-poncho#Deeprain,hard
Kate,runaway-top#SoftMint,animal-button-up-shirt#KhakiPrint,hard
Kate,runaway-top#SoftMint,spliced-lace-panel-tee#White,random
Jess,belle-satin-shirt#Black,cara-tee-2#Blush,hard
Jess,belle-satin-shirt#Black,cara-tee-2#WhiteBlk,hard
Jess,belle-satin-shirt#Black,dot-to-dot-knit-1#GreyMarle,random
Sophie,the-zip-front-blouse#Navy,side-buttoned-sweater#Buttoned,hard
Sophie,the-zip-front-blouse#Navy,the-tie-front-top#Navy,hard
Sophie,the-zip-front-blouse#Navy,soho-v-neck-blouse#SohoPrint,random
Chelsea,falling-for-you-cardi#Mustard,voyager-stripe-crew#Stripe,hard
Chelsea,falling-for-you-cardi#Mustard,makeover-blouse#LimeGreen,hard
Chelsea,falling-for-you-cardi#Mustard,the-sleeveless-cross-over-blouse#White,random
Jess,drama-top#BlackGrey,cara-tee-2#Blush,hard
Jess,drama-top#BlackGrey,cara-tee-2#WhiteBlk,hard
Jess,drama-top#BlackGrey,ivy-cosy-pullover#Blossom,random
Jess,softly-falling-bamboo-tunic#Copper,cara-tee-2#Blush,hard
Jess,softly-falling-bamboo-tunic#Copper,cara-tee-2#WhiteBlk,hard
Jess,softly-falling-bamboo-tunic#Copper,aztec-cardigan#Orange,random
Fiona,long-sleeve-softly-swinging-bamboo-tee#Combat,natural-textured-poncho#Deeprain,hard
Fiona,long-sleeve-softly-swinging-bamboo-tee#Combat,wonderland-blouse#Ink,hard
Fiona,long-sleeve-softly-swinging-bamboo-tee#Combat,great-scot-merino-carcoat#Twilight,random
Shadae,rib-tank-2#Mustard,voyager-stripe-crew#Stripe,hard
Shadae,rib-tank-2#Mustard,makeover-blouse#LimeGreen,hard
Shadae,rib-tank-2#Mustard,woolly-spotted-hoodie#Navy,random
Amanda,the-high-low-drape-tee#Grey,natural-textured-poncho#Deeprain,hard
Amanda,the-high-low-drape-tee#Grey,voyager-stripe-crew#Stripe,hard
Amanda,the-high-low-drape-tee#Grey,the-cotton-bamboo-tank#Chambray,random
Marnee,sugar-snaps-layers-tank#DeepCobalt,natural-textured-poncho#Deeprain,hard
Marnee,sugar-snaps-layers-tank#DeepCobalt,voyager-stripe-crew#Stripe,hard
Marnee,sugar-snaps-layers-tank#DeepCobalt,the-half-sleeve-tee#White,random
Amanda,the-batwing-tee#Black,natural-textured-poncho#Deeprain,hard
Amanda,the-batwing-tee#Black,voyager-stripe-crew#Stripe,hard
Amanda,the-batwing-tee#Black,saba-top-2#Catus,random
Anna Maria,falling-for-you-cardi#Mustard,natural-textured-poncho#Deeprain,hard
Anna Maria,falling-for-you-cardi#Mustard,voyager-stripe-crew#Stripe,hard
Anna Maria,falling-for-you-cardi#Mustard,belle-flocked-tunic#White,random
Jess,sugar-snaps-layers-tank#PeachyKeen,cara-tee-2#Blush,hard
Jess,sugar-snaps-layers-tank#PeachyKeen,cara-tee-2#WhiteBlk,hard
Jess,sugar-snaps-layers-tank#PeachyKeen,the-relaxed-long-sleeve-tee#Navy,random
Laura,the-cross-over-blouse#Red,cara-tee-2#Blush,hard
Laura,the-cross-over-blouse#Red,cara-tee-2#WhiteBlk,hard
Laura,the-cross-over-blouse#Red,fundamental-split-hoodie-1#Lilac,random
Riina,napoleon-top-1#NemoRed,voyager-stripe-crew#Stripe,hard
Riina,napoleon-top-1#NemoRed,makeover-blouse#LimeGreen,hard
Riina,napoleon-top-1#NemoRed,the-uneven-hem-knit-1#Sage,random
Nikki,selma-top-1#IndoStripe,natural-textured-poncho#Deeprain,hard
Nikki,selma-top-1#IndoStripe,voyager-stripe-crew#Stripe,hard
Nikki,selma-top-1#IndoStripe,bora-bora-layered-tank#BoraBora,random
Amanda,the-longline-waterfall-cardi#Black,natural-textured-poncho#Deeprain,hard
Amanda,the-longline-waterfall-cardi#Black,voyager-stripe-crew#Stripe,hard
Amanda,the-longline-waterfall-cardi#Black,layered-tunic-1#PalePink,random
Stacey,chill-out-slouch-top#Mustard,makeover-blouse#LimeGreen,hard
Stacey,chill-out-slouch-top#Mustard,cara-tee-2#Blush,hard
Stacey,chill-out-slouch-top#Mustard,half-sleeve-fluffy-knit#Ivory,random
Laura,the-sleeveless-cross-over-blouse#Black,cara-tee-2#Blush,hard
Laura,the-sleeveless-cross-over-blouse#Black,cara-tee-2#WhiteBlk,hard
Laura,the-sleeveless-cross-over-blouse#Black,milan-34-sleeve-1#Melange,random
Natalia,napoleon-top-1#NemoRed,voyager-stripe-crew#Stripe,hard
Natalia,napoleon-top-1#NemoRed,makeover-blouse#LimeGreen,hard
Natalia,napoleon-top-1#NemoRed,belle-tie-neck-blouse-tee#White,random
Katie,messina-knit#Cognac,voyager-stripe-crew#Stripe,hard
Katie,messina-knit#Cognac,makeover-blouse#LimeGreen,hard
Katie,messina-knit#Cognac,yvette-blouse#Black,random
Chelsea,cara-tee-2#WhiteBlk,voyager-stripe-crew#Stripe,hard
Chelsea,cara-tee-2#WhiteBlk,makeover-blouse#LimeGreen,hard
Chelsea,cara-tee-2#WhiteBlk,butterfly-kisses-tee#MustardStr,random
Lara,curve-hem-cable-knit-sweater-1#Sapphire,natural-textured-poncho#Deeprain,hard
Lara,curve-hem-cable-knit-sweater-1#Sapphire,voyager-stripe-crew#Stripe,hard
Lara,curve-hem-cable-knit-sweater-1#Sapphire,snug-as-a-bug-jumper#Smoke,random
Sophie,falling-for-you-tunic#Rust,side-buttoned-sweater#Buttoned,hard
Sophie,falling-for-you-tunic#Rust,the-tie-front-top#Navy,hard
Sophie,falling-for-you-tunic#Rust,ines-top#NavyStrip,random
Natalie,layer-top-1#Navy,natural-textured-poncho#Deeprain,hard
Natalie,layer-top-1#Navy,voyager-stripe-crew#Stripe,hard
Natalie,layer-top-1#Navy,fundamental-sydney-crew#GreyMarle,random
Emma,raspberry-ls-tee#WhiteRaspb,voyager-stripe-crew#Stripe,hard
Emma,raspberry-ls-tee#WhiteRaspb,makeover-blouse#LimeGreen,hard
Emma,raspberry-ls-tee#WhiteRaspb,layered-tunic-1#PalePink,random
Mae-Lee,falling-for-you-cardi#GreyMarle,side-buttoned-sweater#Buttoned,hard
Mae-Lee,falling-for-you-cardi#GreyMarle,voyager-stripe-crew#Stripe,hard
Mae-Lee,falling-for-you-cardi#GreyMarle,freya-fringe-blouse#Navy,random
Jess,runaway-top#Sand,cara-tee-2#Blush,hard
Jess,runaway-top#Sand,cara-tee-2#WhiteBlk,hard
Jess,runaway-top#Sand,the-define-flute-sleeve-blouse#White,random
Fiona,the-twist-front-top#Navy,natural-textured-poncho#Deeprain,hard
Fiona,the-twist-front-top#Navy,wonderland-blouse#Ink,hard
Fiona,the-twist-front-top#Navy,back-to-you-top#BlackMagic,random
Jess,sontana-blouse#Stone,cara-tee-2#Blush,hard
Jess,sontana-blouse#Stone,cara-tee-2#WhiteBlk,hard
Jess,sontana-blouse#Stone,clio-knit-jumper#InkWhite,random
Mae-Lee,the-long-sleeve-scoop-neck-tee#Black,side-buttoned-sweater#Buttoned,hard
Mae-Lee,the-long-sleeve-scoop-neck-tee#Black,voyager-stripe-crew#Stripe,hard
Mae-Lee,the-long-sleeve-scoop-neck-tee#Black,natural-cropped-sleeve-knit#Cloudcover,random
Amanda,the-stripe-tank-1#Hazelnut,natural-textured-poncho#Deeprain,hard
Amanda,the-stripe-tank-1#Hazelnut,voyager-stripe-crew#Stripe,hard
Amanda,the-stripe-tank-1#Hazelnut,the-cross-over-blouse#Silver,random
Laura,manhattan-stretch-tee#Navy,cara-tee-2#Blush,hard
Laura,manhattan-stretch-tee#Navy,cara-tee-2#WhiteBlk,hard
Laura,manhattan-stretch-tee#Navy,geneva-v-neck-top#Olive,random
Chelsea,oversize-contrast-hood-top#Steel,voyager-stripe-crew#Stripe,hard
Chelsea,oversize-contrast-hood-top#Steel,makeover-blouse#LimeGreen,hard
Chelsea,oversize-contrast-hood-top#Steel,the-tie-front-tank#White,random
Georgia,falling-for-you-cardi#Rust,voyager-stripe-crew#Stripe,hard
Georgia,falling-for-you-cardi#Rust,makeover-blouse#LimeGreen,hard
Georgia,falling-for-you-cardi#Rust,billow-top#Peach,random
Emma,hem-frill-stripe-top#SoFrilled,voyager-stripe-crew#Stripe,hard
Emma,hem-frill-stripe-top#SoFrilled,makeover-blouse#LimeGreen,hard
Emma,hem-frill-stripe-top#SoFrilled,jersey-split-back-hooded-top#NavyStrip,random
Kate,sugar-snaps-layers-tank#White,natural-textured-poncho#Deeprain,hard
Kate,sugar-snaps-layers-tank#White,animal-button-up-shirt#KhakiPrint,hard
Kate,sugar-snaps-layers-tank#White,the-long-sleeve-scoop-neck-tee#Black,random
Shadae,monaco-knot-top#Olive,voyager-stripe-crew#Stripe,hard
Shadae,monaco-knot-top#Olive,makeover-blouse#LimeGreen,hard
Shadae,monaco-knot-top#Olive,neptune-top-1#PrimBlack,random
Palatina,you-at-my-shoulder-tunic#Black,cara-tee-2#Blush,hard
Palatina,you-at-my-shoulder-tunic#Black,cara-tee-2#WhiteBlk,hard
Palatina,you-at-my-shoulder-tunic#Black,the-stripe-jersey-top#Blue,random
Jess,belle-v-neck-forgiver-tunic#ArmyGreen,cara-tee-2#Blush,hard
Jess,belle-v-neck-forgiver-tunic#ArmyGreen,cara-tee-2#WhiteBlk,hard
Jess,belle-v-neck-forgiver-tunic#ArmyGreen,the-asymmetrical-tank-top#HotPink,random
Ljubenka,softly-swinging-bamboo-tee#Starfish,the-uneven-hem-knit-1#Sage,hard
Ljubenka,softly-swinging-bamboo-tee#Starfish,natural-textured-poncho#Deeprain,hard
Ljubenka,softly-swinging-bamboo-tee#Starfish,grace-oversized-knit#StoneBlack,random
Amanda,the-blouson-sleeve-jumper#Grey,natural-textured-poncho#Deeprain,hard
Amanda,the-blouson-sleeve-jumper#Grey,voyager-stripe-crew#Stripe,hard
Amanda,the-blouson-sleeve-jumper#Grey,belle-half-sleeve-boat-tee#White,random
Laura,softly-swinging-bamboo-tee#Blush,cara-tee-2#Blush,hard
Laura,softly-swinging-bamboo-tee#Blush,cara-tee-2#WhiteBlk,hard
Laura,softly-swinging-bamboo-tee#Blush,splice-knit-1#Multi,random
Fiona,belle-v-neck-forgiver-tunic#White,natural-textured-poncho#Deeprain,hard
Fiona,belle-v-neck-forgiver-tunic#White,wonderland-blouse#Ink,hard
Fiona,belle-v-neck-forgiver-tunic#White,the-ultimate-tie-cardi#Black,random
Fiona,hem-frill-stripe-top#Frilled,natural-textured-poncho#Deeprain,hard
Fiona,hem-frill-stripe-top#Frilled,wonderland-blouse#Ink,hard
Fiona,hem-frill-stripe-top#Frilled,the-cross-over-blouse#Sunshine,random
Fiona,natural-pattern-cocoon-cardigan#Blossom,natural-textured-poncho#Deeprain,hard
Fiona,natural-pattern-cocoon-cardigan#Blossom,wonderland-blouse#Ink,hard
Fiona,natural-pattern-cocoon-cardigan#Blossom,multi-stripe-jumper#NavyMulti,random
Emma,sugar-snaps-layers-tank#PeachyKeen,voyager-stripe-crew#Stripe,hard
Emma,sugar-snaps-layers-tank#PeachyKeen,makeover-blouse#LimeGreen,hard
Emma,sugar-snaps-layers-tank#PeachyKeen,sugar-snaps-throw-jacket#Duckegg,random
Jess,reversible-scoopv-neck-tank#White,cara-tee-2#Blush,hard
Jess,reversible-scoopv-neck-tank#White,cara-tee-2#WhiteBlk,hard
Jess,reversible-scoopv-neck-tank#White,fundamental-vee-tee#Pink,random
Katie,crushed-top#Blue,voyager-stripe-crew#Stripe,hard
Katie,crushed-top#Blue,makeover-blouse#LimeGreen,hard
Katie,crushed-top#Blue,karmen-top#HighRiskRe,random
Amanda,the-sleeveless-cross-over-blouse#Sunshine,natural-textured-poncho#Deeprain,hard
Amanda,the-sleeveless-cross-over-blouse#Sunshine,voyager-stripe-crew#Stripe,hard
Amanda,the-sleeveless-cross-over-blouse#Sunshine,daylight-cardi#Silver,random
Tia,silver-dot-tie-sleeve-blouse#SilverDotP,the-panel-luxe-top#BlkWhite,hard
Tia,silver-dot-tie-sleeve-blouse#SilverDotP,the-panel-luxe-top#SilvWhite,hard
Tia,silver-dot-tie-sleeve-blouse#SilverDotP,butterfly-kisses-tee#Green,random
Perrie,the-everyday-shirt#Rose,natural-textured-poncho#Deeprain,hard
Perrie,the-everyday-shirt#Rose,voyager-stripe-crew#Stripe,hard
Perrie,the-everyday-shirt#Rose,softly-swinging-bamboo-tee#Chambray,random
Jess,belle-half-sleeve-forgiver-tunic#Apricot,cara-tee-2#Blush,hard
Jess,belle-half-sleeve-forgiver-tunic#Apricot,cara-tee-2#WhiteBlk,hard
Jess,belle-half-sleeve-forgiver-tunic#Apricot,boho-embroidered-top#BohoDenim,random
Kate,the-sleeveless-cross-over-blouse#Black,natural-textured-poncho#Deeprain,hard
Kate,the-sleeveless-cross-over-blouse#Black,animal-button-up-shirt#KhakiPrint,hard
Kate,the-sleeveless-cross-over-blouse#Black,the-long-sleeve-scoop-neck-tee#White,random
Emma,the-drape-tee-1#Black,voyager-stripe-crew#Stripe,hard
Emma,the-drape-tee-1#Black,makeover-blouse#LimeGreen,hard
Emma,the-drape-tee-1#Black,baobab-sweater#Bark,random
Lauren,layer-me-cotton-candy-top#Cream,side-buttoned-sweater#Buttoned,hard
Lauren,layer-me-cotton-candy-top#Cream,voyager-stripe-crew#Stripe,hard
Lauren,layer-me-cotton-candy-top#Cream,falling-for-you-tunic#Black,random
Ljubenka,softly-swinging-bamboo-singlet#BlueJean,the-uneven-hem-knit-1#Sage,hard
Ljubenka,softly-swinging-bamboo-singlet#BlueJean,natural-textured-poncho#Deeprain,hard
Ljubenka,softly-swinging-bamboo-singlet#BlueJean,fundamental-split-hoodie-1#Khaki,random
Alex,the-cross-over-blouse#Silver,voyager-stripe-crew#Stripe,hard
Alex,the-cross-over-blouse#Silver,makeover-blouse#LimeGreen,hard
Alex,the-cross-over-blouse#Silver,belle-half-sleeve-boat-tee#Black,random
Riina,the-shoulder-tie-top#Black,voyager-stripe-crew#Stripe,hard
Riina,the-shoulder-tie-top#Black,makeover-blouse#LimeGreen,hard
Riina,the-shoulder-tie-top#Black,belle-v-neck-forgiver-tunic#Tobacco,random
Olivia,runaway-top#SoftPink,natural-textured-poncho#Deeprain,hard
Olivia,runaway-top#SoftPink,voyager-stripe-crew#Stripe,hard
Olivia,runaway-top#SoftPink,the-v-split-blouse#Salmon,random
Jess,falling-for-you-cardi#Black,cara-tee-2#Blush,hard
Jess,falling-for-you-cardi#Black,cara-tee-2#WhiteBlk,hard
Jess,falling-for-you-cardi#Black,sequin-spot-shirt#Blue,random
Anna,the-cotton-bamboo-tee#DuckEgg,voyager-stripe-crew#Stripe,hard
Anna,the-cotton-bamboo-tee#DuckEgg,makeover-blouse#LimeGreen,hard
Anna,the-cotton-bamboo-tee#DuckEgg,sugar-snaps-layers-tank#Black,random
Stacey,poncho-2#NavySilver,makeover-blouse#LimeGreen,hard
Stacey,poncho-2#NavySilver,cara-tee-2#Blush,hard
Stacey,poncho-2#NavySilver,cherrington-top#GreyRose,random
Georgia,crossing-the-plains-sweater-1#Indigo,voyager-stripe-crew#Stripe,hard
Georgia,crossing-the-plains-sweater-1#Indigo,makeover-blouse#LimeGreen,hard
Georgia,crossing-the-plains-sweater-1#Indigo,the-short-sleeve-wrap-jersey-top#NavyWhite,random
Laura,the-wrap-jersey-top#NavyWhite,cara-tee-2#Blush,hard
Laura,the-wrap-jersey-top#NavyWhite,cara-tee-2#WhiteBlk,hard
Laura,the-wrap-jersey-top#NavyWhite,the-uneven-hem-knit-1#Sage,random
Laura,the-long-sleeve-scoop-neck-tee#White,cara-tee-2#Blush,hard
Laura,the-long-sleeve-scoop-neck-tee#White,cara-tee-2#WhiteBlk,hard
Laura,the-long-sleeve-scoop-neck-tee#White,millie-top#WhiteBlk,random
Fiona,the-check-pullover#PinkCheck,natural-textured-poncho#Deeprain,hard
Fiona,the-check-pullover#PinkCheck,wonderland-blouse#Ink,hard
Fiona,the-check-pullover#PinkCheck,tutti-frutti-drop-shoulder-tee#Orange,random
Laura,the-batwing-tee#Sea,cara-tee-2#Blush,hard
Laura,the-batwing-tee#Sea,cara-tee-2#WhiteBlk,hard
Laura,the-batwing-tee#Sea,the-shoulder-tie-top#Black,random
Thais,relaxed-top-1#FloraStrip,natural-textured-poncho#Deeprain,hard
Thais,relaxed-top-1#FloraStrip,voyager-stripe-crew#Stripe,hard
Thais,relaxed-top-1#FloraStrip,gloria-applique-crew#Charcoal,random
Sophia,falling-for-you-cardi#Port,cara-tee-2#Blush,hard
Sophia,falling-for-you-cardi#Port,cara-tee-2#WhiteBlk,hard
Sophia,falling-for-you-cardi#Port,fundamental-rib-long-sleeve-tee#Black,random
Emma,the-relaxed-long-sleeve-tee#Navy,voyager-stripe-crew#Stripe,hard
Emma,the-relaxed-long-sleeve-tee#Navy,makeover-blouse#LimeGreen,hard
Emma,the-relaxed-long-sleeve-tee#Navy,belle-longline-white-shirt#White,random
Miranda,the-side-panel-drape-top#OffWhite,voyager-stripe-crew#Stripe,hard
Miranda,the-side-panel-drape-top#OffWhite,makeover-blouse#LimeGreen,hard
Miranda,the-side-panel-drape-top#OffWhite,sequin-spot-shirt#Blue,random
Madeline,fluid-tunic-top#White,voyager-stripe-crew#Stripe,hard
Madeline,fluid-tunic-top#White,makeover-blouse#LimeGreen,hard
Madeline,fluid-tunic-top#White,reversible-scoopv-neck-tank#Black,random
Laura,softly-swinging-bamboo-tee#Black,cara-tee-2#Blush,hard
Laura,softly-swinging-bamboo-tee#Black,cara-tee-2#WhiteBlk,hard
Laura,softly-swinging-bamboo-tee#Black,belle-flute-sleeve-tee#Navy,random
Summer,st-helens-henley-tee#White,voyager-stripe-crew#Stripe,hard
Summer,st-helens-henley-tee#White,natural-textured-poncho#Deeprain,hard
Summer,st-helens-henley-tee#White,falling-for-you-tunic#Black,random
Ljubenka,the-high-low-drape-tee#Grey,the-uneven-hem-knit-1#Sage,hard
Ljubenka,the-high-low-drape-tee#Grey,natural-textured-poncho#Deeprain,hard
Ljubenka,the-high-low-drape-tee#Grey,fundamental-vee-tee#Navy,random
Laura,belle-half-sleeve-forgiver-tunic#MutedClay,cara-tee-2#Blush,hard
Laura,belle-half-sleeve-forgiver-tunic#MutedClay,cara-tee-2#WhiteBlk,hard
Laura,belle-half-sleeve-forgiver-tunic#MutedClay,the-design-fold-tunic-top#PearlBlue,random
Maddy,sandy-off-the-shoulder-top#Gingham,natural-textured-poncho#Deeprain,hard
Maddy,sandy-off-the-shoulder-top#Gingham,voyager-stripe-crew#Stripe,hard
Maddy,sandy-off-the-shoulder-top#Gingham,peasant-top-3#Denim,random
Laura,the-relax-blouse#White,cara-tee-2#Blush,hard
Laura,the-relax-blouse#White,cara-tee-2#WhiteBlk,hard
Laura,the-relax-blouse#White,the-french-cuff-shirt#White,random
Madeline,natural-classic-cardigan#Pebble,voyager-stripe-crew#Stripe,hard
Madeline,natural-classic-cardigan#Pebble,makeover-blouse#LimeGreen,hard
Madeline,natural-classic-cardigan#Pebble,celestial-woven-top#White,random
Gemma,lucy-rib-oversized-top#Black,voyager-stripe-crew#Stripe,hard
Gemma,lucy-rib-oversized-top#Black,makeover-blouse#LimeGreen,hard
Gemma,lucy-rib-oversized-top#Black,janet-frill-shirt#White,random
Jess,the-sleeveless-cross-over-blouse#Black,cara-tee-2#Blush,hard
Jess,the-sleeveless-cross-over-blouse#Black,cara-tee-2#WhiteBlk,hard
Jess,the-sleeveless-cross-over-blouse#Black,belle-drape-tee#Sliver,random
Shadae,capri-tank-6#ClaySpot,voyager-stripe-crew#Stripe,hard
Shadae,capri-tank-6#ClaySpot,makeover-blouse#LimeGreen,hard
Shadae,capri-tank-6#ClaySpot,crushed-top#Blue,random
Natalie,sugar-snaps-layers-tank#PeachyKeen,natural-textured-poncho#Deeprain,hard
Natalie,sugar-snaps-layers-tank#PeachyKeen,voyager-stripe-crew#Stripe,hard
Natalie,sugar-snaps-layers-tank#PeachyKeen,nova-lux-solid-v-neck-placket-shirt#CloudDance,random
Riina,the-contrast-trim-knit#BlackWhite,voyager-stripe-crew#Stripe,hard
Riina,the-contrast-trim-knit#BlackWhite,makeover-blouse#LimeGreen,hard
Riina,the-contrast-trim-knit#BlackWhite,the-boat-neck-top#Navy,random
Laura,peasant-top-3#Denim,cara-tee-2#Blush,hard
Laura,peasant-top-3#Denim,cara-tee-2#WhiteBlk,hard
Laura,peasant-top-3#Denim,the-cotton-cardi#Navy,random
Natalie,sugar-snaps-layers-tank#Red,natural-textured-poncho#Deeprain,hard
Natalie,sugar-snaps-layers-tank#Red,voyager-stripe-crew#Stripe,hard
Natalie,sugar-snaps-layers-tank#Red,belle-ls-free-fall-tee#Blush,random
Mercy,belle-paint-brush-print-top#PaintPrint,voyager-stripe-crew#Stripe,hard
Mercy,belle-paint-brush-print-top#PaintPrint,makeover-blouse#LimeGreen,hard
Mercy,belle-paint-brush-print-top#PaintPrint,dot-to-dot-knit-1#GreyMarle,random
Kate,the-cross-over-blouse#Mint,natural-textured-poncho#Deeprain,hard
Kate,the-cross-over-blouse#Mint,animal-button-up-shirt#KhakiPrint,hard
Kate,the-cross-over-blouse#Mint,belle-longline-white-shirt#White,random
Stacey,the-tie-detail-hoody#FrenchBlue,makeover-blouse#LimeGreen,hard
Stacey,the-tie-detail-hoody#FrenchBlue,cara-tee-2#Blush,hard
Stacey,the-tie-detail-hoody#FrenchBlue,the-drape-tee-1#NavyStripe,random
Chelsea,the-lace-trim-top#Ivory,voyager-stripe-crew#Stripe,hard
Chelsea,the-lace-trim-top#Ivory,makeover-blouse#LimeGreen,hard
Chelsea,the-lace-trim-top#Ivory,skipping-stones-tunic#Forest,random
Chelsea,prickly-cactus-crew#Pink,voyager-stripe-crew#Stripe,hard
Chelsea,prickly-cactus-crew#Pink,makeover-blouse#LimeGreen,hard
Chelsea,prickly-cactus-crew#Pink,the-boat-neck-top-1#NavyWhite,random
Sophie,the-contrast-panel-top#SageStripe,side-buttoned-sweater#Buttoned,hard
Sophie,the-contrast-panel-top#SageStripe,the-tie-front-top#Navy,hard
Sophie,the-contrast-panel-top#SageStripe,rib-tank-2#Black,random
Fiona,tracie-top#Opal,natural-textured-poncho#Deeprain,hard
Fiona,tracie-top#Opal,wonderland-blouse#Ink,hard
Fiona,tracie-top#Opal,marjorie-tie-blouse#BluePrint,random
Laura,the-tie-front-top#Black,cara-tee-2#Blush,hard
Laura,the-tie-front-top#Black,cara-tee-2#WhiteBlk,hard
Laura,the-tie-front-top#Black,birds-tee-1#Navy,random
Anna,the-batwing-tee#FrenchBlue,voyager-stripe-crew#Stripe,hard
Anna,the-batwing-tee#FrenchBlue,makeover-blouse#LimeGreen,hard
Anna,the-batwing-tee#FrenchBlue,always-mine-spliced-cardigan#GreyEmeral,random
Chesska,agra-shirt#White,voyager-stripe-crew#Stripe,hard
Chesska,agra-shirt#White,makeover-blouse#LimeGreen,hard
Chesska,agra-shirt#White,messina-v-neck-tee#Black,random
Miranda,the-luxe-dobby-blouse#White,voyager-stripe-crew#Stripe,hard
Miranda,the-luxe-dobby-blouse#White,makeover-blouse#LimeGreen,hard
Miranda,the-luxe-dobby-blouse#White,the-pirate-in-me-shirt#White,random
Chelsea,cross-over-top-with-pocket#Emerald,voyager-stripe-crew#Stripe,hard
Chelsea,cross-over-top-with-pocket#Emerald,makeover-blouse#LimeGreen,hard
Chelsea,cross-over-top-with-pocket#Emerald,border-stripe-knit#WhitePink,random
Laura,the-reversible-cowl-neck-top-1#Black,cara-tee-2#Blush,hard
Laura,the-reversible-cowl-neck-top-1#Black,cara-tee-2#WhiteBlk,hard
Laura,the-reversible-cowl-neck-top-1#Black,the-boat-neck-top#Black,random
Ljubenka,softly-swinging-bamboo-tee#Cashew,the-uneven-hem-knit-1#Sage,hard
Ljubenka,softly-swinging-bamboo-tee#Cashew,natural-textured-poncho#Deeprain,hard
Ljubenka,softly-swinging-bamboo-tee#Cashew,nova-lux-solid-v-neck-placket-shirt#CloudDance,random
Palatina,moonlight-kisses-bamboo-tee#Combat,cara-tee-2#Blush,hard
Palatina,moonlight-kisses-bamboo-tee#Combat,cara-tee-2#WhiteBlk,hard
Palatina,moonlight-kisses-bamboo-tee#Combat,germaine-blouse#Pearl,random
Laura,the-sleeveless-cross-over-blouse#White,cara-tee-2#Blush,hard
Laura,the-sleeveless-cross-over-blouse#White,cara-tee-2#WhiteBlk,hard
Laura,the-sleeveless-cross-over-blouse#White,the-check-pullover#PinkCheck,random
Summer,fundamental-vee-tee#White,voyager-stripe-crew#Stripe,hard
Summer,fundamental-vee-tee#White,natural-textured-poncho#Deeprain,hard
Summer,fundamental-vee-tee#White,messina-knit-1#Shiraz,random
Sophia,the-luxe-long-sleeve-tee#GreyMarle,cara-tee-2#Blush,hard
Sophia,the-luxe-long-sleeve-tee#GreyMarle,cara-tee-2#WhiteBlk,hard
Sophia,the-luxe-long-sleeve-tee#GreyMarle,stara-cardigan#GreyMarle,random
Anna,the-cotton-bamboo-tank#Chambray,voyager-stripe-crew#Stripe,hard
Anna,the-cotton-bamboo-tank#Chambray,makeover-blouse#LimeGreen,hard
Anna,the-cotton-bamboo-tank#Chambray,belle-v-neck-forgiver-tunic#Navy,random
Riina,the-relaxed-batwing-top#PeachRose,voyager-stripe-crew#Stripe,hard
Riina,the-relaxed-batwing-top#PeachRose,makeover-blouse#LimeGreen,hard
Riina,the-relaxed-batwing-top#PeachRose,falling-for-you-cardi#Mustard,random
Jess,the-cotton-bamboo-tank#Chambray,cara-tee-2#Blush,hard
Jess,the-cotton-bamboo-tank#Chambray,cara-tee-2#WhiteBlk,hard
Jess,the-cotton-bamboo-tank#Chambray,neptune-top-1#PrimBlack,random
Mae-Lee,long-sleeve-softly-swinging-bamboo-tee#Copper,side-buttoned-sweater#Buttoned,hard
Mae-Lee,long-sleeve-softly-swinging-bamboo-tee#Copper,voyager-stripe-crew#Stripe,hard
Mae-Lee,long-sleeve-softly-swinging-bamboo-tee#Copper,relaxed-v-neck-knit#Silver,random
Perrie,the-cut-out-shoulder-blouse#Clay,natural-textured-poncho#Deeprain,hard
Perrie,the-cut-out-shoulder-blouse#Clay,voyager-stripe-crew#Stripe,hard
Perrie,the-cut-out-shoulder-blouse#Clay,the-pocket-tee#GreyStripe,random
Lara,pattern-tunic-1#Lattice,natural-textured-poncho#Deeprain,hard
Lara,pattern-tunic-1#Lattice,voyager-stripe-crew#Stripe,hard
Lara,pattern-tunic-1#Lattice,the-boat-neck-top#Black,random
Georgia,sugar-snaps-layers-tank#PeachyKeen,voyager-stripe-crew#Stripe,hard
Georgia,sugar-snaps-layers-tank#PeachyKeen,makeover-blouse#LimeGreen,hard
Georgia,sugar-snaps-layers-tank#PeachyKeen,waterfall-cardi-1#Navy,random
Mae-Lee,the-cut-out-shoulder-blouse#Blue,side-buttoned-sweater#Buttoned,hard
Mae-Lee,the-cut-out-shoulder-blouse#Blue,voyager-stripe-crew#Stripe,hard
Mae-Lee,the-cut-out-shoulder-blouse#Blue,ella-funnel-neck-top#Khaki,random
Gemma,falling-for-you-cardi#Navy,voyager-stripe-crew#Stripe,hard
Gemma,falling-for-you-cardi#Navy,makeover-blouse#LimeGreen,hard
Gemma,falling-for-you-cardi#Navy,blue-waters-cotton-blouse#White,random
Maddy,abigail-stripe-shirt#BlackStrip,natural-textured-poncho#Deeprain,hard
Maddy,abigail-stripe-shirt#BlackStrip,voyager-stripe-crew#Stripe,hard
Maddy,abigail-stripe-shirt#BlackStrip,analia-jersey-top#Black,random
Clementine,the-cross-front-spot-blouse#NavySpot,voyager-stripe-crew#Stripe,hard
Clementine,the-cross-front-spot-blouse#NavySpot,makeover-blouse#LimeGreen,hard
Clementine,the-cross-front-spot-blouse#NavySpot,longline-cardigan-2#Pink,random
Clementine,the-cotton-bamboo-tank#Chambray,voyager-stripe-crew#Stripe,hard
Clementine,the-cotton-bamboo-tank#Chambray,makeover-blouse#LimeGreen,hard
Clementine,the-cotton-bamboo-tank#Chambray,belle-satin-shirt#Black,random
Maddy,the-cut-out-shoulder-blouse#Black,natural-textured-poncho#Deeprain,hard
Maddy,the-cut-out-shoulder-blouse#Black,voyager-stripe-crew#Stripe,hard
Maddy,the-cut-out-shoulder-blouse#Black,layla-long-line-kimono#MultiStrip,random
Ljubenka,the-cut-out-shoulder-blouse#Blue,the-uneven-hem-knit-1#Sage,hard
Ljubenka,the-cut-out-shoulder-blouse#Blue,natural-textured-poncho#Deeprain,hard
Ljubenka,the-cut-out-shoulder-blouse#Blue,the-tie-front-tank#Navy,random
Jess,natural-cropped-sleeve-knit#Cloudcover,cara-tee-2#Blush,hard
Jess,natural-cropped-sleeve-knit#Cloudcover,cara-tee-2#WhiteBlk,hard
Jess,natural-cropped-sleeve-knit#Cloudcover,first-love-kimono-jacket#Stone,random
Laura,be-mine-top-1#Sage,cara-tee-2#Blush,hard
Laura,be-mine-top-1#Sage,cara-tee-2#WhiteBlk,hard
Laura,be-mine-top-1#Sage,mixed-messages-jumper#MixedStrip,random
Mae-Lee,the-relaxed-long-sleeve-tee#Khaki,side-buttoned-sweater#Buttoned,hard
Mae-Lee,the-relaxed-long-sleeve-tee#Khaki,voyager-stripe-crew#Stripe,hard
Mae-Lee,the-relaxed-long-sleeve-tee#Khaki,curve-hem-cable-knit-sweater-1#Sapphire,random
Kate,the-sleeveless-cross-over-blouse#White,natural-textured-poncho#Deeprain,hard
Kate,the-sleeveless-cross-over-blouse#White,animal-button-up-shirt#KhakiPrint,hard
Kate,the-sleeveless-cross-over-blouse#White,silver-cross-sweater#Silver,random
Mae-Lee,the-drape-tee-1#Stripe,side-buttoned-sweater#Buttoned,hard
Mae-Lee,the-drape-tee-1#Stripe,voyager-stripe-crew#Stripe,hard
Mae-Lee,the-drape-tee-1#Stripe,tab-sleeve-longline-shirt#Pink,random
Kate,the-cross-over-blouse#Black,natural-textured-poncho#Deeprain,hard
Kate,the-cross-over-blouse#Black,animal-button-up-shirt#KhakiPrint,hard
Kate,the-cross-over-blouse#Black,the-relaxed-batwing-top#PeachRose,random
Louise,layered-tee-2#Black,pure-merino-fine-rib-polo#BlackStri,hard
Louise,layered-tee-2#Black,voyager-stripe-crew#Stripe,hard
Louise,layered-tee-2#Black,aldis-blouse#Pearl,random
Sophie,the-relaxed-batwing-top#PeachRose,side-buttoned-sweater#Buttoned,hard
Sophie,the-relaxed-batwing-top#PeachRose,the-tie-front-top#Navy,hard
Sophie,the-relaxed-batwing-top#PeachRose,the-tie-front-tank#White,random
Ljubenka,belle-flocked-tunic#White,the-uneven-hem-knit-1#Sage,hard
Ljubenka,belle-flocked-tunic#White,natural-textured-poncho#Deeprain,hard
Ljubenka,belle-flocked-tunic#White,ava-short-sleeve-linen-tee#Navy,random
Maddy,the-long-sleeve-v-neck-tee#Black,natural-textured-poncho#Deeprain,hard
Maddy,the-long-sleeve-v-neck-tee#Black,voyager-stripe-crew#Stripe,hard
Maddy,the-long-sleeve-v-neck-tee#Black,side-buttoned-sweater#Buttoned,random
Amanda,the-essential-layering-tee#White,natural-textured-poncho#Deeprain,hard
Amanda,the-essential-layering-tee#White,voyager-stripe-crew#Stripe,hard
Amanda,the-essential-layering-tee#White,star-and-spot-sweater#SilverMult,random
Natalia,the-wrap-jersey-top-1#NavyStripe,voyager-stripe-crew#Stripe,hard
Natalia,the-wrap-jersey-top-1#NavyStripe,makeover-blouse#LimeGreen,hard
Natalia,the-wrap-jersey-top-1#NavyStripe,shell-top-3#PapBlue,random
Amanda,the-daily-cross-over-top#PinkPrint,natural-textured-poncho#Deeprain,hard
Amanda,the-daily-cross-over-top#PinkPrint,voyager-stripe-crew#Stripe,hard
Amanda,the-daily-cross-over-top#PinkPrint,flow-with-me-slouch-top#Brick,random
Fiona,jade-kimono-sweet-blossoms#Blue,natural-textured-poncho#Deeprain,hard
Fiona,jade-kimono-sweet-blossoms#Blue,wonderland-blouse#Ink,hard
Fiona,jade-kimono-sweet-blossoms#Blue,juno-cardigan#GreyMarle,random
Riina,the-relaxed-long-sleeve-tee-1#Ink%20Stripe,voyager-stripe-crew#Stripe,hard
Riina,the-relaxed-long-sleeve-tee-1#Ink%20Stripe,makeover-blouse#LimeGreen,hard
Riina,the-relaxed-long-sleeve-tee-1#Ink%20Stripe,the-wrap-jersey-top#JetBlack,random
Natalie,layered-tee-2#White,natural-textured-poncho#Deeprain,hard
Natalie,layered-tee-2#White,voyager-stripe-crew#Stripe,hard
Natalie,layered-tee-2#White,star-and-spot-sweater#SilverMult,random
Stefania,weekend-vibes-blouse#Blush,voyager-stripe-crew#Stripe,hard
Stefania,weekend-vibes-blouse#Blush,makeover-blouse#LimeGreen,hard
Stefania,weekend-vibes-blouse#Blush,weekend-tunic#Navy,random
Lauren,cotton-candy-side-split-top#IceBlue,side-buttoned-sweater#Buttoned,hard
Lauren,cotton-candy-side-split-top#IceBlue,voyager-stripe-crew#Stripe,hard
Lauren,cotton-candy-side-split-top#IceBlue,2-in-1-layered-knit-top#PalePink,random
Laura,the-wrap-jersey-top#JetBlack,cara-tee-2#Blush,hard
Laura,the-wrap-jersey-top#JetBlack,cara-tee-2#WhiteBlk,hard
Laura,the-wrap-jersey-top#JetBlack,layer-me-bamboo-rouched-sleeve-tee#White,random
Jess,the-batwing-tee#Black,cara-tee-2#Blush,hard
Jess,the-batwing-tee#Black,cara-tee-2#WhiteBlk,hard
Jess,the-batwing-tee#Black,lola-bell-sleeve-top-ditsy-daisies#Blue,random
Emma,daisy-top-1#BrightBlue,voyager-stripe-crew#Stripe,hard
Emma,daisy-top-1#BrightBlue,makeover-blouse#LimeGreen,hard
Emma,daisy-top-1#BrightBlue,the-long-sleeve-scoop-neck-tee#Navy,random
Fiona,the-weekender-shirt#DenimStrip,natural-textured-poncho#Deeprain,hard
Fiona,the-weekender-shirt#DenimStrip,wonderland-blouse#Ink,hard
Fiona,the-weekender-shirt#DenimStrip,partly-cloudy-knit#Black,random
Ljubenka,the-everyday-shirt#Cream,the-uneven-hem-knit-1#Sage,hard
Ljubenka,the-everyday-shirt#Cream,natural-textured-poncho#Deeprain,hard
Ljubenka,the-everyday-shirt#Cream,ruffle-hem-jersey-top#Pink,random
Sophia,falling-for-you-cardi#Mustard,cara-tee-2#Blush,hard
Sophia,falling-for-you-cardi#Mustard,cara-tee-2#WhiteBlk,hard
Sophia,falling-for-you-cardi#Mustard,ember-knit#EmberGlow,random
Marnee,flow-with-me-slouch-top#Brick,natural-textured-poncho#Deeprain,hard
Marnee,flow-with-me-slouch-top#Brick,voyager-stripe-crew#Stripe,hard
Marnee,flow-with-me-slouch-top#Brick,the-relax-blouse#White,random
Jess,falling-for-you-cardi#Teal,cara-tee-2#Blush,hard
Jess,falling-for-you-cardi#Teal,cara-tee-2#WhiteBlk,hard
Jess,falling-for-you-cardi#Teal,marquax-tunic#OnyxSpeck,random
Miranda,the-roll-neck-sleeveless-top-1#Black,voyager-stripe-crew#Stripe,hard
Miranda,the-roll-neck-sleeveless-top-1#Black,makeover-blouse#LimeGreen,hard
Miranda,the-roll-neck-sleeveless-top-1#Black,billow-top#Black,random
Jess,the-cut-out-shoulder-blouse#Black,cara-tee-2#Blush,hard
Jess,the-cut-out-shoulder-blouse#Black,cara-tee-2#WhiteBlk,hard
Jess,the-cut-out-shoulder-blouse#Black,pure-merino-fine-rib-polo#BlackStri,random
Lisa,partly-cloudy-knit#Black,voyager-stripe-crew#Stripe,hard
Lisa,partly-cloudy-knit#Black,makeover-blouse#LimeGreen,hard
Lisa,partly-cloudy-knit#Black,geneva-v-neck-top#ClaySpot,random
Anna,the-cotton-bamboo-tee#BlueJeans,voyager-stripe-crew#Stripe,hard
Anna,the-cotton-bamboo-tee#BlueJeans,makeover-blouse#LimeGreen,hard
Anna,the-cotton-bamboo-tee#BlueJeans,2-in-1-layered-knit-top#Navy,random
Fiona,the-colour-block-pullover#Sage,natural-textured-poncho#Deeprain,hard
Fiona,the-colour-block-pullover#Sage,wonderland-blouse#Ink,hard
Fiona,the-colour-block-pullover#Sage,the-wrap-jersey-top#Charcoal,random
Alex,the-batwing-tee#FrenchBlue,voyager-stripe-crew#Stripe,hard
Alex,the-batwing-tee#FrenchBlue,makeover-blouse#LimeGreen,hard
Alex,the-batwing-tee#FrenchBlue,2-in-1-layered-top-1#PinkWhite,random
Jess,belle-square-neck-drape-tee#Vanilla,cara-tee-2#Blush,hard
Jess,belle-square-neck-drape-tee#Vanilla,cara-tee-2#WhiteBlk,hard
Jess,belle-square-neck-drape-tee#Vanilla,pure-merino-fine-rib-v-neck#Charcoal,random
Kate,the-batwing-tee#FrenchBlue,natural-textured-poncho#Deeprain,hard
Kate,the-batwing-tee#FrenchBlue,animal-button-up-shirt#KhakiPrint,hard
Kate,the-batwing-tee#FrenchBlue,aigli-top#White,random
Laura,falling-for-you-cardi#Port,cara-tee-2#Blush,hard
Laura,falling-for-you-cardi#Port,cara-tee-2#WhiteBlk,hard
Laura,falling-for-you-cardi#Port,luxe-shirt#Black,random
Shadae,st-helens-henley-tee#White,voyager-stripe-crew#Stripe,hard
Shadae,st-helens-henley-tee#White,makeover-blouse#LimeGreen,hard
Shadae,st-helens-henley-tee#White,belle-drape-tee#Black,random
Riina,the-cosy-cardigan#Grey,voyager-stripe-crew#Stripe,hard
Riina,the-cosy-cardigan#Grey,makeover-blouse#LimeGreen,hard
Riina,the-cosy-cardigan#Grey,the-open-sleeve-blouse#Berry,random
Jess,sugar-snaps-layers-tank#Black,cara-tee-2#Blush,hard
Jess,sugar-snaps-layers-tank#Black,cara-tee-2#WhiteBlk,hard
Jess,sugar-snaps-layers-tank#Black,the-ultimate-tie-cardi#Black,random
Jess,long-sleeve-softly-swinging-bamboo-tee#BlueJeans,cara-tee-2#Blush,hard
Jess,long-sleeve-softly-swinging-bamboo-tee#BlueJeans,cara-tee-2#WhiteBlk,hard
Jess,long-sleeve-softly-swinging-bamboo-tee#BlueJeans,hacienda-tunic-5#PatchGold,random
Madeline,bertie-top#BlkCherry,voyager-stripe-crew#Stripe,hard
Madeline,bertie-top#BlkCherry,makeover-blouse#LimeGreen,hard
Madeline,bertie-top#BlkCherry,layer-top-1#Navy,random
Gemma,bo-cosy-cardigan#Blossom,voyager-stripe-crew#Stripe,hard
Gemma,bo-cosy-cardigan#Blossom,makeover-blouse#LimeGreen,hard
Gemma,bo-cosy-cardigan#Blossom,forget-me-knot-tunic#ForgetMeK,random
Summer,printed-v-neck-top#Striped,voyager-stripe-crew#Stripe,hard
Summer,printed-v-neck-top#Striped,natural-textured-poncho#Deeprain,hard
Summer,printed-v-neck-top#Striped,animal-button-up-shirt#KhakiPrint,random
Amanda,the-box-top#Blush,natural-textured-poncho#Deeprain,hard
Amanda,the-box-top#Blush,voyager-stripe-crew#Stripe,hard
Amanda,the-box-top#Blush,birds-tee-1#Navy,random
Fiona,belle-v-neck-forgiver-tunic#ArmyGreen,natural-textured-poncho#Deeprain,hard
Fiona,belle-v-neck-forgiver-tunic#ArmyGreen,wonderland-blouse#Ink,hard
Fiona,belle-v-neck-forgiver-tunic#ArmyGreen,art-deco-print-top#NavyWhite,random
Ljubenka,runaway-top#JetBlack,the-uneven-hem-knit-1#Sage,hard
Ljubenka,runaway-top#JetBlack,natural-textured-poncho#Deeprain,hard
Ljubenka,runaway-top#JetBlack,overlay-top-2#Black,random
Summer,faith-jumper#Eventide,voyager-stripe-crew#Stripe,hard
Summer,faith-jumper#Eventide,natural-textured-poncho#Deeprain,hard
Summer,faith-jumper#Eventide,the-cross-over-blouse#Red,random
Sophia,weekend-tunic#Navy,cara-tee-2#Blush,hard
Sophia,weekend-tunic#Navy,cara-tee-2#WhiteBlk,hard
Sophia,weekend-tunic#Navy,the-cosy-cardigan#Blue,random
Jess,jasmine-singlet#White,cara-tee-2#Blush,hard
Jess,jasmine-singlet#White,cara-tee-2#WhiteBlk,hard
Jess,jasmine-singlet#White,the-cotton-cardi#Navy,random
Sophia,geena-xo-ls-pullover-knit#WhiteCapGr,cara-tee-2#Blush,hard
Sophia,geena-xo-ls-pullover-knit#WhiteCapGr,cara-tee-2#WhiteBlk,hard
Sophia,geena-xo-ls-pullover-knit#WhiteCapGr,the-excess-shirt#Pearl,random
Anna,the-cotton-bamboo-tank#DuckEgg,voyager-stripe-crew#Stripe,hard
Anna,the-cotton-bamboo-tank#DuckEgg,makeover-blouse#LimeGreen,hard
Anna,the-cotton-bamboo-tank#DuckEgg,willow-knot-top#WhiteBlk,random
Emma,side-buttoned-sweater#Buttoned,voyager-stripe-crew#Stripe,hard
Emma,side-buttoned-sweater#Buttoned,makeover-blouse#LimeGreen,hard
Emma,side-buttoned-sweater#Buttoned,the-cotton-tie-detail-top#Ivory,random
Louise,paisley-top-1#Paisley,pure-merino-fine-rib-polo#BlackStri,hard
Louise,paisley-top-1#Paisley,voyager-stripe-crew#Stripe,hard
Louise,paisley-top-1#Paisley,block-vest#Blockvest,random
Maddy,long-sleeve-tee-2#NavyWhite,natural-textured-poncho#Deeprain,hard
Maddy,long-sleeve-tee-2#NavyWhite,voyager-stripe-crew#Stripe,hard
Maddy,long-sleeve-tee-2#NavyWhite,belle-tier-tee#Blue,random
Riina,the-fleck-roll-neck-knit#Oatmeal,voyager-stripe-crew#Stripe,hard
Riina,the-fleck-roll-neck-knit#Oatmeal,makeover-blouse#LimeGreen,hard
Riina,the-fleck-roll-neck-knit#Oatmeal,falling-for-you-tunic#Black,random
Chelsea,the-ultimate-tie-cardi#Port,voyager-stripe-crew#Stripe,hard
Chelsea,the-ultimate-tie-cardi#Port,makeover-blouse#LimeGreen,hard
Chelsea,the-ultimate-tie-cardi#Port,patchwork-tunic#Patchwork,random
Nadine,adventurous-hoody#Pink,makeover-blouse#LimeGreen,hard
Nadine,adventurous-hoody#Pink,pure-merino-fine-rib-v-neck#Charcoal,hard
Nadine,adventurous-hoody#Pink,long-sleeve-softly-swinging-bamboo-tee#SilverScon,random
Shadae,clio-knit-jumper#Clay,voyager-stripe-crew#Stripe,hard
Shadae,clio-knit-jumper#Clay,makeover-blouse#LimeGreen,hard
Shadae,clio-knit-jumper#Clay,the-long-sleeve-v-neck-tee#Black,random
Jess,long-sleeve-softly-swinging-bamboo-tee#Oyster,cara-tee-2#Blush,hard
Jess,long-sleeve-softly-swinging-bamboo-tee#Oyster,cara-tee-2#WhiteBlk,hard
Jess,long-sleeve-softly-swinging-bamboo-tee#Oyster,zara-top#ZebraPrint,random
Georgia,cotton-candy-side-split-top#IceBlue,voyager-stripe-crew#Stripe,hard
Georgia,cotton-candy-side-split-top#IceBlue,makeover-blouse#LimeGreen,hard
Georgia,cotton-candy-side-split-top#IceBlue,aigli-top#White,random
Helen,this-mortal-coil-drape#StormClam,voyager-stripe-crew#Stripe,hard
Helen,this-mortal-coil-drape#StormClam,makeover-blouse#LimeGreen,hard
Helen,this-mortal-coil-drape#StormClam,daylight-jumper#Silver,random
Natalie,the-sleeveless-cross-over-blouse#Cobalt,natural-textured-poncho#Deeprain,hard
Natalie,the-sleeveless-cross-over-blouse#Cobalt,voyager-stripe-crew#Stripe,hard
Natalie,the-sleeveless-cross-over-blouse#Cobalt,the-ruffle-sleeve-sweat#KhakiMarle,random
Georgia,rise-top#Ink,voyager-stripe-crew#Stripe,hard
Georgia,rise-top#Ink,makeover-blouse#LimeGreen,hard
Georgia,rise-top#Ink,stud-trim-long-sleeve-top#Mint,random
Riina,messina-v-neck-tee#White,voyager-stripe-crew#Stripe,hard
Riina,messina-v-neck-tee#White,makeover-blouse#LimeGreen,hard
Riina,messina-v-neck-tee#White,capri-tank-6#HeatheGrey,random
Laura,falling-for-you-cardi#GreyMarle,cara-tee-2#Blush,hard
Laura,falling-for-you-cardi#GreyMarle,cara-tee-2#WhiteBlk,hard
Laura,falling-for-you-cardi#GreyMarle,karmen-top#HighRiskRe,random
Stacey,in-transit-cardi#Navy,makeover-blouse#LimeGreen,hard
Stacey,in-transit-cardi#Navy,cara-tee-2#Blush,hard
Stacey,in-transit-cardi#Navy,geneva-v-neck-top#ClaySpot,random
Rosaline,the-fleck-roll-neck-knit#Oatmeal,voyager-stripe-crew#Stripe,hard
Rosaline,the-fleck-roll-neck-knit#Oatmeal,makeover-blouse#LimeGreen,hard
Rosaline,the-fleck-roll-neck-knit#Oatmeal,cara-tee-3#Mustard,random
Kate,the-everyday-shirt#Midnight,natural-textured-poncho#Deeprain,hard
Kate,the-everyday-shirt#Midnight,animal-button-up-shirt#KhakiPrint,hard
Kate,the-everyday-shirt#Midnight,curve-hem-cable-knit-sweater-1#Sapphire,random
Stacey,side-buttoned-sweater#Buttoned,makeover-blouse#LimeGreen,hard
Stacey,side-buttoned-sweater#Buttoned,cara-tee-2#Blush,hard
Stacey,side-buttoned-sweater#Buttoned,the-reversible-cowl-neck-top-1#White,random
Amanda,the-v-neck-stripe-top#BlkStripe,natural-textured-poncho#Deeprain,hard
Amanda,the-v-neck-stripe-top#BlkStripe,voyager-stripe-crew#Stripe,hard
Amanda,the-v-neck-stripe-top#BlkStripe,long-sleeve-softly-swinging-bamboo-tee#Navy,random
Georgia,the-pirate-in-me-shirt#White,voyager-stripe-crew#Stripe,hard
Georgia,the-pirate-in-me-shirt#White,makeover-blouse#LimeGreen,hard
Georgia,the-pirate-in-me-shirt#White,the-essential-layering-tee#White,random
Laura,the-cotton-bamboo-tank#Chambray,cara-tee-2#Blush,hard
Laura,the-cotton-bamboo-tank#Chambray,cara-tee-2#WhiteBlk,hard
Laura,the-cotton-bamboo-tank#Chambray,wrap-me-up-bamboo-top#Black,random
Lauren,the-contrast-knit-1#Sage,side-buttoned-sweater#Buttoned,hard
Lauren,the-contrast-knit-1#Sage,voyager-stripe-crew#Stripe,hard
Lauren,the-contrast-knit-1#Sage,lake-house-top#CoalPrint,random
Natalia,geena-xo-ls-pullover-knit#Allure,voyager-stripe-crew#Stripe,hard
Natalia,geena-xo-ls-pullover-knit#Allure,makeover-blouse#LimeGreen,hard
Natalia,geena-xo-ls-pullover-knit#Allure,nature-ls-top#BlueGum,random
Natalia,the-relaxed-batwing-top#PeachRose,voyager-stripe-crew#Stripe,hard
Natalia,the-relaxed-batwing-top#PeachRose,makeover-blouse#LimeGreen,hard
Natalia,the-relaxed-batwing-top#PeachRose,merino-boyfriend-cardigan#MelangeStr,random
Palatina,2-in-1-layered-top-1#NavyWhite,cara-tee-2#Blush,hard
Palatina,2-in-1-layered-top-1#NavyWhite,cara-tee-2#WhiteBlk,hard
Palatina,2-in-1-layered-top-1#NavyWhite,westward-top#BotanicalD,random
Amanda,the-tie-detail-hoody#Pink,natural-textured-poncho#Deeprain,hard
Amanda,the-tie-detail-hoody#Pink,voyager-stripe-crew#Stripe,hard
Amanda,the-tie-detail-hoody#Pink,cool-breeze-jumper#Dust,random
Nadine,je-taime-knit#Navy,makeover-blouse#LimeGreen,hard
Nadine,je-taime-knit#Navy,pure-merino-fine-rib-v-neck#Charcoal,hard
Nadine,je-taime-knit#Navy,the-define-flute-sleeve-blouse#Black,random
Sophie,the-cross-over-top#NavyStripe,side-buttoned-sweater#Buttoned,hard
Sophie,the-cross-over-top#NavyStripe,the-tie-front-top#Navy,hard
Sophie,the-cross-over-top#NavyStripe,the-high-low-drape-tee#Grey,random
Monique,anna-top#Leona,voyager-stripe-crew#Stripe,hard
Monique,anna-top#Leona,makeover-blouse#LimeGreen,hard
Monique,anna-top#Leona,the-daily-cross-over-top#PinkPrint,random
Tia,panelled-stripe-top#NavyWhite,the-panel-luxe-top#BlkWhite,hard
Tia,panelled-stripe-top#NavyWhite,the-panel-luxe-top#SilvWhite,hard
Tia,panelled-stripe-top#NavyWhite,kimberly-spliced-top#Black,random
Mae-Lee,belle-v-neck-forgiver-tunic#Navy,side-buttoned-sweater#Buttoned,hard
Mae-Lee,belle-v-neck-forgiver-tunic#Navy,voyager-stripe-crew#Stripe,hard
Mae-Lee,belle-v-neck-forgiver-tunic#Navy,soho-ruffle-jumper#OatmealMar,random
Marnee,the-everyday-shirt#Pink,natural-textured-poncho#Deeprain,hard
Marnee,the-everyday-shirt#Pink,voyager-stripe-crew#Stripe,hard
Marnee,the-everyday-shirt#Pink,sequin-cross-2-in-1-top#Khaki,random
Emma,long-sleeve-softly-swinging-bamboo-tee#Cashew,voyager-stripe-crew#Stripe,hard
Emma,long-sleeve-softly-swinging-bamboo-tee#Cashew,makeover-blouse#LimeGreen,hard
Emma,long-sleeve-softly-swinging-bamboo-tee#Cashew,karmen-top#HighRiskRe,random
Ljubenka,sugar-snaps-layers-tank#DeepCobalt,the-uneven-hem-knit-1#Sage,hard
Ljubenka,sugar-snaps-layers-tank#DeepCobalt,natural-textured-poncho#Deeprain,hard
Ljubenka,sugar-snaps-layers-tank#DeepCobalt,striped-sleeve-sweater#Striped,random
Chesska,delicado-top#White,voyager-stripe-crew#Stripe,hard
Chesska,delicado-top#White,makeover-blouse#LimeGreen,hard
Chesska,delicado-top#White,fundamental-split-hoodie-1#Lilac,random
Madeline,analia-jersey-top#Navy,voyager-stripe-crew#Stripe,hard
Madeline,analia-jersey-top#Navy,makeover-blouse#LimeGreen,hard
Madeline,analia-jersey-top#Navy,double-layered-top-1#WBlack,random
Mae-Lee,layered-tee-2#White,side-buttoned-sweater#Buttoned,hard
Mae-Lee,layered-tee-2#White,voyager-stripe-crew#Stripe,hard
Mae-Lee,layered-tee-2#White,long-sleeve-spot-top#Multispot,random
Lisa,ashbury-cardigan#Mocha,voyager-stripe-crew#Stripe,hard
Lisa,ashbury-cardigan#Mocha,makeover-blouse#LimeGreen,hard
Lisa,ashbury-cardigan#Mocha,falling-for-you-cardi#Teal,random
Chelsea,the-print-contrast-34-sleeve-top#Animal,voyager-stripe-crew#Stripe,hard
Chelsea,the-print-contrast-34-sleeve-top#Animal,makeover-blouse#LimeGreen,hard
Chelsea,the-print-contrast-34-sleeve-top#Animal,runaway-top#SoftMint,random
Mae-Lee,softly-swinging-bamboo-tee#Starfish,side-buttoned-sweater#Buttoned,hard
Mae-Lee,softly-swinging-bamboo-tee#Starfish,voyager-stripe-crew#Stripe,hard
Mae-Lee,softly-swinging-bamboo-tee#Starfish,snake-print-johnny-collar-top#BeigeSnake,random
Tia,softly-swinging-bamboo-tee#BlueJeans,the-panel-luxe-top#BlkWhite,hard
Tia,softly-swinging-bamboo-tee#BlueJeans,the-panel-luxe-top#SilvWhite,hard
Tia,softly-swinging-bamboo-tee#BlueJeans,tia-boyfriend-shirt#White,random
Amanda,the-frill-detail-blouse#Chambray,natural-textured-poncho#Deeprain,hard
Amanda,the-frill-detail-blouse#Chambray,voyager-stripe-crew#Stripe,hard
Amanda,the-frill-detail-blouse#Chambray,butterfly-blouse-1#Ivory,random
Mae-Lee,sugar-snaps-layers-tank#DuckEgg,side-buttoned-sweater#Buttoned,hard
Mae-Lee,sugar-snaps-layers-tank#DuckEgg,voyager-stripe-crew#Stripe,hard
Mae-Lee,sugar-snaps-layers-tank#DuckEgg,the-stitch-detail-top#SkyBlue,random
Maddy,batty-about-you-cotton-tee#BlkWhite,natural-textured-poncho#Deeprain,hard
Maddy,batty-about-you-cotton-tee#BlkWhite,voyager-stripe-crew#Stripe,hard
Maddy,batty-about-you-cotton-tee#BlkWhite,layered-top-2#Navy,random
Ljubenka,softly-swinging-bamboo-tee#BlueJeans,the-uneven-hem-knit-1#Sage,hard
Ljubenka,softly-swinging-bamboo-tee#BlueJeans,natural-textured-poncho#Deeprain,hard
Ljubenka,softly-swinging-bamboo-tee#BlueJeans,monaco-knot-top#Black,random
Tia,the-drape-tee-1#NavyStripe,the-panel-luxe-top#BlkWhite,hard
Tia,the-drape-tee-1#NavyStripe,the-panel-luxe-top#SilvWhite,hard
Tia,the-drape-tee-1#NavyStripe,belle-v-neck-forgiver-tunic#DenimMarl,random
Summer,the-button-up-swing-tunic#Wine,voyager-stripe-crew#Stripe,hard
Summer,the-button-up-swing-tunic#Wine,natural-textured-poncho#Deeprain,hard
Summer,the-button-up-swing-tunic#Wine,the-relax-blouse#White,random
Ljubenka,layered-tee-2#Black,the-uneven-hem-knit-1#Sage,hard
Ljubenka,layered-tee-2#Black,natural-textured-poncho#Deeprain,hard
Ljubenka,layered-tee-2#Black,the-short-sleeve-wrap-jersey-top#Black,random
Georgia,falling-for-you-tunic#Black,voyager-stripe-crew#Stripe,hard
Georgia,falling-for-you-tunic#Black,makeover-blouse#LimeGreen,hard
Georgia,falling-for-you-tunic#Black,nature-ls-top#BlueGum,random
Marnee,flying-free-top-3#WhiteBird,natural-textured-poncho#Deeprain,hard
Marnee,flying-free-top-3#WhiteBird,voyager-stripe-crew#Stripe,hard
Marnee,flying-free-top-3#WhiteBird,ivy-cosy-pullover#Blossom,random
Jess,paige-top#Black,cara-tee-2#Blush,hard
Jess,paige-top#Black,cara-tee-2#WhiteBlk,hard
Jess,paige-top#Black,reversible-stripe-vee-scoop-neck-tank#BlackWhite,random
Laura,milan-stretch-top#SilverMarl,cara-tee-2#Blush,hard
Laura,milan-stretch-top#SilverMarl,cara-tee-2#WhiteBlk,hard
Laura,milan-stretch-top#SilverMarl,arya-frilled-blouse#Oyster,random
Laura,square-nk-fray-trim-top#Denim,cara-tee-2#Blush,hard
Laura,square-nk-fray-trim-top#Denim,cara-tee-2#WhiteBlk,hard
Laura,square-nk-fray-trim-top#Denim,ella-funnel-neck-top#Khaki,random
Amanda,the-bonded-cotton-tunic-dress#Navy,natural-textured-poncho#Deeprain,hard
Amanda,the-bonded-cotton-tunic-dress#Navy,voyager-stripe-crew#Stripe,hard
Amanda,the-bonded-cotton-tunic-dress#Navy,layered-top-2#White,random
Fiona,sequin-star-tee#Navy,natural-textured-poncho#Deeprain,hard
Fiona,sequin-star-tee#Navy,wonderland-blouse#Ink,hard
Fiona,sequin-star-tee#Navy,the-daily-cross-over-top#SkyBlue,random
Ljubenka,falling-for-you-cardi#Black,the-uneven-hem-knit-1#Sage,hard
Ljubenka,falling-for-you-cardi#Black,natural-textured-poncho#Deeprain,hard
Ljubenka,falling-for-you-cardi#Black,relaxed-cape#Black,random
Anna,the-cotton-bamboo-tee#White,voyager-stripe-crew#Stripe,hard
Anna,the-cotton-bamboo-tee#White,makeover-blouse#LimeGreen,hard
Anna,the-cotton-bamboo-tee#White,triangle-detail-long-sleeve-tee#Bordeaux,random
Laura,butterfly-kisses-tee#MustardStr,cara-tee-2#Blush,hard
Laura,butterfly-kisses-tee#MustardStr,cara-tee-2#WhiteBlk,hard
Laura,butterfly-kisses-tee#MustardStr,animal-button-up-shirt#KhakiPrint,random
Jess,butterfly-kisses-tee#Stripe,cara-tee-2#Blush,hard
Jess,butterfly-kisses-tee#Stripe,cara-tee-2#WhiteBlk,hard
Jess,butterfly-kisses-tee#Stripe,maui-stretch-tee#NavyWhtStr,random
Stefania,the-french-cuff-shirt#White,voyager-stripe-crew#Stripe,hard
Stefania,the-french-cuff-shirt#White,makeover-blouse#LimeGreen,hard
Stefania,the-french-cuff-shirt#White,messina-knit-1#Shiraz,random
Clementine,the-everyday-shirt#Midnight,voyager-stripe-crew#Stripe,hard
Clementine,the-everyday-shirt#Midnight,makeover-blouse#LimeGreen,hard
Clementine,the-everyday-shirt#Midnight,frill-blouse#Rust,random
Marnee,kimono-and-me-cardi#Sand,natural-textured-poncho#Deeprain,hard
Marnee,kimono-and-me-cardi#Sand,voyager-stripe-crew#Stripe,hard
Marnee,kimono-and-me-cardi#Sand,the-sleeveless-cross-over-blouse#Salmon,random
Mandy,woolly-spotted-hoodie#Navy,voyager-stripe-crew#Stripe,hard
Mandy,woolly-spotted-hoodie#Navy,makeover-blouse#LimeGreen,hard
Mandy,woolly-spotted-hoodie#Navy,belle-lace-trim-tee#GreyMarle,random
Fiona,belle-v-neck-forgiver-tunic#Scarlett,natural-textured-poncho#Deeprain,hard
Fiona,belle-v-neck-forgiver-tunic#Scarlett,wonderland-blouse#Ink,hard
Fiona,belle-v-neck-forgiver-tunic#Scarlett,kimono-and-me-cardi#Sand,random
Marnee,sugar-snaps-layers-tank#Black,natural-textured-poncho#Deeprain,hard
Marnee,sugar-snaps-layers-tank#Black,voyager-stripe-crew#Stripe,hard
Marnee,sugar-snaps-layers-tank#Black,the-cross-over-blouse#Mint,random
Charlotte,natural-cross-back-knit#Lightsmoke,voyager-stripe-crew#Stripe,hard
Charlotte,natural-cross-back-knit#Lightsmoke,makeover-blouse#LimeGreen,hard
Charlotte,natural-cross-back-knit#Lightsmoke,the-half-sleeve-tee#Black,random
Chelsea,cascade-hood-top#Black,voyager-stripe-crew#Stripe,hard
Chelsea,cascade-hood-top#Black,makeover-blouse#LimeGreen,hard
Chelsea,cascade-hood-top#Black,the-belle-sleeve-print-top#NavyPrint,random
Sophie,printed-tunic-7#RedCheck,side-buttoned-sweater#Buttoned,hard
Sophie,printed-tunic-7#RedCheck,the-tie-front-top#Navy,hard
Sophie,printed-tunic-7#RedCheck,ally-long-sleeve-tee#CosmosPr,random
Jess,the-drape-tee-1#Black,cara-tee-2#Blush,hard
Jess,the-drape-tee-1#Black,cara-tee-2#WhiteBlk,hard
Jess,the-drape-tee-1#Black,the-longline-cardi-1#Nude,random
Fiona,belle-v-neck-forgiver-tunic#Tobacco,natural-textured-poncho#Deeprain,hard
Fiona,belle-v-neck-forgiver-tunic#Tobacco,wonderland-blouse#Ink,hard
Fiona,belle-v-neck-forgiver-tunic#Tobacco,capri-tank-3#NavyStripe,random
Marnee,sugar-snaps-round-neck-layer-tank#DuckEgg,natural-textured-poncho#Deeprain,hard
Marnee,sugar-snaps-round-neck-layer-tank#DuckEgg,voyager-stripe-crew#Stripe,hard
Marnee,sugar-snaps-round-neck-layer-tank#DuckEgg,frill-blouse#Rust,random
Ljubenka,the-asymmetrical-tank-top#Indigo,the-uneven-hem-knit-1#Sage,hard
Ljubenka,the-asymmetrical-tank-top#Indigo,natural-textured-poncho#Deeprain,hard
Ljubenka,the-asymmetrical-tank-top#Indigo,meredith-78-oversized-pullover-knit#CameoRose,random
Perrie,frost-cardigan#Mauvewoo,natural-textured-poncho#Deeprain,hard
Perrie,frost-cardigan#Mauvewoo,voyager-stripe-crew#Stripe,hard
Perrie,frost-cardigan#Mauvewoo,belle-longline-white-shirt#White,random
Fiona,the-essential-layering-tee#White,natural-textured-poncho#Deeprain,hard
Fiona,the-essential-layering-tee#White,wonderland-blouse#Ink,hard
Fiona,the-essential-layering-tee#White,tutti-frutti-drop-shoulder-tee#Orange,random
Natalia,falling-for-you-tunic#Black,voyager-stripe-crew#Stripe,hard
Natalia,falling-for-you-tunic#Black,makeover-blouse#LimeGreen,hard
Natalia,falling-for-you-tunic#Black,patchwork-tunic#Patchwork,random
Summer,capri-tank-3#Navy,voyager-stripe-crew#Stripe,hard
Summer,capri-tank-3#Navy,natural-textured-poncho#Deeprain,hard
Summer,capri-tank-3#Navy,the-tie-detail-hoody#FrenchBlue,random
Charlotte,natural-extra-fine-sweater#Snowgum,voyager-stripe-crew#Stripe,hard
Charlotte,natural-extra-fine-sweater#Snowgum,makeover-blouse#LimeGreen,hard
Charlotte,natural-extra-fine-sweater#Snowgum,the-longline-cardi-1#GreyMarle,random
Jess,belle-longline-white-shirt#White,cara-tee-2#Blush,hard
Jess,belle-longline-white-shirt#White,cara-tee-2#WhiteBlk,hard
Jess,belle-longline-white-shirt#White,the-pocket-tee#GreyStripe,random
Marnee,runaway-top#SoftPink,natural-textured-poncho#Deeprain,hard
Marnee,runaway-top#SoftPink,voyager-stripe-crew#Stripe,hard
Marnee,runaway-top#SoftPink,manhattan-stretch-tee#White,random
Helen,butterfly-blouse-1#Ivory,voyager-stripe-crew#Stripe,hard
Helen,butterfly-blouse-1#Ivory,makeover-blouse#LimeGreen,hard
Helen,butterfly-blouse-1#Ivory,bella-ls-tee#GreenWhite,random
Gemma,elcos-45-aop-top-jrs#BlackFlowe,voyager-stripe-crew#Stripe,hard
Gemma,elcos-45-aop-top-jrs#BlackFlowe,makeover-blouse#LimeGreen,hard
Gemma,elcos-45-aop-top-jrs#BlackFlowe,the-luxe-long-sleeve-tee#GreyMarle,random
Chelsea,the-reversible-cowl-neck-top-1#White,voyager-stripe-crew#Stripe,hard
Chelsea,the-reversible-cowl-neck-top-1#White,makeover-blouse#LimeGreen,hard
Chelsea,the-reversible-cowl-neck-top-1#White,the-cross-front-spot-blouse#Spot,random
Laura,soft-and-true-tunic#Pine,cara-tee-2#Blush,hard
Laura,soft-and-true-tunic#Pine,cara-tee-2#WhiteBlk,hard
Laura,soft-and-true-tunic#Pine,cherrington-top#GreyRose,random
Jess,the-cotton-bamboo-tank#White,cara-tee-2#Blush,hard
Jess,the-cotton-bamboo-tank#White,cara-tee-2#WhiteBlk,hard
Jess,the-cotton-bamboo-tank#White,sequin-spot-cardi#Grey,random
Riina,the-cosy-cardigan#Blue,voyager-stripe-crew#Stripe,hard
Riina,the-cosy-cardigan#Blue,makeover-blouse#LimeGreen,hard
Riina,the-cosy-cardigan#Blue,wellington-tee#HeatheGrey,random
Perrie,the-batwing-tee#Black,natural-textured-poncho#Deeprain,hard
Perrie,the-batwing-tee#Black,voyager-stripe-crew#Stripe,hard
Perrie,the-batwing-tee#Black,layer-me-bamboo-rouched-sleeve-tee#Fern,random
Mandy,heartmade-sweater#Rust,voyager-stripe-crew#Stripe,hard
Mandy,heartmade-sweater#Rust,makeover-blouse#LimeGreen,hard
Mandy,heartmade-sweater#Rust,the-cut-out-shoulder-blouse#Blue,random
Amanda,the-bell-sleeve-top#BlkStripe,natural-textured-poncho#Deeprain,hard
Amanda,the-bell-sleeve-top#BlkStripe,voyager-stripe-crew#Stripe,hard
Amanda,the-bell-sleeve-top#BlkStripe,the-drape-tee-1#White,random
Clementine,the-stitch-detail-top#SkyBlue,voyager-stripe-crew#Stripe,hard
Clementine,the-stitch-detail-top#SkyBlue,makeover-blouse#LimeGreen,hard
Clementine,the-stitch-detail-top#SkyBlue,the-cross-over-poncho#Navy,random
Riina,the-zip-detail-jacket#Grey,voyager-stripe-crew#Stripe,hard
Riina,the-zip-detail-jacket#Grey,makeover-blouse#LimeGreen,hard
Riina,the-zip-detail-jacket#Grey,york-linen-blend-top#BurntOrang,random
Denniel,the-cut-out-shoulder-blouse#Salmon,natural-textured-poncho#Deeprain,hard
Denniel,the-cut-out-shoulder-blouse#Salmon,voyager-stripe-crew#Stripe,hard
Denniel,the-cut-out-shoulder-blouse#Salmon,ryder-cosy-sweater#Blossom,random
Laura,runaway-top#SoftMint,cara-tee-2#Blush,hard
Laura,runaway-top#SoftMint,cara-tee-2#WhiteBlk,hard
Laura,runaway-top#SoftMint,relaxed-top-1#FloraStrip,random
Kate,sugar-snaps-layers-tank#Blue,natural-textured-poncho#Deeprain,hard
Kate,sugar-snaps-layers-tank#Blue,animal-button-up-shirt#KhakiPrint,hard
Kate,sugar-snaps-layers-tank#Blue,the-luxe-long-sleeve-tee#GreyMarle,random
Jess,the-fleck-roll-neck-knit#Oatmeal,cara-tee-2#Blush,hard
Jess,the-fleck-roll-neck-knit#Oatmeal,cara-tee-2#WhiteBlk,hard
Jess,the-fleck-roll-neck-knit#Oatmeal,layered-sleeve-top#Moss,random
Georgia,cover-up-slouch-cardi#Alloy,voyager-stripe-crew#Stripe,hard
Georgia,cover-up-slouch-cardi#Alloy,makeover-blouse#LimeGreen,hard
Georgia,cover-up-slouch-cardi#Alloy,belle-mid-length-knit-cardi#Black,random
Kate,the-everyday-shirt#Black,natural-textured-poncho#Deeprain,hard
Kate,the-everyday-shirt#Black,animal-button-up-shirt#KhakiPrint,hard
Kate,the-everyday-shirt#Black,overlay-top-2#Black,random
Chelsea,daylight-cardi#Silver,voyager-stripe-crew#Stripe,hard
Chelsea,daylight-cardi#Silver,makeover-blouse#LimeGreen,hard
Chelsea,daylight-cardi#Silver,wellington-tee#Black,random
Denniel,the-short-sleeve-wrap-jersey-top#Black,natural-textured-poncho#Deeprain,hard
Denniel,the-short-sleeve-wrap-jersey-top#Black,voyager-stripe-crew#Stripe,hard
Denniel,the-short-sleeve-wrap-jersey-top#Black,the-fleck-roll-neck-knit#Oatmeal,random
Nadine,runaway-top#Sand,makeover-blouse#LimeGreen,hard
Nadine,runaway-top#Sand,pure-merino-fine-rib-v-neck#Charcoal,hard
Nadine,runaway-top#Sand,fundamental-rib-long-sleeve-tee#White,random
Emma,weekend-tunic#Navy,voyager-stripe-crew#Stripe,hard
Emma,weekend-tunic#Navy,makeover-blouse#LimeGreen,hard
Emma,weekend-tunic#Navy,henson-jumper#Cream,random
Laura,belle-half-sleeve-forgiver-tunic#FlamPink,cara-tee-2#Blush,hard
Laura,belle-half-sleeve-forgiver-tunic#FlamPink,cara-tee-2#WhiteBlk,hard
Laura,belle-half-sleeve-forgiver-tunic#FlamPink,ruffle-sleeve-top-1#Black,random
Ljubenka,belle-half-sleeve-forgiver-tunic#Apricot,the-uneven-hem-knit-1#Sage,hard
Ljubenka,belle-half-sleeve-forgiver-tunic#Apricot,natural-textured-poncho#Deeprain,hard
Ljubenka,belle-half-sleeve-forgiver-tunic#Apricot,the-cotton-bamboo-ls-top#NavyStripe,random
Laura,the-relaxed-long-sleeve-tee#Navy,cara-tee-2#Blush,hard
Laura,the-relaxed-long-sleeve-tee#Navy,cara-tee-2#WhiteBlk,hard
Laura,the-relaxed-long-sleeve-tee#Navy,ember-knit#EmberGlow,random
Mae-Lee,the-cotton-bamboo-tee#BlueJeans,side-buttoned-sweater#Buttoned,hard
Mae-Lee,the-cotton-bamboo-tee#BlueJeans,voyager-stripe-crew#Stripe,hard
Mae-Lee,the-cotton-bamboo-tee#BlueJeans,rose-shirt#BlueIllusi,random
Ljubenka,falling-for-you-cardi#Dusty,the-uneven-hem-knit-1#Sage,hard
Ljubenka,falling-for-you-cardi#Dusty,natural-textured-poncho#Deeprain,hard
Ljubenka,falling-for-you-cardi#Dusty,hem-frill-stripe-top#SoFrilled,random
Chelsea,the-drape-tee-1#NavyStripe,voyager-stripe-crew#Stripe,hard
Chelsea,the-drape-tee-1#NavyStripe,makeover-blouse#LimeGreen,hard
Chelsea,the-drape-tee-1#NavyStripe,linen-v-neck-cami-2#BlueWhite,random
Kate,belle-half-sleeve-forgiver-tunic#MutedClay,natural-textured-poncho#Deeprain,hard
Kate,belle-half-sleeve-forgiver-tunic#MutedClay,animal-button-up-shirt#KhakiPrint,hard
Kate,belle-half-sleeve-forgiver-tunic#MutedClay,indi-crosover-front-blouse#MixedStrip,random
Fiona,the-zip-front-top#Rose,natural-textured-poncho#Deeprain,hard
Fiona,the-zip-front-top#Rose,wonderland-blouse#Ink,hard
Fiona,the-zip-front-top#Rose,the-tie-front-top#Black,random
Nadine,heartmade-cardi#DustyRose,makeover-blouse#LimeGreen,hard
Nadine,heartmade-cardi#DustyRose,pure-merino-fine-rib-v-neck#Charcoal,hard
Nadine,heartmade-cardi#DustyRose,ava-short-sleeve-linen-tee#Navy,random
Ljubenka,the-cotton-bamboo-tank#Chambray,the-uneven-hem-knit-1#Sage,hard
Ljubenka,the-cotton-bamboo-tank#Chambray,natural-textured-poncho#Deeprain,hard
Ljubenka,the-cotton-bamboo-tank#Chambray,clovis-shirt#NavyGold,random
Fiona,the-ruffle-sleeve-top#NavyStripe,natural-textured-poncho#Deeprain,hard
Fiona,the-ruffle-sleeve-top#NavyStripe,wonderland-blouse#Ink,hard
Fiona,the-ruffle-sleeve-top#NavyStripe,ricki-one-shoulder-top#BlackWhite,random
Natalie,sugar-snaps-layers-tank#Black,natural-textured-poncho#Deeprain,hard
Natalie,sugar-snaps-layers-tank#Black,voyager-stripe-crew#Stripe,hard
Natalie,sugar-snaps-layers-tank#Black,daisy-top-1#BrightBlue,random
Mae-Lee,the-cut-out-shoulder-blouse#Silver,side-buttoned-sweater#Buttoned,hard
Mae-Lee,the-cut-out-shoulder-blouse#Silver,voyager-stripe-crew#Stripe,hard
Mae-Lee,the-cut-out-shoulder-blouse#Silver,aigli-top#Navy,random
Mae-Lee,belle-half-sleeve-forgiver-tunic#White,side-buttoned-sweater#Buttoned,hard
Mae-Lee,belle-half-sleeve-forgiver-tunic#White,voyager-stripe-crew#Stripe,hard
Mae-Lee,belle-half-sleeve-forgiver-tunic#White,arya-frilled-blouse#Oyster,random
Natalia,cover-up-slouch-cardi#Alloy,voyager-stripe-crew#Stripe,hard
Natalia,cover-up-slouch-cardi#Alloy,makeover-blouse#LimeGreen,hard
Natalia,cover-up-slouch-cardi#Alloy,westward-top#BotanicalD,random
Bree,belle-half-sleeve-forgiver-tunic#FlamPink,cara-tee-2#Blush,hard
Bree,belle-half-sleeve-forgiver-tunic#FlamPink,cara-tee-2#WhiteBlk,hard
Bree,belle-half-sleeve-forgiver-tunic#FlamPink,the-tie-layering-knit#Grey,random
Kate,the-sleeveless-cross-over-blouse#Salmon,natural-textured-poncho#Deeprain,hard
Kate,the-sleeveless-cross-over-blouse#Salmon,animal-button-up-shirt#KhakiPrint,hard
Kate,the-sleeveless-cross-over-blouse#Salmon,the-cotton-bamboo-ls-top#Black,random
Madeline,first-mix-top-1#BlackWhite,voyager-stripe-crew#Stripe,hard
Madeline,first-mix-top-1#BlackWhite,makeover-blouse#LimeGreen,hard
Madeline,first-mix-top-1#BlackWhite,the-v-neck-stripe-top#BlkStripe,random
Mae-Lee,daisy-chain-tassel-blouse#DeepBlue,side-buttoned-sweater#Buttoned,hard
Mae-Lee,daisy-chain-tassel-blouse#DeepBlue,voyager-stripe-crew#Stripe,hard
Mae-Lee,daisy-chain-tassel-blouse#DeepBlue,the-essential-layering-tee#White,random
Nikki,the-drape-tee-1#Navy,natural-textured-poncho#Deeprain,hard
Nikki,the-drape-tee-1#Navy,voyager-stripe-crew#Stripe,hard
Nikki,the-drape-tee-1#Navy,the-sleeveless-cross-over-blouse#Chambray,random
Summer,rib-tank-2#White,voyager-stripe-crew#Stripe,hard
Summer,rib-tank-2#White,natural-textured-poncho#Deeprain,hard
Summer,rib-tank-2#White,laurina-stripe-pullover#NightSky,random
Jess,sugar-snaps-layers-tank#SeaGreen,cara-tee-2#Blush,hard
Jess,sugar-snaps-layers-tank#SeaGreen,cara-tee-2#WhiteBlk,hard
Jess,sugar-snaps-layers-tank#SeaGreen,rib-tank-2#Red,random
Amanda,the-dobby-sleeve-tee#InkBlue,natural-textured-poncho#Deeprain,hard
Amanda,the-dobby-sleeve-tee#InkBlue,voyager-stripe-crew#Stripe,hard
Amanda,the-dobby-sleeve-tee#InkBlue,belle-satin-shirt#Black,random
Jess,belle-v-neck-forgiver-tunic#Tobacco,cara-tee-2#Blush,hard
Jess,belle-v-neck-forgiver-tunic#Tobacco,cara-tee-2#WhiteBlk,hard
Jess,belle-v-neck-forgiver-tunic#Tobacco,capri-tank-3#NavyStripe,random
Shadae,monaco-knot-top#ClaySpot,voyager-stripe-crew#Stripe,hard
Shadae,monaco-knot-top#ClaySpot,makeover-blouse#LimeGreen,hard
Shadae,monaco-knot-top#ClaySpot,the-layered-cross-over-top#Navy,random
Laura,dusk-top#DuskPrint,cara-tee-2#Blush,hard
Laura,dusk-top#DuskPrint,cara-tee-2#WhiteBlk,hard
Laura,dusk-top#DuskPrint,ruffle-hem-jersey-top#Pink,random
Jess,layer-me-bamboo-rouched-sleeve-tee#White,cara-tee-2#Blush,hard
Jess,layer-me-bamboo-rouched-sleeve-tee#White,cara-tee-2#WhiteBlk,hard
Jess,layer-me-bamboo-rouched-sleeve-tee#White,capri-tank-6#Olive,random
Madeline,print-tee-3#Bike,voyager-stripe-crew#Stripe,hard
Madeline,print-tee-3#Bike,makeover-blouse#LimeGreen,hard
Madeline,print-tee-3#Bike,the-long-sleeve-v-neck-tee#Navy,random
Laura,softly-swinging-bamboo-tee#White,cara-tee-2#Blush,hard
Laura,softly-swinging-bamboo-tee#White,cara-tee-2#WhiteBlk,hard
Laura,softly-swinging-bamboo-tee#White,fundamental-vee-tee#GreyMarle,random
Fiona,long-sleeve-softly-swinging-bamboo-tee#DuckEgg,natural-textured-poncho#Deeprain,hard
Fiona,long-sleeve-softly-swinging-bamboo-tee#DuckEgg,wonderland-blouse#Ink,hard
Fiona,long-sleeve-softly-swinging-bamboo-tee#DuckEgg,the-on-or-off-the-shoulder-top#Pink,random
Laura,the-flutter-sleeve-top#Denim,cara-tee-2#Blush,hard
Laura,the-flutter-sleeve-top#Denim,cara-tee-2#WhiteBlk,hard
Laura,the-flutter-sleeve-top#Denim,juno-cardigan#GreyMarle,random
Maddy,marjorie-tie-blouse#BluePrint,natural-textured-poncho#Deeprain,hard
Maddy,marjorie-tie-blouse#BluePrint,voyager-stripe-crew#Stripe,hard
Maddy,marjorie-tie-blouse#BluePrint,sugar-snaps-layers-tank#SeaGreen,random
Perrie,dahlia-lace-trim-blouse#Dusk,natural-textured-poncho#Deeprain,hard
Perrie,dahlia-lace-trim-blouse#Dusk,voyager-stripe-crew#Stripe,hard
Perrie,dahlia-lace-trim-blouse#Dusk,long-sleeve-softly-swinging-bamboo-tee#DuckEgg,random
Miranda,the-open-sleeve-blouse#Berry,voyager-stripe-crew#Stripe,hard
Miranda,the-open-sleeve-blouse#Berry,makeover-blouse#LimeGreen,hard
Miranda,the-open-sleeve-blouse#Berry,patchwork-tunic#Patchwork,random
Amanda,the-stripe-crossover-blouse#Bluestripe,natural-textured-poncho#Deeprain,hard
Amanda,the-stripe-crossover-blouse#Bluestripe,voyager-stripe-crew#Stripe,hard
Amanda,the-stripe-crossover-blouse#Bluestripe,falling-for-you-cardi#Teal,random
Emma,frost-cardigan#Mauvewoo,voyager-stripe-crew#Stripe,hard
Emma,frost-cardigan#Mauvewoo,makeover-blouse#LimeGreen,hard
Emma,frost-cardigan#Mauvewoo,cross-over-top-with-pocket#NavyMustrd,random
Kate,the-cotton-bamboo-tee#DustyPink,natural-textured-poncho#Deeprain,hard
Kate,the-cotton-bamboo-tee#DustyPink,animal-button-up-shirt#KhakiPrint,hard
Kate,the-cotton-bamboo-tee#DustyPink,geena-xo-ls-pullover-knit#WhiteCapGr,random
Gemma,sequin-cross-2-in-1-top#Navy,voyager-stripe-crew#Stripe,hard
Gemma,sequin-cross-2-in-1-top#Navy,makeover-blouse#LimeGreen,hard
Gemma,sequin-cross-2-in-1-top#Navy,the-cross-front-spot-blouse#Spot,random
Laura,the-drape-tee-1#White,cara-tee-2#Blush,hard
Laura,the-drape-tee-1#White,cara-tee-2#WhiteBlk,hard
Laura,the-drape-tee-1#White,nova-lux-long-sleeve-tie-top-1#SimplyGree,random
Georgia,falling-for-you-cardi-1#GreyGarden,voyager-stripe-crew#Stripe,hard
Georgia,falling-for-you-cardi-1#GreyGarden,makeover-blouse#LimeGreen,hard
Georgia,falling-for-you-cardi-1#GreyGarden,the-fleck-roll-neck-knit#Oatmeal,random
Natalie,the-cut-out-shoulder-blouse#Clay,natural-textured-poncho#Deeprain,hard
Natalie,the-cut-out-shoulder-blouse#Clay,voyager-stripe-crew#Stripe,hard
Natalie,the-cut-out-shoulder-blouse#Clay,bamboo-layer-tank#Black,random
Mae-Lee,the-on-or-off-the-shoulder-top#FrenchNavy,side-buttoned-sweater#Buttoned,hard
Mae-Lee,the-on-or-off-the-shoulder-top#FrenchNavy,voyager-stripe-crew#Stripe,hard
Mae-Lee,the-on-or-off-the-shoulder-top#FrenchNavy,sugar-snaps-throw-jacket#Black,random
Kate,the-everyday-shirt#Pink,natural-textured-poncho#Deeprain,hard
Kate,the-everyday-shirt#Pink,animal-button-up-shirt#KhakiPrint,hard
Kate,the-everyday-shirt#Pink,the-bonded-cotton-shirt#Pink,random
Ljubenka,belle-v-neck-forgiver-tunic#BlueMarle,the-uneven-hem-knit-1#Sage,hard
Ljubenka,belle-v-neck-forgiver-tunic#BlueMarle,natural-textured-poncho#Deeprain,hard
Ljubenka,belle-v-neck-forgiver-tunic#BlueMarle,llama-long-sleeve-shirt#Mustard,random
Mae-Lee,delicado-top#White,side-buttoned-sweater#Buttoned,hard
Mae-Lee,delicado-top#White,voyager-stripe-crew#Stripe,hard
Mae-Lee,delicado-top#White,the-contrast-knit-1#Sage,random
Laura,the-cotton-bamboo-tee#White,cara-tee-2#Blush,hard
Laura,the-cotton-bamboo-tee#White,cara-tee-2#WhiteBlk,hard
Laura,the-cotton-bamboo-tee#White,belle-ls-free-fall-tee#Blush,random
Ljubenka,belle-half-sleeve-forgiver-tunic#Black,the-uneven-hem-knit-1#Sage,hard
Ljubenka,belle-half-sleeve-forgiver-tunic#Black,natural-textured-poncho#Deeprain,hard
Ljubenka,belle-half-sleeve-forgiver-tunic#Black,belle-off-the-shoulder-tee#Stripe,random
Ljubenka,the-drape-tee-1#Stripe,the-uneven-hem-knit-1#Sage,hard
Ljubenka,the-drape-tee-1#Stripe,natural-textured-poncho#Deeprain,hard
Ljubenka,the-drape-tee-1#Stripe,relaxed-cape#WhiteBlack,random
Jess,patchwork-tunic#Patchwork,cara-tee-2#Blush,hard
Jess,patchwork-tunic#Patchwork,cara-tee-2#WhiteBlk,hard
Jess,patchwork-tunic#Patchwork,spliced-stripe-tunic#Navy,random
Fiona,long-sleeve-softly-swinging-bamboo-tee#BlueJeans,natural-textured-poncho#Deeprain,hard
Fiona,long-sleeve-softly-swinging-bamboo-tee#BlueJeans,wonderland-blouse#Ink,hard
Fiona,long-sleeve-softly-swinging-bamboo-tee#BlueJeans,the-long-sleeve-scoop-neck-tee#White,random
Fiona,the-contrast-knit-1#Sage,natural-textured-poncho#Deeprain,hard
Fiona,the-contrast-knit-1#Sage,wonderland-blouse#Ink,hard
Fiona,the-contrast-knit-1#Sage,layered-sleeve-top#Moss,random
Ljubenka,sugar-snaps-layers-tank#Blue,the-uneven-hem-knit-1#Sage,hard
Ljubenka,sugar-snaps-layers-tank#Blue,natural-textured-poncho#Deeprain,hard
Ljubenka,sugar-snaps-layers-tank#Blue,the-long-sleeve-v-neck-tee#Black,random
Tia,sugar-snaps-layers-tank#Red,the-panel-luxe-top#BlkWhite,hard
Tia,sugar-snaps-layers-tank#Red,the-panel-luxe-top#SilvWhite,hard
Tia,sugar-snaps-layers-tank#Red,sand-queen-throw-blouse#Fleur,random
Stefania,the-relaxed-long-sleeve-tee#Navy,voyager-stripe-crew#Stripe,hard
Stefania,the-relaxed-long-sleeve-tee#Navy,makeover-blouse#LimeGreen,hard
Stefania,the-relaxed-long-sleeve-tee#Navy,holly-rib-long-sleeve-tee#Black,random
Jess,softly-swinging-bamboo-tee#Copper,cara-tee-2#Blush,hard
Jess,softly-swinging-bamboo-tee#Copper,cara-tee-2#WhiteBlk,hard
Jess,softly-swinging-bamboo-tee#Copper,capri-tank-3#NavyStripe,random
Mae-Lee,double-layered-top-1#WSilver,side-buttoned-sweater#Buttoned,hard
Mae-Lee,double-layered-top-1#WSilver,voyager-stripe-crew#Stripe,hard
Mae-Lee,double-layered-top-1#WSilver,the-high-low-drape-tee#Grey,random
Georgia,summer-breeze-top-1#White,voyager-stripe-crew#Stripe,hard
Georgia,summer-breeze-top-1#White,makeover-blouse#LimeGreen,hard
Georgia,summer-breeze-top-1#White,elina-lace-frill-blouse#Black,random
Fiona,the-multi-stripe-cardi#Stripe,natural-textured-poncho#Deeprain,hard
Fiona,the-multi-stripe-cardi#Stripe,wonderland-blouse#Ink,hard
Fiona,the-multi-stripe-cardi#Stripe,the-tie-front-top#Navy,random
Anna,belle-half-sleeve-forgiver-tunic#Black,voyager-stripe-crew#Stripe,hard
Anna,belle-half-sleeve-forgiver-tunic#Black,makeover-blouse#LimeGreen,hard
Anna,belle-half-sleeve-forgiver-tunic#Black,long-sleeve-softly-swinging-bamboo-tee#Oyster,random
Chelsea,always-mine-v-neck-knit#Terracotta,voyager-stripe-crew#Stripe,hard
Chelsea,always-mine-v-neck-knit#Terracotta,makeover-blouse#LimeGreen,hard
Chelsea,always-mine-v-neck-knit#Terracotta,sequin-spot-shirt#Blue,random
Summer,jewel-knit#GreyMarle,voyager-stripe-crew#Stripe,hard
Summer,jewel-knit#GreyMarle,natural-textured-poncho#Deeprain,hard
Summer,jewel-knit#GreyMarle,the-tie-front-tank#Navy,random
Marnee,runaway-top#SoftMint,natural-textured-poncho#Deeprain,hard
Marnee,runaway-top#SoftMint,voyager-stripe-crew#Stripe,hard
Marnee,runaway-top#SoftMint,belle-two-in-one-top#Charcoal,random
Mae-Lee,falling-for-you-cardi#Teal,side-buttoned-sweater#Buttoned,hard
Mae-Lee,falling-for-you-cardi#Teal,voyager-stripe-crew#Stripe,hard
Mae-Lee,falling-for-you-cardi#Teal,the-v-neck-stripe-top#BlkStripe,random
Ljubenka,the-everyday-shirt#Black,the-uneven-hem-knit-1#Sage,hard
Ljubenka,the-everyday-shirt#Black,natural-textured-poncho#Deeprain,hard
Ljubenka,the-everyday-shirt#Black,nova-lux-long-sleeve-tie-top-1#CloudDance,random
Alex,the-batwing-tee#Black,voyager-stripe-crew#Stripe,hard
Alex,the-batwing-tee#Black,makeover-blouse#LimeGreen,hard
Alex,the-batwing-tee#Black,monaco-sweater#BlackCream,random
Fiona,natural-cropped-sleeve-knit#Cloudcover,natural-textured-poncho#Deeprain,hard
Fiona,natural-cropped-sleeve-knit#Cloudcover,wonderland-blouse#Ink,hard
Fiona,natural-cropped-sleeve-knit#Cloudcover,dahlia-lace-trim-blouse#Dusk,random
Laura,overlay-top-2#Black,cara-tee-2#Blush,hard
Laura,overlay-top-2#Black,cara-tee-2#WhiteBlk,hard
Laura,overlay-top-2#Black,striped-cardigan-3#Rainbow,random
Mae-Lee,the-cape-jersey-top#DarkNavy,side-buttoned-sweater#Buttoned,hard
Mae-Lee,the-cape-jersey-top#DarkNavy,voyager-stripe-crew#Stripe,hard
Mae-Lee,the-cape-jersey-top#DarkNavy,paint-stroke-top#Strokes,random
Jess,belle-flute-sleeve-tee#Navy,cara-tee-2#Blush,hard
Jess,belle-flute-sleeve-tee#Navy,cara-tee-2#WhiteBlk,hard
Jess,belle-flute-sleeve-tee#Navy,the-colour-block-pullover#Sage,random
Ljubenka,sugar-snaps-layers-tank#SeaGreen,the-uneven-hem-knit-1#Sage,hard
Ljubenka,sugar-snaps-layers-tank#SeaGreen,natural-textured-poncho#Deeprain,hard
Ljubenka,sugar-snaps-layers-tank#SeaGreen,melbourne-stretch-cardigan#NavyWhtStr,random
Nadine,mauevewood-crew#Charcoal,makeover-blouse#LimeGreen,hard
Nadine,mauevewood-crew#Charcoal,pure-merino-fine-rib-v-neck#Charcoal,hard
Nadine,mauevewood-crew#Charcoal,ivy-cosy-pullover#Blossom,random
Gemma,flow-with-me-slouch-top#Brick,voyager-stripe-crew#Stripe,hard
Gemma,flow-with-me-slouch-top#Brick,makeover-blouse#LimeGreen,hard
Gemma,flow-with-me-slouch-top#Brick,the-stitch-detail-top#SkyBlue,random
Palatina,beach-walk-shirt#Khaki,cara-tee-2#Blush,hard
Palatina,beach-walk-shirt#Khaki,cara-tee-2#WhiteBlk,hard
Palatina,beach-walk-shirt#Khaki,milan-stretch-top#SilverMarl,random
Mae-Lee,softly-swinging-bamboo-tee#TeaRose,side-buttoned-sweater#Buttoned,hard
Mae-Lee,softly-swinging-bamboo-tee#TeaRose,voyager-stripe-crew#Stripe,hard
Mae-Lee,softly-swinging-bamboo-tee#TeaRose,drama-top#BlackGrey,random
Summer,tab-sleeve-longline-shirt#Pink,voyager-stripe-crew#Stripe,hard
Summer,tab-sleeve-longline-shirt#Pink,natural-textured-poncho#Deeprain,hard
Summer,tab-sleeve-longline-shirt#Pink,2-in-1-layered-knit-top#Khaki,random
Maddy,the-short-sleeve-wrap-jersey-top#NavyWhite,natural-textured-poncho#Deeprain,hard
Maddy,the-short-sleeve-wrap-jersey-top#NavyWhite,voyager-stripe-crew#Stripe,hard
Maddy,the-short-sleeve-wrap-jersey-top#NavyWhite,the-relaxed-long-sleeve-tee-1#Ink%20Stripe,random
Georgia,kimono-and-me-cardi#Sand,voyager-stripe-crew#Stripe,hard
Georgia,kimono-and-me-cardi#Sand,makeover-blouse#LimeGreen,hard
Georgia,kimono-and-me-cardi#Sand,ella-funnel-neck-top#Khaki,random
Jess,butterfly-kisses-tee#Green,cara-tee-2#Blush,hard
Jess,butterfly-kisses-tee#Green,cara-tee-2#WhiteBlk,hard
Jess,butterfly-kisses-tee#Green,fluid-tunic-top#White,random
Palatina,driftwood-gathering-blouse#Khaki,cara-tee-2#Blush,hard
Palatina,driftwood-gathering-blouse#Khaki,cara-tee-2#WhiteBlk,hard
Palatina,driftwood-gathering-blouse#Khaki,belle-paint-brush-print-top#PaintPrint,random
Palatina,falling-flowers-blouse#DustyPink,cara-tee-2#Blush,hard
Palatina,falling-flowers-blouse#DustyPink,cara-tee-2#WhiteBlk,hard
Palatina,falling-flowers-blouse#DustyPink,softly-falling-bamboo-tunic#Copper,random
Sophie,long-sleeve-softly-swinging-bamboo-tee#Fern,side-buttoned-sweater#Buttoned,hard
Sophie,long-sleeve-softly-swinging-bamboo-tee#Fern,the-tie-front-top#Navy,hard
Sophie,long-sleeve-softly-swinging-bamboo-tee#Fern,the-excess-shirt#Pearl,random
Riina,the-tie-detail-hoody#Pink,voyager-stripe-crew#Stripe,hard
Riina,the-tie-detail-hoody#Pink,makeover-blouse#LimeGreen,hard
Riina,the-tie-detail-hoody#Pink,sugar-snaps-throw-jacket#White,random
Monique,double-layered-top-1#WBlack,voyager-stripe-crew#Stripe,hard
Monique,double-layered-top-1#WBlack,makeover-blouse#LimeGreen,hard
Monique,double-layered-top-1#WBlack,ember-knit#EmberGlow,random
Ljubenka,falling-for-you-cardi#Teal,the-uneven-hem-knit-1#Sage,hard
Ljubenka,falling-for-you-cardi#Teal,natural-textured-poncho#Deeprain,hard
Ljubenka,falling-for-you-cardi#Teal,juno-cardigan#GreyMarle,random
Laura,belle-v-neck-forgiver-tunic#Tobacco,cara-tee-2#Blush,hard
Laura,belle-v-neck-forgiver-tunic#Tobacco,cara-tee-2#WhiteBlk,hard
Laura,belle-v-neck-forgiver-tunic#Tobacco,the-wrap-jersey-top-1#NavyStripe,random
Marnee,cool-breeze-jumper#Dust,natural-textured-poncho#Deeprain,hard
Marnee,cool-breeze-jumper#Dust,voyager-stripe-crew#Stripe,hard
Marnee,cool-breeze-jumper#Dust,analia-jersey-top#Black,random
Jess,the-drape-tee-1#NavyStripe,cara-tee-2#Blush,hard
Jess,the-drape-tee-1#NavyStripe,cara-tee-2#WhiteBlk,hard
Jess,the-drape-tee-1#NavyStripe,tuck-layer-shirt#White,random
Natalia,the-twist-front-top#Navy,voyager-stripe-crew#Stripe,hard
Natalia,the-twist-front-top#Navy,makeover-blouse#LimeGreen,hard
Natalia,the-twist-front-top#Navy,irena-embroidered-blouse#DustyRose,random
Chelsea,printed-v-neck-blouse#NavyWhite,voyager-stripe-crew#Stripe,hard
Chelsea,printed-v-neck-blouse#NavyWhite,makeover-blouse#LimeGreen,hard
Chelsea,printed-v-neck-blouse#NavyWhite,cyrus-top#LightRose,random
Laura,ruffle-top-4#Black,cara-tee-2#Blush,hard
Laura,ruffle-top-4#Black,cara-tee-2#WhiteBlk,hard
Laura,ruffle-top-4#Black,grace-oversized-knit#Clay,random
Anna,the-relaxed-long-sleeve-tee#Pink,voyager-stripe-crew#Stripe,hard
Anna,the-relaxed-long-sleeve-tee#Pink,makeover-blouse#LimeGreen,hard
Anna,the-relaxed-long-sleeve-tee#Pink,meadow-cardigan#Cream,random
Nadine,long-sleeve-ruffle-shirt#White,makeover-blouse#LimeGreen,hard
Nadine,long-sleeve-ruffle-shirt#White,pure-merino-fine-rib-v-neck#Charcoal,hard
Nadine,long-sleeve-ruffle-shirt#White,sontana-blouse#Stone,random
Jude,falling-for-you-cardi#Port,voyager-stripe-crew#Stripe,hard
Jude,falling-for-you-cardi#Port,makeover-blouse#LimeGreen,hard
Jude,falling-for-you-cardi#Port,the-curve-striped-tank#Marine,random
Tia,the-cut-out-shoulder-blouse#Salmon,the-panel-luxe-top#BlkWhite,hard
Tia,the-cut-out-shoulder-blouse#Salmon,the-panel-luxe-top#SilvWhite,hard
Tia,the-cut-out-shoulder-blouse#Salmon,birds-tee-1#Navy,random
Riina,the-weekender-shirt#GreyStripe,voyager-stripe-crew#Stripe,hard
Riina,the-weekender-shirt#GreyStripe,makeover-blouse#LimeGreen,hard
Riina,the-weekender-shirt#GreyStripe,lilly-layer-stripe-tank#NavyWhite,random
Shadae,sequin-cross-2-in-1-top#Khaki,voyager-stripe-crew#Stripe,hard
Shadae,sequin-cross-2-in-1-top#Khaki,makeover-blouse#LimeGreen,hard
Shadae,sequin-cross-2-in-1-top#Khaki,the-cross-over-blouse#RoyalBlue,random
Laura,the-sleeveless-cross-over-blouse#Salmon,cara-tee-2#Blush,hard
Laura,the-sleeveless-cross-over-blouse#Salmon,cara-tee-2#WhiteBlk,hard
Laura,the-sleeveless-cross-over-blouse#Salmon,pure-merino-fine-rib-v-neck#Charcoal,random
Sophie,the-dobby-sleeve-tee#White,side-buttoned-sweater#Buttoned,hard
Sophie,the-dobby-sleeve-tee#White,the-tie-front-top#Navy,hard
Sophie,the-dobby-sleeve-tee#White,born-to-run-shirt-jacket#Leopard,random
Fiona,belle-ls-free-fall-tee#Airforce,natural-textured-poncho#Deeprain,hard
Fiona,belle-ls-free-fall-tee#Airforce,wonderland-blouse#Ink,hard
Fiona,belle-ls-free-fall-tee#Airforce,tinker-stripe-knit#NavyWhite,random
Kate,the-cross-over-blouse#Silver,natural-textured-poncho#Deeprain,hard
Kate,the-cross-over-blouse#Silver,animal-button-up-shirt#KhakiPrint,hard
Kate,the-cross-over-blouse#Silver,selene-cardigan#Ivy,random
Laura,the-on-or-off-the-shoulder-top#FrenchNavy,cara-tee-2#Blush,hard
Laura,the-on-or-off-the-shoulder-top#FrenchNavy,cara-tee-2#WhiteBlk,hard
Laura,the-on-or-off-the-shoulder-top#FrenchNavy,long-sleeve-softly-swinging-bamboo-tee#DuckEgg,random
Amanda,the-shoulder-tie-top#White,natural-textured-poncho#Deeprain,hard
Amanda,the-shoulder-tie-top#White,voyager-stripe-crew#Stripe,hard
Amanda,the-shoulder-tie-top#White,belle-ls-free-fall-tee#Greenland,random
Riina,the-panel-luxe-top#BlkWhite,voyager-stripe-crew#Stripe,hard
Riina,the-panel-luxe-top#BlkWhite,makeover-blouse#LimeGreen,hard
Riina,the-panel-luxe-top#BlkWhite,holly-rib-long-sleeve-tee#WhiteGrey,random
Perrie,the-short-sleeve-wrap-jersey-top#Black,natural-textured-poncho#Deeprain,hard
Perrie,the-short-sleeve-wrap-jersey-top#Black,voyager-stripe-crew#Stripe,hard
Perrie,the-short-sleeve-wrap-jersey-top#Black,the-crossover-2-way-blouse#Black,random
Anna,the-batwing-tee#Sea,voyager-stripe-crew#Stripe,hard
Anna,the-batwing-tee#Sea,makeover-blouse#LimeGreen,hard
Anna,the-batwing-tee#Sea,lurex-stitch-top#White,random
Mandy,je-taime-knit#Navy,voyager-stripe-crew#Stripe,hard
Mandy,je-taime-knit#Navy,makeover-blouse#LimeGreen,hard
Mandy,je-taime-knit#Navy,multi-pattern-print-top#NavyMulti,random
Maddy,the-wrap-jersey-top#JetBlack,natural-textured-poncho#Deeprain,hard
Maddy,the-wrap-jersey-top#JetBlack,voyager-stripe-crew#Stripe,hard
Maddy,the-wrap-jersey-top#JetBlack,ryder-cosy-sweater#Blossom,random
Gemma,spliced-lace-panel-tee#White,voyager-stripe-crew#Stripe,hard
Gemma,spliced-lace-panel-tee#White,makeover-blouse#LimeGreen,hard
Gemma,spliced-lace-panel-tee#White,cross-over-top-with-pocket#Emerald,random
Jess,picnic-top#BlackWhite,cara-tee-2#Blush,hard
Jess,picnic-top#BlackWhite,cara-tee-2#WhiteBlk,hard
Jess,picnic-top#BlackWhite,bubbles-print-tee#Cambridge,random
Anna Maria,falling-for-you-cardi#Dusty,natural-textured-poncho#Deeprain,hard
Anna Maria,falling-for-you-cardi#Dusty,voyager-stripe-crew#Stripe,hard
Anna Maria,falling-for-you-cardi#Dusty,the-reversible-cowl-neck-top-1#White,random
Natalie,the-batwing-tee#Stone,natural-textured-poncho#Deeprain,hard
Natalie,the-batwing-tee#Stone,voyager-stripe-crew#Stripe,hard
Natalie,the-batwing-tee#Stone,the-stitch-detail-top#Pink,random
Marnee,falling-for-you-cardi#Black,natural-textured-poncho#Deeprain,hard
Marnee,falling-for-you-cardi#Black,voyager-stripe-crew#Stripe,hard
Marnee,falling-for-you-cardi#Black,luxe-shirt#Champagne,random
Madeline,natural-detailed-sweater#Tinroof,voyager-stripe-crew#Stripe,hard
Madeline,natural-detailed-sweater#Tinroof,makeover-blouse#LimeGreen,hard
Madeline,natural-detailed-sweater#Tinroof,cross-over-top-with-pocket#Emerald,random
Laura,layered-tee-2#Black,cara-tee-2#Blush,hard
Laura,layered-tee-2#Black,cara-tee-2#WhiteBlk,hard
Laura,layered-tee-2#Black,star-and-spot-sweater#SilverMult,random
Riina,the-daily-cross-over-top#SkyBlue,voyager-stripe-crew#Stripe,hard
Riina,the-daily-cross-over-top#SkyBlue,makeover-blouse#LimeGreen,hard
Riina,the-daily-cross-over-top#SkyBlue,the-stitch-detail-top#Pink,random
Summer,clovis-shirt#NavyGold,voyager-stripe-crew#Stripe,hard
Summer,clovis-shirt#NavyGold,natural-textured-poncho#Deeprain,hard
Summer,clovis-shirt#NavyGold,geneva-v-neck-top#HeatheGrey,random
Mae-Lee,belle-v-neck-forgiver-tunic#White,side-buttoned-sweater#Buttoned,hard
Mae-Lee,belle-v-neck-forgiver-tunic#White,voyager-stripe-crew#Stripe,hard
Mae-Lee,belle-v-neck-forgiver-tunic#White,laurina-stripe-pullover#NightSky,random
Ljubenka,belle-tie-neck-blouse-tee#RoyalBlue,the-uneven-hem-knit-1#Sage,hard
Ljubenka,belle-tie-neck-blouse-tee#RoyalBlue,natural-textured-poncho#Deeprain,hard
Ljubenka,belle-tie-neck-blouse-tee#RoyalBlue,paradise-cardi#MultiStrip,random
Fiona,the-cross-over-poncho#Navy,natural-textured-poncho#Deeprain,hard
Fiona,the-cross-over-poncho#Navy,wonderland-blouse#Ink,hard
Fiona,the-cross-over-poncho#Navy,analia-jersey-top#Black,random
Marnee,sugar-snaps-layers-tank#NewBeige,natural-textured-poncho#Deeprain,hard
Marnee,sugar-snaps-layers-tank#NewBeige,voyager-stripe-crew#Stripe,hard
Marnee,sugar-snaps-layers-tank#NewBeige,the-half-sleeve-tee#Black,random
Jess,belle-v-neck-forgiver-tunic#DenimMarl,cara-tee-2#Blush,hard
Jess,belle-v-neck-forgiver-tunic#DenimMarl,cara-tee-2#WhiteBlk,hard
Jess,belle-v-neck-forgiver-tunic#DenimMarl,floating-by-you-blouse#SeaFleur,random
Amanda,the-zip-front-blouse#Khaki,natural-textured-poncho#Deeprain,hard
Amanda,the-zip-front-blouse#Khaki,voyager-stripe-crew#Stripe,hard
Amanda,the-zip-front-blouse#Khaki,always-mine-v-neck-knit#Terracotta,random
Lauren,the-cosy-cardigan#Grey,side-buttoned-sweater#Buttoned,hard
Lauren,the-cosy-cardigan#Grey,voyager-stripe-crew#Stripe,hard
Lauren,the-cosy-cardigan#Grey,the-cotton-cardi#Khaki,random
Maddy,the-everyday-shirt#Rose,natural-textured-poncho#Deeprain,hard
Maddy,the-everyday-shirt#Rose,voyager-stripe-crew#Stripe,hard
Maddy,the-everyday-shirt#Rose,long-sleeve-softly-swinging-bamboo-tee#TeaRose,random
Laura,butterfly-kisses-tee#Green,cara-tee-2#Blush,hard
Laura,butterfly-kisses-tee#Green,cara-tee-2#WhiteBlk,hard
Laura,butterfly-kisses-tee#Green,the-spotted-tunic#GreySpot,random
Marnee,falling-for-you-cardi#Port,natural-textured-poncho#Deeprain,hard
Marnee,falling-for-you-cardi#Port,voyager-stripe-crew#Stripe,hard
Marnee,falling-for-you-cardi#Port,luxe-shirt#Navy,random
Olivia,sugar-snaps-layers-tank#Black,natural-textured-poncho#Deeprain,hard
Olivia,sugar-snaps-layers-tank#Black,voyager-stripe-crew#Stripe,hard
Olivia,sugar-snaps-layers-tank#Black,starry-night-cardi#Chalk,random
Georgia,long-sleeve-softly-swinging-bamboo-tee#White,voyager-stripe-crew#Stripe,hard
Georgia,long-sleeve-softly-swinging-bamboo-tee#White,makeover-blouse#LimeGreen,hard
Georgia,long-sleeve-softly-swinging-bamboo-tee#White,belle-mid-length-knit-cardi#Black,random
Natalie,sugar-snaps-layers-tank#NewBeige,natural-textured-poncho#Deeprain,hard
Natalie,sugar-snaps-layers-tank#NewBeige,voyager-stripe-crew#Stripe,hard
Natalie,sugar-snaps-layers-tank#NewBeige,fern-print-top#Navy,random
Georgia,sugar-snaps-throw-jacket#Black,voyager-stripe-crew#Stripe,hard
Georgia,sugar-snaps-throw-jacket#Black,makeover-blouse#LimeGreen,hard
Georgia,sugar-snaps-throw-jacket#Black,the-everyday-shirt#Pink,random
Amanda,the-sleeveless-cross-over-blouse#Chambray,natural-textured-poncho#Deeprain,hard
Amanda,the-sleeveless-cross-over-blouse#Chambray,voyager-stripe-crew#Stripe,hard
Amanda,the-sleeveless-cross-over-blouse#Chambray,napoleon-top-1#NemoBlue,random
Katie,sparkly-star-tee#Blue,voyager-stripe-crew#Stripe,hard
Katie,sparkly-star-tee#Blue,makeover-blouse#LimeGreen,hard
Katie,sparkly-star-tee#Blue,belle-nautical-applique-tee#BlueStripe,random
Nadine,square-peg-pullover#SilverMix,makeover-blouse#LimeGreen,hard
Nadine,square-peg-pullover#SilverMix,pure-merino-fine-rib-v-neck#Charcoal,hard
Nadine,square-peg-pullover#SilverMix,never-ending-winter-knit-top#DeluxeGree,random
Sophie,long-sleeve-softly-swinging-bamboo-tee#White,side-buttoned-sweater#Buttoned,hard
Sophie,long-sleeve-softly-swinging-bamboo-tee#White,the-tie-front-top#Navy,hard
Sophie,long-sleeve-softly-swinging-bamboo-tee#White,belle-ls-free-fall-tee#Airforce,random
Ljubenka,the-cross-over-blouse#Mint,the-uneven-hem-knit-1#Sage,hard
Ljubenka,the-cross-over-blouse#Mint,natural-textured-poncho#Deeprain,hard
Ljubenka,the-cross-over-blouse#Mint,layer-top-1#Navy,random
Fiona,the-belle-sleeve-print-top#NavyPrint,natural-textured-poncho#Deeprain,hard
Fiona,the-belle-sleeve-print-top#NavyPrint,wonderland-blouse#Ink,hard
Fiona,the-belle-sleeve-print-top#NavyPrint,bora-bora-layered-tank#BoraBora,random
Laura,the-cross-over-blouse#Silver,cara-tee-2#Blush,hard
Laura,the-cross-over-blouse#Silver,cara-tee-2#WhiteBlk,hard
Laura,the-cross-over-blouse#Silver,button-through-animal-shirt#Animal,random
Anna,the-cross-over-blouse#Black,voyager-stripe-crew#Stripe,hard
Anna,the-cross-over-blouse#Black,makeover-blouse#LimeGreen,hard
Anna,the-cross-over-blouse#Black,the-daily-essential-jumper#Grey,random
Georgia,long-sleeve-softly-swinging-bamboo-tee#SilverScon,voyager-stripe-crew#Stripe,hard
Georgia,long-sleeve-softly-swinging-bamboo-tee#SilverScon,makeover-blouse#LimeGreen,hard
Georgia,long-sleeve-softly-swinging-bamboo-tee#SilverScon,the-button-up-swing-tunic#Wine,random
Emma,floating-by-you-blouse#SeaFleur,voyager-stripe-crew#Stripe,hard
Emma,floating-by-you-blouse#SeaFleur,makeover-blouse#LimeGreen,hard
Emma,floating-by-you-blouse#SeaFleur,the-panel-hem-top#DenimMarle,random
Miranda,the-asymmetrical-tank-top#Indigo,voyager-stripe-crew#Stripe,hard
Miranda,the-asymmetrical-tank-top#Indigo,makeover-blouse#LimeGreen,hard
Miranda,the-asymmetrical-tank-top#Indigo,analia-top#White,random
Mae-Lee,the-cross-over-blouse#White,side-buttoned-sweater#Buttoned,hard
Mae-Lee,the-cross-over-blouse#White,voyager-stripe-crew#Stripe,hard
Mae-Lee,the-cross-over-blouse#White,hydrangea-kimono#Hydrangea,random
Amanda,the-tie-front-tank#White,natural-textured-poncho#Deeprain,hard
Amanda,the-tie-front-tank#White,voyager-stripe-crew#Stripe,hard
Amanda,the-tie-front-tank#White,rika-top#BatikTile,random
Anneliese,tracie-top#Opal,natural-textured-poncho#Deeprain,hard
Anneliese,tracie-top#Opal,voyager-stripe-crew#Stripe,hard
Anneliese,tracie-top#Opal,the-excess-shirt#Pearl,random
Gemma,falling-for-you-cardi#GreyMarle,voyager-stripe-crew#Stripe,hard
Gemma,falling-for-you-cardi#GreyMarle,makeover-blouse#LimeGreen,hard
Gemma,falling-for-you-cardi#GreyMarle,skipping-stones-tunic#Forest,random
Laura,the-long-sleeve-scoop-neck-tee#Navy,cara-tee-2#Blush,hard
Laura,the-long-sleeve-scoop-neck-tee#Navy,cara-tee-2#WhiteBlk,hard
Laura,the-long-sleeve-scoop-neck-tee#Navy,belle-ls-free-fall-tee#Greenland,random
Perrie,the-cut-out-shoulder-blouse#Silver,natural-textured-poncho#Deeprain,hard
Perrie,the-cut-out-shoulder-blouse#Silver,voyager-stripe-crew#Stripe,hard
Perrie,the-cut-out-shoulder-blouse#Silver,layered-tunic-1#Natural,random
Stacey,block-sweater#Block,makeover-blouse#LimeGreen,hard
Stacey,block-sweater#Block,cara-tee-2#Blush,hard
Stacey,block-sweater#Block,pulkari-emb-top#Pulkari,random
Anna Maria,the-cross-over-top#NavyStripe,natural-textured-poncho#Deeprain,hard
Anna Maria,the-cross-over-top#NavyStripe,voyager-stripe-crew#Stripe,hard
Anna Maria,the-cross-over-top#NavyStripe,the-long-sleeve-scoop-neck-tee#White,random
Stefania,hayley-button-down#NavySparro,voyager-stripe-crew#Stripe,hard
Stefania,hayley-button-down#NavySparro,makeover-blouse#LimeGreen,hard
Stefania,hayley-button-down#NavySparro,paint-stroke-top#Strokes,random
Sophie,belle-half-sleeve-forgiver-tunic#Black,side-buttoned-sweater#Buttoned,hard
Sophie,belle-half-sleeve-forgiver-tunic#Black,the-tie-front-top#Navy,hard
Sophie,belle-half-sleeve-forgiver-tunic#Black,the-long-sleeve-scoop-neck-tee#Navy,random
Jess,the-cut-out-shoulder-blouse#Silver,cara-tee-2#Blush,hard
Jess,the-cut-out-shoulder-blouse#Silver,cara-tee-2#WhiteBlk,hard
Jess,the-cut-out-shoulder-blouse#Silver,st-helens-henley-tee#White,random
Mae-Lee,long-sleeve-softly-swinging-bamboo-tee#TeaRose,side-buttoned-sweater#Buttoned,hard
Mae-Lee,long-sleeve-softly-swinging-bamboo-tee#TeaRose,voyager-stripe-crew#Stripe,hard
Mae-Lee,long-sleeve-softly-swinging-bamboo-tee#TeaRose,weekend-tunic#Navy,random
Anna,milan-stretch-top#SilverMarl,voyager-stripe-crew#Stripe,hard
Anna,milan-stretch-top#SilverMarl,makeover-blouse#LimeGreen,hard
Anna,milan-stretch-top#SilverMarl,the-flutter-sleeve-top#Denim,random
Perrie,the-cut-out-shoulder-blouse#White,natural-textured-poncho#Deeprain,hard
Perrie,the-cut-out-shoulder-blouse#White,voyager-stripe-crew#Stripe,hard
Perrie,the-cut-out-shoulder-blouse#White,willow-knot-top#WhiteBlk,random
Clementine,the-bonded-cotton-tunic-dress#Navy,voyager-stripe-crew#Stripe,hard
Clementine,the-bonded-cotton-tunic-dress#Navy,makeover-blouse#LimeGreen,hard
Clementine,the-bonded-cotton-tunic-dress#Navy,the-batwing-tee#Stone,random
Amanda,the-zip-front-blouse#Navy,natural-textured-poncho#Deeprain,hard
Amanda,the-zip-front-blouse#Navy,voyager-stripe-crew#Stripe,hard
Amanda,the-zip-front-blouse#Navy,tuck-layer-shirt#White,random
Anna,paradise-top#Red,voyager-stripe-crew#Stripe,hard
Anna,paradise-top#Red,makeover-blouse#LimeGreen,hard
Anna,paradise-top#Red,marlow-cardigan#Cream,random
Emma,the-drape-tee-1#NavyStripe,voyager-stripe-crew#Stripe,hard
Emma,the-drape-tee-1#NavyStripe,makeover-blouse#LimeGreen,hard
Emma,the-drape-tee-1#NavyStripe,verona-patchwork-top#Patchwork,random
Perrie,the-design-fold-tunic-top#PearlBlue,natural-textured-poncho#Deeprain,hard
Perrie,the-design-fold-tunic-top#PearlBlue,voyager-stripe-crew#Stripe,hard
Perrie,the-design-fold-tunic-top#PearlBlue,belle-cowl-swing-sweater#Black,random
Amanda,the-zip-detail-jacket#Grey,natural-textured-poncho#Deeprain,hard
Amanda,the-zip-detail-jacket#Grey,voyager-stripe-crew#Stripe,hard
Amanda,the-zip-detail-jacket#Grey,the-cross-over-blouse#Mint,random
Maddy,the-long-sleeve-scoop-neck-tee#White,natural-textured-poncho#Deeprain,hard
Maddy,the-long-sleeve-scoop-neck-tee#White,voyager-stripe-crew#Stripe,hard
Maddy,the-long-sleeve-scoop-neck-tee#White,the-print-contrast-34-sleeve-top#Animal,random
Georgia,prairie-romance-blouse#Blush,voyager-stripe-crew#Stripe,hard
Georgia,prairie-romance-blouse#Blush,makeover-blouse#LimeGreen,hard
Georgia,prairie-romance-blouse#Blush,high-street-knit#NavyStripe,random
Marnee,daisy-chain-tassel-blouse#DeepBlue,natural-textured-poncho#Deeprain,hard
Marnee,daisy-chain-tassel-blouse#DeepBlue,voyager-stripe-crew#Stripe,hard
Marnee,daisy-chain-tassel-blouse#DeepBlue,the-ultimate-tie-cardi#Port,random
Rosaline,great-scot-merino-carcoat#Twilight,voyager-stripe-crew#Stripe,hard
Rosaline,great-scot-merino-carcoat#Twilight,makeover-blouse#LimeGreen,hard
Rosaline,great-scot-merino-carcoat#Twilight,kimberly-spliced-top#Black,random
Stefania,renee-sweater#Sapphire,voyager-stripe-crew#Stripe,hard
Stefania,renee-sweater#Sapphire,makeover-blouse#LimeGreen,hard
Stefania,renee-sweater#Sapphire,sugar-snaps-layers-tank#DuckEgg,random
Ljubenka,falling-for-you-cardi#Rust,the-uneven-hem-knit-1#Sage,hard
Ljubenka,falling-for-you-cardi#Rust,natural-textured-poncho#Deeprain,hard
Ljubenka,falling-for-you-cardi#Rust,the-boat-neck-top-1#NavyWhite,random
Anna Maria,falling-for-you-cardi#Black,natural-textured-poncho#Deeprain,hard
Anna Maria,falling-for-you-cardi#Black,voyager-stripe-crew#Stripe,hard
Anna Maria,falling-for-you-cardi#Black,oregon-safari-embroidered-top#White,random
Maddy,oregon-safari-embroidered-top#White,natural-textured-poncho#Deeprain,hard
Maddy,oregon-safari-embroidered-top#White,voyager-stripe-crew#Stripe,hard
Maddy,oregon-safari-embroidered-top#White,snake-print-johnny-collar-top#BeigeSnake,random
Mercy,belle-square-neck-drape-tee#Vanilla,voyager-stripe-crew#Stripe,hard
Mercy,belle-square-neck-drape-tee#Vanilla,makeover-blouse#LimeGreen,hard
Mercy,belle-square-neck-drape-tee#Vanilla,natural-tie-tunic#BlueSky,random
Ljubenka,belle-half-sleeve-forgiver-tunic#White,the-uneven-hem-knit-1#Sage,hard
Ljubenka,belle-half-sleeve-forgiver-tunic#White,natural-textured-poncho#Deeprain,hard
Ljubenka,belle-half-sleeve-forgiver-tunic#White,the-tie-front-top#Black,random
Edith,patchwork-tunic#Patchwork,voyager-stripe-crew#Stripe,hard
Edith,patchwork-tunic#Patchwork,makeover-blouse#LimeGreen,hard
Edith,patchwork-tunic#Patchwork,nova-lux-long-sleeve-tie-top-1#SimplyGree,random
Mae-Lee,sugar-snaps-layers-tank#Black,side-buttoned-sweater#Buttoned,hard
Mae-Lee,sugar-snaps-layers-tank#Black,voyager-stripe-crew#Stripe,hard
Mae-Lee,sugar-snaps-layers-tank#Black,rama-top#Stonewash,random
Summer,felicity-cardigan#Dewkist,voyager-stripe-crew#Stripe,hard
Summer,felicity-cardigan#Dewkist,natural-textured-poncho#Deeprain,hard
Summer,felicity-cardigan#Dewkist,floral-blouse-2#NavyMulti,random
Maddy,the-long-sleeve-scoop-neck-tee#Navy,natural-textured-poncho#Deeprain,hard
Maddy,the-long-sleeve-scoop-neck-tee#Navy,voyager-stripe-crew#Stripe,hard
Maddy,the-long-sleeve-scoop-neck-tee#Navy,partly-cloudy-knit#Black,random
Anna,milan-stretch-top#Black,voyager-stripe-crew#Stripe,hard
Anna,milan-stretch-top#Black,makeover-blouse#LimeGreen,hard
Anna,milan-stretch-top#Black,bertie-top#Black,random
Laura,the-asymmetrical-tank-top#Indigo,cara-tee-2#Blush,hard
Laura,the-asymmetrical-tank-top#Indigo,cara-tee-2#WhiteBlk,hard
Laura,the-asymmetrical-tank-top#Indigo,rib-tank-2#Red,random
Jess,belle-half-sleeve-boat-tee#Black,cara-tee-2#Blush,hard
Jess,belle-half-sleeve-boat-tee#Black,cara-tee-2#WhiteBlk,hard
Jess,belle-half-sleeve-boat-tee#Black,the-stitch-v-neck-knit#PinkMarle,random
Mae-Lee,oregon-safari-embroidered-top#White,side-buttoned-sweater#Buttoned,hard
Mae-Lee,oregon-safari-embroidered-top#White,voyager-stripe-crew#Stripe,hard
Mae-Lee,oregon-safari-embroidered-top#White,the-swing-tank-top#Rose,random
Marnee,falling-for-you-cardi#GreyMarle,natural-textured-poncho#Deeprain,hard
Marnee,falling-for-you-cardi#GreyMarle,voyager-stripe-crew#Stripe,hard
Marnee,falling-for-you-cardi#GreyMarle,nova-lux-solid-v-neck-placket-shirt#CloudDance,random
Summer,printed-tunic-7#RedCheck,voyager-stripe-crew#Stripe,hard
Summer,printed-tunic-7#RedCheck,natural-textured-poncho#Deeprain,hard
Summer,printed-tunic-7#RedCheck,the-oversized-cotton-blend-shirt#Navy,random
Marnee,sugar-snaps-round-neck-layer-tank#White,natural-textured-poncho#Deeprain,hard
Marnee,sugar-snaps-round-neck-layer-tank#White,voyager-stripe-crew#Stripe,hard
Marnee,sugar-snaps-round-neck-layer-tank#White,luxe-shirt#Navy,random
Gemma,holly-rib-long-sleeve-tee#Khaki,voyager-stripe-crew#Stripe,hard
Gemma,holly-rib-long-sleeve-tee#Khaki,makeover-blouse#LimeGreen,hard
Gemma,holly-rib-long-sleeve-tee#Khaki,the-double-layer-top#Black,random
Riina,messina-v-neck-tee#Black,voyager-stripe-crew#Stripe,hard
Riina,messina-v-neck-tee#Black,makeover-blouse#LimeGreen,hard
Riina,messina-v-neck-tee#Black,hannah-tee-1#Black,random
Sophia,the-boat-neck-top#Navy,cara-tee-2#Blush,hard
Sophia,the-boat-neck-top#Navy,cara-tee-2#WhiteBlk,hard
Sophia,the-boat-neck-top#Navy,reversible-stripe-vee-scoop-neck-tank#BlackWhite,random
Gemma,ruffle-sleeve-top-1#Black,voyager-stripe-crew#Stripe,hard
Gemma,ruffle-sleeve-top-1#Black,makeover-blouse#LimeGreen,hard
Gemma,ruffle-sleeve-top-1#Black,midtown-ruffle-shirt#BoldRed,random
Ljubenka,the-cut-out-shoulder-blouse#Salmon,the-uneven-hem-knit-1#Sage,hard
Ljubenka,the-cut-out-shoulder-blouse#Salmon,natural-textured-poncho#Deeprain,hard
Ljubenka,the-cut-out-shoulder-blouse#Salmon,in-transit-cardi#Navy,random
Perrie,the-everyday-shirt#Pink,natural-textured-poncho#Deeprain,hard
Perrie,the-everyday-shirt#Pink,voyager-stripe-crew#Stripe,hard
Perrie,the-everyday-shirt#Pink,sandy-off-the-shoulder-top#Gingham,random
Kate,the-sleeveless-cross-over-blouse#Mint,natural-textured-poncho#Deeprain,hard
Kate,the-sleeveless-cross-over-blouse#Mint,animal-button-up-shirt#KhakiPrint,hard
Kate,the-sleeveless-cross-over-blouse#Mint,frost-cardigan#Mauvewoo,random
Marnee,chasing-birds-blouse#White,natural-textured-poncho#Deeprain,hard
Marnee,chasing-birds-blouse#White,voyager-stripe-crew#Stripe,hard
Marnee,chasing-birds-blouse#White,hannah-tee-1#RedWhite,random
Georgia,open-plains-kimono-throw-1#Rust,voyager-stripe-crew#Stripe,hard
Georgia,open-plains-kimono-throw-1#Rust,makeover-blouse#LimeGreen,hard
Georgia,open-plains-kimono-throw-1#Rust,tie-back-bell-sleeve-top-5#Summerbud,random
Jess,the-stripe-crossover-blouse#Bluestripe,cara-tee-2#Blush,hard
Jess,the-stripe-crossover-blouse#Bluestripe,cara-tee-2#WhiteBlk,hard
Jess,the-stripe-crossover-blouse#Bluestripe,the-wrap-jersey-top#JetBlack,random
Helen,niue-neck-tie-shirt#LightBlue,voyager-stripe-crew#Stripe,hard
Helen,niue-neck-tie-shirt#LightBlue,makeover-blouse#LimeGreen,hard
Helen,niue-neck-tie-shirt#LightBlue,arlo-cardigan#Navy,random
Miranda,the-reversible-cowl-neck-top-1#White,voyager-stripe-crew#Stripe,hard
Miranda,the-reversible-cowl-neck-top-1#White,makeover-blouse#LimeGreen,hard
Miranda,the-reversible-cowl-neck-top-1#White,billow-top#Peach,random
Natalia,horizontal-cabel-pullover#EnglishRos,voyager-stripe-crew#Stripe,hard
Natalia,horizontal-cabel-pullover#EnglishRos,makeover-blouse#LimeGreen,hard
Natalia,horizontal-cabel-pullover#EnglishRos,summer-whispers-kimono-1#Peacock,random
Natalia,kimono-and-me-cardi#Sand,voyager-stripe-crew#Stripe,hard
Natalia,kimono-and-me-cardi#Sand,makeover-blouse#LimeGreen,hard
Natalia,kimono-and-me-cardi#Sand,cross-my-heart-bamboo-slouch-tee#White,random
Maddy,border-stripe-knit#WhitePink,natural-textured-poncho#Deeprain,hard
Maddy,border-stripe-knit#WhitePink,voyager-stripe-crew#Stripe,hard
Maddy,border-stripe-knit#WhitePink,millie-top#WhiteBlk,random
Edith,buttoned-top#Spotty,voyager-stripe-crew#Stripe,hard
Edith,buttoned-top#Spotty,makeover-blouse#LimeGreen,hard
Edith,buttoned-top#Spotty,rib-tank-2#Mustard,random
Marnee,softly-swinging-bamboo-tee#Copper,natural-textured-poncho#Deeprain,hard
Marnee,softly-swinging-bamboo-tee#Copper,voyager-stripe-crew#Stripe,hard
Marnee,softly-swinging-bamboo-tee#Copper,drama-top#BlackGrey,random
Palatina,beach-walk-shirt#Stormy,cara-tee-2#Blush,hard
Palatina,beach-walk-shirt#Stormy,cara-tee-2#WhiteBlk,hard
Palatina,beach-walk-shirt#Stormy,layered-tunic-1#Natural,random
Summer,hem-frill-stripe-top#Frilled,voyager-stripe-crew#Stripe,hard
Summer,hem-frill-stripe-top#Frilled,natural-textured-poncho#Deeprain,hard
Summer,hem-frill-stripe-top#Frilled,layered-top-2#White,random
Palatina,merino-boyfriend-cardigan#MelangeStr,cara-tee-2#Blush,hard
Palatina,merino-boyfriend-cardigan#MelangeStr,cara-tee-2#WhiteBlk,hard
Palatina,merino-boyfriend-cardigan#MelangeStr,half-sleeve-fluffy-knit#Ivory,random
Anna,the-cotton-bamboo-tank#White,voyager-stripe-crew#Stripe,hard
Anna,the-cotton-bamboo-tank#White,makeover-blouse#LimeGreen,hard
Anna,the-cotton-bamboo-tank#White,the-slouch-pocket-tee#Stripe,random
Amanda,the-essential-pullover#SkyBlue,natural-textured-poncho#Deeprain,hard
Amanda,the-essential-pullover#SkyBlue,voyager-stripe-crew#Stripe,hard
Amanda,the-essential-pullover#SkyBlue,the-cut-out-shoulder-blouse#Black,random
Alex,jade-kimono-kaleidoscope#Blue,voyager-stripe-crew#Stripe,hard
Alex,jade-kimono-kaleidoscope#Blue,makeover-blouse#LimeGreen,hard
Alex,jade-kimono-kaleidoscope#Blue,the-flutter-sleeve-top#Denim,random
Amanda,the-everyday-shirt#Black,natural-textured-poncho#Deeprain,hard
Amanda,the-everyday-shirt#Black,voyager-stripe-crew#Stripe,hard
Amanda,the-everyday-shirt#Black,the-half-sleeve-tee#Black,random
Laura,the-long-sleeve-v-neck-tee#Black,cara-tee-2#Blush,hard
Laura,the-long-sleeve-v-neck-tee#Black,cara-tee-2#WhiteBlk,hard
Laura,the-long-sleeve-v-neck-tee#Black,tracie-top#Black,random
Clementine,the-everyday-shirt#Rose,voyager-stripe-crew#Stripe,hard
Clementine,the-everyday-shirt#Rose,makeover-blouse#LimeGreen,hard
Clementine,the-everyday-shirt#Rose,long-sleeve-softly-swinging-bamboo-tee#Copper,random
Jess,natural-detailed-sweater#Tinroof,cara-tee-2#Blush,hard
Jess,natural-detailed-sweater#Tinroof,cara-tee-2#WhiteBlk,hard
Jess,natural-detailed-sweater#Tinroof,monaco-knot-top#Olive,random
Gemma,lucy-rib-oversized-top#WhiteGrey,voyager-stripe-crew#Stripe,hard
Gemma,lucy-rib-oversized-top#WhiteGrey,makeover-blouse#LimeGreen,hard
Gemma,lucy-rib-oversized-top#WhiteGrey,sugar-snaps-layers-tank#PeachyKeen,random
Madeline,natural-overlay-knit#Greybloss,voyager-stripe-crew#Stripe,hard
Madeline,natural-overlay-knit#Greybloss,makeover-blouse#LimeGreen,hard
Madeline,natural-overlay-knit#Greybloss,nova-lux-solid-v-neck-placket-shirt#CloudDance,random
Amanda,the-batwing-tee#Stone,natural-textured-poncho#Deeprain,hard
Amanda,the-batwing-tee#Stone,voyager-stripe-crew#Stripe,hard
Amanda,the-batwing-tee#Stone,buttoned-top#Spotty,random
Marnee,chill-out-slouch-top#GreyMarle,natural-textured-poncho#Deeprain,hard
Marnee,chill-out-slouch-top#GreyMarle,voyager-stripe-crew#Stripe,hard
Marnee,chill-out-slouch-top#GreyMarle,tia-boyfriend-shirt#White,random
Georgia,long-sleeve-softly-swinging-bamboo-tee#Fern,voyager-stripe-crew#Stripe,hard
Georgia,long-sleeve-softly-swinging-bamboo-tee#Fern,makeover-blouse#LimeGreen,hard
Georgia,long-sleeve-softly-swinging-bamboo-tee#Fern,foil-print-top-2#Navy,random
Kate,sugar-snaps-layers-tank#DeepCobalt,natural-textured-poncho#Deeprain,hard
Kate,sugar-snaps-layers-tank#DeepCobalt,animal-button-up-shirt#KhakiPrint,hard
Kate,sugar-snaps-layers-tank#DeepCobalt,daisy-chain-tassel-blouse#DeepBlue,random
Sophia,ava-short-sleeve-linen-tee#Navy,cara-tee-2#Blush,hard
Sophia,ava-short-sleeve-linen-tee#Navy,cara-tee-2#WhiteBlk,hard
Sophia,ava-short-sleeve-linen-tee#Navy,natural-waterfall-cardigan#Fallendust,random
Nadine,the-everyday-shirt#Rose,makeover-blouse#LimeGreen,hard
Nadine,the-everyday-shirt#Rose,pure-merino-fine-rib-v-neck#Charcoal,hard
Nadine,the-everyday-shirt#Rose,waterfall-cardi-1#Black,random
Marnee,driftwood-gathering-blouse#Khaki,natural-textured-poncho#Deeprain,hard
Marnee,driftwood-gathering-blouse#Khaki,voyager-stripe-crew#Stripe,hard
Marnee,driftwood-gathering-blouse#Khaki,multi-pattern-print-top#NavyMulti,random
Natalie,the-sleeveless-cross-over-blouse#Mint,natural-textured-poncho#Deeprain,hard
Natalie,the-sleeveless-cross-over-blouse#Mint,voyager-stripe-crew#Stripe,hard
Natalie,the-sleeveless-cross-over-blouse#Mint,layered-sleeve-top#DarkBlue,random
Marnee,moonlight-kisses-bamboo-tee#Combat,natural-textured-poncho#Deeprain,hard
Marnee,moonlight-kisses-bamboo-tee#Combat,voyager-stripe-crew#Stripe,hard
Marnee,moonlight-kisses-bamboo-tee#Combat,the-cross-front-spot-blouse#NavySpot,random
Stacey,long-sleeve-check-top#Check,makeover-blouse#LimeGreen,hard
Stacey,long-sleeve-check-top#Check,cara-tee-2#Blush,hard
Stacey,long-sleeve-check-top#Check,fundamental-vee-tee#Navy,random
Laura,the-ultimate-tie-cardi#Black,cara-tee-2#Blush,hard
Laura,the-ultimate-tie-cardi#Black,cara-tee-2#WhiteBlk,hard
Laura,the-ultimate-tie-cardi#Black,the-daily-cross-over-top#SkyBlue,random
Edith,off-shoulder-top-1#Strawberry,voyager-stripe-crew#Stripe,hard
Edith,off-shoulder-top-1#Strawberry,makeover-blouse#LimeGreen,hard
Edith,off-shoulder-top-1#Strawberry,the-sleeve-detail-knit#Ivory,random
Summer,never-ending-winter-knit-top#DeluxeGree,voyager-stripe-crew#Stripe,hard
Summer,never-ending-winter-knit-top#DeluxeGree,natural-textured-poncho#Deeprain,hard
Summer,never-ending-winter-knit-top#DeluxeGree,on-safari-blouse#Jewel,random
Georgia,layer-me-bamboo-rouched-sleeve-tee#Copper,voyager-stripe-crew#Stripe,hard
Georgia,layer-me-bamboo-rouched-sleeve-tee#Copper,makeover-blouse#LimeGreen,hard
Georgia,layer-me-bamboo-rouched-sleeve-tee#Copper,wonderlust-tee#BurntOran,random
Lauren,belle-tie-front-shirt#Black,side-buttoned-sweater#Buttoned,hard
Lauren,belle-tie-front-shirt#Black,voyager-stripe-crew#Stripe,hard
Lauren,belle-tie-front-shirt#Black,belle-lace-trim-tee#GreyMarle,random
Anna,the-everyday-shirt#Midnight,voyager-stripe-crew#Stripe,hard
Anna,the-everyday-shirt#Midnight,makeover-blouse#LimeGreen,hard
Anna,the-everyday-shirt#Midnight,the-on-or-off-the-shoulder-top#FrenchNavy,random
Marnee,wrap-me-up-bamboo-top#Black,natural-textured-poncho#Deeprain,hard
Marnee,wrap-me-up-bamboo-top#Black,voyager-stripe-crew#Stripe,hard
Marnee,wrap-me-up-bamboo-top#Black,raspberry-ls-tee#WhiteRaspb,random
Georgia,softly-swinging-bamboo-singlet#Cashew,voyager-stripe-crew#Stripe,hard
Georgia,softly-swinging-bamboo-singlet#Cashew,makeover-blouse#LimeGreen,hard
Georgia,softly-swinging-bamboo-singlet#Cashew,mila-knit-cardigan#Black,random
Perrie,irena-embroidered-blouse#DustyRose,natural-textured-poncho#Deeprain,hard
Perrie,irena-embroidered-blouse#DustyRose,voyager-stripe-crew#Stripe,hard
Perrie,irena-embroidered-blouse#DustyRose,cara-tee-2#WhiteBlk,random
Jess,falling-for-you-cardi#Dusty,cara-tee-2#Blush,hard
Jess,falling-for-you-cardi#Dusty,cara-tee-2#WhiteBlk,hard
Jess,falling-for-you-cardi#Dusty,frill-me-tie-throw-on#WhiteBlk,random
Summer,off-shoulder-top-2#FloraLace,voyager-stripe-crew#Stripe,hard
Summer,off-shoulder-top-2#FloraLace,natural-textured-poncho#Deeprain,hard
Summer,off-shoulder-top-2#FloraLace,variegated-rib-knit#Silver,random
Sophia,elcos-45-aop-top-jrs#BlackFlowe,cara-tee-2#Blush,hard
Sophia,elcos-45-aop-top-jrs#BlackFlowe,cara-tee-2#WhiteBlk,hard
Sophia,elcos-45-aop-top-jrs#BlackFlowe,reversible-scoopv-neck-tank#White,random
Jira,yvette-blouse#Black,voyager-stripe-crew#Stripe,hard
Jira,yvette-blouse#Black,makeover-blouse#LimeGreen,hard
Jira,yvette-blouse#Black,bertie-top#Black,random
Stacey,amira-sweater#Cream,makeover-blouse#LimeGreen,hard
Stacey,amira-sweater#Cream,cara-tee-2#Blush,hard
Stacey,amira-sweater#Cream,sparkly-star-tee#Blue,random
Louise,layer-top-1#Navy,pure-merino-fine-rib-polo#BlackStri,hard
Louise,layer-top-1#Navy,voyager-stripe-crew#Stripe,hard
Louise,layer-top-1#Navy,overlay-top-2#Black,random
Charlotte,natural-pattern-cocoon-cardigan#Blossom,voyager-stripe-crew#Stripe,hard
Charlotte,natural-pattern-cocoon-cardigan#Blossom,makeover-blouse#LimeGreen,hard
Charlotte,natural-pattern-cocoon-cardigan#Blossom,fundamental-sydney-crew#Burgundy,random
Laura,belle-half-sleeve-forgiver-tunic#Apricot,cara-tee-2#Blush,hard
Laura,belle-half-sleeve-forgiver-tunic#Apricot,cara-tee-2#WhiteBlk,hard
Laura,belle-half-sleeve-forgiver-tunic#Apricot,karmen-top#HighRiskRe,random
Denniel,the-short-sleeve-wrap-jersey-top#Emerald,natural-textured-poncho#Deeprain,hard
Denniel,the-short-sleeve-wrap-jersey-top#Emerald,voyager-stripe-crew#Stripe,hard
Denniel,the-short-sleeve-wrap-jersey-top#Emerald,monaco-sweater#BlackCream,random
Laura,the-roll-neck-sweater#Natural,cara-tee-2#Blush,hard
Laura,the-roll-neck-sweater#Natural,cara-tee-2#WhiteBlk,hard
Laura,the-roll-neck-sweater#Natural,paige-top#Black,random
Nadine,long-sleeve-ruffle-shirt#Navy,makeover-blouse#LimeGreen,hard
Nadine,long-sleeve-ruffle-shirt#Navy,pure-merino-fine-rib-v-neck#Charcoal,hard
Nadine,long-sleeve-ruffle-shirt#Navy,the-stripe-jersey-top#Blue,random
Mae-Lee,long-sleeve-softly-swinging-bamboo-tee#DuckEgg,side-buttoned-sweater#Buttoned,hard
Mae-Lee,long-sleeve-softly-swinging-bamboo-tee#DuckEgg,voyager-stripe-crew#Stripe,hard
Mae-Lee,long-sleeve-softly-swinging-bamboo-tee#DuckEgg,the-frill-detail-blouse#Chambray,random
Maddy,the-half-sleeve-tee#White,natural-textured-poncho#Deeprain,hard
Maddy,the-half-sleeve-tee#White,voyager-stripe-crew#Stripe,hard
Maddy,the-half-sleeve-tee#White,paradise-cardi#MultiStrip,random
Jess,belle-half-sleeve-forgiver-tunic#Black,cara-tee-2#Blush,hard
Jess,belle-half-sleeve-forgiver-tunic#Black,cara-tee-2#WhiteBlk,hard
Jess,belle-half-sleeve-forgiver-tunic#Black,rib-tank-2#Black,random
Georgia,softly-swinging-bamboo-tee#White,voyager-stripe-crew#Stripe,hard
Georgia,softly-swinging-bamboo-tee#White,makeover-blouse#LimeGreen,hard
Georgia,softly-swinging-bamboo-tee#White,belle-drape-tee#Black,random
Marnee,the-drape-tee-1#NavyStripe,natural-textured-poncho#Deeprain,hard
Marnee,the-drape-tee-1#NavyStripe,voyager-stripe-crew#Stripe,hard
Marnee,the-drape-tee-1#NavyStripe,merino-boyfriend-cardigan#MelangeStr,random
Laura,the-cotton-bamboo-tank#DuckEgg,cara-tee-2#Blush,hard
Laura,the-cotton-bamboo-tank#DuckEgg,cara-tee-2#WhiteBlk,hard
Laura,the-cotton-bamboo-tank#DuckEgg,sugar-snaps-throw-jacket#Black,random
Mercy,overlay-tunic-3-pce-set#Emerald,voyager-stripe-crew#Stripe,hard
Mercy,overlay-tunic-3-pce-set#Emerald,makeover-blouse#LimeGreen,hard
Mercy,overlay-tunic-3-pce-set#Emerald,the-bell-sleeve-top#Grey,random
Natalie,the-cross-over-blouse#Mint,natural-textured-poncho#Deeprain,hard
Natalie,the-cross-over-blouse#Mint,voyager-stripe-crew#Stripe,hard
Natalie,the-cross-over-blouse#Mint,the-cotton-bamboo-tank#DuckEgg,random
Charlotte,natural-crossover-knit-1#Stormcloud,voyager-stripe-crew#Stripe,hard
Charlotte,natural-crossover-knit-1#Stormcloud,makeover-blouse#LimeGreen,hard
Charlotte,natural-crossover-knit-1#Stormcloud,long-sleeve-softly-swinging-bamboo-tee#Combat,random
Jess,natural-waterfall-cardigan#Fallendust,cara-tee-2#Blush,hard
Jess,natural-waterfall-cardigan#Fallendust,cara-tee-2#WhiteBlk,hard
Jess,natural-waterfall-cardigan#Fallendust,meadow-cardigan#Cream,random
Jess,layered-tee-2#White,cara-tee-2#Blush,hard
Jess,layered-tee-2#White,cara-tee-2#WhiteBlk,hard
Jess,layered-tee-2#White,malibu-cardigan#Navy,random
Stefania,the-pirate-in-me-shirt#White,voyager-stripe-crew#Stripe,hard
Stefania,the-pirate-in-me-shirt#White,makeover-blouse#LimeGreen,hard
Stefania,the-pirate-in-me-shirt#White,softly-swinging-bamboo-singlet#Cashew,random
Jess,runaway-top#SoftMint,cara-tee-2#Blush,hard
Jess,runaway-top#SoftMint,cara-tee-2#WhiteBlk,hard
Jess,runaway-top#SoftMint,the-dobby-sleeve-tee#White,random
Laura,the-cross-over-blouse#RoyalBlue,cara-tee-2#Blush,hard
Laura,the-cross-over-blouse#RoyalBlue,cara-tee-2#WhiteBlk,hard
Laura,the-cross-over-blouse#RoyalBlue,the-swing-tank-top#Rose,random
Laura,the-short-sleeve-wrap-jersey-top#Black,cara-tee-2#Blush,hard
Laura,the-short-sleeve-wrap-jersey-top#Black,cara-tee-2#WhiteBlk,hard
Laura,the-short-sleeve-wrap-jersey-top#Black,the-curve-striped-tank#Marine,random
Fiona,the-spotted-tunic#NavySpot,natural-textured-poncho#Deeprain,hard
Fiona,the-spotted-tunic#NavySpot,wonderland-blouse#Ink,hard
Fiona,the-spotted-tunic#NavySpot,freya-fringe-blouse#Navy,random
Anna Maria,the-twist-front-top#Navy,natural-textured-poncho#Deeprain,hard
Anna Maria,the-twist-front-top#Navy,voyager-stripe-crew#Stripe,hard
Anna Maria,the-twist-front-top#Navy,the-on-or-off-the-shoulder-top#Pink,random
Jess,softly-swinging-bamboo-tee#TeaRose,cara-tee-2#Blush,hard
Jess,softly-swinging-bamboo-tee#TeaRose,cara-tee-2#WhiteBlk,hard
Jess,softly-swinging-bamboo-tee#TeaRose,tab-sleeve-longline-shirt#Pink,random
Laura,sugar-snaps-round-neck-layer-tank#Black,cara-tee-2#Blush,hard
Laura,sugar-snaps-round-neck-layer-tank#Black,cara-tee-2#WhiteBlk,hard
Laura,sugar-snaps-round-neck-layer-tank#Black,belle-flocked-tunic#Pale%20Blue,random
Laura,the-batwing-tee#Black,cara-tee-2#Blush,hard
Laura,the-batwing-tee#Black,cara-tee-2#WhiteBlk,hard
Laura,the-batwing-tee#Black,bertie-top#BlkCherry,random
Jess,ynes#Black,cara-tee-2#Blush,hard
Jess,ynes#Black,cara-tee-2#WhiteBlk,hard
Jess,ynes#Black,monaco-knot-top#HeatheGrey,random
Riina,the-stitch-v-neck-knit#DenimMarle,voyager-stripe-crew#Stripe,hard
Riina,the-stitch-v-neck-knit#DenimMarle,makeover-blouse#LimeGreen,hard
Riina,the-stitch-v-neck-knit#DenimMarle,layered-top-2#White,random
Fiona,the-v-neck-stripe-top#BlkStripe,natural-textured-poncho#Deeprain,hard
Fiona,the-v-neck-stripe-top#BlkStripe,wonderland-blouse#Ink,hard
Fiona,the-v-neck-stripe-top#BlkStripe,grace-oversized-knit#StoneBlack,random
Chelsea,leah-knit-cardigan#WhiteBlk,voyager-stripe-crew#Stripe,hard
Chelsea,leah-knit-cardigan#WhiteBlk,makeover-blouse#LimeGreen,hard
Chelsea,leah-knit-cardigan#WhiteBlk,renee-sweater#Sapphire,random
Riina,the-linen-tie-sleeve-top#GreyMarle,voyager-stripe-crew#Stripe,hard
Riina,the-linen-tie-sleeve-top#GreyMarle,makeover-blouse#LimeGreen,hard
Riina,the-linen-tie-sleeve-top#GreyMarle,block-sweater#Block,random
Emma,drama-top#BlackGrey,voyager-stripe-crew#Stripe,hard
Emma,drama-top#BlackGrey,makeover-blouse#LimeGreen,hard
Emma,drama-top#BlackGrey,zara-top#ZebraPrint,random
Georgia,flying-free-top-3#WhiteBird,voyager-stripe-crew#Stripe,hard
Georgia,flying-free-top-3#WhiteBird,makeover-blouse#LimeGreen,hard
Georgia,flying-free-top-3#WhiteBird,lola-bell-sleeve-top-entangled-vines#Gold,random
Stefania,walk-in-the-park-cardi#Sand,voyager-stripe-crew#Stripe,hard
Stefania,walk-in-the-park-cardi#Sand,makeover-blouse#LimeGreen,hard
Stefania,walk-in-the-park-cardi#Sand,tracie-top#Black,random
Georgia,long-sleeve-softly-swinging-bamboo-tee#Oyster,voyager-stripe-crew#Stripe,hard
Georgia,long-sleeve-softly-swinging-bamboo-tee#Oyster,makeover-blouse#LimeGreen,hard
Georgia,long-sleeve-softly-swinging-bamboo-tee#Oyster,the-cotton-bamboo-tee#DuckEgg,random
Lucy,the-batwing-tee#Black,manhattan-stretch-tee#White,hard
Lucy,the-batwing-tee#Black,manhattan-stretch-tee#Navy,hard
Lucy,the-batwing-tee#Black,monaco-knot-top#HeatheGrey,random
Palatina,oversize-contrast-hood-top#Steel,cara-tee-2#Blush,hard
Palatina,oversize-contrast-hood-top#Steel,cara-tee-2#WhiteBlk,hard
Palatina,oversize-contrast-hood-top#Steel,softly-swinging-bamboo-tee#White,random
Emma,long-sleeve-softly-swinging-bamboo-tee#Storm,voyager-stripe-crew#Stripe,hard
Emma,long-sleeve-softly-swinging-bamboo-tee#Storm,makeover-blouse#LimeGreen,hard
Emma,long-sleeve-softly-swinging-bamboo-tee#Storm,germaine-blouse#Pearl,random
Laura,34-sleeve-shirt-1#SkyWhite,cara-tee-2#Blush,hard
Laura,34-sleeve-shirt-1#SkyWhite,cara-tee-2#WhiteBlk,hard
Laura,34-sleeve-shirt-1#SkyWhite,holly-rib-long-sleeve-tee#WhiteGrey,random
Charlotte,natural-textured-poncho#Deeprain,voyager-stripe-crew#Stripe,hard
Charlotte,natural-textured-poncho#Deeprain,makeover-blouse#LimeGreen,hard
Charlotte,natural-textured-poncho#Deeprain,laurina-stripe-pullover#NightSky,random
Alex,the-sleeveless-cross-over-blouse#Chambray,voyager-stripe-crew#Stripe,hard
Alex,the-sleeveless-cross-over-blouse#Chambray,makeover-blouse#LimeGreen,hard
Alex,the-sleeveless-cross-over-blouse#Chambray,the-spotted-tunic#GreySpot,random
Emma,forget-me-knot-tunic#ForgetMeK,voyager-stripe-crew#Stripe,hard
Emma,forget-me-knot-tunic#ForgetMeK,makeover-blouse#LimeGreen,hard
Emma,forget-me-knot-tunic#ForgetMeK,ava-short-sleeve-linen-tee#Blush,random
Georgia,softly-swinging-bamboo-tee#Chambray,voyager-stripe-crew#Stripe,hard
Georgia,softly-swinging-bamboo-tee#Chambray,makeover-blouse#LimeGreen,hard
Georgia,softly-swinging-bamboo-tee#Chambray,2-in-1-layered-knit-top#Navy,random
Natalie,the-sleeveless-cross-over-blouse#Black,natural-textured-poncho#Deeprain,hard
Natalie,the-sleeveless-cross-over-blouse#Black,voyager-stripe-crew#Stripe,hard
Natalie,the-sleeveless-cross-over-blouse#Black,sugar-snaps-throw-jacket#Duckegg,random
Jess,softly-swinging-bamboo-tee#BlueJeans,cara-tee-2#Blush,hard
Jess,softly-swinging-bamboo-tee#BlueJeans,cara-tee-2#WhiteBlk,hard
Jess,softly-swinging-bamboo-tee#BlueJeans,the-zip-front-top#Rose,random
Marnee,skipping-stones-tunic#Natural,natural-textured-poncho#Deeprain,hard
Marnee,skipping-stones-tunic#Natural,voyager-stripe-crew#Stripe,hard
Marnee,skipping-stones-tunic#Natural,the-half-sleeve-tee#White,random
Laura,waterfall-cardi-1#Navy,cara-tee-2#Blush,hard
Laura,waterfall-cardi-1#Navy,cara-tee-2#WhiteBlk,hard
Laura,waterfall-cardi-1#Navy,the-contrast-panel-top#BlkStripe,random
Mae-Lee,the-cross-over-blouse#Sunshine,side-buttoned-sweater#Buttoned,hard
Mae-Lee,the-cross-over-blouse#Sunshine,voyager-stripe-crew#Stripe,hard
Mae-Lee,the-cross-over-blouse#Sunshine,geneva-v-neck-top#HeatheGrey,random
Emma,the-drape-tee-1#Stripe,voyager-stripe-crew#Stripe,hard
Emma,the-drape-tee-1#Stripe,makeover-blouse#LimeGreen,hard
Emma,the-drape-tee-1#Stripe,belle-half-sleeve-forgiver-tunic#MutedClay,random
Stacey,frost-cardigan#Mauvewoo,makeover-blouse#LimeGreen,hard
Stacey,frost-cardigan#Mauvewoo,cara-tee-2#Blush,hard
Stacey,frost-cardigan#Mauvewoo,sunshine-in-me-tee-1#GreyMarle,random
Jess,diva-ruffle-jumper#Gold%20Spot,cara-tee-2#Blush,hard
Jess,diva-ruffle-jumper#Gold%20Spot,cara-tee-2#WhiteBlk,hard
Jess,diva-ruffle-jumper#Gold%20Spot,boho-embroidered-top#BohoDenim,random
Nadine,starry-night-cardi#Chalk,makeover-blouse#LimeGreen,hard
Nadine,starry-night-cardi#Chalk,pure-merino-fine-rib-v-neck#Charcoal,hard
Nadine,starry-night-cardi#Chalk,the-sleeveless-cross-over-blouse#Chambray,random
Georgia,sugar-snaps-layers-tank#DeepCobalt,voyager-stripe-crew#Stripe,hard
Georgia,sugar-snaps-layers-tank#DeepCobalt,makeover-blouse#LimeGreen,hard
Georgia,sugar-snaps-layers-tank#DeepCobalt,leah-knit-cardigan#Black,random
Chelsea,the-ultimate-tie-cardi#Black,voyager-stripe-crew#Stripe,hard
Chelsea,the-ultimate-tie-cardi#Black,makeover-blouse#LimeGreen,hard
Chelsea,the-ultimate-tie-cardi#Black,rib-tank-2#Mustard,random
Riina,the-cross-over-poncho#Navy,voyager-stripe-crew#Stripe,hard
Riina,the-cross-over-poncho#Navy,makeover-blouse#LimeGreen,hard
Riina,the-cross-over-poncho#Navy,delicado-top#White,random
Riina,soho-v-neck-blouse#SohoPrint,voyager-stripe-crew#Stripe,hard
Riina,soho-v-neck-blouse#SohoPrint,makeover-blouse#LimeGreen,hard
Riina,soho-v-neck-blouse#SohoPrint,midtown-ruffle-shirt#BoldRed,random
Alex,lola-bell-sleeve-top-ditsy-daisies#Blue,voyager-stripe-crew#Stripe,hard
Alex,lola-bell-sleeve-top-ditsy-daisies#Blue,makeover-blouse#LimeGreen,hard
Alex,lola-bell-sleeve-top-ditsy-daisies#Blue,belle-half-sleeve-forgiver-tunic#Apricot,random
Madeline,natural-cross-back-knit#Lightsmoke,voyager-stripe-crew#Stripe,hard
Madeline,natural-cross-back-knit#Lightsmoke,makeover-blouse#LimeGreen,hard
Madeline,natural-cross-back-knit#Lightsmoke,germaine-blouse#Pearl,random
Nathalie,the-everyday-shirt#Pink,voyager-stripe-crew#Stripe,hard
Nathalie,the-everyday-shirt#Pink,makeover-blouse#LimeGreen,hard
Nathalie,the-everyday-shirt#Pink,striped-sleeve-sweater#Striped,random
Fiona,long-sleeve-ruffle-shirt#Black,natural-textured-poncho#Deeprain,hard
Fiona,long-sleeve-ruffle-shirt#Black,wonderland-blouse#Ink,hard
Fiona,long-sleeve-ruffle-shirt#Black,marjorie-tie-blouse#BluePrint,random
Georgia,softly-falling-bamboo-tunic#White,voyager-stripe-crew#Stripe,hard
Georgia,softly-falling-bamboo-tunic#White,makeover-blouse#LimeGreen,hard
Georgia,softly-falling-bamboo-tunic#White,soho-v-neck-blouse#SohoPrint,random
Anna,the-wrap-jersey-top#JetBlack,voyager-stripe-crew#Stripe,hard
Anna,the-wrap-jersey-top#JetBlack,makeover-blouse#LimeGreen,hard
Anna,the-wrap-jersey-top#JetBlack,the-bonded-cotton-shirt#Pink,random
Jess,sugar-snaps-layers-tank#Red,cara-tee-2#Blush,hard
Jess,sugar-snaps-layers-tank#Red,cara-tee-2#WhiteBlk,hard
Jess,sugar-snaps-layers-tank#Red,bertie-top#BlkCherry,random
Ljubenka,sugar-snaps-layers-tank#Mint,the-uneven-hem-knit-1#Sage,hard
Ljubenka,sugar-snaps-layers-tank#Mint,natural-textured-poncho#Deeprain,hard
Ljubenka,sugar-snaps-layers-tank#Mint,out-of-my-mind-scallop-knit#GreyMarle,random
Summer,hacienda-tunic-5#PatchGold,voyager-stripe-crew#Stripe,hard
Summer,hacienda-tunic-5#PatchGold,natural-textured-poncho#Deeprain,hard
Summer,hacienda-tunic-5#PatchGold,print-tee-3#Bike,random
Miranda,the-sleeve-detail-knit#Ivory,voyager-stripe-crew#Stripe,hard
Miranda,the-sleeve-detail-knit#Ivory,makeover-blouse#LimeGreen,hard
Miranda,the-sleeve-detail-knit#Ivory,ella-funnel-neck-top#Khaki,random
Jess,belle-tier-tee#Blue,cara-tee-2#Blush,hard
Jess,belle-tier-tee#Blue,cara-tee-2#WhiteBlk,hard
Jess,belle-tier-tee#Blue,the-tie-front-tank#Navy,random
Gemma,bubbles-print-tee#Cambridge,voyager-stripe-crew#Stripe,hard
Gemma,bubbles-print-tee#Cambridge,makeover-blouse#LimeGreen,hard
Gemma,bubbles-print-tee#Cambridge,belle-half-sleeve-forgiver-tunic#Apricot,random
Sophia,to-the-beat-of-the-drum-kimono#Leaf,cara-tee-2#Blush,hard
Sophia,to-the-beat-of-the-drum-kimono#Leaf,cara-tee-2#WhiteBlk,hard
Sophia,to-the-beat-of-the-drum-kimono#Leaf,the-lace-trim-top#Ivory,random
Marnee,the-everyday-shirt#Midnight,natural-textured-poncho#Deeprain,hard
Marnee,the-everyday-shirt#Midnight,voyager-stripe-crew#Stripe,hard
Marnee,the-everyday-shirt#Midnight,grace-oversized-knit#StoneBlack,random
Laura,the-relaxed-long-sleeve-tee#Black,cara-tee-2#Blush,hard
Laura,the-relaxed-long-sleeve-tee#Black,cara-tee-2#WhiteBlk,hard
Laura,the-relaxed-long-sleeve-tee#Black,wildflower-shirt#White,random
Miranda,the-crossover-button-blouse-1#Ornate,voyager-stripe-crew#Stripe,hard
Miranda,the-crossover-button-blouse-1#Ornate,makeover-blouse#LimeGreen,hard
Miranda,the-crossover-button-blouse-1#Ornate,the-midi-waterfall-cardi#BlueMarle,random
Jess,the-cut-out-shoulder-blouse#Blue,cara-tee-2#Blush,hard
Jess,the-cut-out-shoulder-blouse#Blue,cara-tee-2#WhiteBlk,hard
Jess,the-cut-out-shoulder-blouse#Blue,2-in-1-layered-knit-top#Khaki,random
Fiona,weekend-vibes-blouse#Blush,natural-textured-poncho#Deeprain,hard
Fiona,weekend-vibes-blouse#Blush,wonderland-blouse#Ink,hard
Fiona,weekend-vibes-blouse#Blush,belle-handkerchief-printed-cami#RustFlwrs,random
Laura,belle-v-neck-forgiver-tunic#BlueMarle,cara-tee-2#Blush,hard
Laura,belle-v-neck-forgiver-tunic#BlueMarle,cara-tee-2#WhiteBlk,hard
Laura,belle-v-neck-forgiver-tunic#BlueMarle,bird-print-jumper#Navy,random
Laura,sugar-snaps-layers-tank#PeachyKeen,cara-tee-2#Blush,hard
Laura,sugar-snaps-layers-tank#PeachyKeen,cara-tee-2#WhiteBlk,hard
Laura,sugar-snaps-layers-tank#PeachyKeen,neptune-top-1#PrimBlack,random
Jess,belle-cowl-swing-sweater#Black,cara-tee-2#Blush,hard
Jess,belle-cowl-swing-sweater#Black,cara-tee-2#WhiteBlk,hard
Jess,belle-cowl-swing-sweater#Black,printed-v-neck-top#Striped,random
Fiona,the-reversible-cowl-neck-top-1#Black,natural-textured-poncho#Deeprain,hard
Fiona,the-reversible-cowl-neck-top-1#Black,wonderland-blouse#Ink,hard
Fiona,the-reversible-cowl-neck-top-1#Black,saba-top-2#Catus,random
Chelsea,pure-merino-fine-rib-polo#BlackStri,voyager-stripe-crew#Stripe,hard
Chelsea,pure-merino-fine-rib-polo#BlackStri,makeover-blouse#LimeGreen,hard
Chelsea,pure-merino-fine-rib-polo#BlackStri,monaco-knot-top#ClaySpot,random
Bree,belle-half-sleeve-forgiver-tunic#BlueBonnet,cara-tee-2#Blush,hard
Bree,belle-half-sleeve-forgiver-tunic#BlueBonnet,cara-tee-2#WhiteBlk,hard
Bree,belle-half-sleeve-forgiver-tunic#BlueBonnet,circles-knit#Plum,random
Laura,the-cut-out-shoulder-blouse#Blue,cara-tee-2#Blush,hard
Laura,the-cut-out-shoulder-blouse#Blue,cara-tee-2#WhiteBlk,hard
Laura,the-cut-out-shoulder-blouse#Blue,the-stripe-button-through-top#Coral,random
Amanda,the-bonded-cotton-shirt#Pink,natural-textured-poncho#Deeprain,hard
Amanda,the-bonded-cotton-shirt#Pink,voyager-stripe-crew#Stripe,hard
Amanda,the-bonded-cotton-shirt#Pink,the-twist-front-top#Grey,random
Fiona,the-cascade-blouse#Auburn,natural-textured-poncho#Deeprain,hard
Fiona,the-cascade-blouse#Auburn,wonderland-blouse#Ink,hard
Fiona,the-cascade-blouse#Auburn,the-midi-waterfall-cardi#BlueMarle,random
Tia,softly-swinging-bamboo-tee#Storm,the-panel-luxe-top#BlkWhite,hard
Tia,softly-swinging-bamboo-tee#Storm,the-panel-luxe-top#SilvWhite,hard
Tia,softly-swinging-bamboo-tee#Storm,bird-jumper#Navy,random
Stacey,the-reversible-cowl-neck-top-2#Ocean,makeover-blouse#LimeGreen,hard
Stacey,the-reversible-cowl-neck-top-2#Ocean,cara-tee-2#Blush,hard
Stacey,the-reversible-cowl-neck-top-2#Ocean,hydrangea-kimono#Hydrangea,random
Laura,belle-v-neck-forgiver-tunic#White,cara-tee-2#Blush,hard
Laura,belle-v-neck-forgiver-tunic#White,cara-tee-2#WhiteBlk,hard
Laura,belle-v-neck-forgiver-tunic#White,long-sleeve-ruffle-shirt#Navy,random
Shadae,clio-knit-jumper#Black,voyager-stripe-crew#Stripe,hard
Shadae,clio-knit-jumper#Black,makeover-blouse#LimeGreen,hard
Shadae,clio-knit-jumper#Black,the-stitch-detail-top#Pink,random
Maddy,elina-lace-frill-blouse#Black,natural-textured-poncho#Deeprain,hard
Maddy,elina-lace-frill-blouse#Black,voyager-stripe-crew#Stripe,hard
Maddy,elina-lace-frill-blouse#Black,suri-bell-sleeve-top#GreyMarle,random
Gemma,falling-for-you-cardi#Black,voyager-stripe-crew#Stripe,hard
Gemma,falling-for-you-cardi#Black,makeover-blouse#LimeGreen,hard
Gemma,falling-for-you-cardi#Black,st-helens-henley-tee#Sapphire,random
Madeline,natural-textured-poncho#Deeprain,voyager-stripe-crew#Stripe,hard
Madeline,natural-textured-poncho#Deeprain,makeover-blouse#LimeGreen,hard
Madeline,natural-textured-poncho#Deeprain,millie-top#Moss,random
Sophia,layered-sleeve-top#Moss,cara-tee-2#Blush,hard
Sophia,layered-sleeve-top#Moss,cara-tee-2#WhiteBlk,hard
Sophia,layered-sleeve-top#Moss,multi-stripe-jumper#NavyMulti,random
Natalie,the-wrap-jersey-top#Charcoal,natural-textured-poncho#Deeprain,hard
Natalie,the-wrap-jersey-top#Charcoal,voyager-stripe-crew#Stripe,hard
Natalie,the-wrap-jersey-top#Charcoal,animal-knit-1#Animal,random
Georgia,aldis-blouse#Pearl,voyager-stripe-crew#Stripe,hard
Georgia,aldis-blouse#Pearl,makeover-blouse#LimeGreen,hard
Georgia,aldis-blouse#Pearl,tracie-top#Black,random
Jess,runaway-top#SoftPink,cara-tee-2#Blush,hard
Jess,runaway-top#SoftPink,cara-tee-2#WhiteBlk,hard
Jess,runaway-top#SoftPink,belle-drape-tee#Sliver,random
Sophia,rory-spliced-zip-hoodie#Silver,cara-tee-2#Blush,hard
Sophia,rory-spliced-zip-hoodie#Silver,cara-tee-2#WhiteBlk,hard
Sophia,rory-spliced-zip-hoodie#Silver,great-scot-merino-carcoat#Twilight,random
Georgia,roll-with-me-jumper#Chalk,voyager-stripe-crew#Stripe,hard
Georgia,roll-with-me-jumper#Chalk,makeover-blouse#LimeGreen,hard
Georgia,roll-with-me-jumper#Chalk,the-shoulder-tie-top#White,random
Riina,the-check-pullover#PinkCheck,voyager-stripe-crew#Stripe,hard
Riina,the-check-pullover#PinkCheck,makeover-blouse#LimeGreen,hard
Riina,the-check-pullover#PinkCheck,off-shoulder-top-2#FloraLace,random
Nadine,variegated-rib-knit#Silver,makeover-blouse#LimeGreen,hard
Nadine,variegated-rib-knit#Silver,pure-merino-fine-rib-v-neck#Charcoal,hard
Nadine,variegated-rib-knit#Silver,sugar-snaps-layers-tank#Blue,random
Tia,the-cross-over-blouse#RoyalBlue,the-panel-luxe-top#BlkWhite,hard
Tia,the-cross-over-blouse#RoyalBlue,the-panel-luxe-top#SilvWhite,hard
Tia,the-cross-over-blouse#RoyalBlue,falling-for-you-cardi-2#WinterRose,random
Natalie,sugar-snaps-layers-tank#White,natural-textured-poncho#Deeprain,hard
Natalie,sugar-snaps-layers-tank#White,voyager-stripe-crew#Stripe,hard
Natalie,sugar-snaps-layers-tank#White,cross-my-heart-bamboo-slouch-tee#White,random
Amanda,the-zip-front-top#Blue,natural-textured-poncho#Deeprain,hard
Amanda,the-zip-front-top#Blue,voyager-stripe-crew#Stripe,hard
Amanda,the-zip-front-top#Blue,the-long-sleeve-v-neck-tee#Black,random
Katie,fern-print-top#Navy,voyager-stripe-crew#Stripe,hard
Katie,fern-print-top#Navy,makeover-blouse#LimeGreen,hard
Katie,fern-print-top#Navy,linen-v-neck-cami-2#BlueWhite,random
Olivia,the-sleeveless-cross-over-blouse#Cobalt,natural-textured-poncho#Deeprain,hard
Olivia,the-sleeveless-cross-over-blouse#Cobalt,voyager-stripe-crew#Stripe,hard
Olivia,the-sleeveless-cross-over-blouse#Cobalt,the-cross-over-poncho#Navy,random
Fiona,the-textured-spot-top#Pink,natural-textured-poncho#Deeprain,hard
Fiona,the-textured-spot-top#Pink,wonderland-blouse#Ink,hard
Fiona,the-textured-spot-top#Pink,clara-blouse#DarkFloral,random
Laura,belle-v-neck-forgiver-tunic#Black,cara-tee-2#Blush,hard
Laura,belle-v-neck-forgiver-tunic#Black,cara-tee-2#WhiteBlk,hard
Laura,belle-v-neck-forgiver-tunic#Black,the-tie-detail-hoody#FrenchBlue,random
Natalia,cherrington-top#GreyRose,voyager-stripe-crew#Stripe,hard
Natalia,cherrington-top#GreyRose,makeover-blouse#LimeGreen,hard
Natalia,cherrington-top#GreyRose,sugar-snaps-layers-tank#NewBeige,random
Stacey,llama-long-sleeve-shirt#Mustard,makeover-blouse#LimeGreen,hard
Stacey,llama-long-sleeve-shirt#Mustard,cara-tee-2#Blush,hard
Stacey,llama-long-sleeve-shirt#Mustard,ruffle-top-4#Terracotta,random
Jess,cross-my-heart-sweater#Regal,cara-tee-2#Blush,hard
Jess,cross-my-heart-sweater#Regal,cara-tee-2#WhiteBlk,hard
Jess,cross-my-heart-sweater#Regal,the-cross-over-poncho#Navy,random
Mae-Lee,the-relaxed-long-sleeve-tee#Pink,side-buttoned-sweater#Buttoned,hard
Mae-Lee,the-relaxed-long-sleeve-tee#Pink,voyager-stripe-crew#Stripe,hard
Mae-Lee,the-relaxed-long-sleeve-tee#Pink,millie-top#Blush,random
Jess,the-printed-v-split-top#Natural,cara-tee-2#Blush,hard
Jess,the-printed-v-split-top#Natural,cara-tee-2#WhiteBlk,hard
Jess,the-printed-v-split-top#Natural,always-mine-v-neck-knit#Terracotta,random
Chelsea,willow-knot-top#WhiteBlk,voyager-stripe-crew#Stripe,hard
Chelsea,willow-knot-top#WhiteBlk,makeover-blouse#LimeGreen,hard
Chelsea,willow-knot-top#WhiteBlk,fundamental-sydney-crew#Navy,random
Sophie,the-twist-hem-jumper#DenimMarle,side-buttoned-sweater#Buttoned,hard
Sophie,the-twist-hem-jumper#DenimMarle,the-tie-front-top#Navy,hard
Sophie,the-twist-hem-jumper#DenimMarle,lola-bell-sleeve-top-ditsy-daisies#Blue,random
Shadae,fundamental-vee-tee#White,voyager-stripe-crew#Stripe,hard
Shadae,fundamental-vee-tee#White,makeover-blouse#LimeGreen,hard
Shadae,fundamental-vee-tee#White,juno-cardigan#GreyMarle,random
Laura,the-zip-front-top#Rose,cara-tee-2#Blush,hard
Laura,the-zip-front-top#Rose,cara-tee-2#WhiteBlk,hard
Laura,the-zip-front-top#Rose,laurina-stripe-pullover#NightSky,random
Georgia,softly-swinging-bamboo-tee#TeaRose,voyager-stripe-crew#Stripe,hard
Georgia,softly-swinging-bamboo-tee#TeaRose,makeover-blouse#LimeGreen,hard
Georgia,softly-swinging-bamboo-tee#TeaRose,star-and-spot-sweater#SilverMult,random
Palatina,batty-about-you-cotton-tee#BlkWhite,cara-tee-2#Blush,hard
Palatina,batty-about-you-cotton-tee#BlkWhite,cara-tee-2#WhiteBlk,hard
Palatina,batty-about-you-cotton-tee#BlkWhite,selma-top-1#IndoStripe,random
Amanda,the-contrast-trim-knit#BlackWhite,natural-textured-poncho#Deeprain,hard
Amanda,the-contrast-trim-knit#BlackWhite,voyager-stripe-crew#Stripe,hard
Amanda,the-contrast-trim-knit#BlackWhite,marquax-tunic#OnyxSpeck,random
Fiona,the-zip-front-top#Blue,natural-textured-poncho#Deeprain,hard
Fiona,the-zip-front-top#Blue,wonderland-blouse#Ink,hard
Fiona,the-zip-front-top#Blue,ashbury-cardigan#Mocha,random
Mae-Lee,layer-top-1#Navy,side-buttoned-sweater#Buttoned,hard
Mae-Lee,layer-top-1#Navy,voyager-stripe-crew#Stripe,hard
Mae-Lee,layer-top-1#Navy,analia-top#White,random
Maddy,the-cotton-bamboo-tee#White,natural-textured-poncho#Deeprain,hard
Maddy,the-cotton-bamboo-tee#White,voyager-stripe-crew#Stripe,hard
Maddy,the-cotton-bamboo-tee#White,the-boat-neck-top#Black,random
Riina,the-reverse-sleeve-sweater#Navy,voyager-stripe-crew#Stripe,hard
Riina,the-reverse-sleeve-sweater#Navy,makeover-blouse#LimeGreen,hard
Riina,the-reverse-sleeve-sweater#Navy,lola-bell-sleeve-top-entangled-vines#Gold,random
Jess,ines-top#NavyStrip,cara-tee-2#Blush,hard
Jess,ines-top#NavyStrip,cara-tee-2#WhiteBlk,hard
Jess,ines-top#NavyStrip,maui-stretch-tee#White,random
Riina,the-bell-sleeve-top#BlkStripe,voyager-stripe-crew#Stripe,hard
Riina,the-bell-sleeve-top#BlkStripe,makeover-blouse#LimeGreen,hard
Riina,the-bell-sleeve-top#BlkStripe,paint-stroke-top#Strokes,random
Laura,falling-for-you-cardi#Mustard,cara-tee-2#Blush,hard
Laura,falling-for-you-cardi#Mustard,cara-tee-2#WhiteBlk,hard
Laura,falling-for-you-cardi#Mustard,relaxed-cape#WhiteBlack,random
Kate,the-batwing-tee#Stone,natural-textured-poncho#Deeprain,hard
Kate,the-batwing-tee#Stone,animal-button-up-shirt#KhakiPrint,hard
Kate,the-batwing-tee#Stone,high-neck-tie-top#Black,random
Fiona,spot-layered-tee#Blue,natural-textured-poncho#Deeprain,hard
Fiona,spot-layered-tee#Blue,wonderland-blouse#Ink,hard
Fiona,spot-layered-tee#Blue,the-sleeveless-cross-over-blouse#Mint,random
Clementine,the-cross-over-blouse#White,voyager-stripe-crew#Stripe,hard
Clementine,the-cross-over-blouse#White,makeover-blouse#LimeGreen,hard
Clementine,the-cross-over-blouse#White,relaxed-top-1#FloraStrip,random
Emma,sugar-snaps-layers-tank#Blue,voyager-stripe-crew#Stripe,hard
Emma,sugar-snaps-layers-tank#Blue,makeover-blouse#LimeGreen,hard
Emma,sugar-snaps-layers-tank#Blue,long-sleeve-ruffle-shirt#Black,random
Jess,suri-bell-sleeve-top#GreyMarle,cara-tee-2#Blush,hard
Jess,suri-bell-sleeve-top#GreyMarle,cara-tee-2#WhiteBlk,hard
Jess,suri-bell-sleeve-top#GreyMarle,renee-sweater#Sapphire,random
Natalie,layered-tee-2#Black,natural-textured-poncho#Deeprain,hard
Natalie,layered-tee-2#Black,voyager-stripe-crew#Stripe,hard
Natalie,layered-tee-2#Black,paige-top#Black,random
Nadine,long-sleeve-ruffle-shirt#Black,makeover-blouse#LimeGreen,hard
Nadine,long-sleeve-ruffle-shirt#Black,pure-merino-fine-rib-v-neck#Charcoal,hard
Nadine,long-sleeve-ruffle-shirt#Black,millie-top#Blush,random
Fiona,belle-v-neck-forgiver-tunic#Charcoal,natural-textured-poncho#Deeprain,hard
Fiona,belle-v-neck-forgiver-tunic#Charcoal,wonderland-blouse#Ink,hard
Fiona,belle-v-neck-forgiver-tunic#Charcoal,manhattan-stretch-tee#NavyWhtStr,random
Laura,rory-spliced-zip-hoodie#Slate,cara-tee-2#Blush,hard
Laura,rory-spliced-zip-hoodie#Slate,cara-tee-2#WhiteBlk,hard
Laura,rory-spliced-zip-hoodie#Slate,oregon-safari-embroidered-top#White,random
Lauren,natural-textured-poncho#Deeprain,side-buttoned-sweater#Buttoned,hard
Lauren,natural-textured-poncho#Deeprain,voyager-stripe-crew#Stripe,hard
Lauren,natural-textured-poncho#Deeprain,rib-tank-2#Mustard,random
Anna Maria,falling-for-you-cardi#Teal,natural-textured-poncho#Deeprain,hard
Anna Maria,falling-for-you-cardi#Teal,voyager-stripe-crew#Stripe,hard
Anna Maria,falling-for-you-cardi#Teal,the-batwing-tee#Black,random
Stacey,ashbury-cardigan#Mocha,makeover-blouse#LimeGreen,hard
Stacey,ashbury-cardigan#Mocha,cara-tee-2#Blush,hard
Stacey,ashbury-cardigan#Mocha,belle-ls-free-fall-tee#Greenland,random
Emma,sugar-snaps-layers-tank#DeepCobalt,voyager-stripe-crew#Stripe,hard
Emma,sugar-snaps-layers-tank#DeepCobalt,makeover-blouse#LimeGreen,hard
Emma,sugar-snaps-layers-tank#DeepCobalt,frill-sleeve-top-1#LeafPrint,random
Riina,the-contrast-knit-1#Sage,voyager-stripe-crew#Stripe,hard
Riina,the-contrast-knit-1#Sage,makeover-blouse#LimeGreen,hard
Riina,the-contrast-knit-1#Sage,milan-stretch-top#Black,random
Mae-Lee,the-cut-out-shoulder-blouse#Black,side-buttoned-sweater#Buttoned,hard
Mae-Lee,the-cut-out-shoulder-blouse#Black,voyager-stripe-crew#Stripe,hard
Mae-Lee,the-cut-out-shoulder-blouse#Black,millie-top#WhiteBlk,random
Sophia,printed-v-neck-blouse#NavyWhite,cara-tee-2#Blush,hard
Sophia,printed-v-neck-blouse#NavyWhite,cara-tee-2#WhiteBlk,hard
Sophia,printed-v-neck-blouse#NavyWhite,reversible-stripe-vee-scoop-neck-tank#BlackWhite,random
Mae-Lee,the-stripe-tank-1#Hazelnut,side-buttoned-sweater#Buttoned,hard
Mae-Lee,the-stripe-tank-1#Hazelnut,voyager-stripe-crew#Stripe,hard
Mae-Lee,the-stripe-tank-1#Hazelnut,heartmade-sweater#Rust,random
Summer,napoleon-top-1#NemoRed,voyager-stripe-crew#Stripe,hard
Summer,napoleon-top-1#NemoRed,natural-textured-poncho#Deeprain,hard
Summer,napoleon-top-1#NemoRed,the-contrast-panel-top#BlkStripe,random
Perrie,high-street-knit#NavyStripe,natural-textured-poncho#Deeprain,hard
Perrie,high-street-knit#NavyStripe,voyager-stripe-crew#Stripe,hard
Perrie,high-street-knit#NavyStripe,first-love-kimono-jacket#Stone,random
Summer,fundamental-vee-tee#GreyMarle,voyager-stripe-crew#Stripe,hard
Summer,fundamental-vee-tee#GreyMarle,natural-textured-poncho#Deeprain,hard
Summer,fundamental-vee-tee#GreyMarle,waterfall-cardi-1#Navy,random
Mae-Lee,the-sleeveless-cross-over-blouse#Cobalt,side-buttoned-sweater#Buttoned,hard
Mae-Lee,the-sleeveless-cross-over-blouse#Cobalt,voyager-stripe-crew#Stripe,hard
Mae-Lee,the-sleeveless-cross-over-blouse#Cobalt,geneva-v-neck-top#ClaySpot,random
Georgia,long-sleeve-softly-swinging-bamboo-tee#Copper,voyager-stripe-crew#Stripe,hard
Georgia,long-sleeve-softly-swinging-bamboo-tee#Copper,makeover-blouse#LimeGreen,hard
Georgia,long-sleeve-softly-swinging-bamboo-tee#Copper,the-crossover-2-way-blouse#Black,random
Summer,rib-tank-2#Black,voyager-stripe-crew#Stripe,hard
Summer,rib-tank-2#Black,natural-textured-poncho#Deeprain,hard
Summer,rib-tank-2#Black,layered-top-2#Navy,random
Jess,belle-half-sleeve-boat-tee#White,cara-tee-2#Blush,hard
Jess,belle-half-sleeve-boat-tee#White,cara-tee-2#WhiteBlk,hard
Jess,belle-half-sleeve-boat-tee#White,the-daily-cross-over-top#SkyBlue,random
Alex,lola-bell-sleeve-top-entangled-vines#Gold,voyager-stripe-crew#Stripe,hard
Alex,lola-bell-sleeve-top-entangled-vines#Gold,makeover-blouse#LimeGreen,hard
Alex,lola-bell-sleeve-top-entangled-vines#Gold,mila-knit-cardigan#Black,random
Mae-Lee,the-batwing-tee#Sea,side-buttoned-sweater#Buttoned,hard
Mae-Lee,the-batwing-tee#Sea,voyager-stripe-crew#Stripe,hard
Mae-Lee,the-batwing-tee#Sea,the-relax-blouse#White,random
Laura,the-sleeveless-cross-over-blouse#Mint,cara-tee-2#Blush,hard
Laura,the-sleeveless-cross-over-blouse#Mint,cara-tee-2#WhiteBlk,hard
Laura,the-sleeveless-cross-over-blouse#Mint,the-ruffle-sleeve-sweat#KhakiMarle,random
Anna Maria,the-ruffle-sleeve-top#NavyStripe,natural-textured-poncho#Deeprain,hard
Anna Maria,the-ruffle-sleeve-top#NavyStripe,voyager-stripe-crew#Stripe,hard
Anna Maria,the-ruffle-sleeve-top#NavyStripe,softly-falling-bamboo-tunic#Copper,random
Chelsea,cara-tee-2#BlackSpot,voyager-stripe-crew#Stripe,hard
Chelsea,cara-tee-2#BlackSpot,makeover-blouse#LimeGreen,hard
Chelsea,cara-tee-2#BlackSpot,the-crossover-2-way-blouse#Black,random
Tia,the-cut-out-shoulder-blouse#Black,the-panel-luxe-top#BlkWhite,hard
Tia,the-cut-out-shoulder-blouse#Black,the-panel-luxe-top#SilvWhite,hard
Tia,the-cut-out-shoulder-blouse#Black,fundamental-stripe-long-sleeve-tee#WhiteBlack,random
Palatina,cascade-hood-top#Black,cara-tee-2#Blush,hard
Palatina,cascade-hood-top#Black,cara-tee-2#WhiteBlk,hard
Palatina,cascade-hood-top#Black,belle-ls-free-fall-tee#Greenland,random
Mae-Lee,the-short-sleeve-wrap-jersey-top#NavyWhite,side-buttoned-sweater#Buttoned,hard
Mae-Lee,the-short-sleeve-wrap-jersey-top#NavyWhite,voyager-stripe-crew#Stripe,hard
Mae-Lee,the-short-sleeve-wrap-jersey-top#NavyWhite,milan-stretch-top#NavyWhtStr,random
Madeline,cara-tee-4#White,voyager-stripe-crew#Stripe,hard
Madeline,cara-tee-4#White,makeover-blouse#LimeGreen,hard
Madeline,cara-tee-4#White,the-drape-tee-1#White,random
Monique,linen-cotton-shirt#White,voyager-stripe-crew#Stripe,hard
Monique,linen-cotton-shirt#White,makeover-blouse#LimeGreen,hard
Monique,linen-cotton-shirt#White,34-sleeve-shirt-1#SkyWhite,random
Laura,the-cut-out-shoulder-blouse#Silver,cara-tee-2#Blush,hard
Laura,the-cut-out-shoulder-blouse#Silver,cara-tee-2#WhiteBlk,hard
Laura,the-cut-out-shoulder-blouse#Silver,cascade-hood-top#Black,random
Marnee,the-drape-tee-1#Navy,natural-textured-poncho#Deeprain,hard
Marnee,the-drape-tee-1#Navy,voyager-stripe-crew#Stripe,hard
Marnee,the-drape-tee-1#Navy,mila-knit-cardigan#Black,random
Nadine,in-transit-cardi#Navy,makeover-blouse#LimeGreen,hard
Nadine,in-transit-cardi#Navy,pure-merino-fine-rib-v-neck#Charcoal,hard
Nadine,in-transit-cardi#Navy,the-longline-cardi-1#GreyMarle,random
Marnee,sugar-snaps-throw-jacket#Duckegg,natural-textured-poncho#Deeprain,hard
Marnee,sugar-snaps-throw-jacket#Duckegg,voyager-stripe-crew#Stripe,hard
Marnee,sugar-snaps-throw-jacket#Duckegg,tracie-top#Black,random
Marnee,butterfly-kisses-tee#Green,natural-textured-poncho#Deeprain,hard
Marnee,butterfly-kisses-tee#Green,voyager-stripe-crew#Stripe,hard
Marnee,butterfly-kisses-tee#Green,panelled-stripe-top#NavyWhite,random
Jess,belle-tie-neck-blouse-tee#RoyalBlue,cara-tee-2#Blush,hard
Jess,belle-tie-neck-blouse-tee#RoyalBlue,cara-tee-2#WhiteBlk,hard
Jess,belle-tie-neck-blouse-tee#RoyalBlue,the-flutter-sleeve-top#SnakePrint,random
Maddy,the-cotton-bamboo-tee#DustyPink,natural-textured-poncho#Deeprain,hard
Maddy,the-cotton-bamboo-tee#DustyPink,voyager-stripe-crew#Stripe,hard
Maddy,the-cotton-bamboo-tee#DustyPink,hacienda-tunic-pushkar#Cornflower,random
Amanda,the-cosy-cardigan#Blue,natural-textured-poncho#Deeprain,hard
Amanda,the-cosy-cardigan#Blue,voyager-stripe-crew#Stripe,hard
Amanda,the-cosy-cardigan#Blue,manhattan-stretch-tee#Navy,random
Palatina,falling-for-you-cardi#Mustard,cara-tee-2#Blush,hard
Palatina,falling-for-you-cardi#Mustard,cara-tee-2#WhiteBlk,hard
Palatina,falling-for-you-cardi#Mustard,nature-ls-top#BlueGum,random
Summer,tia-boyfriend-shirt#White,voyager-stripe-crew#Stripe,hard
Summer,tia-boyfriend-shirt#White,natural-textured-poncho#Deeprain,hard
Summer,tia-boyfriend-shirt#White,diva-ruffle-jumper#Gold%20Spot,random
Jess,the-stitch-detail-top#SkyBlue,cara-tee-2#Blush,hard
Jess,the-stitch-detail-top#SkyBlue,cara-tee-2#WhiteBlk,hard
Jess,the-stitch-detail-top#SkyBlue,the-belle-sleeve-print-top#NavyPrint,random
Summer,fundamental-rib-long-sleeve-tee#Black,voyager-stripe-crew#Stripe,hard
Summer,fundamental-rib-long-sleeve-tee#Black,natural-textured-poncho#Deeprain,hard
Summer,fundamental-rib-long-sleeve-tee#Black,sugar-snaps-layers-tank#Mint,random
Chelsea,reversible-stripe-vee-scoop-neck-tank#BlackWhite,voyager-stripe-crew#Stripe,hard
Chelsea,reversible-stripe-vee-scoop-neck-tank#BlackWhite,makeover-blouse#LimeGreen,hard
Chelsea,reversible-stripe-vee-scoop-neck-tank#BlackWhite,cable-knit-sweater#Camel,random
Fiona,the-panel-luxe-top#SilvWhite,natural-textured-poncho#Deeprain,hard
Fiona,the-panel-luxe-top#SilvWhite,wonderland-blouse#Ink,hard
Fiona,the-panel-luxe-top#SilvWhite,fundamental-sydney-crew#GreyMarle,random
Fiona,the-panel-luxe-top#BlkWhite,natural-textured-poncho#Deeprain,hard
Fiona,the-panel-luxe-top#BlkWhite,wonderland-blouse#Ink,hard
Fiona,the-panel-luxe-top#BlkWhite,hacienda-tunic-pushkar#Cornflower,random
Jess,long-sleeve-softly-swinging-bamboo-tee#Copper,cara-tee-2#Blush,hard
Jess,long-sleeve-softly-swinging-bamboo-tee#Copper,cara-tee-2#WhiteBlk,hard
Jess,long-sleeve-softly-swinging-bamboo-tee#Copper,the-midi-waterfall-cardi#BlueMarle,random
Perrie,ditzy-floral-ruffle-blouse#DitzyFlora,natural-textured-poncho#Deeprain,hard
Perrie,ditzy-floral-ruffle-blouse#DitzyFlora,voyager-stripe-crew#Stripe,hard
Perrie,ditzy-floral-ruffle-blouse#DitzyFlora,2-in-1-layered-top-1#PinkWhite,random
Alex,the-cotton-bamboo-tee#DustyPink,voyager-stripe-crew#Stripe,hard
Alex,the-cotton-bamboo-tee#DustyPink,makeover-blouse#LimeGreen,hard
Alex,the-cotton-bamboo-tee#DustyPink,grace-oversized-knit#StoneBlack,random
Mae-Lee,softly-swinging-bamboo-tee#Cashew,side-buttoned-sweater#Buttoned,hard
Mae-Lee,softly-swinging-bamboo-tee#Cashew,voyager-stripe-crew#Stripe,hard
Mae-Lee,softly-swinging-bamboo-tee#Cashew,the-reversible-cowl-neck-top-2#Ocean,random
Emma,printed-tunic-7#RedCheck,voyager-stripe-crew#Stripe,hard
Emma,printed-tunic-7#RedCheck,makeover-blouse#LimeGreen,hard
Emma,printed-tunic-7#RedCheck,holly-rib-long-sleeve-tee#Khaki,random
Emma,the-drape-tee-1#Navy,voyager-stripe-crew#Stripe,hard
Emma,the-drape-tee-1#Navy,makeover-blouse#LimeGreen,hard
Emma,the-drape-tee-1#Navy,the-cut-out-shoulder-blouse#Blue,random
Maddy,the-sleeveless-cross-over-blouse#White,natural-textured-poncho#Deeprain,hard
Maddy,the-sleeveless-cross-over-blouse#White,voyager-stripe-crew#Stripe,hard
Maddy,the-sleeveless-cross-over-blouse#White,tie-back-bell-sleeve-top-5#Summerbud,random
Riina,the-longline-waterfall-cardi#Black,voyager-stripe-crew#Stripe,hard
Riina,the-longline-waterfall-cardi#Black,makeover-blouse#LimeGreen,hard
Riina,the-longline-waterfall-cardi#Black,half-sleeve-fluffy-knit#Ivory,random
Mae-Lee,the-sleeveless-cross-over-blouse#Black,side-buttoned-sweater#Buttoned,hard
Mae-Lee,the-sleeveless-cross-over-blouse#Black,voyager-stripe-crew#Stripe,hard
Mae-Lee,the-sleeveless-cross-over-blouse#Black,belle-nautical-applique-tee#BlueStripe,random
Natalie,the-wrap-jersey-top#PortSpot,natural-textured-poncho#Deeprain,hard
Natalie,the-wrap-jersey-top#PortSpot,voyager-stripe-crew#Stripe,hard
Natalie,the-wrap-jersey-top#PortSpot,falling-for-you-cardi#Khaki,random
Maddy,the-everyday-shirt#Cream,natural-textured-poncho#Deeprain,hard
Maddy,the-everyday-shirt#Cream,voyager-stripe-crew#Stripe,hard
Maddy,the-everyday-shirt#Cream,be-mine-top-1#Sage,random
Sophie,the-zip-front-blouse#Khaki,side-buttoned-sweater#Buttoned,hard
Sophie,the-zip-front-blouse#Khaki,the-tie-front-top#Navy,hard
Sophie,the-zip-front-blouse#Khaki,relaxed-cape#WhiteBlack,random
Georgia,softly-swinging-bamboo-tee#Black,voyager-stripe-crew#Stripe,hard
Georgia,softly-swinging-bamboo-tee#Black,makeover-blouse#LimeGreen,hard
Georgia,softly-swinging-bamboo-tee#Black,tutti-frutti-drop-shoulder-tee#Orange,random
Riina,neptune-top-1#PrimBlack,voyager-stripe-crew#Stripe,hard
Riina,neptune-top-1#PrimBlack,makeover-blouse#LimeGreen,hard
Riina,neptune-top-1#PrimBlack,the-bonded-cotton-tunic-dress#Navy,random
Anna Maria,the-belle-sleeve-print-top#NavyPrint,natural-textured-poncho#Deeprain,hard
Anna Maria,the-belle-sleeve-print-top#NavyPrint,voyager-stripe-crew#Stripe,hard
Anna Maria,the-belle-sleeve-print-top#NavyPrint,the-crossover-button-blouse-1#Ornate,random
Denniel,the-cut-out-shoulder-blouse#White,natural-textured-poncho#Deeprain,hard
Denniel,the-cut-out-shoulder-blouse#White,voyager-stripe-crew#Stripe,hard
Denniel,the-cut-out-shoulder-blouse#White,rise-top#Ink,random
Jess,the-sleeveless-cross-over-blouse#Chambray,cara-tee-2#Blush,hard
Jess,the-sleeveless-cross-over-blouse#Chambray,cara-tee-2#WhiteBlk,hard
Jess,the-sleeveless-cross-over-blouse#Chambray,billow-top#Peach,random
Georgia,butterfly-kisses-tee#Stripe,voyager-stripe-crew#Stripe,hard
Georgia,butterfly-kisses-tee#Stripe,makeover-blouse#LimeGreen,hard
Georgia,butterfly-kisses-tee#Stripe,the-crossover-button-blouse-1#Ornate,random
Fiona,the-contrast-trim-knit#BlackWhite,natural-textured-poncho#Deeprain,hard
Fiona,the-contrast-trim-knit#BlackWhite,wonderland-blouse#Ink,hard
Fiona,the-contrast-trim-knit#BlackWhite,falling-for-you-tunic#Rust,random
Emma,rosie-bell-sleeve-denim-shirt#Stripe,voyager-stripe-crew#Stripe,hard
Emma,rosie-bell-sleeve-denim-shirt#Stripe,makeover-blouse#LimeGreen,hard
Emma,rosie-bell-sleeve-denim-shirt#Stripe,natural-overlay-knit#Greybloss,random
Marnee,beach-walk-shirt#Stormy,natural-textured-poncho#Deeprain,hard
Marnee,beach-walk-shirt#Stormy,voyager-stripe-crew#Stripe,hard
Marnee,beach-walk-shirt#Stormy,spliced-stripe-tunic#Navy,random
Kate,runaway-top#JetBlack,natural-textured-poncho#Deeprain,hard
Kate,runaway-top#JetBlack,animal-button-up-shirt#KhakiPrint,hard
Kate,runaway-top#JetBlack,relaxed-cape#WhiteBlack,random
Georgia,sunshine-in-me-tee-1#GreyMarle,voyager-stripe-crew#Stripe,hard
Georgia,sunshine-in-me-tee-1#GreyMarle,makeover-blouse#LimeGreen,hard
Georgia,sunshine-in-me-tee-1#GreyMarle,the-stripe-pocket-tank#Stripe,random
Marnee,sugar-snaps-layers-tank#White,natural-textured-poncho#Deeprain,hard
Marnee,sugar-snaps-layers-tank#White,voyager-stripe-crew#Stripe,hard
Marnee,sugar-snaps-layers-tank#White,layer-me-bamboo-rouched-sleeve-tee#Black,random
Jess,sailaway-blouse#OxfordBlue,cara-tee-2#Blush,hard
Jess,sailaway-blouse#OxfordBlue,cara-tee-2#WhiteBlk,hard
Jess,sailaway-blouse#OxfordBlue,indi-crosover-front-blouse#MixedStrip,random
Jess,lenka-lurex-stripe-blouse#NavyGoldSt,cara-tee-2#Blush,hard
Jess,lenka-lurex-stripe-blouse#NavyGoldSt,cara-tee-2#WhiteBlk,hard
Jess,lenka-lurex-stripe-blouse#NavyGoldSt,daylight-cardi#Silver,random
Tia,softly-swinging-bamboo-tee#Jewel,the-panel-luxe-top#BlkWhite,hard
Tia,softly-swinging-bamboo-tee#Jewel,the-panel-luxe-top#SilvWhite,hard
Tia,softly-swinging-bamboo-tee#Jewel,the-reverse-sleeve-sweater#Navy,random
Laura,belle-v-neck-forgiver-tunic#Scarlett,cara-tee-2#Blush,hard
Laura,belle-v-neck-forgiver-tunic#Scarlett,cara-tee-2#WhiteBlk,hard
Laura,belle-v-neck-forgiver-tunic#Scarlett,belle-poncho-sleeved-knit#BlueMarle,random
Ljubenka,belle-flute-sleeve-tee#Navy,the-uneven-hem-knit-1#Sage,hard
Ljubenka,belle-flute-sleeve-tee#Navy,natural-textured-poncho#Deeprain,hard
Ljubenka,belle-flute-sleeve-tee#Navy,moonlight-kisses-bamboo-tee#Saffron,random
Sophie,the-define-flute-sleeve-blouse#Black,side-buttoned-sweater#Buttoned,hard
Sophie,the-define-flute-sleeve-blouse#Black,the-tie-front-top#Navy,hard
Sophie,the-define-flute-sleeve-blouse#Black,belle-mesh-cardi#Black,random
Emma,sugar-snaps-layers-tank#Black,voyager-stripe-crew#Stripe,hard
Emma,sugar-snaps-layers-tank#Black,makeover-blouse#LimeGreen,hard
Emma,sugar-snaps-layers-tank#Black,the-tie-detail-hoody#Pink,random
Riina,the-ruffle-sleeve-sweat#KhakiMarle,voyager-stripe-crew#Stripe,hard
Riina,the-ruffle-sleeve-sweat#KhakiMarle,makeover-blouse#LimeGreen,hard
Riina,the-ruffle-sleeve-sweat#KhakiMarle,ruffle-top-4#Terracotta,random
Natalia,marquax-tunic#OnyxSpeck,voyager-stripe-crew#Stripe,hard
Natalia,marquax-tunic#OnyxSpeck,makeover-blouse#LimeGreen,hard
Natalia,marquax-tunic#OnyxSpeck,paradising-buttoned-shirt#Wheat,random
Amanda,the-essential-layering-tee#Ink,natural-textured-poncho#Deeprain,hard
Amanda,the-essential-layering-tee#Ink,voyager-stripe-crew#Stripe,hard
Amanda,the-essential-layering-tee#Ink,spliced-stripe-tunic#Navy,random
Laura,spot-layered-tee#Blue,cara-tee-2#Blush,hard
Laura,spot-layered-tee#Blue,cara-tee-2#WhiteBlk,hard
Laura,spot-layered-tee#Blue,first-mix-top-1#BlackWhite,random
Sophie,long-sleeve-softly-swinging-bamboo-tee#TeaRose,side-buttoned-sweater#Buttoned,hard
Sophie,long-sleeve-softly-swinging-bamboo-tee#TeaRose,the-tie-front-top#Navy,hard
Sophie,long-sleeve-softly-swinging-bamboo-tee#TeaRose,jordan-top#PearlBlue,random
Laura,sugar-snaps-layers-tank#NewBeige,cara-tee-2#Blush,hard
Laura,sugar-snaps-layers-tank#NewBeige,cara-tee-2#WhiteBlk,hard
Laura,sugar-snaps-layers-tank#NewBeige,cross-over-top-with-pocket#Emerald,random
Emma,striped-sleeve-sweater#Striped,voyager-stripe-crew#Stripe,hard
Emma,striped-sleeve-sweater#Striped,makeover-blouse#LimeGreen,hard
Emma,striped-sleeve-sweater#Striped,the-swing-tank-top#Rose,random
Jude,curve-hem-cable-knit-sweater-1#Sapphire,voyager-stripe-crew#Stripe,hard
Jude,curve-hem-cable-knit-sweater-1#Sapphire,makeover-blouse#LimeGreen,hard
Jude,curve-hem-cable-knit-sweater-1#Sapphire,natural-rolled-neck-tunic#BlueDam,random
Laura,softly-swinging-bamboo-singlet#BlueJean,cara-tee-2#Blush,hard
Laura,softly-swinging-bamboo-singlet#BlueJean,cara-tee-2#WhiteBlk,hard
Laura,softly-swinging-bamboo-singlet#BlueJean,ditzy-floral-ruffle-blouse#DitzyFlora,random
Laura,sugar-snaps-layers-tank#DeepCobalt,cara-tee-2#Blush,hard
Laura,sugar-snaps-layers-tank#DeepCobalt,cara-tee-2#WhiteBlk,hard
Laura,sugar-snaps-layers-tank#DeepCobalt,lake-house-top#CoalPrint,random
Anna,milan-stretch-top#NavyWhtStr,voyager-stripe-crew#Stripe,hard
Anna,milan-stretch-top#NavyWhtStr,makeover-blouse#LimeGreen,hard
Anna,milan-stretch-top#NavyWhtStr,the-open-sleeve-blouse#Berry,random
Anna,the-short-sleeve-wrap-jersey-top#Emerald,voyager-stripe-crew#Stripe,hard
Anna,the-short-sleeve-wrap-jersey-top#Emerald,makeover-blouse#LimeGreen,hard
Anna,the-short-sleeve-wrap-jersey-top#Emerald,the-twist-front-top#Grey,random
Ljubenka,the-cross-over-blouse#White,the-uneven-hem-knit-1#Sage,hard
Ljubenka,the-cross-over-blouse#White,natural-textured-poncho#Deeprain,hard
Ljubenka,the-cross-over-blouse#White,belle-cowl-swing-sweater#Black,random
Mae-Lee,long-sleeve-softly-swinging-bamboo-tee#SilverScon,side-buttoned-sweater#Buttoned,hard
Mae-Lee,long-sleeve-softly-swinging-bamboo-tee#SilverScon,voyager-stripe-crew#Stripe,hard
Mae-Lee,long-sleeve-softly-swinging-bamboo-tee#SilverScon,the-essential-pullover#SkyBlue,random
Stacey,foil-spot-jumper#SilverDot,makeover-blouse#LimeGreen,hard
Stacey,foil-spot-jumper#SilverDot,cara-tee-2#Blush,hard
Stacey,foil-spot-jumper#SilverDot,aldis-blouse#Pearl,random
Jess,falling-for-you-cardi#GreyMarle,cara-tee-2#Blush,hard
Jess,falling-for-you-cardi#GreyMarle,cara-tee-2#WhiteBlk,hard
Jess,falling-for-you-cardi#GreyMarle,under-the-stars-blouse#Petal,random
Emma,long-sleeve-softly-swinging-bamboo-tee#Smoke,voyager-stripe-crew#Stripe,hard
Emma,long-sleeve-softly-swinging-bamboo-tee#Smoke,makeover-blouse#LimeGreen,hard
Emma,long-sleeve-softly-swinging-bamboo-tee#Smoke,bo-cosy-cardigan#Blossom,random
Tia,dahlia-lace-trim-blouse#Dusk,the-panel-luxe-top#BlkWhite,hard
Tia,dahlia-lace-trim-blouse#Dusk,the-panel-luxe-top#SilvWhite,hard
Tia,dahlia-lace-trim-blouse#Dusk,sugar-snaps-round-neck-layer-tank#White,random
Maddy,the-short-sleeve-wrap-jersey-top#Emerald,natural-textured-poncho#Deeprain,hard
Maddy,the-short-sleeve-wrap-jersey-top#Emerald,voyager-stripe-crew#Stripe,hard
Maddy,the-short-sleeve-wrap-jersey-top#Emerald,layered-tunic-1#White,random
Jess,sunshine-in-me-tee-1#White,cara-tee-2#Blush,hard
Jess,sunshine-in-me-tee-1#White,cara-tee-2#WhiteBlk,hard
Jess,sunshine-in-me-tee-1#White,clio-knit-jumper#Black,random
Fiona,the-stripe-jersey-top#Pink,natural-textured-poncho#Deeprain,hard
Fiona,the-stripe-jersey-top#Pink,wonderland-blouse#Ink,hard
Fiona,the-stripe-jersey-top#Pink,rib-tank-2#Khaki,random
Monique,the-cotton-bamboo-tank#DarkNavy,voyager-stripe-crew#Stripe,hard
Monique,the-cotton-bamboo-tank#DarkNavy,makeover-blouse#LimeGreen,hard
Monique,the-cotton-bamboo-tank#DarkNavy,batty-about-you-cotton-tee#BlkWhite,random
Madeline,karmen-top#HighRiskRe,voyager-stripe-crew#Stripe,hard
Madeline,karmen-top#HighRiskRe,makeover-blouse#LimeGreen,hard
Madeline,karmen-top#HighRiskRe,sugar-snaps-layers-tank#Red,random
Amanda,the-oversize-knit#Ink,natural-textured-poncho#Deeprain,hard
Amanda,the-oversize-knit#Ink,voyager-stripe-crew#Stripe,hard
Amanda,the-oversize-knit#Ink,annabelle-sweater#Midnight,random
Laura,milan-stretch-top#White,cara-tee-2#Blush,hard
Laura,milan-stretch-top#White,cara-tee-2#WhiteBlk,hard
Laura,milan-stretch-top#White,the-zip-detail-jacket#Grey,random
Laura,waterfall-cardi-1#Black,cara-tee-2#Blush,hard
Laura,waterfall-cardi-1#Black,cara-tee-2#WhiteBlk,hard
Laura,waterfall-cardi-1#Black,the-cosy-cardigan#Grey,random
Emma,viola-kimono-radiant-floral#Grey,voyager-stripe-crew#Stripe,hard
Emma,viola-kimono-radiant-floral#Grey,makeover-blouse#LimeGreen,hard
Emma,viola-kimono-radiant-floral#Grey,cara-tee-4#White,random
Mae-Lee,falling-for-you-top#Blue,side-buttoned-sweater#Buttoned,hard
Mae-Lee,falling-for-you-top#Blue,voyager-stripe-crew#Stripe,hard
Mae-Lee,falling-for-you-top#Blue,bo-cosy-cardigan#Blossom,random
Miranda,the-define-flute-sleeve-blouse#Black,voyager-stripe-crew#Stripe,hard
Miranda,the-define-flute-sleeve-blouse#Black,makeover-blouse#LimeGreen,hard
Miranda,the-define-flute-sleeve-blouse#Black,foil-2-in-1-spot-top#Charcoal,random
Gemma,napoleon-top-1#NemoBlue,voyager-stripe-crew#Stripe,hard
Gemma,napoleon-top-1#NemoBlue,makeover-blouse#LimeGreen,hard
Gemma,napoleon-top-1#NemoBlue,print-tee-3#Music,random
Stefania,the-daily-essential-jumper#Grey,voyager-stripe-crew#Stripe,hard
Stefania,the-daily-essential-jumper#Grey,makeover-blouse#LimeGreen,hard
Stefania,the-daily-essential-jumper#Grey,york-linen-blend-top#BurntOrang,random
Nadine,frost-cardigan#Mauvewoo,makeover-blouse#LimeGreen,hard
Nadine,frost-cardigan#Mauvewoo,pure-merino-fine-rib-v-neck#Charcoal,hard
Nadine,frost-cardigan#Mauvewoo,belle-half-sleeve-forgiver-tunic#BlueBonnet,random
Miranda,the-cross-over-printed-blouse#Leopard,voyager-stripe-crew#Stripe,hard
Miranda,the-cross-over-printed-blouse#Leopard,makeover-blouse#LimeGreen,hard
Miranda,the-cross-over-printed-blouse#Leopard,ruffle-hem-jersey-top#Pink,random
Riina,the-high-low-drape-tee#Grey,voyager-stripe-crew#Stripe,hard
Riina,the-high-low-drape-tee#Grey,makeover-blouse#LimeGreen,hard
Riina,the-high-low-drape-tee#Grey,holly-rib-long-sleeve-tee#Khaki,random
Mercy,belle-cowl-swing-sweater#Black,voyager-stripe-crew#Stripe,hard
Mercy,belle-cowl-swing-sweater#Black,makeover-blouse#LimeGreen,hard
Mercy,belle-cowl-swing-sweater#Black,baobab-sweater#Bark,random
Sophie,the-contrast-panel-top#BlkStripe,side-buttoned-sweater#Buttoned,hard
Sophie,the-contrast-panel-top#BlkStripe,the-tie-front-top#Navy,hard
Sophie,the-contrast-panel-top#BlkStripe,2-in-1-jumper#Navy,random
Riina,the-oversize-knit#Ink,voyager-stripe-crew#Stripe,hard
Riina,the-oversize-knit#Ink,makeover-blouse#LimeGreen,hard
Riina,the-oversize-knit#Ink,maui-stretch-tee#White,random
Laura,melbourne-stretch-cardigan#Black,cara-tee-2#Blush,hard
Laura,melbourne-stretch-cardigan#Black,cara-tee-2#WhiteBlk,hard
Laura,melbourne-stretch-cardigan#Black,elcos-top#LightGrey,random
Chesska,midtown-ruffle-shirt#BoldRed,voyager-stripe-crew#Stripe,hard
Chesska,midtown-ruffle-shirt#BoldRed,makeover-blouse#LimeGreen,hard
Chesska,midtown-ruffle-shirt#BoldRed,the-stella-tee#Marine,random
Sophia,the-daily-cross-over-top#PinkPrint,cara-tee-2#Blush,hard
Sophia,the-daily-cross-over-top#PinkPrint,cara-tee-2#WhiteBlk,hard
Sophia,the-daily-cross-over-top#PinkPrint,nature-ls-top#BlueGum,random
Chelsea,leah-knit-cardigan#Black,voyager-stripe-crew#Stripe,hard
Chelsea,leah-knit-cardigan#Black,makeover-blouse#LimeGreen,hard
Chelsea,leah-knit-cardigan#Black,peasant-top-3#Denim,random
Lauren,belle-half-sleeve-boat-tee#White,side-buttoned-sweater#Buttoned,hard
Lauren,belle-half-sleeve-boat-tee#White,voyager-stripe-crew#Stripe,hard
Lauren,belle-half-sleeve-boat-tee#White,spot-layered-tee#Blue,random
Helen,picnic-top#BlackWhite,voyager-stripe-crew#Stripe,hard
Helen,picnic-top#BlackWhite,makeover-blouse#LimeGreen,hard
Helen,picnic-top#BlackWhite,the-bell-sleeve-top#Grey,random
Laura,flow-with-me-slouch-top#Brick,cara-tee-2#Blush,hard
Laura,flow-with-me-slouch-top#Brick,cara-tee-2#WhiteBlk,hard
Laura,flow-with-me-slouch-top#Brick,elcos-top#LightGrey,random
Ljubenka,softly-swinging-bamboo-tee#Black,the-uneven-hem-knit-1#Sage,hard
Ljubenka,softly-swinging-bamboo-tee#Black,natural-textured-poncho#Deeprain,hard
Ljubenka,softly-swinging-bamboo-tee#Black,baobab-sweater#Bark,random
Laura,falling-for-you-cardi#Rust,cara-tee-2#Blush,hard
Laura,falling-for-you-cardi#Rust,cara-tee-2#WhiteBlk,hard
Laura,falling-for-you-cardi#Rust,off-shoulder-top-2#FloraLace,random
Anna Maria,falling-for-you-cardi#Navy,natural-textured-poncho#Deeprain,hard
Anna Maria,falling-for-you-cardi#Navy,voyager-stripe-crew#Stripe,hard
Anna Maria,falling-for-you-cardi#Navy,the-soft-overlay-top#Pink,random
Nathalie,runaway-top#SoftPink,voyager-stripe-crew#Stripe,hard
Nathalie,runaway-top#SoftPink,makeover-blouse#LimeGreen,hard
Nathalie,runaway-top#SoftPink,the-batwing-tee#FrenchBlue,random
Mercy,aztec-cardigan#Orange,voyager-stripe-crew#Stripe,hard
Mercy,aztec-cardigan#Orange,makeover-blouse#LimeGreen,hard
Mercy,aztec-cardigan#Orange,open-plains-kimono-throw-1#Rust,random
Perrie,the-bamboo-tunic-dress#Khaki,natural-textured-poncho#Deeprain,hard
Perrie,the-bamboo-tunic-dress#Khaki,voyager-stripe-crew#Stripe,hard
Perrie,the-bamboo-tunic-dress#Khaki,softly-falling-bamboo-tunic#Copper,random
Tia,sugar-snaps-layers-tank#Blue,the-panel-luxe-top#BlkWhite,hard
Tia,sugar-snaps-layers-tank#Blue,the-panel-luxe-top#SilvWhite,hard
Tia,sugar-snaps-layers-tank#Blue,messina-v-neck-tee#Black,random
Nikki,jasmine-singlet#White,natural-textured-poncho#Deeprain,hard
Nikki,jasmine-singlet#White,voyager-stripe-crew#Stripe,hard
Nikki,jasmine-singlet#White,natural-crossover-knit-1#Stormcloud,random
Stefania,the-relaxed-batwing-top#Denim%20Blue,voyager-stripe-crew#Stripe,hard
Stefania,the-relaxed-batwing-top#Denim%20Blue,makeover-blouse#LimeGreen,hard
Stefania,the-relaxed-batwing-top#Denim%20Blue,the-cut-out-shoulder-blouse#White,random
Laura,softly-swinging-bamboo-tee#Starfish,cara-tee-2#Blush,hard
Laura,softly-swinging-bamboo-tee#Starfish,cara-tee-2#WhiteBlk,hard
Laura,softly-swinging-bamboo-tee#Starfish,the-linen-tie-sleeve-top#GreyMarle,random
Mae-Lee,belle-v-neck-forgiver-tunic#ArmyGreen,side-buttoned-sweater#Buttoned,hard
Mae-Lee,belle-v-neck-forgiver-tunic#ArmyGreen,voyager-stripe-crew#Stripe,hard
Mae-Lee,belle-v-neck-forgiver-tunic#ArmyGreen,crosses-jumper#xmyheart,random
Tia,sugar-snaps-layers-tank#White,the-panel-luxe-top#BlkWhite,hard
Tia,sugar-snaps-layers-tank#White,the-panel-luxe-top#SilvWhite,hard
Tia,sugar-snaps-layers-tank#White,the-stripe-button-through-top#Coral,random
Mae-Lee,layered-tee-2#Black,side-buttoned-sweater#Buttoned,hard
Mae-Lee,layered-tee-2#Black,voyager-stripe-crew#Stripe,hard
Mae-Lee,layered-tee-2#Black,vivian-blouse#Check,random
Tia,sugar-snaps-layers-tank#PeachyKeen,the-panel-luxe-top#BlkWhite,hard
Tia,sugar-snaps-layers-tank#PeachyKeen,the-panel-luxe-top#SilvWhite,hard
Tia,sugar-snaps-layers-tank#PeachyKeen,sky-shirt#Clouds,random
Fiona,flow-with-me-slouch-top#Brick,natural-textured-poncho#Deeprain,hard
Fiona,flow-with-me-slouch-top#Brick,wonderland-blouse#Ink,hard
Fiona,flow-with-me-slouch-top#Brick,the-long-sleeve-scoop-neck-tee#White,random
Summer,the-bamboo-tunic-dress#Khaki,voyager-stripe-crew#Stripe,hard
Summer,the-bamboo-tunic-dress#Khaki,natural-textured-poncho#Deeprain,hard
Summer,the-bamboo-tunic-dress#Khaki,woolly-spotted-hoodie#Navy,random
Marnee,the-cotton-bamboo-tank#Moonbeam,natural-textured-poncho#Deeprain,hard
Marnee,the-cotton-bamboo-tank#Moonbeam,voyager-stripe-crew#Stripe,hard
Marnee,the-cotton-bamboo-tank#Moonbeam,the-reverse-sleeve-sweater#Navy,random
Chelsea,the-cotton-bamboo-ls-top#Black,voyager-stripe-crew#Stripe,hard
Chelsea,the-cotton-bamboo-ls-top#Black,makeover-blouse#LimeGreen,hard
Chelsea,the-cotton-bamboo-ls-top#Black,janet-frill-shirt#White,random
Jess,freya-fringe-blouse#Navy,cara-tee-2#Blush,hard
Jess,freya-fringe-blouse#Navy,cara-tee-2#WhiteBlk,hard
Jess,freya-fringe-blouse#Navy,grace-oversized-knit#StoneBlack,random
Natalia,the-crossover-button-blouse-1#Ornate,voyager-stripe-crew#Stripe,hard
Natalia,the-crossover-button-blouse-1#Ornate,makeover-blouse#LimeGreen,hard
Natalia,the-crossover-button-blouse-1#Ornate,birds-tee-1#Navy,random
Alex,the-batwing-tee#Stone,voyager-stripe-crew#Stripe,hard
Alex,the-batwing-tee#Stone,makeover-blouse#LimeGreen,hard
Alex,the-batwing-tee#Stone,great-scot-merino-carcoat#Twilight,random
Marnee,moonlight-kisses-bamboo-tee#White,natural-textured-poncho#Deeprain,hard
Marnee,moonlight-kisses-bamboo-tee#White,voyager-stripe-crew#Stripe,hard
Marnee,moonlight-kisses-bamboo-tee#White,wellington-tee#Olive,random
Mae-Lee,belle-half-sleeve-forgiver-tunic#BlueBonnet,side-buttoned-sweater#Buttoned,hard
Mae-Lee,belle-half-sleeve-forgiver-tunic#BlueBonnet,voyager-stripe-crew#Stripe,hard
Mae-Lee,belle-half-sleeve-forgiver-tunic#BlueBonnet,cara-tee-4#Black,random
Maddy,pulkari-emb-top#Pulkari,natural-textured-poncho#Deeprain,hard
Maddy,pulkari-emb-top#Pulkari,voyager-stripe-crew#Stripe,hard
Maddy,pulkari-emb-top#Pulkari,foil-2-in-1-spot-top#Charcoal,random
Tia,the-everyday-shirt#Midnight,the-panel-luxe-top#BlkWhite,hard
Tia,the-everyday-shirt#Midnight,the-panel-luxe-top#SilvWhite,hard
Tia,the-everyday-shirt#Midnight,moonlight-kisses-bamboo-tee#Saffron,random
Ljubenka,belle-half-sleeve-forgiver-tunic#MutedClay,the-uneven-hem-knit-1#Sage,hard
Ljubenka,belle-half-sleeve-forgiver-tunic#MutedClay,natural-textured-poncho#Deeprain,hard
Ljubenka,belle-half-sleeve-forgiver-tunic#MutedClay,the-asymmetrical-hem-sweater#Blush,random
Fiona,the-twist-front-top#Grey,natural-textured-poncho#Deeprain,hard
Fiona,the-twist-front-top#Grey,wonderland-blouse#Ink,hard
Fiona,the-twist-front-top#Grey,coil-print-hi-lo-shirt#White,random
Jess,falling-for-you-cardi#Khaki,cara-tee-2#Blush,hard
Jess,falling-for-you-cardi#Khaki,cara-tee-2#WhiteBlk,hard
Jess,falling-for-you-cardi#Khaki,the-contrast-panel-top#SageStripe,random
Rosaline,batty-about-you-cotton-tee#BlkWhite,voyager-stripe-crew#Stripe,hard
Rosaline,batty-about-you-cotton-tee#BlkWhite,makeover-blouse#LimeGreen,hard
Rosaline,batty-about-you-cotton-tee#BlkWhite,belle-off-the-shoulder-tee#Stripe,random
Clementine,sugar-snaps-layers-tank#Blue,voyager-stripe-crew#Stripe,hard
Clementine,sugar-snaps-layers-tank#Blue,makeover-blouse#LimeGreen,hard
Clementine,sugar-snaps-layers-tank#Blue,layer-me-bamboo-rouched-sleeve-tee#Copper,random
Stacey,the-panel-hem-top#DenimMarle,makeover-blouse#LimeGreen,hard
Stacey,the-panel-hem-top#DenimMarle,cara-tee-2#Blush,hard
Stacey,the-panel-hem-top#DenimMarle,sugar-snaps-layers-tank#White,random
Fiona,sunshine-in-me-tee-1#GreyMarle,natural-textured-poncho#Deeprain,hard
Fiona,sunshine-in-me-tee-1#GreyMarle,wonderland-blouse#Ink,hard
Fiona,sunshine-in-me-tee-1#GreyMarle,cotton-modal-print-top#PinkNavy,random
Tia,the-cotton-bamboo-tank#White,the-panel-luxe-top#BlkWhite,hard
Tia,the-cotton-bamboo-tank#White,the-panel-luxe-top#SilvWhite,hard
Tia,the-cotton-bamboo-tank#White,the-zip-front-blouse#Khaki,random
Clementine,the-everyday-shirt#Pink,voyager-stripe-crew#Stripe,hard
Clementine,the-everyday-shirt#Pink,makeover-blouse#LimeGreen,hard
Clementine,the-everyday-shirt#Pink,kimono-top-36#BlueMarle,random
Gemma,geena-xo-ls-pullover-knit#Allure,voyager-stripe-crew#Stripe,hard
Gemma,geena-xo-ls-pullover-knit#Allure,makeover-blouse#LimeGreen,hard
Gemma,geena-xo-ls-pullover-knit#Allure,neptune-top-1#PrimBlack,random
Fiona,prairie-romance-blouse#Blush,natural-textured-poncho#Deeprain,hard
Fiona,prairie-romance-blouse#Blush,wonderland-blouse#Ink,hard
Fiona,prairie-romance-blouse#Blush,belle-nautical-applique-tee#BlueStripe,random
Sophie,belle-half-sleeve-forgiver-tunic#FlamPink,side-buttoned-sweater#Buttoned,hard
Sophie,belle-half-sleeve-forgiver-tunic#FlamPink,the-tie-front-top#Navy,hard
Sophie,belle-half-sleeve-forgiver-tunic#FlamPink,the-drape-tee-1#Black,random
Perrie,the-short-sleeve-wrap-jersey-top#Emerald,natural-textured-poncho#Deeprain,hard
Perrie,the-short-sleeve-wrap-jersey-top#Emerald,voyager-stripe-crew#Stripe,hard
Perrie,the-short-sleeve-wrap-jersey-top#Emerald,belle-half-sleeve-forgiver-tunic#Black,random
Alex,the-cross-over-blouse#Black,voyager-stripe-crew#Stripe,hard
Alex,the-cross-over-blouse#Black,makeover-blouse#LimeGreen,hard
Alex,the-cross-over-blouse#Black,cooks-shirt#Stripes,random
Jess,prairie-romance-blouse#Blush,cara-tee-2#Blush,hard
Jess,prairie-romance-blouse#Blush,cara-tee-2#WhiteBlk,hard
Jess,prairie-romance-blouse#Blush,lucy-rib-oversized-top#Black,random
Fiona,falling-for-you-cardi#Rust,natural-textured-poncho#Deeprain,hard
Fiona,falling-for-you-cardi#Rust,wonderland-blouse#Ink,hard
Fiona,falling-for-you-cardi#Rust,millie-top#Moss,random
Amanda,the-everyday-shirt#Pink,natural-textured-poncho#Deeprain,hard
Amanda,the-everyday-shirt#Pink,voyager-stripe-crew#Stripe,hard
Amanda,the-everyday-shirt#Pink,belle-tier-tee#Blue,random
Sophia,falling-for-you-cardi#Navy,cara-tee-2#Blush,hard
Sophia,falling-for-you-cardi#Navy,cara-tee-2#WhiteBlk,hard
Sophia,falling-for-you-cardi#Navy,wonderlust-tee#BurntOran,random
Fiona,long-sleeve-ruffle-shirt#White,natural-textured-poncho#Deeprain,hard
Fiona,long-sleeve-ruffle-shirt#White,wonderland-blouse#Ink,hard
Fiona,long-sleeve-ruffle-shirt#White,magnolia-fields-keyhole-blouse#Magnolia,random
Georgia,soft-and-true-tunic#Pine,voyager-stripe-crew#Stripe,hard
Georgia,soft-and-true-tunic#Pine,makeover-blouse#LimeGreen,hard
Georgia,soft-and-true-tunic#Pine,fundamental-sydney-crew#Navy,random
Riina,the-zip-front-blouse#Navy,voyager-stripe-crew#Stripe,hard
Riina,the-zip-front-blouse#Navy,makeover-blouse#LimeGreen,hard
Riina,the-zip-front-blouse#Navy,the-cross-over-blouse#Blue,random
Tia,the-cross-over-blouse#Red,the-panel-luxe-top#BlkWhite,hard
Tia,the-cross-over-blouse#Red,the-panel-luxe-top#SilvWhite,hard
Tia,the-cross-over-blouse#Red,the-pleated-sleeve-top#Sage,random
Anna Maria,the-bell-sleeve-top#BlkStripe,natural-textured-poncho#Deeprain,hard
Anna Maria,the-bell-sleeve-top#BlkStripe,voyager-stripe-crew#Stripe,hard
Anna Maria,the-bell-sleeve-top#BlkStripe,seeker-knot-front-shirt#Olive,random
Gemma,holly-rib-long-sleeve-tee#Black,voyager-stripe-crew#Stripe,hard
Gemma,holly-rib-long-sleeve-tee#Black,makeover-blouse#LimeGreen,hard
Gemma,holly-rib-long-sleeve-tee#Black,the-short-sleeve-wrap-jersey-top#Emerald,random
Nathalie,the-wrap-jersey-top#JetBlack,voyager-stripe-crew#Stripe,hard
Nathalie,the-wrap-jersey-top#JetBlack,makeover-blouse#LimeGreen,hard
Nathalie,the-wrap-jersey-top#JetBlack,the-cotton-bamboo-ls-top#NavyStripe,random
Tia,gloria-applique-crew#Charcoal,the-panel-luxe-top#BlkWhite,hard
Tia,gloria-applique-crew#Charcoal,the-panel-luxe-top#SilvWhite,hard
Tia,gloria-applique-crew#Charcoal,rib-tank-2#Khaki,random
Natalia,falling-for-you-tunic#Rust,voyager-stripe-crew#Stripe,hard
Natalia,falling-for-you-tunic#Rust,makeover-blouse#LimeGreen,hard
Natalia,falling-for-you-tunic#Rust,butterfly-kisses-tee#Stripe,random
Fiona,the-dobby-sleeve-tee#InkBlue,natural-textured-poncho#Deeprain,hard
Fiona,the-dobby-sleeve-tee#InkBlue,wonderland-blouse#Ink,hard
Fiona,the-dobby-sleeve-tee#InkBlue,cara-tee-3#Mustard,random
Stefania,the-contrast-knit-1#Sage,voyager-stripe-crew#Stripe,hard
Stefania,the-contrast-knit-1#Sage,makeover-blouse#LimeGreen,hard
Stefania,the-contrast-knit-1#Sage,out-of-my-mind-scallop-knit#GreyMarle,random
Jude,falling-for-you-cardi#GreyMarle,voyager-stripe-crew#Stripe,hard
Jude,falling-for-you-cardi#GreyMarle,makeover-blouse#LimeGreen,hard
Jude,falling-for-you-cardi#GreyMarle,the-long-sleeve-scoop-neck-tee#Black,random
Tia,capri-tank-3#White,the-panel-luxe-top#BlkWhite,hard
Tia,capri-tank-3#White,the-panel-luxe-top#SilvWhite,hard
Tia,capri-tank-3#White,jordan-top#PearlBlue,random
Emma,block-vest#Blockvest,voyager-stripe-crew#Stripe,hard
Emma,block-vest#Blockvest,makeover-blouse#LimeGreen,hard
Emma,block-vest#Blockvest,lazy-daze-tee#Khaki,random
Katie,sequin-star-tee#Navy,voyager-stripe-crew#Stripe,hard
Katie,sequin-star-tee#Navy,makeover-blouse#LimeGreen,hard
Katie,sequin-star-tee#Navy,splice-knit-1#Multi,random
Stacey,the-bell-sleeve-top#Grey,makeover-blouse#LimeGreen,hard
Stacey,the-bell-sleeve-top#Grey,cara-tee-2#Blush,hard
Stacey,the-bell-sleeve-top#Grey,the-stitch-detail-top#SkyBlue,random
Laura,stripe-me-happy-blouse#Ash,cara-tee-2#Blush,hard
Laura,stripe-me-happy-blouse#Ash,cara-tee-2#WhiteBlk,hard
Laura,stripe-me-happy-blouse#Ash,cool-breeze-jumper#Dust,random
Amanda,the-fleck-roll-neck-knit#Oatmeal,natural-textured-poncho#Deeprain,hard
Amanda,the-fleck-roll-neck-knit#Oatmeal,voyager-stripe-crew#Stripe,hard
Amanda,the-fleck-roll-neck-knit#Oatmeal,relaxed-v-neck-knit#Silver,random
Fiona,the-essential-pullover#SkyBlue,natural-textured-poncho#Deeprain,hard
Fiona,the-essential-pullover#SkyBlue,wonderland-blouse#Ink,hard
Fiona,the-essential-pullover#SkyBlue,summer-breeze-top-1#White,random
Fiona,the-weekender-shirt#GreyStripe,natural-textured-poncho#Deeprain,hard
Fiona,the-weekender-shirt#GreyStripe,wonderland-blouse#Ink,hard
Fiona,the-weekender-shirt#GreyStripe,indi-crosover-front-blouse#MixedStrip,random
Laura,the-tie-front-top#Navy,cara-tee-2#Blush,hard
Laura,the-tie-front-top#Navy,cara-tee-2#WhiteBlk,hard
Laura,the-tie-front-top#Navy,aigli-top#White,random
Mae-Lee,long-sleeve-softly-swinging-bamboo-tee#Storm,side-buttoned-sweater#Buttoned,hard
Mae-Lee,long-sleeve-softly-swinging-bamboo-tee#Storm,voyager-stripe-crew#Stripe,hard
Mae-Lee,long-sleeve-softly-swinging-bamboo-tee#Storm,belle-handkerchief-printed-cami#RustFlwrs,random
Mae-Lee,butterfly-kisses-tee#Green,side-buttoned-sweater#Buttoned,hard
Mae-Lee,butterfly-kisses-tee#Green,voyager-stripe-crew#Stripe,hard
Mae-Lee,butterfly-kisses-tee#Green,capri-tank-3#Navy,random
Mae-Lee,the-cut-out-shoulder-blouse#White,side-buttoned-sweater#Buttoned,hard
Mae-Lee,the-cut-out-shoulder-blouse#White,voyager-stripe-crew#Stripe,hard
Mae-Lee,the-cut-out-shoulder-blouse#White,napoleon-top-1#NemoRed,random
Jess,butterfly-kisses-tee#MustardStr,cara-tee-2#Blush,hard
Jess,butterfly-kisses-tee#MustardStr,cara-tee-2#WhiteBlk,hard
Jess,butterfly-kisses-tee#MustardStr,layered-sleeve-top#DarkBlue,random
Marnee,beach-walk-shirt#Khaki,natural-textured-poncho#Deeprain,hard
Marnee,beach-walk-shirt#Khaki,voyager-stripe-crew#Stripe,hard
Marnee,beach-walk-shirt#Khaki,relaxed-v-neck-knit#Silver,random
Gemma,ivy-cosy-pullover#Storm,voyager-stripe-crew#Stripe,hard
Gemma,ivy-cosy-pullover#Storm,makeover-blouse#LimeGreen,hard
Gemma,ivy-cosy-pullover#Storm,sequin-star-tee#Navy,random
Katie,spot-layered-tee#Blue,voyager-stripe-crew#Stripe,hard
Katie,spot-layered-tee#Blue,makeover-blouse#LimeGreen,hard
Katie,spot-layered-tee#Blue,the-bamboo-tunic-dress#Khaki,random
Mercy,belle-ls-free-fall-tee#Airforce,voyager-stripe-crew#Stripe,hard
Mercy,belle-ls-free-fall-tee#Airforce,makeover-blouse#LimeGreen,hard
Mercy,belle-ls-free-fall-tee#Airforce,mila-knit-cardigan#StoneBlack,random
Jess,karmen-top#HighRiskRe,cara-tee-2#Blush,hard
Jess,karmen-top#HighRiskRe,cara-tee-2#WhiteBlk,hard
Jess,karmen-top#HighRiskRe,the-luxe-dobby-blouse#White,random
Gemma,tab-sleeve-longline-shirt#Navy,voyager-stripe-crew#Stripe,hard
Gemma,tab-sleeve-longline-shirt#Navy,makeover-blouse#LimeGreen,hard
Gemma,tab-sleeve-longline-shirt#Navy,the-shoulder-tie-top#Black,random
Riina,the-cross-over-poncho#Grey,voyager-stripe-crew#Stripe,hard
Riina,the-cross-over-poncho#Grey,makeover-blouse#LimeGreen,hard
Riina,the-cross-over-poncho#Grey,geneva-v-neck-top#Olive,random
Jess,belle-paint-brush-print-top#PaintPrint,cara-tee-2#Blush,hard
Jess,belle-paint-brush-print-top#PaintPrint,cara-tee-2#WhiteBlk,hard
Jess,belle-paint-brush-print-top#PaintPrint,always-mine-v-neck-knit#Terracotta,random
Sophia,cotton-modal-print-top#PinkNavy,cara-tee-2#Blush,hard
Sophia,cotton-modal-print-top#PinkNavy,cara-tee-2#WhiteBlk,hard
Sophia,cotton-modal-print-top#PinkNavy,belle-flocked-tunic#Pale%20Blue,random
Alex,the-sleeveless-cross-over-blouse#Sunshine,voyager-stripe-crew#Stripe,hard
Alex,the-sleeveless-cross-over-blouse#Sunshine,makeover-blouse#LimeGreen,hard
Alex,the-sleeveless-cross-over-blouse#Sunshine,rory-spliced-zip-hoodie#Silver,random
Jess,long-sleeve-ruffle-shirt#Navy,cara-tee-2#Blush,hard
Jess,long-sleeve-ruffle-shirt#Navy,cara-tee-2#WhiteBlk,hard
Jess,long-sleeve-ruffle-shirt#Navy,paradise-top#Red,random
Mandy,tia-boyfriend-shirt#White,voyager-stripe-crew#Stripe,hard
Mandy,tia-boyfriend-shirt#White,makeover-blouse#LimeGreen,hard
Mandy,tia-boyfriend-shirt#White,daylight-cardi#Silver,random
Marnee,cover-up-slouch-cardi#Alloy,natural-textured-poncho#Deeprain,hard
Marnee,cover-up-slouch-cardi#Alloy,voyager-stripe-crew#Stripe,hard
Marnee,cover-up-slouch-cardi#Alloy,buttoned-top#Spotty,random
Riina,the-tie-front-tank#White,voyager-stripe-crew#Stripe,hard
Riina,the-tie-front-tank#White,makeover-blouse#LimeGreen,hard
Riina,the-tie-front-tank#White,cara-tee-2#Blush,random
Katie,ruffle-hem-jersey-top#Pink,voyager-stripe-crew#Stripe,hard
Katie,ruffle-hem-jersey-top#Pink,makeover-blouse#LimeGreen,hard
Katie,ruffle-hem-jersey-top#Pink,natural-detailed-sweater#Tinroof,random
Mae-Lee,the-button-up-swing-tunic#Wine,side-buttoned-sweater#Buttoned,hard
Mae-Lee,the-button-up-swing-tunic#Wine,voyager-stripe-crew#Stripe,hard
Mae-Lee,the-button-up-swing-tunic#Wine,the-tie-detail-hoody#Pink,random
Laura,softly-swinging-bamboo-tee#Cashew,cara-tee-2#Blush,hard
Laura,softly-swinging-bamboo-tee#Cashew,cara-tee-2#WhiteBlk,hard
Laura,softly-swinging-bamboo-tee#Cashew,the-v-neck-stripe-top#BlkStripe,random
Sophia,triangle-detail-long-sleeve-tee#Bordeaux,cara-tee-2#Blush,hard
Sophia,triangle-detail-long-sleeve-tee#Bordeaux,cara-tee-2#WhiteBlk,hard
Sophia,triangle-detail-long-sleeve-tee#Bordeaux,belle-v-neck-forgiver-tunic#ArmyGreen,random
Emma,lola-bell-sleeve-top-ditsy-daisies#Blue,voyager-stripe-crew#Stripe,hard
Emma,lola-bell-sleeve-top-ditsy-daisies#Blue,makeover-blouse#LimeGreen,hard
Emma,lola-bell-sleeve-top-ditsy-daisies#Blue,clio-knit-jumper#StoneBlack,random
Laura,the-relaxed-long-sleeve-tee#Pink,cara-tee-2#Blush,hard
Laura,the-relaxed-long-sleeve-tee#Pink,cara-tee-2#WhiteBlk,hard
Laura,the-relaxed-long-sleeve-tee#Pink,the-zip-detail-jacket#Grey,random
Stacey,partly-cloudy-knit#Black,makeover-blouse#LimeGreen,hard
Stacey,partly-cloudy-knit#Black,cara-tee-2#Blush,hard
Stacey,partly-cloudy-knit#Black,long-sleeve-layer-top#Navy,random
Jess,belle-poncho-sleeved-knit#BlueMarle,cara-tee-2#Blush,hard
Jess,belle-poncho-sleeved-knit#BlueMarle,cara-tee-2#WhiteBlk,hard
Jess,belle-poncho-sleeved-knit#BlueMarle,milan-stretch-top#SilverMarl,random
Marnee,long-sleeve-softly-swinging-bamboo-tee#Oyster,natural-textured-poncho#Deeprain,hard
Marnee,long-sleeve-softly-swinging-bamboo-tee#Oyster,voyager-stripe-crew#Stripe,hard
Marnee,long-sleeve-softly-swinging-bamboo-tee#Oyster,the-longline-waterfall-cardi#Black,random
Sophia,ava-short-sleeve-linen-tee#Blush,cara-tee-2#Blush,hard
Sophia,ava-short-sleeve-linen-tee#Blush,cara-tee-2#WhiteBlk,hard
Sophia,ava-short-sleeve-linen-tee#Blush,side-buttoned-sweater#Buttoned,random
Summer,rib-tank-2#Khaki,voyager-stripe-crew#Stripe,hard
Summer,rib-tank-2#Khaki,natural-textured-poncho#Deeprain,hard
Summer,rib-tank-2#Khaki,amira-sweater#Cream,random
Charlotte,natural-detailed-sweater#Tinroof,voyager-stripe-crew#Stripe,hard
Charlotte,natural-detailed-sweater#Tinroof,makeover-blouse#LimeGreen,hard
Charlotte,natural-detailed-sweater#Tinroof,willow-knot-top#WhiteBlk,random
Shadae,tinker-stripe-knit#NavyWhite,voyager-stripe-crew#Stripe,hard
Shadae,tinker-stripe-knit#NavyWhite,makeover-blouse#LimeGreen,hard
Shadae,tinker-stripe-knit#NavyWhite,chill-out-slouch-top#Mustard,random
Summer,paradising-buttoned-shirt#Wheat,voyager-stripe-crew#Stripe,hard
Summer,paradising-buttoned-shirt#Wheat,natural-textured-poncho#Deeprain,hard
Summer,paradising-buttoned-shirt#Wheat,the-fleck-roll-neck-knit#Oatmeal,random
Tia,midtown-ruffle-shirt#BoldRed,the-panel-luxe-top#BlkWhite,hard
Tia,midtown-ruffle-shirt#BoldRed,the-panel-luxe-top#SilvWhite,hard
Tia,midtown-ruffle-shirt#BoldRed,kimono-top-36#BlueMarle,random
Tia,the-drape-tee-1#Navy,the-panel-luxe-top#BlkWhite,hard
Tia,the-drape-tee-1#Navy,the-panel-luxe-top#SilvWhite,hard
Tia,the-drape-tee-1#Navy,picnic-top#BlackWhite,random
Mae-Lee,butterfly-kisses-tee#MustardStr,side-buttoned-sweater#Buttoned,hard
Mae-Lee,butterfly-kisses-tee#MustardStr,voyager-stripe-crew#Stripe,hard
Mae-Lee,butterfly-kisses-tee#MustardStr,the-twist-front-top#Grey,random
Amanda,the-printed-v-neck-tee#White,natural-textured-poncho#Deeprain,hard
Amanda,the-printed-v-neck-tee#White,voyager-stripe-crew#Stripe,hard
Amanda,the-printed-v-neck-tee#White,the-cotton-bamboo-tee#DustyPink,random
Marnee,softly-swinging-bamboo-tee#Starfish,natural-textured-poncho#Deeprain,hard
Marnee,softly-swinging-bamboo-tee#Starfish,voyager-stripe-crew#Stripe,hard
Marnee,softly-swinging-bamboo-tee#Starfish,fundamental-rib-long-sleeve-tee#Black,random
Perrie,boho-embroidered-top#BohoDenim,natural-textured-poncho#Deeprain,hard
Perrie,boho-embroidered-top#BohoDenim,voyager-stripe-crew#Stripe,hard
Perrie,boho-embroidered-top#BohoDenim,the-side-panel-drape-top#OffWhite,random
Denniel,the-cotton-bamboo-tee#DuckEgg,natural-textured-poncho#Deeprain,hard
Denniel,the-cotton-bamboo-tee#DuckEgg,voyager-stripe-crew#Stripe,hard
Denniel,the-cotton-bamboo-tee#DuckEgg,block-sweater#Block,random
Kate,the-sleeveless-cross-over-blouse#Cobalt,natural-textured-poncho#Deeprain,hard
Kate,the-sleeveless-cross-over-blouse#Cobalt,animal-button-up-shirt#KhakiPrint,hard
Kate,the-sleeveless-cross-over-blouse#Cobalt,cara-tee-4#BlackWhite,random
Stacey,the-cotton-cardi#Khaki,makeover-blouse#LimeGreen,hard
Stacey,the-cotton-cardi#Khaki,cara-tee-2#Blush,hard
Stacey,the-cotton-cardi#Khaki,cotton-cashmere-v-neck-knit#Navy,random
Fiona,the-roll-neck-sleeveless-top-1#Black,natural-textured-poncho#Deeprain,hard
Fiona,the-roll-neck-sleeveless-top-1#Black,wonderland-blouse#Ink,hard
Fiona,the-roll-neck-sleeveless-top-1#Black,chasing-birds-blouse#White,random
Natalie,the-wrap-jersey-top#NavyWhite,natural-textured-poncho#Deeprain,hard
Natalie,the-wrap-jersey-top#NavyWhite,voyager-stripe-crew#Stripe,hard
Natalie,the-wrap-jersey-top#NavyWhite,belle-satin-shirt#Black,random
Summer,beloved-stripe-pull-over-hoodie#NavyWhite,voyager-stripe-crew#Stripe,hard
Summer,beloved-stripe-pull-over-hoodie#NavyWhite,natural-textured-poncho#Deeprain,hard
Summer,beloved-stripe-pull-over-hoodie#NavyWhite,floral-blouse-2#NavyMulti,random
Palatina,falling-for-you-cardi#GreyMarle,cara-tee-2#Blush,hard
Palatina,falling-for-you-cardi#GreyMarle,cara-tee-2#WhiteBlk,hard
Palatina,falling-for-you-cardi#GreyMarle,high-neck-tie-top#Black,random
Anna,belle-half-sleeve-forgiver-tunic#Apricot,voyager-stripe-crew#Stripe,hard
Anna,belle-half-sleeve-forgiver-tunic#Apricot,makeover-blouse#LimeGreen,hard
Anna,belle-half-sleeve-forgiver-tunic#Apricot,softly-swinging-bamboo-tee#Copper,random
Alex,viola-kimono-radiant-floral#Grey,voyager-stripe-crew#Stripe,hard
Alex,viola-kimono-radiant-floral#Grey,makeover-blouse#LimeGreen,hard
Alex,viola-kimono-radiant-floral#Grey,the-reversible-cowl-neck-top-1#Black,random
Perrie,janet-frill-shirt#White,natural-textured-poncho#Deeprain,hard
Perrie,janet-frill-shirt#White,voyager-stripe-crew#Stripe,hard
Perrie,janet-frill-shirt#White,ashbury-cardigan#Mocha,random
Perrie,silver-dot-tie-sleeve-blouse#SilverDotP,natural-textured-poncho#Deeprain,hard
Perrie,silver-dot-tie-sleeve-blouse#SilverDotP,voyager-stripe-crew#Stripe,hard
Perrie,silver-dot-tie-sleeve-blouse#SilverDotP,butterfly-kisses-tee#Green,random
Monique,the-cotton-bamboo-tank#Moonbeam,voyager-stripe-crew#Stripe,hard
Monique,the-cotton-bamboo-tank#Moonbeam,makeover-blouse#LimeGreen,hard
Monique,the-cotton-bamboo-tank#Moonbeam,sugar-snaps-layers-tank#SeaGreen,random
Fiona,open-plains-kimono-throw-1#Rust,natural-textured-poncho#Deeprain,hard
Fiona,open-plains-kimono-throw-1#Rust,wonderland-blouse#Ink,hard
Fiona,open-plains-kimono-throw-1#Rust,forget-me-knot-tunic#ForgetMeK,random
Stacey,the-oversize-knit#GreyMarle,makeover-blouse#LimeGreen,hard
Stacey,the-oversize-knit#GreyMarle,cara-tee-2#Blush,hard
Stacey,the-oversize-knit#GreyMarle,billow-top#Black,random
Marnee,softly-swinging-bamboo-tee#Cashew,natural-textured-poncho#Deeprain,hard
Marnee,softly-swinging-bamboo-tee#Cashew,voyager-stripe-crew#Stripe,hard
Marnee,softly-swinging-bamboo-tee#Cashew,messina-v-neck-tee#Black,random
Georgia,cooks-shirt#Stripes,voyager-stripe-crew#Stripe,hard
Georgia,cooks-shirt#Stripes,makeover-blouse#LimeGreen,hard
Georgia,cooks-shirt#Stripes,the-cotton-bamboo-tee#White,random
Laura,the-cotton-bamboo-tee#DustyPink,cara-tee-2#Blush,hard
Laura,the-cotton-bamboo-tee#DustyPink,cara-tee-2#WhiteBlk,hard
Laura,the-cotton-bamboo-tee#DustyPink,fundamental-sydney-crew#Burgundy,random
Gemma,triangle-detail-long-sleeve-tee#Bordeaux,voyager-stripe-crew#Stripe,hard
Gemma,triangle-detail-long-sleeve-tee#Bordeaux,makeover-blouse#LimeGreen,hard
Gemma,triangle-detail-long-sleeve-tee#Bordeaux,boho-embroidered-top#BohoDenim,random
Jess,crossing-the-plains-sweater-1#Indigo,cara-tee-2#Blush,hard
Jess,crossing-the-plains-sweater-1#Indigo,cara-tee-2#WhiteBlk,hard
Jess,crossing-the-plains-sweater-1#Indigo,rib-tank-2#Mustard,random
Fiona,long-sleeve-softly-swinging-bamboo-tee#Storm,natural-textured-poncho#Deeprain,hard
Fiona,long-sleeve-softly-swinging-bamboo-tee#Storm,wonderland-blouse#Ink,hard
Fiona,long-sleeve-softly-swinging-bamboo-tee#Storm,cuddled-longline-cardigan#Sunflower,random
Fiona,the-stitch-v-neck-knit#PinkMarle,natural-textured-poncho#Deeprain,hard
Fiona,the-stitch-v-neck-knit#PinkMarle,wonderland-blouse#Ink,hard
Fiona,the-stitch-v-neck-knit#PinkMarle,capri-tank-3#White,random
Summer,aida-long-tunic-shirt#AidaStripe,voyager-stripe-crew#Stripe,hard
Summer,aida-long-tunic-shirt#AidaStripe,natural-textured-poncho#Deeprain,hard
Summer,aida-long-tunic-shirt#AidaStripe,triangle-detail-long-sleeve-tee#Navy,random
Ljubenka,belle-v-neck-forgiver-tunic#Navy,the-uneven-hem-knit-1#Sage,hard
Ljubenka,belle-v-neck-forgiver-tunic#Navy,natural-textured-poncho#Deeprain,hard
Ljubenka,belle-v-neck-forgiver-tunic#Navy,meadow-cardigan#Cream,random
Summer,fundamental-vee-tee#Black,voyager-stripe-crew#Stripe,hard
Summer,fundamental-vee-tee#Black,natural-textured-poncho#Deeprain,hard
Summer,fundamental-vee-tee#Black,2-in-1-layered-knit-top#PalePink,random
Mercy,belle-v-neck-forgiver-tunic#Charcoal,voyager-stripe-crew#Stripe,hard
Mercy,belle-v-neck-forgiver-tunic#Charcoal,makeover-blouse#LimeGreen,hard
Mercy,belle-v-neck-forgiver-tunic#Charcoal,saba-top-2#Catus,random
Anna,the-cut-out-shoulder-blouse#Salmon,voyager-stripe-crew#Stripe,hard
Anna,the-cut-out-shoulder-blouse#Salmon,makeover-blouse#LimeGreen,hard
Anna,the-cut-out-shoulder-blouse#Salmon,bo-cosy-cardigan#Storm,random
Palatina,falling-for-you-cardi#Teal,cara-tee-2#Blush,hard
Palatina,falling-for-you-cardi#Teal,cara-tee-2#WhiteBlk,hard
Palatina,falling-for-you-cardi#Teal,the-side-ring-detail-blouse-1#Black,random
Laura,the-cotton-bamboo-ls-top#NavyStripe,cara-tee-2#Blush,hard
Laura,the-cotton-bamboo-ls-top#NavyStripe,cara-tee-2#WhiteBlk,hard
Laura,the-cotton-bamboo-ls-top#NavyStripe,reversible-scoopv-neck-tank#Navy,random
Jess,layer-me-bamboo-rouched-sleeve-tee#Copper,cara-tee-2#Blush,hard
Jess,layer-me-bamboo-rouched-sleeve-tee#Copper,cara-tee-2#WhiteBlk,hard
Jess,layer-me-bamboo-rouched-sleeve-tee#Copper,fundamental-vee-tee#Black,random
Sophia,meredith-78-oversized-pullover-knit#WhiteCapGr,cara-tee-2#Blush,hard
Sophia,meredith-78-oversized-pullover-knit#WhiteCapGr,cara-tee-2#WhiteBlk,hard
Sophia,meredith-78-oversized-pullover-knit#WhiteCapGr,high-neck-tie-top#Black,random
Tia,sugar-snaps-layers-tank#NewBeige,the-panel-luxe-top#BlkWhite,hard
Tia,sugar-snaps-layers-tank#NewBeige,the-panel-luxe-top#SilvWhite,hard
Tia,sugar-snaps-layers-tank#NewBeige,belle-paint-brush-print-top#PaintPrint,random
Amanda,the-v-split-blouse#Salmon,natural-textured-poncho#Deeprain,hard
Amanda,the-v-split-blouse#Salmon,voyager-stripe-crew#Stripe,hard
Amanda,the-v-split-blouse#Salmon,aigli-top#White,random
Clementine,the-swing-tank-top#Rose,voyager-stripe-crew#Stripe,hard
Clementine,the-swing-tank-top#Rose,makeover-blouse#LimeGreen,hard
Clementine,the-swing-tank-top#Rose,the-pocket-tee#NavyStripe,random
Tia,softly-swinging-bamboo-tee#White,the-panel-luxe-top#BlkWhite,hard
Tia,softly-swinging-bamboo-tee#White,the-panel-luxe-top#SilvWhite,hard
Tia,softly-swinging-bamboo-tee#White,belle-tie-neck-blouse-tee#White,random
Mae-Lee,the-cut-out-shoulder-blouse#Salmon,side-buttoned-sweater#Buttoned,hard
Mae-Lee,the-cut-out-shoulder-blouse#Salmon,voyager-stripe-crew#Stripe,hard
Mae-Lee,the-cut-out-shoulder-blouse#Salmon,the-boat-neck-top#Black,random
Emma,sugar-snaps-layers-tank#Mint,voyager-stripe-crew#Stripe,hard
Emma,sugar-snaps-layers-tank#Mint,makeover-blouse#LimeGreen,hard
Emma,sugar-snaps-layers-tank#Mint,falling-flowers-cardi#GreyMarle,random
Anna Maria,falling-for-you-cardi#Khaki,natural-textured-poncho#Deeprain,hard
Anna Maria,falling-for-you-cardi#Khaki,voyager-stripe-crew#Stripe,hard
Anna Maria,falling-for-you-cardi#Khaki,natural-detailed-sweater#Tinroof,random
Shadae,capri-tank-6#Olive,voyager-stripe-crew#Stripe,hard
Shadae,capri-tank-6#Olive,makeover-blouse#LimeGreen,hard
Shadae,capri-tank-6#Olive,multi-pattern-print-top#NavyMulti,random
Laura,belle-v-neck-forgiver-tunic#Charcoal,cara-tee-2#Blush,hard
Laura,belle-v-neck-forgiver-tunic#Charcoal,cara-tee-2#WhiteBlk,hard
Laura,belle-v-neck-forgiver-tunic#Charcoal,the-uneven-hem-knit-1#Sage,random
Riina,the-shoulder-tie-top#Navy,voyager-stripe-crew#Stripe,hard
Riina,the-shoulder-tie-top#Navy,makeover-blouse#LimeGreen,hard
Riina,the-shoulder-tie-top#Navy,longline-gather-back-shirt#Black,random
Clementine,the-curve-striped-tank#Marine,voyager-stripe-crew#Stripe,hard
Clementine,the-curve-striped-tank#Marine,makeover-blouse#LimeGreen,hard
Clementine,the-curve-striped-tank#Marine,the-lace-trim-top#Black,random
Emma,contrast-pocket-tunic#Pinkpocket,voyager-stripe-crew#Stripe,hard
Emma,contrast-pocket-tunic#Pinkpocket,makeover-blouse#LimeGreen,hard
Emma,contrast-pocket-tunic#Pinkpocket,meredith-78-oversized-pullover-knit#CameoRose,random
Tia,the-everyday-shirt#Cream,the-panel-luxe-top#BlkWhite,hard
Tia,the-everyday-shirt#Cream,the-panel-luxe-top#SilvWhite,hard
Tia,the-everyday-shirt#Cream,manhattan-stretch-tee#Black,random
Marnee,moonlight-kisses-bamboo-tee#Black,natural-textured-poncho#Deeprain,hard
Marnee,moonlight-kisses-bamboo-tee#Black,voyager-stripe-crew#Stripe,hard
Marnee,moonlight-kisses-bamboo-tee#Black,belle-lace-trim-tee#GreyMarle,random
Gemma,kimberly-spliced-top#Zebraprint,voyager-stripe-crew#Stripe,hard
Gemma,kimberly-spliced-top#Zebraprint,makeover-blouse#LimeGreen,hard
Gemma,kimberly-spliced-top#Zebraprint,belle-v-neck-forgiver-tunic#ArmyGreen,random
Ljubenka,softly-swinging-bamboo-tee#Blush,the-uneven-hem-knit-1#Sage,hard
Ljubenka,softly-swinging-bamboo-tee#Blush,natural-textured-poncho#Deeprain,hard
Ljubenka,softly-swinging-bamboo-tee#Blush,icing-sugar-top#Ivory,random
Emma,belle-v-neck-forgiver-tunic#BlueMarle,voyager-stripe-crew#Stripe,hard
Emma,belle-v-neck-forgiver-tunic#BlueMarle,makeover-blouse#LimeGreen,hard
Emma,belle-v-neck-forgiver-tunic#BlueMarle,the-weekender-shirt#GreyStripe,random
Kate,sugar-snaps-layers-tank#PeachyKeen,natural-textured-poncho#Deeprain,hard
Kate,sugar-snaps-layers-tank#PeachyKeen,animal-button-up-shirt#KhakiPrint,hard
Kate,sugar-snaps-layers-tank#PeachyKeen,belle-tie-neck-blouse-tee#RoyalBlue,random
Laura,the-asymmetrical-tank-top#HotPink,cara-tee-2#Blush,hard
Laura,the-asymmetrical-tank-top#HotPink,cara-tee-2#WhiteBlk,hard
Laura,the-asymmetrical-tank-top#HotPink,adventurous-hoody#Pink,random
Amanda,the-sleeveless-cross-over-blouse#White,natural-textured-poncho#Deeprain,hard
Amanda,the-sleeveless-cross-over-blouse#White,voyager-stripe-crew#Stripe,hard
Amanda,the-sleeveless-cross-over-blouse#White,mauevewood-crew#YellowWhit,random
Clementine,the-cross-over-blouse#Mint,voyager-stripe-crew#Stripe,hard
Clementine,the-cross-over-blouse#Mint,makeover-blouse#LimeGreen,hard
Clementine,the-cross-over-blouse#Mint,the-cut-out-shoulder-blouse#Salmon,random
Jess,wrap-me-up-bamboo-top#Black,cara-tee-2#Blush,hard
Jess,wrap-me-up-bamboo-top#Black,cara-tee-2#WhiteBlk,hard
Jess,wrap-me-up-bamboo-top#Black,the-essential-layering-tee#White,random
Tia,suri-bell-sleeve-top#GreyMarle,the-panel-luxe-top#BlkWhite,hard
Tia,suri-bell-sleeve-top#GreyMarle,the-panel-luxe-top#SilvWhite,hard
Tia,suri-bell-sleeve-top#GreyMarle,tia-boyfriend-shirt#White,random
Laura,belle-v-neck-forgiver-tunic#ArmyGreen,cara-tee-2#Blush,hard
Laura,belle-v-neck-forgiver-tunic#ArmyGreen,cara-tee-2#WhiteBlk,hard
Laura,belle-v-neck-forgiver-tunic#ArmyGreen,the-stitch-detail-top#Pink,random
Marnee,hydrangea-kimono#Hydrangea,natural-textured-poncho#Deeprain,hard
Marnee,hydrangea-kimono#Hydrangea,voyager-stripe-crew#Stripe,hard
Marnee,hydrangea-kimono#Hydrangea,leah-knit-cardigan#Black,random
Riina,the-panel-luxe-top#SilvWhite,voyager-stripe-crew#Stripe,hard
Riina,the-panel-luxe-top#SilvWhite,makeover-blouse#LimeGreen,hard
Riina,the-panel-luxe-top#SilvWhite,runaway-top#SoftMint,random
Summer,st-helens-henley-tee#Sapphire,voyager-stripe-crew#Stripe,hard
Summer,st-helens-henley-tee#Sapphire,natural-textured-poncho#Deeprain,hard
Summer,st-helens-henley-tee#Sapphire,the-blouson-sleeve-jumper#Grey,random
Gemma,moonlight-kisses-bamboo-tee#Combat,voyager-stripe-crew#Stripe,hard
Gemma,moonlight-kisses-bamboo-tee#Combat,makeover-blouse#LimeGreen,hard
Gemma,moonlight-kisses-bamboo-tee#Combat,butterfly-kisses-tee#MustardStr,random
Sophie,long-sleeve-softly-swinging-bamboo-tee#Cashew,side-buttoned-sweater#Buttoned,hard
Sophie,long-sleeve-softly-swinging-bamboo-tee#Cashew,the-tie-front-top#Navy,hard
Sophie,long-sleeve-softly-swinging-bamboo-tee#Cashew,under-the-stars-blouse#Petal,random
Jess,natural-crossover-knit-1#Stormcloud,cara-tee-2#Blush,hard
Jess,natural-crossover-knit-1#Stormcloud,cara-tee-2#WhiteBlk,hard
Jess,natural-crossover-knit-1#Stormcloud,print-tee-3#Bike,random
Jude,falling-for-you-cardi#Rust,voyager-stripe-crew#Stripe,hard
Jude,falling-for-you-cardi#Rust,makeover-blouse#LimeGreen,hard
Jude,falling-for-you-cardi#Rust,rama-top#Stonewash,random
Jude,falling-for-you-cardi#Khaki,voyager-stripe-crew#Stripe,hard
Jude,falling-for-you-cardi#Khaki,makeover-blouse#LimeGreen,hard
Jude,falling-for-you-cardi#Khaki,printed-v-neck-blouse#NavyWhite,random
Anna,the-cut-out-shoulder-blouse#Clay,voyager-stripe-crew#Stripe,hard
Anna,the-cut-out-shoulder-blouse#Clay,makeover-blouse#LimeGreen,hard
Anna,the-cut-out-shoulder-blouse#Clay,the-linen-tie-sleeve-top#GreyMarle,random
Anna,belle-half-sleeve-forgiver-tunic#White,voyager-stripe-crew#Stripe,hard
Anna,belle-half-sleeve-forgiver-tunic#White,makeover-blouse#LimeGreen,hard
Anna,belle-half-sleeve-forgiver-tunic#White,rib-tank-2#Black,random
Tia,the-cut-out-shoulder-blouse#Clay,the-panel-luxe-top#BlkWhite,hard
Tia,the-cut-out-shoulder-blouse#Clay,the-panel-luxe-top#SilvWhite,hard
Tia,the-cut-out-shoulder-blouse#Clay,belle-half-sleeve-boat-tee#Black,random
Clementine,the-stripe-crossover-blouse#Bluestripe,voyager-stripe-crew#Stripe,hard
Clementine,the-stripe-crossover-blouse#Bluestripe,makeover-blouse#LimeGreen,hard
Clementine,the-stripe-crossover-blouse#Bluestripe,the-relaxed-long-sleeve-tee#Pink,random
Laura,on-safari-blouse#Jewel,cara-tee-2#Blush,hard
Laura,on-safari-blouse#Jewel,cara-tee-2#WhiteBlk,hard
Laura,on-safari-blouse#Jewel,triangle-detail-long-sleeve-tee#Navy,random
Mae-Lee,the-long-sleeve-scoop-neck-tee#Grey,side-buttoned-sweater#Buttoned,hard
Mae-Lee,the-long-sleeve-scoop-neck-tee#Grey,voyager-stripe-crew#Stripe,hard
Mae-Lee,the-long-sleeve-scoop-neck-tee#Grey,the-printed-side-ring-detail-blouse#Block,random
Ljubenka,the-drape-tee-1#White,the-uneven-hem-knit-1#Sage,hard
Ljubenka,the-drape-tee-1#White,natural-textured-poncho#Deeprain,hard
Ljubenka,the-drape-tee-1#White,the-wrap-jersey-top#JetBlack,random
Laura,everyday-linen-tunic#BotanicalB,cara-tee-2#Blush,hard
Laura,everyday-linen-tunic#BotanicalB,cara-tee-2#WhiteBlk,hard
Laura,everyday-linen-tunic#BotanicalB,bella-ls-tee#GreenWhite,random
Georgia,falling-for-you-top#Blue,voyager-stripe-crew#Stripe,hard
Georgia,falling-for-you-top#Blue,makeover-blouse#LimeGreen,hard
Georgia,falling-for-you-top#Blue,the-panel-luxe-top#SilvWhite,random
Riina,the-boat-neck-top-1#Ink,voyager-stripe-crew#Stripe,hard
Riina,the-boat-neck-top-1#Ink,makeover-blouse#LimeGreen,hard
Riina,the-boat-neck-top-1#Ink,alberta-stripe-top#IvoryStrip,random
Gemma,eco-78-long-cardigan#LightGreyM,voyager-stripe-crew#Stripe,hard
Gemma,eco-78-long-cardigan#LightGreyM,makeover-blouse#LimeGreen,hard
Gemma,eco-78-long-cardigan#LightGreyM,the-cotton-bamboo-ls-top#Black,random
Maddy,the-sleeveless-cross-over-blouse#Cobalt,natural-textured-poncho#Deeprain,hard
Maddy,the-sleeveless-cross-over-blouse#Cobalt,voyager-stripe-crew#Stripe,hard
Maddy,the-sleeveless-cross-over-blouse#Cobalt,malibu-cardigan#Wine,random
Gemma,falling-for-you-cardi#Khaki,voyager-stripe-crew#Stripe,hard
Gemma,falling-for-you-cardi#Khaki,makeover-blouse#LimeGreen,hard
Gemma,falling-for-you-cardi#Khaki,the-drape-tee-1#NavyStripe,random
Tia,the-cross-over-blouse#Sunshine,the-panel-luxe-top#BlkWhite,hard
Tia,the-cross-over-blouse#Sunshine,the-panel-luxe-top#SilvWhite,hard
Tia,the-cross-over-blouse#Sunshine,holly-rib-long-sleeve-tee#Khaki,random
Anneliese,paige-top#Black,natural-textured-poncho#Deeprain,hard
Anneliese,paige-top#Black,voyager-stripe-crew#Stripe,hard
Anneliese,paige-top#Black,zara-top#ZebraPrint,random
Riina,the-high-low-drape-tee#Sage,voyager-stripe-crew#Stripe,hard
Riina,the-high-low-drape-tee#Sage,makeover-blouse#LimeGreen,hard
Riina,the-high-low-drape-tee#Sage,capri-tank-3#White,random
Sophia,eco-78-long-cardigan#LightGreyM,cara-tee-2#Blush,hard
Sophia,eco-78-long-cardigan#LightGreyM,cara-tee-2#WhiteBlk,hard
Sophia,eco-78-long-cardigan#LightGreyM,runaway-top#JetBlack,random
Madeline,natural-rolled-neck-tunic#BlueDam,voyager-stripe-crew#Stripe,hard
Madeline,natural-rolled-neck-tunic#BlueDam,makeover-blouse#LimeGreen,hard
Madeline,natural-rolled-neck-tunic#BlueDam,maui-stretch-tee#NavyWhtStr,random
Kate,sugar-snaps-layers-tank#DuckEgg,natural-textured-poncho#Deeprain,hard
Kate,sugar-snaps-layers-tank#DuckEgg,animal-button-up-shirt#KhakiPrint,hard
Kate,sugar-snaps-layers-tank#DuckEgg,the-cut-out-shoulder-blouse#Silver,random
Georgia,long-sleeve-softly-swinging-bamboo-tee#Combat,voyager-stripe-crew#Stripe,hard
Georgia,long-sleeve-softly-swinging-bamboo-tee#Combat,makeover-blouse#LimeGreen,hard
Georgia,long-sleeve-softly-swinging-bamboo-tee#Combat,the-cross-over-printed-blouse#Leopard,random
Olivia,sugar-snaps-layers-tank#PeachyKeen,natural-textured-poncho#Deeprain,hard
Olivia,sugar-snaps-layers-tank#PeachyKeen,voyager-stripe-crew#Stripe,hard
Olivia,sugar-snaps-layers-tank#PeachyKeen,eco-78-long-cardigan#LightGreyM,random
Riina,the-double-layer-top#Black,voyager-stripe-crew#Stripe,hard
Riina,the-double-layer-top#Black,makeover-blouse#LimeGreen,hard
Riina,the-double-layer-top#Black,gloria-applique-crew#Charcoal,random
Shadae,rib-tank-2#Navy,voyager-stripe-crew#Stripe,hard
Shadae,rib-tank-2#Navy,makeover-blouse#LimeGreen,hard
Shadae,rib-tank-2#Navy,belle-two-in-one-top#Charcoal,random
Summer,marlow-cardigan#Cream,voyager-stripe-crew#Stripe,hard
Summer,marlow-cardigan#Cream,natural-textured-poncho#Deeprain,hard
Summer,marlow-cardigan#Cream,lazy-daze-tee#Khaki,random
Gemma,sequin-spot-shirt#Blue,voyager-stripe-crew#Stripe,hard
Gemma,sequin-spot-shirt#Blue,makeover-blouse#LimeGreen,hard
Gemma,sequin-spot-shirt#Blue,york-linen-blend-top#BurntOrang,random
Jess,softly-swinging-bamboo-tee#Storm,cara-tee-2#Blush,hard
Jess,softly-swinging-bamboo-tee#Storm,cara-tee-2#WhiteBlk,hard
Jess,softly-swinging-bamboo-tee#Storm,moonlight-kisses-bamboo-tee#Black,random
Laura,belle-two-in-one-top#Charcoal,cara-tee-2#Blush,hard
Laura,belle-two-in-one-top#Charcoal,cara-tee-2#WhiteBlk,hard
Laura,belle-two-in-one-top#Charcoal,frill-blouse#Rust,random
Laura,the-lace-trim-top#Black,cara-tee-2#Blush,hard
Laura,the-lace-trim-top#Black,cara-tee-2#WhiteBlk,hard
Laura,the-lace-trim-top#Black,verona-patchwork-top#Patchwork,random
Lauren,the-cosy-cardigan#Blue,side-buttoned-sweater#Buttoned,hard
Lauren,the-cosy-cardigan#Blue,voyager-stripe-crew#Stripe,hard
Lauren,the-cosy-cardigan#Blue,heartmade-cardi#DustyRose,random
Laura,saba-top-2#Catus,cara-tee-2#Blush,hard
Laura,saba-top-2#Catus,cara-tee-2#WhiteBlk,hard
Laura,saba-top-2#Catus,agra-shirt#White,random
Laura,the-weekender-shirt#DenimStrip,cara-tee-2#Blush,hard
Laura,the-weekender-shirt#DenimStrip,cara-tee-2#WhiteBlk,hard
Laura,the-weekender-shirt#DenimStrip,monaco-knot-top#HeatheGrey,random
Perrie,rosie-bell-sleeve-denim-shirt#Stripe,natural-textured-poncho#Deeprain,hard
Perrie,rosie-bell-sleeve-denim-shirt#Stripe,voyager-stripe-crew#Stripe,hard
Perrie,rosie-bell-sleeve-denim-shirt#Stripe,knit-hoodie-1#Sage,random
Jess,the-side-panel-drape-top#OffWhite,cara-tee-2#Blush,hard
Jess,the-side-panel-drape-top#OffWhite,cara-tee-2#WhiteBlk,hard
Jess,the-side-panel-drape-top#OffWhite,the-roll-neck-sleeveless-top-1#Black,random
Georgia,the-cotton-bamboo-tank#DarkNavy,voyager-stripe-crew#Stripe,hard
Georgia,the-cotton-bamboo-tank#DarkNavy,makeover-blouse#LimeGreen,hard
Georgia,the-cotton-bamboo-tank#DarkNavy,the-ruffle-sleeve-top#NavyStripe,random
Stefania,cool-breeze-jumper#Dust,voyager-stripe-crew#Stripe,hard
Stefania,cool-breeze-jumper#Dust,makeover-blouse#LimeGreen,hard
Stefania,cool-breeze-jumper#Dust,softly-swinging-bamboo-tee#Navy,random
Alex,the-cotton-bamboo-tank#White,voyager-stripe-crew#Stripe,hard
Alex,the-cotton-bamboo-tank#White,makeover-blouse#LimeGreen,hard
Alex,the-cotton-bamboo-tank#White,messina-v-neck-tee#White,random
Stefania,the-high-low-drape-tee#Grey,voyager-stripe-crew#Stripe,hard
Stefania,the-high-low-drape-tee#Grey,makeover-blouse#LimeGreen,hard
Stefania,the-high-low-drape-tee#Grey,sugar-snaps-round-neck-layer-tank#Black,random
Palatina,on-the-horizon-swing-top-1#Khaki,cara-tee-2#Blush,hard
Palatina,on-the-horizon-swing-top-1#Khaki,cara-tee-2#WhiteBlk,hard
Palatina,on-the-horizon-swing-top-1#Khaki,the-v-neck-stripe-top#BlkStripe,random
Riina,the-weekender-shirt#DenimStrip,voyager-stripe-crew#Stripe,hard
Riina,the-weekender-shirt#DenimStrip,makeover-blouse#LimeGreen,hard
Riina,the-weekender-shirt#DenimStrip,layered-tee-2#White,random
Fiona,tie-back-bell-sleeve-top-5#Summerbud,natural-textured-poncho#Deeprain,hard
Fiona,tie-back-bell-sleeve-top-5#Summerbud,wonderland-blouse#Ink,hard
Fiona,tie-back-bell-sleeve-top-5#Summerbud,sand-queen-throw-blouse#Fleur,random
Amanda,the-luxe-long-sleeve-tee#GreyMarle,natural-textured-poncho#Deeprain,hard
Amanda,the-luxe-long-sleeve-tee#GreyMarle,voyager-stripe-crew#Stripe,hard
Amanda,the-luxe-long-sleeve-tee#GreyMarle,cara-tee-2#Blush,random
Stefania,the-contrast-trim-knit#BlackWhite,voyager-stripe-crew#Stripe,hard
Stefania,the-contrast-trim-knit#BlackWhite,makeover-blouse#LimeGreen,hard
Stefania,the-contrast-trim-knit#BlackWhite,belle-handkerchief-printed-cami#RustFlwrs,random
Lauren,belle-twist-front-tee-1#Black,side-buttoned-sweater#Buttoned,hard
Lauren,belle-twist-front-tee-1#Black,voyager-stripe-crew#Stripe,hard
Lauren,belle-twist-front-tee-1#Black,cotton-modal-print-top#PinkNavy,random
Natalie,the-long-sleeve-v-neck-tee#Navy,natural-textured-poncho#Deeprain,hard
Natalie,the-long-sleeve-v-neck-tee#Navy,voyager-stripe-crew#Stripe,hard
Natalie,the-long-sleeve-v-neck-tee#Navy,nova-lux-solid-v-neck-placket-shirt#CloudDance,random
Laura,belle-half-sleeve-forgiver-tunic#Black,cara-tee-2#Blush,hard
Laura,belle-half-sleeve-forgiver-tunic#Black,cara-tee-2#WhiteBlk,hard
Laura,belle-half-sleeve-forgiver-tunic#Black,sequin-star-tee#Navy,random
Mae-Lee,belle-polka-dot-blouse#WhiteSpot,side-buttoned-sweater#Buttoned,hard
Mae-Lee,belle-polka-dot-blouse#WhiteSpot,voyager-stripe-crew#Stripe,hard
Mae-Lee,belle-polka-dot-blouse#WhiteSpot,be-mine-top-1#Sage,random
Ljubenka,sugar-snaps-layers-tank#NewBeige,the-uneven-hem-knit-1#Sage,hard
Ljubenka,sugar-snaps-layers-tank#NewBeige,natural-textured-poncho#Deeprain,hard
Ljubenka,sugar-snaps-layers-tank#NewBeige,the-reversible-cowl-neck-top-1#Black,random
Jess,sequin-star-tee#Navy,cara-tee-2#Blush,hard
Jess,sequin-star-tee#Navy,cara-tee-2#WhiteBlk,hard
Jess,sequin-star-tee#Navy,sequin-spot-shirt#Blue,random
Chelsea,the-cross-over-poncho#Grey,voyager-stripe-crew#Stripe,hard
Chelsea,the-cross-over-poncho#Grey,makeover-blouse#LimeGreen,hard
Chelsea,the-cross-over-poncho#Grey,driftwood-gathering-blouse#Khaki,random
Fiona,the-tie-front-tank#Navy,natural-textured-poncho#Deeprain,hard
Fiona,the-tie-front-tank#Navy,wonderland-blouse#Ink,hard
Fiona,the-tie-front-tank#Navy,ruffle-sleeve-top-1#Black,random
Marnee,the-relaxed-long-sleeve-tee#Black,natural-textured-poncho#Deeprain,hard
Marnee,the-relaxed-long-sleeve-tee#Black,voyager-stripe-crew#Stripe,hard
Marnee,the-relaxed-long-sleeve-tee#Black,the-longline-waterfall-cardi#Black,random
Marnee,oregon-safari-embroidered-top#White,natural-textured-poncho#Deeprain,hard
Marnee,oregon-safari-embroidered-top#White,voyager-stripe-crew#Stripe,hard
Marnee,oregon-safari-embroidered-top#White,belle-half-sleeve-forgiver-tunic#BlueBonnet,random
Fiona,falling-for-you-cardi#Black,natural-textured-poncho#Deeprain,hard
Fiona,falling-for-you-cardi#Black,wonderland-blouse#Ink,hard
Fiona,falling-for-you-cardi#Black,the-drape-tee-1#Stripe,random
Fiona,the-cross-over-printed-blouse#Leopard,natural-textured-poncho#Deeprain,hard
Fiona,the-cross-over-printed-blouse#Leopard,wonderland-blouse#Ink,hard
Fiona,the-cross-over-printed-blouse#Leopard,layered-tee-2#Black,random
Mae-Lee,sugar-snaps-layers-tank#PeachyKeen,side-buttoned-sweater#Buttoned,hard
Mae-Lee,sugar-snaps-layers-tank#PeachyKeen,voyager-stripe-crew#Stripe,hard
Mae-Lee,sugar-snaps-layers-tank#PeachyKeen,llama-long-sleeve-shirt#Mustard,random
Tia,capri-tank-3#Black,the-panel-luxe-top#BlkWhite,hard
Tia,capri-tank-3#Black,the-panel-luxe-top#SilvWhite,hard
Tia,capri-tank-3#Black,the-on-or-off-the-shoulder-top#Pink,random
Laura,sugar-snaps-round-neck-layer-tank#DuckEgg,cara-tee-2#Blush,hard
Laura,sugar-snaps-round-neck-layer-tank#DuckEgg,cara-tee-2#WhiteBlk,hard
Laura,sugar-snaps-round-neck-layer-tank#DuckEgg,wellington-tee#Olive,random
Chelsea,falling-for-you-cardi#GreyMarle,voyager-stripe-crew#Stripe,hard
Chelsea,falling-for-you-cardi#GreyMarle,makeover-blouse#LimeGreen,hard
Chelsea,falling-for-you-cardi#GreyMarle,falling-for-you-cardi-1#GreyGarden,random
Mae-Lee,belle-off-the-shoulder-tee#Stripe,side-buttoned-sweater#Buttoned,hard
Mae-Lee,belle-off-the-shoulder-tee#Stripe,voyager-stripe-crew#Stripe,hard
Mae-Lee,belle-off-the-shoulder-tee#Stripe,rib-tank-2#Khaki,random
Clementine,the-everyday-shirt#Black,voyager-stripe-crew#Stripe,hard
Clementine,the-everyday-shirt#Black,makeover-blouse#LimeGreen,hard
Clementine,the-everyday-shirt#Black,ynes#Black,random
Natalia,messina-knit-1#Shiraz,voyager-stripe-crew#Stripe,hard
Natalia,messina-knit-1#Shiraz,makeover-blouse#LimeGreen,hard
Natalia,messina-knit-1#Shiraz,for-the-frill-top#Ivory,random
Natalia,printed-tunic-7#RedCheck,voyager-stripe-crew#Stripe,hard
Natalia,printed-tunic-7#RedCheck,makeover-blouse#LimeGreen,hard
Natalia,printed-tunic-7#RedCheck,anna-top#Leona,random
Maddy,natural-tie-tunic#BlueSky,natural-textured-poncho#Deeprain,hard
Maddy,natural-tie-tunic#BlueSky,voyager-stripe-crew#Stripe,hard
Maddy,natural-tie-tunic#BlueSky,belle-flute-sleeve-tee#Navy,random
Kate,belle-half-sleeve-forgiver-tunic#Apricot,natural-textured-poncho#Deeprain,hard
Kate,belle-half-sleeve-forgiver-tunic#Apricot,animal-button-up-shirt#KhakiPrint,hard
Kate,belle-half-sleeve-forgiver-tunic#Apricot,34-sleeve-shirt-1#SkyWhite,random
Jess,the-batwing-tee#FrenchBlue,cara-tee-2#Blush,hard
Jess,the-batwing-tee#FrenchBlue,cara-tee-2#WhiteBlk,hard
Jess,the-batwing-tee#FrenchBlue,jewel-knit#GreyMarle,random
Mae-Lee,the-sleeveless-cross-over-blouse#Mint,side-buttoned-sweater#Buttoned,hard
Mae-Lee,the-sleeveless-cross-over-blouse#Mint,voyager-stripe-crew#Stripe,hard
Mae-Lee,the-sleeveless-cross-over-blouse#Mint,natural-classic-cardigan#Pebble,random
Marnee,sugar-snaps-round-neck-layer-tank#Black,natural-textured-poncho#Deeprain,hard
Marnee,sugar-snaps-round-neck-layer-tank#Black,voyager-stripe-crew#Stripe,hard
Marnee,sugar-snaps-round-neck-layer-tank#Black,natural-detailed-sweater#Tinroof,random
Jess,belle-ls-free-fall-tee#Airforce,cara-tee-2#Blush,hard
Jess,belle-ls-free-fall-tee#Airforce,cara-tee-2#WhiteBlk,hard
Jess,belle-ls-free-fall-tee#Airforce,the-essential-layering-tee#Ink,random
Marnee,sugar-snaps-layers-tank#Mint,natural-textured-poncho#Deeprain,hard
Marnee,sugar-snaps-layers-tank#Mint,voyager-stripe-crew#Stripe,hard
Marnee,sugar-snaps-layers-tank#Mint,the-cross-over-blouse#Blue,random
Anna,the-drape-tee-1#Black,voyager-stripe-crew#Stripe,hard
Anna,the-drape-tee-1#Black,makeover-blouse#LimeGreen,hard
Anna,the-drape-tee-1#Black,marjorie-tie-blouse#BluePrint,random
Sophia,the-box-top#Blush,cara-tee-2#Blush,hard
Sophia,the-box-top#Blush,cara-tee-2#WhiteBlk,hard
Sophia,the-box-top#Blush,love-song-relaxed-blouse#SagePearl,random
Nadine,cable-knit-sweater#Camel,makeover-blouse#LimeGreen,hard
Nadine,cable-knit-sweater#Camel,pure-merino-fine-rib-v-neck#Charcoal,hard
Nadine,cable-knit-sweater#Camel,the-zip-detail-jacket#Grey,random
Anna,the-relaxed-long-sleeve-tee#Navy,voyager-stripe-crew#Stripe,hard
Anna,the-relaxed-long-sleeve-tee#Navy,makeover-blouse#LimeGreen,hard
Anna,the-relaxed-long-sleeve-tee#Navy,circles-knit#Plum,random
Chelsea,falling-for-you-cardi#Dusty,voyager-stripe-crew#Stripe,hard
Chelsea,falling-for-you-cardi#Dusty,makeover-blouse#LimeGreen,hard
Chelsea,falling-for-you-cardi#Dusty,the-sleeveless-cross-over-blouse#White,random
Fiona,belle-v-neck-forgiver-tunic#Black,natural-textured-poncho#Deeprain,hard
Fiona,belle-v-neck-forgiver-tunic#Black,wonderland-blouse#Ink,hard
Fiona,belle-v-neck-forgiver-tunic#Black,always-mine-spliced-cardigan#GreyEmeral,random
Jess,softly-swinging-bamboo-tee#Cashew,cara-tee-2#Blush,hard
Jess,softly-swinging-bamboo-tee#Cashew,cara-tee-2#WhiteBlk,hard
Jess,softly-swinging-bamboo-tee#Cashew,the-panel-hem-top#DenimMarle,random
Summer,nova-lux-solid-v-neck-placket-shirt#CloudDance,voyager-stripe-crew#Stripe,hard
Summer,nova-lux-solid-v-neck-placket-shirt#CloudDance,natural-textured-poncho#Deeprain,hard
Summer,nova-lux-solid-v-neck-placket-shirt#CloudDance,the-printed-v-split-top#Natural,random
Mae-Lee,long-sleeve-softly-swinging-bamboo-tee#Black,side-buttoned-sweater#Buttoned,hard
Mae-Lee,long-sleeve-softly-swinging-bamboo-tee#Black,voyager-stripe-crew#Stripe,hard
Mae-Lee,long-sleeve-softly-swinging-bamboo-tee#Black,karmen-top#HighRiskRe,random
Mae-Lee,butterfly-kisses-tee#Stripe,side-buttoned-sweater#Buttoned,hard
Mae-Lee,butterfly-kisses-tee#Stripe,voyager-stripe-crew#Stripe,hard
Mae-Lee,butterfly-kisses-tee#Stripe,the-weekender-shirt#DenimStrip,random
Sophia,the-contrast-detail-top#Ivory,cara-tee-2#Blush,hard
Sophia,the-contrast-detail-top#Ivory,cara-tee-2#WhiteBlk,hard
Sophia,the-contrast-detail-top#Ivory,the-printed-v-split-top#Natural,random
Summer,verona-patchwork-top#Patchwork,voyager-stripe-crew#Stripe,hard
Summer,verona-patchwork-top#Patchwork,natural-textured-poncho#Deeprain,hard
Summer,verona-patchwork-top#Patchwork,the-double-layer-top#White,random
Miranda,the-cotton-tie-detail-top#Ivory,voyager-stripe-crew#Stripe,hard
Miranda,the-cotton-tie-detail-top#Ivory,makeover-blouse#LimeGreen,hard
Miranda,the-cotton-tie-detail-top#Ivory,belle-mid-length-knit-cardi#Black,random
Fiona,stud-trim-long-sleeve-top#Mint,natural-textured-poncho#Deeprain,hard
Fiona,stud-trim-long-sleeve-top#Mint,wonderland-blouse#Ink,hard
Fiona,stud-trim-long-sleeve-top#Mint,the-cross-over-blouse#Sunshine,random
Emma,lola-bell-sleeve-top-entangled-vines#Gold,voyager-stripe-crew#Stripe,hard
Emma,lola-bell-sleeve-top-entangled-vines#Gold,makeover-blouse#LimeGreen,hard
Emma,lola-bell-sleeve-top-entangled-vines#Gold,verona-patchwork-top#Patchwork,random
Chelsea,the-cotton-cardi#Navy,voyager-stripe-crew#Stripe,hard
Chelsea,the-cotton-cardi#Navy,makeover-blouse#LimeGreen,hard
Chelsea,the-cotton-cardi#Navy,haze-swing-top#OffWhite,random
Riina,the-relaxed-batwing-top#Denim%20Blue,voyager-stripe-crew#Stripe,hard
Riina,the-relaxed-batwing-top#Denim%20Blue,makeover-blouse#LimeGreen,hard
Riina,the-relaxed-batwing-top#Denim%20Blue,2-in-1-layered-knit-top#Khaki,random
Ljubenka,sugar-snaps-layers-tank#Black,the-uneven-hem-knit-1#Sage,hard
Ljubenka,sugar-snaps-layers-tank#Black,natural-textured-poncho#Deeprain,hard
Ljubenka,sugar-snaps-layers-tank#Black,on-the-open-road-maxi-shirt#DarkOchre,random
Mercy,belle-v-neck-forgiver-tunic#BlueMarle,voyager-stripe-crew#Stripe,hard
Mercy,belle-v-neck-forgiver-tunic#BlueMarle,makeover-blouse#LimeGreen,hard
Mercy,belle-v-neck-forgiver-tunic#BlueMarle,spliced-lace-panel-tee#White,random
Laura,the-cotton-bamboo-tee#DuckEgg,cara-tee-2#Blush,hard
Laura,the-cotton-bamboo-tee#DuckEgg,cara-tee-2#WhiteBlk,hard
Laura,the-cotton-bamboo-tee#DuckEgg,napoleon-top-1#NemoBlue,random
Nathalie,the-everyday-shirt#Midnight,voyager-stripe-crew#Stripe,hard
Nathalie,the-everyday-shirt#Midnight,makeover-blouse#LimeGreen,hard
Nathalie,the-everyday-shirt#Midnight,beach-walk-shirt#Stormy,random
Amanda,the-sleeveless-cross-over-blouse#Mint,natural-textured-poncho#Deeprain,hard
Amanda,the-sleeveless-cross-over-blouse#Mint,voyager-stripe-crew#Stripe,hard
Amanda,the-sleeveless-cross-over-blouse#Mint,oversize-contrast-hood-top#Steel,random
Riina,selma-top-1#IndoStripe,voyager-stripe-crew#Stripe,hard
Riina,selma-top-1#IndoStripe,makeover-blouse#LimeGreen,hard
Riina,selma-top-1#IndoStripe,the-textured-spot-top#Pink,random
Sophia,geena-xo-ls-pullover-knit#Allure,cara-tee-2#Blush,hard
Sophia,geena-xo-ls-pullover-knit#Allure,cara-tee-2#WhiteBlk,hard
Sophia,geena-xo-ls-pullover-knit#Allure,the-stitch-detail-top#Pink,random
Lauren,belle-square-neck-drape-tee#Vanilla,side-buttoned-sweater#Buttoned,hard
Lauren,belle-square-neck-drape-tee#Vanilla,voyager-stripe-crew#Stripe,hard
Lauren,belle-square-neck-drape-tee#Vanilla,first-mix-top-1#BlackWhite,random
Jess,blue-waters-cotton-blouse#White,cara-tee-2#Blush,hard
Jess,blue-waters-cotton-blouse#White,cara-tee-2#WhiteBlk,hard
Jess,blue-waters-cotton-blouse#White,messina-knit#Cognac,random
Jess,butterfly-blouse-1#Ivory,cara-tee-2#Blush,hard
Jess,butterfly-blouse-1#Ivory,cara-tee-2#WhiteBlk,hard
Jess,butterfly-blouse-1#Ivory,dream-girl-ruffle-jumper#SoftPink,random
Laura,manhattan-stretch-tee#NavyWhtStr,cara-tee-2#Blush,hard
Laura,manhattan-stretch-tee#NavyWhtStr,cara-tee-2#WhiteBlk,hard
Laura,manhattan-stretch-tee#NavyWhtStr,the-check-pullover#PinkCheck,random
Summer,block-sweater#Block,voyager-stripe-crew#Stripe,hard
Summer,block-sweater#Block,natural-textured-poncho#Deeprain,hard
Summer,block-sweater#Block,panelled-stripe-top#NavyWhite,random
Chelsea,the-drape-tee-1#Black,voyager-stripe-crew#Stripe,hard
Chelsea,the-drape-tee-1#Black,makeover-blouse#LimeGreen,hard
Chelsea,the-drape-tee-1#Black,meredith-78-oversized-pullover-knit#WhiteCapGr,random
Kate,belle-half-sleeve-forgiver-tunic#Black,natural-textured-poncho#Deeprain,hard
Kate,belle-half-sleeve-forgiver-tunic#Black,animal-button-up-shirt#KhakiPrint,hard
Kate,belle-half-sleeve-forgiver-tunic#Black,cara-tee-4#Black,random
Stefania,snug-as-a-bug-jumper#Smoke,voyager-stripe-crew#Stripe,hard
Stefania,snug-as-a-bug-jumper#Smoke,makeover-blouse#LimeGreen,hard
Stefania,snug-as-a-bug-jumper#Smoke,sadie-crew#GreyMarle,random
Jess,belle-v-neck-forgiver-tunic#Charcoal,cara-tee-2#Blush,hard
Jess,belle-v-neck-forgiver-tunic#Charcoal,cara-tee-2#WhiteBlk,hard
Jess,belle-v-neck-forgiver-tunic#Charcoal,rising-mist-jumper#Nickel,random
Lauren,belle-drape-tee#Black,side-buttoned-sweater#Buttoned,hard
Lauren,belle-drape-tee#Black,voyager-stripe-crew#Stripe,hard
Lauren,belle-drape-tee#Black,the-on-or-off-the-shoulder-top#FrenchNavy,random
Stacey,endeavor-long-sleeve-tee#Stripe,makeover-blouse#LimeGreen,hard
Stacey,endeavor-long-sleeve-tee#Stripe,cara-tee-2#Blush,hard
Stacey,endeavor-long-sleeve-tee#Stripe,the-twist-front-top#Navy,random
Ljubenka,falling-for-you-cardi#Port,the-uneven-hem-knit-1#Sage,hard
Ljubenka,falling-for-you-cardi#Port,natural-textured-poncho#Deeprain,hard
Ljubenka,falling-for-you-cardi#Port,fundamental-stripe-long-sleeve-tee#WhiteBlack,random
Jess,the-spotted-tunic#NavySpot,cara-tee-2#Blush,hard
Jess,the-spotted-tunic#NavySpot,cara-tee-2#WhiteBlk,hard
Jess,the-spotted-tunic#NavySpot,monaco-knot-top#HeatheGrey,random
Georgia,frill-me-tie-throw-on#WhiteBlk,voyager-stripe-crew#Stripe,hard
Georgia,frill-me-tie-throw-on#WhiteBlk,makeover-blouse#LimeGreen,hard
Georgia,frill-me-tie-throw-on#WhiteBlk,soho-ruffle-jumper#OatmealMar,random
Emma,hem-frill-stripe-top#Frilled,voyager-stripe-crew#Stripe,hard
Emma,hem-frill-stripe-top#Frilled,makeover-blouse#LimeGreen,hard
Emma,hem-frill-stripe-top#Frilled,weekend-cardigan#Black,random
Laura,the-lace-trim-top#Ivory,cara-tee-2#Blush,hard
Laura,the-lace-trim-top#Ivory,cara-tee-2#WhiteBlk,hard
Laura,the-lace-trim-top#Ivory,drama-top#BlackGrey,random
Laura,the-everyday-shirt#Pink,cara-tee-2#Blush,hard
Laura,the-everyday-shirt#Pink,cara-tee-2#WhiteBlk,hard
Laura,the-everyday-shirt#Pink,frill-blouse#Rust,random
Georgia,softly-swinging-bamboo-tee#Blush,voyager-stripe-crew#Stripe,hard
Georgia,softly-swinging-bamboo-tee#Blush,makeover-blouse#LimeGreen,hard
Georgia,softly-swinging-bamboo-tee#Blush,nova-lux-long-sleeve-tie-top-1#SimplyGree,random
Madeline,print-tee-3#Boats,voyager-stripe-crew#Stripe,hard
Madeline,print-tee-3#Boats,makeover-blouse#LimeGreen,hard
Madeline,print-tee-3#Boats,henson-jumper#Cream,random
Laura,the-cotton-bamboo-tank#Moonbeam,cara-tee-2#Blush,hard
Laura,the-cotton-bamboo-tank#Moonbeam,cara-tee-2#WhiteBlk,hard
Laura,the-cotton-bamboo-tank#Moonbeam,meadow-cardigan#Cream,random
Tia,capri-tank-3#NavyStripe,the-panel-luxe-top#BlkWhite,hard
Tia,capri-tank-3#NavyStripe,the-panel-luxe-top#SilvWhite,hard
Tia,capri-tank-3#NavyStripe,the-wrap-jersey-top#JetBlack,random
Laura,the-sleeveless-cross-over-blouse#Sunshine,cara-tee-2#Blush,hard
Laura,the-sleeveless-cross-over-blouse#Sunshine,cara-tee-2#WhiteBlk,hard
Laura,the-sleeveless-cross-over-blouse#Sunshine,the-layered-cross-over-top#Navy,random
Jess,softly-swinging-bamboo-tee#Blush,cara-tee-2#Blush,hard
Jess,softly-swinging-bamboo-tee#Blush,cara-tee-2#WhiteBlk,hard
Jess,softly-swinging-bamboo-tee#Blush,the-oversize-knit#GreyMarle,random
Perrie,the-short-sleeve-wrap-jersey-top#NavyWhite,natural-textured-poncho#Deeprain,hard
Perrie,the-short-sleeve-wrap-jersey-top#NavyWhite,voyager-stripe-crew#Stripe,hard
Perrie,the-short-sleeve-wrap-jersey-top#NavyWhite,the-textured-spot-top#Pink,random
Anneliese,tracie-top#Black,natural-textured-poncho#Deeprain,hard
Anneliese,tracie-top#Black,voyager-stripe-crew#Stripe,hard
Anneliese,tracie-top#Black,cara-tee-3#Mustard,random
Lauren,the-tie-front-tank#White,side-buttoned-sweater#Buttoned,hard
Lauren,the-tie-front-tank#White,voyager-stripe-crew#Stripe,hard
Lauren,the-tie-front-tank#White,tia-boyfriend-shirt#White,random
Jess,the-printed-v-neck-tee#White,cara-tee-2#Blush,hard
Jess,the-printed-v-neck-tee#White,cara-tee-2#WhiteBlk,hard
Jess,the-printed-v-neck-tee#White,daylight-cardi#Silver,random
Natalia,geena-xo-ls-pullover-knit#WhiteCapGr,voyager-stripe-crew#Stripe,hard
Natalia,geena-xo-ls-pullover-knit#WhiteCapGr,makeover-blouse#LimeGreen,hard
Natalia,geena-xo-ls-pullover-knit#WhiteCapGr,reversible-stripe-vee-scoop-neck-tank#BlackWhite,random
Mae-Lee,the-sleeveless-cross-over-blouse#Salmon,side-buttoned-sweater#Buttoned,hard
Mae-Lee,the-sleeveless-cross-over-blouse#Salmon,voyager-stripe-crew#Stripe,hard
Mae-Lee,the-sleeveless-cross-over-blouse#Salmon,the-contrast-knit-1#Navy,random
Gemma,cara-tee-3#ZebraPrint,voyager-stripe-crew#Stripe,hard
Gemma,cara-tee-3#ZebraPrint,makeover-blouse#LimeGreen,hard
Gemma,cara-tee-3#ZebraPrint,fundamental-vee-tee#Black,random
Natalia,the-relaxed-long-sleeve-tee-1#Ink%20Stripe,voyager-stripe-crew#Stripe,hard
Natalia,the-relaxed-long-sleeve-tee-1#Ink%20Stripe,makeover-blouse#LimeGreen,hard
Natalia,the-relaxed-long-sleeve-tee-1#Ink%20Stripe,cross-over-top-with-pocket#Emerald,random
Ljubenka,the-everyday-shirt#Midnight,the-uneven-hem-knit-1#Sage,hard
Ljubenka,the-everyday-shirt#Midnight,natural-textured-poncho#Deeprain,hard
Ljubenka,the-everyday-shirt#Midnight,layer-top-1#Navy,random
Marnee,chill-out-slouch-top#Mustard,natural-textured-poncho#Deeprain,hard
Marnee,chill-out-slouch-top#Mustard,voyager-stripe-crew#Stripe,hard
Marnee,chill-out-slouch-top#Mustard,knit-hoodie-1#Sage,random
Kate,sugar-snaps-layers-tank#Red,natural-textured-poncho#Deeprain,hard
Kate,sugar-snaps-layers-tank#Red,animal-button-up-shirt#KhakiPrint,hard
Kate,sugar-snaps-layers-tank#Red,clio-knit-jumper#InkWhite,random
Marnee,long-sleeve-softly-swinging-bamboo-tee#Black,natural-textured-poncho#Deeprain,hard
Marnee,long-sleeve-softly-swinging-bamboo-tee#Black,voyager-stripe-crew#Stripe,hard
Marnee,long-sleeve-softly-swinging-bamboo-tee#Black,fundamental-sydney-crew#Burgundy,random
Natalie,the-cut-out-shoulder-blouse#Blue,natural-textured-poncho#Deeprain,hard
Natalie,the-cut-out-shoulder-blouse#Blue,voyager-stripe-crew#Stripe,hard
Natalie,the-cut-out-shoulder-blouse#Blue,elcos-top#LightGrey,random
Fiona,the-wrap-jersey-top-1#NavyStripe,natural-textured-poncho#Deeprain,hard
Fiona,the-wrap-jersey-top-1#NavyStripe,wonderland-blouse#Ink,hard
Fiona,the-wrap-jersey-top-1#NavyStripe,the-roll-neck-sweater#Natural,random
Lauren,belle-drape-tee#Sliver,side-buttoned-sweater#Buttoned,hard
Lauren,belle-drape-tee#Sliver,voyager-stripe-crew#Stripe,hard
Lauren,belle-drape-tee#Sliver,crushed-top#Blue,random
Fiona,the-cosy-cardigan#Blue,natural-textured-poncho#Deeprain,hard
Fiona,the-cosy-cardigan#Blue,wonderland-blouse#Ink,hard
Fiona,the-cosy-cardigan#Blue,the-long-sleeve-scoop-neck-tee#Black,random
Palatina,falling-for-you-cardi#Dusty,cara-tee-2#Blush,hard
Palatina,falling-for-you-cardi#Dusty,cara-tee-2#WhiteBlk,hard
Palatina,falling-for-you-cardi#Dusty,animal-button-up-shirt#KhakiPrint,random
Georgia,wrap-me-up-bamboo-top#Black,voyager-stripe-crew#Stripe,hard
Georgia,wrap-me-up-bamboo-top#Black,makeover-blouse#LimeGreen,hard
Georgia,wrap-me-up-bamboo-top#Black,sontana-blouse#Stone,random
Jess,rika-top#BatikTile,cara-tee-2#Blush,hard
Jess,rika-top#BatikTile,cara-tee-2#WhiteBlk,hard
Jess,rika-top#BatikTile,tab-sleeve-longline-shirt#Navy,random
Perrie,the-short-sleeve-wrap-jersey-top#Blue,natural-textured-poncho#Deeprain,hard
Perrie,the-short-sleeve-wrap-jersey-top#Blue,voyager-stripe-crew#Stripe,hard
Perrie,the-short-sleeve-wrap-jersey-top#Blue,always-mine-spliced-cardigan#GreyEmeral,random
Gemma,floral-nehru-print-shirt#Pink,voyager-stripe-crew#Stripe,hard
Gemma,floral-nehru-print-shirt#Pink,makeover-blouse#LimeGreen,hard
Gemma,floral-nehru-print-shirt#Pink,mila-knit-cardigan#InkWhite,random
Clementine,the-sleeveless-cross-over-blouse#Cobalt,voyager-stripe-crew#Stripe,hard
Clementine,the-sleeveless-cross-over-blouse#Cobalt,makeover-blouse#LimeGreen,hard
Clementine,the-sleeveless-cross-over-blouse#Cobalt,diva-ruffle-jumper#Gold%20Spot,random
Mae-Lee,the-short-sleeve-wrap-jersey-top#Black,side-buttoned-sweater#Buttoned,hard
Mae-Lee,the-short-sleeve-wrap-jersey-top#Black,voyager-stripe-crew#Stripe,hard
Mae-Lee,the-short-sleeve-wrap-jersey-top#Black,first-love-kimono-jacket#Stone,random
Sophie,the-relaxed-long-sleeve-tee#Black,side-buttoned-sweater#Buttoned,hard
Sophie,the-relaxed-long-sleeve-tee#Black,the-tie-front-top#Navy,hard
Sophie,the-relaxed-long-sleeve-tee#Black,milan-stretch-top#Black,random
Mae-Lee,the-drape-tee-1#Black,side-buttoned-sweater#Buttoned,hard
Mae-Lee,the-drape-tee-1#Black,voyager-stripe-crew#Stripe,hard
Mae-Lee,the-drape-tee-1#Black,pure-merino-fine-rib-v-neck#Charcoal,random
Jess,softly-swinging-bamboo-tee#Black,cara-tee-2#Blush,hard
Jess,softly-swinging-bamboo-tee#Black,cara-tee-2#WhiteBlk,hard
Jess,softly-swinging-bamboo-tee#Black,agra-shirt#White,random
Georgia,long-sleeve-softly-swinging-bamboo-tee#Black,voyager-stripe-crew#Stripe,hard
Georgia,long-sleeve-softly-swinging-bamboo-tee#Black,makeover-blouse#LimeGreen,hard
Georgia,long-sleeve-softly-swinging-bamboo-tee#Black,knit-hoodie-1#Sage,random
Mae-Lee,the-cross-over-blouse#Black,side-buttoned-sweater#Buttoned,hard
Mae-Lee,the-cross-over-blouse#Black,voyager-stripe-crew#Stripe,hard
Mae-Lee,the-cross-over-blouse#Black,the-swing-tank-top#Rose,random
Palatina,collared-shirt-1#White,cara-tee-2#Blush,hard
Palatina,collared-shirt-1#White,cara-tee-2#WhiteBlk,hard
Palatina,collared-shirt-1#White,paradising-buttoned-shirt#Wheat,random
Jess,oregon-safari-embroidered-top#White,cara-tee-2#Blush,hard
Jess,oregon-safari-embroidered-top#White,cara-tee-2#WhiteBlk,hard
Jess,oregon-safari-embroidered-top#White,marlow-cardigan#Cream,random
Monique,the-cotton-bamboo-tank#Chambray,voyager-stripe-crew#Stripe,hard
Monique,the-cotton-bamboo-tank#Chambray,makeover-blouse#LimeGreen,hard
Monique,the-cotton-bamboo-tank#Chambray,st-helens-henley-tee#Sapphire,random
Laura,falling-for-you-cardi#Teal,cara-tee-2#Blush,hard
Laura,falling-for-you-cardi#Teal,cara-tee-2#WhiteBlk,hard
Laura,falling-for-you-cardi#Teal,the-shoulder-tie-top#White,random
Anna,the-short-sleeve-wrap-jersey-top#Blue,voyager-stripe-crew#Stripe,hard
Anna,the-short-sleeve-wrap-jersey-top#Blue,makeover-blouse#LimeGreen,hard
Anna,the-short-sleeve-wrap-jersey-top#Blue,messina-v-neck-tee#Black,random
Georgia,summer-whispers-kimono-1#Peacock,voyager-stripe-crew#Stripe,hard
Georgia,summer-whispers-kimono-1#Peacock,makeover-blouse#LimeGreen,hard
Georgia,summer-whispers-kimono-1#Peacock,the-contrast-knit-1#Sage,random
Katie,long-sleeve-ruffle-shirt#Navy,voyager-stripe-crew#Stripe,hard
Katie,long-sleeve-ruffle-shirt#Navy,makeover-blouse#LimeGreen,hard
Katie,long-sleeve-ruffle-shirt#Navy,the-midi-waterfall-cardi#BlueMarle,random
Jess,natural-textured-poncho#Deeprain,cara-tee-2#Blush,hard
Jess,natural-textured-poncho#Deeprain,cara-tee-2#WhiteBlk,hard
Jess,natural-textured-poncho#Deeprain,melbourne-stretch-cardigan#Black,random
Clementine,sugar-snaps-layers-tank#Black,voyager-stripe-crew#Stripe,hard
Clementine,sugar-snaps-layers-tank#Black,makeover-blouse#LimeGreen,hard
Clementine,sugar-snaps-layers-tank#Black,llama-long-sleeve-shirt#Mustard,random
Clementine,the-high-low-drape-tee#Sage,voyager-stripe-crew#Stripe,hard
Clementine,the-high-low-drape-tee#Sage,makeover-blouse#LimeGreen,hard
Clementine,the-high-low-drape-tee#Sage,the-cross-over-poncho#Navy,random
Laura,the-long-sleeve-v-neck-tee#Navy,cara-tee-2#Blush,hard
Laura,the-long-sleeve-v-neck-tee#Navy,cara-tee-2#WhiteBlk,hard
Laura,the-long-sleeve-v-neck-tee#Navy,sky-jumper-1#Clouds,random
Alex,the-cross-over-blouse#RoyalBlue,voyager-stripe-crew#Stripe,hard
Alex,the-cross-over-blouse#RoyalBlue,makeover-blouse#LimeGreen,hard
Alex,the-cross-over-blouse#RoyalBlue,sugar-snaps-layers-tank#Mint,random
Jess,the-batwing-tee#Stone,cara-tee-2#Blush,hard
Jess,the-batwing-tee#Stone,cara-tee-2#WhiteBlk,hard
Jess,the-batwing-tee#Stone,silver-cross-sweater#Silver,random
Mae-Lee,sugar-snaps-layers-tank#Mint,side-buttoned-sweater#Buttoned,hard
Mae-Lee,sugar-snaps-layers-tank#Mint,voyager-stripe-crew#Stripe,hard
Mae-Lee,sugar-snaps-layers-tank#Mint,willow-knot-top#WhiteBlk,random
Jess,the-bamboo-tunic-dress#Khaki,cara-tee-2#Blush,hard
Jess,the-bamboo-tunic-dress#Khaki,cara-tee-2#WhiteBlk,hard
Jess,the-bamboo-tunic-dress#Khaki,the-cape-jersey-top#DarkNavy,random
Jude,falling-for-you-cardi#Dusty,voyager-stripe-crew#Stripe,hard
Jude,falling-for-you-cardi#Dusty,makeover-blouse#LimeGreen,hard
Jude,falling-for-you-cardi#Dusty,rib-tank-2#Navy,random
Laura,maui-stretch-tee#Navy,cara-tee-2#Blush,hard
Laura,maui-stretch-tee#Navy,cara-tee-2#WhiteBlk,hard
Laura,maui-stretch-tee#Navy,paisley-top-1#Paisley,random
Georgia,softly-swinging-bamboo-tee#BlueJeans,voyager-stripe-crew#Stripe,hard
Georgia,softly-swinging-bamboo-tee#BlueJeans,makeover-blouse#LimeGreen,hard
Georgia,softly-swinging-bamboo-tee#BlueJeans,tuck-layer-shirt#White,random
Summer,alberta-stripe-top#IvoryStrip,voyager-stripe-crew#Stripe,hard
Summer,alberta-stripe-top#IvoryStrip,natural-textured-poncho#Deeprain,hard
Summer,alberta-stripe-top#IvoryStrip,henson-jumper#Cream,random
Charlotte,natural-rolled-neck-tunic#BlueDam,voyager-stripe-crew#Stripe,hard
Charlotte,natural-rolled-neck-tunic#BlueDam,makeover-blouse#LimeGreen,hard
Charlotte,natural-rolled-neck-tunic#BlueDam,lavaux-bell-sleeve#Mustard,random
Laura,sugar-snaps-layers-tank#Blue,cara-tee-2#Blush,hard
Laura,sugar-snaps-layers-tank#Blue,cara-tee-2#WhiteBlk,hard
Laura,sugar-snaps-layers-tank#Blue,capri-tank-3#White,random
Jess,double-layered-top-1#WBlack,cara-tee-2#Blush,hard
Jess,double-layered-top-1#WBlack,cara-tee-2#WhiteBlk,hard
Jess,double-layered-top-1#WBlack,the-contrast-detail-top#Ivory,random
Stacey,voyager-stripe-crew#Stripe,makeover-blouse#LimeGreen,hard
Stacey,voyager-stripe-crew#Stripe,cara-tee-2#Blush,hard
Stacey,voyager-stripe-crew#Stripe,the-printed-v-split-top#Natural,random
Mae-Lee,natural-extra-fine-sweater#Snowgum,side-buttoned-sweater#Buttoned,hard
Mae-Lee,natural-extra-fine-sweater#Snowgum,voyager-stripe-crew#Stripe,hard
Mae-Lee,natural-extra-fine-sweater#Snowgum,floral-embroidered-jumper#Navy,random
Ljubenka,belle-v-neck-forgiver-tunic#ArmyGreen,the-uneven-hem-knit-1#Sage,hard
Ljubenka,belle-v-neck-forgiver-tunic#ArmyGreen,natural-textured-poncho#Deeprain,hard
Ljubenka,belle-v-neck-forgiver-tunic#ArmyGreen,the-spotted-tunic#GreySpot,random
Stacey,floating-by-you-blouse#SeaFleur,makeover-blouse#LimeGreen,hard
Stacey,floating-by-you-blouse#SeaFleur,cara-tee-2#Blush,hard
Stacey,floating-by-you-blouse#SeaFleur,faith-jumper#Eventide,random
Laura,forget-me-knot-tunic#ForgetMeK,cara-tee-2#Blush,hard
Laura,forget-me-knot-tunic#ForgetMeK,cara-tee-2#WhiteBlk,hard
Laura,forget-me-knot-tunic#ForgetMeK,the-daily-cross-over-top#SkyBlue,random
Anna,the-long-sleeve-v-neck-tee#Navy,voyager-stripe-crew#Stripe,hard
Anna,the-long-sleeve-v-neck-tee#Navy,makeover-blouse#LimeGreen,hard
Anna,the-long-sleeve-v-neck-tee#Navy,butterfly-kisses-tee#Stripe,random
Madeline,cara-tee-4#Black,voyager-stripe-crew#Stripe,hard
Madeline,cara-tee-4#Black,makeover-blouse#LimeGreen,hard
Madeline,cara-tee-4#Black,capri-tank-3#NavyStripe,random
Sophia,falling-for-you-cardi#Black,cara-tee-2#Blush,hard
Sophia,falling-for-you-cardi#Black,cara-tee-2#WhiteBlk,hard
Sophia,falling-for-you-cardi#Black,cross-over-top-with-pocket#Emerald,random
Anna,the-cross-over-blouse#Silver,voyager-stripe-crew#Stripe,hard
Anna,the-cross-over-blouse#Silver,makeover-blouse#LimeGreen,hard
Anna,the-cross-over-blouse#Silver,belle-ls-free-fall-tee#Airforce,random
Madeline,analia-jersey-top#Black,voyager-stripe-crew#Stripe,hard
Madeline,analia-jersey-top#Black,makeover-blouse#LimeGreen,hard
Madeline,analia-jersey-top#Black,contrast-stripe-sweater#Pockets,random
Shadae,fundamental-stripe-long-sleeve-tee#WhiteBlack,voyager-stripe-crew#Stripe,hard
Shadae,fundamental-stripe-long-sleeve-tee#WhiteBlack,makeover-blouse#LimeGreen,hard
Shadae,fundamental-stripe-long-sleeve-tee#WhiteBlack,jersey-split-back-hooded-top#NavyStrip,random
Marnee,softly-swinging-bamboo-tee#Chambray,natural-textured-poncho#Deeprain,hard
Marnee,softly-swinging-bamboo-tee#Chambray,voyager-stripe-crew#Stripe,hard
Marnee,softly-swinging-bamboo-tee#Chambray,haze-swing-top#OffWhite,random
Laura,the-half-sleeve-tee#Black,cara-tee-2#Blush,hard
Laura,the-half-sleeve-tee#Black,cara-tee-2#WhiteBlk,hard
Laura,the-half-sleeve-tee#Black,the-fleck-roll-neck-knit#Oatmeal,random
Gemma,tab-sleeve-longline-shirt#Pink,voyager-stripe-crew#Stripe,hard
Gemma,tab-sleeve-longline-shirt#Pink,makeover-blouse#LimeGreen,hard
Gemma,tab-sleeve-longline-shirt#Pink,butterfly-kisses-tee#Green,random
Maddy,the-everyday-shirt#Black,natural-textured-poncho#Deeprain,hard
Maddy,the-everyday-shirt#Black,voyager-stripe-crew#Stripe,hard
Maddy,the-everyday-shirt#Black,multi-sequin-dot-stripe-top#Navy,random
Jess,softly-falling-bamboo-tunic#White,cara-tee-2#Blush,hard
Jess,softly-falling-bamboo-tunic#White,cara-tee-2#WhiteBlk,hard
Jess,softly-falling-bamboo-tunic#White,falling-for-you-cardi-2#WinterRose,random
Fiona,belle-paint-brush-print-top#PaintPrint,natural-textured-poncho#Deeprain,hard
Fiona,belle-paint-brush-print-top#PaintPrint,wonderland-blouse#Ink,hard
Fiona,belle-paint-brush-print-top#PaintPrint,the-flutter-sleeve-top#Denim,random
Laura,falling-for-you-cardi#Navy,cara-tee-2#Blush,hard
Laura,falling-for-you-cardi#Navy,cara-tee-2#WhiteBlk,hard
Laura,falling-for-you-cardi#Navy,cotton-cashmere-v-neck-knit#Navy,random
Summer,fundamental-vee-tee#Pink,voyager-stripe-crew#Stripe,hard
Summer,fundamental-vee-tee#Pink,natural-textured-poncho#Deeprain,hard
Summer,fundamental-vee-tee#Pink,merino-boyfriend-cardigan#MelangeStr,random
Riina,the-zip-front-top#Rose,voyager-stripe-crew#Stripe,hard
Riina,the-zip-front-top#Rose,makeover-blouse#LimeGreen,hard
Riina,the-zip-front-top#Rose,foil-spot-tee-1#Navy,random
Emma,the-bonded-cotton-shirt#Pink,voyager-stripe-crew#Stripe,hard
Emma,the-bonded-cotton-shirt#Pink,makeover-blouse#LimeGreen,hard
Emma,the-bonded-cotton-shirt#Pink,the-contrast-knit-1#Sage,random
Laura,the-relaxed-long-sleeve-tee#Khaki,cara-tee-2#Blush,hard
Laura,the-relaxed-long-sleeve-tee#Khaki,cara-tee-2#WhiteBlk,hard
Laura,the-relaxed-long-sleeve-tee#Khaki,striped-cardigan-3#Rainbow,random
Marnee,the-crossover-2-way-blouse#Black,natural-textured-poncho#Deeprain,hard
Marnee,the-crossover-2-way-blouse#Black,voyager-stripe-crew#Stripe,hard
Marnee,the-crossover-2-way-blouse#Black,mauevewood-crew#YellowWhit,random
Jess,the-crossover-2-way-blouse#Black,cara-tee-2#Blush,hard
Jess,the-crossover-2-way-blouse#Black,cara-tee-2#WhiteBlk,hard
Jess,the-crossover-2-way-blouse#Black,skipping-stones-tunic#Forest,random
Clementine,the-striped-top#BlueStripe,voyager-stripe-crew#Stripe,hard
Clementine,the-striped-top#BlueStripe,makeover-blouse#LimeGreen,hard
Clementine,the-striped-top#BlueStripe,floating-by-you-blouse#SeaFleur,random
Jess,sugar-snaps-layers-tank#Blue,cara-tee-2#Blush,hard
Jess,sugar-snaps-layers-tank#Blue,cara-tee-2#WhiteBlk,hard
Jess,sugar-snaps-layers-tank#Blue,anna-top#Leona,random
Anna,waterfall-cardi-1#Black,voyager-stripe-crew#Stripe,hard
Anna,waterfall-cardi-1#Black,makeover-blouse#LimeGreen,hard
Anna,waterfall-cardi-1#Black,the-check-pullover#PinkCheck,random
Natalia,clovis-shirt#NavyGold,voyager-stripe-crew#Stripe,hard
Natalia,clovis-shirt#NavyGold,makeover-blouse#LimeGreen,hard
Natalia,clovis-shirt#NavyGold,the-longline-cardi-1#Nude,random
Nadine,monaco-sweater#BlackCream,makeover-blouse#LimeGreen,hard
Nadine,monaco-sweater#BlackCream,pure-merino-fine-rib-v-neck#Charcoal,hard
Nadine,monaco-sweater#BlackCream,jade-kimono-sweet-blossoms#Blue,random
Denniel,the-batwing-tee#FrenchBlue,natural-textured-poncho#Deeprain,hard
Denniel,the-batwing-tee#FrenchBlue,voyager-stripe-crew#Stripe,hard
Denniel,the-batwing-tee#FrenchBlue,the-cross-front-spot-blouse#NavySpot,random
Mae-Lee,the-batwing-tee#Stone,side-buttoned-sweater#Buttoned,hard
Mae-Lee,the-batwing-tee#Stone,voyager-stripe-crew#Stripe,hard
Mae-Lee,the-batwing-tee#Stone,the-cross-over-top#GreyStripe,random
Tia,pattern-tunic-1#Lattice,the-panel-luxe-top#BlkWhite,hard
Tia,pattern-tunic-1#Lattice,the-panel-luxe-top#SilvWhite,hard
Tia,pattern-tunic-1#Lattice,daisy-top-1#BrightBlue,random
Amanda,the-cosy-cardigan#Grey,natural-textured-poncho#Deeprain,hard
Amanda,the-cosy-cardigan#Grey,voyager-stripe-crew#Stripe,hard
Amanda,the-cosy-cardigan#Grey,foil-spot-tee-1#Navy,random
Denniel,the-cross-over-blouse#Blue,natural-textured-poncho#Deeprain,hard
Denniel,the-cross-over-blouse#Blue,voyager-stripe-crew#Stripe,hard
Denniel,the-cross-over-blouse#Blue,natural-detailed-sweater#Tinroof,random
Denniel,the-cross-over-blouse#Black,natural-textured-poncho#Deeprain,hard
Denniel,the-cross-over-blouse#Black,voyager-stripe-crew#Stripe,hard
Denniel,the-cross-over-blouse#Black,paradise-cardi#MultiStrip,random
Ljubenka,softly-swinging-bamboo-tee#TeaRose,the-uneven-hem-knit-1#Sage,hard
Ljubenka,softly-swinging-bamboo-tee#TeaRose,natural-textured-poncho#Deeprain,hard
Ljubenka,softly-swinging-bamboo-tee#TeaRose,the-spotted-tunic#NavySpot,random
Madeline,cara-tee-4#BlackWhite,voyager-stripe-crew#Stripe,hard
Madeline,cara-tee-4#BlackWhite,makeover-blouse#LimeGreen,hard
Madeline,cara-tee-4#BlackWhite,flying-free-top-3#WhiteBird,random
Fiona,frill-me-tie-throw-on#WhiteBlk,natural-textured-poncho#Deeprain,hard
Fiona,frill-me-tie-throw-on#WhiteBlk,wonderland-blouse#Ink,hard
Fiona,frill-me-tie-throw-on#WhiteBlk,the-sleeveless-cross-over-blouse#Chambray,random
Amanda,the-multi-stripe-cardi#Stripe,natural-textured-poncho#Deeprain,hard
Amanda,the-multi-stripe-cardi#Stripe,voyager-stripe-crew#Stripe,hard
Amanda,the-multi-stripe-cardi#Stripe,moonlight-kisses-bamboo-tee#Combat,random
Fiona,natural-waterfall-cardigan#Fallendust,natural-textured-poncho#Deeprain,hard
Fiona,natural-waterfall-cardigan#Fallendust,wonderland-blouse#Ink,hard
Fiona,natural-waterfall-cardigan#Fallendust,the-zip-front-blouse#Navy,random
Amanda,the-stitch-v-neck-knit#DenimMarle,natural-textured-poncho#Deeprain,hard
Amanda,the-stitch-v-neck-knit#DenimMarle,voyager-stripe-crew#Stripe,hard
Amanda,the-stitch-v-neck-knit#DenimMarle,sequin-spot-shirt#Blue,random
Fiona,the-luxe-long-sleeve-tee#GreyMarle,natural-textured-poncho#Deeprain,hard
Fiona,the-luxe-long-sleeve-tee#GreyMarle,wonderland-blouse#Ink,hard
Fiona,the-luxe-long-sleeve-tee#GreyMarle,beach-walk-shirt#Khaki,random
Lauren,the-twist-front-top#Grey,side-buttoned-sweater#Buttoned,hard
Lauren,the-twist-front-top#Grey,voyager-stripe-crew#Stripe,hard
Lauren,the-twist-front-top#Grey,the-stripe-jersey-top#Blue,random
Shadae,rib-tank-2#Khaki,voyager-stripe-crew#Stripe,hard
Shadae,rib-tank-2#Khaki,makeover-blouse#LimeGreen,hard
Shadae,rib-tank-2#Khaki,geena-xo-ls-pullover-knit#Allure,random
Alex,the-sleeveless-cross-over-blouse#Cobalt,voyager-stripe-crew#Stripe,hard
Alex,the-sleeveless-cross-over-blouse#Cobalt,makeover-blouse#LimeGreen,hard
Alex,the-sleeveless-cross-over-blouse#Cobalt,the-contrast-trim-knit#BlackWhite,random
Jess,starry-night-cardi#Chalk,cara-tee-2#Blush,hard
Jess,starry-night-cardi#Chalk,cara-tee-2#WhiteBlk,hard
Jess,starry-night-cardi#Chalk,animal-knit-1#Animal,random
Georgia,skipping-stones-tunic#Forest,voyager-stripe-crew#Stripe,hard
Georgia,skipping-stones-tunic#Forest,makeover-blouse#LimeGreen,hard
Georgia,skipping-stones-tunic#Forest,leah-knit-cardigan#WhiteBlk,random
Katie,messina-knit-1#Shiraz,voyager-stripe-crew#Stripe,hard
Katie,messina-knit-1#Shiraz,makeover-blouse#LimeGreen,hard
Katie,messina-knit-1#Shiraz,marjorie-tie-blouse#BluePrint,random
Nathalie,the-wrap-jersey-top#Charcoal,voyager-stripe-crew#Stripe,hard
Nathalie,the-wrap-jersey-top#Charcoal,makeover-blouse#LimeGreen,hard
Nathalie,the-wrap-jersey-top#Charcoal,floating-by-you-blouse#SeaFleur,random
Jess,long-sleeve-softly-swinging-bamboo-tee#Fern,cara-tee-2#Blush,hard
Jess,long-sleeve-softly-swinging-bamboo-tee#Fern,cara-tee-2#WhiteBlk,hard
Jess,long-sleeve-softly-swinging-bamboo-tee#Fern,contrast-pocket-tunic#Pinkpocket,random
Fiona,sugar-snaps-throw-jacket#Duckegg,natural-textured-poncho#Deeprain,hard
Fiona,sugar-snaps-throw-jacket#Duckegg,wonderland-blouse#Ink,hard
Fiona,sugar-snaps-throw-jacket#Duckegg,cross-over-top-with-pocket#BlackWhite,random
Natalie,the-batwing-tee#FrenchBlue,natural-textured-poncho#Deeprain,hard
Natalie,the-batwing-tee#FrenchBlue,voyager-stripe-crew#Stripe,hard
Natalie,the-batwing-tee#FrenchBlue,waterfall-cardi-1#Black,random
Jess,waterfall-cardi-1#Black,cara-tee-2#Blush,hard
Jess,waterfall-cardi-1#Black,cara-tee-2#WhiteBlk,hard
Jess,waterfall-cardi-1#Black,clara-blouse#DarkFloral,random
Mae-Lee,the-batwing-tee#Black,side-buttoned-sweater#Buttoned,hard
Mae-Lee,the-batwing-tee#Black,voyager-stripe-crew#Stripe,hard
Mae-Lee,the-batwing-tee#Black,cable-knit-sweater#Camel,random
Emma,sugar-snaps-layers-tank#Red,voyager-stripe-crew#Stripe,hard
Emma,sugar-snaps-layers-tank#Red,makeover-blouse#LimeGreen,hard
Emma,sugar-snaps-layers-tank#Red,luxe-shirt#Black,random
Chesska,diva-ruffle-jumper#Gold%20Spot,voyager-stripe-crew#Stripe,hard
Chesska,diva-ruffle-jumper#Gold%20Spot,makeover-blouse#LimeGreen,hard
Chesska,diva-ruffle-jumper#Gold%20Spot,summer-haze-top#Teal,random
Fiona,the-boat-neck-top-1#Ink,natural-textured-poncho#Deeprain,hard
Fiona,the-boat-neck-top-1#Ink,wonderland-blouse#Ink,hard
Fiona,the-boat-neck-top-1#Ink,belle-half-sleeve-boat-tee#White,random
Nikki,the-drape-tee-1#NavyStripe,natural-textured-poncho#Deeprain,hard
Nikki,the-drape-tee-1#NavyStripe,voyager-stripe-crew#Stripe,hard
Nikki,the-drape-tee-1#NavyStripe,daylight-jumper#Silver,random
Amanda,the-cross-front-spot-blouse#Spot,natural-textured-poncho#Deeprain,hard
Amanda,the-cross-front-spot-blouse#Spot,voyager-stripe-crew#Stripe,hard
Amanda,the-cross-front-spot-blouse#Spot,capri-tank-3#NavyStripe,random
Ljubenka,the-drape-tee-1#NavyStripe,the-uneven-hem-knit-1#Sage,hard
Ljubenka,the-drape-tee-1#NavyStripe,natural-textured-poncho#Deeprain,hard
Ljubenka,the-drape-tee-1#NavyStripe,clovis-shirt#NavyGold,random
Charlotte,natural-overlay-knit#Greybloss,voyager-stripe-crew#Stripe,hard
Charlotte,natural-overlay-knit#Greybloss,makeover-blouse#LimeGreen,hard
Charlotte,natural-overlay-knit#Greybloss,34-sleeve-shirt-1#SkyWhite,random
Madeline,layered-top-2#Navy,voyager-stripe-crew#Stripe,hard
Madeline,layered-top-2#Navy,makeover-blouse#LimeGreen,hard
Madeline,layered-top-2#Navy,2-in-1-layered-top-1#PinkWhite,random
Georgia,sunshine-in-me-tee-1#White,voyager-stripe-crew#Stripe,hard
Georgia,sunshine-in-me-tee-1#White,makeover-blouse#LimeGreen,hard
Georgia,sunshine-in-me-tee-1#White,belle-nautical-applique-tee#BlueStripe,random
Amanda,the-relaxed-batwing-top#PeachRose,natural-textured-poncho#Deeprain,hard
Amanda,the-relaxed-batwing-top#PeachRose,voyager-stripe-crew#Stripe,hard
Amanda,the-relaxed-batwing-top#PeachRose,heart-spliced-top#Navy,random
Mae-Lee,belle-half-sleeve-forgiver-tunic#MutedClay,side-buttoned-sweater#Buttoned,hard
Mae-Lee,belle-half-sleeve-forgiver-tunic#MutedClay,voyager-stripe-crew#Stripe,hard
Mae-Lee,belle-half-sleeve-forgiver-tunic#MutedClay,grace-oversized-knit#StoneBlack,random
Emma,paint-stroke-top#Strokes,voyager-stripe-crew#Stripe,hard
Emma,paint-stroke-top#Strokes,makeover-blouse#LimeGreen,hard
Emma,paint-stroke-top#Strokes,sugar-snaps-round-neck-layer-tank#DuckEgg,random
Emma,long-sleeve-softly-swinging-bamboo-tee#Combat,voyager-stripe-crew#Stripe,hard
Emma,long-sleeve-softly-swinging-bamboo-tee#Combat,makeover-blouse#LimeGreen,hard
Emma,long-sleeve-softly-swinging-bamboo-tee#Combat,marlow-cardigan#Cream,random
Marnee,the-relaxed-long-sleeve-tee#Khaki,natural-textured-poncho#Deeprain,hard
Marnee,the-relaxed-long-sleeve-tee#Khaki,voyager-stripe-crew#Stripe,hard
Marnee,the-relaxed-long-sleeve-tee#Khaki,hannah-tee-1#Black,random
Ljubenka,layered-tee-2#White,the-uneven-hem-knit-1#Sage,hard
Ljubenka,layered-tee-2#White,natural-textured-poncho#Deeprain,hard
Ljubenka,layered-tee-2#White,the-boat-neck-top-1#NavyWhite,random
Chelsea,natural-rolled-neck-tunic#BlueDam,voyager-stripe-crew#Stripe,hard
Chelsea,natural-rolled-neck-tunic#BlueDam,makeover-blouse#LimeGreen,hard
Chelsea,natural-rolled-neck-tunic#BlueDam,the-short-sleeve-wrap-jersey-top#Black,random
Tia,the-everyday-shirt#Rose,the-panel-luxe-top#BlkWhite,hard
Tia,the-everyday-shirt#Rose,the-panel-luxe-top#SilvWhite,hard
Tia,the-everyday-shirt#Rose,eco-78-long-cardigan#LightGreyM,random
Summer,rib-tank-2#Navy,voyager-stripe-crew#Stripe,hard
Summer,rib-tank-2#Navy,natural-textured-poncho#Deeprain,hard
Summer,rib-tank-2#Navy,hydrangea-kimono#Hydrangea,random
Chelsea,malibu-cardigan#Navy,voyager-stripe-crew#Stripe,hard
Chelsea,malibu-cardigan#Navy,makeover-blouse#LimeGreen,hard
Chelsea,malibu-cardigan#Navy,square-nk-fray-trim-top#Denim,random
Denniel,the-batwing-tee#Black,natural-textured-poncho#Deeprain,hard
Denniel,the-batwing-tee#Black,voyager-stripe-crew#Stripe,hard
Denniel,the-batwing-tee#Black,oregon-safari-embroidered-top#White,random
Monique,the-open-sleeve-blouse#Berry,voyager-stripe-crew#Stripe,hard
Monique,the-open-sleeve-blouse#Berry,makeover-blouse#LimeGreen,hard
Monique,the-open-sleeve-blouse#Berry,the-cotton-bamboo-ls-top#Black,random
Shadae,clio-knit-jumper#StoneBlack,voyager-stripe-crew#Stripe,hard
Shadae,clio-knit-jumper#StoneBlack,makeover-blouse#LimeGreen,hard
Shadae,clio-knit-jumper#StoneBlack,the-blouson-sleeve-jumper#Navy,random
Fiona,the-luxe-dobby-blouse#White,natural-textured-poncho#Deeprain,hard
Fiona,the-luxe-dobby-blouse#White,wonderland-blouse#Ink,hard
Fiona,the-luxe-dobby-blouse#White,ditzy-floral-ruffle-blouse#DitzyFlora,random
Ljubenka,softly-swinging-bamboo-tee#White,the-uneven-hem-knit-1#Sage,hard
Ljubenka,softly-swinging-bamboo-tee#White,natural-textured-poncho#Deeprain,hard
Ljubenka,softly-swinging-bamboo-tee#White,the-bonded-cotton-tunic-dress#Navy,random
Laura,printed-v-neck-top#Striped,cara-tee-2#Blush,hard
Laura,printed-v-neck-top#Striped,cara-tee-2#WhiteBlk,hard
Laura,printed-v-neck-top#Striped,longline-gather-back-shirt#Black,random
Emma,aztec-cardigan#Orange,voyager-stripe-crew#Stripe,hard
Emma,aztec-cardigan#Orange,makeover-blouse#LimeGreen,hard
Emma,aztec-cardigan#Orange,the-oversized-cotton-blend-shirt#Sand,random
Clementine,sugar-snaps-layers-tank#Mint,voyager-stripe-crew#Stripe,hard
Clementine,sugar-snaps-layers-tank#Mint,makeover-blouse#LimeGreen,hard
Clementine,sugar-snaps-layers-tank#Mint,fundamental-vee-tee#Navy,random
Marnee,softly-swinging-bamboo-tee#Storm,natural-textured-poncho#Deeprain,hard
Marnee,softly-swinging-bamboo-tee#Storm,voyager-stripe-crew#Stripe,hard
Marnee,softly-swinging-bamboo-tee#Storm,boho-embroidered-top#BohoDenim,random
Jess,softly-swinging-bamboo-tee#Starfish,cara-tee-2#Blush,hard
Jess,softly-swinging-bamboo-tee#Starfish,cara-tee-2#WhiteBlk,hard
Jess,softly-swinging-bamboo-tee#Starfish,dahlia-lace-trim-blouse#Dusk,random
Fiona,the-stitch-v-neck-knit#DenimMarle,natural-textured-poncho#Deeprain,hard
Fiona,the-stitch-v-neck-knit#DenimMarle,wonderland-blouse#Ink,hard
Fiona,the-stitch-v-neck-knit#DenimMarle,jersey-split-back-hooded-top#NavyStrip,random
Tia,the-cross-over-blouse#White,the-panel-luxe-top#BlkWhite,hard
Tia,the-cross-over-blouse#White,the-panel-luxe-top#SilvWhite,hard
Tia,the-cross-over-blouse#White,tracie-top#Black,random
Miranda,the-reversible-cowl-neck-top-1#Black,voyager-stripe-crew#Stripe,hard
Miranda,the-reversible-cowl-neck-top-1#Black,makeover-blouse#LimeGreen,hard
Miranda,the-reversible-cowl-neck-top-1#Black,annabelle-sweater#Midnight,random
Jess,double-layered-top-1#WSilver,cara-tee-2#Blush,hard
Jess,double-layered-top-1#WSilver,cara-tee-2#WhiteBlk,hard
Jess,double-layered-top-1#WSilver,rory-spliced-zip-hoodie#Slate,random
Laura,sugar-snaps-layers-tank#Mint,cara-tee-2#Blush,hard
Laura,sugar-snaps-layers-tank#Mint,cara-tee-2#WhiteBlk,hard
Laura,sugar-snaps-layers-tank#Mint,ditzy-floral-ruffle-blouse#DitzyFlora,random
Kate,sugar-snaps-layers-tank#Mint,natural-textured-poncho#Deeprain,hard
Kate,sugar-snaps-layers-tank#Mint,animal-button-up-shirt#KhakiPrint,hard
Kate,sugar-snaps-layers-tank#Mint,the-box-top#Blush,random
Katie,longline-cardigan-2#Pink,voyager-stripe-crew#Stripe,hard
Katie,longline-cardigan-2#Pink,makeover-blouse#LimeGreen,hard
Katie,longline-cardigan-2#Pink,belle-off-the-shoulder-tee#Stripe,random
Chelsea,relaxed-cape#WhiteBlack,voyager-stripe-crew#Stripe,hard
Chelsea,relaxed-cape#WhiteBlack,makeover-blouse#LimeGreen,hard
Chelsea,relaxed-cape#WhiteBlack,the-cross-over-blouse#Blue,random
Marnee,the-everyday-shirt#Rose,natural-textured-poncho#Deeprain,hard
Marnee,the-everyday-shirt#Rose,voyager-stripe-crew#Stripe,hard
Marnee,the-everyday-shirt#Rose,agra-shirt#White,random
Ljubenka,the-drape-tee-1#Navy,the-uneven-hem-knit-1#Sage,hard
Ljubenka,the-drape-tee-1#Navy,natural-textured-poncho#Deeprain,hard
Ljubenka,the-drape-tee-1#Navy,mila-knit-cardigan#Clay,random
Jess,the-print-contrast-34-sleeve-top#Animal,cara-tee-2#Blush,hard
Jess,the-print-contrast-34-sleeve-top#Animal,cara-tee-2#WhiteBlk,hard
Jess,the-print-contrast-34-sleeve-top#Animal,the-flutter-sleeve-top#Denim,random
Maddy,sontana-blouse#Stone,natural-textured-poncho#Deeprain,hard
Maddy,sontana-blouse#Stone,voyager-stripe-crew#Stripe,hard
Maddy,sontana-blouse#Stone,geneva-v-neck-top#ClaySpot,random
Sophia,eco-78-long-cardigan#DarkGreyM,cara-tee-2#Blush,hard
Sophia,eco-78-long-cardigan#DarkGreyM,cara-tee-2#WhiteBlk,hard
Sophia,eco-78-long-cardigan#DarkGreyM,star-and-spot-sweater#SilverMult,random
Anna,the-half-sleeve-tee#White,voyager-stripe-crew#Stripe,hard
Anna,the-half-sleeve-tee#White,makeover-blouse#LimeGreen,hard
Anna,the-half-sleeve-tee#White,ruffle-sleeve-top-1#Black,random
Laura,the-long-sleeve-v-neck-tee#White,cara-tee-2#Blush,hard
Laura,the-long-sleeve-v-neck-tee#White,cara-tee-2#WhiteBlk,hard
Laura,the-long-sleeve-v-neck-tee#White,the-soft-knit-jumper#PinkStripe,random
Natalie,sugar-snaps-layers-tank#Blue,natural-textured-poncho#Deeprain,hard
Natalie,sugar-snaps-layers-tank#Blue,voyager-stripe-crew#Stripe,hard
Natalie,sugar-snaps-layers-tank#Blue,cross-over-top-with-pocket#BlackWhite,random
Marnee,on-safari-blouse#Jewel,natural-textured-poncho#Deeprain,hard
Marnee,on-safari-blouse#Jewel,voyager-stripe-crew#Stripe,hard
Marnee,on-safari-blouse#Jewel,natural-tie-tunic#BlueSky,random
Stefania,the-cross-over-poncho#Navy,voyager-stripe-crew#Stripe,hard
Stefania,the-cross-over-poncho#Navy,makeover-blouse#LimeGreen,hard
Stefania,the-cross-over-poncho#Navy,the-long-sleeve-scoop-neck-tee#Navy,random
Laura,runaway-top#Sand,cara-tee-2#Blush,hard
Laura,runaway-top#Sand,cara-tee-2#WhiteBlk,hard
Laura,runaway-top#Sand,the-belle-sleeve-print-top#NavyPrint,random
Anna,the-cross-over-blouse#Blue,voyager-stripe-crew#Stripe,hard
Anna,the-cross-over-blouse#Blue,makeover-blouse#LimeGreen,hard
Anna,the-cross-over-blouse#Blue,natural-cosy-sweater#Rosered,random
Clementine,the-sleeveless-cross-over-blouse#Sunshine,voyager-stripe-crew#Stripe,hard
Clementine,the-sleeveless-cross-over-blouse#Sunshine,makeover-blouse#LimeGreen,hard
Clementine,the-sleeveless-cross-over-blouse#Sunshine,falling-for-you-cardi#Black,random
Miranda,york-linen-blend-long-cardigan#BurntOrang,voyager-stripe-crew#Stripe,hard
Miranda,york-linen-blend-long-cardigan#BurntOrang,makeover-blouse#LimeGreen,hard
Miranda,york-linen-blend-long-cardigan#BurntOrang,the-contrast-knit-1#Sage,random
Georgia,skipping-stones-tunic#Natural,voyager-stripe-crew#Stripe,hard
Georgia,skipping-stones-tunic#Natural,makeover-blouse#LimeGreen,hard
Georgia,skipping-stones-tunic#Natural,emerald-knit#Emerald,random
Georgia,cyrus-top#LightRose,voyager-stripe-crew#Stripe,hard
Georgia,cyrus-top#LightRose,makeover-blouse#LimeGreen,hard
Georgia,cyrus-top#LightRose,grace-oversized-knit#StoneBlack,random
Marnee,long-sleeve-softly-swinging-bamboo-tee#Smoke,natural-textured-poncho#Deeprain,hard
Marnee,long-sleeve-softly-swinging-bamboo-tee#Smoke,voyager-stripe-crew#Stripe,hard
Marnee,long-sleeve-softly-swinging-bamboo-tee#Smoke,messina-v-neck-tee#Black,random
Anna,layered-tee-2#Black,voyager-stripe-crew#Stripe,hard
Anna,layered-tee-2#Black,makeover-blouse#LimeGreen,hard
Anna,layered-tee-2#Black,belle-v-neck-forgiver-tunic#DenimMarl,random
Marnee,the-pirate-in-me-shirt#White,natural-textured-poncho#Deeprain,hard
Marnee,the-pirate-in-me-shirt#White,voyager-stripe-crew#Stripe,hard
Marnee,the-pirate-in-me-shirt#White,crushed-top#Blue,random
Emma,belle-v-neck-forgiver-tunic#White,voyager-stripe-crew#Stripe,hard
Emma,belle-v-neck-forgiver-tunic#White,makeover-blouse#LimeGreen,hard
Emma,belle-v-neck-forgiver-tunic#White,holly-rib-long-sleeve-tee#WhiteGrey,random
Anna,the-drape-tee-1#Navy,voyager-stripe-crew#Stripe,hard
Anna,the-drape-tee-1#Navy,makeover-blouse#LimeGreen,hard
Anna,the-drape-tee-1#Navy,gloria-applique-crew#Charcoal,random
Marnee,frill-me-tie-throw-on#WhiteBlk,natural-textured-poncho#Deeprain,hard
Marnee,frill-me-tie-throw-on#WhiteBlk,voyager-stripe-crew#Stripe,hard
Marnee,frill-me-tie-throw-on#WhiteBlk,the-cotton-blend-stripe-jumper#BlueStripe,random
Anna,the-batwing-tee#Stone,voyager-stripe-crew#Stripe,hard
Anna,the-batwing-tee#Stone,makeover-blouse#LimeGreen,hard
Anna,the-batwing-tee#Stone,lucy-rib-oversized-top#Black,random
Riina,the-panel-hem-top#Khaki,voyager-stripe-crew#Stripe,hard
Riina,the-panel-hem-top#Khaki,makeover-blouse#LimeGreen,hard
Riina,the-panel-hem-top#Khaki,the-crossover-2-way-blouse#Black,random
Lauren,the-sleeve-detail-knit#Ivory,side-buttoned-sweater#Buttoned,hard
Lauren,the-sleeve-detail-knit#Ivory,voyager-stripe-crew#Stripe,hard
Lauren,the-sleeve-detail-knit#Ivory,square-nk-fray-trim-top#Denim,random
Monique,alberta-stripe-top#IvoryStrip,voyager-stripe-crew#Stripe,hard
Monique,alberta-stripe-top#IvoryStrip,makeover-blouse#LimeGreen,hard
Monique,alberta-stripe-top#IvoryStrip,melbourne-stretch-cardigan#Black,random
Jess,natural-cross-back-knit#Lightsmoke,cara-tee-2#Blush,hard
Jess,natural-cross-back-knit#Lightsmoke,cara-tee-2#WhiteBlk,hard
Jess,natural-cross-back-knit#Lightsmoke,stripe-me-happy-blouse#Ash,random
Fiona,the-tie-layering-knit#Grey,natural-textured-poncho#Deeprain,hard
Fiona,the-tie-layering-knit#Grey,wonderland-blouse#Ink,hard
Fiona,the-tie-layering-knit#Grey,raspberry-ls-tee#WhiteRaspb,random
Mae-Lee,belle-half-sleeve-forgiver-tunic#Black,side-buttoned-sweater#Buttoned,hard
Mae-Lee,belle-half-sleeve-forgiver-tunic#Black,voyager-stripe-crew#Stripe,hard
Mae-Lee,belle-half-sleeve-forgiver-tunic#Black,sequin-star-tee#Navy,random
Nadine,the-everyday-shirt#Midnight,makeover-blouse#LimeGreen,hard
Nadine,the-everyday-shirt#Midnight,pure-merino-fine-rib-v-neck#Charcoal,hard
Nadine,the-everyday-shirt#Midnight,side-buttoned-sweater#Buttoned,random
Ljubenka,the-stella-tee#Marine,the-uneven-hem-knit-1#Sage,hard
Ljubenka,the-stella-tee#Marine,natural-textured-poncho#Deeprain,hard
Ljubenka,the-stella-tee#Marine,wildflower-shirt#White,random
Georgia,baobab-sweater#Bark,voyager-stripe-crew#Stripe,hard
Georgia,baobab-sweater#Bark,makeover-blouse#LimeGreen,hard
Georgia,baobab-sweater#Bark,elcos-top#LightGrey,random
Georgia,runaway-top#Sand,voyager-stripe-crew#Stripe,hard
Georgia,runaway-top#Sand,makeover-blouse#LimeGreen,hard
Georgia,runaway-top#Sand,spiced-stripe-tee#NavyWhite,random
Nadine,half-sleeve-fluffy-knit#Ivory,makeover-blouse#LimeGreen,hard
Nadine,half-sleeve-fluffy-knit#Ivory,pure-merino-fine-rib-v-neck#Charcoal,hard
Nadine,half-sleeve-fluffy-knit#Ivory,the-sleeveless-cross-over-blouse#Mint,random
Fiona,printed-v-neck-top#Striped,natural-textured-poncho#Deeprain,hard
Fiona,printed-v-neck-top#Striped,wonderland-blouse#Ink,hard
Fiona,printed-v-neck-top#Striped,relaxed-cape#WhiteBlack,random
Maddy,the-cross-over-blouse#Black,natural-textured-poncho#Deeprain,hard
Maddy,the-cross-over-blouse#Black,voyager-stripe-crew#Stripe,hard
Maddy,the-cross-over-blouse#Black,fundamental-split-hoodie-1#Khaki,random
Marnee,blue-waters-cotton-blouse#White,natural-textured-poncho#Deeprain,hard
Marnee,blue-waters-cotton-blouse#White,voyager-stripe-crew#Stripe,hard
Marnee,blue-waters-cotton-blouse#White,ines-top#NavyStrip,random
Tia,wrap-me-up-bamboo-top#BlueJeans,the-panel-luxe-top#BlkWhite,hard
Tia,wrap-me-up-bamboo-top#BlueJeans,the-panel-luxe-top#SilvWhite,hard
Tia,wrap-me-up-bamboo-top#BlueJeans,ruffle-top-4#Terracotta,random
Perrie,the-button-up-swing-tunic#Wine,natural-textured-poncho#Deeprain,hard
Perrie,the-button-up-swing-tunic#Wine,voyager-stripe-crew#Stripe,hard
Perrie,the-button-up-swing-tunic#Wine,weekend-cardigan#Black,random
Gemma,geena-xo-ls-pullover-knit#WhiteCapGr,voyager-stripe-crew#Stripe,hard
Gemma,geena-xo-ls-pullover-knit#WhiteCapGr,makeover-blouse#LimeGreen,hard
Gemma,geena-xo-ls-pullover-knit#WhiteCapGr,long-sleeve-layer-top#White,random
Fiona,nuzuri-longline-cardi#Forest,natural-textured-poncho#Deeprain,hard
Fiona,nuzuri-longline-cardi#Forest,wonderland-blouse#Ink,hard
Fiona,nuzuri-longline-cardi#Forest,bo-cosy-cardigan#Blossom,random
Lisa,seeker-knot-front-shirt#Olive,voyager-stripe-crew#Stripe,hard
Lisa,seeker-knot-front-shirt#Olive,makeover-blouse#LimeGreen,hard
Lisa,seeker-knot-front-shirt#Olive,the-curve-striped-tank#Marine,random
Gemma,tuck-layer-shirt#White,voyager-stripe-crew#Stripe,hard
Gemma,tuck-layer-shirt#White,makeover-blouse#LimeGreen,hard
Gemma,tuck-layer-shirt#White,the-relaxed-long-sleeve-tee#Black,random
Clementine,the-stripe-tank-1#Hazelnut,voyager-stripe-crew#Stripe,hard
Clementine,the-stripe-tank-1#Hazelnut,makeover-blouse#LimeGreen,hard
Clementine,the-stripe-tank-1#Hazelnut,eco-78-long-cardigan#LightGreyM,random
Chelsea,the-high-low-drape-tee#Sage,voyager-stripe-crew#Stripe,hard
Chelsea,the-high-low-drape-tee#Sage,makeover-blouse#LimeGreen,hard
Chelsea,the-high-low-drape-tee#Sage,2-in-1-jumper#Navy,random
Sophie,the-relaxed-long-sleeve-tee#Navy,side-buttoned-sweater#Buttoned,hard
Sophie,the-relaxed-long-sleeve-tee#Navy,the-tie-front-top#Navy,hard
Sophie,the-relaxed-long-sleeve-tee#Navy,milan-stretch-top#White,random
Fiona,belle-deep-v-mesh-top#Black,natural-textured-poncho#Deeprain,hard
Fiona,belle-deep-v-mesh-top#Black,wonderland-blouse#Ink,hard
Fiona,belle-deep-v-mesh-top#Black,back-to-you-top#Rust,random
Alex,the-cotton-bamboo-tee#White,voyager-stripe-crew#Stripe,hard
Alex,the-cotton-bamboo-tee#White,makeover-blouse#LimeGreen,hard
Alex,the-cotton-bamboo-tee#White,the-frill-wrap-blouse#Spot,random
Miranda,the-asymmetrical-tank-top#HotPink,voyager-stripe-crew#Stripe,hard
Miranda,the-asymmetrical-tank-top#HotPink,makeover-blouse#LimeGreen,hard
Miranda,the-asymmetrical-tank-top#HotPink,2-in-1-layered-knit-top#PalePink,random
Marnee,the-cotton-bamboo-tank#White,natural-textured-poncho#Deeprain,hard
Marnee,the-cotton-bamboo-tank#White,voyager-stripe-crew#Stripe,hard
Marnee,the-cotton-bamboo-tank#White,softly-swinging-bamboo-singlet#BlueJean,random
Ljubenka,sugar-snaps-layers-tank#PeachyKeen,the-uneven-hem-knit-1#Sage,hard
Ljubenka,sugar-snaps-layers-tank#PeachyKeen,natural-textured-poncho#Deeprain,hard
Ljubenka,sugar-snaps-layers-tank#PeachyKeen,the-sleeveless-cross-over-blouse#Mint,random
Kate,the-wrap-jersey-top#NavyWhite,natural-textured-poncho#Deeprain,hard
Kate,the-wrap-jersey-top#NavyWhite,animal-button-up-shirt#KhakiPrint,hard
Kate,the-wrap-jersey-top#NavyWhite,floating-by-you-blouse#SeaFleur,random
Summer,fundamental-sydney-crew#Burgundy,voyager-stripe-crew#Stripe,hard
Summer,fundamental-sydney-crew#Burgundy,natural-textured-poncho#Deeprain,hard
Summer,fundamental-sydney-crew#Burgundy,kimberly-spliced-top#Zebraprint,random
Riina,the-dobby-sleeve-tee#InkBlue,voyager-stripe-crew#Stripe,hard
Riina,the-dobby-sleeve-tee#InkBlue,makeover-blouse#LimeGreen,hard
Riina,the-dobby-sleeve-tee#InkBlue,the-define-flute-sleeve-blouse#White,random
Gemma,meredith-78-oversized-pullover-knit#WhiteCapGr,voyager-stripe-crew#Stripe,hard
Gemma,meredith-78-oversized-pullover-knit#WhiteCapGr,makeover-blouse#LimeGreen,hard
Gemma,meredith-78-oversized-pullover-knit#WhiteCapGr,capri-tank-3#Black,random
Gemma,falling-for-you-cardi#Port,voyager-stripe-crew#Stripe,hard
Gemma,falling-for-you-cardi#Port,makeover-blouse#LimeGreen,hard
Gemma,falling-for-you-cardi#Port,the-tie-detail-hoody#Pink,random
Ljubenka,ponte-spot-top#BlackWhite,the-uneven-hem-knit-1#Sage,hard
Ljubenka,ponte-spot-top#BlackWhite,natural-textured-poncho#Deeprain,hard
Ljubenka,ponte-spot-top#BlackWhite,the-oversized-cotton-blend-shirt#Navy,random
Stacey,square-peg-pullover#SilverMix,makeover-blouse#LimeGreen,hard
Stacey,square-peg-pullover#SilverMix,cara-tee-2#Blush,hard
Stacey,square-peg-pullover#SilverMix,the-short-sleeve-wrap-jersey-top#Black,random
Sophia,the-shoulder-tie-top#White,cara-tee-2#Blush,hard
Sophia,the-shoulder-tie-top#White,cara-tee-2#WhiteBlk,hard
Sophia,the-shoulder-tie-top#White,the-multi-stripe-cardi#Stripe,random
Palatina,bird-print-jumper#Navy,cara-tee-2#Blush,hard
Palatina,bird-print-jumper#Navy,cara-tee-2#WhiteBlk,hard
Palatina,bird-print-jumper#Navy,fundamental-split-hoodie-1#Khaki,random
Natalie,the-cut-out-shoulder-blouse#Black,natural-textured-poncho#Deeprain,hard
Natalie,the-cut-out-shoulder-blouse#Black,voyager-stripe-crew#Stripe,hard
Natalie,the-cut-out-shoulder-blouse#Black,softly-swinging-bamboo-tee#White,random
Gemma,triangle-detail-long-sleeve-tee#Navy,voyager-stripe-crew#Stripe,hard
Gemma,triangle-detail-long-sleeve-tee#Navy,makeover-blouse#LimeGreen,hard
Gemma,triangle-detail-long-sleeve-tee#Navy,belle-drape-tee#Sliver,random
Anna,the-cotton-bamboo-tank#DarkNavy,voyager-stripe-crew#Stripe,hard
Anna,the-cotton-bamboo-tank#DarkNavy,makeover-blouse#LimeGreen,hard
Anna,the-cotton-bamboo-tank#DarkNavy,long-sleeve-layer-top#White,random
Anna Maria,the-bell-sleeve-top#Grey,natural-textured-poncho#Deeprain,hard
Anna Maria,the-bell-sleeve-top#Grey,voyager-stripe-crew#Stripe,hard
Anna Maria,the-bell-sleeve-top#Grey,back-to-you-top#BlackMagic,random
Chelsea,relaxed-cape#Black,voyager-stripe-crew#Stripe,hard
Chelsea,relaxed-cape#Black,makeover-blouse#LimeGreen,hard
Chelsea,relaxed-cape#Black,the-essential-layering-tee#Ink,random
Sophie,the-define-flute-sleeve-blouse#White,side-buttoned-sweater#Buttoned,hard
Sophie,the-define-flute-sleeve-blouse#White,the-tie-front-top#Navy,hard
Sophie,the-define-flute-sleeve-blouse#White,belle-drape-tee#Black,random
Sophie,long-sleeve-softly-swinging-bamboo-tee#DuckEgg,side-buttoned-sweater#Buttoned,hard
Sophie,long-sleeve-softly-swinging-bamboo-tee#DuckEgg,the-tie-front-top#Navy,hard
Sophie,long-sleeve-softly-swinging-bamboo-tee#DuckEgg,aztec-cardigan#BlackIvory,random
Marnee,runaway-top#JetBlack,natural-textured-poncho#Deeprain,hard
Marnee,runaway-top#JetBlack,voyager-stripe-crew#Stripe,hard
Marnee,runaway-top#JetBlack,york-linen-blend-long-cardigan#BurntOrang,random
Olivia,sugar-snaps-layers-tank#Red,natural-textured-poncho#Deeprain,hard
Olivia,sugar-snaps-layers-tank#Red,voyager-stripe-crew#Stripe,hard
Olivia,sugar-snaps-layers-tank#Red,the-relaxed-long-sleeve-tee#Navy,random
Tia,still-the-one-ruffle-blouse#Spot,the-panel-luxe-top#BlkWhite,hard
Tia,still-the-one-ruffle-blouse#Spot,the-panel-luxe-top#SilvWhite,hard
Tia,still-the-one-ruffle-blouse#Spot,bertie-top#Black,random
Anna,linen-v-neck-cami-2#BlueWhite,voyager-stripe-crew#Stripe,hard
Anna,linen-v-neck-cami-2#BlueWhite,makeover-blouse#LimeGreen,hard
Anna,linen-v-neck-cami-2#BlueWhite,batty-about-you-cotton-tee#BlkWhite,random
Chelsea,colourblock-cardi#NavyRed,voyager-stripe-crew#Stripe,hard
Chelsea,colourblock-cardi#NavyRed,makeover-blouse#LimeGreen,hard
Chelsea,colourblock-cardi#NavyRed,fundamental-stripe-long-sleeve-tee#WhiteBlack,random
Sophie,belle-half-sleeve-forgiver-tunic#White,side-buttoned-sweater#Buttoned,hard
Sophie,belle-half-sleeve-forgiver-tunic#White,the-tie-front-top#Navy,hard
Sophie,belle-half-sleeve-forgiver-tunic#White,the-cut-out-shoulder-blouse#Silver,random
Georgia,butterfly-kisses-tee#MustardStr,voyager-stripe-crew#Stripe,hard
Georgia,butterfly-kisses-tee#MustardStr,makeover-blouse#LimeGreen,hard
Georgia,butterfly-kisses-tee#MustardStr,the-colour-block-pullover#Sage,random
Mae-Lee,sugar-snaps-layers-tank#Blue,side-buttoned-sweater#Buttoned,hard
Mae-Lee,sugar-snaps-layers-tank#Blue,voyager-stripe-crew#Stripe,hard
Mae-Lee,sugar-snaps-layers-tank#Blue,the-define-flute-sleeve-blouse#Black,random
Nadine,mauevewood-crew#YellowWhit,makeover-blouse#LimeGreen,hard
Nadine,mauevewood-crew#YellowWhit,pure-merino-fine-rib-v-neck#Charcoal,hard
Nadine,mauevewood-crew#YellowWhit,for-the-frill-top#Ivory,random
Georgia,cross-my-heart-bamboo-slouch-tee#White,voyager-stripe-crew#Stripe,hard
Georgia,cross-my-heart-bamboo-slouch-tee#White,makeover-blouse#LimeGreen,hard
Georgia,cross-my-heart-bamboo-slouch-tee#White,cara-tee-3#ZebraPrint,random
Amanda,the-stripe-jersey-top#Pink,natural-textured-poncho#Deeprain,hard
Amanda,the-stripe-jersey-top#Pink,voyager-stripe-crew#Stripe,hard
Amanda,the-stripe-jersey-top#Pink,the-tie-front-top#Black,random
Georgia,kimono-and-me-cardi#DustyPink,voyager-stripe-crew#Stripe,hard
Georgia,kimono-and-me-cardi#DustyPink,makeover-blouse#LimeGreen,hard
Georgia,kimono-and-me-cardi#DustyPink,block-vest#Blockvest,random
Fiona,softly-falling-bamboo-tunic#White,natural-textured-poncho#Deeprain,hard
Fiona,softly-falling-bamboo-tunic#White,wonderland-blouse#Ink,hard
Fiona,softly-falling-bamboo-tunic#White,picnic-top#BlackWhite,random
Mae-Lee,the-cotton-bamboo-tank#Moonbeam,side-buttoned-sweater#Buttoned,hard
Mae-Lee,the-cotton-bamboo-tank#Moonbeam,voyager-stripe-crew#Stripe,hard
Mae-Lee,the-cotton-bamboo-tank#Moonbeam,capri-tank-3#Navy,random
Laura,the-tie-front-tank#White,cara-tee-2#Blush,hard
Laura,the-tie-front-tank#White,cara-tee-2#WhiteBlk,hard
Laura,the-tie-front-tank#White,the-button-up-swing-tunic#Wine,random
Amanda,the-soft-knit-jumper#PinkStripe,natural-textured-poncho#Deeprain,hard
Amanda,the-soft-knit-jumper#PinkStripe,voyager-stripe-crew#Stripe,hard
Amanda,the-soft-knit-jumper#PinkStripe,the-cut-out-shoulder-blouse#Black,random
Emma,batty-about-you-cotton-tee#BlkWhite,voyager-stripe-crew#Stripe,hard
Emma,batty-about-you-cotton-tee#BlkWhite,makeover-blouse#LimeGreen,hard
Emma,batty-about-you-cotton-tee#BlkWhite,bella-ls-tee#GreenWhite,random
Jess,belle-cowl-swing-sweater#Green,cara-tee-2#Blush,hard
Jess,belle-cowl-swing-sweater#Green,cara-tee-2#WhiteBlk,hard
Jess,belle-cowl-swing-sweater#Green,falling-flowers-blouse#DustyPink,random
Sophia,layered-sleeve-top#DarkBlue,cara-tee-2#Blush,hard
Sophia,layered-sleeve-top#DarkBlue,cara-tee-2#WhiteBlk,hard
Sophia,layered-sleeve-top#DarkBlue,the-long-sleeve-v-neck-tee#Navy,random
Mae-Lee,the-long-sleeve-v-neck-tee#Black,side-buttoned-sweater#Buttoned,hard
Mae-Lee,the-long-sleeve-v-neck-tee#Black,voyager-stripe-crew#Stripe,hard
Mae-Lee,the-long-sleeve-v-neck-tee#Black,partly-cloudy-knit#PawPaw,random
Georgia,layer-me-cotton-candy-top#Cream,voyager-stripe-crew#Stripe,hard
Georgia,layer-me-cotton-candy-top#Cream,makeover-blouse#LimeGreen,hard
Georgia,layer-me-cotton-candy-top#Cream,layer-top-1#Navy,random
Amanda,the-wrap-jersey-top-1#NavyStripe,natural-textured-poncho#Deeprain,hard
Amanda,the-wrap-jersey-top-1#NavyStripe,voyager-stripe-crew#Stripe,hard
Amanda,the-wrap-jersey-top-1#NavyStripe,aldis-blouse#Pearl,random
Jess,westward-top#BotanicalD,cara-tee-2#Blush,hard
Jess,westward-top#BotanicalD,cara-tee-2#WhiteBlk,hard
Jess,westward-top#BotanicalD,cascade-hood-top#Black,random
Tia,the-drape-tee-1#Black,the-panel-luxe-top#BlkWhite,hard
Tia,the-drape-tee-1#Black,the-panel-luxe-top#SilvWhite,hard
Tia,the-drape-tee-1#Black,triangle-detail-long-sleeve-tee#Navy,random
Mae-Lee,the-stripe-button-through-top#Coral,side-buttoned-sweater#Buttoned,hard
Mae-Lee,the-stripe-button-through-top#Coral,voyager-stripe-crew#Stripe,hard
Mae-Lee,the-stripe-button-through-top#Coral,spiced-stripe-tee#NavyWhite,random
Natalie,the-sleeveless-cross-over-blouse#White,natural-textured-poncho#Deeprain,hard
Natalie,the-sleeveless-cross-over-blouse#White,voyager-stripe-crew#Stripe,hard
Natalie,the-sleeveless-cross-over-blouse#White,natural-cross-back-knit#Lightsmoke,random
Mae-Lee,long-sleeve-softly-swinging-bamboo-tee#Fern,side-buttoned-sweater#Buttoned,hard
Mae-Lee,long-sleeve-softly-swinging-bamboo-tee#Fern,voyager-stripe-crew#Stripe,hard
Mae-Lee,long-sleeve-softly-swinging-bamboo-tee#Fern,tracie-top#Black,random
Amanda,the-daily-cross-over-top#SkyBlue,natural-textured-poncho#Deeprain,hard
Amanda,the-daily-cross-over-top#SkyBlue,voyager-stripe-crew#Stripe,hard
Amanda,the-daily-cross-over-top#SkyBlue,meadow-cardigan#Cream,random
Perrie,the-everyday-shirt#Midnight,natural-textured-poncho#Deeprain,hard
Perrie,the-everyday-shirt#Midnight,voyager-stripe-crew#Stripe,hard
Perrie,the-everyday-shirt#Midnight,birds-tee-1#Navy,random
Shadae,rib-tank-2#Black,voyager-stripe-crew#Stripe,hard
Shadae,rib-tank-2#Black,makeover-blouse#LimeGreen,hard
Shadae,rib-tank-2#Black,the-stitch-detail-top#Pink,random
Sophia,the-pocket-tee#NavyStripe,cara-tee-2#Blush,hard
Sophia,the-pocket-tee#NavyStripe,cara-tee-2#WhiteBlk,hard
Sophia,the-pocket-tee#NavyStripe,striped-cardigan-3#Rainbow,random
Natalia,paint-stroke-top#Strokes,voyager-stripe-crew#Stripe,hard
Natalia,paint-stroke-top#Strokes,makeover-blouse#LimeGreen,hard
Natalia,paint-stroke-top#Strokes,st-helens-henley-tee#Sapphire,random
Chesska,dream-girl-ruffle-jumper#SoftPink,voyager-stripe-crew#Stripe,hard
Chesska,dream-girl-ruffle-jumper#SoftPink,makeover-blouse#LimeGreen,hard
Chesska,dream-girl-ruffle-jumper#SoftPink,belle-half-sleeve-forgiver-tunic#Black,random
Palatina,moonlight-kisses-bamboo-tee#Black,cara-tee-2#Blush,hard
Palatina,moonlight-kisses-bamboo-tee#Black,cara-tee-2#WhiteBlk,hard
Palatina,moonlight-kisses-bamboo-tee#Black,rory-spliced-zip-hoodie#Slate,random
Olivia,the-sleeveless-cross-over-blouse#Black,natural-textured-poncho#Deeprain,hard
Olivia,the-sleeveless-cross-over-blouse#Black,voyager-stripe-crew#Stripe,hard
Olivia,the-sleeveless-cross-over-blouse#Black,belle-poncho-sleeved-knit#BlueMarle,random
Mae-Lee,softly-swinging-bamboo-tee#Black,side-buttoned-sweater#Buttoned,hard
Mae-Lee,softly-swinging-bamboo-tee#Black,voyager-stripe-crew#Stripe,hard
Mae-Lee,softly-swinging-bamboo-tee#Black,frill-sleeve-top-1#LeafPrint,random
Clementine,the-high-low-drape-tee#Grey,voyager-stripe-crew#Stripe,hard
Clementine,the-high-low-drape-tee#Grey,makeover-blouse#LimeGreen,hard
Clementine,the-high-low-drape-tee#Grey,shirt-in-a-box#Silver,random
Amanda,the-stripe-button-through-top#Coral,natural-textured-poncho#Deeprain,hard
Amanda,the-stripe-button-through-top#Coral,voyager-stripe-crew#Stripe,hard
Amanda,the-stripe-button-through-top#Coral,the-cross-over-blouse#Blue,random
Katie,spliced-stripe-tunic#Navy,voyager-stripe-crew#Stripe,hard
Katie,spliced-stripe-tunic#Navy,makeover-blouse#LimeGreen,hard
Katie,spliced-stripe-tunic#Navy,overlay-top-2#Black,random
Ljubenka,the-cross-over-blouse#Blue,the-uneven-hem-knit-1#Sage,hard
Ljubenka,the-cross-over-blouse#Blue,natural-textured-poncho#Deeprain,hard
Ljubenka,the-cross-over-blouse#Blue,the-twist-front-top#Navy,random
Riina,the-v-neck-stripe-top#BlkStripe,voyager-stripe-crew#Stripe,hard
Riina,the-v-neck-stripe-top#BlkStripe,makeover-blouse#LimeGreen,hard
Riina,the-v-neck-stripe-top#BlkStripe,striped-cardigan-3#Rainbow,random
Palatina,2-in-1-layered-knit-top#PalePink,cara-tee-2#Blush,hard
Palatina,2-in-1-layered-knit-top#PalePink,cara-tee-2#WhiteBlk,hard
Palatina,2-in-1-layered-knit-top#PalePink,the-v-split-blouse#Salmon,random
Fiona,the-pirate-in-me-shirt#White,natural-textured-poncho#Deeprain,hard
Fiona,the-pirate-in-me-shirt#White,wonderland-blouse#Ink,hard
Fiona,the-pirate-in-me-shirt#White,ruffle-top-4#Terracotta,random
Nadine,funnel-neck-knit-jumper#BlueMulti,makeover-blouse#LimeGreen,hard
Nadine,funnel-neck-knit-jumper#BlueMulti,pure-merino-fine-rib-v-neck#Charcoal,hard
Nadine,funnel-neck-knit-jumper#BlueMulti,eco-78-long-cardigan#LightGreyM,random
Georgia,the-cotton-bamboo-tank#White,voyager-stripe-crew#Stripe,hard
Georgia,the-cotton-bamboo-tank#White,makeover-blouse#LimeGreen,hard
Georgia,the-cotton-bamboo-tank#White,long-sleeve-ruffle-shirt#Navy,random
Maddy,the-short-sleeve-wrap-jersey-top#Blue,natural-textured-poncho#Deeprain,hard
Maddy,the-short-sleeve-wrap-jersey-top#Blue,voyager-stripe-crew#Stripe,hard
Maddy,the-short-sleeve-wrap-jersey-top#Blue,roll-neck-jumper-3#GreyMarl,random
Stacey,multi-pattern-print-top#NavyMulti,makeover-blouse#LimeGreen,hard
Stacey,multi-pattern-print-top#NavyMulti,cara-tee-2#Blush,hard
Stacey,multi-pattern-print-top#NavyMulti,rise-top#Ink,random
Nikki,the-drape-tee-1#Stripe,natural-textured-poncho#Deeprain,hard
Nikki,the-drape-tee-1#Stripe,voyager-stripe-crew#Stripe,hard
Nikki,the-drape-tee-1#Stripe,relaxed-cape#Black,random
Laura,softly-swinging-bamboo-tee#Storm,cara-tee-2#Blush,hard
Laura,softly-swinging-bamboo-tee#Storm,cara-tee-2#WhiteBlk,hard
Laura,softly-swinging-bamboo-tee#Storm,kimberly-spliced-top#Black,random
Alex,the-cotton-bamboo-tank#Chambray,voyager-stripe-crew#Stripe,hard
Alex,the-cotton-bamboo-tank#Chambray,makeover-blouse#LimeGreen,hard
Alex,the-cotton-bamboo-tank#Chambray,softly-swinging-bamboo-tee#Blush,random
Maddy,the-cross-over-blouse#Mint,natural-textured-poncho#Deeprain,hard
Maddy,the-cross-over-blouse#Mint,voyager-stripe-crew#Stripe,hard
Maddy,the-cross-over-blouse#Mint,layla-long-line-kimono#MultiStrip,random
Olivia,the-sleeveless-cross-over-blouse#Chambray,natural-textured-poncho#Deeprain,hard
Olivia,the-sleeveless-cross-over-blouse#Chambray,voyager-stripe-crew#Stripe,hard
Olivia,the-sleeveless-cross-over-blouse#Chambray,geena-xo-ls-pullover-knit#WhiteCapGr,random
Laura,the-oversized-cotton-blend-shirt#Navy,cara-tee-2#Blush,hard
Laura,the-oversized-cotton-blend-shirt#Navy,cara-tee-2#WhiteBlk,hard
Laura,the-oversized-cotton-blend-shirt#Navy,meredith-78-oversized-pullover-knit#CameoRose,random
Stacey,the-soft-knit-jumper#NavyStripe,makeover-blouse#LimeGreen,hard
Stacey,the-soft-knit-jumper#NavyStripe,cara-tee-2#Blush,hard
Stacey,the-soft-knit-jumper#NavyStripe,sugar-snaps-throw-jacket#Black,random
Shadae,not-today-buttoned-cardigan#Almond,voyager-stripe-crew#Stripe,hard
Shadae,not-today-buttoned-cardigan#Almond,makeover-blouse#LimeGreen,hard
Shadae,not-today-buttoned-cardigan#Almond,printed-v-neck-top#Striped,random
Ljubenka,softly-swinging-bamboo-tee#Navy,the-uneven-hem-knit-1#Sage,hard
Ljubenka,softly-swinging-bamboo-tee#Navy,natural-textured-poncho#Deeprain,hard
Ljubenka,softly-swinging-bamboo-tee#Navy,shell-top-3#PapBlue,random
Ljubenka,belle-v-neck-forgiver-tunic#DenimMarl,the-uneven-hem-knit-1#Sage,hard
Ljubenka,belle-v-neck-forgiver-tunic#DenimMarl,natural-textured-poncho#Deeprain,hard
Ljubenka,belle-v-neck-forgiver-tunic#DenimMarl,sunshine-in-me-tee-1#White,random
Chelsea,ava-short-sleeve-linen-tee#Navy,voyager-stripe-crew#Stripe,hard
Chelsea,ava-short-sleeve-linen-tee#Navy,makeover-blouse#LimeGreen,hard
Chelsea,ava-short-sleeve-linen-tee#Navy,belle-square-neck-drape-tee#Vanilla,random
Chelsea,falling-for-you-cardi#Rust,voyager-stripe-crew#Stripe,hard
Chelsea,falling-for-you-cardi#Rust,makeover-blouse#LimeGreen,hard
Chelsea,falling-for-you-cardi#Rust,great-scot-merino-carcoat#Twilight,random
Gemma,relaxed-animal-print-blouse#Leopard,voyager-stripe-crew#Stripe,hard
Gemma,relaxed-animal-print-blouse#Leopard,makeover-blouse#LimeGreen,hard
Gemma,relaxed-animal-print-blouse#Leopard,the-daily-cross-over-top#SkyBlue,random
Natalie,the-everyday-shirt#Black,natural-textured-poncho#Deeprain,hard
Natalie,the-everyday-shirt#Black,voyager-stripe-crew#Stripe,hard
Natalie,the-everyday-shirt#Black,on-the-horizon-swing-top-1#Khaki,random
Jess,birds-tee-1#Navy,cara-tee-2#Blush,hard
Jess,birds-tee-1#Navy,cara-tee-2#WhiteBlk,hard
Jess,birds-tee-1#Navy,driftwood-gathering-blouse#Khaki,random
Fiona,natural-overlay-knit#Greybloss,natural-textured-poncho#Deeprain,hard
Fiona,natural-overlay-knit#Greybloss,wonderland-blouse#Ink,hard
Fiona,natural-overlay-knit#Greybloss,printed-tunic-7#RedCheck,random
Maddy,the-everyday-shirt#Midnight,natural-textured-poncho#Deeprain,hard
Maddy,the-everyday-shirt#Midnight,voyager-stripe-crew#Stripe,hard
Maddy,the-everyday-shirt#Midnight,snake-print-johnny-collar-top#BeigeSnake,random
Maddy,the-cotton-bamboo-tank#White,natural-textured-poncho#Deeprain,hard
Maddy,the-cotton-bamboo-tank#White,voyager-stripe-crew#Stripe,hard
Maddy,the-cotton-bamboo-tank#White,the-contrast-34-sleeve-top#Navy,random
Mae-Lee,cross-my-heart-sweater#Regal,side-buttoned-sweater#Buttoned,hard
Mae-Lee,cross-my-heart-sweater#Regal,voyager-stripe-crew#Stripe,hard
Mae-Lee,cross-my-heart-sweater#Regal,blue-waters-cotton-blouse#White,random
Perrie,suri-bell-sleeve-top#GreyMarle,natural-textured-poncho#Deeprain,hard
Perrie,suri-bell-sleeve-top#GreyMarle,voyager-stripe-crew#Stripe,hard
Perrie,suri-bell-sleeve-top#GreyMarle,rose-shirt#BlueIllusi,random
Mae-Lee,sugar-snaps-layers-tank#Red,side-buttoned-sweater#Buttoned,hard
Mae-Lee,sugar-snaps-layers-tank#Red,voyager-stripe-crew#Stripe,hard
Mae-Lee,sugar-snaps-layers-tank#Red,capri-tank-3#Navy,random
Monique,wildflower-shirt#White,voyager-stripe-crew#Stripe,hard
Monique,wildflower-shirt#White,makeover-blouse#LimeGreen,hard
Monique,wildflower-shirt#White,the-everyday-shirt#Pink,random
Natalie,sugar-snaps-layers-tank#DeepCobalt,natural-textured-poncho#Deeprain,hard
Natalie,sugar-snaps-layers-tank#DeepCobalt,voyager-stripe-crew#Stripe,hard
Natalie,sugar-snaps-layers-tank#DeepCobalt,bamboo-layer-tank#Black,random
Mae-Lee,belle-v-neck-forgiver-tunic#BlueMarle,side-buttoned-sweater#Buttoned,hard
Mae-Lee,belle-v-neck-forgiver-tunic#BlueMarle,voyager-stripe-crew#Stripe,hard
Mae-Lee,belle-v-neck-forgiver-tunic#BlueMarle,snake-print-johnny-collar-top#BeigeSnake,random
Emma,long-sleeve-softly-swinging-bamboo-tee#Fern,voyager-stripe-crew#Stripe,hard
Emma,long-sleeve-softly-swinging-bamboo-tee#Fern,makeover-blouse#LimeGreen,hard
Emma,long-sleeve-softly-swinging-bamboo-tee#Fern,snake-print-johnny-collar-top#BeigeSnake,random
Riina,rory-spliced-zip-hoodie#Slate,voyager-stripe-crew#Stripe,hard
Riina,rory-spliced-zip-hoodie#Slate,makeover-blouse#LimeGreen,hard
Riina,rory-spliced-zip-hoodie#Slate,elina-lace-frill-blouse#Black,random
Amanda,the-check-pullover#PinkCheck,natural-textured-poncho#Deeprain,hard
Amanda,the-check-pullover#PinkCheck,voyager-stripe-crew#Stripe,hard
Amanda,the-check-pullover#PinkCheck,the-cotton-tie-detail-top#Ivory,random
Fiona,the-pocket-tee#NavyStripe,natural-textured-poncho#Deeprain,hard
Fiona,the-pocket-tee#NavyStripe,wonderland-blouse#Ink,hard
Fiona,the-pocket-tee#NavyStripe,frill-blouse#Rust,random
Emma,long-sleeve-softly-swinging-bamboo-tee#White,voyager-stripe-crew#Stripe,hard
Emma,long-sleeve-softly-swinging-bamboo-tee#White,makeover-blouse#LimeGreen,hard
Emma,long-sleeve-softly-swinging-bamboo-tee#White,geneva-v-neck-top#Black,random
Amanda,the-blouson-sleeve-jumper#Navy,natural-textured-poncho#Deeprain,hard
Amanda,the-blouson-sleeve-jumper#Navy,voyager-stripe-crew#Stripe,hard
Amanda,the-blouson-sleeve-jumper#Navy,peasant-top-3#Denim,random
Stefania,the-cross-over-poncho#Grey,voyager-stripe-crew#Stripe,hard
Stefania,the-cross-over-poncho#Grey,makeover-blouse#LimeGreen,hard
Stefania,the-cross-over-poncho#Grey,alberta-stripe-top#IvoryStrip,random
Olivia,the-sleeveless-cross-over-blouse#Sunshine,natural-textured-poncho#Deeprain,hard
Olivia,the-sleeveless-cross-over-blouse#Sunshine,voyager-stripe-crew#Stripe,hard
Olivia,the-sleeveless-cross-over-blouse#Sunshine,stripe-sweater-2#Blue,random
Gemma,cara-tee-4#White,voyager-stripe-crew#Stripe,hard
Gemma,cara-tee-4#White,makeover-blouse#LimeGreen,hard
Gemma,cara-tee-4#White,vivid-dreams-blouse#Dusty%20Rose,random
Jess,the-open-sleeve-blouse#Berry,cara-tee-2#Blush,hard
Jess,the-open-sleeve-blouse#Berry,cara-tee-2#WhiteBlk,hard
Jess,the-open-sleeve-blouse#Berry,the-cross-over-blouse#White,random
Perrie,the-batwing-tee#Stone,natural-textured-poncho#Deeprain,hard
Perrie,the-batwing-tee#Stone,voyager-stripe-crew#Stripe,hard
Perrie,the-batwing-tee#Stone,cotton-cashmere-v-neck-knit#Navy,random
Laura,the-weekender-shirt#GreyStripe,cara-tee-2#Blush,hard
Laura,the-weekender-shirt#GreyStripe,cara-tee-2#WhiteBlk,hard
Laura,the-weekender-shirt#GreyStripe,the-belle-sleeve-print-top#NavyPrint,random
Fiona,the-asymmetrical-hem-sweater#Blush,natural-textured-poncho#Deeprain,hard
Fiona,the-asymmetrical-hem-sweater#Blush,wonderland-blouse#Ink,hard
Fiona,the-asymmetrical-hem-sweater#Blush,endeavor-long-sleeve-tee#Stripe,random
Sophia,the-panel-luxe-top#BlkWhite,cara-tee-2#Blush,hard
Sophia,the-panel-luxe-top#BlkWhite,cara-tee-2#WhiteBlk,hard
Sophia,the-panel-luxe-top#BlkWhite,2-in-1-layered-knit-top#PalePink,random
Jess,shirt-in-a-box#Silver,cara-tee-2#Blush,hard
Jess,shirt-in-a-box#Silver,cara-tee-2#WhiteBlk,hard
Jess,shirt-in-a-box#Silver,weekend-vibes-blouse#Blush,random
Jess,belle-polka-dot-blouse#WhiteSpot,cara-tee-2#Blush,hard
Jess,belle-polka-dot-blouse#WhiteSpot,cara-tee-2#WhiteBlk,hard
Jess,belle-polka-dot-blouse#WhiteSpot,roll-with-me-jumper#Chalk,random
Jess,the-cotton-bamboo-tee#BlueJeans,cara-tee-2#Blush,hard
Jess,the-cotton-bamboo-tee#BlueJeans,cara-tee-2#WhiteBlk,hard
Jess,the-cotton-bamboo-tee#BlueJeans,nova-lux-long-sleeve-tie-top#AidaStripe,random
Clementine,the-cross-over-blouse#Red,voyager-stripe-crew#Stripe,hard
Clementine,the-cross-over-blouse#Red,makeover-blouse#LimeGreen,hard
Clementine,the-cross-over-blouse#Red,belle-half-sleeve-forgiver-tunic#BlueBonnet,random
Mae-Lee,agra-shirt#White,side-buttoned-sweater#Buttoned,hard
Mae-Lee,agra-shirt#White,voyager-stripe-crew#Stripe,hard
Mae-Lee,agra-shirt#White,runaway-top#SoftPink,random
Stacey,2-in-1-jumper#Navy,makeover-blouse#LimeGreen,hard
Stacey,2-in-1-jumper#Navy,cara-tee-2#Blush,hard
Stacey,2-in-1-jumper#Navy,the-short-sleeve-wrap-jersey-top#NavyWhite,random
Sophia,the-daily-cross-over-top#SkyBlue,cara-tee-2#Blush,hard
Sophia,the-daily-cross-over-top#SkyBlue,cara-tee-2#WhiteBlk,hard
Sophia,the-daily-cross-over-top#SkyBlue,ivy-cosy-pullover#Storm,random
Katie,sequin-heart-layered-top#Natural,voyager-stripe-crew#Stripe,hard
Katie,sequin-heart-layered-top#Natural,makeover-blouse#LimeGreen,hard
Katie,sequin-heart-layered-top#Natural,the-printed-side-ring-detail-blouse#Block,random
Sophie,crosses-jumper#xmyheart,side-buttoned-sweater#Buttoned,hard
Sophie,crosses-jumper#xmyheart,the-tie-front-top#Navy,hard
Sophie,crosses-jumper#xmyheart,true-love-bell-blouse#Jade,random
Palatina,the-boat-neck-top-1#NavyWhite,cara-tee-2#Blush,hard
Palatina,the-boat-neck-top-1#NavyWhite,cara-tee-2#WhiteBlk,hard
Palatina,the-boat-neck-top-1#NavyWhite,the-pocket-tee#NavyStripe,random
Laura,layered-tee-2#White,cara-tee-2#Blush,hard
Laura,layered-tee-2#White,cara-tee-2#WhiteBlk,hard
Laura,layered-tee-2#White,marlow-cardigan#Cream,random
Jess,sugar-snaps-layers-tank#DuckEgg,cara-tee-2#Blush,hard
Jess,sugar-snaps-layers-tank#DuckEgg,cara-tee-2#WhiteBlk,hard
Jess,sugar-snaps-layers-tank#DuckEgg,2-in-1-layered-top-1#PinkWhite,random
Palatina,the-boat-neck-top#Black,cara-tee-2#Blush,hard
Palatina,the-boat-neck-top#Black,cara-tee-2#WhiteBlk,hard
Palatina,the-boat-neck-top#Black,the-pocket-tee#NavyStripe,random
Sophie,the-everyday-shirt#Black,side-buttoned-sweater#Buttoned,hard
Sophie,the-everyday-shirt#Black,the-tie-front-top#Navy,hard
Sophie,the-everyday-shirt#Black,natural-cropped-sleeve-knit#Cloudcover,random
Fiona,falling-for-you-cardi#Port,natural-textured-poncho#Deeprain,hard
Fiona,falling-for-you-cardi#Port,wonderland-blouse#Ink,hard
Fiona,falling-for-you-cardi#Port,glasgow-top#Melange,random
Stacey,open-plains-kimono-throw-1#Rust,makeover-blouse#LimeGreen,hard
Stacey,open-plains-kimono-throw-1#Rust,cara-tee-2#Blush,hard
Stacey,open-plains-kimono-throw-1#Rust,falling-for-you-cardi#Khaki,random
Jess,print-shirt-1#Blush,cara-tee-2#Blush,hard
Jess,print-shirt-1#Blush,cara-tee-2#WhiteBlk,hard
Jess,print-shirt-1#Blush,long-sleeve-tee-2#NavyWhite,random
Nathalie,runaway-top#SoftMint,voyager-stripe-crew#Stripe,hard
Nathalie,runaway-top#SoftMint,makeover-blouse#LimeGreen,hard
Nathalie,runaway-top#SoftMint,the-cotton-cardi#Navy,random
Nadine,hayley-button-down#NavySparro,makeover-blouse#LimeGreen,hard
Nadine,hayley-button-down#NavySparro,pure-merino-fine-rib-v-neck#Charcoal,hard
Nadine,hayley-button-down#NavySparro,tracie-top#Opal,random
Natalie,the-sleeveless-cross-over-blouse#Salmon,natural-textured-poncho#Deeprain,hard
Natalie,the-sleeveless-cross-over-blouse#Salmon,voyager-stripe-crew#Stripe,hard
Natalie,the-sleeveless-cross-over-blouse#Salmon,foil-2-in-1-spot-top#Charcoal,random
Chelsea,the-contrast-34-sleeve-top#Navy,voyager-stripe-crew#Stripe,hard
Chelsea,the-contrast-34-sleeve-top#Navy,makeover-blouse#LimeGreen,hard
Chelsea,the-contrast-34-sleeve-top#Navy,sky-jumper-1#Clouds,random
Jess,softly-swinging-bamboo-tee#Jewel,cara-tee-2#Blush,hard
Jess,softly-swinging-bamboo-tee#Jewel,cara-tee-2#WhiteBlk,hard
Jess,softly-swinging-bamboo-tee#Jewel,sequin-cross-2-in-1-top#Khaki,random
Palatina,under-the-stars-blouse#Petal,cara-tee-2#Blush,hard
Palatina,under-the-stars-blouse#Petal,cara-tee-2#WhiteBlk,hard
Palatina,under-the-stars-blouse#Petal,the-side-panel-drape-top#OffWhite,random
Katie,long-sleeve-ruffle-shirt#White,voyager-stripe-crew#Stripe,hard
Katie,long-sleeve-ruffle-shirt#White,makeover-blouse#LimeGreen,hard
Katie,long-sleeve-ruffle-shirt#White,sugar-snaps-throw-jacket#Duckegg,random
Jess,sugar-snaps-layers-tank#White,cara-tee-2#Blush,hard
Jess,sugar-snaps-layers-tank#White,cara-tee-2#WhiteBlk,hard
Jess,sugar-snaps-layers-tank#White,zara-top#ZebraPrint,random
Maddy,the-cut-out-shoulder-blouse#Salmon,natural-textured-poncho#Deeprain,hard
Maddy,the-cut-out-shoulder-blouse#Salmon,voyager-stripe-crew#Stripe,hard
Maddy,the-cut-out-shoulder-blouse#Salmon,fundamental-rib-long-sleeve-tee#Black,random
Jess,softly-swinging-bamboo-tee#White,cara-tee-2#Blush,hard
Jess,softly-swinging-bamboo-tee#White,cara-tee-2#WhiteBlk,hard
Jess,softly-swinging-bamboo-tee#White,the-midi-waterfall-cardi#BlueMarle,random
Helen,icing-sugar-top#Ivory,voyager-stripe-crew#Stripe,hard
Helen,icing-sugar-top#Ivory,makeover-blouse#LimeGreen,hard
Helen,icing-sugar-top#Ivory,the-sleeveless-cross-over-blouse#Chambray,random
Alex,the-short-sleeve-wrap-jersey-top#Emerald,voyager-stripe-crew#Stripe,hard
Alex,the-short-sleeve-wrap-jersey-top#Emerald,makeover-blouse#LimeGreen,hard
Alex,the-short-sleeve-wrap-jersey-top#Emerald,falling-for-you-cardi-2#WinterRose,random
Laura,the-cotton-bamboo-tank#White,cara-tee-2#Blush,hard
Laura,the-cotton-bamboo-tank#White,cara-tee-2#WhiteBlk,hard
Laura,the-cotton-bamboo-tank#White,the-stitch-detail-top#Pink,random
Jess,natural-pattern-cocoon-cardigan#Blossom,cara-tee-2#Blush,hard
Jess,natural-pattern-cocoon-cardigan#Blossom,cara-tee-2#WhiteBlk,hard
Jess,natural-pattern-cocoon-cardigan#Blossom,the-oversized-cotton-blend-shirt#Navy,random
Jess,the-layered-cross-over-top#Navy,cara-tee-2#Blush,hard
Jess,the-layered-cross-over-top#Navy,cara-tee-2#WhiteBlk,hard
Jess,the-layered-cross-over-top#Navy,always-mine-spliced-cardigan#GreyEmeral,random
Riina,paradise-cardi#MultiStrip,voyager-stripe-crew#Stripe,hard
Riina,paradise-cardi#MultiStrip,makeover-blouse#LimeGreen,hard
Riina,paradise-cardi#MultiStrip,the-short-sleeve-wrap-jersey-top#NavyWhite,random
Natalie,the-cross-over-blouse#Black,natural-textured-poncho#Deeprain,hard
Natalie,the-cross-over-blouse#Black,voyager-stripe-crew#Stripe,hard
Natalie,the-cross-over-blouse#Black,the-double-layer-top#White,random
Natalie,belle-two-in-one-top#Charcoal,natural-textured-poncho#Deeprain,hard
Natalie,belle-two-in-one-top#Charcoal,voyager-stripe-crew#Stripe,hard
Natalie,belle-two-in-one-top#Charcoal,softly-swinging-bamboo-tee#Cashew,random
Chelsea,star-and-spot-sweater#SilverMult,voyager-stripe-crew#Stripe,hard
Chelsea,star-and-spot-sweater#SilverMult,makeover-blouse#LimeGreen,hard
Chelsea,star-and-spot-sweater#SilverMult,waterfall-cardi-1#Black,random
Georgia,falling-for-you-cardi#Teal,voyager-stripe-crew#Stripe,hard
Georgia,falling-for-you-cardi#Teal,makeover-blouse#LimeGreen,hard
Georgia,falling-for-you-cardi#Teal,jade-kimono-kaleidoscope#Blue,random
Perrie,the-cut-out-shoulder-blouse#Blue,natural-textured-poncho#Deeprain,hard
Perrie,the-cut-out-shoulder-blouse#Blue,voyager-stripe-crew#Stripe,hard
Perrie,the-cut-out-shoulder-blouse#Blue,the-on-or-off-the-shoulder-top#Pink,random
Mae-Lee,softly-swinging-bamboo-tee#Blush,side-buttoned-sweater#Buttoned,hard
Mae-Lee,softly-swinging-bamboo-tee#Blush,voyager-stripe-crew#Stripe,hard
Mae-Lee,softly-swinging-bamboo-tee#Blush,animal-button-up-shirt#KhakiPrint,random
Katie,lavaux-bell-sleeve#Mustard,voyager-stripe-crew#Stripe,hard
Katie,lavaux-bell-sleeve#Mustard,makeover-blouse#LimeGreen,hard
Katie,lavaux-bell-sleeve#Mustard,geneva-v-neck-top#ClaySpot,random
Amanda,the-layered-cross-over-top#Navy,natural-textured-poncho#Deeprain,hard
Amanda,the-layered-cross-over-top#Navy,voyager-stripe-crew#Stripe,hard
Amanda,the-layered-cross-over-top#Navy,long-sleeve-softly-swinging-bamboo-tee#DuckEgg,random
Laura,the-contrast-34-sleeve-top#Navy,cara-tee-2#Blush,hard
Laura,the-contrast-34-sleeve-top#Navy,cara-tee-2#WhiteBlk,hard
Laura,the-contrast-34-sleeve-top#Navy,rosie-bell-sleeve-denim-shirt#Stripe,random
Anna,belle-half-sleeve-forgiver-tunic#MutedClay,voyager-stripe-crew#Stripe,hard
Anna,belle-half-sleeve-forgiver-tunic#MutedClay,makeover-blouse#LimeGreen,hard
Anna,belle-half-sleeve-forgiver-tunic#MutedClay,westward-top#BotanicalD,random
Fiona,belle-satin-shirt#Black,natural-textured-poncho#Deeprain,hard
Fiona,belle-satin-shirt#Black,wonderland-blouse#Ink,hard
Fiona,belle-satin-shirt#Black,layered-top-2#White,random
Laura,the-reversible-cowl-neck-top-1#White,cara-tee-2#Blush,hard
Laura,the-reversible-cowl-neck-top-1#White,cara-tee-2#WhiteBlk,hard
Laura,the-reversible-cowl-neck-top-1#White,long-sleeve-softly-swinging-bamboo-tee#BlueJeans,random
Amanda,the-sleeveless-cross-over-blouse#Black,natural-textured-poncho#Deeprain,hard
Amanda,the-sleeveless-cross-over-blouse#Black,voyager-stripe-crew#Stripe,hard
Amanda,the-sleeveless-cross-over-blouse#Black,the-oversized-cotton-blend-shirt#Sand,random
Natalie,the-cross-over-blouse#Sunshine,natural-textured-poncho#Deeprain,hard
Natalie,the-cross-over-blouse#Sunshine,voyager-stripe-crew#Stripe,hard
Natalie,the-cross-over-blouse#Sunshine,capri-tank-3#Black,random
Shadae,fundamental-rib-long-sleeve-tee#White,voyager-stripe-crew#Stripe,hard
Shadae,fundamental-rib-long-sleeve-tee#White,makeover-blouse#LimeGreen,hard
Shadae,fundamental-rib-long-sleeve-tee#White,paradise-top#Red,random
Mae-Lee,the-cotton-bamboo-tank#Chambray,side-buttoned-sweater#Buttoned,hard
Mae-Lee,the-cotton-bamboo-tank#Chambray,voyager-stripe-crew#Stripe,hard
Mae-Lee,the-cotton-bamboo-tank#Chambray,the-colour-block-pullover#Sage,random
Laura,the-drape-tee-1#NavyStripe,cara-tee-2#Blush,hard
Laura,the-drape-tee-1#NavyStripe,cara-tee-2#WhiteBlk,hard
Laura,the-drape-tee-1#NavyStripe,rising-mist-jumper#Nickel,random
Fiona,the-high-low-drape-tee#Sage,natural-textured-poncho#Deeprain,hard
Fiona,the-high-low-drape-tee#Sage,wonderland-blouse#Ink,hard
Fiona,the-high-low-drape-tee#Sage,grace-oversized-knit#StoneBlack,random
Ljubenka,softly-swinging-bamboo-tee#Copper,the-uneven-hem-knit-1#Sage,hard
Ljubenka,softly-swinging-bamboo-tee#Copper,natural-textured-poncho#Deeprain,hard
Ljubenka,softly-swinging-bamboo-tee#Copper,monaco-knot-top#ClaySpot,random
Stacey,chill-out-slouch-top#GreyMarle,makeover-blouse#LimeGreen,hard
Stacey,chill-out-slouch-top#GreyMarle,cara-tee-2#Blush,hard
Stacey,chill-out-slouch-top#GreyMarle,tuck-layer-shirt#White,random
Mae-Lee,the-relaxed-long-sleeve-tee#Black,side-buttoned-sweater#Buttoned,hard
Mae-Lee,the-relaxed-long-sleeve-tee#Black,voyager-stripe-crew#Stripe,hard
Mae-Lee,the-relaxed-long-sleeve-tee#Black,natural-cross-back-knit#Lightsmoke,random
Gemma,hydrangea-kimono#Hydrangea,voyager-stripe-crew#Stripe,hard
Gemma,hydrangea-kimono#Hydrangea,makeover-blouse#LimeGreen,hard
Gemma,hydrangea-kimono#Hydrangea,the-long-sleeve-scoop-neck-tee#Grey,random
Gemma,love-song-relaxed-blouse#SagePearl,voyager-stripe-crew#Stripe,hard
Gemma,love-song-relaxed-blouse#SagePearl,makeover-blouse#LimeGreen,hard
Gemma,love-song-relaxed-blouse#SagePearl,coil-print-hi-lo-shirt#White,random
Kate,the-wrap-jersey-top#JetBlack,natural-textured-poncho#Deeprain,hard
Kate,the-wrap-jersey-top#JetBlack,animal-button-up-shirt#KhakiPrint,hard
Kate,the-wrap-jersey-top#JetBlack,bora-bora-layered-tank#BoraBora,random
Ljubenka,the-cotton-bamboo-tank#Moonbeam,the-uneven-hem-knit-1#Sage,hard
Ljubenka,the-cotton-bamboo-tank#Moonbeam,natural-textured-poncho#Deeprain,hard
Ljubenka,the-cotton-bamboo-tank#Moonbeam,rising-mist-jumper#Nickel,random
Laura,ruffle-top-4#Terracotta,cara-tee-2#Blush,hard
Laura,ruffle-top-4#Terracotta,cara-tee-2#WhiteBlk,hard
Laura,ruffle-top-4#Terracotta,layer-me-bamboo-rouched-sleeve-tee#Fern,random
Summer,fundamental-split-hoodie#Navy,voyager-stripe-crew#Stripe,hard
Summer,fundamental-split-hoodie#Navy,natural-textured-poncho#Deeprain,hard
Summer,fundamental-split-hoodie#Navy,the-wrap-jersey-top#PortSpot,random
Stefania,the-blouson-sleeve-jumper#Grey,voyager-stripe-crew#Stripe,hard
Stefania,the-blouson-sleeve-jumper#Grey,makeover-blouse#LimeGreen,hard
Stefania,the-blouson-sleeve-jumper#Grey,belle-half-sleeve-forgiver-tunic#Black,random
Mae-Lee,falling-for-you-cardi#Dusty,side-buttoned-sweater#Buttoned,hard
Mae-Lee,falling-for-you-cardi#Dusty,voyager-stripe-crew#Stripe,hard
Mae-Lee,falling-for-you-cardi#Dusty,mila-knit-cardigan#Clay,random
Charlotte,natural-cropped-sleeve-knit#Cloudcover,voyager-stripe-crew#Stripe,hard
Charlotte,natural-cropped-sleeve-knit#Cloudcover,makeover-blouse#LimeGreen,hard
Charlotte,natural-cropped-sleeve-knit#Cloudcover,long-sleeve-softly-swinging-bamboo-tee#Combat,random
Nikki,hacienda-tunic-pushkar#Cornflower,natural-textured-poncho#Deeprain,hard
Nikki,hacienda-tunic-pushkar#Cornflower,voyager-stripe-crew#Stripe,hard
Nikki,hacienda-tunic-pushkar#Cornflower,falling-for-you-cardi#Black,random
Stacey,robyn-top-1#Roanne,makeover-blouse#LimeGreen,hard
Stacey,robyn-top-1#Roanne,cara-tee-2#Blush,hard
Stacey,robyn-top-1#Roanne,cotton-cashmere-v-neck-knit#Navy,random
Georgia,sugar-snaps-layers-tank#Red,voyager-stripe-crew#Stripe,hard
Georgia,sugar-snaps-layers-tank#Red,makeover-blouse#LimeGreen,hard
Georgia,sugar-snaps-layers-tank#Red,monaco-knot-top#Black,random
Laura,the-relaxed-long-sleeve-tee#White,cara-tee-2#Blush,hard
Laura,the-relaxed-long-sleeve-tee#White,cara-tee-2#WhiteBlk,hard
Laura,the-relaxed-long-sleeve-tee#White,cross-over-top-with-pocket#BlackWhite,random
Fiona,be-mine-top-1#Sage,natural-textured-poncho#Deeprain,hard
Fiona,be-mine-top-1#Sage,wonderland-blouse#Ink,hard
Fiona,be-mine-top-1#Sage,layered-tunic-1#White,random
Gemma,you-at-my-shoulder-tunic#Black,voyager-stripe-crew#Stripe,hard
Gemma,you-at-my-shoulder-tunic#Black,makeover-blouse#LimeGreen,hard
Gemma,you-at-my-shoulder-tunic#Black,st-helens-henley-tee#White,random
Riina,the-essential-pullover#DustyPeach,voyager-stripe-crew#Stripe,hard
Riina,the-essential-pullover#DustyPeach,makeover-blouse#LimeGreen,hard
Riina,the-essential-pullover#DustyPeach,analia-jersey-top#Black,random
Monique,layered-tunic-1#Natural,voyager-stripe-crew#Stripe,hard
Monique,layered-tunic-1#Natural,makeover-blouse#LimeGreen,hard
Monique,layered-tunic-1#Natural,lola-bell-sleeve-top-entangled-vines#Gold,random
Emma,printed-v-neck-top#Striped,voyager-stripe-crew#Stripe,hard
Emma,printed-v-neck-top#Striped,makeover-blouse#LimeGreen,hard
Emma,printed-v-neck-top#Striped,the-cut-out-shoulder-blouse#Clay,random
Marnee,sugar-snaps-throw-jacket#White,natural-textured-poncho#Deeprain,hard
Marnee,sugar-snaps-throw-jacket#White,voyager-stripe-crew#Stripe,hard
Marnee,sugar-snaps-throw-jacket#White,the-v-neck-stripe-top#BlkStripe,random
Maddy,the-wrap-jersey-top#PortSpot,natural-textured-poncho#Deeprain,hard
Maddy,the-wrap-jersey-top#PortSpot,voyager-stripe-crew#Stripe,hard
Maddy,the-wrap-jersey-top#PortSpot,paige-top#Black,random
Ljubenka,the-half-sleeve-tee#White,the-uneven-hem-knit-1#Sage,hard
Ljubenka,the-half-sleeve-tee#White,natural-textured-poncho#Deeprain,hard
Ljubenka,the-half-sleeve-tee#White,the-spotted-tunic#GreySpot,random
Fiona,the-relax-blouse#White,natural-textured-poncho#Deeprain,hard
Fiona,the-relax-blouse#White,wonderland-blouse#Ink,hard
Fiona,the-relax-blouse#White,the-side-ring-detail-blouse-1#Black,random
Anna,the-sleeveless-cross-over-blouse#White,voyager-stripe-crew#Stripe,hard
Anna,the-sleeveless-cross-over-blouse#White,makeover-blouse#LimeGreen,hard
Anna,the-sleeveless-cross-over-blouse#White,indi-crosover-front-blouse#MixedStrip,random
Jess,off-shoulder-top-1#Strawberry,cara-tee-2#Blush,hard
Jess,off-shoulder-top-1#Strawberry,cara-tee-2#WhiteBlk,hard
Jess,off-shoulder-top-1#Strawberry,the-zip-front-top#Rose,random
Emma,crosses-jumper#xmyheart,voyager-stripe-crew#Stripe,hard
Emma,crosses-jumper#xmyheart,makeover-blouse#LimeGreen,hard
Emma,crosses-jumper#xmyheart,layer-me-bamboo-rouched-sleeve-tee#Black,random
Fiona,softly-falling-bamboo-tunic#Copper,natural-textured-poncho#Deeprain,hard
Fiona,softly-falling-bamboo-tunic#Copper,wonderland-blouse#Ink,hard
Fiona,softly-falling-bamboo-tunic#Copper,emerald-knit#Emerald,random
Georgia,sugar-snaps-round-neck-layer-tank#DuckEgg,voyager-stripe-crew#Stripe,hard
Georgia,sugar-snaps-round-neck-layer-tank#DuckEgg,makeover-blouse#LimeGreen,hard
Georgia,sugar-snaps-round-neck-layer-tank#DuckEgg,the-on-or-off-the-shoulder-top#Pink,random
Mae-Lee,the-drape-tee-1#NavyStripe,side-buttoned-sweater#Buttoned,hard
Mae-Lee,the-drape-tee-1#NavyStripe,voyager-stripe-crew#Stripe,hard
Mae-Lee,the-drape-tee-1#NavyStripe,skipping-stones-tunic#Natural,random
Monique,lurex-stitch-top#White,voyager-stripe-crew#Stripe,hard
Monique,lurex-stitch-top#White,makeover-blouse#LimeGreen,hard
Monique,lurex-stitch-top#White,butterfly-kisses-tee#Stripe,random
Nathalie,the-everyday-shirt#Rose,voyager-stripe-crew#Stripe,hard
Nathalie,the-everyday-shirt#Rose,makeover-blouse#LimeGreen,hard
Nathalie,the-everyday-shirt#Rose,bird-jumper#Navy,random
Madeline,ruffle-top-4#Terracotta,voyager-stripe-crew#Stripe,hard
Madeline,ruffle-top-4#Terracotta,makeover-blouse#LimeGreen,hard
Madeline,ruffle-top-4#Terracotta,melbourne-stretch-cardigan#NavyWhtStr,random
Laura,belle-drape-tee#Black,cara-tee-2#Blush,hard
Laura,belle-drape-tee#Black,cara-tee-2#WhiteBlk,hard
Laura,belle-drape-tee#Black,spliced-lace-panel-tee#White,random
Emma,tie-back-bell-sleeve-top-5#Summerbud,voyager-stripe-crew#Stripe,hard
Emma,tie-back-bell-sleeve-top-5#Summerbud,makeover-blouse#LimeGreen,hard
Emma,tie-back-bell-sleeve-top-5#Summerbud,the-zip-detail-jacket#Grey,random
Chelsea,daylight-jumper#Silver,voyager-stripe-crew#Stripe,hard
Chelsea,daylight-jumper#Silver,makeover-blouse#LimeGreen,hard
Chelsea,daylight-jumper#Silver,meera-oversized-shirt#Mint,random
Ljubenka,the-cotton-bamboo-tank#DarkNavy,the-uneven-hem-knit-1#Sage,hard
Ljubenka,the-cotton-bamboo-tank#DarkNavy,natural-textured-poncho#Deeprain,hard
Ljubenka,the-cotton-bamboo-tank#DarkNavy,knit-hoodie-1#Sage,random
Summer,striped-sleeve-sweater#Striped,voyager-stripe-crew#Stripe,hard
Summer,striped-sleeve-sweater#Striped,natural-textured-poncho#Deeprain,hard
Summer,striped-sleeve-sweater#Striped,anna-top#Leona,random
Clementine,sugar-snaps-layers-tank#DeepCobalt,voyager-stripe-crew#Stripe,hard
Clementine,sugar-snaps-layers-tank#DeepCobalt,makeover-blouse#LimeGreen,hard
Clementine,sugar-snaps-layers-tank#DeepCobalt,belle-satin-shirt#Black,random
Amanda,the-stitch-detail-top#Pink,natural-textured-poncho#Deeprain,hard
Amanda,the-stitch-detail-top#Pink,voyager-stripe-crew#Stripe,hard
Amanda,the-stitch-detail-top#Pink,tracie-top#Opal,random
Fiona,lola-bell-sleeve-top-ditsy-daisies#Blue,natural-textured-poncho#Deeprain,hard
Fiona,lola-bell-sleeve-top-ditsy-daisies#Blue,wonderland-blouse#Ink,hard
Fiona,lola-bell-sleeve-top-ditsy-daisies#Blue,the-tie-front-top#Black,random
Georgia,falling-for-you-cardi#GreyMarle,voyager-stripe-crew#Stripe,hard
Georgia,falling-for-you-cardi#GreyMarle,makeover-blouse#LimeGreen,hard
Georgia,falling-for-you-cardi#GreyMarle,contrast-stripe-sweater#Pockets,random
Jess,belle-half-sleeve-forgiver-tunic#White,cara-tee-2#Blush,hard
Jess,belle-half-sleeve-forgiver-tunic#White,cara-tee-2#WhiteBlk,hard
Jess,belle-half-sleeve-forgiver-tunic#White,capri-tank-3#Black,random
Jess,the-short-sleeve-wrap-jersey-top#Blue,cara-tee-2#Blush,hard
Jess,the-short-sleeve-wrap-jersey-top#Blue,cara-tee-2#WhiteBlk,hard
Jess,the-short-sleeve-wrap-jersey-top#Blue,the-double-layer-top#Black,random
Stacey,skipping-stones-tunic#Forest,makeover-blouse#LimeGreen,hard
Stacey,skipping-stones-tunic#Forest,cara-tee-2#Blush,hard
Stacey,skipping-stones-tunic#Forest,the-tie-layering-knit#Grey,random
Laura,the-essential-layering-tee#White,cara-tee-2#Blush,hard
Laura,the-essential-layering-tee#White,cara-tee-2#WhiteBlk,hard
Laura,the-essential-layering-tee#White,nova-lux-long-sleeve-tie-top-1#NightSky,random
Georgia,nuzuri-longline-cardi#Forest,voyager-stripe-crew#Stripe,hard
Georgia,nuzuri-longline-cardi#Forest,makeover-blouse#LimeGreen,hard
Georgia,nuzuri-longline-cardi#Forest,bodega-knit#Moss,random
Tia,the-drape-tee-1#White,the-panel-luxe-top#BlkWhite,hard
Tia,the-drape-tee-1#White,the-panel-luxe-top#SilvWhite,hard
Tia,the-drape-tee-1#White,heartmade-cardi#DustyRose,random
Stacey,the-belle-sleeve-print-top#NavyPrint,makeover-blouse#LimeGreen,hard
Stacey,the-belle-sleeve-print-top#NavyPrint,cara-tee-2#Blush,hard
Stacey,the-belle-sleeve-print-top#NavyPrint,belle-half-sleeve-forgiver-tunic#MutedClay,random
Jess,falling-for-you-cardi#Port,cara-tee-2#Blush,hard
Jess,falling-for-you-cardi#Port,cara-tee-2#WhiteBlk,hard
Jess,falling-for-you-cardi#Port,tab-sleeve-longline-shirt#Navy,random
Shadae,ember-knit#EmberGlow,voyager-stripe-crew#Stripe,hard
Shadae,ember-knit#EmberGlow,makeover-blouse#LimeGreen,hard
Shadae,ember-knit#EmberGlow,lilly-layer-stripe-tank#NavyWhite,random
Alex,the-cross-over-blouse#Blue,voyager-stripe-crew#Stripe,hard
Alex,the-cross-over-blouse#Blue,makeover-blouse#LimeGreen,hard
Alex,the-cross-over-blouse#Blue,driftwood-gathering-blouse#Khaki,random
Marnee,long-sleeve-softly-swinging-bamboo-tee#Storm,natural-textured-poncho#Deeprain,hard
Marnee,long-sleeve-softly-swinging-bamboo-tee#Storm,voyager-stripe-crew#Stripe,hard
Marnee,long-sleeve-softly-swinging-bamboo-tee#Storm,2-in-1-layered-top-1#NavyWhite,random
Mae-Lee,falling-for-you-cardi#Mustard,side-buttoned-sweater#Buttoned,hard
Mae-Lee,falling-for-you-cardi#Mustard,voyager-stripe-crew#Stripe,hard
Mae-Lee,falling-for-you-cardi#Mustard,first-mix-top-1#BlackWhite,random
Jess,the-button-up-swing-tunic#Wine,cara-tee-2#Blush,hard
Jess,the-button-up-swing-tunic#Wine,cara-tee-2#WhiteBlk,hard
Jess,the-button-up-swing-tunic#Wine,mila-knit-cardigan#InkWhite,random
Kate,sugar-snaps-layers-tank#NewBeige,natural-textured-poncho#Deeprain,hard
Kate,sugar-snaps-layers-tank#NewBeige,animal-button-up-shirt#KhakiPrint,hard
Kate,sugar-snaps-layers-tank#NewBeige,layered-top-2#Navy,random
Chelsea,the-drape-tee-1#Navy,voyager-stripe-crew#Stripe,hard
Chelsea,the-drape-tee-1#Navy,makeover-blouse#LimeGreen,hard
Chelsea,the-drape-tee-1#Navy,the-long-sleeve-scoop-neck-tee#Navy,random
Jess,for-the-frill-top#Ivory,cara-tee-2#Blush,hard
Jess,for-the-frill-top#Ivory,cara-tee-2#WhiteBlk,hard
Jess,for-the-frill-top#Ivory,the-swing-tank-top#Rose,random
Jess,long-sleeve-spot-top#Multispot,cara-tee-2#Blush,hard
Jess,long-sleeve-spot-top#Multispot,cara-tee-2#WhiteBlk,hard
Jess,long-sleeve-spot-top#Multispot,roll-with-me-jumper#Chalk,random
Laura,summer-breeze-top-1#White,cara-tee-2#Blush,hard
Laura,summer-breeze-top-1#White,cara-tee-2#WhiteBlk,hard
Laura,summer-breeze-top-1#White,colourblock-cardi#NavyRed,random
Chelsea,the-drape-tee-1#Stripe,voyager-stripe-crew#Stripe,hard
Chelsea,the-drape-tee-1#Stripe,makeover-blouse#LimeGreen,hard
Chelsea,the-drape-tee-1#Stripe,the-sleeveless-cross-over-blouse#Sunshine,random
Jess,belle-ls-free-fall-tee#Blush,cara-tee-2#Blush,hard
Jess,belle-ls-free-fall-tee#Blush,cara-tee-2#WhiteBlk,hard
Jess,belle-ls-free-fall-tee#Blush,floral-nehru-print-shirt#Pink,random
Perrie,the-everyday-shirt#Cream,natural-textured-poncho#Deeprain,hard
Perrie,the-everyday-shirt#Cream,voyager-stripe-crew#Stripe,hard
Perrie,the-everyday-shirt#Cream,long-sleeve-ruffle-shirt#Navy,random
Lauren,natural-cross-back-knit#Lightsmoke,side-buttoned-sweater#Buttoned,hard
Lauren,natural-cross-back-knit#Lightsmoke,voyager-stripe-crew#Stripe,hard
Lauren,natural-cross-back-knit#Lightsmoke,the-design-fold-tunic-top#PearlBlue,random
Maddy,the-everyday-shirt#Pink,natural-textured-poncho#Deeprain,hard
Maddy,the-everyday-shirt#Pink,voyager-stripe-crew#Stripe,hard
Maddy,the-everyday-shirt#Pink,summer-whispers-kimono-1#Peacock,random
Georgia,walk-in-the-park-cardi#Sand,voyager-stripe-crew#Stripe,hard
Georgia,walk-in-the-park-cardi#Sand,makeover-blouse#LimeGreen,hard
Georgia,walk-in-the-park-cardi#Sand,capri-tank-3#Navy,random
Sophia,bubbles-print-tee#Cambridge,cara-tee-2#Blush,hard
Sophia,bubbles-print-tee#Cambridge,cara-tee-2#WhiteBlk,hard
Sophia,bubbles-print-tee#Cambridge,the-curve-striped-tank#Marine,random
Emma,long-sleeve-softly-swinging-bamboo-tee#SilverScon,voyager-stripe-crew#Stripe,hard
Emma,long-sleeve-softly-swinging-bamboo-tee#SilverScon,makeover-blouse#LimeGreen,hard
Emma,long-sleeve-softly-swinging-bamboo-tee#SilverScon,wrap-me-up-bamboo-top#Black,random
Lauren,to-the-beat-of-the-drum-kimono#Leaf,side-buttoned-sweater#Buttoned,hard
Lauren,to-the-beat-of-the-drum-kimono#Leaf,voyager-stripe-crew#Stripe,hard
Lauren,to-the-beat-of-the-drum-kimono#Leaf,the-cross-over-blouse#Black,random
Natalia,the-zip-front-blouse#Khaki,voyager-stripe-crew#Stripe,hard
Natalia,the-zip-front-blouse#Khaki,makeover-blouse#LimeGreen,hard
Natalia,the-zip-front-blouse#Khaki,the-sleeveless-cross-over-blouse#Sunshine,random
Fiona,long-sleeve-softly-swinging-bamboo-tee#Smoke,natural-textured-poncho#Deeprain,hard
Fiona,long-sleeve-softly-swinging-bamboo-tee#Smoke,wonderland-blouse#Ink,hard
Fiona,long-sleeve-softly-swinging-bamboo-tee#Smoke,llama-long-sleeve-shirt#Mustard,random
Chelsea,the-flutter-sleeve-top#SnakePrint,voyager-stripe-crew#Stripe,hard
Chelsea,the-flutter-sleeve-top#SnakePrint,makeover-blouse#LimeGreen,hard
Chelsea,the-flutter-sleeve-top#SnakePrint,the-essential-layering-tee#White,random
Fiona,sunshine-in-me-tee-1#White,natural-textured-poncho#Deeprain,hard
Fiona,sunshine-in-me-tee-1#White,wonderland-blouse#Ink,hard
Fiona,sunshine-in-me-tee-1#White,relaxed-top-1#FloraStrip,random
Chelsea,luxe-shirt#Champagne,voyager-stripe-crew#Stripe,hard
Chelsea,luxe-shirt#Champagne,makeover-blouse#LimeGreen,hard
Chelsea,luxe-shirt#Champagne,kimberly-spliced-top#Black,random
Mae-Lee,lurex-stitch-top#White,side-buttoned-sweater#Buttoned,hard
Mae-Lee,lurex-stitch-top#White,voyager-stripe-crew#Stripe,hard
Mae-Lee,lurex-stitch-top#White,heartmade-cardi#DustyRose,random
Georgia,softly-swinging-bamboo-tee#Storm,voyager-stripe-crew#Stripe,hard
Georgia,softly-swinging-bamboo-tee#Storm,makeover-blouse#LimeGreen,hard
Georgia,softly-swinging-bamboo-tee#Storm,elcos-top#LightGrey,random
Mae-Lee,softly-swinging-bamboo-tee#Jewel,side-buttoned-sweater#Buttoned,hard
Mae-Lee,softly-swinging-bamboo-tee#Jewel,voyager-stripe-crew#Stripe,hard
Mae-Lee,softly-swinging-bamboo-tee#Jewel,rib-tank-2#White,random
Marnee,soft-and-true-tunic#Pine,natural-textured-poncho#Deeprain,hard
Marnee,soft-and-true-tunic#Pine,voyager-stripe-crew#Stripe,hard
Marnee,soft-and-true-tunic#Pine,printed-tunic-7#RedCheck,random
Stacey,bird-jumper#Navy,makeover-blouse#LimeGreen,hard
Stacey,bird-jumper#Navy,cara-tee-2#Blush,hard
Stacey,bird-jumper#Navy,the-curve-striped-tank#Marine,random
Jess,the-stitch-detail-top#Pink,cara-tee-2#Blush,hard
Jess,the-stitch-detail-top#Pink,cara-tee-2#WhiteBlk,hard
Jess,the-stitch-detail-top#Pink,dream-girl-ruffle-jumper#SoftPink,random
Maddy,the-sleeveless-cross-over-blouse#Salmon,natural-textured-poncho#Deeprain,hard
Maddy,the-sleeveless-cross-over-blouse#Salmon,voyager-stripe-crew#Stripe,hard
Maddy,the-sleeveless-cross-over-blouse#Salmon,runaway-top#Sand,random
Sophie,long-sleeve-softly-swinging-bamboo-tee#Oyster,side-buttoned-sweater#Buttoned,hard
Sophie,long-sleeve-softly-swinging-bamboo-tee#Oyster,the-tie-front-top#Navy,hard
Sophie,long-sleeve-softly-swinging-bamboo-tee#Oyster,sandy-off-the-shoulder-top#Gingham,random
Laura,the-long-sleeve-scoop-neck-tee#Black,cara-tee-2#Blush,hard
Laura,the-long-sleeve-scoop-neck-tee#Black,cara-tee-2#WhiteBlk,hard
Laura,the-long-sleeve-scoop-neck-tee#Black,block-sweater#Block,random
Riina,the-daily-essential-jumper#Grey,voyager-stripe-crew#Stripe,hard
Riina,the-daily-essential-jumper#Grey,makeover-blouse#LimeGreen,hard
Riina,the-daily-essential-jumper#Grey,long-sleeve-softly-swinging-bamboo-tee#Combat,random
Mercy,belle-v-neck-forgiver-tunic#Tobacco,voyager-stripe-crew#Stripe,hard
Mercy,belle-v-neck-forgiver-tunic#Tobacco,makeover-blouse#LimeGreen,hard
Mercy,belle-v-neck-forgiver-tunic#Tobacco,tie-back-bell-sleeve-top-5#Summerbud,random
Tia,sugar-snaps-layers-tank#Mint,the-panel-luxe-top#BlkWhite,hard
Tia,sugar-snaps-layers-tank#Mint,the-panel-luxe-top#SilvWhite,hard
Tia,sugar-snaps-layers-tank#Mint,belle-mid-length-knit-cardi#Black,random
Natalie,the-batwing-tee#Sea,natural-textured-poncho#Deeprain,hard
Natalie,the-batwing-tee#Sea,voyager-stripe-crew#Stripe,hard
Natalie,the-batwing-tee#Sea,belle-cowl-swing-sweater#Green,random
Emma,long-sleeve-softly-swinging-bamboo-tee#Oyster,voyager-stripe-crew#Stripe,hard
Emma,long-sleeve-softly-swinging-bamboo-tee#Oyster,makeover-blouse#LimeGreen,hard
Emma,long-sleeve-softly-swinging-bamboo-tee#Oyster,cara-tee-4#Black,random
Katie,birds-tee-1#Navy,voyager-stripe-crew#Stripe,hard
Katie,birds-tee-1#Navy,makeover-blouse#LimeGreen,hard
Katie,birds-tee-1#Navy,pure-merino-fine-rib-v-neck#Charcoal,random
Shadae,fundamental-vee-tee#Black,voyager-stripe-crew#Stripe,hard
Shadae,fundamental-vee-tee#Black,makeover-blouse#LimeGreen,hard
Shadae,fundamental-vee-tee#Black,napoleon-top-1#NemoBlue,random
Marnee,the-cotton-bamboo-tank#DarkNavy,natural-textured-poncho#Deeprain,hard
Marnee,the-cotton-bamboo-tank#DarkNavy,voyager-stripe-crew#Stripe,hard
Marnee,the-cotton-bamboo-tank#DarkNavy,relaxed-cape#WhiteBlack,random
Gemma,on-the-horizon-swing-top-1#Khaki,voyager-stripe-crew#Stripe,hard
Gemma,on-the-horizon-swing-top-1#Khaki,makeover-blouse#LimeGreen,hard
Gemma,on-the-horizon-swing-top-1#Khaki,the-check-pullover#PinkCheck,random
Amanda,the-sleeveless-cross-over-blouse#Salmon,natural-textured-poncho#Deeprain,hard
Amanda,the-sleeveless-cross-over-blouse#Salmon,voyager-stripe-crew#Stripe,hard
Amanda,the-sleeveless-cross-over-blouse#Salmon,aztec-cardigan#Orange,random
Fiona,the-ruffle-sleeve-sweat#KhakiMarle,natural-textured-poncho#Deeprain,hard
Fiona,the-ruffle-sleeve-sweat#KhakiMarle,wonderland-blouse#Ink,hard
Fiona,the-ruffle-sleeve-sweat#KhakiMarle,layered-sleeve-top#Moss,random
Amanda,the-bell-sleeve-top#Grey,natural-textured-poncho#Deeprain,hard
Amanda,the-bell-sleeve-top#Grey,voyager-stripe-crew#Stripe,hard
Amanda,the-bell-sleeve-top#Grey,this-mortal-coil-drape#StormClam,random
Anna,the-long-sleeve-v-neck-tee#Black,voyager-stripe-crew#Stripe,hard
Anna,the-long-sleeve-v-neck-tee#Black,makeover-blouse#LimeGreen,hard
Anna,the-long-sleeve-v-neck-tee#Black,contrast-stripe-sweater#Pockets,random
Laura,the-everyday-shirt#Midnight,cara-tee-2#Blush,hard
Laura,the-everyday-shirt#Midnight,cara-tee-2#WhiteBlk,hard
Laura,the-everyday-shirt#Midnight,contrast-pocket-tunic#Pinkpocket,random
Chelsea,glasgow-top#Melange,voyager-stripe-crew#Stripe,hard
Chelsea,glasgow-top#Melange,makeover-blouse#LimeGreen,hard
Chelsea,glasgow-top#Melange,natural-crossover-knit-1#Stormcloud,random
Clementine,the-cotton-bamboo-tank#DuckEgg,voyager-stripe-crew#Stripe,hard
Clementine,the-cotton-bamboo-tank#DuckEgg,makeover-blouse#LimeGreen,hard
Clementine,the-cotton-bamboo-tank#DuckEgg,saba-top-2#Catus,random
Jess,first-mix-top-1#BlackWhite,cara-tee-2#Blush,hard
Jess,first-mix-top-1#BlackWhite,cara-tee-2#WhiteBlk,hard
Jess,first-mix-top-1#BlackWhite,2-in-1-layered-top-1#PinkWhite,random
Amanda,the-essential-pullover#DustyPeach,natural-textured-poncho#Deeprain,hard
Amanda,the-essential-pullover#DustyPeach,voyager-stripe-crew#Stripe,hard
Amanda,the-essential-pullover#DustyPeach,pure-merino-fine-rib-v-neck#Charcoal,random
Emma,the-relaxed-long-sleeve-tee#Khaki,voyager-stripe-crew#Stripe,hard
Emma,the-relaxed-long-sleeve-tee#Khaki,makeover-blouse#LimeGreen,hard
Emma,the-relaxed-long-sleeve-tee#Khaki,mauevewood-crew#Charcoal,random
Maddy,annabelle-sweater#Midnight,natural-textured-poncho#Deeprain,hard
Maddy,annabelle-sweater#Midnight,voyager-stripe-crew#Stripe,hard
Maddy,annabelle-sweater#Midnight,the-design-fold-tunic-top#PearlBlue,random
Marnee,the-cotton-bamboo-tank#Chambray,natural-textured-poncho#Deeprain,hard
Marnee,the-cotton-bamboo-tank#Chambray,voyager-stripe-crew#Stripe,hard
Marnee,the-cotton-bamboo-tank#Chambray,the-shoulder-tie-top#White,random
Clementine,sugar-snaps-layers-tank#White,voyager-stripe-crew#Stripe,hard
Clementine,sugar-snaps-layers-tank#White,makeover-blouse#LimeGreen,hard
Clementine,sugar-snaps-layers-tank#White,off-shoulder-top-1#Strawberry,random
Madeline,bertie-top#Black,voyager-stripe-crew#Stripe,hard
Madeline,bertie-top#Black,makeover-blouse#LimeGreen,hard
Madeline,bertie-top#Black,tinker-stripe-knit#NavyWhite,random
Gemma,under-the-stars-blouse#Petal,voyager-stripe-crew#Stripe,hard
Gemma,under-the-stars-blouse#Petal,makeover-blouse#LimeGreen,hard
Gemma,under-the-stars-blouse#Petal,soft-and-true-tunic#Pine,random
Fiona,the-luxe-cotton-tunic#White,natural-textured-poncho#Deeprain,hard
Fiona,the-luxe-cotton-tunic#White,wonderland-blouse#Ink,hard
Fiona,the-luxe-cotton-tunic#White,napoleon-top-1#NemoBlue,random
Emma,long-sleeve-check-top#Check,voyager-stripe-crew#Stripe,hard
Emma,long-sleeve-check-top#Check,makeover-blouse#LimeGreen,hard
Emma,long-sleeve-check-top#Check,monaco-sweater#BlackCream,random
Lauren,the-twist-front-top#Navy,side-buttoned-sweater#Buttoned,hard
Lauren,the-twist-front-top#Navy,voyager-stripe-crew#Stripe,hard
Lauren,the-twist-front-top#Navy,janet-frill-shirt#White,random
Palatina,pure-merino-fine-rib-v-neck#Charcoal,cara-tee-2#Blush,hard
Palatina,pure-merino-fine-rib-v-neck#Charcoal,cara-tee-2#WhiteBlk,hard
Palatina,pure-merino-fine-rib-v-neck#Charcoal,layer-me-bamboo-rouched-sleeve-tee#White,random
Natalia,neptune-top-1#PrimBlack,voyager-stripe-crew#Stripe,hard
Natalia,neptune-top-1#PrimBlack,makeover-blouse#LimeGreen,hard
Natalia,neptune-top-1#PrimBlack,fundamental-split-hoodie#Pink,random
Mae-Lee,the-cotton-bamboo-tee#DustyPink,side-buttoned-sweater#Buttoned,hard
Mae-Lee,the-cotton-bamboo-tee#DustyPink,voyager-stripe-crew#Stripe,hard
Mae-Lee,the-cotton-bamboo-tee#DustyPink,the-reversible-cowl-neck-top-1#White,random
Mae-Lee,falling-for-you-cardi#Port,side-buttoned-sweater#Buttoned,hard
Mae-Lee,falling-for-you-cardi#Port,voyager-stripe-crew#Stripe,hard
Mae-Lee,falling-for-you-cardi#Port,westward-top#BotanicalD,random
Georgia,long-sleeve-softly-swinging-bamboo-tee#DuckEgg,voyager-stripe-crew#Stripe,hard
Georgia,long-sleeve-softly-swinging-bamboo-tee#DuckEgg,makeover-blouse#LimeGreen,hard
Georgia,long-sleeve-softly-swinging-bamboo-tee#DuckEgg,the-on-or-off-the-shoulder-top#Pink,random
Mae-Lee,the-short-sleeve-wrap-jersey-top#Emerald,side-buttoned-sweater#Buttoned,hard
Mae-Lee,the-short-sleeve-wrap-jersey-top#Emerald,voyager-stripe-crew#Stripe,hard
Mae-Lee,the-short-sleeve-wrap-jersey-top#Emerald,fundamental-rib-long-sleeve-tee#Black,random
Marnee,falling-for-you-cardi#Dusty,natural-textured-poncho#Deeprain,hard
Marnee,falling-for-you-cardi#Dusty,voyager-stripe-crew#Stripe,hard
Marnee,falling-for-you-cardi#Dusty,always-mine-spliced-cardigan#GreyEmeral,random
Laura,the-drape-tee-1#Black,cara-tee-2#Blush,hard
Laura,the-drape-tee-1#Black,cara-tee-2#WhiteBlk,hard
Laura,the-drape-tee-1#Black,marlow-cardigan#Cream,random
Ljubenka,runaway-top#SoftMint,the-uneven-hem-knit-1#Sage,hard
Ljubenka,runaway-top#SoftMint,natural-textured-poncho#Deeprain,hard
Ljubenka,runaway-top#SoftMint,the-relaxed-batwing-top#PeachRose,random
Maddy,the-relaxed-long-sleeve-tee#Pink,natural-textured-poncho#Deeprain,hard
Maddy,the-relaxed-long-sleeve-tee#Pink,voyager-stripe-crew#Stripe,hard
Maddy,the-relaxed-long-sleeve-tee#Pink,softly-swinging-bamboo-tee#Black,random
Chelsea,2-in-1-layered-top-1#NavyWhite,voyager-stripe-crew#Stripe,hard
Chelsea,2-in-1-layered-top-1#NavyWhite,makeover-blouse#LimeGreen,hard
Chelsea,2-in-1-layered-top-1#NavyWhite,fundamental-vee-tee#GreyMarle,random
Amanda,the-everyday-shirt#Midnight,natural-textured-poncho#Deeprain,hard
Amanda,the-everyday-shirt#Midnight,voyager-stripe-crew#Stripe,hard
Amanda,the-everyday-shirt#Midnight,cara-tee-4#Black,random
Mae-Lee,softly-swinging-bamboo-tee#Copper,side-buttoned-sweater#Buttoned,hard
Mae-Lee,softly-swinging-bamboo-tee#Copper,voyager-stripe-crew#Stripe,hard
Mae-Lee,softly-swinging-bamboo-tee#Copper,midtown-ruffle-shirt#BoldRed,random
Gemma,placement-print-shirt#WhiteNavy,voyager-stripe-crew#Stripe,hard
Gemma,placement-print-shirt#WhiteNavy,makeover-blouse#LimeGreen,hard
Gemma,placement-print-shirt#WhiteNavy,belle-v-neck-forgiver-tunic#BlueMarle,random
Mae-Lee,the-long-sleeve-v-neck-tee#White,side-buttoned-sweater#Buttoned,hard
Mae-Lee,the-long-sleeve-v-neck-tee#White,voyager-stripe-crew#Stripe,hard
Mae-Lee,the-long-sleeve-v-neck-tee#White,magnolia-fields-keyhole-blouse#Magnolia,random
Maddy,the-sleeveless-cross-over-blouse#Black,natural-textured-poncho#Deeprain,hard
Maddy,the-sleeveless-cross-over-blouse#Black,voyager-stripe-crew#Stripe,hard
Maddy,the-sleeveless-cross-over-blouse#Black,ivy-cosy-pullover#Storm,random
Jess,the-bonded-cotton-shirt#Pink,cara-tee-2#Blush,hard
Jess,the-bonded-cotton-shirt#Pink,cara-tee-2#WhiteBlk,hard
Jess,the-bonded-cotton-shirt#Pink,arlo-cardigan#Navy,random
Fiona,the-slouch-pocket-tee#Stripe,natural-textured-poncho#Deeprain,hard
Fiona,the-slouch-pocket-tee#Stripe,wonderland-blouse#Ink,hard
Fiona,the-slouch-pocket-tee#Stripe,nova-lux-long-sleeve-tie-top#AidaStripe,random
Georgia,layer-me-bamboo-rouched-sleeve-tee#Black,voyager-stripe-crew#Stripe,hard
Georgia,layer-me-bamboo-rouched-sleeve-tee#Black,makeover-blouse#LimeGreen,hard
Georgia,layer-me-bamboo-rouched-sleeve-tee#Black,belle-v-neck-forgiver-tunic#Black,random
Palatina,the-essential-pullover#SkyBlue,cara-tee-2#Blush,hard
Palatina,the-essential-pullover#SkyBlue,cara-tee-2#WhiteBlk,hard
Palatina,the-essential-pullover#SkyBlue,soho-v-neck-blouse#SohoPrint,random
Anna,melbourne-stretch-cardigan#NavyWhtStr,voyager-stripe-crew#Stripe,hard
Anna,melbourne-stretch-cardigan#NavyWhtStr,makeover-blouse#LimeGreen,hard
Anna,melbourne-stretch-cardigan#NavyWhtStr,born-to-run-shirt-jacket#Leopard,random
Amanda,the-cross-front-spot-blouse#NavySpot,natural-textured-poncho#Deeprain,hard
Amanda,the-cross-front-spot-blouse#NavySpot,voyager-stripe-crew#Stripe,hard
Amanda,the-cross-front-spot-blouse#NavySpot,the-cross-over-printed-blouse#Leopard,random
Georgia,rising-mist-jumper#Nickel,voyager-stripe-crew#Stripe,hard
Georgia,rising-mist-jumper#Nickel,makeover-blouse#LimeGreen,hard
Georgia,rising-mist-jumper#Nickel,meredith-78-oversized-pullover-knit#CameoRose,random
Riina,the-bell-sleeve-top#Grey,voyager-stripe-crew#Stripe,hard
Riina,the-bell-sleeve-top#Grey,makeover-blouse#LimeGreen,hard
Riina,the-bell-sleeve-top#Grey,abigail-stripe-shirt#BlackStrip,random
Georgia,dusk-top#DuskPrint,voyager-stripe-crew#Stripe,hard
Georgia,dusk-top#DuskPrint,makeover-blouse#LimeGreen,hard
Georgia,dusk-top#DuskPrint,gloria-applique-crew#Charcoal,random
Sophie,long-sleeve-softly-swinging-bamboo-tee#BlueJeans,side-buttoned-sweater#Buttoned,hard
Sophie,long-sleeve-softly-swinging-bamboo-tee#BlueJeans,the-tie-front-top#Navy,hard
Sophie,long-sleeve-softly-swinging-bamboo-tee#BlueJeans,the-stripe-jersey-top#Pink,random
Riina,the-soft-knit-jumper#NavyStripe,voyager-stripe-crew#Stripe,hard
Riina,the-soft-knit-jumper#NavyStripe,makeover-blouse#LimeGreen,hard
Riina,the-soft-knit-jumper#NavyStripe,contrast-stripe-sweater#Pockets,random
Stacey,layer-me-bamboo-rouched-sleeve-tee#Fern,makeover-blouse#LimeGreen,hard
Stacey,layer-me-bamboo-rouched-sleeve-tee#Fern,cara-tee-2#Blush,hard
Stacey,layer-me-bamboo-rouched-sleeve-tee#Fern,printed-v-neck-blouse#NavyWhite,random
Alex,the-sleeveless-cross-over-blouse#Black,voyager-stripe-crew#Stripe,hard
Alex,the-sleeveless-cross-over-blouse#Black,makeover-blouse#LimeGreen,hard
Alex,the-sleeveless-cross-over-blouse#Black,animal-button-up-shirt#KhakiPrint,random
Amanda,the-batwing-tee#FrenchBlue,natural-textured-poncho#Deeprain,hard
Amanda,the-batwing-tee#FrenchBlue,voyager-stripe-crew#Stripe,hard
Amanda,the-batwing-tee#FrenchBlue,you-at-my-shoulder-tunic#Black,random
Denniel,the-cut-out-shoulder-blouse#Blue,natural-textured-poncho#Deeprain,hard
Denniel,the-cut-out-shoulder-blouse#Blue,voyager-stripe-crew#Stripe,hard
Denniel,the-cut-out-shoulder-blouse#Blue,heartmade-cardi#DustyRose,random
Fiona,the-tie-detail-hoody#FrenchBlue,natural-textured-poncho#Deeprain,hard
Fiona,the-tie-detail-hoody#FrenchBlue,wonderland-blouse#Ink,hard
Fiona,the-tie-detail-hoody#FrenchBlue,tia-boyfriend-shirt#White,random
Anna,the-long-sleeve-v-neck-tee#White,voyager-stripe-crew#Stripe,hard
Anna,the-long-sleeve-v-neck-tee#White,makeover-blouse#LimeGreen,hard
Anna,the-long-sleeve-v-neck-tee#White,indi-crosover-front-blouse#MixedStrip,random
Georgia,long-sleeve-softly-swinging-bamboo-tee#Cashew,voyager-stripe-crew#Stripe,hard
Georgia,long-sleeve-softly-swinging-bamboo-tee#Cashew,makeover-blouse#LimeGreen,hard
Georgia,long-sleeve-softly-swinging-bamboo-tee#Cashew,natural-cropped-sleeve-knit#Cloudcover,random
Madeline,natural-crossover-knit-1#Stormcloud,voyager-stripe-crew#Stripe,hard
Madeline,natural-crossover-knit-1#Stormcloud,makeover-blouse#LimeGreen,hard
Madeline,natural-crossover-knit-1#Stormcloud,the-asymmetrical-tank-top#HotPink,random
Gemma,falling-for-you-cardi#Mustard,voyager-stripe-crew#Stripe,hard
Gemma,falling-for-you-cardi#Mustard,makeover-blouse#LimeGreen,hard
Gemma,falling-for-you-cardi#Mustard,belle-v-neck-forgiver-tunic#Black,random
Riina,the-luxe-long-sleeve-tee#GreyMarle,voyager-stripe-crew#Stripe,hard
Riina,the-luxe-long-sleeve-tee#GreyMarle,makeover-blouse#LimeGreen,hard
Riina,the-luxe-long-sleeve-tee#GreyMarle,the-curve-striped-tank#Marine,random
Kate,the-everyday-shirt#Cream,natural-textured-poncho#Deeprain,hard
Kate,the-everyday-shirt#Cream,animal-button-up-shirt#KhakiPrint,hard
Kate,the-everyday-shirt#Cream,reversible-scoopv-neck-tank#Black,random
Riina,the-bamboo-tunic-dress#Khaki,voyager-stripe-crew#Stripe,hard
Riina,the-bamboo-tunic-dress#Khaki,makeover-blouse#LimeGreen,hard
Riina,the-bamboo-tunic-dress#Khaki,dream-girl-ruffle-jumper#SoftPink,random
Georgia,first-love-kimono-jacket#Stone,voyager-stripe-crew#Stripe,hard
Georgia,first-love-kimono-jacket#Stone,makeover-blouse#LimeGreen,hard
Georgia,first-love-kimono-jacket#Stone,the-cotton-bamboo-tee#BlueJeans,random
Gemma,falling-for-you-cardi#Rust,voyager-stripe-crew#Stripe,hard
Gemma,falling-for-you-cardi#Rust,makeover-blouse#LimeGreen,hard
Gemma,falling-for-you-cardi#Rust,the-sleeveless-cross-over-blouse#Cobalt,random
Olivia,runaway-top#Sand,natural-textured-poncho#Deeprain,hard
Olivia,runaway-top#Sand,voyager-stripe-crew#Stripe,hard
Olivia,runaway-top#Sand,the-excess-shirt#Pearl,random
Fiona,chill-out-slouch-top#GreyMarle,natural-textured-poncho#Deeprain,hard
Fiona,chill-out-slouch-top#GreyMarle,wonderland-blouse#Ink,hard
Fiona,chill-out-slouch-top#GreyMarle,skipping-stones-tunic#Natural,random
Sophia,falling-for-you-cardi#Teal,cara-tee-2#Blush,hard
Sophia,falling-for-you-cardi#Teal,cara-tee-2#WhiteBlk,hard
Sophia,falling-for-you-cardi#Teal,softly-swinging-bamboo-tee#Storm,random
Fiona,foil-spot-tee-1#Navy,natural-textured-poncho#Deeprain,hard
Fiona,foil-spot-tee-1#Navy,wonderland-blouse#Ink,hard
Fiona,foil-spot-tee-1#Navy,luxe-shirt#Champagne,random
Mae-Lee,double-layered-top-1#WBlack,side-buttoned-sweater#Buttoned,hard
Mae-Lee,double-layered-top-1#WBlack,voyager-stripe-crew#Stripe,hard
Mae-Lee,double-layered-top-1#WBlack,the-cascade-blouse#Auburn,random
Clementine,the-cotton-bamboo-tank#DarkNavy,voyager-stripe-crew#Stripe,hard
Clementine,the-cotton-bamboo-tank#DarkNavy,makeover-blouse#LimeGreen,hard
Clementine,the-cotton-bamboo-tank#DarkNavy,tinker-stripe-knit#NavyWhite,random
Bree,belle-half-sleeve-forgiver-tunic#Apricot,cara-tee-2#Blush,hard
Bree,belle-half-sleeve-forgiver-tunic#Apricot,cara-tee-2#WhiteBlk,hard
Bree,belle-half-sleeve-forgiver-tunic#Apricot,the-cross-over-blouse#RoyalBlue,random
Clementine,the-cross-over-blouse#Sunshine,voyager-stripe-crew#Stripe,hard
Clementine,the-cross-over-blouse#Sunshine,makeover-blouse#LimeGreen,hard
Clementine,the-cross-over-blouse#Sunshine,belle-longline-white-shirt#White,random
Georgia,sugar-snaps-layers-tank#Black,voyager-stripe-crew#Stripe,hard
Georgia,sugar-snaps-layers-tank#Black,makeover-blouse#LimeGreen,hard
Georgia,sugar-snaps-layers-tank#Black,born-to-run-shirt-jacket#Leopard,random
Fiona,starry-night-cardi#Chalk,natural-textured-poncho#Deeprain,hard
Fiona,starry-night-cardi#Chalk,wonderland-blouse#Ink,hard
Fiona,starry-night-cardi#Chalk,tinker-stripe-knit#NavyWhite,random
Summer,long-sleeve-spot-top#Multispot,voyager-stripe-crew#Stripe,hard
Summer,long-sleeve-spot-top#Multispot,natural-textured-poncho#Deeprain,hard
Summer,long-sleeve-spot-top#Multispot,patchwork-tunic#Patchwork,random
Fiona,falling-for-you-cardi#Mustard,natural-textured-poncho#Deeprain,hard
Fiona,falling-for-you-cardi#Mustard,wonderland-blouse#Ink,hard
Fiona,falling-for-you-cardi#Mustard,shirt-in-a-box#Silver,random
Mercy,belle-satin-shirt#Black,voyager-stripe-crew#Stripe,hard
Mercy,belle-satin-shirt#Black,makeover-blouse#LimeGreen,hard
Mercy,belle-satin-shirt#Black,cotton-stripe-cardi-with-pockets#White,random
Riina,the-panel-hem-top#DenimMarle,voyager-stripe-crew#Stripe,hard
Riina,the-panel-hem-top#DenimMarle,makeover-blouse#LimeGreen,hard
Riina,the-panel-hem-top#DenimMarle,runaway-top#SoftMint,random
Palatina,falling-for-you-cardi#Rust,cara-tee-2#Blush,hard
Palatina,falling-for-you-cardi#Rust,cara-tee-2#WhiteBlk,hard
Palatina,falling-for-you-cardi#Rust,long-sleeve-ruffle-shirt#Navy,random
Georgia,falling-for-you-cardi-2#WinterRose,voyager-stripe-crew#Stripe,hard
Georgia,falling-for-you-cardi-2#WinterRose,makeover-blouse#LimeGreen,hard
Georgia,falling-for-you-cardi-2#WinterRose,floral-blouse-2#NavyMulti,random
Laura,the-high-low-drape-tee#Grey,cara-tee-2#Blush,hard
Laura,the-high-low-drape-tee#Grey,cara-tee-2#WhiteBlk,hard
Laura,the-high-low-drape-tee#Grey,the-cotton-cardi#Khaki,random
Amanda,the-double-layer-top#White,natural-textured-poncho#Deeprain,hard
Amanda,the-double-layer-top#White,voyager-stripe-crew#Stripe,hard
Amanda,the-double-layer-top#White,the-pleated-sleeve-top#Sage,random
Sophia,the-pocket-tee#GreyStripe,cara-tee-2#Blush,hard
Sophia,the-pocket-tee#GreyStripe,cara-tee-2#WhiteBlk,hard
Sophia,the-pocket-tee#GreyStripe,lake-house-top#CoalPrint,random
Fiona,cross-my-heart-bamboo-slouch-tee#White,natural-textured-poncho#Deeprain,hard
Fiona,cross-my-heart-bamboo-slouch-tee#White,wonderland-blouse#Ink,hard
Fiona,cross-my-heart-bamboo-slouch-tee#White,long-sleeve-check-top#Check,random
Fiona,long-sleeve-layer-top#White,natural-textured-poncho#Deeprain,hard
Fiona,long-sleeve-layer-top#White,wonderland-blouse#Ink,hard
Fiona,long-sleeve-layer-top#White,leah-knit-cardigan#WhiteBlk,random
Natalia,the-cosy-cardigan#Grey,voyager-stripe-crew#Stripe,hard
Natalia,the-cosy-cardigan#Grey,makeover-blouse#LimeGreen,hard
Natalia,the-cosy-cardigan#Grey,the-boat-neck-top#Navy,random
Summer,cool-breeze-jumper#Dust,voyager-stripe-crew#Stripe,hard
Summer,cool-breeze-jumper#Dust,natural-textured-poncho#Deeprain,hard
Summer,cool-breeze-jumper#Dust,sugar-snaps-layers-tank#DeepCobalt,random
Jess,natural-overlay-knit#Greybloss,cara-tee-2#Blush,hard
Jess,natural-overlay-knit#Greybloss,cara-tee-2#WhiteBlk,hard
Jess,natural-overlay-knit#Greybloss,melbourne-stretch-cardigan#Black,random
Fiona,the-frill-wrap-blouse#Spot,natural-textured-poncho#Deeprain,hard
Fiona,the-frill-wrap-blouse#Spot,wonderland-blouse#Ink,hard
Fiona,the-frill-wrap-blouse#Spot,bird-print-jumper#Navy,random
Gemma,ryder-cosy-sweater#Blossom,voyager-stripe-crew#Stripe,hard
Gemma,ryder-cosy-sweater#Blossom,makeover-blouse#LimeGreen,hard
Gemma,ryder-cosy-sweater#Blossom,layered-tee-2#White,random
Mae-Lee,the-design-fold-tunic-top#PearlBlue,side-buttoned-sweater#Buttoned,hard
Mae-Lee,the-design-fold-tunic-top#PearlBlue,voyager-stripe-crew#Stripe,hard
Mae-Lee,the-design-fold-tunic-top#PearlBlue,aigli-top#Navy,random
Marnee,the-drape-tee-1#Stripe,natural-textured-poncho#Deeprain,hard
Marnee,the-drape-tee-1#Stripe,voyager-stripe-crew#Stripe,hard
Marnee,the-drape-tee-1#Stripe,stripe-me-happy-blouse#Ash,random
Emma,overlay-tunic-3-pce-set#Emerald,voyager-stripe-crew#Stripe,hard
Emma,overlay-tunic-3-pce-set#Emerald,makeover-blouse#LimeGreen,hard
Emma,overlay-tunic-3-pce-set#Emerald,the-tie-detail-hoody#Pink,random
Mae-Lee,softly-swinging-bamboo-tee#BlueJeans,side-buttoned-sweater#Buttoned,hard
Mae-Lee,softly-swinging-bamboo-tee#BlueJeans,voyager-stripe-crew#Stripe,hard
Mae-Lee,softly-swinging-bamboo-tee#BlueJeans,malibu-cardigan#Navy,random
Jess,the-sleeveless-cross-over-blouse#Mint,cara-tee-2#Blush,hard
Jess,the-sleeveless-cross-over-blouse#Mint,cara-tee-2#WhiteBlk,hard
Jess,the-sleeveless-cross-over-blouse#Mint,milan-stretch-top#Black,random
Mae-Lee,softly-swinging-bamboo-tee#Navy,side-buttoned-sweater#Buttoned,hard
Mae-Lee,softly-swinging-bamboo-tee#Navy,voyager-stripe-crew#Stripe,hard
Mae-Lee,softly-swinging-bamboo-tee#Navy,the-weekender-shirt#GreyStripe,random
Emma,long-sleeve-softly-swinging-bamboo-tee#BlueJeans,voyager-stripe-crew#Stripe,hard
Emma,long-sleeve-softly-swinging-bamboo-tee#BlueJeans,makeover-blouse#LimeGreen,hard
Emma,long-sleeve-softly-swinging-bamboo-tee#BlueJeans,print-tee-3#Cntryhous,random
Nadine,the-everyday-shirt#Cream,makeover-blouse#LimeGreen,hard
Nadine,the-everyday-shirt#Cream,pure-merino-fine-rib-v-neck#Charcoal,hard
Nadine,the-everyday-shirt#Cream,softly-swinging-bamboo-tee#TeaRose,random
Miranda,the-side-ring-detail-blouse-1#Black,voyager-stripe-crew#Stripe,hard
Miranda,the-side-ring-detail-blouse-1#Black,makeover-blouse#LimeGreen,hard
Miranda,the-side-ring-detail-blouse-1#Black,the-short-sleeve-wrap-jersey-top#NavyWhite,random
Mae-Lee,reversible-scoopv-neck-tank#Navy,side-buttoned-sweater#Buttoned,hard
Mae-Lee,reversible-scoopv-neck-tank#Navy,voyager-stripe-crew#Stripe,hard
Mae-Lee,reversible-scoopv-neck-tank#Navy,the-cross-over-top#NavyStripe,random
Laura,lola-bell-sleeve-top-ditsy-daisies#Blue,cara-tee-2#Blush,hard
Laura,lola-bell-sleeve-top-ditsy-daisies#Blue,cara-tee-2#WhiteBlk,hard
Laura,lola-bell-sleeve-top-ditsy-daisies#Blue,the-cotton-cardi#Khaki,random
Jude,falling-for-you-cardi#Teal,voyager-stripe-crew#Stripe,hard
Jude,falling-for-you-cardi#Teal,makeover-blouse#LimeGreen,hard
Jude,falling-for-you-cardi#Teal,mauevewood-crew#Charcoal,random
Mercy,belle-v-neck-forgiver-tunic#Black,voyager-stripe-crew#Stripe,hard
Mercy,belle-v-neck-forgiver-tunic#Black,makeover-blouse#LimeGreen,hard
Mercy,belle-v-neck-forgiver-tunic#Black,stripe-sweater-2#Blue,random
Emma,sugar-snaps-layers-tank#SeaGreen,voyager-stripe-crew#Stripe,hard
Emma,sugar-snaps-layers-tank#SeaGreen,makeover-blouse#LimeGreen,hard
Emma,sugar-snaps-layers-tank#SeaGreen,pure-merino-fine-rib-v-neck#Charcoal,random
Clementine,the-cross-over-blouse#Blue,voyager-stripe-crew#Stripe,hard
Clementine,the-cross-over-blouse#Blue,makeover-blouse#LimeGreen,hard
Clementine,the-cross-over-blouse#Blue,belle-two-in-one-top#Charcoal,random
Jess,long-sleeve-softly-swinging-bamboo-tee#DuckEgg,cara-tee-2#Blush,hard
Jess,long-sleeve-softly-swinging-bamboo-tee#DuckEgg,cara-tee-2#WhiteBlk,hard
Jess,long-sleeve-softly-swinging-bamboo-tee#DuckEgg,capri-tank-3#Black,random
Laura,foil-print-top-2#Navy,cara-tee-2#Blush,hard
Laura,foil-print-top-2#Navy,cara-tee-2#WhiteBlk,hard
Laura,foil-print-top-2#Navy,double-layered-top-1#WBlack,random
Kate,the-cotton-bamboo-tee#White,natural-textured-poncho#Deeprain,hard
Kate,the-cotton-bamboo-tee#White,animal-button-up-shirt#KhakiPrint,hard
Kate,the-cotton-bamboo-tee#White,softly-swinging-bamboo-tee#Storm,random
Jess,belle-mid-length-knit-cardi#Black,cara-tee-2#Blush,hard
Jess,belle-mid-length-knit-cardi#Black,cara-tee-2#WhiteBlk,hard
Jess,belle-mid-length-knit-cardi#Black,on-the-open-road-maxi-shirt#DarkOchre,random
Gemma,floral-embroidered-jumper#Navy,voyager-stripe-crew#Stripe,hard
Gemma,floral-embroidered-jumper#Navy,makeover-blouse#LimeGreen,hard
Gemma,floral-embroidered-jumper#Navy,westward-top#BotanicalD,random
Mae-Lee,long-sleeve-softly-swinging-bamboo-tee#BlueJeans,side-buttoned-sweater#Buttoned,hard
Mae-Lee,long-sleeve-softly-swinging-bamboo-tee#BlueJeans,voyager-stripe-crew#Stripe,hard
Mae-Lee,long-sleeve-softly-swinging-bamboo-tee#BlueJeans,moonlight-kisses-bamboo-tee#Combat,random
Georgia,softly-swinging-bamboo-tee#Cashew,voyager-stripe-crew#Stripe,hard
Georgia,softly-swinging-bamboo-tee#Cashew,makeover-blouse#LimeGreen,hard
Georgia,softly-swinging-bamboo-tee#Cashew,collared-shirt-1#White,random
Clementine,wrap-me-up-bamboo-top#Black,voyager-stripe-crew#Stripe,hard
Clementine,wrap-me-up-bamboo-top#Black,makeover-blouse#LimeGreen,hard
Clementine,wrap-me-up-bamboo-top#Black,walk-in-the-park-cardi#Sand,random
Chelsea,falling-for-you-cardi#Navy,voyager-stripe-crew#Stripe,hard
Chelsea,falling-for-you-cardi#Navy,makeover-blouse#LimeGreen,hard
Chelsea,falling-for-you-cardi#Navy,the-cotton-bamboo-tee#White,random
Natalie,the-wrap-jersey-top#JetBlack,natural-textured-poncho#Deeprain,hard
Natalie,the-wrap-jersey-top#JetBlack,voyager-stripe-crew#Stripe,hard
Natalie,the-wrap-jersey-top#JetBlack,the-shoulder-tie-top#White,random
Natalia,the-contrast-knit-1#Sage,voyager-stripe-crew#Stripe,hard
Natalia,the-contrast-knit-1#Sage,makeover-blouse#LimeGreen,hard
Natalia,the-contrast-knit-1#Sage,the-open-sleeve-blouse#Berry,random
Maddy,the-sleeveless-cross-over-blouse#Chambray,natural-textured-poncho#Deeprain,hard
Maddy,the-sleeveless-cross-over-blouse#Chambray,voyager-stripe-crew#Stripe,hard
Maddy,the-sleeveless-cross-over-blouse#Chambray,the-luxe-dobby-blouse#White,random
Mae-Lee,for-the-frill-top#Ivory,side-buttoned-sweater#Buttoned,hard
Mae-Lee,for-the-frill-top#Ivory,voyager-stripe-crew#Stripe,hard
Mae-Lee,for-the-frill-top#Ivory,paisley-top-1#Paisley,random
Anna,melbourne-stretch-cardigan#Black,voyager-stripe-crew#Stripe,hard
Anna,melbourne-stretch-cardigan#Black,makeover-blouse#LimeGreen,hard
Anna,melbourne-stretch-cardigan#Black,natural-waterfall-cardigan#Fallendust,random
Gemma,foil-striped-2-in-1-top#Blue,voyager-stripe-crew#Stripe,hard
Gemma,foil-striped-2-in-1-top#Blue,makeover-blouse#LimeGreen,hard
Gemma,foil-striped-2-in-1-top#Blue,natural-cosy-sweater#Rosered,random
Sophie,the-everyday-shirt#Midnight,side-buttoned-sweater#Buttoned,hard
Sophie,the-everyday-shirt#Midnight,the-tie-front-top#Navy,hard
Sophie,the-everyday-shirt#Midnight,jersey-split-back-hooded-top#NavyStrip,random
Anna Maria,the-cross-over-top#GreyStripe,natural-textured-poncho#Deeprain,hard
Anna Maria,the-cross-over-top#GreyStripe,voyager-stripe-crew#Stripe,hard
Anna Maria,the-cross-over-top#GreyStripe,falling-for-you-tunic#Rust,random
Alex,the-cotton-bamboo-tee#DuckEgg,voyager-stripe-crew#Stripe,hard
Alex,the-cotton-bamboo-tee#DuckEgg,makeover-blouse#LimeGreen,hard
Alex,the-cotton-bamboo-tee#DuckEgg,sequin-heart-layered-top#Natural,random
Katie,silver-cross-sweater#Silver,voyager-stripe-crew#Stripe,hard
Katie,silver-cross-sweater#Silver,makeover-blouse#LimeGreen,hard
Katie,silver-cross-sweater#Silver,buttoned-top#Spotty,random
Fiona,long-sleeve-softly-swinging-bamboo-tee#Navy,natural-textured-poncho#Deeprain,hard
Fiona,long-sleeve-softly-swinging-bamboo-tee#Navy,wonderland-blouse#Ink,hard
Fiona,long-sleeve-softly-swinging-bamboo-tee#Navy,millie-top#WhiteBlk,random
Palatina,falling-for-you-cardi#Navy,cara-tee-2#Blush,hard
Palatina,falling-for-you-cardi#Navy,cara-tee-2#WhiteBlk,hard
Palatina,falling-for-you-cardi#Navy,niue-neck-tie-shirt#LightBlue,random
Tia,softly-swinging-bamboo-tee#Copper,the-panel-luxe-top#BlkWhite,hard
Tia,softly-swinging-bamboo-tee#Copper,the-panel-luxe-top#SilvWhite,hard
Tia,softly-swinging-bamboo-tee#Copper,softly-swinging-bamboo-singlet#BlueJean,random
Fiona,the-tie-front-tank#White,natural-textured-poncho#Deeprain,hard
Fiona,the-tie-front-tank#White,wonderland-blouse#Ink,hard
Fiona,the-tie-front-tank#White,capri-tank-6#Olive,random
Denniel,the-short-sleeve-wrap-jersey-top#Blue,natural-textured-poncho#Deeprain,hard
Denniel,the-short-sleeve-wrap-jersey-top#Blue,voyager-stripe-crew#Stripe,hard
Denniel,the-short-sleeve-wrap-jersey-top#Blue,the-stella-tee#Marine,random
Laura,the-cotton-bamboo-tank#DarkNavy,cara-tee-2#Blush,hard
Laura,the-cotton-bamboo-tank#DarkNavy,cara-tee-2#WhiteBlk,hard
Laura,the-cotton-bamboo-tank#DarkNavy,fundamental-split-hoodie#Navy,random
Riina,the-stitch-v-neck-knit#PinkMarle,voyager-stripe-crew#Stripe,hard
Riina,the-stitch-v-neck-knit#PinkMarle,makeover-blouse#LimeGreen,hard
Riina,the-stitch-v-neck-knit#PinkMarle,sky-shirt#Clouds,random
Mae-Lee,the-cross-over-blouse#Mint,side-buttoned-sweater#Buttoned,hard
Mae-Lee,the-cross-over-blouse#Mint,voyager-stripe-crew#Stripe,hard
Mae-Lee,the-cross-over-blouse#Mint,on-the-open-road-maxi-shirt#DarkOchre,random
Amanda,the-everyday-shirt#Cream,natural-textured-poncho#Deeprain,hard
Amanda,the-everyday-shirt#Cream,voyager-stripe-crew#Stripe,hard
Amanda,the-everyday-shirt#Cream,natural-detailed-sweater#Tinroof,random
Chelsea,the-cotton-bamboo-ls-top#NavyStripe,voyager-stripe-crew#Stripe,hard
Chelsea,the-cotton-bamboo-ls-top#NavyStripe,makeover-blouse#LimeGreen,hard
Chelsea,the-cotton-bamboo-ls-top#NavyStripe,curve-hem-cable-knit-sweater-1#Sapphire,random
Tia,sugar-snaps-layers-tank#SeaGreen,the-panel-luxe-top#BlkWhite,hard
Tia,sugar-snaps-layers-tank#SeaGreen,the-panel-luxe-top#SilvWhite,hard
Tia,sugar-snaps-layers-tank#SeaGreen,rama-top#Stonewash,random
Emma,longline-cardigan-2#Pink,voyager-stripe-crew#Stripe,hard
Emma,longline-cardigan-2#Pink,makeover-blouse#LimeGreen,hard
Emma,longline-cardigan-2#Pink,manhattan-stretch-tee#NavyWhtStr,random
Sophie,the-cross-over-top#GreyStripe,side-buttoned-sweater#Buttoned,hard
Sophie,the-cross-over-top#GreyStripe,the-tie-front-top#Navy,hard
Sophie,the-cross-over-top#GreyStripe,the-luxe-cotton-tunic#White,random
Madeline,llama-long-sleeve-shirt#Mustard,voyager-stripe-crew#Stripe,hard
Madeline,llama-long-sleeve-shirt#Mustard,makeover-blouse#LimeGreen,hard
Madeline,llama-long-sleeve-shirt#Mustard,relaxed-v-neck-knit#Silver,random
Marnee,falling-for-you-tunic#Rust,natural-textured-poncho#Deeprain,hard
Marnee,falling-for-you-tunic#Rust,voyager-stripe-crew#Stripe,hard
Marnee,falling-for-you-tunic#Rust,softly-swinging-bamboo-singlet#Cashew,random
Miranda,the-define-flute-sleeve-blouse#White,voyager-stripe-crew#Stripe,hard
Miranda,the-define-flute-sleeve-blouse#White,makeover-blouse#LimeGreen,hard
Miranda,the-define-flute-sleeve-blouse#White,first-love-kimono-jacket#Stone,random
Tia,sugar-snaps-layers-tank#DuckEgg,the-panel-luxe-top#BlkWhite,hard
Tia,sugar-snaps-layers-tank#DuckEgg,the-panel-luxe-top#SilvWhite,hard
Tia,sugar-snaps-layers-tank#DuckEgg,to-the-beat-of-the-drum-kimono#Leaf,random
Riina,napoleon-top-1#NemoBlue,voyager-stripe-crew#Stripe,hard
Riina,napoleon-top-1#NemoBlue,makeover-blouse#LimeGreen,hard
Riina,napoleon-top-1#NemoBlue,verona-patchwork-top#Patchwork,random
Denniel,the-batwing-tee#Stone,natural-textured-poncho#Deeprain,hard
Denniel,the-batwing-tee#Stone,voyager-stripe-crew#Stripe,hard
Denniel,the-batwing-tee#Stone,melbourne-stretch-cardigan#Navy,random
Rosaline,roll-with-me-jumper#Chalk,voyager-stripe-crew#Stripe,hard
Rosaline,roll-with-me-jumper#Chalk,makeover-blouse#LimeGreen,hard
Rosaline,roll-with-me-jumper#Chalk,st-helens-henley-tee#White,random
Miranda,the-cape-jersey-top#DarkNavy,voyager-stripe-crew#Stripe,hard
Miranda,the-cape-jersey-top#DarkNavy,makeover-blouse#LimeGreen,hard
Miranda,the-cape-jersey-top#DarkNavy,the-zip-front-top#Blue,random
Nadine,merino-boyfriend-cardigan#MelangeStr,makeover-blouse#LimeGreen,hard
Nadine,merino-boyfriend-cardigan#MelangeStr,pure-merino-fine-rib-v-neck#Charcoal,hard
Nadine,merino-boyfriend-cardigan#MelangeStr,ruffle-top-4#Terracotta,random
Ljubenka,long-sleeve-tee-2#NavyWhite,the-uneven-hem-knit-1#Sage,hard
Ljubenka,long-sleeve-tee-2#NavyWhite,natural-textured-poncho#Deeprain,hard
Ljubenka,long-sleeve-tee-2#NavyWhite,fundamental-vee-tee#Navy,random
Olivia,runaway-top#SoftMint,natural-textured-poncho#Deeprain,hard
Olivia,runaway-top#SoftMint,voyager-stripe-crew#Stripe,hard
Olivia,runaway-top#SoftMint,fundamental-vee-tee#Black,random
Laura,falling-for-you-cardi#Black,cara-tee-2#Blush,hard
Laura,falling-for-you-cardi#Black,cara-tee-2#WhiteBlk,hard
Laura,falling-for-you-cardi#Black,the-boat-neck-top#Black,random
Amanda,the-tie-layering-knit#Grey,natural-textured-poncho#Deeprain,hard
Amanda,the-tie-layering-knit#Grey,voyager-stripe-crew#Stripe,hard
Amanda,the-tie-layering-knit#Grey,paradise-cardi#MultiStrip,random
Olivia,sugar-snaps-layers-tank#White,natural-textured-poncho#Deeprain,hard
Olivia,sugar-snaps-layers-tank#White,voyager-stripe-crew#Stripe,hard
Olivia,sugar-snaps-layers-tank#White,tab-sleeve-longline-shirt#Navy,random
Maddy,the-relaxed-long-sleeve-tee#Black,natural-textured-poncho#Deeprain,hard
Maddy,the-relaxed-long-sleeve-tee#Black,voyager-stripe-crew#Stripe,hard
Maddy,the-relaxed-long-sleeve-tee#Black,arya-frilled-blouse#Oyster,random
Jess,silver-dot-tie-sleeve-blouse#SilverDotP,cara-tee-2#Blush,hard
Jess,silver-dot-tie-sleeve-blouse#SilverDotP,cara-tee-2#WhiteBlk,hard
Jess,silver-dot-tie-sleeve-blouse#SilverDotP,wellington-tee#Olive,random
Laura,jade-kimono-kaleidoscope#Blue,cara-tee-2#Blush,hard
Laura,jade-kimono-kaleidoscope#Blue,cara-tee-2#WhiteBlk,hard
Laura,jade-kimono-kaleidoscope#Blue,millie-top#BlackSpot,random
Emma,long-sleeve-softly-swinging-bamboo-tee#Black,voyager-stripe-crew#Stripe,hard
Emma,long-sleeve-softly-swinging-bamboo-tee#Black,makeover-blouse#LimeGreen,hard
Emma,long-sleeve-softly-swinging-bamboo-tee#Black,milan-stretch-top#White,random
Marnee,wrap-me-up-bamboo-top#BlueJeans,natural-textured-poncho#Deeprain,hard
Marnee,wrap-me-up-bamboo-top#BlueJeans,voyager-stripe-crew#Stripe,hard
Marnee,wrap-me-up-bamboo-top#BlueJeans,the-belle-sleeve-print-top#NavyPrint,random
Mae-Lee,nuzuri-longline-cardi#Forest,side-buttoned-sweater#Buttoned,hard
Mae-Lee,nuzuri-longline-cardi#Forest,voyager-stripe-crew#Stripe,hard
Mae-Lee,nuzuri-longline-cardi#Forest,always-mine-v-neck-knit#Terracotta,random
Perrie,marjorie-tie-blouse#BluePrint,natural-textured-poncho#Deeprain,hard
Perrie,marjorie-tie-blouse#BluePrint,voyager-stripe-crew#Stripe,hard
Perrie,marjorie-tie-blouse#BluePrint,the-sleeveless-cross-over-blouse#Chambray,random
Maddy,saba-top-2#Catus,natural-textured-poncho#Deeprain,hard
Maddy,saba-top-2#Catus,voyager-stripe-crew#Stripe,hard
Maddy,saba-top-2#Catus,long-sleeve-softly-swinging-bamboo-tee#Cashew,random
Fiona,falling-for-you-cardi#Navy,natural-textured-poncho#Deeprain,hard
Fiona,falling-for-you-cardi#Navy,wonderland-blouse#Ink,hard
Fiona,falling-for-you-cardi#Navy,arya-frilled-blouse#Oyster,random
Jess,natural-extra-fine-sweater#Snowgum,cara-tee-2#Blush,hard
Jess,natural-extra-fine-sweater#Snowgum,cara-tee-2#WhiteBlk,hard
Jess,natural-extra-fine-sweater#Snowgum,the-tie-detail-hoody#FrenchBlue,random
Summer,nova-lux-long-sleeve-tie-top-1#CloudDance,voyager-stripe-crew#Stripe,hard
Summer,nova-lux-long-sleeve-tie-top-1#CloudDance,natural-textured-poncho#Deeprain,hard
Summer,nova-lux-long-sleeve-tie-top-1#CloudDance,the-printed-v-split-top#Natural,random
Chelsea,the-drape-tee-1#White,voyager-stripe-crew#Stripe,hard
Chelsea,the-drape-tee-1#White,makeover-blouse#LimeGreen,hard
Chelsea,the-drape-tee-1#White,belle-twist-front-tee-1#Black,random
Tia,wildflower-shirt#White,the-panel-luxe-top#BlkWhite,hard
Tia,wildflower-shirt#White,the-panel-luxe-top#SilvWhite,hard
Tia,wildflower-shirt#White,the-midi-waterfall-cardi#BlueMarle,random
Georgia,batty-about-you-cotton-tee#BlkWhite,voyager-stripe-crew#Stripe,hard
Georgia,batty-about-you-cotton-tee#BlkWhite,makeover-blouse#LimeGreen,hard
Georgia,batty-about-you-cotton-tee#BlkWhite,silver-cross-sweater#Silver,random
Monique,the-cotton-bamboo-tank#White,voyager-stripe-crew#Stripe,hard
Monique,the-cotton-bamboo-tank#White,makeover-blouse#LimeGreen,hard
Monique,the-cotton-bamboo-tank#White,hayley-button-down#NavySparro,random
Natalia,the-tie-layering-knit#Grey,voyager-stripe-crew#Stripe,hard
Natalia,the-tie-layering-knit#Grey,makeover-blouse#LimeGreen,hard
Natalia,the-tie-layering-knit#Grey,the-double-layer-top#White,random
Charlotte,natural-classic-cardigan#Pebble,voyager-stripe-crew#Stripe,hard
Charlotte,natural-classic-cardigan#Pebble,makeover-blouse#LimeGreen,hard
Charlotte,natural-classic-cardigan#Pebble,first-mix-top-1#BlackWhite,random
Sophia,the-shoulder-tie-top#Black,cara-tee-2#Blush,hard
Sophia,the-shoulder-tie-top#Black,cara-tee-2#WhiteBlk,hard
Sophia,the-shoulder-tie-top#Black,sandy-off-the-shoulder-top#Gingham,random
Jess,long-sleeve-softly-swinging-bamboo-tee#Smoke,cara-tee-2#Blush,hard
Jess,long-sleeve-softly-swinging-bamboo-tee#Smoke,cara-tee-2#WhiteBlk,hard
Jess,long-sleeve-softly-swinging-bamboo-tee#Smoke,vivid-dreams-blouse#Dusty%20Rose,random
Fiona,natural-cosy-sweater#Rosered,natural-textured-poncho#Deeprain,hard
Fiona,natural-cosy-sweater#Rosered,wonderland-blouse#Ink,hard
Fiona,natural-cosy-sweater#Rosered,laurina-stripe-pullover#NightSky,random
Ljubenka,belle-tie-neck-blouse-tee#White,the-uneven-hem-knit-1#Sage,hard
Ljubenka,belle-tie-neck-blouse-tee#White,natural-textured-poncho#Deeprain,hard
Ljubenka,belle-tie-neck-blouse-tee#White,arizona-off-the-shoulder-top#Khaki,random
Alex,the-cross-over-blouse#White,voyager-stripe-crew#Stripe,hard
Alex,the-cross-over-blouse#White,makeover-blouse#LimeGreen,hard
Alex,the-cross-over-blouse#White,messina-knit#Cognac,random
Anna,the-drape-tee-1#White,voyager-stripe-crew#Stripe,hard
Anna,the-drape-tee-1#White,makeover-blouse#LimeGreen,hard
Anna,the-drape-tee-1#White,wrap-me-up-bamboo-top#Black,random
Tia,the-cross-over-blouse#Mint,the-panel-luxe-top#BlkWhite,hard
Tia,the-cross-over-blouse#Mint,the-panel-luxe-top#SilvWhite,hard
Tia,the-cross-over-blouse#Mint,rosie-bell-sleeve-denim-shirt#Stripe,random
Mae-Lee,softly-swinging-bamboo-tee#White,side-buttoned-sweater#Buttoned,hard
Mae-Lee,softly-swinging-bamboo-tee#White,voyager-stripe-crew#Stripe,hard
Mae-Lee,softly-swinging-bamboo-tee#White,tab-sleeve-longline-shirt#Silver,random
Fiona,belle-v-neck-forgiver-tunic#DenimMarl,natural-textured-poncho#Deeprain,hard
Fiona,belle-v-neck-forgiver-tunic#DenimMarl,wonderland-blouse#Ink,hard
Fiona,belle-v-neck-forgiver-tunic#DenimMarl,everyday-linen-tunic#BotanicalB,random
Anna,melbourne-stretch-cardigan#Navy,voyager-stripe-crew#Stripe,hard
Anna,melbourne-stretch-cardigan#Navy,makeover-blouse#LimeGreen,hard
Anna,melbourne-stretch-cardigan#Navy,summer-haze-top#Teal,random
Chelsea,the-reversible-cowl-neck-top-2#Ocean,voyager-stripe-crew#Stripe,hard
Chelsea,the-reversible-cowl-neck-top-2#Ocean,makeover-blouse#LimeGreen,hard
Chelsea,the-reversible-cowl-neck-top-2#Ocean,kimono-and-me-cardi#DustyPink,random
Jess,the-cotton-bamboo-tank#Moonbeam,cara-tee-2#Blush,hard
Jess,the-cotton-bamboo-tank#Moonbeam,cara-tee-2#WhiteBlk,hard
Jess,the-cotton-bamboo-tank#Moonbeam,partly-cloudy-knit#Black,random
Georgia,softly-swinging-bamboo-singlet#BlueJean,voyager-stripe-crew#Stripe,hard
Georgia,softly-swinging-bamboo-singlet#BlueJean,makeover-blouse#LimeGreen,hard
Georgia,softly-swinging-bamboo-singlet#BlueJean,you-at-my-shoulder-tunic#Black,random
Amanda,the-daily-essential-jumper#Grey,natural-textured-poncho#Deeprain,hard
Amanda,the-daily-essential-jumper#Grey,voyager-stripe-crew#Stripe,hard
Amanda,the-daily-essential-jumper#Grey,flow-with-me-slouch-top#Brick,random
Laura,hannah-tee-1#Black,cara-tee-2#Blush,hard
Laura,hannah-tee-1#Black,cara-tee-2#WhiteBlk,hard
Laura,hannah-tee-1#Black,analia-jersey-top#Black,random
Charlotte,natural-waterfall-cardigan#Fallendust,voyager-stripe-crew#Stripe,hard
Charlotte,natural-waterfall-cardigan#Fallendust,makeover-blouse#LimeGreen,hard
Charlotte,natural-waterfall-cardigan#Fallendust,the-double-layer-top#Black,random
Stacey,the-bell-sleeve-top#BlkStripe,makeover-blouse#LimeGreen,hard
Stacey,the-bell-sleeve-top#BlkStripe,cara-tee-2#Blush,hard
Stacey,the-bell-sleeve-top#BlkStripe,funnel-neck-knit-jumper#BlueMulti,random
Sophia,the-shoulder-tie-top#Navy,cara-tee-2#Blush,hard
Sophia,the-shoulder-tie-top#Navy,cara-tee-2#WhiteBlk,hard
Sophia,the-shoulder-tie-top#Navy,the-twist-hem-jumper#DenimMarle,random
Laura,milan-stretch-top#Navy,cara-tee-2#Blush,hard
Laura,milan-stretch-top#Navy,cara-tee-2#WhiteBlk,hard
Laura,milan-stretch-top#Navy,robyn-top-1#Roanne,random
Marnee,the-drape-tee-1#White,natural-textured-poncho#Deeprain,hard
Marnee,the-drape-tee-1#White,voyager-stripe-crew#Stripe,hard
Marnee,the-drape-tee-1#White,felicity-cardigan#Dewkist,random
Summer,capri-tank-3#NavyStripe,voyager-stripe-crew#Stripe,hard
Summer,capri-tank-3#NavyStripe,natural-textured-poncho#Deeprain,hard
Summer,capri-tank-3#NavyStripe,print-tee-3#Bike,random
Clementine,the-sleeveless-cross-over-blouse#Black,voyager-stripe-crew#Stripe,hard
Clementine,the-sleeveless-cross-over-blouse#Black,makeover-blouse#LimeGreen,hard
Clementine,the-sleeveless-cross-over-blouse#Black,anna-top#Leona,random
Perrie,the-everyday-shirt#Black,natural-textured-poncho#Deeprain,hard
Perrie,the-everyday-shirt#Black,voyager-stripe-crew#Stripe,hard
Perrie,the-everyday-shirt#Black,the-ruffle-sleeve-top#NavyStripe,random
Riina,the-relaxed-long-sleeve-tee#Navy,voyager-stripe-crew#Stripe,hard
Riina,the-relaxed-long-sleeve-tee#Navy,makeover-blouse#LimeGreen,hard
Riina,the-relaxed-long-sleeve-tee#Navy,pure-merino-fine-rib-v-neck#Charcoal,random
Marnee,softly-swinging-bamboo-tee#Black,natural-textured-poncho#Deeprain,hard
Marnee,softly-swinging-bamboo-tee#Black,voyager-stripe-crew#Stripe,hard
Marnee,softly-swinging-bamboo-tee#Black,sequin-spot-cardi#Grey,random
Anna,milan-stretch-top#Navy,voyager-stripe-crew#Stripe,hard
Anna,milan-stretch-top#Navy,makeover-blouse#LimeGreen,hard
Anna,milan-stretch-top#Navy,skipping-stones-tunic#Forest,random
Laura,the-cut-out-shoulder-blouse#White,cara-tee-2#Blush,hard
Laura,the-cut-out-shoulder-blouse#White,cara-tee-2#WhiteBlk,hard
Laura,the-cut-out-shoulder-blouse#White,cherrington-top#GreyRose,random
Chelsea,york-linen-blend-top#BurntOrang,voyager-stripe-crew#Stripe,hard
Chelsea,york-linen-blend-top#BurntOrang,makeover-blouse#LimeGreen,hard
Chelsea,york-linen-blend-top#BurntOrang,manhattan-stretch-tee#NavyWhtStr,random
Lucy,the-batwing-tee#Sea,manhattan-stretch-tee#White,hard
Lucy,the-batwing-tee#Sea,manhattan-stretch-tee#Navy,hard
Lucy,the-batwing-tee#Sea,cross-over-top-with-pocket#NavyMustrd,random
Stefania,the-relaxed-batwing-top#PeachRose,voyager-stripe-crew#Stripe,hard
Stefania,the-relaxed-batwing-top#PeachRose,makeover-blouse#LimeGreen,hard
Stefania,the-relaxed-batwing-top#PeachRose,ponte-spot-top#BlackWhite,random
Sophie,long-sleeve-softly-swinging-bamboo-tee#Black,side-buttoned-sweater#Buttoned,hard
Sophie,long-sleeve-softly-swinging-bamboo-tee#Black,the-tie-front-top#Navy,hard
Sophie,long-sleeve-softly-swinging-bamboo-tee#Black,layered-top-2#White,random
Summer,square-nk-fray-trim-top#Denim,voyager-stripe-crew#Stripe,hard
Summer,square-nk-fray-trim-top#Denim,natural-textured-poncho#Deeprain,hard
Summer,square-nk-fray-trim-top#Denim,ruffle-top-4#Black,random
Maddy,the-cotton-bamboo-tank#Moonbeam,natural-textured-poncho#Deeprain,hard
Maddy,the-cotton-bamboo-tank#Moonbeam,voyager-stripe-crew#Stripe,hard
Maddy,the-cotton-bamboo-tank#Moonbeam,falling-for-you-cardi#Navy,random
Gemma,eco-78-long-cardigan#DarkGreyM,voyager-stripe-crew#Stripe,hard
Gemma,eco-78-long-cardigan#DarkGreyM,makeover-blouse#LimeGreen,hard
Gemma,eco-78-long-cardigan#DarkGreyM,spot-layered-tee#Blue,random
Stacey,contrast-pocket-tunic#Pinkpocket,makeover-blouse#LimeGreen,hard
Stacey,contrast-pocket-tunic#Pinkpocket,cara-tee-2#Blush,hard
Stacey,contrast-pocket-tunic#Pinkpocket,2-in-1-layered-knit-top#PalePink,random
Natalia,the-define-flute-sleeve-blouse#Black,voyager-stripe-crew#Stripe,hard
Natalia,the-define-flute-sleeve-blouse#Black,makeover-blouse#LimeGreen,hard
Natalia,the-define-flute-sleeve-blouse#Black,the-short-sleeve-wrap-jersey-top#Emerald,random
Summer,nova-lux-long-sleeve-tie-top-1#SimplyGree,voyager-stripe-crew#Stripe,hard
Summer,nova-lux-long-sleeve-tie-top-1#SimplyGree,natural-textured-poncho#Deeprain,hard
Summer,nova-lux-long-sleeve-tie-top-1#SimplyGree,the-spotted-tunic#GreySpot,random
Tia,the-cut-out-shoulder-blouse#Silver,the-panel-luxe-top#BlkWhite,hard
Tia,the-cut-out-shoulder-blouse#Silver,the-panel-luxe-top#SilvWhite,hard
Tia,the-cut-out-shoulder-blouse#Silver,falling-for-you-cardi-2#WinterRose,random
Marnee,the-button-up-swing-tunic#Wine,natural-textured-poncho#Deeprain,hard
Marnee,the-button-up-swing-tunic#Wine,voyager-stripe-crew#Stripe,hard
Marnee,the-button-up-swing-tunic#Wine,milan-stretch-top#White,random
Gemma,moonlight-kisses-bamboo-tee#Black,voyager-stripe-crew#Stripe,hard
Gemma,moonlight-kisses-bamboo-tee#Black,makeover-blouse#LimeGreen,hard
Gemma,moonlight-kisses-bamboo-tee#Black,the-zip-detail-jacket#Grey,random
Amanda,the-oversize-knit#GreyMarle,natural-textured-poncho#Deeprain,hard
Amanda,the-oversize-knit#GreyMarle,voyager-stripe-crew#Stripe,hard
Amanda,the-oversize-knit#GreyMarle,sugar-snaps-throw-jacket#Black,random
Madeline,aigli-top#White,voyager-stripe-crew#Stripe,hard
Madeline,aigli-top#White,makeover-blouse#LimeGreen,hard
Madeline,aigli-top#White,leopard-print-kimono#GoldMulti,random
Ljubenka,the-cross-over-blouse#Sunshine,the-uneven-hem-knit-1#Sage,hard
Ljubenka,the-cross-over-blouse#Sunshine,natural-textured-poncho#Deeprain,hard
Ljubenka,the-cross-over-blouse#Sunshine,monaco-knot-top#Olive,random
Emma,sugar-snaps-layers-tank#White,voyager-stripe-crew#Stripe,hard
Emma,sugar-snaps-layers-tank#White,makeover-blouse#LimeGreen,hard
Emma,sugar-snaps-layers-tank#White,square-nk-fray-trim-top#Denim,random
Monique,the-stella-tee#Marine,voyager-stripe-crew#Stripe,hard
Monique,the-stella-tee#Marine,makeover-blouse#LimeGreen,hard
Monique,the-stella-tee#Marine,dream-girl-ruffle-jumper#SoftPink,random
Chelsea,the-oversized-cotton-blend-shirt#Sand,voyager-stripe-crew#Stripe,hard
Chelsea,the-oversized-cotton-blend-shirt#Sand,makeover-blouse#LimeGreen,hard
Chelsea,the-oversized-cotton-blend-shirt#Sand,woolly-spotted-hoodie#Navy,random
Nadine,the-everyday-shirt#Pink,makeover-blouse#LimeGreen,hard
Nadine,the-everyday-shirt#Pink,pure-merino-fine-rib-v-neck#Charcoal,hard
Nadine,the-everyday-shirt#Pink,the-half-sleeve-tee#Black,random
Summer,emerald-knit#Emerald,voyager-stripe-crew#Stripe,hard
Summer,emerald-knit#Emerald,natural-textured-poncho#Deeprain,hard
Summer,emerald-knit#Emerald,rosie-bell-sleeve-denim-shirt#Stripe,random
Summer,napoleon-top-1#NemoBlue,voyager-stripe-crew#Stripe,hard
Summer,napoleon-top-1#NemoBlue,natural-textured-poncho#Deeprain,hard
Summer,napoleon-top-1#NemoBlue,reversible-scoopv-neck-tank#Navy,random
Jess,belle-flocked-tunic#Pale%20Blue,cara-tee-2#Blush,hard
Jess,belle-flocked-tunic#Pale%20Blue,cara-tee-2#WhiteBlk,hard
Jess,belle-flocked-tunic#Pale%20Blue,soho-ruffle-jumper#OatmealMar,random
Marnee,softly-swinging-bamboo-tee#Blush,natural-textured-poncho#Deeprain,hard
Marnee,softly-swinging-bamboo-tee#Blush,voyager-stripe-crew#Stripe,hard
Marnee,softly-swinging-bamboo-tee#Blush,clio-knit-jumper#Clay,random
Natalia,bodega-knit#Moss,voyager-stripe-crew#Stripe,hard
Natalia,bodega-knit#Moss,makeover-blouse#LimeGreen,hard
Natalia,bodega-knit#Moss,the-stripe-jersey-top#Pink,random
Amanda,the-panel-luxe-top#SilvWhite,natural-textured-poncho#Deeprain,hard
Amanda,the-panel-luxe-top#SilvWhite,voyager-stripe-crew#Stripe,hard
Amanda,the-panel-luxe-top#SilvWhite,the-cross-over-blouse#Sunshine,random
Jess,everyday-linen-tunic#BotanicalB,cara-tee-2#Blush,hard
Jess,everyday-linen-tunic#BotanicalB,cara-tee-2#WhiteBlk,hard
Jess,everyday-linen-tunic#BotanicalB,relaxed-cape#WhiteBlack,random
Fiona,belle-v-neck-forgiver-tunic#BlueMarle,natural-textured-poncho#Deeprain,hard
Fiona,belle-v-neck-forgiver-tunic#BlueMarle,wonderland-blouse#Ink,hard
Fiona,belle-v-neck-forgiver-tunic#BlueMarle,stripe-sweater-2#Blue,random
Riina,the-roll-neck-sweater#Natural,voyager-stripe-crew#Stripe,hard
Riina,the-roll-neck-sweater#Natural,makeover-blouse#LimeGreen,hard
Riina,the-roll-neck-sweater#Natural,heart-spliced-top#Navy,random
Georgia,to-the-beat-of-the-drum-kimono#Leaf,voyager-stripe-crew#Stripe,hard
Georgia,to-the-beat-of-the-drum-kimono#Leaf,makeover-blouse#LimeGreen,hard
Georgia,to-the-beat-of-the-drum-kimono#Leaf,silver-cross-sweater#Silver,random
Fiona,the-reversible-cowl-neck-top-1#White,natural-textured-poncho#Deeprain,hard
Fiona,the-reversible-cowl-neck-top-1#White,wonderland-blouse#Ink,hard
Fiona,the-reversible-cowl-neck-top-1#White,the-contrast-34-sleeve-top#Navy,random
Perrie,shirt-in-a-box#Silver,natural-textured-poncho#Deeprain,hard
Perrie,shirt-in-a-box#Silver,voyager-stripe-crew#Stripe,hard
Perrie,shirt-in-a-box#Silver,the-drape-tee-1#Stripe,random
Jess,belle-v-neck-forgiver-tunic#Navy,cara-tee-2#Blush,hard
Jess,belle-v-neck-forgiver-tunic#Navy,cara-tee-2#WhiteBlk,hard
Jess,belle-v-neck-forgiver-tunic#Navy,the-ultimate-tie-cardi#Port,random
Marnee,falling-for-you-tunic#Black,natural-textured-poncho#Deeprain,hard
Marnee,falling-for-you-tunic#Black,voyager-stripe-crew#Stripe,hard
Marnee,falling-for-you-tunic#Black,the-cross-over-poncho#Navy,random
Mae-Lee,the-drape-tee-1#White,side-buttoned-sweater#Buttoned,hard
Mae-Lee,the-drape-tee-1#White,voyager-stripe-crew#Stripe,hard
Mae-Lee,the-drape-tee-1#White,fundamental-split-hoodie-1#Lilac,random
Nadine,the-everyday-shirt#Black,makeover-blouse#LimeGreen,hard
Nadine,the-everyday-shirt#Black,pure-merino-fine-rib-v-neck#Charcoal,hard
Nadine,the-everyday-shirt#Black,butterfly-kisses-tee#Green,random
Summer,fundamental-split-hoodie#Pink,voyager-stripe-crew#Stripe,hard
Summer,fundamental-split-hoodie#Pink,natural-textured-poncho#Deeprain,hard
Summer,fundamental-split-hoodie#Pink,layered-stripe-top#PinkStripe,random
Tia,the-everyday-shirt#Black,the-panel-luxe-top#BlkWhite,hard
Tia,the-everyday-shirt#Black,the-panel-luxe-top#SilvWhite,hard
Tia,the-everyday-shirt#Black,long-sleeve-softly-swinging-bamboo-tee#Cashew,random
Georgia,layer-me-bamboo-rouched-sleeve-tee#Fern,voyager-stripe-crew#Stripe,hard
Georgia,layer-me-bamboo-rouched-sleeve-tee#Fern,makeover-blouse#LimeGreen,hard
Georgia,layer-me-bamboo-rouched-sleeve-tee#Fern,napoleon-top-1#NemoBlue,random
Marnee,the-relaxed-long-sleeve-tee#Navy,natural-textured-poncho#Deeprain,hard
Marnee,the-relaxed-long-sleeve-tee#Navy,voyager-stripe-crew#Stripe,hard
Marnee,the-relaxed-long-sleeve-tee#Navy,natural-detailed-sweater#Tinroof,random
Grazi,germaine-blouse#Pearl,voyager-stripe-crew#Stripe,hard
Grazi,germaine-blouse#Pearl,makeover-blouse#LimeGreen,hard
Grazi,germaine-blouse#Pearl,the-cape-jersey-top#DarkNavy,random
Mae-Lee,the-batwing-tee#FrenchBlue,side-buttoned-sweater#Buttoned,hard
Mae-Lee,the-batwing-tee#FrenchBlue,voyager-stripe-crew#Stripe,hard
Mae-Lee,the-batwing-tee#FrenchBlue,arya-frilled-blouse#Oyster,random
Jess,the-v-split-blouse#Salmon,cara-tee-2#Blush,hard
Jess,the-v-split-blouse#Salmon,cara-tee-2#WhiteBlk,hard
Jess,the-v-split-blouse#Salmon,clovis-shirt#NavyGold,random
Sophie,the-daily-cross-over-top#PinkPrint,side-buttoned-sweater#Buttoned,hard
Sophie,the-daily-cross-over-top#PinkPrint,the-tie-front-top#Navy,hard
Sophie,the-daily-cross-over-top#PinkPrint,belle-v-neck-forgiver-tunic#Tobacco,random
Fiona,the-contrast-detail-top#Ivory,natural-textured-poncho#Deeprain,hard
Fiona,the-contrast-detail-top#Ivory,wonderland-blouse#Ink,hard
Fiona,the-contrast-detail-top#Ivory,the-everyday-shirt#Cream,random
Georgia,falling-for-you-cardi#Dusty,voyager-stripe-crew#Stripe,hard
Georgia,falling-for-you-cardi#Dusty,makeover-blouse#LimeGreen,hard
Georgia,falling-for-you-cardi#Dusty,malibu-cardigan#Wine,random
Fiona,summer-haze-top#Teal,natural-textured-poncho#Deeprain,hard
Fiona,summer-haze-top#Teal,wonderland-blouse#Ink,hard
Fiona,summer-haze-top#Teal,adventurous-hoody#Pink,random
Laura,the-drape-tee-1#Navy,cara-tee-2#Blush,hard
Laura,the-drape-tee-1#Navy,cara-tee-2#WhiteBlk,hard
Laura,the-drape-tee-1#Navy,belle-poncho-sleeved-knit#BlueMarle,random
Anna,the-everyday-shirt#Pink,voyager-stripe-crew#Stripe,hard
Anna,the-everyday-shirt#Pink,makeover-blouse#LimeGreen,hard
Anna,the-everyday-shirt#Pink,the-ultimate-tie-cardi#Port,random
Georgia,layer-me-bamboo-rouched-sleeve-tee#White,voyager-stripe-crew#Stripe,hard
Georgia,layer-me-bamboo-rouched-sleeve-tee#White,makeover-blouse#LimeGreen,hard
Georgia,layer-me-bamboo-rouched-sleeve-tee#White,silver-cross-sweater#Silver,random
Chelsea,falling-for-you-cardi#Khaki,voyager-stripe-crew#Stripe,hard
Chelsea,falling-for-you-cardi#Khaki,makeover-blouse#LimeGreen,hard
Chelsea,falling-for-you-cardi#Khaki,llama-long-sleeve-shirt#Mustard,random
Sophia,falling-for-you-cardi#Khaki,cara-tee-2#Blush,hard
Sophia,falling-for-you-cardi#Khaki,cara-tee-2#WhiteBlk,hard
Sophia,falling-for-you-cardi#Khaki,prickly-cactus-crew#Pink,random
Marnee,walk-in-the-park-cardi#Sand,natural-textured-poncho#Deeprain,hard
Marnee,walk-in-the-park-cardi#Sand,voyager-stripe-crew#Stripe,hard
Marnee,walk-in-the-park-cardi#Sand,the-layered-cross-over-top#Black,random
Sophia,the-linen-tie-sleeve-top#GreyMarle,cara-tee-2#Blush,hard
Sophia,the-linen-tie-sleeve-top#GreyMarle,cara-tee-2#WhiteBlk,hard
Sophia,the-linen-tie-sleeve-top#GreyMarle,niue-neck-tie-shirt#LightBlue,random
Fiona,the-double-layer-top#White,natural-textured-poncho#Deeprain,hard
Fiona,the-double-layer-top#White,wonderland-blouse#Ink,hard
Fiona,the-double-layer-top#White,the-cut-out-shoulder-blouse#Blue,random
Jess,layer-me-bamboo-rouched-sleeve-tee#Fern,cara-tee-2#Blush,hard
Jess,layer-me-bamboo-rouched-sleeve-tee#Fern,cara-tee-2#WhiteBlk,hard
Jess,layer-me-bamboo-rouched-sleeve-tee#Fern,the-linen-tie-sleeve-top#GreyMarle,random
Shadae,st-helens-henley-tee#Sapphire,voyager-stripe-crew#Stripe,hard
Shadae,st-helens-henley-tee#Sapphire,makeover-blouse#LimeGreen,hard
Shadae,st-helens-henley-tee#Sapphire,belle-deep-v-mesh-top#Black,random
Fiona,the-cosy-cardigan#Grey,natural-textured-poncho#Deeprain,hard
Fiona,the-cosy-cardigan#Grey,wonderland-blouse#Ink,hard
Fiona,the-cosy-cardigan#Grey,bertie-top#BlkCherry,random
Lisa,frill-sleeve-top-1#LeafPrint,voyager-stripe-crew#Stripe,hard
Lisa,frill-sleeve-top-1#LeafPrint,makeover-blouse#LimeGreen,hard
Lisa,frill-sleeve-top-1#LeafPrint,the-batwing-tee#FrenchBlue,random
Lisa,the-boat-neck-top#Black,voyager-stripe-crew#Stripe,hard
Lisa,the-boat-neck-top#Black,makeover-blouse#LimeGreen,hard
Lisa,the-boat-neck-top#Black,spliced-stripe-tunic#Navy,random
Fiona,cool-breeze-jumper#Dust,natural-textured-poncho#Deeprain,hard
Fiona,cool-breeze-jumper#Dust,wonderland-blouse#Ink,hard
Fiona,cool-breeze-jumper#Dust,relaxed-v-neck-knit#Silver,random
Ljubenka,belle-half-sleeve-forgiver-tunic#BlueBonnet,the-uneven-hem-knit-1#Sage,hard
Ljubenka,belle-half-sleeve-forgiver-tunic#BlueBonnet,natural-textured-poncho#Deeprain,hard
Ljubenka,belle-half-sleeve-forgiver-tunic#BlueBonnet,st-helens-henley-tee#White,random
Jess,cotton-stripe-cardi-with-pockets#White,cara-tee-2#Blush,hard
Jess,cotton-stripe-cardi-with-pockets#White,cara-tee-2#WhiteBlk,hard
Jess,cotton-stripe-cardi-with-pockets#White,the-blouson-sleeve-jumper#Grey,random
Mae-Lee,belle-v-neck-forgiver-tunic#Charcoal,side-buttoned-sweater#Buttoned,hard
Mae-Lee,belle-v-neck-forgiver-tunic#Charcoal,voyager-stripe-crew#Stripe,hard
Mae-Lee,belle-v-neck-forgiver-tunic#Charcoal,luxe-shirt#Navy,random
Marnee,the-drape-tee-1#Black,natural-textured-poncho#Deeprain,hard
Marnee,the-drape-tee-1#Black,voyager-stripe-crew#Stripe,hard
Marnee,the-drape-tee-1#Black,the-panel-hem-top#DenimMarle,random
Clementine,sugar-snaps-layers-tank#PeachyKeen,voyager-stripe-crew#Stripe,hard
Clementine,sugar-snaps-layers-tank#PeachyKeen,makeover-blouse#LimeGreen,hard
Clementine,sugar-snaps-layers-tank#PeachyKeen,the-wrap-jersey-top#Charcoal,random
Riina,the-zip-front-blouse#Khaki,voyager-stripe-crew#Stripe,hard
Riina,the-zip-front-blouse#Khaki,makeover-blouse#LimeGreen,hard
Riina,the-zip-front-blouse#Khaki,sailaway-blouse#OxfordBlue,random
Marnee,long-sleeve-softly-swinging-bamboo-tee#White,natural-textured-poncho#Deeprain,hard
Marnee,long-sleeve-softly-swinging-bamboo-tee#White,voyager-stripe-crew#Stripe,hard
Marnee,long-sleeve-softly-swinging-bamboo-tee#White,belle-polka-dot-blouse#WhiteSpot,random
Mae-Lee,the-printed-v-split-top#Natural,side-buttoned-sweater#Buttoned,hard
Mae-Lee,the-printed-v-split-top#Natural,voyager-stripe-crew#Stripe,hard
Mae-Lee,the-printed-v-split-top#Natural,long-sleeve-tee-2#NavyWhite,random
Summer,contrast-pocket-tunic#Pinkpocket,voyager-stripe-crew#Stripe,hard
Summer,contrast-pocket-tunic#Pinkpocket,natural-textured-poncho#Deeprain,hard
Summer,contrast-pocket-tunic#Pinkpocket,natural-classic-cardigan#Pebble,random
Monique,reversible-scoopv-neck-tank#Black,voyager-stripe-crew#Stripe,hard
Monique,reversible-scoopv-neck-tank#Black,makeover-blouse#LimeGreen,hard
Monique,reversible-scoopv-neck-tank#Black,sugar-snaps-round-neck-layer-tank#DuckEgg,random
Natalie,the-long-sleeve-v-neck-tee#Black,natural-textured-poncho#Deeprain,hard
Natalie,the-long-sleeve-v-neck-tee#Black,voyager-stripe-crew#Stripe,hard
Natalie,the-long-sleeve-v-neck-tee#Black,falling-for-you-cardi#Rust,random
Natalia,the-define-flute-sleeve-blouse#White,voyager-stripe-crew#Stripe,hard
Natalia,the-define-flute-sleeve-blouse#White,makeover-blouse#LimeGreen,hard
Natalia,the-define-flute-sleeve-blouse#White,reversible-scoopv-neck-tank#Navy,random
Sophie,the-relaxed-long-sleeve-tee#White,side-buttoned-sweater#Buttoned,hard
Sophie,the-relaxed-long-sleeve-tee#White,the-tie-front-top#Navy,hard
Sophie,the-relaxed-long-sleeve-tee#White,messina-knit#Cognac,random
Anna,the-cross-over-blouse#Red,voyager-stripe-crew#Stripe,hard
Anna,the-cross-over-blouse#Red,makeover-blouse#LimeGreen,hard
Anna,the-cross-over-blouse#Red,the-twist-front-top#Grey,random
Natalia,lavaux-bell-sleeve#Mustard,voyager-stripe-crew#Stripe,hard
Natalia,lavaux-bell-sleeve#Mustard,makeover-blouse#LimeGreen,hard
Natalia,lavaux-bell-sleeve#Mustard,bird-print-jumper#Navy,random
Fiona,roll-with-me-jumper#Chalk,natural-textured-poncho#Deeprain,hard
Fiona,roll-with-me-jumper#Chalk,wonderland-blouse#Ink,hard
Fiona,roll-with-me-jumper#Chalk,millie-top#Moss,random
Laura,the-roll-neck-sleeveless-top-1#Black,cara-tee-2#Blush,hard
Laura,the-roll-neck-sleeveless-top-1#Black,cara-tee-2#WhiteBlk,hard
Laura,the-roll-neck-sleeveless-top-1#Black,multi-sequin-dot-stripe-top#Navy,random
Tia,softly-swinging-bamboo-tee#Black,the-panel-luxe-top#BlkWhite,hard
Tia,softly-swinging-bamboo-tee#Black,the-panel-luxe-top#SilvWhite,hard
Tia,softly-swinging-bamboo-tee#Black,the-long-sleeve-scoop-neck-tee#Navy,random
Summer,rama-top#Stonewash,voyager-stripe-crew#Stripe,hard
Summer,rama-top#Stonewash,natural-textured-poncho#Deeprain,hard
Summer,rama-top#Stonewash,billow-top#Black,random
Monique,double-layered-top-1#WSilver,voyager-stripe-crew#Stripe,hard
Monique,double-layered-top-1#WSilver,makeover-blouse#LimeGreen,hard
Monique,double-layered-top-1#WSilver,belle-ls-free-fall-tee#Greenland,random
Georgia,sugar-snaps-throw-jacket#Duckegg,voyager-stripe-crew#Stripe,hard
Georgia,sugar-snaps-throw-jacket#Duckegg,makeover-blouse#LimeGreen,hard
Georgia,sugar-snaps-throw-jacket#Duckegg,mila-knit-cardigan#Clay,random
Chesska,coogee-shirt#White,voyager-stripe-crew#Stripe,hard
Chesska,coogee-shirt#White,makeover-blouse#LimeGreen,hard
Chesska,coogee-shirt#White,napoleon-top-1#NemoBlue,random
Laura,belle-v-neck-forgiver-tunic#Navy,cara-tee-2#Blush,hard
Laura,belle-v-neck-forgiver-tunic#Navy,cara-tee-2#WhiteBlk,hard
Laura,belle-v-neck-forgiver-tunic#Navy,bird-print-jumper#Navy,random
Mae-Lee,belle-lace-trim-tee#GreyMarle,side-buttoned-sweater#Buttoned,hard
Mae-Lee,belle-lace-trim-tee#GreyMarle,voyager-stripe-crew#Stripe,hard
Mae-Lee,belle-lace-trim-tee#GreyMarle,the-shoulder-tie-top#Black,random
Emma,crushed-top#Blue,voyager-stripe-crew#Stripe,hard
Emma,crushed-top#Blue,makeover-blouse#LimeGreen,hard
Emma,crushed-top#Blue,rising-mist-jumper#Nickel,random
Chelsea,the-cross-over-poncho#Navy,voyager-stripe-crew#Stripe,hard
Chelsea,the-cross-over-poncho#Navy,makeover-blouse#LimeGreen,hard
Chelsea,the-cross-over-poncho#Navy,bertie-top#Black,random
Ljubenka,belle-flocked-tunic#Pale%20Blue,the-uneven-hem-knit-1#Sage,hard
Ljubenka,belle-flocked-tunic#Pale%20Blue,natural-textured-poncho#Deeprain,hard
Ljubenka,belle-flocked-tunic#Pale%20Blue,moonlight-kisses-bamboo-tee#Saffron,random
Natalia,lola-bell-sleeve-top-entangled-vines#Gold,voyager-stripe-crew#Stripe,hard
Natalia,lola-bell-sleeve-top-entangled-vines#Gold,makeover-blouse#LimeGreen,hard
Natalia,lola-bell-sleeve-top-entangled-vines#Gold,the-contrast-panel-top#BlkStripe,random
Chelsea,milan-34-sleeve-1#Melange,voyager-stripe-crew#Stripe,hard
Chelsea,milan-34-sleeve-1#Melange,makeover-blouse#LimeGreen,hard
Chelsea,milan-34-sleeve-1#Melange,the-cotton-bamboo-tank#White,random
Monique,yvette-blouse#Black,voyager-stripe-crew#Stripe,hard
Monique,yvette-blouse#Black,makeover-blouse#LimeGreen,hard
Monique,yvette-blouse#Black,partly-cloudy-knit#PawPaw,random
Alex,the-short-sleeve-wrap-jersey-top#NavyWhite,voyager-stripe-crew#Stripe,hard
Alex,the-short-sleeve-wrap-jersey-top#NavyWhite,makeover-blouse#LimeGreen,hard
Alex,the-short-sleeve-wrap-jersey-top#NavyWhite,belle-v-neck-forgiver-tunic#Navy,random
Jess,long-sleeve-ruffle-shirt#Black,cara-tee-2#Blush,hard
Jess,long-sleeve-ruffle-shirt#Black,cara-tee-2#WhiteBlk,hard
Jess,long-sleeve-ruffle-shirt#Black,the-high-low-drape-tee#Sage,random
Mercy,belle-cowl-swing-sweater#Green,voyager-stripe-crew#Stripe,hard
Mercy,belle-cowl-swing-sweater#Green,makeover-blouse#LimeGreen,hard
Mercy,belle-cowl-swing-sweater#Green,the-batwing-tee#Sea,random
Tia,the-drape-tee-1#Stripe,the-panel-luxe-top#BlkWhite,hard
Tia,the-drape-tee-1#Stripe,the-panel-luxe-top#SilvWhite,hard
Tia,the-drape-tee-1#Stripe,lake-house-top#CoalPrint,random
Gemma,kimberly-spliced-top#Black,voyager-stripe-crew#Stripe,hard
Gemma,kimberly-spliced-top#Black,makeover-blouse#LimeGreen,hard
Gemma,kimberly-spliced-top#Black,the-lace-trim-top#Ivory,random
Laura,the-everyday-shirt#Black,cara-tee-2#Blush,hard
Laura,the-everyday-shirt#Black,cara-tee-2#WhiteBlk,hard
Laura,the-everyday-shirt#Black,belle-square-neck-drape-tee#Vanilla,random
Fiona,the-daily-essential-jumper#Grey,natural-textured-poncho#Deeprain,hard
Fiona,the-daily-essential-jumper#Grey,wonderland-blouse#Ink,hard
Fiona,the-daily-essential-jumper#Grey,geneva-v-neck-top#ClaySpot,random
Laura,delicado-top#White,cara-tee-2#Blush,hard
Laura,delicado-top#White,cara-tee-2#WhiteBlk,hard
Laura,delicado-top#White,spliced-lace-panel-tee#White,random
Chelsea,cross-over-top-with-pocket#BlackWhite,voyager-stripe-crew#Stripe,hard
Chelsea,cross-over-top-with-pocket#BlackWhite,makeover-blouse#LimeGreen,hard
Chelsea,cross-over-top-with-pocket#BlackWhite,the-boat-neck-top-1#Ink,random
Anna,the-drape-tee-1#Stripe,voyager-stripe-crew#Stripe,hard
Anna,the-drape-tee-1#Stripe,makeover-blouse#LimeGreen,hard
Anna,the-drape-tee-1#Stripe,cross-over-top-with-pocket#NavyMustrd,random
Mae-Lee,belle-half-sleeve-forgiver-tunic#Apricot,side-buttoned-sweater#Buttoned,hard
Mae-Lee,belle-half-sleeve-forgiver-tunic#Apricot,voyager-stripe-crew#Stripe,hard
Mae-Lee,belle-half-sleeve-forgiver-tunic#Apricot,coogee-shirt#White,random
Laura,the-sleeveless-cross-over-blouse#Cobalt,cara-tee-2#Blush,hard
Laura,the-sleeveless-cross-over-blouse#Cobalt,cara-tee-2#WhiteBlk,hard
Laura,the-sleeveless-cross-over-blouse#Cobalt,the-boat-neck-top-1#NavyWhite,random
Kate,the-cross-over-blouse#Sunshine,natural-textured-poncho#Deeprain,hard
Kate,the-cross-over-blouse#Sunshine,animal-button-up-shirt#KhakiPrint,hard
Kate,the-cross-over-blouse#Sunshine,fundamental-vee-tee#Navy,random
Alex,the-cotton-bamboo-tee#BlueJeans,voyager-stripe-crew#Stripe,hard
Alex,the-cotton-bamboo-tee#BlueJeans,makeover-blouse#LimeGreen,hard
Alex,the-cotton-bamboo-tee#BlueJeans,sugar-snaps-layers-tank#NewBeige,random
Georgia,softly-swinging-bamboo-tee#Navy,voyager-stripe-crew#Stripe,hard
Georgia,softly-swinging-bamboo-tee#Navy,makeover-blouse#LimeGreen,hard
Georgia,softly-swinging-bamboo-tee#Navy,fundamental-vee-tee#Navy,random
Laura,the-batwing-tee#Stone,cara-tee-2#Blush,hard
Laura,the-batwing-tee#Stone,cara-tee-2#WhiteBlk,hard
Laura,the-batwing-tee#Stone,multi-pattern-print-top#NavyMulti,random
Natalie,sugar-snaps-layers-tank#Mint,natural-textured-poncho#Deeprain,hard
Natalie,sugar-snaps-layers-tank#Mint,voyager-stripe-crew#Stripe,hard
Natalie,sugar-snaps-layers-tank#Mint,the-oversized-cotton-blend-shirt#Navy,random
Anna,the-batwing-tee#Black,voyager-stripe-crew#Stripe,hard
Anna,the-batwing-tee#Black,makeover-blouse#LimeGreen,hard
Anna,the-batwing-tee#Black,long-sleeve-ruffle-shirt#Navy,random
Mercy,belle-tie-front-shirt#Black,voyager-stripe-crew#Stripe,hard
Mercy,belle-tie-front-shirt#Black,makeover-blouse#LimeGreen,hard
Mercy,belle-tie-front-shirt#Black,emerald-knit#Emerald,random
Fiona,the-blouson-sleeve-jumper#Grey,natural-textured-poncho#Deeprain,hard
Fiona,the-blouson-sleeve-jumper#Grey,wonderland-blouse#Ink,hard
Fiona,the-blouson-sleeve-jumper#Grey,softly-swinging-bamboo-tee#BlueJeans,random
Miranda,the-french-cuff-shirt#White,voyager-stripe-crew#Stripe,hard
Miranda,the-french-cuff-shirt#White,makeover-blouse#LimeGreen,hard
Miranda,the-french-cuff-shirt#White,the-cotton-bamboo-tee#DuckEgg,random
Ljubenka,the-cotton-bamboo-tank#White,the-uneven-hem-knit-1#Sage,hard
Ljubenka,the-cotton-bamboo-tank#White,natural-textured-poncho#Deeprain,hard
Ljubenka,the-cotton-bamboo-tank#White,wellington-tee#HeatheGrey,random
Summer,haze-swing-top#OffWhite,voyager-stripe-crew#Stripe,hard
Summer,haze-swing-top#OffWhite,natural-textured-poncho#Deeprain,hard
Summer,haze-swing-top#OffWhite,the-tie-front-top#Black,random
Amanda,the-midi-waterfall-cardi#BlueMarle,natural-textured-poncho#Deeprain,hard
Amanda,the-midi-waterfall-cardi#BlueMarle,voyager-stripe-crew#Stripe,hard
Amanda,the-midi-waterfall-cardi#BlueMarle,belle-v-neck-forgiver-tunic#White,random
Sophia,falling-for-you-cardi#Dusty,cara-tee-2#Blush,hard
Sophia,falling-for-you-cardi#Dusty,cara-tee-2#WhiteBlk,hard
Sophia,falling-for-you-cardi#Dusty,sequin-cross-2-in-1-top#Navy,random
Emma,everyday-linen-tunic#BotanicalB,voyager-stripe-crew#Stripe,hard
Emma,everyday-linen-tunic#BotanicalB,makeover-blouse#LimeGreen,hard
Emma,everyday-linen-tunic#BotanicalB,the-sleeveless-cross-over-blouse#Chambray,random
Jess,belle-petal-print-top#Petal,cara-tee-2#Blush,hard
Jess,belle-petal-print-top#Petal,cara-tee-2#WhiteBlk,hard
Jess,belle-petal-print-top#Petal,luxe-shirt#Navy,random
Laura,the-cross-over-blouse#Mint,cara-tee-2#Blush,hard
Laura,the-cross-over-blouse#Mint,cara-tee-2#WhiteBlk,hard
Laura,the-cross-over-blouse#Mint,jersey-split-back-hooded-top#NavyStrip,random
Sophie,the-relaxed-long-sleeve-tee#Khaki,side-buttoned-sweater#Buttoned,hard
Sophie,the-relaxed-long-sleeve-tee#Khaki,the-tie-front-top#Navy,hard
Sophie,the-relaxed-long-sleeve-tee#Khaki,fundamental-stripe-long-sleeve-tee#WhiteBlack,random
Laura,the-cross-over-blouse#Blue,cara-tee-2#Blush,hard
Laura,the-cross-over-blouse#Blue,cara-tee-2#WhiteBlk,hard
Laura,the-cross-over-blouse#Blue,the-stitch-v-neck-knit#PinkMarle,random
Fiona,the-essential-layering-tee#Ink,natural-textured-poncho#Deeprain,hard
Fiona,the-essential-layering-tee#Ink,wonderland-blouse#Ink,hard
Fiona,the-essential-layering-tee#Ink,sparkly-star-tee#Blue,random
Anna,the-cut-out-shoulder-blouse#Black,voyager-stripe-crew#Stripe,hard
Anna,the-cut-out-shoulder-blouse#Black,makeover-blouse#LimeGreen,hard
Anna,the-cut-out-shoulder-blouse#Black,anna-top#Leona,random
Fiona,long-sleeve-softly-swinging-bamboo-tee#Copper,natural-textured-poncho#Deeprain,hard
Fiona,long-sleeve-softly-swinging-bamboo-tee#Copper,wonderland-blouse#Ink,hard
Fiona,long-sleeve-softly-swinging-bamboo-tee#Copper,the-daily-cross-over-top#SkyBlue,random
Laura,softly-swinging-bamboo-tee#Copper,cara-tee-2#Blush,hard
Laura,softly-swinging-bamboo-tee#Copper,cara-tee-2#WhiteBlk,hard
Laura,softly-swinging-bamboo-tee#Copper,rama-top#Stonewash,random
Maddy,the-cotton-bamboo-tank#DuckEgg,natural-textured-poncho#Deeprain,hard
Maddy,the-cotton-bamboo-tank#DuckEgg,voyager-stripe-crew#Stripe,hard
Maddy,the-cotton-bamboo-tank#DuckEgg,jewel-knit#GreyMarle,random
Jess,the-sleeveless-cross-over-blouse#Salmon,cara-tee-2#Blush,hard
Jess,the-sleeveless-cross-over-blouse#Salmon,cara-tee-2#WhiteBlk,hard
Jess,the-sleeveless-cross-over-blouse#Salmon,millie-top#Blush,random
Laura,jade-kimono-sweet-blossoms#Blue,cara-tee-2#Blush,hard
Laura,jade-kimono-sweet-blossoms#Blue,cara-tee-2#WhiteBlk,hard
Laura,jade-kimono-sweet-blossoms#Blue,monaco-sweater#BlackCream,random
Laura,the-everyday-shirt#Cream,cara-tee-2#Blush,hard
Laura,the-everyday-shirt#Cream,cara-tee-2#WhiteBlk,hard
Laura,the-everyday-shirt#Cream,ivy-cosy-pullover#Blossom,random
Amanda,the-on-or-off-the-shoulder-top#Pink,natural-textured-poncho#Deeprain,hard
Amanda,the-on-or-off-the-shoulder-top#Pink,voyager-stripe-crew#Stripe,hard
Amanda,the-on-or-off-the-shoulder-top#Pink,hayley-button-down#NavySparro,random
Louise,ponte-spot-top#BlackWhite,pure-merino-fine-rib-polo#BlackStri,hard
Louise,ponte-spot-top#BlackWhite,voyager-stripe-crew#Stripe,hard
Louise,ponte-spot-top#BlackWhite,the-oversized-cotton-blend-shirt#Sand,random
Sophia,falling-for-you-cardi#GreyMarle,cara-tee-2#Blush,hard
Sophia,falling-for-you-cardi#GreyMarle,cara-tee-2#WhiteBlk,hard
Sophia,falling-for-you-cardi#GreyMarle,cooks-shirt#Stripes,random
Georgia,sugar-snaps-layers-tank#Blue,voyager-stripe-crew#Stripe,hard
Georgia,sugar-snaps-layers-tank#Blue,makeover-blouse#LimeGreen,hard
Georgia,sugar-snaps-layers-tank#Blue,the-ultimate-tie-cardi#Port,random
Laura,the-double-layer-top#Black,cara-tee-2#Blush,hard
Laura,the-double-layer-top#Black,cara-tee-2#WhiteBlk,hard
Laura,the-double-layer-top#Black,ava-short-sleeve-linen-tee#Navy,random
Stefania,the-relaxed-long-sleeve-tee#White,voyager-stripe-crew#Stripe,hard
Stefania,the-relaxed-long-sleeve-tee#White,makeover-blouse#LimeGreen,hard
Stefania,the-relaxed-long-sleeve-tee#White,bird-print-jumper#Navy,random
Ljubenka,the-cross-over-blouse#RoyalBlue,the-uneven-hem-knit-1#Sage,hard
Ljubenka,the-cross-over-blouse#RoyalBlue,natural-textured-poncho#Deeprain,hard
Ljubenka,the-cross-over-blouse#RoyalBlue,sequin-spot-cardi#Grey,random
Summer,knit-hoodie-1#Sage,voyager-stripe-crew#Stripe,hard
Summer,knit-hoodie-1#Sage,natural-textured-poncho#Deeprain,hard
Summer,knit-hoodie-1#Sage,the-sleeve-detail-knit#Ivory,random
Fiona,square-peg-pullover#SilverMix,natural-textured-poncho#Deeprain,hard
Fiona,square-peg-pullover#SilverMix,wonderland-blouse#Ink,hard
Fiona,square-peg-pullover#SilverMix,belle-longline-white-shirt#White,random
Jess,daisy-top-1#BrightBlue,cara-tee-2#Blush,hard
Jess,daisy-top-1#BrightBlue,cara-tee-2#WhiteBlk,hard
Jess,daisy-top-1#BrightBlue,falling-for-you-cardi-2#WinterRose,random
Anna,belle-half-sleeve-forgiver-tunic#FlamPink,voyager-stripe-crew#Stripe,hard
Anna,belle-half-sleeve-forgiver-tunic#FlamPink,makeover-blouse#LimeGreen,hard
Anna,belle-half-sleeve-forgiver-tunic#FlamPink,in-transit-cardi#Navy,random
Madeline,layered-top-2#White,voyager-stripe-crew#Stripe,hard
Madeline,layered-top-2#White,makeover-blouse#LimeGreen,hard
Madeline,layered-top-2#White,ally-long-sleeve-tee#CosmosPr,random
Marnee,softly-falling-bamboo-tunic#White,natural-textured-poncho#Deeprain,hard
Marnee,softly-falling-bamboo-tunic#White,voyager-stripe-crew#Stripe,hard
Marnee,softly-falling-bamboo-tunic#White,the-cross-over-poncho#Grey,random
Summer,sky-jumper-1#Clouds,voyager-stripe-crew#Stripe,hard
Summer,sky-jumper-1#Clouds,natural-textured-poncho#Deeprain,hard
Summer,sky-jumper-1#Clouds,luxe-shirt#Navy,random
Ljubenka,the-cut-out-shoulder-blouse#Silver,the-uneven-hem-knit-1#Sage,hard
Ljubenka,the-cut-out-shoulder-blouse#Silver,natural-textured-poncho#Deeprain,hard
Ljubenka,the-cut-out-shoulder-blouse#Silver,rory-spliced-zip-hoodie#Slate,random
Natalie,sugar-snaps-layers-tank#DuckEgg,natural-textured-poncho#Deeprain,hard
Natalie,sugar-snaps-layers-tank#DuckEgg,voyager-stripe-crew#Stripe,hard
Natalie,sugar-snaps-layers-tank#DuckEgg,reversible-scoopv-neck-tank#Black,random
Kate,sugar-snaps-layers-tank#SeaGreen,natural-textured-poncho#Deeprain,hard
Kate,sugar-snaps-layers-tank#SeaGreen,animal-button-up-shirt#KhakiPrint,hard
Kate,sugar-snaps-layers-tank#SeaGreen,hacienda-tunic-pushkar#Cornflower,random
Fiona,the-blouson-sleeve-jumper#Navy,natural-textured-poncho#Deeprain,hard
Fiona,the-blouson-sleeve-jumper#Navy,wonderland-blouse#Ink,hard
Fiona,the-blouson-sleeve-jumper#Navy,milan-stretch-top#Navy,random
Jude,crossing-the-plains-sweater-1#Indigo,voyager-stripe-crew#Stripe,hard
Jude,crossing-the-plains-sweater-1#Indigo,makeover-blouse#LimeGreen,hard
Jude,crossing-the-plains-sweater-1#Indigo,manhattan-stretch-tee#Navy,random
Natalie,the-everyday-shirt#Midnight,natural-textured-poncho#Deeprain,hard
Natalie,the-everyday-shirt#Midnight,voyager-stripe-crew#Stripe,hard
Natalie,the-everyday-shirt#Midnight,aztec-cardigan#BlackIvory,random
Mae-Lee,long-sleeve-softly-swinging-bamboo-tee#Cashew,side-buttoned-sweater#Buttoned,hard
Mae-Lee,long-sleeve-softly-swinging-bamboo-tee#Cashew,voyager-stripe-crew#Stripe,hard
Mae-Lee,long-sleeve-softly-swinging-bamboo-tee#Cashew,ponte-spot-top#BlackWhite,random
Gemma,sequin-cross-2-in-1-top#Khaki,voyager-stripe-crew#Stripe,hard
Gemma,sequin-cross-2-in-1-top#Khaki,makeover-blouse#LimeGreen,hard
Gemma,sequin-cross-2-in-1-top#Khaki,belle-poncho-sleeved-knit#BlueMarle,random
Maddy,the-cut-out-shoulder-blouse#Clay,natural-textured-poncho#Deeprain,hard
Maddy,the-cut-out-shoulder-blouse#Clay,voyager-stripe-crew#Stripe,hard
Maddy,the-cut-out-shoulder-blouse#Clay,manhattan-stretch-tee#White,random
Palatina,luxe-shirt#Black,cara-tee-2#Blush,hard
Palatina,luxe-shirt#Black,cara-tee-2#WhiteBlk,hard
Palatina,luxe-shirt#Black,the-cross-over-blouse#Silver,random
Katie,elcos-top#LightGrey,voyager-stripe-crew#Stripe,hard
Katie,elcos-top#LightGrey,makeover-blouse#LimeGreen,hard
Katie,elcos-top#LightGrey,robyn-top-1#Roanne,random
Marnee,softly-swinging-bamboo-tee#TeaRose,natural-textured-poncho#Deeprain,hard
Marnee,softly-swinging-bamboo-tee#TeaRose,voyager-stripe-crew#Stripe,hard
Marnee,softly-swinging-bamboo-tee#TeaRose,contrast-pocket-tunic#Pinkpocket,random
Madeline,natural-cosy-sweater#Rosered,voyager-stripe-crew#Stripe,hard
Madeline,natural-cosy-sweater#Rosered,makeover-blouse#LimeGreen,hard
Madeline,natural-cosy-sweater#Rosered,cascade-hood-top#Black,random
Kate,the-cotton-bamboo-tee#BlueJeans,natural-textured-poncho#Deeprain,hard
Kate,the-cotton-bamboo-tee#BlueJeans,animal-button-up-shirt#KhakiPrint,hard
Kate,the-cotton-bamboo-tee#BlueJeans,aida-long-tunic-shirt#AidaStripe,random
Chesska,gloria-applique-crew#Charcoal,voyager-stripe-crew#Stripe,hard
Chesska,gloria-applique-crew#Charcoal,makeover-blouse#LimeGreen,hard
Chesska,gloria-applique-crew#Charcoal,the-side-panel-drape-top#OffWhite,random
Riina,the-longline-cardi-1#Nude,voyager-stripe-crew#Stripe,hard
Riina,the-longline-cardi-1#Nude,makeover-blouse#LimeGreen,hard
Riina,the-longline-cardi-1#Nude,cara-tee-2#WhiteBlk,random
Georgia,for-the-frill-top#Ivory,voyager-stripe-crew#Stripe,hard
Georgia,for-the-frill-top#Ivory,makeover-blouse#LimeGreen,hard
Georgia,for-the-frill-top#Ivory,the-oversize-knit#GreyMarle,random
Amanda,the-layered-cross-over-top#Black,natural-textured-poncho#Deeprain,hard
Amanda,the-layered-cross-over-top#Black,voyager-stripe-crew#Stripe,hard
Amanda,the-layered-cross-over-top#Black,sugar-snaps-layers-tank#NewBeige,random
Natalia,the-twist-hem-jumper#DenimMarle,voyager-stripe-crew#Stripe,hard
Natalia,the-twist-hem-jumper#DenimMarle,makeover-blouse#LimeGreen,hard
Natalia,the-twist-hem-jumper#DenimMarle,ella-funnel-neck-top#Khaki,random
Denniel,the-cotton-bamboo-tee#BlueJeans,natural-textured-poncho#Deeprain,hard
Denniel,the-cotton-bamboo-tee#BlueJeans,voyager-stripe-crew#Stripe,hard
Denniel,the-cotton-bamboo-tee#BlueJeans,maui-stretch-tee#Navy,random
Kate,the-sleeveless-cross-over-blouse#Sunshine,natural-textured-poncho#Deeprain,hard
Kate,the-sleeveless-cross-over-blouse#Sunshine,animal-button-up-shirt#KhakiPrint,hard
Kate,the-sleeveless-cross-over-blouse#Sunshine,meadow-cardigan#Cream,random
Madeline,natural-cropped-sleeve-knit#Cloudcover,voyager-stripe-crew#Stripe,hard
Madeline,natural-cropped-sleeve-knit#Cloudcover,makeover-blouse#LimeGreen,hard
Madeline,natural-cropped-sleeve-knit#Cloudcover,roll-neck-jumper-3#GreyMarl,random
Laura,the-cotton-bamboo-ls-top#Black,cara-tee-2#Blush,hard
Laura,the-cotton-bamboo-ls-top#Black,cara-tee-2#WhiteBlk,hard
Laura,the-cotton-bamboo-ls-top#Black,the-twist-front-top#Grey,random
Ljubenka,cross-my-heart-sweater#Regal,the-uneven-hem-knit-1#Sage,hard
Ljubenka,cross-my-heart-sweater#Regal,natural-textured-poncho#Deeprain,hard
Ljubenka,cross-my-heart-sweater#Regal,lenka-lurex-stripe-blouse#NavyGoldSt,random
Fiona,the-pocket-tee#GreyStripe,natural-textured-poncho#Deeprain,hard
Fiona,the-pocket-tee#GreyStripe,wonderland-blouse#Ink,hard
Fiona,the-pocket-tee#GreyStripe,the-batwing-tee#Sea,random
Amanda,the-contrast-knit-1#Navy,natural-textured-poncho#Deeprain,hard
Amanda,the-contrast-knit-1#Navy,voyager-stripe-crew#Stripe,hard
Amanda,the-contrast-knit-1#Navy,belle-two-in-one-top#Charcoal,random
Fiona,lola-bell-sleeve-top-entangled-vines#Gold,natural-textured-poncho#Deeprain,hard
Fiona,lola-bell-sleeve-top-entangled-vines#Gold,wonderland-blouse#Ink,hard
Fiona,lola-bell-sleeve-top-entangled-vines#Gold,funnel-neck-knit-jumper#BlueMulti,random
Jude,falling-for-you-cardi#Navy,voyager-stripe-crew#Stripe,hard
Jude,falling-for-you-cardi#Navy,makeover-blouse#LimeGreen,hard
Jude,falling-for-you-cardi#Navy,the-long-sleeve-scoop-neck-tee#Grey,random
Emma,belle-flute-sleeve-tee#Navy,voyager-stripe-crew#Stripe,hard
Emma,belle-flute-sleeve-tee#Navy,makeover-blouse#LimeGreen,hard
Emma,belle-flute-sleeve-tee#Navy,the-swing-tank-top#Rose,random
Amanda,the-cotton-blend-stripe-jumper#BlueStripe,natural-textured-poncho#Deeprain,hard
Amanda,the-cotton-blend-stripe-jumper#BlueStripe,voyager-stripe-crew#Stripe,hard
Amanda,the-cotton-blend-stripe-jumper#BlueStripe,under-the-stars-blouse#Petal,random
Summer,wonderland-blouse#Ink,voyager-stripe-crew#Stripe,hard
Summer,wonderland-blouse#Ink,natural-textured-poncho#Deeprain,hard
Summer,wonderland-blouse#Ink,natural-tie-tunic#BlueSky,random
Riina,the-relaxed-long-sleeve-tee#Black,voyager-stripe-crew#Stripe,hard
Riina,the-relaxed-long-sleeve-tee#Black,makeover-blouse#LimeGreen,hard
Riina,the-relaxed-long-sleeve-tee#Black,the-bonded-cotton-shirt#Pink,random
Lauren,sugar-snaps-throw-jacket#Duckegg,side-buttoned-sweater#Buttoned,hard
Lauren,sugar-snaps-throw-jacket#Duckegg,voyager-stripe-crew#Stripe,hard
Lauren,sugar-snaps-throw-jacket#Duckegg,belle-flocked-tunic#White,random
Shadae,monaco-knot-top#HeatheGrey,voyager-stripe-crew#Stripe,hard
Shadae,monaco-knot-top#HeatheGrey,makeover-blouse#LimeGreen,hard
Shadae,monaco-knot-top#HeatheGrey,marjorie-tie-blouse#BluePrint,random
Chelsea,weekend-cardigan#Black,voyager-stripe-crew#Stripe,hard
Chelsea,weekend-cardigan#Black,makeover-blouse#LimeGreen,hard
Chelsea,weekend-cardigan#Black,the-stripe-crossover-blouse#Bluestripe,random
Jess,the-cotton-bamboo-tee#DuckEgg,cara-tee-2#Blush,hard
Jess,the-cotton-bamboo-tee#DuckEgg,cara-tee-2#WhiteBlk,hard
Jess,the-cotton-bamboo-tee#DuckEgg,relaxed-v-neck-knit#Silver,random
Stefania,the-relaxed-long-sleeve-tee#Black,voyager-stripe-crew#Stripe,hard
Stefania,the-relaxed-long-sleeve-tee#Black,makeover-blouse#LimeGreen,hard
Stefania,the-relaxed-long-sleeve-tee#Black,falling-for-you-cardi#Black,random
Mae-Lee,belle-v-neck-forgiver-tunic#Scarlett,side-buttoned-sweater#Buttoned,hard
Mae-Lee,belle-v-neck-forgiver-tunic#Scarlett,voyager-stripe-crew#Stripe,hard
Mae-Lee,belle-v-neck-forgiver-tunic#Scarlett,the-stripe-pocket-tank#Stripe,random
Summer,nova-lux-long-sleeve-tie-top-1#NightSky,voyager-stripe-crew#Stripe,hard
Summer,nova-lux-long-sleeve-tie-top-1#NightSky,natural-textured-poncho#Deeprain,hard
Summer,nova-lux-long-sleeve-tie-top-1#NightSky,layer-me-cotton-candy-top#Cream,random
Stefania,the-zip-detail-jacket#Grey,voyager-stripe-crew#Stripe,hard
Stefania,the-zip-detail-jacket#Grey,makeover-blouse#LimeGreen,hard
Stefania,the-zip-detail-jacket#Grey,colourblock-cardi#NavyRed,random
Palatina,the-boat-neck-top#Navy,cara-tee-2#Blush,hard
Palatina,the-boat-neck-top#Navy,cara-tee-2#WhiteBlk,hard
Palatina,the-boat-neck-top#Navy,the-high-low-drape-tee#Grey,random
Jess,belle-nautical-applique-tee#BlueStripe,cara-tee-2#Blush,hard
Jess,belle-nautical-applique-tee#BlueStripe,cara-tee-2#WhiteBlk,hard
Jess,belle-nautical-applique-tee#BlueStripe,maui-stretch-tee#Black,random
Chelsea,bird-print-jumper#Navy,voyager-stripe-crew#Stripe,hard
Chelsea,bird-print-jumper#Navy,makeover-blouse#LimeGreen,hard
Chelsea,bird-print-jumper#Navy,bora-bora-layered-tank#BoraBora,random
Tia,the-cross-over-blouse#Black,the-panel-luxe-top#BlkWhite,hard
Tia,the-cross-over-blouse#Black,the-panel-luxe-top#SilvWhite,hard
Tia,the-cross-over-blouse#Black,cara-tee-2#Blush,random
Fiona,the-boat-neck-top-1#NavyWhite,natural-textured-poncho#Deeprain,hard
Fiona,the-boat-neck-top-1#NavyWhite,wonderland-blouse#Ink,hard
Fiona,the-boat-neck-top-1#NavyWhite,stripe-sweater-2#Blue,random
Jess,wrap-me-up-bamboo-top#BlueJeans,cara-tee-2#Blush,hard
Jess,wrap-me-up-bamboo-top#BlueJeans,cara-tee-2#WhiteBlk,hard
Jess,wrap-me-up-bamboo-top#BlueJeans,leopard-print-kimono#GoldMulti,random
Marnee,to-the-beat-of-the-drum-kimono#Leaf,natural-textured-poncho#Deeprain,hard
Marnee,to-the-beat-of-the-drum-kimono#Leaf,voyager-stripe-crew#Stripe,hard
Marnee,to-the-beat-of-the-drum-kimono#Leaf,geneva-v-neck-top#ClaySpot,random
Tia,softly-swinging-bamboo-tee#Blush,the-panel-luxe-top#BlkWhite,hard
Tia,softly-swinging-bamboo-tee#Blush,the-panel-luxe-top#SilvWhite,hard
Tia,softly-swinging-bamboo-tee#Blush,the-wrap-jersey-top#JetBlack,random
Natalia,crosses-jumper#xmyheart,voyager-stripe-crew#Stripe,hard
Natalia,crosses-jumper#xmyheart,makeover-blouse#LimeGreen,hard
Natalia,crosses-jumper#xmyheart,tab-sleeve-longline-shirt#Navy,random
Jess,long-sleeve-softly-swinging-bamboo-tee#Storm,cara-tee-2#Blush,hard
Jess,long-sleeve-softly-swinging-bamboo-tee#Storm,cara-tee-2#WhiteBlk,hard
Jess,long-sleeve-softly-swinging-bamboo-tee#Storm,fundamental-vee-tee#White,random
Georgia,softly-swinging-bamboo-tee#Jewel,voyager-stripe-crew#Stripe,hard
Georgia,softly-swinging-bamboo-tee#Jewel,makeover-blouse#LimeGreen,hard
Georgia,softly-swinging-bamboo-tee#Jewel,the-twist-front-top#Grey,random
Marnee,falling-for-you-top#Blue,natural-textured-poncho#Deeprain,hard
Marnee,falling-for-you-top#Blue,voyager-stripe-crew#Stripe,hard
Marnee,falling-for-you-top#Blue,out-of-my-mind-scallop-knit#GreyMarle,random
Laura,the-slouch-pocket-tee#Stripe,cara-tee-2#Blush,hard
Laura,the-slouch-pocket-tee#Stripe,cara-tee-2#WhiteBlk,hard
Laura,the-slouch-pocket-tee#Stripe,beach-walk-shirt#Khaki,random
Gemma,art-deco-print-top#NavyWhite,voyager-stripe-crew#Stripe,hard
Gemma,art-deco-print-top#NavyWhite,makeover-blouse#LimeGreen,hard
Gemma,art-deco-print-top#NavyWhite,silver-cross-sweater#Silver,random
Chelsea,falling-for-you-cardi#Port,voyager-stripe-crew#Stripe,hard
Chelsea,falling-for-you-cardi#Port,makeover-blouse#LimeGreen,hard
Chelsea,falling-for-you-cardi#Port,clovis-shirt#NavyGold,random
Fiona,falling-for-you-cardi#Dusty,natural-textured-poncho#Deeprain,hard
Fiona,falling-for-you-cardi#Dusty,wonderland-blouse#Ink,hard
Fiona,falling-for-you-cardi#Dusty,rib-tank-2#Khaki,random
Ljubenka,belle-v-neck-forgiver-tunic#Tobacco,the-uneven-hem-knit-1#Sage,hard
Ljubenka,belle-v-neck-forgiver-tunic#Tobacco,natural-textured-poncho#Deeprain,hard
Ljubenka,belle-v-neck-forgiver-tunic#Tobacco,out-of-my-mind-scallop-knit#GreyMarle,random
Shadae,sadie-crew#GreyMarle,voyager-stripe-crew#Stripe,hard
Shadae,sadie-crew#GreyMarle,makeover-blouse#LimeGreen,hard
Shadae,sadie-crew#GreyMarle,the-cosy-cardigan#Grey,random
Laura,crossing-the-plains-sweater-1#Indigo,cara-tee-2#Blush,hard
Laura,crossing-the-plains-sweater-1#Indigo,cara-tee-2#WhiteBlk,hard
Laura,crossing-the-plains-sweater-1#Indigo,sandy-off-the-shoulder-top#Gingham,random
Tia,softly-swinging-bamboo-tee#Chambray,the-panel-luxe-top#BlkWhite,hard
Tia,softly-swinging-bamboo-tee#Chambray,the-panel-luxe-top#SilvWhite,hard
Tia,softly-swinging-bamboo-tee#Chambray,spiced-stripe-tee#NavyWhite,random
Sophia,billow-top#Black,cara-tee-2#Blush,hard
Sophia,billow-top#Black,cara-tee-2#WhiteBlk,hard
Sophia,billow-top#Black,the-boat-neck-top-1#NavyWhite,random
Marnee,summer-haze-top#Teal,natural-textured-poncho#Deeprain,hard
Marnee,summer-haze-top#Teal,voyager-stripe-crew#Stripe,hard
Marnee,summer-haze-top#Teal,viola-kimono-radiant-floral#Grey,random
Marnee,the-bamboo-tunic-dress#Khaki,natural-textured-poncho#Deeprain,hard
Marnee,the-bamboo-tunic-dress#Khaki,voyager-stripe-crew#Stripe,hard
Marnee,the-bamboo-tunic-dress#Khaki,wildflower-shirt#White,random
Marnee,pocket-shirt-1#Ivory,natural-textured-poncho#Deeprain,hard
Marnee,pocket-shirt-1#Ivory,voyager-stripe-crew#Stripe,hard
Marnee,pocket-shirt-1#Ivory,the-layered-cross-over-top#Navy,random
Jess,linen-cotton-shirt#White,cara-tee-2#Blush,hard
Jess,linen-cotton-shirt#White,cara-tee-2#WhiteBlk,hard
Jess,linen-cotton-shirt#White,multi-sequin-dot-stripe-top#Navy,random
Riina,the-contrast-panel-top#SageStripe,voyager-stripe-crew#Stripe,hard
Riina,the-contrast-panel-top#SageStripe,makeover-blouse#LimeGreen,hard
Riina,the-contrast-panel-top#SageStripe,fundamental-sydney-crew#GreyMarle,random
Emma,the-pocket-tee#NavyStripe,voyager-stripe-crew#Stripe,hard
Emma,the-pocket-tee#NavyStripe,makeover-blouse#LimeGreen,hard
Emma,the-pocket-tee#NavyStripe,wildflower-shirt#White,random
Maddy,the-cross-over-blouse#Blue,natural-textured-poncho#Deeprain,hard
Maddy,the-cross-over-blouse#Blue,voyager-stripe-crew#Stripe,hard
Maddy,the-cross-over-blouse#Blue,this-mortal-coil-drape#StormClam,random
Summer,cherrington-top#GreyRose,voyager-stripe-crew#Stripe,hard
Summer,cherrington-top#GreyRose,natural-textured-poncho#Deeprain,hard
Summer,cherrington-top#GreyRose,boho-embroidered-top#BohoDenim,random
Clementine,sugar-snaps-layers-tank#NewBeige,voyager-stripe-crew#Stripe,hard
Clementine,sugar-snaps-layers-tank#NewBeige,makeover-blouse#LimeGreen,hard
Clementine,sugar-snaps-layers-tank#NewBeige,long-sleeve-tee-2#NavyWhite,random
Amanda,the-tie-front-tank#Navy,natural-textured-poncho#Deeprain,hard
Amanda,the-tie-front-tank#Navy,voyager-stripe-crew#Stripe,hard
Amanda,the-tie-front-tank#Navy,always-mine-v-neck-knit#Terracotta,random
Mae-Lee,falling-for-you-cardi#Black,side-buttoned-sweater#Buttoned,hard
Mae-Lee,falling-for-you-cardi#Black,voyager-stripe-crew#Stripe,hard
Mae-Lee,falling-for-you-cardi#Black,laurina-stripe-pullover#NightSky,random
Anna Maria,the-textured-spot-top#Pink,natural-textured-poncho#Deeprain,hard
Anna Maria,the-textured-spot-top#Pink,voyager-stripe-crew#Stripe,hard
Anna Maria,the-textured-spot-top#Pink,nova-lux-long-sleeve-tie-top-1#CloudDance,random
Clementine,still-the-one-ruffle-blouse#Spot,voyager-stripe-crew#Stripe,hard
Clementine,still-the-one-ruffle-blouse#Spot,makeover-blouse#LimeGreen,hard
Clementine,still-the-one-ruffle-blouse#Spot,niue-neck-tie-shirt#LightBlue,random
Katie,layered-stripe-top#PinkStripe,voyager-stripe-crew#Stripe,hard
Katie,layered-stripe-top#PinkStripe,makeover-blouse#LimeGreen,hard
Katie,layered-stripe-top#PinkStripe,the-long-sleeve-scoop-neck-tee#White,random
Lucy,the-batwing-tee#Stone,manhattan-stretch-tee#White,hard
Lucy,the-batwing-tee#Stone,manhattan-stretch-tee#Navy,hard
Lucy,the-batwing-tee#Stone,marlow-cardigan#Cream,random
Clementine,the-on-or-off-the-shoulder-top#Pink,voyager-stripe-crew#Stripe,hard
Clementine,the-on-or-off-the-shoulder-top#Pink,makeover-blouse#LimeGreen,hard
Clementine,the-on-or-off-the-shoulder-top#Pink,lilly-layer-stripe-tank#NavyWhite,random
Jude,contrast-stripe-sweater#Pockets,voyager-stripe-crew#Stripe,hard
Jude,contrast-stripe-sweater#Pockets,makeover-blouse#LimeGreen,hard
Jude,contrast-stripe-sweater#Pockets,in-transit-cardi#Navy,random
Nikki,rika-top#BatikTile,natural-textured-poncho#Deeprain,hard
Nikki,rika-top#BatikTile,voyager-stripe-crew#Stripe,hard
Nikki,rika-top#BatikTile,jordan-top#PearlBlue,random
Clementine,the-cross-over-blouse#Black,voyager-stripe-crew#Stripe,hard
Clementine,the-cross-over-blouse#Black,makeover-blouse#LimeGreen,hard
Clementine,the-cross-over-blouse#Black,layer-me-bamboo-rouched-sleeve-tee#Copper,random
Fiona,chill-out-slouch-top#Mustard,natural-textured-poncho#Deeprain,hard
Fiona,chill-out-slouch-top#Mustard,wonderland-blouse#Ink,hard
Fiona,chill-out-slouch-top#Mustard,kimberly-spliced-top#Black,random
Marnee,the-relaxed-long-sleeve-tee#White,natural-textured-poncho#Deeprain,hard
Marnee,the-relaxed-long-sleeve-tee#White,voyager-stripe-crew#Stripe,hard
Marnee,the-relaxed-long-sleeve-tee#White,tracie-top#Opal,random
Marnee,softly-swinging-bamboo-tee#BlueJeans,natural-textured-poncho#Deeprain,hard
Marnee,softly-swinging-bamboo-tee#BlueJeans,voyager-stripe-crew#Stripe,hard
Marnee,softly-swinging-bamboo-tee#BlueJeans,the-cross-over-blouse#Black,random
Shadae,fundamental-rib-long-sleeve-tee#Black,voyager-stripe-crew#Stripe,hard
Shadae,fundamental-rib-long-sleeve-tee#Black,makeover-blouse#LimeGreen,hard
Shadae,fundamental-rib-long-sleeve-tee#Black,the-asymmetrical-hem-sweater#Blush,random
Monique,the-crossover-2-way-blouse#Black,voyager-stripe-crew#Stripe,hard
Monique,the-crossover-2-way-blouse#Black,makeover-blouse#LimeGreen,hard
Monique,the-crossover-2-way-blouse#Black,picnic-top#BlackWhite,random
Fiona,foil-print-top-2#Navy,natural-textured-poncho#Deeprain,hard
Fiona,foil-print-top-2#Navy,wonderland-blouse#Ink,hard
Fiona,foil-print-top-2#Navy,shell-top-3#PapBlue,random
Emma,the-pocket-tee#GreyStripe,voyager-stripe-crew#Stripe,hard
Emma,the-pocket-tee#GreyStripe,makeover-blouse#LimeGreen,hard
Emma,the-pocket-tee#GreyStripe,saba-top-2#Catus,random
Mae-Lee,the-sleeveless-cross-over-blouse#Chambray,side-buttoned-sweater#Buttoned,hard
Mae-Lee,the-sleeveless-cross-over-blouse#Chambray,voyager-stripe-crew#Stripe,hard
Mae-Lee,the-sleeveless-cross-over-blouse#Chambray,longline-gather-back-shirt#Black,random
Anna,the-everyday-shirt#Rose,voyager-stripe-crew#Stripe,hard
Anna,the-everyday-shirt#Rose,makeover-blouse#LimeGreen,hard
Anna,the-everyday-shirt#Rose,the-cross-over-top#NavyStripe,random
Miranda,the-printed-side-ring-detail-blouse#Block,voyager-stripe-crew#Stripe,hard
Miranda,the-printed-side-ring-detail-blouse#Block,makeover-blouse#LimeGreen,hard
Miranda,the-printed-side-ring-detail-blouse#Block,capri-tank-3#White,random
Marnee,softly-swinging-bamboo-tee#Navy,natural-textured-poncho#Deeprain,hard
Marnee,softly-swinging-bamboo-tee#Navy,voyager-stripe-crew#Stripe,hard
Marnee,softly-swinging-bamboo-tee#Navy,holly-rib-long-sleeve-tee#Khaki,random
Anna,belle-half-sleeve-forgiver-tunic#BlueBonnet,voyager-stripe-crew#Stripe,hard
Anna,belle-half-sleeve-forgiver-tunic#BlueBonnet,makeover-blouse#LimeGreen,hard
Anna,belle-half-sleeve-forgiver-tunic#BlueBonnet,ditzy-floral-ruffle-blouse#DitzyFlora,random
Riina,the-box-top#Blush,voyager-stripe-crew#Stripe,hard
Riina,the-box-top#Blush,makeover-blouse#LimeGreen,hard
Riina,the-box-top#Blush,layer-top-1#Navy,random
Chesska,soho-ruffle-jumper#OatmealMar,voyager-stripe-crew#Stripe,hard
Chesska,soho-ruffle-jumper#OatmealMar,makeover-blouse#LimeGreen,hard
Chesska,soho-ruffle-jumper#OatmealMar,fundamental-sydney-crew#GreyMarle,random
Maddy,the-long-sleeve-scoop-neck-tee#Black,natural-textured-poncho#Deeprain,hard
Maddy,the-long-sleeve-scoop-neck-tee#Black,voyager-stripe-crew#Stripe,hard
Maddy,the-long-sleeve-scoop-neck-tee#Black,sadie-crew#GreyMarle,random
Chelsea,pure-merino-fine-rib-v-neck#Charcoal,voyager-stripe-crew#Stripe,hard
Chelsea,pure-merino-fine-rib-v-neck#Charcoal,makeover-blouse#LimeGreen,hard
Chelsea,pure-merino-fine-rib-v-neck#Charcoal,billow-top#Peach,random
Laura,the-sleeveless-cross-over-blouse#Chambray,cara-tee-2#Blush,hard
Laura,the-sleeveless-cross-over-blouse#Chambray,cara-tee-2#WhiteBlk,hard
Laura,the-sleeveless-cross-over-blouse#Chambray,ava-short-sleeve-linen-tee#Blush,random
Anna Maria,the-twist-front-top#Grey,natural-textured-poncho#Deeprain,hard
Anna Maria,the-twist-front-top#Grey,voyager-stripe-crew#Stripe,hard
Anna Maria,the-twist-front-top#Grey,melbourne-stretch-cardigan#Black,random
Marnee,on-the-open-road-maxi-shirt#DarkOchre,natural-textured-poncho#Deeprain,hard
Marnee,on-the-open-road-maxi-shirt#DarkOchre,voyager-stripe-crew#Stripe,hard
Marnee,on-the-open-road-maxi-shirt#DarkOchre,sequin-spot-cardi#Grey,random
Mae-Lee,baobab-sweater#Bark,side-buttoned-sweater#Buttoned,hard
Mae-Lee,baobab-sweater#Bark,voyager-stripe-crew#Stripe,hard
Mae-Lee,baobab-sweater#Bark,aida-long-tunic-shirt#AidaStripe,random
Maddy,the-batwing-tee#Black,natural-textured-poncho#Deeprain,hard
Maddy,the-batwing-tee#Black,voyager-stripe-crew#Stripe,hard
Maddy,the-batwing-tee#Black,natural-extra-fine-sweater#Snowgum,random
Amanda,the-twist-hem-jumper#DenimMarle,natural-textured-poncho#Deeprain,hard
Amanda,the-twist-hem-jumper#DenimMarle,voyager-stripe-crew#Stripe,hard
Amanda,the-twist-hem-jumper#DenimMarle,cotton-modal-print-top#PinkNavy,random
Amanda,the-dobby-sleeve-tee#White,natural-textured-poncho#Deeprain,hard
Amanda,the-dobby-sleeve-tee#White,voyager-stripe-crew#Stripe,hard
Amanda,the-dobby-sleeve-tee#White,this-mortal-coil-drape#StormClam,random
Lauren,belle-mesh-cardi#Black,side-buttoned-sweater#Buttoned,hard
Lauren,belle-mesh-cardi#Black,voyager-stripe-crew#Stripe,hard
Lauren,belle-mesh-cardi#Black,nova-lux-solid-v-neck-placket-shirt#CloudDance,random
Amanda,the-panel-hem-top#Khaki,natural-textured-poncho#Deeprain,hard
Amanda,the-panel-hem-top#Khaki,voyager-stripe-crew#Stripe,hard
Amanda,the-panel-hem-top#Khaki,mauevewood-crew#YellowWhit,random
Maddy,the-relaxed-long-sleeve-tee#White,natural-textured-poncho#Deeprain,hard
Maddy,the-relaxed-long-sleeve-tee#White,voyager-stripe-crew#Stripe,hard
Maddy,the-relaxed-long-sleeve-tee#White,off-shoulder-top-1#Strawberry,random
Laura,the-short-sleeve-wrap-jersey-top#Blue,cara-tee-2#Blush,hard
Laura,the-short-sleeve-wrap-jersey-top#Blue,cara-tee-2#WhiteBlk,hard
Laura,the-short-sleeve-wrap-jersey-top#Blue,print-tee-3#Bike,random
Nadine,heartmade-sweater#Rust,makeover-blouse#LimeGreen,hard
Nadine,heartmade-sweater#Rust,pure-merino-fine-rib-v-neck#Charcoal,hard
Nadine,heartmade-sweater#Rust,summer-breeze-top-1#White,random
Sophie,natural-crossover-knit-1#Stormcloud,side-buttoned-sweater#Buttoned,hard
Sophie,natural-crossover-knit-1#Stormcloud,the-tie-front-top#Navy,hard
Sophie,natural-crossover-knit-1#Stormcloud,the-frill-wrap-blouse#Spot,random
Marnee,skipping-stones-tunic#Forest,natural-textured-poncho#Deeprain,hard
Marnee,skipping-stones-tunic#Forest,voyager-stripe-crew#Stripe,hard
Marnee,skipping-stones-tunic#Forest,longline-cardigan-2#Pink,random
Anna,bella-ls-tee#GreenWhite,voyager-stripe-crew#Stripe,hard
Anna,bella-ls-tee#GreenWhite,makeover-blouse#LimeGreen,hard
Anna,bella-ls-tee#GreenWhite,bertie-top#BlkCherry,random
Marnee,the-cotton-bamboo-tank#DuckEgg,natural-textured-poncho#Deeprain,hard
Marnee,the-cotton-bamboo-tank#DuckEgg,voyager-stripe-crew#Stripe,hard
Marnee,the-cotton-bamboo-tank#DuckEgg,sky-jumper-1#Clouds,random
Jess,the-batwing-tee#Sea,cara-tee-2#Blush,hard
Jess,the-batwing-tee#Sea,cara-tee-2#WhiteBlk,hard
Jess,the-batwing-tee#Sea,melbourne-stretch-cardigan#Black,random
Emma,jade-kimono-sweet-blossoms#Blue,voyager-stripe-crew#Stripe,hard
Emma,jade-kimono-sweet-blossoms#Blue,makeover-blouse#LimeGreen,hard
Emma,jade-kimono-sweet-blossoms#Blue,moonlight-kisses-bamboo-tee#Saffron,random
Laura,maui-stretch-tee#NavyWhtStr,cara-tee-2#Blush,hard
Laura,maui-stretch-tee#NavyWhtStr,cara-tee-2#WhiteBlk,hard
Laura,maui-stretch-tee#NavyWhtStr,belle-half-sleeve-boat-tee#Black,random
Anna,the-sleeveless-cross-over-blouse#Chambray,voyager-stripe-crew#Stripe,hard
Anna,the-sleeveless-cross-over-blouse#Chambray,makeover-blouse#LimeGreen,hard
Anna,the-sleeveless-cross-over-blouse#Chambray,buttoned-top#Spotty,random
Lisa,partly-cloudy-knit#PawPaw,voyager-stripe-crew#Stripe,hard
Lisa,partly-cloudy-knit#PawPaw,makeover-blouse#LimeGreen,hard
Lisa,partly-cloudy-knit#PawPaw,the-bonded-cotton-shirt#Pink,random
Anna,the-short-sleeve-wrap-jersey-top#Black,voyager-stripe-crew#Stripe,hard
Anna,the-short-sleeve-wrap-jersey-top#Black,makeover-blouse#LimeGreen,hard
Anna,the-short-sleeve-wrap-jersey-top#Black,daylight-jumper#Silver,random
Summer,nature-ls-top#BlueGum,voyager-stripe-crew#Stripe,hard
Summer,nature-ls-top#BlueGum,natural-textured-poncho#Deeprain,hard
Summer,nature-ls-top#BlueGum,geneva-v-neck-top#ClaySpot,random
Mae-Lee,relaxed-top-1#FloraStrip,side-buttoned-sweater#Buttoned,hard
Mae-Lee,relaxed-top-1#FloraStrip,voyager-stripe-crew#Stripe,hard
Mae-Lee,relaxed-top-1#FloraStrip,rib-tank-2#Khaki,random
Jess,marjorie-tie-blouse#BluePrint,cara-tee-2#Blush,hard
Jess,marjorie-tie-blouse#BluePrint,cara-tee-2#WhiteBlk,hard
Jess,marjorie-tie-blouse#BluePrint,floral-blouse-2#NavyMulti,random
Alex,the-sleeveless-cross-over-blouse#Mint,voyager-stripe-crew#Stripe,hard
Alex,the-sleeveless-cross-over-blouse#Mint,makeover-blouse#LimeGreen,hard
Alex,the-sleeveless-cross-over-blouse#Mint,the-cross-over-top#GreyStripe,random
Clementine,sugar-snaps-layers-tank#DuckEgg,voyager-stripe-crew#Stripe,hard
Clementine,sugar-snaps-layers-tank#DuckEgg,makeover-blouse#LimeGreen,hard
Clementine,sugar-snaps-layers-tank#DuckEgg,mauevewood-crew#YellowWhit,random
Sophia,the-box-top#Khaki,cara-tee-2#Blush,hard
Sophia,the-box-top#Khaki,cara-tee-2#WhiteBlk,hard
Sophia,the-box-top#Khaki,the-cut-out-shoulder-blouse#Silver,random
Gemma,sand-queen-throw-blouse#Fleur,voyager-stripe-crew#Stripe,hard
Gemma,sand-queen-throw-blouse#Fleur,makeover-blouse#LimeGreen,hard
Gemma,sand-queen-throw-blouse#Fleur,flying-free-top-3#WhiteBird,random
Lauren,drama-top#BlackGrey,side-buttoned-sweater#Buttoned,hard
Lauren,drama-top#BlackGrey,voyager-stripe-crew#Stripe,hard
Lauren,drama-top#BlackGrey,the-contrast-trim-knit#BlackWhite,random
Clementine,natural-extra-fine-sweater#Snowgum,voyager-stripe-crew#Stripe,hard
Clementine,natural-extra-fine-sweater#Snowgum,makeover-blouse#LimeGreen,hard
Clementine,natural-extra-fine-sweater#Snowgum,not-today-buttoned-cardigan#Almond,random
Riina,the-shoulder-tie-top#White,voyager-stripe-crew#Stripe,hard
Riina,the-shoulder-tie-top#White,makeover-blouse#LimeGreen,hard
Riina,the-shoulder-tie-top#White,the-wrap-jersey-top#Charcoal,random
Laura,frill-me-tie-throw-on#WhiteBlk,cara-tee-2#Blush,hard
Laura,frill-me-tie-throw-on#WhiteBlk,cara-tee-2#WhiteBlk,hard
Laura,frill-me-tie-throw-on#WhiteBlk,tracie-top#Opal,random
Tia,sugar-snaps-layers-tank#Black,the-panel-luxe-top#BlkWhite,hard
Tia,sugar-snaps-layers-tank#Black,the-panel-luxe-top#SilvWhite,hard
Tia,sugar-snaps-layers-tank#Black,the-contrast-detail-top#Ivory,random
Laura,the-wrap-jersey-top#Charcoal,cara-tee-2#Blush,hard
Laura,the-wrap-jersey-top#Charcoal,cara-tee-2#WhiteBlk,hard
Laura,the-wrap-jersey-top#Charcoal,print-tee-3#Cntryhous,random
Gemma,foil-2-in-1-spot-top#Charcoal,voyager-stripe-crew#Stripe,hard
Gemma,foil-2-in-1-spot-top#Charcoal,makeover-blouse#LimeGreen,hard
Gemma,foil-2-in-1-spot-top#Charcoal,geneva-v-neck-top#HeatheGrey,random
Summer,fundamental-vee-tee#Navy,voyager-stripe-crew#Stripe,hard
Summer,fundamental-vee-tee#Navy,natural-textured-poncho#Deeprain,hard
Summer,fundamental-vee-tee#Navy,partly-cloudy-knit#Black,random
Monique,reversible-scoopv-neck-tank#Navy,voyager-stripe-crew#Stripe,hard
Monique,reversible-scoopv-neck-tank#Navy,makeover-blouse#LimeGreen,hard
Monique,reversible-scoopv-neck-tank#Navy,the-cotton-cardi#Navy,random
Chelsea,falling-for-you-cardi#Black,voyager-stripe-crew#Stripe,hard
Chelsea,falling-for-you-cardi#Black,makeover-blouse#LimeGreen,hard
Chelsea,falling-for-you-cardi#Black,roll-neck-jumper-3#GreyMarl,random
Jess,sugar-snaps-layers-tank#Mint,cara-tee-2#Blush,hard
Jess,sugar-snaps-layers-tank#Mint,cara-tee-2#WhiteBlk,hard
Jess,sugar-snaps-layers-tank#Mint,delicado-top#White,random
Jess,softly-swinging-bamboo-tee#Navy,cara-tee-2#Blush,hard
Jess,softly-swinging-bamboo-tee#Navy,cara-tee-2#WhiteBlk,hard
Jess,softly-swinging-bamboo-tee#Navy,luxe-shirt#Black,random
Chelsea,the-reversible-cowl-neck-top-1#Black,voyager-stripe-crew#Stripe,hard
Chelsea,the-reversible-cowl-neck-top-1#Black,makeover-blouse#LimeGreen,hard
Chelsea,the-reversible-cowl-neck-top-1#Black,fundamental-rib-long-sleeve-tee#Black,random
Mercy,aztec-cardigan#BlackIvory,voyager-stripe-crew#Stripe,hard
Mercy,aztec-cardigan#BlackIvory,makeover-blouse#LimeGreen,hard
Mercy,aztec-cardigan#BlackIvory,the-cotton-bamboo-tank#Chambray,random
Katie,long-sleeve-ruffle-shirt#Black,voyager-stripe-crew#Stripe,hard
Katie,long-sleeve-ruffle-shirt#Black,makeover-blouse#LimeGreen,hard
Katie,long-sleeve-ruffle-shirt#Black,the-button-up-swing-tunic#Wine,random
Gemma,napoleon-top-1#NemoRed,voyager-stripe-crew#Stripe,hard
Gemma,napoleon-top-1#NemoRed,makeover-blouse#LimeGreen,hard
Gemma,napoleon-top-1#NemoRed,runaway-top#SoftMint,random
Laura,high-street-knit#NavyStripe,cara-tee-2#Blush,hard
Laura,high-street-knit#NavyStripe,cara-tee-2#WhiteBlk,hard
Laura,high-street-knit#NavyStripe,the-cotton-blend-stripe-jumper#BlueStripe,random
Riina,the-dobby-sleeve-tee#White,voyager-stripe-crew#Stripe,hard
Riina,the-dobby-sleeve-tee#White,makeover-blouse#LimeGreen,hard
Riina,the-dobby-sleeve-tee#White,belle-tie-neck-blouse-tee#White,random
Fiona,the-shoulder-tie-top#Black,natural-textured-poncho#Deeprain,hard
Fiona,the-shoulder-tie-top#Black,wonderland-blouse#Ink,hard
Fiona,the-shoulder-tie-top#Black,multi-sequin-dot-stripe-top#Navy,random
Fiona,sugar-snaps-round-neck-layer-tank#DuckEgg,natural-textured-poncho#Deeprain,hard
Fiona,sugar-snaps-round-neck-layer-tank#DuckEgg,wonderland-blouse#Ink,hard
Fiona,sugar-snaps-round-neck-layer-tank#DuckEgg,belle-poncho-sleeved-knit#BlueMarle,random
Fiona,sugar-snaps-round-neck-layer-tank#Black,natural-textured-poncho#Deeprain,hard
Fiona,sugar-snaps-round-neck-layer-tank#Black,wonderland-blouse#Ink,hard
Fiona,sugar-snaps-round-neck-layer-tank#Black,rib-tank-2#Mustard,random
Natalie,the-long-sleeve-v-neck-tee#White,natural-textured-poncho#Deeprain,hard
Natalie,the-long-sleeve-v-neck-tee#White,voyager-stripe-crew#Stripe,hard
Natalie,the-long-sleeve-v-neck-tee#White,mauevewood-crew#YellowWhit,random
Tia,vivian-blouse#Check,the-panel-luxe-top#BlkWhite,hard
Tia,vivian-blouse#Check,the-panel-luxe-top#SilvWhite,hard
Tia,vivian-blouse#Check,belle-half-sleeve-boat-tee#Black,random
Mae-Lee,the-short-sleeve-wrap-jersey-top#Blue,side-buttoned-sweater#Buttoned,hard
Mae-Lee,the-short-sleeve-wrap-jersey-top#Blue,voyager-stripe-crew#Stripe,hard
Mae-Lee,the-short-sleeve-wrap-jersey-top#Blue,the-colour-block-pullover#Sage,random
Palatina,sky-shirt#Clouds,cara-tee-2#Blush,hard
Palatina,sky-shirt#Clouds,cara-tee-2#WhiteBlk,hard
Palatina,sky-shirt#Clouds,long-sleeve-softly-swinging-bamboo-tee#Cashew,random
Marnee,softly-falling-bamboo-tunic#Copper,natural-textured-poncho#Deeprain,hard
Marnee,softly-falling-bamboo-tunic#Copper,voyager-stripe-crew#Stripe,hard
Marnee,softly-falling-bamboo-tunic#Copper,contrast-pocket-tunic#Pinkpocket,random
Jude,pattern-tunic-1#Lattice,voyager-stripe-crew#Stripe,hard
Jude,pattern-tunic-1#Lattice,makeover-blouse#LimeGreen,hard
Jude,pattern-tunic-1#Lattice,forget-me-knot-tunic#ForgetMeK,random
Laura,softly-swinging-bamboo-singlet#Cashew,cara-tee-2#Blush,hard
Laura,softly-swinging-bamboo-singlet#Cashew,cara-tee-2#WhiteBlk,hard
Laura,softly-swinging-bamboo-singlet#Cashew,the-cotton-tie-detail-top#Ivory,random
Riina,the-colour-block-pullover#Sage,voyager-stripe-crew#Stripe,hard
Riina,the-colour-block-pullover#Sage,makeover-blouse#LimeGreen,hard
Riina,the-colour-block-pullover#Sage,cross-over-top-with-pocket#Emerald,random
Sophia,the-boat-neck-top#Black,cara-tee-2#Blush,hard
Sophia,the-boat-neck-top#Black,cara-tee-2#WhiteBlk,hard
Sophia,the-boat-neck-top#Black,maui-stretch-tee#Navy,random
Ljubenka,softly-swinging-bamboo-tee#Storm,the-uneven-hem-knit-1#Sage,hard
Ljubenka,softly-swinging-bamboo-tee#Storm,natural-textured-poncho#Deeprain,hard
Ljubenka,softly-swinging-bamboo-tee#Storm,natural-waterfall-cardigan#Fallendust,random
Gemma,animal-button-up-shirt#KhakiPrint,voyager-stripe-crew#Stripe,hard
Gemma,animal-button-up-shirt#KhakiPrint,makeover-blouse#LimeGreen,hard
Gemma,animal-button-up-shirt#KhakiPrint,the-shoulder-tie-top#White,random
Summer,the-excess-shirt#Pearl,voyager-stripe-crew#Stripe,hard
Summer,the-excess-shirt#Pearl,natural-textured-poncho#Deeprain,hard
Summer,the-excess-shirt#Pearl,millie-top#Moss,random
Gemma,driftwood-gathering-blouse#Khaki,voyager-stripe-crew#Stripe,hard
Gemma,driftwood-gathering-blouse#Khaki,makeover-blouse#LimeGreen,hard
Gemma,driftwood-gathering-blouse#Khaki,belle-v-neck-forgiver-tunic#Tobacco,random
Clementine,the-frill-detail-blouse#Chambray,voyager-stripe-crew#Stripe,hard
Clementine,the-frill-detail-blouse#Chambray,makeover-blouse#LimeGreen,hard
Clementine,the-frill-detail-blouse#Chambray,the-cross-over-poncho#Navy,random
Laura,the-double-layer-top#White,cara-tee-2#Blush,hard
Laura,the-double-layer-top#White,cara-tee-2#WhiteBlk,hard
Laura,the-double-layer-top#White,the-blouson-sleeve-jumper#Navy,random
Riina,rory-spliced-zip-hoodie#Silver,voyager-stripe-crew#Stripe,hard
Riina,rory-spliced-zip-hoodie#Silver,makeover-blouse#LimeGreen,hard
Riina,rory-spliced-zip-hoodie#Silver,bird-print-jumper#Navy,random
Summer,circles-knit#Plum,voyager-stripe-crew#Stripe,hard
Summer,circles-knit#Plum,natural-textured-poncho#Deeprain,hard
Summer,circles-knit#Plum,jade-kimono-sweet-blossoms#Blue,random
Jess,the-cut-out-shoulder-blouse#Clay,cara-tee-2#Blush,hard
Jess,the-cut-out-shoulder-blouse#Clay,cara-tee-2#WhiteBlk,hard
Jess,the-cut-out-shoulder-blouse#Clay,fundamental-vee-tee#Pink,random
Olivia,the-sleeveless-cross-over-blouse#Salmon,natural-textured-poncho#Deeprain,hard
Olivia,the-sleeveless-cross-over-blouse#Salmon,voyager-stripe-crew#Stripe,hard
Olivia,the-sleeveless-cross-over-blouse#Salmon,ella-funnel-neck-top#Khaki,random
Amanda,the-shoulder-tie-top#Navy,natural-textured-poncho#Deeprain,hard
Amanda,the-shoulder-tie-top#Navy,voyager-stripe-crew#Stripe,hard
Amanda,the-shoulder-tie-top#Navy,millie-top#Blush,random
Lauren,sugar-snaps-throw-jacket#White,side-buttoned-sweater#Buttoned,hard
Lauren,sugar-snaps-throw-jacket#White,voyager-stripe-crew#Stripe,hard
Lauren,sugar-snaps-throw-jacket#White,belle-tier-tee#Blue,random
Mae-Lee,softly-swinging-bamboo-tee#Chambray,side-buttoned-sweater#Buttoned,hard
Mae-Lee,softly-swinging-bamboo-tee#Chambray,voyager-stripe-crew#Stripe,hard
Mae-Lee,softly-swinging-bamboo-tee#Chambray,nova-lux-long-sleeve-tie-top#AidaStripe,random
Lauren,sugar-snaps-throw-jacket#Black,side-buttoned-sweater#Buttoned,hard
Lauren,sugar-snaps-throw-jacket#Black,voyager-stripe-crew#Stripe,hard
Lauren,sugar-snaps-throw-jacket#Black,rib-tank-2#Khaki,random
Natalie,the-everyday-shirt#Rose,natural-textured-poncho#Deeprain,hard
Natalie,the-everyday-shirt#Rose,voyager-stripe-crew#Stripe,hard
Natalie,the-everyday-shirt#Rose,long-sleeve-ruffle-shirt#White,random
Sophie,paint-stroke-top#Strokes,side-buttoned-sweater#Buttoned,hard
Sophie,paint-stroke-top#Strokes,the-tie-front-top#Navy,hard
Sophie,paint-stroke-top#Strokes,coil-print-hi-lo-shirt#White,random
Riina,the-tie-front-tank#Navy,voyager-stripe-crew#Stripe,hard
Riina,the-tie-front-tank#Navy,makeover-blouse#LimeGreen,hard
Riina,the-tie-front-tank#Navy,sadie-crew#GreyMarle,random
Jess,summer-whispers-kimono-1#Peacock,cara-tee-2#Blush,hard
Jess,summer-whispers-kimono-1#Peacock,cara-tee-2#WhiteBlk,hard
Jess,summer-whispers-kimono-1#Peacock,the-panel-hem-top#DenimMarle,random
Sophia,cotton-candy-side-split-top#IceBlue,cara-tee-2#Blush,hard
Sophia,cotton-candy-side-split-top#IceBlue,cara-tee-2#WhiteBlk,hard
Sophia,cotton-candy-side-split-top#IceBlue,arizona-off-the-shoulder-top#Khaki,random
Ljubenka,the-cotton-bamboo-tank#DuckEgg,the-uneven-hem-knit-1#Sage,hard
Ljubenka,the-cotton-bamboo-tank#DuckEgg,natural-textured-poncho#Deeprain,hard
Ljubenka,the-cotton-bamboo-tank#DuckEgg,stripe-sweater-2#Blue,random
Emma,sequin-spot-cardi#Grey,voyager-stripe-crew#Stripe,hard
Emma,sequin-spot-cardi#Grey,makeover-blouse#LimeGreen,hard
Emma,sequin-spot-cardi#Grey,the-textured-spot-top#Pink,random
Riina,the-box-top#Khaki,voyager-stripe-crew#Stripe,hard
Riina,the-box-top#Khaki,makeover-blouse#LimeGreen,hard
Riina,the-box-top#Khaki,clio-knit-jumper#Black,random
Sophia,layer-me-cotton-candy-top#Cream,cara-tee-2#Blush,hard
Sophia,layer-me-cotton-candy-top#Cream,cara-tee-2#WhiteBlk,hard
Sophia,layer-me-cotton-candy-top#Cream,lucy-rib-oversized-top#Black,random
Marnee,falling-flowers-cardi#GreyMarle,natural-textured-poncho#Deeprain,hard
Marnee,falling-flowers-cardi#GreyMarle,voyager-stripe-crew#Stripe,hard
Marnee,falling-flowers-cardi#GreyMarle,aigli-top#Navy,random
Laura,belle-half-sleeve-forgiver-tunic#White,cara-tee-2#Blush,hard
Laura,belle-half-sleeve-forgiver-tunic#White,cara-tee-2#WhiteBlk,hard
Laura,belle-half-sleeve-forgiver-tunic#White,mila-knit-cardigan#Black,random
Jess,layer-top-1#Navy,cara-tee-2#Blush,hard
Jess,layer-top-1#Navy,cara-tee-2#WhiteBlk,hard
Jess,layer-top-1#Navy,the-contrast-detail-top#Ivory,random
Chelsea,cara-tee-2#Blush,voyager-stripe-crew#Stripe,hard
Chelsea,cara-tee-2#Blush,makeover-blouse#LimeGreen,hard
Chelsea,cara-tee-2#Blush,the-bonded-cotton-shirt#Pink,random
Emma,aztec-cardigan#BlackIvory,voyager-stripe-crew#Stripe,hard
Emma,aztec-cardigan#BlackIvory,makeover-blouse#LimeGreen,hard
Emma,aztec-cardigan#BlackIvory,open-plains-kimono-throw-1#Rust,random
Fiona,hem-frill-stripe-top#SoFrilled,natural-textured-poncho#Deeprain,hard
Fiona,hem-frill-stripe-top#SoFrilled,wonderland-blouse#Ink,hard
Fiona,hem-frill-stripe-top#SoFrilled,cara-tee-2#WhiteBlk,random
Laura,the-v-split-blouse#Salmon,cara-tee-2#Blush,hard
Laura,the-v-split-blouse#Salmon,cara-tee-2#WhiteBlk,hard
Laura,the-v-split-blouse#Salmon,spliced-lace-panel-tee#White,random
Riina,the-multi-stripe-cardi#Stripe,voyager-stripe-crew#Stripe,hard
Riina,the-multi-stripe-cardi#Stripe,makeover-blouse#LimeGreen,hard
Riina,the-multi-stripe-cardi#Stripe,weekend-tunic#Navy,random
Kate,the-sleeveless-cross-over-blouse#Chambray,natural-textured-poncho#Deeprain,hard
Kate,the-sleeveless-cross-over-blouse#Chambray,animal-button-up-shirt#KhakiPrint,hard
Kate,the-sleeveless-cross-over-blouse#Chambray,ponte-spot-top#BlackWhite,random
Olivia,crossing-the-plains-sweater-1#Indigo,natural-textured-poncho#Deeprain,hard
Olivia,crossing-the-plains-sweater-1#Indigo,voyager-stripe-crew#Stripe,hard
Olivia,crossing-the-plains-sweater-1#Indigo,34-sleeve-shirt-1#SkyWhite,random
Madeline,aigli-top#Navy,voyager-stripe-crew#Stripe,hard
Madeline,aigli-top#Navy,makeover-blouse#LimeGreen,hard
Madeline,aigli-top#Navy,adventurous-hoody#Pink,random
Laura,maui-stretch-tee#Black,cara-tee-2#Blush,hard
Laura,maui-stretch-tee#Black,cara-tee-2#WhiteBlk,hard
Laura,maui-stretch-tee#Black,the-printed-v-split-top#Natural,random
Mae-Lee,the-long-sleeve-scoop-neck-tee#White,side-buttoned-sweater#Buttoned,hard
Mae-Lee,the-long-sleeve-scoop-neck-tee#White,voyager-stripe-crew#Stripe,hard
Mae-Lee,the-long-sleeve-scoop-neck-tee#White,capri-tank-6#HeatheGrey,random
Mae-Lee,the-relaxed-long-sleeve-tee#Navy,side-buttoned-sweater#Buttoned,hard
Mae-Lee,the-relaxed-long-sleeve-tee#Navy,voyager-stripe-crew#Stripe,hard
Mae-Lee,the-relaxed-long-sleeve-tee#Navy,analia-jersey-top#Navy,random
Riina,the-layered-cross-over-top#Black,voyager-stripe-crew#Stripe,hard
Riina,the-layered-cross-over-top#Black,makeover-blouse#LimeGreen,hard
Riina,the-layered-cross-over-top#Black,geena-xo-ls-pullover-knit#Allure,random
Chesska,arya-frilled-blouse#Oyster,voyager-stripe-crew#Stripe,hard
Chesska,arya-frilled-blouse#Oyster,makeover-blouse#LimeGreen,hard
Chesska,arya-frilled-blouse#Oyster,bamboo-layer-tank#Black,random
Laura,the-ultimate-tie-cardi#Port,cara-tee-2#Blush,hard
Laura,the-ultimate-tie-cardi#Port,cara-tee-2#WhiteBlk,hard
Laura,the-ultimate-tie-cardi#Port,belle-cowl-swing-sweater#Black,random
Maddy,34-sleeve-shirt-1#SkyWhite,natural-textured-poncho#Deeprain,hard
Maddy,34-sleeve-shirt-1#SkyWhite,voyager-stripe-crew#Stripe,hard
Maddy,34-sleeve-shirt-1#SkyWhite,the-zip-front-blouse#Navy,random
Summer,paint-stroke-top#Strokes,voyager-stripe-crew#Stripe,hard
Summer,paint-stroke-top#Strokes,natural-textured-poncho#Deeprain,hard
Summer,paint-stroke-top#Strokes,the-tie-front-tank#Navy,random
Maddy,the-cotton-bamboo-tee#BlueJeans,natural-textured-poncho#Deeprain,hard
Maddy,the-cotton-bamboo-tee#BlueJeans,voyager-stripe-crew#Stripe,hard
Maddy,the-cotton-bamboo-tee#BlueJeans,foil-striped-2-in-1-top#Blue,random
Fiona,the-printed-side-ring-detail-blouse#Block,natural-textured-poncho#Deeprain,hard
Fiona,the-printed-side-ring-detail-blouse#Block,wonderland-blouse#Ink,hard
Fiona,the-printed-side-ring-detail-blouse#Block,capri-tank-3#White,random
Nathalie,the-wrap-jersey-top#NavyWhite,voyager-stripe-crew#Stripe,hard
Nathalie,the-wrap-jersey-top#NavyWhite,makeover-blouse#LimeGreen,hard
Nathalie,the-wrap-jersey-top#NavyWhite,diva-ruffle-jumper#Gold%20Spot,random
Laura,messina-v-neck-tee#Black,cara-tee-2#Blush,hard
Laura,messina-v-neck-tee#Black,cara-tee-2#WhiteBlk,hard
Laura,messina-v-neck-tee#Black,the-box-top#Khaki,random
Ljubenka,yvette-blouse#Black,the-uneven-hem-knit-1#Sage,hard
Ljubenka,yvette-blouse#Black,natural-textured-poncho#Deeprain,hard
Ljubenka,yvette-blouse#Black,the-cosy-cardigan#Grey,random
Jess,long-sleeve-softly-swinging-bamboo-tee#White,cara-tee-2#Blush,hard
Jess,long-sleeve-softly-swinging-bamboo-tee#White,cara-tee-2#WhiteBlk,hard
Jess,long-sleeve-softly-swinging-bamboo-tee#White,the-french-cuff-shirt#White,random
Riina,the-zip-front-top#Blue,voyager-stripe-crew#Stripe,hard
Riina,the-zip-front-top#Blue,makeover-blouse#LimeGreen,hard
Riina,the-zip-front-top#Blue,falling-for-you-cardi#GreyMarle,random
Gemma,ivy-cosy-pullover#Blossom,voyager-stripe-crew#Stripe,hard
Gemma,ivy-cosy-pullover#Blossom,makeover-blouse#LimeGreen,hard
Gemma,ivy-cosy-pullover#Blossom,daylight-jumper#Silver,random
Ljubenka,softly-swinging-bamboo-tee#Chambray,the-uneven-hem-knit-1#Sage,hard
Ljubenka,softly-swinging-bamboo-tee#Chambray,natural-textured-poncho#Deeprain,hard
Ljubenka,softly-swinging-bamboo-tee#Chambray,batty-about-you-cotton-tee#BlkWhite,random
Riina,the-wrap-jersey-top-1#NavyStripe,voyager-stripe-crew#Stripe,hard
Riina,the-wrap-jersey-top-1#NavyStripe,makeover-blouse#LimeGreen,hard
Riina,the-wrap-jersey-top-1#NavyStripe,the-roll-neck-sleeveless-top-1#Black,random
Emma,long-sleeve-softly-swinging-bamboo-tee#Navy,voyager-stripe-crew#Stripe,hard
Emma,long-sleeve-softly-swinging-bamboo-tee#Navy,makeover-blouse#LimeGreen,hard
Emma,long-sleeve-softly-swinging-bamboo-tee#Navy,grace-oversized-knit#InkWhite,random
Stacey,the-stripe-jersey-top#Pink,makeover-blouse#LimeGreen,hard
Stacey,the-stripe-jersey-top#Pink,cara-tee-2#Blush,hard
Stacey,the-stripe-jersey-top#Pink,the-cross-over-poncho#Grey,random
Laura,sugar-snaps-layers-tank#Red,cara-tee-2#Blush,hard
Laura,sugar-snaps-layers-tank#Red,cara-tee-2#WhiteBlk,hard
Laura,sugar-snaps-layers-tank#Red,cover-up-slouch-cardi#Alloy,random
Jess,layered-tunic-1#Natural,cara-tee-2#Blush,hard
Jess,layered-tunic-1#Natural,cara-tee-2#WhiteBlk,hard
Jess,layered-tunic-1#Natural,the-slouch-pocket-tee#Stripe,random
Mae-Lee,shirt-in-a-box#Silver,side-buttoned-sweater#Buttoned,hard
Mae-Lee,shirt-in-a-box#Silver,voyager-stripe-crew#Stripe,hard
Mae-Lee,shirt-in-a-box#Silver,colourblock-cardi#NavyRed,random
Laura,long-sleeve-layer-top#Navy,cara-tee-2#Blush,hard
Laura,long-sleeve-layer-top#Navy,cara-tee-2#WhiteBlk,hard
Laura,long-sleeve-layer-top#Navy,belle-mid-length-knit-cardi#Black,random
Katie,marquax-tunic#OnyxSpeck,voyager-stripe-crew#Stripe,hard
Katie,marquax-tunic#OnyxSpeck,makeover-blouse#LimeGreen,hard
Katie,marquax-tunic#OnyxSpeck,nuzuri-longline-cardi#Forest,random
Clementine,sugar-snaps-layers-tank#SeaGreen,voyager-stripe-crew#Stripe,hard
Clementine,sugar-snaps-layers-tank#SeaGreen,makeover-blouse#LimeGreen,hard
Clementine,sugar-snaps-layers-tank#SeaGreen,pure-merino-fine-rib-v-neck#Charcoal,random
Marnee,sugar-snaps-throw-jacket#Black,natural-textured-poncho#Deeprain,hard
Marnee,sugar-snaps-throw-jacket#Black,voyager-stripe-crew#Stripe,hard
Marnee,sugar-snaps-throw-jacket#Black,germaine-blouse#Pearl,random
Katie,selene-cardigan#Ivy,voyager-stripe-crew#Stripe,hard
Katie,selene-cardigan#Ivy,makeover-blouse#LimeGreen,hard
Katie,selene-cardigan#Ivy,the-soft-knit-jumper#NavyStripe,random
Nadine,heart-spliced-top#Navy,makeover-blouse#LimeGreen,hard
Nadine,heart-spliced-top#Navy,pure-merino-fine-rib-v-neck#Charcoal,hard
Nadine,heart-spliced-top#Navy,prickly-cactus-crew#Pink,random
Mae-Lee,the-long-sleeve-scoop-neck-tee#Navy,side-buttoned-sweater#Buttoned,hard
Mae-Lee,the-long-sleeve-scoop-neck-tee#Navy,voyager-stripe-crew#Stripe,hard
Mae-Lee,the-long-sleeve-scoop-neck-tee#Navy,chill-out-slouch-top#GreyMarle,random
Georgia,runaway-top#SoftPink,voyager-stripe-crew#Stripe,hard
Georgia,runaway-top#SoftPink,makeover-blouse#LimeGreen,hard
Georgia,runaway-top#SoftPink,eco-78-long-cardigan#LightGreyM,random
Palatina,luxe-shirt#Navy,cara-tee-2#Blush,hard
Palatina,luxe-shirt#Navy,cara-tee-2#WhiteBlk,hard
Palatina,luxe-shirt#Navy,the-midi-waterfall-cardi#BlueMarle,random
Stacey,the-panel-hem-top#Khaki,makeover-blouse#LimeGreen,hard
Stacey,the-panel-hem-top#Khaki,cara-tee-2#Blush,hard
Stacey,the-panel-hem-top#Khaki,animal-button-up-shirt#KhakiPrint,random
Summer,peasant-top-3#Denim,voyager-stripe-crew#Stripe,hard
Summer,peasant-top-3#Denim,natural-textured-poncho#Deeprain,hard
Summer,peasant-top-3#Denim,stara-cardigan#GreyMarle,random
Georgia,starry-night-cardi#Chalk,voyager-stripe-crew#Stripe,hard
Georgia,starry-night-cardi#Chalk,makeover-blouse#LimeGreen,hard
Georgia,starry-night-cardi#Chalk,cotton-stripe-cardi-with-pockets#White,random
Fiona,the-boat-neck-top#Black,natural-textured-poncho#Deeprain,hard
Fiona,the-boat-neck-top#Black,wonderland-blouse#Ink,hard
Fiona,the-boat-neck-top#Black,cotton-candy-side-split-top#IceBlue,random
Laura,melbourne-stretch-cardigan#Navy,cara-tee-2#Blush,hard
Laura,melbourne-stretch-cardigan#Navy,cara-tee-2#WhiteBlk,hard
Laura,melbourne-stretch-cardigan#Navy,ally-long-sleeve-tee#CosmosPr,random
Mae-Lee,belle-half-sleeve-forgiver-tunic#FlamPink,side-buttoned-sweater#Buttoned,hard
Mae-Lee,belle-half-sleeve-forgiver-tunic#FlamPink,voyager-stripe-crew#Stripe,hard
Mae-Lee,belle-half-sleeve-forgiver-tunic#FlamPink,you-at-my-shoulder-tunic#Black,random
Summer,shell-top-3#PapBlue,voyager-stripe-crew#Stripe,hard
Summer,shell-top-3#PapBlue,natural-textured-poncho#Deeprain,hard
Summer,shell-top-3#PapBlue,layer-me-bamboo-rouched-sleeve-tee#Copper,random
Jess,long-sleeve-softly-swinging-bamboo-tee#Combat,cara-tee-2#Blush,hard
Jess,long-sleeve-softly-swinging-bamboo-tee#Combat,cara-tee-2#WhiteBlk,hard
Jess,long-sleeve-softly-swinging-bamboo-tee#Combat,marquax-tunic#OnyxSpeck,random
Stacey,the-tie-detail-hoody#Pink,makeover-blouse#LimeGreen,hard
Stacey,the-tie-detail-hoody#Pink,cara-tee-2#Blush,hard
Stacey,the-tie-detail-hoody#Pink,the-long-sleeve-v-neck-tee#White,random
Marnee,prairie-romance-blouse#Blush,natural-textured-poncho#Deeprain,hard
Marnee,prairie-romance-blouse#Blush,voyager-stripe-crew#Stripe,hard
Marnee,prairie-romance-blouse#Blush,natural-tie-tunic#BlueSky,random
Summer,relaxed-top-1#FloraStrip,voyager-stripe-crew#Stripe,hard
Summer,relaxed-top-1#FloraStrip,natural-textured-poncho#Deeprain,hard
Summer,relaxed-top-1#FloraStrip,born-to-run-shirt-jacket#Leopard,random
Nathalie,the-everyday-shirt#Cream,voyager-stripe-crew#Stripe,hard
Nathalie,the-everyday-shirt#Cream,makeover-blouse#LimeGreen,hard
Nathalie,the-everyday-shirt#Cream,crossing-the-plains-sweater-1#Indigo,random
Riina,the-spotted-tunic#NavySpot,voyager-stripe-crew#Stripe,hard
Riina,the-spotted-tunic#NavySpot,makeover-blouse#LimeGreen,hard
Riina,the-spotted-tunic#NavySpot,coogee-shirt#White,random
Stacey,block-vest#Blockvest,makeover-blouse#LimeGreen,hard
Stacey,block-vest#Blockvest,cara-tee-2#Blush,hard
Stacey,block-vest#Blockvest,belle-half-sleeve-boat-tee#Black,random
Laura,milan-stretch-top#NavyWhtStr,cara-tee-2#Blush,hard
Laura,milan-stretch-top#NavyWhtStr,cara-tee-2#WhiteBlk,hard
Laura,milan-stretch-top#NavyWhtStr,long-sleeve-softly-swinging-bamboo-tee#Navy,random
Georgia,pulkari-emb-top#Pulkari,voyager-stripe-crew#Stripe,hard
Georgia,pulkari-emb-top#Pulkari,makeover-blouse#LimeGreen,hard
Georgia,pulkari-emb-top#Pulkari,selene-cardigan#Ivy,random
Laura,meera-oversized-shirt#Mint,cara-tee-2#Blush,hard
Laura,meera-oversized-shirt#Mint,cara-tee-2#WhiteBlk,hard
Laura,meera-oversized-shirt#Mint,bamboo-layer-tank#Black,random
Anna,the-relaxed-long-sleeve-tee#Black,voyager-stripe-crew#Stripe,hard
Anna,the-relaxed-long-sleeve-tee#Black,makeover-blouse#LimeGreen,hard
Anna,the-relaxed-long-sleeve-tee#Black,multi-stripe-jumper#NavyMulti,random
Marnee,moonlight-kisses-bamboo-tee#Saffron,natural-textured-poncho#Deeprain,hard
Marnee,moonlight-kisses-bamboo-tee#Saffron,voyager-stripe-crew#Stripe,hard
Marnee,moonlight-kisses-bamboo-tee#Saffron,spot-layered-tee#Blue,random
Katie,bodega-knit#Moss,voyager-stripe-crew#Stripe,hard
Katie,bodega-knit#Moss,makeover-blouse#LimeGreen,hard
Katie,bodega-knit#Moss,bo-cosy-cardigan#Storm,random
Chelsea,millie-top#Blush,voyager-stripe-crew#Stripe,hard
Chelsea,millie-top#Blush,makeover-blouse#LimeGreen,hard
Chelsea,millie-top#Blush,the-contrast-trim-knit#BlackWhite,random
Nathalie,runaway-top#Sand,voyager-stripe-crew#Stripe,hard
Nathalie,runaway-top#Sand,makeover-blouse#LimeGreen,hard
Nathalie,runaway-top#Sand,peasant-top-3#Denim,random
Emma,long-sleeve-spot-top#Multispot,voyager-stripe-crew#Stripe,hard
Emma,long-sleeve-spot-top#Multispot,makeover-blouse#LimeGreen,hard
Emma,long-sleeve-spot-top#Multispot,peasant-top-3#Denim,random
Ljubenka,the-high-low-drape-tee#Sage,the-uneven-hem-knit-1#Sage,hard
Ljubenka,the-high-low-drape-tee#Sage,natural-textured-poncho#Deeprain,hard
Ljubenka,the-high-low-drape-tee#Sage,off-shoulder-top-1#Strawberry,random
Clementine,the-cotton-bamboo-tank#White,voyager-stripe-crew#Stripe,hard
Clementine,the-cotton-bamboo-tank#White,makeover-blouse#LimeGreen,hard
Clementine,the-cotton-bamboo-tank#White,coogee-shirt#White,random
Marnee,rising-mist-jumper#Nickel,natural-textured-poncho#Deeprain,hard
Marnee,rising-mist-jumper#Nickel,voyager-stripe-crew#Stripe,hard
Marnee,rising-mist-jumper#Nickel,dot-to-dot-knit-1#GreyMarle,random
Palatina,flow-with-me-slouch-top#Brick,cara-tee-2#Blush,hard
Palatina,flow-with-me-slouch-top#Brick,cara-tee-2#WhiteBlk,hard
Palatina,flow-with-me-slouch-top#Brick,born-to-run-shirt-jacket#Leopard,random
Lucy,the-batwing-tee#FrenchBlue,manhattan-stretch-tee#White,hard
Lucy,the-batwing-tee#FrenchBlue,manhattan-stretch-tee#Navy,hard
Lucy,the-batwing-tee#FrenchBlue,great-scot-merino-carcoat#Twilight,random
Georgia,snug-as-a-bug-jumper#Smoke,voyager-stripe-crew#Stripe,hard
Georgia,snug-as-a-bug-jumper#Smoke,makeover-blouse#LimeGreen,hard
Georgia,snug-as-a-bug-jumper#Smoke,snake-print-johnny-collar-top#BeigeSnake,random
Olivia,sugar-snaps-layers-tank#DuckEgg,natural-textured-poncho#Deeprain,hard
Olivia,sugar-snaps-layers-tank#DuckEgg,voyager-stripe-crew#Stripe,hard
Olivia,sugar-snaps-layers-tank#DuckEgg,sequin-cross-2-in-1-top#Navy,random
Georgia,sugar-snaps-round-neck-layer-tank#Black,voyager-stripe-crew#Stripe,hard
Georgia,sugar-snaps-round-neck-layer-tank#Black,makeover-blouse#LimeGreen,hard
Georgia,sugar-snaps-round-neck-layer-tank#Black,the-daily-cross-over-top#SkyBlue,random
Chelsea,the-flutter-sleeve-top#Denim,voyager-stripe-crew#Stripe,hard
Chelsea,the-flutter-sleeve-top#Denim,makeover-blouse#LimeGreen,hard
Chelsea,the-flutter-sleeve-top#Denim,the-pocket-tee#GreyStripe,random
Nikki,the-drape-tee-1#Black,natural-textured-poncho#Deeprain,hard
Nikki,the-drape-tee-1#Black,voyager-stripe-crew#Stripe,hard
Nikki,the-drape-tee-1#Black,the-printed-v-split-top#Natural,random
Nathalie,runaway-top#JetBlack,voyager-stripe-crew#Stripe,hard
Nathalie,runaway-top#JetBlack,makeover-blouse#LimeGreen,hard
Nathalie,runaway-top#JetBlack,icing-sugar-top#Ivory,random
Marnee,falling-for-you-cardi#Teal,natural-textured-poncho#Deeprain,hard
Marnee,falling-for-you-cardi#Teal,voyager-stripe-crew#Stripe,hard
Marnee,falling-for-you-cardi#Teal,midtown-ruffle-shirt#BoldRed,random
Miranda,the-frill-wrap-blouse#Spot,voyager-stripe-crew#Stripe,hard
Miranda,the-frill-wrap-blouse#Spot,makeover-blouse#LimeGreen,hard
Miranda,the-frill-wrap-blouse#Spot,picnic-top#BlackWhite,random
Marnee,roll-with-me-jumper#Chalk,natural-textured-poncho#Deeprain,hard
Marnee,roll-with-me-jumper#Chalk,voyager-stripe-crew#Stripe,hard
Marnee,roll-with-me-jumper#Chalk,the-zip-front-top#Blue,random
Jess,the-cross-front-spot-blouse#NavySpot,cara-tee-2#Blush,hard
Jess,the-cross-front-spot-blouse#NavySpot,cara-tee-2#WhiteBlk,hard
Jess,the-cross-front-spot-blouse#NavySpot,multi-stripe-jumper#NavyMulti,random
Fiona,the-shoulder-tie-top#White,natural-textured-poncho#Deeprain,hard
Fiona,the-shoulder-tie-top#White,wonderland-blouse#Ink,hard
Fiona,the-shoulder-tie-top#White,the-cut-out-shoulder-blouse#Blue,random
Fiona,birds-tee-1#Navy,natural-textured-poncho#Deeprain,hard
Fiona,birds-tee-1#Navy,wonderland-blouse#Ink,hard
Fiona,birds-tee-1#Navy,not-today-buttoned-cardigan#Almond,random
Fiona,flying-free-top-3#WhiteBird,natural-textured-poncho#Deeprain,hard
Fiona,flying-free-top-3#WhiteBird,wonderland-blouse#Ink,hard
Fiona,flying-free-top-3#WhiteBird,the-striped-top#BlueStripe,random
Kate,the-cross-over-blouse#RoyalBlue,natural-textured-poncho#Deeprain,hard
Kate,the-cross-over-blouse#RoyalBlue,animal-button-up-shirt#KhakiPrint,hard
Kate,the-cross-over-blouse#RoyalBlue,the-essential-layering-tee#White,random
Perrie,the-cut-out-shoulder-blouse#Black,natural-textured-poncho#Deeprain,hard
Perrie,the-cut-out-shoulder-blouse#Black,voyager-stripe-crew#Stripe,hard
Perrie,the-cut-out-shoulder-blouse#Black,waterfall-cardi-1#Navy,random
Summer,ally-long-sleeve-tee#CosmosPr,voyager-stripe-crew#Stripe,hard
Summer,ally-long-sleeve-tee#CosmosPr,natural-textured-poncho#Deeprain,hard
Summer,ally-long-sleeve-tee#CosmosPr,melbourne-stretch-cardigan#NavyWhtStr,random
Natalie,the-cross-over-blouse#Red,natural-textured-poncho#Deeprain,hard
Natalie,the-cross-over-blouse#Red,voyager-stripe-crew#Stripe,hard
Natalie,the-cross-over-blouse#Red,rib-tank-2#White,random
Bree,belle-half-sleeve-forgiver-tunic#MutedClay,cara-tee-2#Blush,hard
Bree,belle-half-sleeve-forgiver-tunic#MutedClay,cara-tee-2#WhiteBlk,hard
Bree,belle-half-sleeve-forgiver-tunic#MutedClay,the-everyday-shirt#Midnight,random
Ljubenka,34-sleeve-shirt-1#SkyWhite,the-uneven-hem-knit-1#Sage,hard
Ljubenka,34-sleeve-shirt-1#SkyWhite,natural-textured-poncho#Deeprain,hard
Ljubenka,34-sleeve-shirt-1#SkyWhite,natural-cross-back-knit#Lightsmoke,random
Georgia,stripe-me-happy-blouse#Ash,voyager-stripe-crew#Stripe,hard
Georgia,stripe-me-happy-blouse#Ash,makeover-blouse#LimeGreen,hard
Georgia,stripe-me-happy-blouse#Ash,off-shoulder-top-2#FloraLace,random
Anna,the-half-sleeve-tee#Black,voyager-stripe-crew#Stripe,hard
Anna,the-half-sleeve-tee#Black,makeover-blouse#LimeGreen,hard
Anna,the-half-sleeve-tee#Black,summer-breeze-top-1#White,random
Ljubenka,the-everyday-shirt#Rose,the-uneven-hem-knit-1#Sage,hard
Ljubenka,the-everyday-shirt#Rose,natural-textured-poncho#Deeprain,hard
Ljubenka,the-everyday-shirt#Rose,stara-cardigan#GreyMarle,random
Nadine,cotton-cashmere-v-neck-knit#Navy,makeover-blouse#LimeGreen,hard
Nadine,cotton-cashmere-v-neck-knit#Navy,pure-merino-fine-rib-v-neck#Charcoal,hard
Nadine,cotton-cashmere-v-neck-knit#Navy,clovis-shirt#NavyGold,random
Georgia,long-sleeve-softly-swinging-bamboo-tee#Smoke,voyager-stripe-crew#Stripe,hard
Georgia,long-sleeve-softly-swinging-bamboo-tee#Smoke,makeover-blouse#LimeGreen,hard
Georgia,long-sleeve-softly-swinging-bamboo-tee#Smoke,the-everyday-shirt#Midnight,random
Jess,the-cut-out-shoulder-blouse#Salmon,cara-tee-2#Blush,hard
Jess,the-cut-out-shoulder-blouse#Salmon,cara-tee-2#WhiteBlk,hard
Jess,the-cut-out-shoulder-blouse#Salmon,collared-shirt-1#White,random
Jude,falling-for-you-cardi#Mustard,voyager-stripe-crew#Stripe,hard
Jude,falling-for-you-cardi#Mustard,makeover-blouse#LimeGreen,hard
Jude,falling-for-you-cardi#Mustard,marlow-cardigan#Cream,random
Jess,ricki-one-shoulder-top#BlackWhite,cara-tee-2#Blush,hard
Jess,ricki-one-shoulder-top#BlackWhite,cara-tee-2#WhiteBlk,hard
Jess,ricki-one-shoulder-top#BlackWhite,drapey-stripe-tee#Navy,random
Mae-Lee,soft-and-true-tunic#Pine,side-buttoned-sweater#Buttoned,hard
Mae-Lee,soft-and-true-tunic#Pine,voyager-stripe-crew#Stripe,hard
Mae-Lee,soft-and-true-tunic#Pine,indi-crosover-front-blouse#MixedStrip,random
Miranda,the-boat-neck-top#Black,voyager-stripe-crew#Stripe,hard
Miranda,the-boat-neck-top#Black,makeover-blouse#LimeGreen,hard
Miranda,the-boat-neck-top#Black,printed-v-neck-top#Striped,random
Clementine,wrap-me-up-bamboo-top#BlueJeans,voyager-stripe-crew#Stripe,hard
Clementine,wrap-me-up-bamboo-top#BlueJeans,makeover-blouse#LimeGreen,hard
Clementine,wrap-me-up-bamboo-top#BlueJeans,lucy-rib-oversized-top#WhiteGrey,random
Jess,softly-swinging-bamboo-tee#Chambray,cara-tee-2#Blush,hard
Jess,softly-swinging-bamboo-tee#Chambray,cara-tee-2#WhiteBlk,hard
Jess,softly-swinging-bamboo-tee#Chambray,frost-cardigan#Mauvewoo,random
Jess,rise-top#Ink,cara-tee-2#Blush,hard
Jess,rise-top#Ink,cara-tee-2#WhiteBlk,hard
Jess,rise-top#Ink,wellington-tee#HeatheGrey,random
Sophia,the-asymmetrical-hem-sweater#Blush,cara-tee-2#Blush,hard
Sophia,the-asymmetrical-hem-sweater#Blush,cara-tee-2#WhiteBlk,hard
Sophia,the-asymmetrical-hem-sweater#Blush,belle-lace-trim-tee#GreyMarle,random
Marnee,long-sleeve-softly-swinging-bamboo-tee#TeaRose,natural-textured-poncho#Deeprain,hard
Marnee,long-sleeve-softly-swinging-bamboo-tee#TeaRose,voyager-stripe-crew#Stripe,hard
Marnee,long-sleeve-softly-swinging-bamboo-tee#TeaRose,the-spotted-tunic#GreySpot,random
Marnee,crossing-the-plains-sweater-1#Indigo,natural-textured-poncho#Deeprain,hard
Marnee,crossing-the-plains-sweater-1#Indigo,voyager-stripe-crew#Stripe,hard
Marnee,crossing-the-plains-sweater-1#Indigo,belle-flocked-tunic#White,random
Denniel,the-cross-over-blouse#Sunshine,natural-textured-poncho#Deeprain,hard
Denniel,the-cross-over-blouse#Sunshine,voyager-stripe-crew#Stripe,hard
Denniel,the-cross-over-blouse#Sunshine,lavaux-bell-sleeve#Mustard,random
Denniel,the-cotton-bamboo-tee#White,natural-textured-poncho#Deeprain,hard
Denniel,the-cotton-bamboo-tee#White,voyager-stripe-crew#Stripe,hard
Denniel,the-cotton-bamboo-tee#White,the-define-flute-sleeve-blouse#White,random
Jess,belle-ls-free-fall-tee#Greenland,cara-tee-2#Blush,hard
Jess,belle-ls-free-fall-tee#Greenland,cara-tee-2#WhiteBlk,hard
Jess,belle-ls-free-fall-tee#Greenland,under-the-stars-blouse#Petal,random
Emma,long-sleeve-softly-swinging-bamboo-tee#DuckEgg,voyager-stripe-crew#Stripe,hard
Emma,long-sleeve-softly-swinging-bamboo-tee#DuckEgg,makeover-blouse#LimeGreen,hard
Emma,long-sleeve-softly-swinging-bamboo-tee#DuckEgg,the-linen-tie-sleeve-top#GreyMarle,random
Shadae,clio-knit-jumper#InkWhite,voyager-stripe-crew#Stripe,hard
Shadae,clio-knit-jumper#InkWhite,makeover-blouse#LimeGreen,hard
Shadae,clio-knit-jumper#InkWhite,cuddled-longline-cardigan#Sunflower,random
Nadine,juno-cardigan#GreyMarle,makeover-blouse#LimeGreen,hard
Nadine,juno-cardigan#GreyMarle,pure-merino-fine-rib-v-neck#Charcoal,hard
Nadine,juno-cardigan#GreyMarle,layered-tunic-1#PalePink,random
Tia,wrap-me-up-bamboo-top#Black,the-panel-luxe-top#BlkWhite,hard
Tia,wrap-me-up-bamboo-top#Black,the-panel-luxe-top#SilvWhite,hard
Tia,wrap-me-up-bamboo-top#Black,long-sleeve-softly-swinging-bamboo-tee#TeaRose,random
Laura,true-love-bell-blouse#Jade,cara-tee-2#Blush,hard
Laura,true-love-bell-blouse#Jade,cara-tee-2#WhiteBlk,hard
Laura,true-love-bell-blouse#Jade,henson-jumper#Cream,random
Summer,capri-tank-3#Black,voyager-stripe-crew#Stripe,hard
Summer,capri-tank-3#Black,natural-textured-poncho#Deeprain,hard
Summer,capri-tank-3#Black,messina-knit-1#Shiraz,random
Shadae,fundamental-split-hoodie#Navy,voyager-stripe-crew#Stripe,hard
Shadae,fundamental-split-hoodie#Navy,makeover-blouse#LimeGreen,hard
Shadae,fundamental-split-hoodie#Navy,wonderlust-tee#BurntOran,random
Fiona,the-cotton-tie-detail-top#Ivory,natural-textured-poncho#Deeprain,hard
Fiona,the-cotton-tie-detail-top#Ivory,wonderland-blouse#Ink,hard
Fiona,the-cotton-tie-detail-top#Ivory,billow-top#Black,random
Gemma,button-through-animal-shirt#Animal,voyager-stripe-crew#Stripe,hard
Gemma,button-through-animal-shirt#Animal,makeover-blouse#LimeGreen,hard
Gemma,button-through-animal-shirt#Animal,the-pirate-in-me-shirt#White,random
Laura,the-everyday-shirt#Rose,cara-tee-2#Blush,hard
Laura,the-everyday-shirt#Rose,cara-tee-2#WhiteBlk,hard
Laura,the-everyday-shirt#Rose,mauevewood-crew#YellowWhit,random
Fiona,the-french-cuff-shirt#White,natural-textured-poncho#Deeprain,hard
Fiona,the-french-cuff-shirt#White,wonderland-blouse#Ink,hard
Fiona,the-french-cuff-shirt#White,maui-stretch-tee#NavyWhtStr,random
Clementine,the-cotton-bamboo-tank#Moonbeam,voyager-stripe-crew#Stripe,hard
Clementine,the-cotton-bamboo-tank#Moonbeam,makeover-blouse#LimeGreen,hard
Clementine,the-cotton-bamboo-tank#Moonbeam,mauevewood-crew#YellowWhit,random
Chelsea,jersey-split-back-hooded-top#NavyStrip,voyager-stripe-crew#Stripe,hard
Chelsea,jersey-split-back-hooded-top#NavyStrip,makeover-blouse#LimeGreen,hard
Chelsea,jersey-split-back-hooded-top#NavyStrip,dahlia-lace-trim-blouse#Dusk,random
Summer,rib-tank-2#Red,voyager-stripe-crew#Stripe,hard
Summer,rib-tank-2#Red,natural-textured-poncho#Deeprain,hard
Summer,rib-tank-2#Red,softly-swinging-bamboo-tee#Navy,random
Mae-Lee,the-cut-out-shoulder-blouse#Clay,side-buttoned-sweater#Buttoned,hard
Mae-Lee,the-cut-out-shoulder-blouse#Clay,voyager-stripe-crew#Stripe,hard
Mae-Lee,the-cut-out-shoulder-blouse#Clay,arya-frilled-blouse#Oyster,random
Laura,falling-for-you-cardi#Khaki,cara-tee-2#Blush,hard
Laura,falling-for-you-cardi#Khaki,cara-tee-2#WhiteBlk,hard
Laura,falling-for-you-cardi#Khaki,kimono-top-36#BlueMarle,random
Summer,cuddled-longline-cardigan#Sunflower,voyager-stripe-crew#Stripe,hard
Summer,cuddled-longline-cardigan#Sunflower,natural-textured-poncho#Deeprain,hard
Summer,cuddled-longline-cardigan#Sunflower,the-half-sleeve-tee#Black,random
Emma,belle-v-neck-forgiver-tunic#Black,voyager-stripe-crew#Stripe,hard
Emma,belle-v-neck-forgiver-tunic#Black,makeover-blouse#LimeGreen,hard
Emma,belle-v-neck-forgiver-tunic#Black,the-zip-front-top#Blue,random
Gemma,ella-funnel-neck-top#Khaki,voyager-stripe-crew#Stripe,hard
Gemma,ella-funnel-neck-top#Khaki,makeover-blouse#LimeGreen,hard
Gemma,ella-funnel-neck-top#Khaki,maui-stretch-tee#White,random
Maddy,the-cross-over-blouse#Silver,natural-textured-poncho#Deeprain,hard
Maddy,the-cross-over-blouse#Silver,voyager-stripe-crew#Stripe,hard
Maddy,the-cross-over-blouse#Silver,spot-layered-tee#Blue,random
Amanda,the-longline-cardi-1#Nude,natural-textured-poncho#Deeprain,hard
Amanda,the-longline-cardi-1#Nude,voyager-stripe-crew#Stripe,hard
Amanda,the-longline-cardi-1#Nude,belle-half-sleeve-forgiver-tunic#Apricot,random
Ljubenka,belle-v-neck-forgiver-tunic#White,the-uneven-hem-knit-1#Sage,hard
Ljubenka,belle-v-neck-forgiver-tunic#White,natural-textured-poncho#Deeprain,hard
Ljubenka,belle-v-neck-forgiver-tunic#White,the-pleated-sleeve-top#Sage,random
Madeline,natural-pattern-cocoon-cardigan#Blossom,voyager-stripe-crew#Stripe,hard
Madeline,natural-pattern-cocoon-cardigan#Blossom,makeover-blouse#LimeGreen,hard
Madeline,natural-pattern-cocoon-cardigan#Blossom,merino-boyfriend-cardigan#MelangeStr,random
Natalia,the-asymmetrical-hem-sweater#Blush,voyager-stripe-crew#Stripe,hard
Natalia,the-asymmetrical-hem-sweater#Blush,makeover-blouse#LimeGreen,hard
Natalia,the-asymmetrical-hem-sweater#Blush,capri-tank-3#Navy,random
Summer,hem-frill-stripe-top#SoFrilled,voyager-stripe-crew#Stripe,hard
Summer,hem-frill-stripe-top#SoFrilled,natural-textured-poncho#Deeprain,hard
Summer,hem-frill-stripe-top#SoFrilled,natural-crossover-knit-1#Stormcloud,random
Georgia,falling-for-you-cardi#Port,voyager-stripe-crew#Stripe,hard
Georgia,falling-for-you-cardi#Port,makeover-blouse#LimeGreen,hard
Georgia,falling-for-you-cardi#Port,the-boat-neck-top#Black,random
Laura,softly-swinging-bamboo-tee#Chambray,cara-tee-2#Blush,hard
Laura,softly-swinging-bamboo-tee#Chambray,cara-tee-2#WhiteBlk,hard
Laura,softly-swinging-bamboo-tee#Chambray,the-sleeve-detail-knit#Ivory,random
Palatina,the-essential-pullover#DustyPeach,cara-tee-2#Blush,hard
Palatina,the-essential-pullover#DustyPeach,cara-tee-2#WhiteBlk,hard
Palatina,the-essential-pullover#DustyPeach,crossing-the-plains-sweater-1#Indigo,random
Alex,the-cotton-bamboo-tank#Moonbeam,voyager-stripe-crew#Stripe,hard
Alex,the-cotton-bamboo-tank#Moonbeam,makeover-blouse#LimeGreen,hard
Alex,the-cotton-bamboo-tank#Moonbeam,natural-detailed-sweater#Tinroof,random
Katie,foil-spot-tee-1#Navy,voyager-stripe-crew#Stripe,hard
Katie,foil-spot-tee-1#Navy,makeover-blouse#LimeGreen,hard
Katie,foil-spot-tee-1#Navy,not-today-buttoned-cardigan#Almond,random
Tia,capri-tank-3#Navy,the-panel-luxe-top#BlkWhite,hard
Tia,capri-tank-3#Navy,the-panel-luxe-top#SilvWhite,hard
Tia,capri-tank-3#Navy,paradise-top#Red,random
Jess,ditzy-floral-ruffle-blouse#DitzyFlora,cara-tee-2#Blush,hard
Jess,ditzy-floral-ruffle-blouse#DitzyFlora,cara-tee-2#WhiteBlk,hard
Jess,ditzy-floral-ruffle-blouse#DitzyFlora,tie-back-bell-sleeve-top-5#Summerbud,random
Bree,belle-half-sleeve-forgiver-tunic#Black,cara-tee-2#Blush,hard
Bree,belle-half-sleeve-forgiver-tunic#Black,cara-tee-2#WhiteBlk,hard
Bree,belle-half-sleeve-forgiver-tunic#Black,the-reversible-cowl-neck-top-1#Black,random
Riina,the-daily-cross-over-top#PinkPrint,voyager-stripe-crew#Stripe,hard
Riina,the-daily-cross-over-top#PinkPrint,makeover-blouse#LimeGreen,hard
Riina,the-daily-cross-over-top#PinkPrint,relaxed-top-1#FloraStrip,random
Amanda,the-asymmetrical-hem-sweater#Blush,natural-textured-poncho#Deeprain,hard
Amanda,the-asymmetrical-hem-sweater#Blush,voyager-stripe-crew#Stripe,hard
Amanda,the-asymmetrical-hem-sweater#Blush,the-long-sleeve-scoop-neck-tee#Navy,random
Jess,belle-flocked-tunic#White,cara-tee-2#Blush,hard
Jess,belle-flocked-tunic#White,cara-tee-2#WhiteBlk,hard
Jess,belle-flocked-tunic#White,grace-oversized-knit#Clay,random
Laura,the-drape-tee-1#Stripe,cara-tee-2#Blush,hard
Laura,the-drape-tee-1#Stripe,cara-tee-2#WhiteBlk,hard
Laura,the-drape-tee-1#Stripe,aida-long-tunic-shirt#AidaStripe,random
Laura,the-cotton-bamboo-tee#BlueJeans,cara-tee-2#Blush,hard
Laura,the-cotton-bamboo-tee#BlueJeans,cara-tee-2#WhiteBlk,hard
Laura,the-cotton-bamboo-tee#BlueJeans,cara-tee-4#White,random
Amanda,the-weekender-shirt#GreyStripe,natural-textured-poncho#Deeprain,hard
Amanda,the-weekender-shirt#GreyStripe,voyager-stripe-crew#Stripe,hard
Amanda,the-weekender-shirt#GreyStripe,multi-stripe-jumper#NavyMulti,random
Chelsea,2-in-1-layered-knit-top#Khaki,voyager-stripe-crew#Stripe,hard
Chelsea,2-in-1-layered-knit-top#Khaki,makeover-blouse#LimeGreen,hard
Chelsea,2-in-1-layered-knit-top#Khaki,the-blouson-sleeve-jumper#Grey,random
Fiona,long-sleeve-softly-swinging-bamboo-tee#SilverScon,natural-textured-poncho#Deeprain,hard
Fiona,long-sleeve-softly-swinging-bamboo-tee#SilverScon,wonderland-blouse#Ink,hard
Fiona,long-sleeve-softly-swinging-bamboo-tee#SilverScon,the-contrast-panel-top#BlkStripe,random
Mae-Lee,the-sleeveless-cross-over-blouse#White,side-buttoned-sweater#Buttoned,hard
Mae-Lee,the-sleeveless-cross-over-blouse#White,voyager-stripe-crew#Stripe,hard
Mae-Lee,the-sleeveless-cross-over-blouse#White,layered-sleeve-top#DarkBlue,random
Marnee,falling-for-you-cardi-2#WinterRose,natural-textured-poncho#Deeprain,hard
Marnee,falling-for-you-cardi-2#WinterRose,voyager-stripe-crew#Stripe,hard
Marnee,falling-for-you-cardi-2#WinterRose,the-lace-trim-top#Ivory,random
Laura,vivid-dreams-blouse#Dusty%20Rose,cara-tee-2#Blush,hard
Laura,vivid-dreams-blouse#Dusty%20Rose,cara-tee-2#WhiteBlk,hard
Laura,vivid-dreams-blouse#Dusty%20Rose,rib-tank-2#Navy,random
Amanda,the-on-or-off-the-shoulder-top#FrenchNavy,natural-textured-poncho#Deeprain,hard
Amanda,the-on-or-off-the-shoulder-top#FrenchNavy,voyager-stripe-crew#Stripe,hard
Amanda,the-on-or-off-the-shoulder-top#FrenchNavy,layered-top-2#White,random
Laura,sugar-snaps-layers-tank#DuckEgg,cara-tee-2#Blush,hard
Laura,sugar-snaps-layers-tank#DuckEgg,cara-tee-2#WhiteBlk,hard
Laura,sugar-snaps-layers-tank#DuckEgg,animal-knit-1#Animal,random
Jess,belle-v-neck-forgiver-tunic#BlueMarle,cara-tee-2#Blush,hard
Jess,belle-v-neck-forgiver-tunic#BlueMarle,cara-tee-2#WhiteBlk,hard
Jess,belle-v-neck-forgiver-tunic#BlueMarle,the-reversible-cowl-neck-top-2#Ocean,random
Stacey,layer-me-bamboo-rouched-sleeve-tee#Copper,makeover-blouse#LimeGreen,hard
Stacey,layer-me-bamboo-rouched-sleeve-tee#Copper,cara-tee-2#Blush,hard
Stacey,layer-me-bamboo-rouched-sleeve-tee#Copper,the-longline-cardi-1#Nude,random
Maddy,the-cross-over-blouse#RoyalBlue,natural-textured-poncho#Deeprain,hard
Maddy,the-cross-over-blouse#RoyalBlue,voyager-stripe-crew#Stripe,hard
Maddy,the-cross-over-blouse#RoyalBlue,raspberry-ls-tee#WhiteRaspb,random
Olivia,sugar-snaps-layers-tank#DeepCobalt,natural-textured-poncho#Deeprain,hard
Olivia,sugar-snaps-layers-tank#DeepCobalt,voyager-stripe-crew#Stripe,hard
Olivia,sugar-snaps-layers-tank#DeepCobalt,weekend-vibes-blouse#Blush,random
Laura,belle-off-the-shoulder-tee#Stripe,cara-tee-2#Blush,hard
Laura,belle-off-the-shoulder-tee#Stripe,cara-tee-2#WhiteBlk,hard
Laura,belle-off-the-shoulder-tee#Stripe,ivy-cosy-pullover#Blossom,random
Kate,the-cross-over-blouse#Blue,natural-textured-poncho#Deeprain,hard
Kate,the-cross-over-blouse#Blue,animal-button-up-shirt#KhakiPrint,hard
Kate,the-cross-over-blouse#Blue,milan-stretch-top#White,random
Summer,block-vest#Blockvest,voyager-stripe-crew#Stripe,hard
Summer,block-vest#Blockvest,natural-textured-poncho#Deeprain,hard
Summer,block-vest#Blockvest,the-open-sleeve-blouse#Berry,random
Chelsea,cross-over-top-with-pocket#NavyMustrd,voyager-stripe-crew#Stripe,hard
Chelsea,cross-over-top-with-pocket#NavyMustrd,makeover-blouse#LimeGreen,hard
Chelsea,cross-over-top-with-pocket#NavyMustrd,layered-sleeve-top#DarkBlue,random
Gemma,falling-for-you-cardi#Teal,voyager-stripe-crew#Stripe,hard
Gemma,falling-for-you-cardi#Teal,makeover-blouse#LimeGreen,hard
Gemma,falling-for-you-cardi#Teal,belle-half-sleeve-forgiver-tunic#Apricot,random
Palatina,falling-for-you-cardi#Khaki,cara-tee-2#Blush,hard
Palatina,falling-for-you-cardi#Khaki,cara-tee-2#WhiteBlk,hard
Palatina,falling-for-you-cardi#Khaki,the-reverse-sleeve-sweater#Navy,random
Denniel,the-batwing-tee#Sea,natural-textured-poncho#Deeprain,hard
Denniel,the-batwing-tee#Sea,voyager-stripe-crew#Stripe,hard
Denniel,the-batwing-tee#Sea,overlay-tunic-3-pce-set#Emerald,random
Natalia,the-cosy-cardigan#Blue,voyager-stripe-crew#Stripe,hard
Natalia,the-cosy-cardigan#Blue,makeover-blouse#LimeGreen,hard
Natalia,the-cosy-cardigan#Blue,layer-me-bamboo-rouched-sleeve-tee#Fern,random
Jess,the-drape-tee-1#White,cara-tee-2#Blush,hard
Jess,the-drape-tee-1#White,cara-tee-2#WhiteBlk,hard
Jess,the-drape-tee-1#White,block-sweater#Block,random
Georgia,falling-for-you-cardi#Mustard,voyager-stripe-crew#Stripe,hard
Georgia,falling-for-you-cardi#Mustard,makeover-blouse#LimeGreen,hard
Georgia,falling-for-you-cardi#Mustard,layered-tee-2#White,random
Anna,waterfall-cardi-1#Navy,voyager-stripe-crew#Stripe,hard
Anna,waterfall-cardi-1#Navy,makeover-blouse#LimeGreen,hard
Anna,waterfall-cardi-1#Navy,lazy-daze-tee#Khaki,random
Nadine,great-scot-merino-carcoat#Twilight,makeover-blouse#LimeGreen,hard
Nadine,great-scot-merino-carcoat#Twilight,pure-merino-fine-rib-v-neck#Charcoal,hard
Nadine,great-scot-merino-carcoat#Twilight,vivid-dreams-blouse#Dusty%20Rose,random
Mandy,monaco-sweater#BlackCream,voyager-stripe-crew#Stripe,hard
Mandy,monaco-sweater#BlackCream,makeover-blouse#LimeGreen,hard
Mandy,monaco-sweater#BlackCream,lucy-rib-oversized-top#WhiteGrey,random
Jess,falling-for-you-cardi-1#GreyGarden,cara-tee-2#Blush,hard
Jess,falling-for-you-cardi-1#GreyGarden,cara-tee-2#WhiteBlk,hard
Jess,falling-for-you-cardi-1#GreyGarden,the-soft-overlay-top#Pink,random
Mae-Lee,falling-for-you-cardi#Khaki,side-buttoned-sweater#Buttoned,hard
Mae-Lee,falling-for-you-cardi#Khaki,voyager-stripe-crew#Stripe,hard
Mae-Lee,falling-for-you-cardi#Khaki,dahlia-lace-trim-blouse#Dusk,random
Marnee,sugar-snaps-layers-tank#PeachyKeen,natural-textured-poncho#Deeprain,hard
Marnee,sugar-snaps-layers-tank#PeachyKeen,voyager-stripe-crew#Stripe,hard
Marnee,sugar-snaps-layers-tank#PeachyKeen,the-twist-front-top#Navy,random
Palatina,the-boat-neck-top-1#Ink,cara-tee-2#Blush,hard
Palatina,the-boat-neck-top-1#Ink,cara-tee-2#WhiteBlk,hard
Palatina,the-boat-neck-top-1#Ink,high-neck-tie-top#Black,random
Anna,layer-top-1#Navy,voyager-stripe-crew#Stripe,hard
Anna,layer-top-1#Navy,makeover-blouse#LimeGreen,hard
Anna,layer-top-1#Navy,the-tie-layering-knit#Grey,random
Laura,layer-top-1#Navy,cara-tee-2#Blush,hard
Laura,layer-top-1#Navy,cara-tee-2#WhiteBlk,hard
Laura,layer-top-1#Navy,vivian-blouse#Check,random
Natalia,the-contrast-knit-1#Navy,voyager-stripe-crew#Stripe,hard
Natalia,the-contrast-knit-1#Navy,makeover-blouse#LimeGreen,hard
Natalia,the-contrast-knit-1#Navy,analia-jersey-top#Navy,random
Riina,the-cotton-blend-stripe-jumper#BlueStripe,voyager-stripe-crew#Stripe,hard
Riina,the-cotton-blend-stripe-jumper#BlueStripe,makeover-blouse#LimeGreen,hard
Riina,the-cotton-blend-stripe-jumper#BlueStripe,the-pirate-in-me-shirt#White,random
Jess,long-sleeve-softly-swinging-bamboo-tee#SilverScon,cara-tee-2#Blush,hard
Jess,long-sleeve-softly-swinging-bamboo-tee#SilverScon,cara-tee-2#WhiteBlk,hard
Jess,long-sleeve-softly-swinging-bamboo-tee#SilverScon,clara-blouse#DarkFloral,random
Summer,magnolia-fields-keyhole-blouse#Magnolia,voyager-stripe-crew#Stripe,hard
Summer,magnolia-fields-keyhole-blouse#Magnolia,natural-textured-poncho#Deeprain,hard
Summer,magnolia-fields-keyhole-blouse#Magnolia,the-boat-neck-top-1#Ink,random
Fiona,natural-detailed-sweater#Tinroof,natural-textured-poncho#Deeprain,hard
Fiona,natural-detailed-sweater#Tinroof,wonderland-blouse#Ink,hard
Fiona,natural-detailed-sweater#Tinroof,bora-bora-layered-tank#BoraBora,random
Amanda,the-weekender-shirt#DenimStrip,natural-textured-poncho#Deeprain,hard
Amanda,the-weekender-shirt#DenimStrip,voyager-stripe-crew#Stripe,hard
Amanda,the-weekender-shirt#DenimStrip,arizona-off-the-shoulder-top#Khaki,random
Fiona,long-sleeve-softly-swinging-bamboo-tee#Cashew,natural-textured-poncho#Deeprain,hard
Fiona,long-sleeve-softly-swinging-bamboo-tee#Cashew,wonderland-blouse#Ink,hard
Fiona,long-sleeve-softly-swinging-bamboo-tee#Cashew,fundamental-vee-tee#Navy,random
Fiona,falling-for-you-cardi#Khaki,natural-textured-poncho#Deeprain,hard
Fiona,falling-for-you-cardi#Khaki,wonderland-blouse#Ink,hard
Fiona,falling-for-you-cardi#Khaki,the-roll-neck-sweater#Natural,random
Laura,softly-swinging-bamboo-tee#Jewel,cara-tee-2#Blush,hard
Laura,softly-swinging-bamboo-tee#Jewel,cara-tee-2#WhiteBlk,hard
Laura,softly-swinging-bamboo-tee#Jewel,sand-queen-throw-blouse#Fleur,random
Clementine,the-printed-v-neck-tee#White,voyager-stripe-crew#Stripe,hard
Clementine,the-printed-v-neck-tee#White,makeover-blouse#LimeGreen,hard
Clementine,the-printed-v-neck-tee#White,longline-cardigan-2#Pink,random
Marnee,long-sleeve-softly-swinging-bamboo-tee#DuckEgg,natural-textured-poncho#Deeprain,hard
Marnee,long-sleeve-softly-swinging-bamboo-tee#DuckEgg,voyager-stripe-crew#Stripe,hard
Marnee,long-sleeve-softly-swinging-bamboo-tee#DuckEgg,billow-top#Peach,random
Summer,always-mine-spliced-cardigan#GreyEmeral,voyager-stripe-crew#Stripe,hard
Summer,always-mine-spliced-cardigan#GreyEmeral,natural-textured-poncho#Deeprain,hard
Summer,always-mine-spliced-cardigan#GreyEmeral,falling-flowers-blouse#DustyPink,random
Amanda,the-printed-v-split-top#Natural,natural-textured-poncho#Deeprain,hard
Amanda,the-printed-v-split-top#Natural,voyager-stripe-crew#Stripe,hard
Amanda,the-printed-v-split-top#Natural,layered-top-2#Navy,random
Amanda,the-longline-cardi-1#GreyMarle,natural-textured-poncho#Deeprain,hard
Amanda,the-longline-cardi-1#GreyMarle,voyager-stripe-crew#Stripe,hard
Amanda,the-longline-cardi-1#GreyMarle,the-wrap-jersey-top#NavyWhite,random
Natalia,kimono-and-me-cardi#DustyPink,voyager-stripe-crew#Stripe,hard
Natalia,kimono-and-me-cardi#DustyPink,makeover-blouse#LimeGreen,hard
Natalia,kimono-and-me-cardi#DustyPink,daisy-top-1#BrightBlue,random
Riina,bora-bora-layered-tank#BoraBora,voyager-stripe-crew#Stripe,hard
Riina,bora-bora-layered-tank#BoraBora,makeover-blouse#LimeGreen,hard
Riina,bora-bora-layered-tank#BoraBora,the-asymmetrical-tank-top#Indigo,random
Laura,germaine-blouse#Pearl,cara-tee-2#Blush,hard
Laura,germaine-blouse#Pearl,cara-tee-2#WhiteBlk,hard
Laura,germaine-blouse#Pearl,grace-oversized-knit#Black,random
Laura,the-flutter-sleeve-top#SnakePrint,cara-tee-2#Blush,hard
Laura,the-flutter-sleeve-top#SnakePrint,cara-tee-2#WhiteBlk,hard
Laura,the-flutter-sleeve-top#SnakePrint,fundamental-vee-tee#GreyMarle,random
Anna,aigli-top#Navy,voyager-stripe-crew#Stripe,hard
Anna,aigli-top#Navy,makeover-blouse#LimeGreen,hard
Anna,aigli-top#Navy,natural-waterfall-cardigan#Fallendust,random
Amanda,the-stitch-detail-top#SkyBlue,natural-textured-poncho#Deeprain,hard
Amanda,the-stitch-detail-top#SkyBlue,voyager-stripe-crew#Stripe,hard
Amanda,the-stitch-detail-top#SkyBlue,karmen-top#HighRiskRe,random
Marnee,long-sleeve-softly-swinging-bamboo-tee#Cashew,natural-textured-poncho#Deeprain,hard
Marnee,long-sleeve-softly-swinging-bamboo-tee#Cashew,voyager-stripe-crew#Stripe,hard
Marnee,long-sleeve-softly-swinging-bamboo-tee#Cashew,contrast-stripe-sweater#Pockets,random
Mae-Lee,long-sleeve-softly-swinging-bamboo-tee#Navy,side-buttoned-sweater#Buttoned,hard
Mae-Lee,long-sleeve-softly-swinging-bamboo-tee#Navy,voyager-stripe-crew#Stripe,hard
Mae-Lee,long-sleeve-softly-swinging-bamboo-tee#Navy,to-the-beat-of-the-drum-kimono#Leaf,random
Anna,milan-stretch-top#White,voyager-stripe-crew#Stripe,hard
Anna,milan-stretch-top#White,makeover-blouse#LimeGreen,hard
Anna,milan-stretch-top#White,jersey-split-back-hooded-top#NavyStrip,random
Shadae,rib-tank-2#Red,voyager-stripe-crew#Stripe,hard
Shadae,rib-tank-2#Red,makeover-blouse#LimeGreen,hard
Shadae,rib-tank-2#Red,roll-with-me-jumper#Chalk,random
Georgia,blue-waters-cotton-blouse#White,voyager-stripe-crew#Stripe,hard
Georgia,blue-waters-cotton-blouse#White,makeover-blouse#LimeGreen,hard
Georgia,blue-waters-cotton-blouse#White,westward-top#BotanicalD,random
Natalie,the-cross-over-blouse#White,natural-textured-poncho#Deeprain,hard
Natalie,the-cross-over-blouse#White,voyager-stripe-crew#Stripe,hard
Natalie,the-cross-over-blouse#White,the-tie-layering-knit#Grey,random
Nadine,renee-sweater#Sapphire,makeover-blouse#LimeGreen,hard
Nadine,renee-sweater#Sapphire,pure-merino-fine-rib-v-neck#Charcoal,hard
Nadine,renee-sweater#Sapphire,softly-swinging-bamboo-tee#BlueJeans,random
Laura,the-high-low-drape-tee#Sage,cara-tee-2#Blush,hard
Laura,the-high-low-drape-tee#Sage,cara-tee-2#WhiteBlk,hard
Laura,the-high-low-drape-tee#Sage,gloria-applique-crew#Charcoal,random
Mae-Lee,falling-for-you-cardi#Rust,side-buttoned-sweater#Buttoned,hard
Mae-Lee,falling-for-you-cardi#Rust,voyager-stripe-crew#Stripe,hard
Mae-Lee,falling-for-you-cardi#Rust,long-sleeve-ruffle-shirt#White,random
Tia,softly-swinging-bamboo-tee#Cashew,the-panel-luxe-top#BlkWhite,hard
Tia,softly-swinging-bamboo-tee#Cashew,the-panel-luxe-top#SilvWhite,hard
Tia,softly-swinging-bamboo-tee#Cashew,knit-hoodie-1#Sage,random
Jess,reversible-scoopv-neck-tank#Black,cara-tee-2#Blush,hard
Jess,reversible-scoopv-neck-tank#Black,cara-tee-2#WhiteBlk,hard
Jess,reversible-scoopv-neck-tank#Black,the-dobby-sleeve-tee#InkBlue,random
Amanda,the-relaxed-batwing-top#Denim%20Blue,natural-textured-poncho#Deeprain,hard
Amanda,the-relaxed-batwing-top#Denim%20Blue,voyager-stripe-crew#Stripe,hard
Amanda,the-relaxed-batwing-top#Denim%20Blue,belle-ls-free-fall-tee#Blush,random
Laura,maui-stretch-tee#White,cara-tee-2#Blush,hard
Laura,maui-stretch-tee#White,cara-tee-2#WhiteBlk,hard
Laura,maui-stretch-tee#White,block-vest#Blockvest,random
Laura,the-cross-over-blouse#Sunshine,cara-tee-2#Blush,hard
Laura,the-cross-over-blouse#Sunshine,cara-tee-2#WhiteBlk,hard
Laura,the-cross-over-blouse#Sunshine,freya-fringe-blouse#Navy,random
Marnee,summer-whispers-kimono-1#Peacock,natural-textured-poncho#Deeprain,hard
Marnee,summer-whispers-kimono-1#Peacock,voyager-stripe-crew#Stripe,hard
Marnee,summer-whispers-kimono-1#Peacock,the-soft-knit-jumper#NavyStripe,random
Riina,the-cotton-cardi#Navy,voyager-stripe-crew#Stripe,hard
Riina,the-cotton-cardi#Navy,makeover-blouse#LimeGreen,hard
Riina,the-cotton-cardi#Navy,nova-lux-long-sleeve-tie-top-1#NightSky,random
Georgia,butterfly-kisses-tee#Green,voyager-stripe-crew#Stripe,hard
Georgia,butterfly-kisses-tee#Green,makeover-blouse#LimeGreen,hard
Georgia,butterfly-kisses-tee#Green,aigli-top#Navy,random
Marnee,sugar-snaps-layers-tank#Blue,natural-textured-poncho#Deeprain,hard
Marnee,sugar-snaps-layers-tank#Blue,voyager-stripe-crew#Stripe,hard
Marnee,sugar-snaps-layers-tank#Blue,stara-cardigan#GreyMarle,random
Tia,the-cross-over-blouse#Blue,the-panel-luxe-top#BlkWhite,hard
Tia,the-cross-over-blouse#Blue,the-panel-luxe-top#SilvWhite,hard
Tia,the-cross-over-blouse#Blue,the-soft-overlay-top#Pink,random
Marnee,falling-for-you-cardi-1#GreyGarden,natural-textured-poncho#Deeprain,hard
Marnee,falling-for-you-cardi-1#GreyGarden,voyager-stripe-crew#Stripe,hard
Marnee,falling-for-you-cardi-1#GreyGarden,lilly-layer-stripe-tank#NavyWhite,random
Laura,the-long-sleeve-scoop-neck-tee#Grey,cara-tee-2#Blush,hard
Laura,the-long-sleeve-scoop-neck-tee#Grey,cara-tee-2#WhiteBlk,hard
Laura,the-long-sleeve-scoop-neck-tee#Grey,cotton-cashmere-v-neck-knit#Navy,random
Laura,the-cut-out-shoulder-blouse#Clay,cara-tee-2#Blush,hard
Laura,the-cut-out-shoulder-blouse#Clay,cara-tee-2#WhiteBlk,hard
Laura,the-cut-out-shoulder-blouse#Clay,the-boat-neck-top-1#NavyWhite,random
Jess,the-sleeveless-cross-over-blouse#White,cara-tee-2#Blush,hard
Jess,the-sleeveless-cross-over-blouse#White,cara-tee-2#WhiteBlk,hard
Jess,the-sleeveless-cross-over-blouse#White,the-oversized-cotton-blend-shirt#Sand,random
Anna Maria,falling-for-you-cardi#Port,natural-textured-poncho#Deeprain,hard
Anna Maria,falling-for-you-cardi#Port,voyager-stripe-crew#Stripe,hard
Anna Maria,falling-for-you-cardi#Port,triangle-detail-long-sleeve-tee#Navy,random
Laura,the-oversized-cotton-blend-shirt#Sand,cara-tee-2#Blush,hard
Laura,the-oversized-cotton-blend-shirt#Sand,cara-tee-2#WhiteBlk,hard
Laura,the-oversized-cotton-blend-shirt#Sand,capri-tank-6#HeatheGrey,random
Ljubenka,the-asymmetrical-tank-top#HotPink,the-uneven-hem-knit-1#Sage,hard
Ljubenka,the-asymmetrical-tank-top#HotPink,natural-textured-poncho#Deeprain,hard
Ljubenka,the-asymmetrical-tank-top#HotPink,belle-ls-free-fall-tee#Greenland,random
Alex,the-short-sleeve-wrap-jersey-top#Black,voyager-stripe-crew#Stripe,hard
Alex,the-short-sleeve-wrap-jersey-top#Black,makeover-blouse#LimeGreen,hard
Alex,the-short-sleeve-wrap-jersey-top#Black,reversible-scoopv-neck-tank#Navy,random
Summer,tab-sleeve-longline-shirt#Navy,voyager-stripe-crew#Stripe,hard
Summer,tab-sleeve-longline-shirt#Navy,natural-textured-poncho#Deeprain,hard
Summer,tab-sleeve-longline-shirt#Navy,pattern-tunic-1#Lattice,random
Laura,the-cut-out-shoulder-blouse#Salmon,cara-tee-2#Blush,hard
Laura,the-cut-out-shoulder-blouse#Salmon,cara-tee-2#WhiteBlk,hard
Laura,the-cut-out-shoulder-blouse#Salmon,long-sleeve-softly-swinging-bamboo-tee#BlueJeans,random
Amanda,the-high-low-drape-tee#Sage,natural-textured-poncho#Deeprain,hard
Amanda,the-high-low-drape-tee#Sage,voyager-stripe-crew#Stripe,hard
Amanda,the-high-low-drape-tee#Sage,the-lace-trim-top#Ivory,random
Laura,rory-spliced-zip-hoodie#Silver,cara-tee-2#Blush,hard
Laura,rory-spliced-zip-hoodie#Silver,cara-tee-2#WhiteBlk,hard
Laura,rory-spliced-zip-hoodie#Silver,the-cotton-tie-detail-top#Ivory,random
Olivia,sugar-snaps-layers-tank#Mint,natural-textured-poncho#Deeprain,hard
Olivia,sugar-snaps-layers-tank#Mint,voyager-stripe-crew#Stripe,hard
Olivia,sugar-snaps-layers-tank#Mint,westward-top#BotanicalD,random
Anna,the-cut-out-shoulder-blouse#White,voyager-stripe-crew#Stripe,hard
Anna,the-cut-out-shoulder-blouse#White,makeover-blouse#LimeGreen,hard
Anna,the-cut-out-shoulder-blouse#White,square-nk-fray-trim-top#Denim,random
Amanda,the-linen-tie-sleeve-top#GreyMarle,natural-textured-poncho#Deeprain,hard
Amanda,the-linen-tie-sleeve-top#GreyMarle,voyager-stripe-crew#Stripe,hard
Amanda,the-linen-tie-sleeve-top#GreyMarle,falling-for-you-cardi#Rust,random
Summer,capri-tank-3#White,voyager-stripe-crew#Stripe,hard
Summer,capri-tank-3#White,natural-textured-poncho#Deeprain,hard
Summer,capri-tank-3#White,paige-top#Black,random
Gemma,layered-sleeve-top#DarkBlue,voyager-stripe-crew#Stripe,hard
Gemma,layered-sleeve-top#DarkBlue,makeover-blouse#LimeGreen,hard
Gemma,layered-sleeve-top#DarkBlue,long-sleeve-tee-2#NavyWhite,random
Riina,the-asymmetrical-hem-sweater#Blush,voyager-stripe-crew#Stripe,hard
Riina,the-asymmetrical-hem-sweater#Blush,makeover-blouse#LimeGreen,hard
Riina,the-asymmetrical-hem-sweater#Blush,belle-tier-tee#Blue,random
Gemma,animal-knit-1#Animal,voyager-stripe-crew#Stripe,hard
Gemma,animal-knit-1#Animal,makeover-blouse#LimeGreen,hard
Gemma,animal-knit-1#Animal,the-textured-spot-top#Pink,random
Marnee,long-sleeve-softly-swinging-bamboo-tee#Fern,natural-textured-poncho#Deeprain,hard
Marnee,long-sleeve-softly-swinging-bamboo-tee#Fern,voyager-stripe-crew#Stripe,hard
Marnee,long-sleeve-softly-swinging-bamboo-tee#Fern,bertie-top#BlkCherry,random
Gemma,longline-gather-back-shirt#Black,voyager-stripe-crew#Stripe,hard
Gemma,longline-gather-back-shirt#Black,makeover-blouse#LimeGreen,hard
Gemma,longline-gather-back-shirt#Black,the-drape-tee-1#Stripe,random
Chelsea,luxe-shirt#Black,voyager-stripe-crew#Stripe,hard
Chelsea,luxe-shirt#Black,makeover-blouse#LimeGreen,hard
Chelsea,luxe-shirt#Black,belle-half-sleeve-boat-tee#White,random
Laura,softly-swinging-bamboo-tee#BlueJeans,cara-tee-2#Blush,hard
Laura,softly-swinging-bamboo-tee#BlueJeans,cara-tee-2#WhiteBlk,hard
Laura,softly-swinging-bamboo-tee#BlueJeans,the-linen-tie-sleeve-top#GreyMarle,random
Jess,sugar-snaps-layers-tank#DeepCobalt,cara-tee-2#Blush,hard
Jess,sugar-snaps-layers-tank#DeepCobalt,cara-tee-2#WhiteBlk,hard
Jess,sugar-snaps-layers-tank#DeepCobalt,belle-lace-trim-tee#GreyMarle,random
Stacey,sequin-heart-layered-top#Natural,makeover-blouse#LimeGreen,hard
Stacey,sequin-heart-layered-top#Natural,cara-tee-2#Blush,hard
Stacey,sequin-heart-layered-top#Natural,cara-tee-3#ZebraPrint,random
Chelsea,luxe-shirt#Navy,voyager-stripe-crew#Stripe,hard
Chelsea,luxe-shirt#Navy,makeover-blouse#LimeGreen,hard
Chelsea,luxe-shirt#Navy,the-cross-over-printed-blouse#Leopard,random
Clementine,the-sleeveless-cross-over-blouse#Mint,voyager-stripe-crew#Stripe,hard
Clementine,the-sleeveless-cross-over-blouse#Mint,makeover-blouse#LimeGreen,hard
Clementine,the-sleeveless-cross-over-blouse#Mint,tuck-layer-shirt#White,random
Mae-Lee,sugar-snaps-layers-tank#SeaGreen,side-buttoned-sweater#Buttoned,hard
Mae-Lee,sugar-snaps-layers-tank#SeaGreen,voyager-stripe-crew#Stripe,hard
Mae-Lee,sugar-snaps-layers-tank#SeaGreen,lucy-rib-oversized-top#WhiteGrey,random
Sophia,rory-spliced-zip-hoodie#Slate,cara-tee-2#Blush,hard
Sophia,rory-spliced-zip-hoodie#Slate,cara-tee-2#WhiteBlk,hard
Sophia,rory-spliced-zip-hoodie#Slate,multi-pattern-print-top#NavyMulti,random
Stacey,skipping-stones-tunic#Natural,makeover-blouse#LimeGreen,hard
Stacey,skipping-stones-tunic#Natural,cara-tee-2#Blush,hard
Stacey,skipping-stones-tunic#Natural,pattern-tunic-1#Lattice,random
Anna,the-cotton-bamboo-tank#Moonbeam,voyager-stripe-crew#Stripe,hard
Anna,the-cotton-bamboo-tank#Moonbeam,makeover-blouse#LimeGreen,hard
Anna,the-cotton-bamboo-tank#Moonbeam,falling-for-you-cardi#Black,random
Alex,the-cross-over-blouse#Mint,voyager-stripe-crew#Stripe,hard
Alex,the-cross-over-blouse#Mint,makeover-blouse#LimeGreen,hard
Alex,the-cross-over-blouse#Mint,the-wrap-jersey-top#Charcoal,random
Marnee,long-sleeve-softly-swinging-bamboo-tee#Combat,natural-textured-poncho#Deeprain,hard
Marnee,long-sleeve-softly-swinging-bamboo-tee#Combat,voyager-stripe-crew#Stripe,hard
Marnee,long-sleeve-softly-swinging-bamboo-tee#Combat,diva-ruffle-jumper#Gold%20Spot,random
Palatina,2-in-1-layered-knit-top#Khaki,cara-tee-2#Blush,hard
Palatina,2-in-1-layered-knit-top#Khaki,cara-tee-2#WhiteBlk,hard
Palatina,2-in-1-layered-knit-top#Khaki,marquax-tunic#OnyxSpeck,random
Laura,the-cut-out-shoulder-blouse#Black,cara-tee-2#Blush,hard
Laura,the-cut-out-shoulder-blouse#Black,cara-tee-2#WhiteBlk,hard
Laura,the-cut-out-shoulder-blouse#Black,the-check-pullover#PinkCheck,random
Fiona,long-sleeve-layer-top#Navy,natural-textured-poncho#Deeprain,hard
Fiona,long-sleeve-layer-top#Navy,wonderland-blouse#Ink,hard
Fiona,long-sleeve-layer-top#Navy,daylight-cardi#Silver,random
Fiona,the-spotted-tunic#GreySpot,natural-textured-poncho#Deeprain,hard
Fiona,the-spotted-tunic#GreySpot,wonderland-blouse#Ink,hard
Fiona,the-spotted-tunic#GreySpot,belle-half-sleeve-forgiver-tunic#Apricot,random
Chelsea,the-oversized-cotton-blend-shirt#Navy,voyager-stripe-crew#Stripe,hard
Chelsea,the-oversized-cotton-blend-shirt#Navy,makeover-blouse#LimeGreen,hard
Chelsea,the-oversized-cotton-blend-shirt#Navy,clio-knit-jumper#StoneBlack,random
Monique,the-cotton-bamboo-tank#DuckEgg,voyager-stripe-crew#Stripe,hard
Monique,the-cotton-bamboo-tank#DuckEgg,makeover-blouse#LimeGreen,hard
Monique,the-cotton-bamboo-tank#DuckEgg,the-high-low-drape-tee#Sage,random
Jess,sugar-snaps-layers-tank#NewBeige,cara-tee-2#Blush,hard
Jess,sugar-snaps-layers-tank#NewBeige,cara-tee-2#WhiteBlk,hard
Jess,sugar-snaps-layers-tank#NewBeige,hayley-button-down#NavySparro,random
Alex,the-cotton-bamboo-tank#DuckEgg,voyager-stripe-crew#Stripe,hard
Alex,the-cotton-bamboo-tank#DuckEgg,makeover-blouse#LimeGreen,hard
Alex,the-cotton-bamboo-tank#DuckEgg,layered-top-2#White,random
Riina,the-spotted-tunic#GreySpot,voyager-stripe-crew#Stripe,hard
Riina,the-spotted-tunic#GreySpot,makeover-blouse#LimeGreen,hard
Riina,the-spotted-tunic#GreySpot,belle-two-in-one-top#Charcoal,random
Palatina,hydrangea-kimono#Hydrangea,cara-tee-2#Blush,hard
Palatina,hydrangea-kimono#Hydrangea,cara-tee-2#WhiteBlk,hard
Palatina,hydrangea-kimono#Hydrangea,york-linen-blend-top#BurntOrang,random
Summer,back-to-you-top#BlackMagic,voyager-stripe-crew#Stripe,hard
Summer,back-to-you-top#BlackMagic,natural-textured-poncho#Deeprain,hard
Summer,back-to-you-top#BlackMagic,millie-top#Blush,random
Riina,the-blouson-sleeve-jumper#Navy,voyager-stripe-crew#Stripe,hard
Riina,the-blouson-sleeve-jumper#Navy,makeover-blouse#LimeGreen,hard
Riina,the-blouson-sleeve-jumper#Navy,the-cross-over-blouse#Black,random
Marnee,the-relaxed-long-sleeve-tee#Pink,natural-textured-poncho#Deeprain,hard
Marnee,the-relaxed-long-sleeve-tee#Pink,voyager-stripe-crew#Stripe,hard
Marnee,the-relaxed-long-sleeve-tee#Pink,layer-me-bamboo-rouched-sleeve-tee#Copper,random
Lauren,the-tie-front-tank#Navy,side-buttoned-sweater#Buttoned,hard
Lauren,the-tie-front-tank#Navy,voyager-stripe-crew#Stripe,hard
Lauren,the-tie-front-tank#Navy,agra-shirt#White,random
Sophie,long-sleeve-softly-swinging-bamboo-tee#SilverScon,side-buttoned-sweater#Buttoned,hard
Sophie,long-sleeve-softly-swinging-bamboo-tee#SilverScon,the-tie-front-top#Navy,hard
Sophie,long-sleeve-softly-swinging-bamboo-tee#SilverScon,manhattan-stretch-tee#NavyWhtStr,random
Monique,layered-tunic-1#White,voyager-stripe-crew#Stripe,hard
Monique,layered-tunic-1#White,makeover-blouse#LimeGreen,hard
Monique,layered-tunic-1#White,lucy-rib-oversized-top#Black,random
Fiona,snug-as-a-bug-jumper#Smoke,natural-textured-poncho#Deeprain,hard
Fiona,snug-as-a-bug-jumper#Smoke,wonderland-blouse#Ink,hard
Fiona,snug-as-a-bug-jumper#Smoke,the-everyday-shirt#Cream,random
Jess,long-sleeve-softly-swinging-bamboo-tee#Cashew,cara-tee-2#Blush,hard
Jess,long-sleeve-softly-swinging-bamboo-tee#Cashew,cara-tee-2#WhiteBlk,hard
Jess,long-sleeve-softly-swinging-bamboo-tee#Cashew,sequin-cross-2-in-1-top#Navy,random
Stefania,the-contrast-panel-top#SageStripe,voyager-stripe-crew#Stripe,hard
Stefania,the-contrast-panel-top#SageStripe,makeover-blouse#LimeGreen,hard
Stefania,the-contrast-panel-top#SageStripe,long-sleeve-softly-swinging-bamboo-tee#Copper,random
Palatina,2-in-1-layered-top-1#PinkWhite,cara-tee-2#Blush,hard
Palatina,2-in-1-layered-top-1#PinkWhite,cara-tee-2#WhiteBlk,hard
Palatina,2-in-1-layered-top-1#PinkWhite,the-everyday-shirt#Rose,random
Tia,softly-swinging-bamboo-tee#Navy,the-panel-luxe-top#BlkWhite,hard
Tia,softly-swinging-bamboo-tee#Navy,the-panel-luxe-top#SilvWhite,hard
Tia,softly-swinging-bamboo-tee#Navy,nova-lux-long-sleeve-tie-top-1#NightSky,random
Summer,layered-tee-2#Black,voyager-stripe-crew#Stripe,hard
Summer,layered-tee-2#Black,natural-textured-poncho#Deeprain,hard
Summer,layered-tee-2#Black,be-mine-top-1#Sage,random
Ljubenka,the-cut-out-shoulder-blouse#Black,the-uneven-hem-knit-1#Sage,hard
Ljubenka,the-cut-out-shoulder-blouse#Black,natural-textured-poncho#Deeprain,hard
Ljubenka,the-cut-out-shoulder-blouse#Black,the-boat-neck-top#Black,random
Jess,the-drape-tee-1#Navy,cara-tee-2#Blush,hard
Jess,the-drape-tee-1#Navy,cara-tee-2#WhiteBlk,hard
Jess,the-drape-tee-1#Navy,moonlight-kisses-bamboo-tee#Black,random
Fiona,long-sleeve-softly-swinging-bamboo-tee#White,natural-textured-poncho#Deeprain,hard
Fiona,long-sleeve-softly-swinging-bamboo-tee#White,wonderland-blouse#Ink,hard
Fiona,long-sleeve-softly-swinging-bamboo-tee#White,neptune-top-1#PrimBlack,random
Amanda,the-shoulder-tie-top#Black,natural-textured-poncho#Deeprain,hard
Amanda,the-shoulder-tie-top#Black,voyager-stripe-crew#Stripe,hard
Amanda,the-shoulder-tie-top#Black,merino-boyfriend-cardigan#MelangeStr,random
Mandy,heartmade-cardi#DustyRose,voyager-stripe-crew#Stripe,hard
Mandy,heartmade-cardi#DustyRose,makeover-blouse#LimeGreen,hard
Mandy,heartmade-cardi#DustyRose,the-cut-out-shoulder-blouse#Salmon,random
Summer,dot-to-dot-knit-1#GreyMarle,voyager-stripe-crew#Stripe,hard
Summer,dot-to-dot-knit-1#GreyMarle,natural-textured-poncho#Deeprain,hard
Summer,dot-to-dot-knit-1#GreyMarle,the-wrap-jersey-top-1#NavyStripe,random
Lauren,belle-handkerchief-printed-cami#RustFlwrs,side-buttoned-sweater#Buttoned,hard
Lauren,belle-handkerchief-printed-cami#RustFlwrs,voyager-stripe-crew#Stripe,hard
Lauren,belle-handkerchief-printed-cami#RustFlwrs,paradise-top#Red,random
Ljubenka,the-cross-over-blouse#Red,the-uneven-hem-knit-1#Sage,hard
Ljubenka,the-cross-over-blouse#Red,natural-textured-poncho#Deeprain,hard
Ljubenka,the-cross-over-blouse#Red,llama-long-sleeve-shirt#Mustard,random
Stacey,out-of-my-mind-scallop-knit#GreyMarle,makeover-blouse#LimeGreen,hard
Stacey,out-of-my-mind-scallop-knit#GreyMarle,cara-tee-2#Blush,hard
Stacey,out-of-my-mind-scallop-knit#GreyMarle,freya-fringe-blouse#Navy,random
Mae-Lee,the-cross-over-blouse#RoyalBlue,side-buttoned-sweater#Buttoned,hard
Mae-Lee,the-cross-over-blouse#RoyalBlue,voyager-stripe-crew#Stripe,hard
Mae-Lee,the-cross-over-blouse#RoyalBlue,spiced-stripe-tee#NavyWhite,random
Laura,the-short-sleeve-wrap-jersey-top#NavyWhite,cara-tee-2#Blush,hard
Laura,the-short-sleeve-wrap-jersey-top#NavyWhite,cara-tee-2#WhiteBlk,hard
Laura,the-short-sleeve-wrap-jersey-top#NavyWhite,animal-knit-1#Animal,random
Maddy,the-long-sleeve-v-neck-tee#White,natural-textured-poncho#Deeprain,hard
Maddy,the-long-sleeve-v-neck-tee#White,voyager-stripe-crew#Stripe,hard
Maddy,the-long-sleeve-v-neck-tee#White,foil-spot-tee-1#Navy,random
Summer,rib-tank-2#Mustard,voyager-stripe-crew#Stripe,hard
Summer,rib-tank-2#Mustard,natural-textured-poncho#Deeprain,hard
Summer,rib-tank-2#Mustard,billow-top#Peach,random
Maddy,the-batwing-tee#Stone,natural-textured-poncho#Deeprain,hard
Maddy,the-batwing-tee#Stone,voyager-stripe-crew#Stripe,hard
Maddy,the-batwing-tee#Stone,belle-v-neck-forgiver-tunic#Scarlett,random
Emma,block-sweater#Block,voyager-stripe-crew#Stripe,hard
Emma,block-sweater#Block,makeover-blouse#LimeGreen,hard
Emma,block-sweater#Block,the-stripe-button-through-top#Coral,random
Mae-Lee,belle-v-neck-forgiver-tunic#Tobacco,side-buttoned-sweater#Buttoned,hard
Mae-Lee,belle-v-neck-forgiver-tunic#Tobacco,voyager-stripe-crew#Stripe,hard
Mae-Lee,belle-v-neck-forgiver-tunic#Tobacco,the-luxe-dobby-blouse#White,random
Maddy,the-cross-over-blouse#Red,natural-textured-poncho#Deeprain,hard
Maddy,the-cross-over-blouse#Red,voyager-stripe-crew#Stripe,hard
Maddy,the-cross-over-blouse#Red,ally-long-sleeve-tee#CosmosPr,random
Tia,layered-tee-2#White,the-panel-luxe-top#BlkWhite,hard
Tia,layered-tee-2#White,the-panel-luxe-top#SilvWhite,hard
Tia,layered-tee-2#White,the-contrast-detail-top#Ivory,random
Fiona,the-boat-neck-top#Navy,natural-textured-poncho#Deeprain,hard
Fiona,the-boat-neck-top#Navy,wonderland-blouse#Ink,hard
Fiona,the-boat-neck-top#Navy,the-on-or-off-the-shoulder-top#FrenchNavy,random
Riina,the-oversize-knit#GreyMarle,voyager-stripe-crew#Stripe,hard
Riina,the-oversize-knit#GreyMarle,makeover-blouse#LimeGreen,hard
Riina,the-oversize-knit#GreyMarle,karmen-top#HighRiskRe,random
Mae-Lee,falling-for-you-cardi#Navy,side-buttoned-sweater#Buttoned,hard
Mae-Lee,falling-for-you-cardi#Navy,voyager-stripe-crew#Stripe,hard
Mae-Lee,falling-for-you-cardi#Navy,the-bell-sleeve-top#Grey,random
Thais,jade-kimono-kaleidoscope#Blue,natural-textured-poncho#Deeprain,hard
Thais,jade-kimono-kaleidoscope#Blue,voyager-stripe-crew#Stripe,hard
Thais,jade-kimono-kaleidoscope#Blue,the-v-neck-stripe-top#BlkStripe,random
Stefania,cable-knit-sweater#Camel,voyager-stripe-crew#Stripe,hard
Stefania,cable-knit-sweater#Camel,makeover-blouse#LimeGreen,hard
Stefania,cable-knit-sweater#Camel,pure-merino-fine-rib-v-neck#Charcoal,random
Summer,nova-lux-long-sleeve-tie-top#AidaStripe,voyager-stripe-crew#Stripe,hard
Summer,nova-lux-long-sleeve-tie-top#AidaStripe,natural-textured-poncho#Deeprain,hard
Summer,nova-lux-long-sleeve-tie-top#AidaStripe,delicado-top#White,random
Riina,the-stripe-jersey-top#Blue,voyager-stripe-crew#Stripe,hard
Riina,the-stripe-jersey-top#Blue,makeover-blouse#LimeGreen,hard
Riina,the-stripe-jersey-top#Blue,aida-long-tunic-shirt#AidaStripe,random
Marnee,long-sleeve-softly-swinging-bamboo-tee#Navy,natural-textured-poncho#Deeprain,hard
Marnee,long-sleeve-softly-swinging-bamboo-tee#Navy,voyager-stripe-crew#Stripe,hard
Marnee,long-sleeve-softly-swinging-bamboo-tee#Navy,gloria-applique-crew#Charcoal,random
Emma,annabelle-sweater#Midnight,voyager-stripe-crew#Stripe,hard
Emma,annabelle-sweater#Midnight,makeover-blouse#LimeGreen,hard
Emma,annabelle-sweater#Midnight,clio-knit-jumper#Black,random
Miranda,york-linen-blend-top#BurntOrang,voyager-stripe-crew#Stripe,hard
Miranda,york-linen-blend-top#BurntOrang,makeover-blouse#LimeGreen,hard
Miranda,york-linen-blend-top#BurntOrang,falling-flowers-blouse#DustyPink,random
Natalie,the-sleeveless-cross-over-blouse#Chambray,natural-textured-poncho#Deeprain,hard
Natalie,the-sleeveless-cross-over-blouse#Chambray,voyager-stripe-crew#Stripe,hard
Natalie,the-sleeveless-cross-over-blouse#Chambray,belle-half-sleeve-forgiver-tunic#MutedClay,random
Ljubenka,paisley-top-1#Paisley,the-uneven-hem-knit-1#Sage,hard
Ljubenka,paisley-top-1#Paisley,natural-textured-poncho#Deeprain,hard
Ljubenka,paisley-top-1#Paisley,belle-square-neck-drape-tee#Vanilla,random
Georgia,floating-by-you-blouse#SeaFleur,voyager-stripe-crew#Stripe,hard
Georgia,floating-by-you-blouse#SeaFleur,makeover-blouse#LimeGreen,hard
Georgia,floating-by-you-blouse#SeaFleur,the-zip-front-top#Blue,random
Georgia,softly-swinging-bamboo-tee#Starfish,voyager-stripe-crew#Stripe,hard
Georgia,softly-swinging-bamboo-tee#Starfish,makeover-blouse#LimeGreen,hard
Georgia,softly-swinging-bamboo-tee#Starfish,the-stripe-tank-1#Hazelnut,random
Marnee,long-sleeve-softly-swinging-bamboo-tee#SilverScon,natural-textured-poncho#Deeprain,hard
Marnee,long-sleeve-softly-swinging-bamboo-tee#SilverScon,voyager-stripe-crew#Stripe,hard
Marnee,long-sleeve-softly-swinging-bamboo-tee#SilverScon,multi-sequin-dot-stripe-top#Navy,random
Maddy,the-long-sleeve-v-neck-tee#Navy,natural-textured-poncho#Deeprain,hard
Maddy,the-long-sleeve-v-neck-tee#Navy,voyager-stripe-crew#Stripe,hard
Maddy,the-long-sleeve-v-neck-tee#Navy,the-daily-cross-over-top#SkyBlue,random
Laura,layla-long-line-kimono#MultiStrip,cara-tee-2#Blush,hard
Laura,layla-long-line-kimono#MultiStrip,cara-tee-2#WhiteBlk,hard
Laura,layla-long-line-kimono#MultiStrip,cross-over-top-with-pocket#NavyMustrd,random
Monique,still-the-one-ruffle-blouse#Spot,voyager-stripe-crew#Stripe,hard
Monique,still-the-one-ruffle-blouse#Spot,makeover-blouse#LimeGreen,hard
Monique,still-the-one-ruffle-blouse#Spot,leah-knit-cardigan#WhiteBlk,random
Natalia,viola-kimono-radiant-floral#Grey,voyager-stripe-crew#Stripe,hard
Natalia,viola-kimono-radiant-floral#Grey,makeover-blouse#LimeGreen,hard
Natalia,viola-kimono-radiant-floral#Grey,the-long-sleeve-scoop-neck-tee#Navy,random
Laura,flying-free-top-3#WhiteBird,cara-tee-2#Blush,hard
Laura,flying-free-top-3#WhiteBird,cara-tee-2#WhiteBlk,hard
Laura,flying-free-top-3#WhiteBird,rose-shirt#BlueIllusi,random
Clementine,cross-my-heart-sweater#Regal,voyager-stripe-crew#Stripe,hard
Clementine,cross-my-heart-sweater#Regal,makeover-blouse#LimeGreen,hard
Clementine,cross-my-heart-sweater#Regal,striped-sleeve-sweater#Striped,random
Mae-Lee,crossing-the-plains-sweater-1#Indigo,side-buttoned-sweater#Buttoned,hard
Mae-Lee,crossing-the-plains-sweater-1#Indigo,voyager-stripe-crew#Stripe,hard
Mae-Lee,crossing-the-plains-sweater-1#Indigo,the-bonded-cotton-tunic-dress#Navy,random
Chelsea,ava-short-sleeve-linen-tee#Blush,voyager-stripe-crew#Stripe,hard
Chelsea,ava-short-sleeve-linen-tee#Blush,makeover-blouse#LimeGreen,hard
Chelsea,ava-short-sleeve-linen-tee#Blush,the-blouson-sleeve-jumper#Grey,random
Mae-Lee,the-long-sleeve-v-neck-tee#Navy,side-buttoned-sweater#Buttoned,hard
Mae-Lee,the-long-sleeve-v-neck-tee#Navy,voyager-stripe-crew#Stripe,hard
Mae-Lee,the-long-sleeve-v-neck-tee#Navy,messina-v-neck-tee#Black,random
Perrie,the-batwing-tee#FrenchBlue,natural-textured-poncho#Deeprain,hard
Perrie,the-batwing-tee#FrenchBlue,voyager-stripe-crew#Stripe,hard
Perrie,the-batwing-tee#FrenchBlue,falling-for-you-cardi#Rust,random
Palatina,chasing-birds-blouse#White,cara-tee-2#Blush,hard
Palatina,chasing-birds-blouse#White,cara-tee-2#WhiteBlk,hard
Palatina,chasing-birds-blouse#White,oregon-safari-embroidered-top#White,random
Ljubenka,belle-v-neck-forgiver-tunic#Charcoal,the-uneven-hem-knit-1#Sage,hard
Ljubenka,belle-v-neck-forgiver-tunic#Charcoal,natural-textured-poncho#Deeprain,hard
Ljubenka,belle-v-neck-forgiver-tunic#Charcoal,long-sleeve-layer-top#White,random
Helen,sailaway-blouse#OxfordBlue,voyager-stripe-crew#Stripe,hard
Helen,sailaway-blouse#OxfordBlue,makeover-blouse#LimeGreen,hard
Helen,sailaway-blouse#OxfordBlue,rising-mist-jumper#Nickel,random
Gemma,cara-tee-4#Black,voyager-stripe-crew#Stripe,hard
Gemma,cara-tee-4#Black,makeover-blouse#LimeGreen,hard
Gemma,cara-tee-4#Black,the-everyday-shirt#Black,random
Sophie,the-everyday-shirt#Pink,side-buttoned-sweater#Buttoned,hard
Sophie,the-everyday-shirt#Pink,the-tie-front-top#Navy,hard
Sophie,the-everyday-shirt#Pink,verona-patchwork-top#Patchwork,random
Marnee,softly-swinging-bamboo-tee#Jewel,natural-textured-poncho#Deeprain,hard
Marnee,softly-swinging-bamboo-tee#Jewel,voyager-stripe-crew#Stripe,hard
Marnee,softly-swinging-bamboo-tee#Jewel,stud-trim-long-sleeve-top#Mint,random
Mercy,belle-petal-print-top#Petal,voyager-stripe-crew#Stripe,hard
Mercy,belle-petal-print-top#Petal,makeover-blouse#LimeGreen,hard
Mercy,belle-petal-print-top#Petal,cotton-candy-side-split-top#IceBlue,random
Mae-Lee,long-sleeve-softly-swinging-bamboo-tee#Smoke,side-buttoned-sweater#Buttoned,hard
Mae-Lee,long-sleeve-softly-swinging-bamboo-tee#Smoke,voyager-stripe-crew#Stripe,hard
Mae-Lee,long-sleeve-softly-swinging-bamboo-tee#Smoke,runaway-top#Sand,random
Fiona,batty-about-you-cotton-tee#BlkWhite,natural-textured-poncho#Deeprain,hard
Fiona,batty-about-you-cotton-tee#BlkWhite,wonderland-blouse#Ink,hard
Fiona,batty-about-you-cotton-tee#BlkWhite,the-cross-over-blouse#Red,random
Jess,relaxed-top-1#FloraStrip,cara-tee-2#Blush,hard
Jess,relaxed-top-1#FloraStrip,cara-tee-2#WhiteBlk,hard
Jess,relaxed-top-1#FloraStrip,the-tie-front-top#Navy,random
Maddy,the-cut-out-shoulder-blouse#Blue,natural-textured-poncho#Deeprain,hard
Maddy,the-cut-out-shoulder-blouse#Blue,voyager-stripe-crew#Stripe,hard
Maddy,the-cut-out-shoulder-blouse#Blue,the-v-neck-stripe-top#BlkStripe,random
Emma,stripe-me-happy-blouse#Ash,voyager-stripe-crew#Stripe,hard
Emma,stripe-me-happy-blouse#Ash,makeover-blouse#LimeGreen,hard
Emma,stripe-me-happy-blouse#Ash,layered-sleeve-top#DarkBlue,random
Mercy,belle-ls-free-fall-tee#Blush,voyager-stripe-crew#Stripe,hard
Mercy,belle-ls-free-fall-tee#Blush,makeover-blouse#LimeGreen,hard
Mercy,belle-ls-free-fall-tee#Blush,the-boat-neck-top#Navy,random
Palatina,falling-for-you-cardi#Black,cara-tee-2#Blush,hard
Palatina,falling-for-you-cardi#Black,cara-tee-2#WhiteBlk,hard
Palatina,falling-for-you-cardi#Black,the-pirate-in-me-shirt#White,random
Perrie,the-batwing-tee#Sea,natural-textured-poncho#Deeprain,hard
Perrie,the-batwing-tee#Sea,voyager-stripe-crew#Stripe,hard
Perrie,the-batwing-tee#Sea,overlay-tunic-3-pce-set#Emerald,random
Palatina,jersey-split-back-hooded-top#NavyStrip,cara-tee-2#Blush,hard
Palatina,jersey-split-back-hooded-top#NavyStrip,cara-tee-2#WhiteBlk,hard
Palatina,jersey-split-back-hooded-top#NavyStrip,celestial-woven-top#White,random
Amanda,the-belle-sleeve-print-top#NavyPrint,natural-textured-poncho#Deeprain,hard
Amanda,the-belle-sleeve-print-top#NavyPrint,voyager-stripe-crew#Stripe,hard
Amanda,the-belle-sleeve-print-top#NavyPrint,cooks-shirt#Stripes,random
Natalie,the-sleeveless-cross-over-blouse#Sunshine,natural-textured-poncho#Deeprain,hard
Natalie,the-sleeveless-cross-over-blouse#Sunshine,voyager-stripe-crew#Stripe,hard
Natalie,the-sleeveless-cross-over-blouse#Sunshine,the-cotton-cardi#Khaki,random
Nadine,runaway-top#SoftPink,makeover-blouse#LimeGreen,hard
Nadine,runaway-top#SoftPink,pure-merino-fine-rib-v-neck#Charcoal,hard
Nadine,runaway-top#SoftPink,nova-lux-long-sleeve-tie-top#AidaStripe,random
Anna,the-wrap-jersey-top#Charcoal,voyager-stripe-crew#Stripe,hard
Anna,the-wrap-jersey-top#Charcoal,makeover-blouse#LimeGreen,hard
Anna,the-wrap-jersey-top#Charcoal,the-soft-knit-jumper#NavyStripe,random
Jess,belle-tie-neck-blouse-tee#White,cara-tee-2#Blush,hard
Jess,belle-tie-neck-blouse-tee#White,cara-tee-2#WhiteBlk,hard
Jess,belle-tie-neck-blouse-tee#White,great-scot-merino-carcoat#Twilight,random
Marnee,nuzuri-longline-cardi#Forest,natural-textured-poncho#Deeprain,hard
Marnee,nuzuri-longline-cardi#Forest,voyager-stripe-crew#Stripe,hard
Marnee,nuzuri-longline-cardi#Forest,belle-v-neck-forgiver-tunic#BlueMarle,random
Clementine,the-cross-over-blouse#Silver,voyager-stripe-crew#Stripe,hard
Clementine,the-cross-over-blouse#Silver,makeover-blouse#LimeGreen,hard
Clementine,the-cross-over-blouse#Silver,dot-to-dot-knit-1#GreyMarle,random
Laura,belle-lace-trim-tee#GreyMarle,cara-tee-2#Blush,hard
Laura,belle-lace-trim-tee#GreyMarle,cara-tee-2#WhiteBlk,hard
Laura,belle-lace-trim-tee#GreyMarle,meadow-cardigan#Cream,random
Anna,the-wrap-jersey-top#NavyWhite,voyager-stripe-crew#Stripe,hard
Anna,the-wrap-jersey-top#NavyWhite,makeover-blouse#LimeGreen,hard
Anna,the-wrap-jersey-top#NavyWhite,long-sleeve-softly-swinging-bamboo-tee#Navy,random
Gemma,snake-print-johnny-collar-top#BeigeSnake,voyager-stripe-crew#Stripe,hard
Gemma,snake-print-johnny-collar-top#BeigeSnake,makeover-blouse#LimeGreen,hard
Gemma,snake-print-johnny-collar-top#BeigeSnake,everyday-linen-tunic#BotanicalB,random
Ljubenka,wrap-me-up-bamboo-top#Black,the-uneven-hem-knit-1#Sage,hard
Ljubenka,wrap-me-up-bamboo-top#Black,natural-textured-poncho#Deeprain,hard
Ljubenka,wrap-me-up-bamboo-top#Black,wildflower-shirt#White,random
Summer,tab-sleeve-longline-shirt#Silver,voyager-stripe-crew#Stripe,hard
Summer,tab-sleeve-longline-shirt#Silver,natural-textured-poncho#Deeprain,hard
Summer,tab-sleeve-longline-shirt#Silver,melbourne-stretch-cardigan#NavyWhtStr,random
Marnee,weekend-vibes-blouse#Blush,natural-textured-poncho#Deeprain,hard
Marnee,weekend-vibes-blouse#Blush,voyager-stripe-crew#Stripe,hard
Marnee,weekend-vibes-blouse#Blush,circles-knit#Plum,random
Sophia,elcos-45-aop-top-jrs#BlackZigZa,cara-tee-2#Blush,hard
Sophia,elcos-45-aop-top-jrs#BlackZigZa,cara-tee-2#WhiteBlk,hard
Sophia,elcos-45-aop-top-jrs#BlackZigZa,the-boat-neck-top-1#Ink,random
Marnee,first-love-kimono-jacket#Stone,natural-textured-poncho#Deeprain,hard
Marnee,first-love-kimono-jacket#Stone,voyager-stripe-crew#Stripe,hard
Marnee,first-love-kimono-jacket#Stone,the-cosy-cardigan#Blue,random
Alex,the-cross-over-blouse#Sunshine,voyager-stripe-crew#Stripe,hard
Alex,the-cross-over-blouse#Sunshine,makeover-blouse#LimeGreen,hard
Alex,the-cross-over-blouse#Sunshine,falling-for-you-cardi#GreyMarle,random
Ljubenka,sugar-snaps-layers-tank#Red,the-uneven-hem-knit-1#Sage,hard
Ljubenka,sugar-snaps-layers-tank#Red,natural-textured-poncho#Deeprain,hard
Ljubenka,sugar-snaps-layers-tank#Red,st-helens-henley-tee#Sapphire,random
Georgia,arizona-off-the-shoulder-top#Khaki,voyager-stripe-crew#Stripe,hard
Georgia,arizona-off-the-shoulder-top#Khaki,makeover-blouse#LimeGreen,hard
Georgia,arizona-off-the-shoulder-top#Khaki,reversible-scoopv-neck-tank#White,random
Fiona,the-cross-over-poncho#Grey,natural-textured-poncho#Deeprain,hard
Fiona,the-cross-over-poncho#Grey,wonderland-blouse#Ink,hard
Fiona,the-cross-over-poncho#Grey,mixed-messages-jumper#MixedStrip,random
Sophie,the-daily-cross-over-top#SkyBlue,side-buttoned-sweater#Buttoned,hard
Sophie,the-daily-cross-over-top#SkyBlue,the-tie-front-top#Navy,hard
Sophie,the-daily-cross-over-top#SkyBlue,the-longline-cardi-1#GreyMarle,random
Fiona,belle-cowl-swing-sweater#Black,natural-textured-poncho#Deeprain,hard
Fiona,belle-cowl-swing-sweater#Black,wonderland-blouse#Ink,hard
Fiona,belle-cowl-swing-sweater#Black,linen-v-neck-cami-2#BlueWhite,random
Anna,the-sleeveless-cross-over-blouse#Black,voyager-stripe-crew#Stripe,hard
Anna,the-sleeveless-cross-over-blouse#Black,makeover-blouse#LimeGreen,hard
Anna,the-sleeveless-cross-over-blouse#Black,agra-shirt#White,random
Maddy,the-cross-over-blouse#White,natural-textured-poncho#Deeprain,hard
Maddy,the-cross-over-blouse#White,voyager-stripe-crew#Stripe,hard
Maddy,the-cross-over-blouse#White,fluid-tunic-top#White,random
Chelsea,drapey-stripe-tee#Navy,voyager-stripe-crew#Stripe,hard
Chelsea,drapey-stripe-tee#Navy,makeover-blouse#LimeGreen,hard
Chelsea,drapey-stripe-tee#Navy,long-sleeve-ruffle-shirt#Black,random
Natalie,the-cross-over-blouse#RoyalBlue,natural-textured-poncho#Deeprain,hard
Natalie,the-cross-over-blouse#RoyalBlue,voyager-stripe-crew#Stripe,hard
Natalie,the-cross-over-blouse#RoyalBlue,the-contrast-panel-top#SageStripe,random
Anna,the-relaxed-long-sleeve-tee#Khaki,voyager-stripe-crew#Stripe,hard
Anna,the-relaxed-long-sleeve-tee#Khaki,makeover-blouse#LimeGreen,hard
Anna,the-relaxed-long-sleeve-tee#Khaki,softly-swinging-bamboo-tee#TeaRose,random
Jess,runaway-top#JetBlack,cara-tee-2#Blush,hard
Jess,runaway-top#JetBlack,cara-tee-2#WhiteBlk,hard
Jess,runaway-top#JetBlack,the-stitch-v-neck-knit#PinkMarle,random
Laura,runaway-top#JetBlack,cara-tee-2#Blush,hard
Laura,runaway-top#JetBlack,cara-tee-2#WhiteBlk,hard
Laura,runaway-top#JetBlack,sequin-spot-shirt#Blue,random
Ljubenka,belle-v-neck-forgiver-tunic#Scarlett,the-uneven-hem-knit-1#Sage,hard
Ljubenka,belle-v-neck-forgiver-tunic#Scarlett,natural-textured-poncho#Deeprain,hard
Ljubenka,belle-v-neck-forgiver-tunic#Scarlett,geena-xo-ls-pullover-knit#Allure,random
Maddy,the-short-sleeve-wrap-jersey-top#Black,natural-textured-poncho#Deeprain,hard
Maddy,the-short-sleeve-wrap-jersey-top#Black,voyager-stripe-crew#Stripe,hard
Maddy,the-short-sleeve-wrap-jersey-top#Black,the-bell-sleeve-top#Grey,random
Sophie,the-reverse-sleeve-sweater#Navy,side-buttoned-sweater#Buttoned,hard
Sophie,the-reverse-sleeve-sweater#Navy,the-tie-front-top#Navy,hard
Sophie,the-reverse-sleeve-sweater#Navy,striped-sleeve-sweater#Striped,random
Stacey,the-stripe-jersey-top#Blue,makeover-blouse#LimeGreen,hard
Stacey,the-stripe-jersey-top#Blue,cara-tee-2#Blush,hard
Stacey,the-stripe-jersey-top#Blue,the-cross-over-blouse#RoyalBlue,random
Amanda,the-curve-striped-tank#Marine,natural-textured-poncho#Deeprain,hard
Amanda,the-curve-striped-tank#Marine,voyager-stripe-crew#Stripe,hard
Amanda,the-curve-striped-tank#Marine,layered-tunic-1#White,random
Anna,the-sleeveless-cross-over-blouse#Cobalt,voyager-stripe-crew#Stripe,hard
Anna,the-sleeveless-cross-over-blouse#Cobalt,makeover-blouse#LimeGreen,hard
Anna,the-sleeveless-cross-over-blouse#Cobalt,vivian-blouse#Check,random
Clementine,the-stripe-button-through-top#Coral,voyager-stripe-crew#Stripe,hard
Clementine,the-stripe-button-through-top#Coral,makeover-blouse#LimeGreen,hard
Clementine,the-stripe-button-through-top#Coral,monaco-knot-top#ClaySpot,random
Marnee,snug-as-a-bug-jumper#Smoke,natural-textured-poncho#Deeprain,hard
Marnee,snug-as-a-bug-jumper#Smoke,voyager-stripe-crew#Stripe,hard
Marnee,snug-as-a-bug-jumper#Smoke,belle-deep-v-mesh-top#Black,random
Natalia,roll-neck-jumper-3#GreyMarl,voyager-stripe-crew#Stripe,hard
Natalia,roll-neck-jumper-3#GreyMarl,makeover-blouse#LimeGreen,hard
Natalia,roll-neck-jumper-3#GreyMarl,the-flutter-sleeve-top#SnakePrint,random
Olivia,sugar-snaps-layers-tank#Blue,natural-textured-poncho#Deeprain,hard
Olivia,sugar-snaps-layers-tank#Blue,voyager-stripe-crew#Stripe,hard
Olivia,sugar-snaps-layers-tank#Blue,picnic-top#BlackWhite,random
Mae-Lee,the-cotton-bamboo-tank#DuckEgg,side-buttoned-sweater#Buttoned,hard
Mae-Lee,the-cotton-bamboo-tank#DuckEgg,voyager-stripe-crew#Stripe,hard
Mae-Lee,the-cotton-bamboo-tank#DuckEgg,the-everyday-shirt#Midnight,random
Georgia,falling-for-you-cardi#Khaki,voyager-stripe-crew#Stripe,hard
Georgia,falling-for-you-cardi#Khaki,makeover-blouse#LimeGreen,hard
Georgia,falling-for-you-cardi#Khaki,mixed-messages-jumper#MixedStrip,random
Olivia,runaway-top#JetBlack,natural-textured-poncho#Deeprain,hard
Olivia,runaway-top#JetBlack,voyager-stripe-crew#Stripe,hard
Olivia,runaway-top#JetBlack,grace-oversized-knit#Clay,random
Fiona,long-sleeve-softly-swinging-bamboo-tee#Fern,natural-textured-poncho#Deeprain,hard
Fiona,long-sleeve-softly-swinging-bamboo-tee#Fern,wonderland-blouse#Ink,hard
Fiona,long-sleeve-softly-swinging-bamboo-tee#Fern,belle-half-sleeve-forgiver-tunic#MutedClay,random
Laura,the-dobby-sleeve-tee#White,cara-tee-2#Blush,hard
Laura,the-dobby-sleeve-tee#White,cara-tee-2#WhiteBlk,hard
Laura,the-dobby-sleeve-tee#White,dahlia-lace-trim-blouse#Dusk,random
Jess,layer-me-bamboo-rouched-sleeve-tee#Black,cara-tee-2#Blush,hard
Jess,layer-me-bamboo-rouched-sleeve-tee#Black,cara-tee-2#WhiteBlk,hard
Jess,layer-me-bamboo-rouched-sleeve-tee#Black,lucy-rib-oversized-top#WhiteGrey,random
Sophie,long-sleeve-softly-swinging-bamboo-tee#Smoke,side-buttoned-sweater#Buttoned,hard
Sophie,long-sleeve-softly-swinging-bamboo-tee#Smoke,the-tie-front-top#Navy,hard
Sophie,long-sleeve-softly-swinging-bamboo-tee#Smoke,the-batwing-tee#Sea,random
Monique,layered-tunic-1#PalePink,voyager-stripe-crew#Stripe,hard
Monique,layered-tunic-1#PalePink,makeover-blouse#LimeGreen,hard
Monique,layered-tunic-1#PalePink,sequin-spot-cardi#Grey,random
Ljubenka,belle-nautical-applique-tee#BlueStripe,the-uneven-hem-knit-1#Sage,hard
Ljubenka,belle-nautical-applique-tee#BlueStripe,natural-textured-poncho#Deeprain,hard
Ljubenka,belle-nautical-applique-tee#BlueStripe,the-dobby-sleeve-tee#White,random
Riina,the-relaxed-long-sleeve-tee#Khaki,voyager-stripe-crew#Stripe,hard
Riina,the-relaxed-long-sleeve-tee#Khaki,makeover-blouse#LimeGreen,hard
Riina,the-relaxed-long-sleeve-tee#Khaki,pulkari-emb-top#Pulkari,random
Ljubenka,runaway-top#Sand,the-uneven-hem-knit-1#Sage,hard
Ljubenka,runaway-top#Sand,natural-textured-poncho#Deeprain,hard
Ljubenka,runaway-top#Sand,spiced-stripe-tee#NavyWhite,random
Gemma,cara-tee-4#BlackWhite,voyager-stripe-crew#Stripe,hard
Gemma,cara-tee-4#BlackWhite,makeover-blouse#LimeGreen,hard
Gemma,cara-tee-4#BlackWhite,natural-overlay-knit#Greybloss,random
Fiona,the-pleated-sleeve-top#Sage,natural-textured-poncho#Deeprain,hard
Fiona,the-pleated-sleeve-top#Sage,wonderland-blouse#Ink,hard
Fiona,the-pleated-sleeve-top#Sage,jewel-knit#GreyMarle,random
Fiona,leopard-print-kimono#GoldMulti,natural-textured-poncho#Deeprain,hard
Fiona,leopard-print-kimono#GoldMulti,wonderland-blouse#Ink,hard
Fiona,leopard-print-kimono#GoldMulti,the-everyday-shirt#Midnight,random
Summer,back-to-you-top#Rust,voyager-stripe-crew#Stripe,hard
Summer,back-to-you-top#Rust,natural-textured-poncho#Deeprain,hard
Summer,back-to-you-top#Rust,the-cascade-blouse#Auburn,random
Alex,the-cotton-bamboo-tank#DarkNavy,voyager-stripe-crew#Stripe,hard
Alex,the-cotton-bamboo-tank#DarkNavy,makeover-blouse#LimeGreen,hard
Alex,the-cotton-bamboo-tank#DarkNavy,natural-classic-cardigan#Pebble,random
Laura,softly-swinging-bamboo-tee#TeaRose,cara-tee-2#Blush,hard
Laura,softly-swinging-bamboo-tee#TeaRose,cara-tee-2#WhiteBlk,hard
Laura,softly-swinging-bamboo-tee#TeaRose,fundamental-vee-tee#Black,random
Georgia,long-sleeve-softly-swinging-bamboo-tee#Storm,voyager-stripe-crew#Stripe,hard
Georgia,long-sleeve-softly-swinging-bamboo-tee#Storm,makeover-blouse#LimeGreen,hard
Georgia,long-sleeve-softly-swinging-bamboo-tee#Storm,capri-tank-3#White,random
Natalie,the-cut-out-shoulder-blouse#White,natural-textured-poncho#Deeprain,hard
Natalie,the-cut-out-shoulder-blouse#White,voyager-stripe-crew#Stripe,hard
Natalie,the-cut-out-shoulder-blouse#White,jewel-knit#GreyMarle,random
Summer,lake-house-top#CoalPrint,voyager-stripe-crew#Stripe,hard
Summer,lake-house-top#CoalPrint,natural-textured-poncho#Deeprain,hard
Summer,lake-house-top#CoalPrint,the-pocket-tee#NavyStripe,random
Jess,border-stripe-knit#WhitePink,cara-tee-2#Blush,hard
Jess,border-stripe-knit#WhitePink,cara-tee-2#WhiteBlk,hard
Jess,border-stripe-knit#WhitePink,leah-knit-cardigan#Black,random
Kate,the-everyday-shirt#Rose,natural-textured-poncho#Deeprain,hard
Kate,the-everyday-shirt#Rose,animal-button-up-shirt#KhakiPrint,hard
Kate,the-everyday-shirt#Rose,sailaway-blouse#OxfordBlue,random
Alex,the-sleeveless-cross-over-blouse#White,voyager-stripe-crew#Stripe,hard
Alex,the-sleeveless-cross-over-blouse#White,makeover-blouse#LimeGreen,hard
Alex,the-sleeveless-cross-over-blouse#White,long-sleeve-softly-swinging-bamboo-tee#TeaRose,random
Kate,the-cross-over-blouse#White,natural-textured-poncho#Deeprain,hard
Kate,the-cross-over-blouse#White,animal-button-up-shirt#KhakiPrint,hard
Kate,the-cross-over-blouse#White,york-linen-blend-long-cardigan#BurntOrang,random
Gemma,holly-rib-long-sleeve-tee#WhiteGrey,voyager-stripe-crew#Stripe,hard
Gemma,holly-rib-long-sleeve-tee#WhiteGrey,makeover-blouse#LimeGreen,hard
Gemma,holly-rib-long-sleeve-tee#WhiteGrey,ava-short-sleeve-linen-tee#Blush,random
Emma,long-sleeve-softly-swinging-bamboo-tee#TeaRose,voyager-stripe-crew#Stripe,hard
Emma,long-sleeve-softly-swinging-bamboo-tee#TeaRose,makeover-blouse#LimeGreen,hard
Emma,long-sleeve-softly-swinging-bamboo-tee#TeaRose,monaco-knot-top#Black,random
Laura,the-essential-layering-tee#Ink,cara-tee-2#Blush,hard
Laura,the-essential-layering-tee#Ink,cara-tee-2#WhiteBlk,hard
Laura,the-essential-layering-tee#Ink,back-to-you-top#Rust,random
Summer,makeover-blouse#LimeGreen,voyager-stripe-crew#Stripe,hard
Summer,makeover-blouse#LimeGreen,natural-textured-poncho#Deeprain,hard
Summer,makeover-blouse#LimeGreen,tracie-top#Opal,random
Maddy,the-batwing-tee#Sea,natural-textured-poncho#Deeprain,hard
Maddy,the-batwing-tee#Sea,voyager-stripe-crew#Stripe,hard
Maddy,the-batwing-tee#Sea,napoleon-top-1#NemoBlue,random
Mae-Lee,the-bamboo-tunic-dress#Khaki,side-buttoned-sweater#Buttoned,hard
Mae-Lee,the-bamboo-tunic-dress#Khaki,voyager-stripe-crew#Stripe,hard
Mae-Lee,the-bamboo-tunic-dress#Khaki,softly-swinging-bamboo-singlet#BlueJean,random
Georgia,chill-out-slouch-top#GreyMarle,voyager-stripe-crew#Stripe,hard
Georgia,chill-out-slouch-top#GreyMarle,makeover-blouse#LimeGreen,hard
Georgia,chill-out-slouch-top#GreyMarle,the-shoulder-tie-top#White,random
Monique,gloria-applique-crew#Charcoal,voyager-stripe-crew#Stripe,hard
Monique,gloria-applique-crew#Charcoal,makeover-blouse#LimeGreen,hard
Monique,gloria-applique-crew#Charcoal,cotton-stripe-cardi-with-pockets#White,random
Fiona,long-sleeve-spot-top#Multispot,natural-textured-poncho#Deeprain,hard
Fiona,long-sleeve-spot-top#Multispot,wonderland-blouse#Ink,hard
Fiona,long-sleeve-spot-top#Multispot,falling-flowers-cardi#GreyMarle,random
Fiona,the-double-layer-top#Black,natural-textured-poncho#Deeprain,hard
Fiona,the-double-layer-top#Black,wonderland-blouse#Ink,hard
Fiona,the-double-layer-top#Black,the-longline-cardi-1#GreyMarle,random
Olivia,the-sleeveless-cross-over-blouse#White,natural-textured-poncho#Deeprain,hard
Olivia,the-sleeveless-cross-over-blouse#White,voyager-stripe-crew#Stripe,hard
Olivia,the-sleeveless-cross-over-blouse#White,cross-over-top-with-pocket#NavyMustrd,random
Laura,the-cross-front-spot-blouse#NavySpot,cara-tee-2#Blush,hard
Laura,the-cross-front-spot-blouse#NavySpot,cara-tee-2#WhiteBlk,hard
Laura,the-cross-front-spot-blouse#NavySpot,glasgow-top#Melange,random
Marnee,cross-my-heart-sweater#Regal,natural-textured-poncho#Deeprain,hard
Marnee,cross-my-heart-sweater#Regal,voyager-stripe-crew#Stripe,hard
Marnee,cross-my-heart-sweater#Regal,belle-lace-trim-tee#GreyMarle,random
Marnee,falling-for-you-cardi#Navy,natural-textured-poncho#Deeprain,hard
Marnee,falling-for-you-cardi#Navy,voyager-stripe-crew#Stripe,hard
Marnee,falling-for-you-cardi#Navy,stripe-sweater-2#Blue,random
Ljubenka,belle-v-neck-forgiver-tunic#Black,the-uneven-hem-knit-1#Sage,hard
Ljubenka,belle-v-neck-forgiver-tunic#Black,natural-textured-poncho#Deeprain,hard
Ljubenka,belle-v-neck-forgiver-tunic#Black,the-wrap-jersey-top#PortSpot,random
Kate,runaway-top#SoftPink,natural-textured-poncho#Deeprain,hard
Kate,runaway-top#SoftPink,animal-button-up-shirt#KhakiPrint,hard
Kate,runaway-top#SoftPink,butterfly-blouse-1#Ivory,random
Jess,the-sleeveless-cross-over-blouse#Sunshine,cara-tee-2#Blush,hard
Jess,the-sleeveless-cross-over-blouse#Sunshine,cara-tee-2#WhiteBlk,hard
Jess,the-sleeveless-cross-over-blouse#Sunshine,seeker-knot-front-shirt#Olive,random
Riina,the-contrast-knit-1#Navy,voyager-stripe-crew#Stripe,hard
Riina,the-contrast-knit-1#Navy,makeover-blouse#LimeGreen,hard
Riina,the-contrast-knit-1#Navy,the-asymmetrical-tank-top#Indigo,random
Anna,the-wrap-jersey-top#PortSpot,voyager-stripe-crew#Stripe,hard
Anna,the-wrap-jersey-top#PortSpot,makeover-blouse#LimeGreen,hard
Anna,the-wrap-jersey-top#PortSpot,belle-lace-trim-tee#GreyMarle,random
Laura,ponte-spot-top#BlackWhite,cara-tee-2#Blush,hard
Laura,ponte-spot-top#BlackWhite,cara-tee-2#WhiteBlk,hard
Laura,ponte-spot-top#BlackWhite,the-panel-hem-top#Khaki,random
Georgia,sugar-snaps-layers-tank#White,voyager-stripe-crew#Stripe,hard
Georgia,sugar-snaps-layers-tank#White,makeover-blouse#LimeGreen,hard
Georgia,sugar-snaps-layers-tank#White,saba-top-2#Catus,random
Maddy,the-wrap-jersey-top#NavyWhite,natural-textured-poncho#Deeprain,hard
Maddy,the-wrap-jersey-top#NavyWhite,voyager-stripe-crew#Stripe,hard
Maddy,the-wrap-jersey-top#NavyWhite,softly-swinging-bamboo-tee#Jewel,random
Riina,the-blouson-sleeve-jumper#Grey,voyager-stripe-crew#Stripe,hard
Riina,the-blouson-sleeve-jumper#Grey,makeover-blouse#LimeGreen,hard
Riina,the-blouson-sleeve-jumper#Grey,the-wrap-jersey-top#JetBlack,random
Georgia,falling-for-you-tunic#Rust,voyager-stripe-crew#Stripe,hard
Georgia,falling-for-you-tunic#Rust,makeover-blouse#LimeGreen,hard
Georgia,falling-for-you-tunic#Rust,the-blouson-sleeve-jumper#Grey,random
Ljubenka,belle-half-sleeve-forgiver-tunic#FlamPink,the-uneven-hem-knit-1#Sage,hard
Ljubenka,belle-half-sleeve-forgiver-tunic#FlamPink,natural-textured-poncho#Deeprain,hard
Ljubenka,belle-half-sleeve-forgiver-tunic#FlamPink,relaxed-cape#Black,random
Perrie,vivid-dreams-blouse#Dusty%20Rose,natural-textured-poncho#Deeprain,hard
Perrie,vivid-dreams-blouse#Dusty%20Rose,voyager-stripe-crew#Stripe,hard
Perrie,vivid-dreams-blouse#Dusty%20Rose,fundamental-vee-tee#Pink,random
Riina,the-soft-knit-jumper#PinkStripe,voyager-stripe-crew#Stripe,hard
Riina,the-soft-knit-jumper#PinkStripe,makeover-blouse#LimeGreen,hard
Riina,the-soft-knit-jumper#PinkStripe,the-long-sleeve-scoop-neck-tee#Navy,random
Georgia,lazy-daze-tee#Khaki,voyager-stripe-crew#Stripe,hard
Georgia,lazy-daze-tee#Khaki,makeover-blouse#LimeGreen,hard
Georgia,lazy-daze-tee#Khaki,great-scot-merino-carcoat#Twilight,random
Olivia,sugar-snaps-layers-tank#SeaGreen,natural-textured-poncho#Deeprain,hard
Olivia,sugar-snaps-layers-tank#SeaGreen,voyager-stripe-crew#Stripe,hard
Olivia,sugar-snaps-layers-tank#SeaGreen,the-reversible-cowl-neck-top-1#Black,random
Palatina,luxe-shirt#Champagne,cara-tee-2#Blush,hard
Palatina,luxe-shirt#Champagne,cara-tee-2#WhiteBlk,hard
Palatina,luxe-shirt#Champagne,chill-out-slouch-top#GreyMarle,random
Monique,the-design-fold-tunic-top#PearlBlue,voyager-stripe-crew#Stripe,hard
Monique,the-design-fold-tunic-top#PearlBlue,makeover-blouse#LimeGreen,hard
Monique,the-design-fold-tunic-top#PearlBlue,foil-spot-tee-1#Navy,random
Stacey,the-midi-waterfall-cardi#BlueMarle,makeover-blouse#LimeGreen,hard
Stacey,the-midi-waterfall-cardi#BlueMarle,cara-tee-2#Blush,hard
Stacey,the-midi-waterfall-cardi#BlueMarle,the-cross-over-top#GreyStripe,random
Emma,contrast-stripe-sweater#Pockets,voyager-stripe-crew#Stripe,hard
Emma,contrast-stripe-sweater#Pockets,makeover-blouse#LimeGreen,hard
Emma,contrast-stripe-sweater#Pockets,stripe-sweater-2#Blue,random
Fiona,the-fleck-roll-neck-knit#Oatmeal,natural-textured-poncho#Deeprain,hard
Fiona,the-fleck-roll-neck-knit#Oatmeal,wonderland-blouse#Ink,hard
Fiona,the-fleck-roll-neck-knit#Oatmeal,the-everyday-shirt#Black,random
Georgia,chill-out-slouch-top#Mustard,voyager-stripe-crew#Stripe,hard
Georgia,chill-out-slouch-top#Mustard,makeover-blouse#LimeGreen,hard
Georgia,chill-out-slouch-top#Mustard,the-cross-over-top#NavyStripe,random
Louise,layered-tee-2#White,pure-merino-fine-rib-polo#BlackStri,hard
Louise,layered-tee-2#White,voyager-stripe-crew#Stripe,hard
Louise,layered-tee-2#White,bird-jumper#Navy,random
Denniel,the-cut-out-shoulder-blouse#Black,natural-textured-poncho#Deeprain,hard
Denniel,the-cut-out-shoulder-blouse#Black,voyager-stripe-crew#Stripe,hard
Denniel,the-cut-out-shoulder-blouse#Black,falling-for-you-cardi#Navy,random
Laura,the-cape-jersey-top#DarkNavy,cara-tee-2#Blush,hard
Laura,the-cape-jersey-top#DarkNavy,cara-tee-2#WhiteBlk,hard
Laura,the-cape-jersey-top#DarkNavy,first-mix-top-1#BlackWhite,random
Tia,layer-top-1#Navy,the-panel-luxe-top#BlkWhite,hard
Tia,layer-top-1#Navy,the-panel-luxe-top#SilvWhite,hard
Tia,layer-top-1#Navy,the-stripe-crossover-blouse#Bluestripe,random
Amanda,the-sleeveless-cross-over-blouse#Cobalt,natural-textured-poncho#Deeprain,hard
Amanda,the-sleeveless-cross-over-blouse#Cobalt,voyager-stripe-crew#Stripe,hard
Amanda,the-sleeveless-cross-over-blouse#Cobalt,ella-funnel-neck-top#Khaki,random
Lauren,belle-half-sleeve-boat-tee#Black,side-buttoned-sweater#Buttoned,hard
Lauren,belle-half-sleeve-boat-tee#Black,voyager-stripe-crew#Stripe,hard
Lauren,belle-half-sleeve-boat-tee#Black,the-striped-top#BlueStripe,random
Laura,the-zip-front-top#Blue,cara-tee-2#Blush,hard
Laura,the-zip-front-top#Blue,cara-tee-2#WhiteBlk,hard
Laura,the-zip-front-top#Blue,meredith-78-oversized-pullover-knit#CameoRose,random
Fiona,the-high-low-drape-tee#Grey,natural-textured-poncho#Deeprain,hard
Fiona,the-high-low-drape-tee#Grey,wonderland-blouse#Ink,hard
Fiona,the-high-low-drape-tee#Grey,the-midi-waterfall-cardi#BlueMarle,random
Kate,the-wrap-jersey-top#Charcoal,natural-textured-poncho#Deeprain,hard
Kate,the-wrap-jersey-top#Charcoal,animal-button-up-shirt#KhakiPrint,hard
Kate,the-wrap-jersey-top#Charcoal,the-stripe-button-through-top#Coral,random
Fiona,tracie-top#Black,natural-textured-poncho#Deeprain,hard
Fiona,tracie-top#Black,wonderland-blouse#Ink,hard
Fiona,tracie-top#Black,layer-top-1#Navy,random
Stefania,the-contrast-panel-top#BlkStripe,voyager-stripe-crew#Stripe,hard
Stefania,the-contrast-panel-top#BlkStripe,makeover-blouse#LimeGreen,hard
Stefania,the-contrast-panel-top#BlkStripe,dahlia-lace-trim-blouse#Dusk,random
Amanda,the-contrast-knit-1#Sage,natural-textured-poncho#Deeprain,hard
Amanda,the-contrast-knit-1#Sage,voyager-stripe-crew#Stripe,hard
Amanda,the-contrast-knit-1#Sage,the-roll-neck-sleeveless-top-1#Black,random
Stefania,the-sleeve-detail-knit#Ivory,voyager-stripe-crew#Stripe,hard
Stefania,the-sleeve-detail-knit#Ivory,makeover-blouse#LimeGreen,hard
Stefania,the-sleeve-detail-knit#Ivory,the-box-top#Blush,random
Jess,the-drape-tee-1#Stripe,cara-tee-2#Blush,hard
Jess,the-drape-tee-1#Stripe,cara-tee-2#WhiteBlk,hard
Jess,the-drape-tee-1#Stripe,lucy-rib-oversized-top#Black,random
Sophie,the-everyday-shirt#Rose,side-buttoned-sweater#Buttoned,hard
Sophie,the-everyday-shirt#Rose,the-tie-front-top#Navy,hard
Sophie,the-everyday-shirt#Rose,sequin-star-tee#Navy,random
Sophie,long-sleeve-softly-swinging-bamboo-tee#Storm,side-buttoned-sweater#Buttoned,hard
Sophie,long-sleeve-softly-swinging-bamboo-tee#Storm,the-tie-front-top#Navy,hard
Sophie,long-sleeve-softly-swinging-bamboo-tee#Storm,the-sleeveless-cross-over-blouse#Salmon,random
Jess,natural-tie-tunic#BlueSky,cara-tee-2#Blush,hard
Jess,natural-tie-tunic#BlueSky,cara-tee-2#WhiteBlk,hard
Jess,natural-tie-tunic#BlueSky,messina-v-neck-tee#White,random
Jess,the-short-sleeve-wrap-jersey-top#Black,cara-tee-2#Blush,hard
Jess,the-short-sleeve-wrap-jersey-top#Black,cara-tee-2#WhiteBlk,hard
Jess,the-short-sleeve-wrap-jersey-top#Black,spiced-stripe-tee#NavyWhite,random
Amanda,the-double-layer-top#Black,natural-textured-poncho#Deeprain,hard
Amanda,the-double-layer-top#Black,voyager-stripe-crew#Stripe,hard
Amanda,the-double-layer-top#Black,softly-swinging-bamboo-tee#Cashew,random
Georgia,daisy-chain-tassel-blouse#DeepBlue,voyager-stripe-crew#Stripe,hard
Georgia,daisy-chain-tassel-blouse#DeepBlue,makeover-blouse#LimeGreen,hard
Georgia,daisy-chain-tassel-blouse#DeepBlue,the-tie-sleeve-blouse#Grey,random
Sophie,long-sleeve-softly-swinging-bamboo-tee#Navy,side-buttoned-sweater#Buttoned,hard
Sophie,long-sleeve-softly-swinging-bamboo-tee#Navy,the-tie-front-top#Navy,hard
Sophie,long-sleeve-softly-swinging-bamboo-tee#Navy,aztec-cardigan#BlackIvory,random
Mae-Lee,reversible-scoopv-neck-tank#White,side-buttoned-sweater#Buttoned,hard
Mae-Lee,reversible-scoopv-neck-tank#White,voyager-stripe-crew#Stripe,hard
Mae-Lee,reversible-scoopv-neck-tank#White,cara-tee-4#White,random
Jude,falling-for-you-cardi#Black,voyager-stripe-crew#Stripe,hard
Jude,falling-for-you-cardi#Black,makeover-blouse#LimeGreen,hard
Jude,falling-for-you-cardi#Black,bird-jumper#Navy,random
Kate,the-cross-over-blouse#Red,natural-textured-poncho#Deeprain,hard
Kate,the-cross-over-blouse#Red,animal-button-up-shirt#KhakiPrint,hard
Kate,the-cross-over-blouse#Red,falling-for-you-top#Blue,random
Mae-Lee,pocket-shirt-1#Ivory,side-buttoned-sweater#Buttoned,hard
Mae-Lee,pocket-shirt-1#Ivory,voyager-stripe-crew#Stripe,hard
Mae-Lee,pocket-shirt-1#Ivory,frill-me-tie-throw-on#WhiteBlk,random
Denniel,the-short-sleeve-wrap-jersey-top#NavyWhite,natural-textured-poncho#Deeprain,hard
Denniel,the-short-sleeve-wrap-jersey-top#NavyWhite,voyager-stripe-crew#Stripe,hard
Denniel,the-short-sleeve-wrap-jersey-top#NavyWhite,maui-stretch-tee#Black,random
Anna,the-cotton-bamboo-tee#DustyPink,voyager-stripe-crew#Stripe,hard
Anna,the-cotton-bamboo-tee#DustyPink,makeover-blouse#LimeGreen,hard
Anna,the-cotton-bamboo-tee#DustyPink,tab-sleeve-longline-shirt#Silver,random
Natalie,the-cut-out-shoulder-blouse#Silver,natural-textured-poncho#Deeprain,hard
Natalie,the-cut-out-shoulder-blouse#Silver,voyager-stripe-crew#Stripe,hard
Natalie,the-cut-out-shoulder-blouse#Silver,long-sleeve-layer-top#Navy,random
Jess,the-cross-front-spot-blouse#Spot,cara-tee-2#Blush,hard
Jess,the-cross-front-spot-blouse#Spot,cara-tee-2#WhiteBlk,hard
Jess,the-cross-front-spot-blouse#Spot,bodega-knit#Moss,random
Mae-Lee,reversible-scoopv-neck-tank#Black,side-buttoned-sweater#Buttoned,hard
Mae-Lee,reversible-scoopv-neck-tank#Black,voyager-stripe-crew#Stripe,hard
Mae-Lee,reversible-scoopv-neck-tank#Black,suri-bell-sleeve-top#GreyMarle,random
Sophie,the-dobby-sleeve-tee#InkBlue,side-buttoned-sweater#Buttoned,hard
Sophie,the-dobby-sleeve-tee#InkBlue,the-tie-front-top#Navy,hard
Sophie,the-dobby-sleeve-tee#InkBlue,the-oversized-cotton-blend-shirt#Sand,random
Anna,the-sleeveless-cross-over-blouse#Sunshine,voyager-stripe-crew#Stripe,hard
Anna,the-sleeveless-cross-over-blouse#Sunshine,makeover-blouse#LimeGreen,hard
Anna,the-sleeveless-cross-over-blouse#Sunshine,sugar-snaps-layers-tank#White,random
Laura,manhattan-stretch-tee#Black,cara-tee-2#Blush,hard
Laura,manhattan-stretch-tee#Black,cara-tee-2#WhiteBlk,hard
Laura,manhattan-stretch-tee#Black,juno-cardigan#GreyMarle,random
Jess,the-design-fold-tunic-top#PearlBlue,cara-tee-2#Blush,hard
Jess,the-design-fold-tunic-top#PearlBlue,cara-tee-2#WhiteBlk,hard
Jess,the-design-fold-tunic-top#PearlBlue,the-reversible-cowl-neck-top-1#White,random
Georgia,runaway-top#SoftMint,voyager-stripe-crew#Stripe,hard
Georgia,runaway-top#SoftMint,makeover-blouse#LimeGreen,hard
Georgia,runaway-top#SoftMint,heart-spliced-top#Navy,random
Riina,the-contrast-panel-top#BlkStripe,voyager-stripe-crew#Stripe,hard
Riina,the-contrast-panel-top#BlkStripe,makeover-blouse#LimeGreen,hard
Riina,the-contrast-panel-top#BlkStripe,the-cross-over-top#NavyStripe,random
Amanda,the-everyday-shirt#Rose,natural-textured-poncho#Deeprain,hard
Amanda,the-everyday-shirt#Rose,voyager-stripe-crew#Stripe,hard
Amanda,the-everyday-shirt#Rose,the-boat-neck-top-1#NavyWhite,random
Clementine,the-on-or-off-the-shoulder-top#FrenchNavy,voyager-stripe-crew#Stripe,hard
Clementine,the-on-or-off-the-shoulder-top#FrenchNavy,makeover-blouse#LimeGreen,hard
Clementine,the-on-or-off-the-shoulder-top#FrenchNavy,sontana-blouse#Stone,random
Denniel,the-cut-out-shoulder-blouse#Clay,natural-textured-poncho#Deeprain,hard
Denniel,the-cut-out-shoulder-blouse#Clay,voyager-stripe-crew#Stripe,hard
Denniel,the-cut-out-shoulder-blouse#Clay,milan-34-sleeve-1#Melange,random
Nadine,multi-sequin-dot-stripe-top#Navy,makeover-blouse#LimeGreen,hard
Nadine,multi-sequin-dot-stripe-top#Navy,pure-merino-fine-rib-v-neck#Charcoal,hard
Nadine,multi-sequin-dot-stripe-top#Navy,snake-print-johnny-collar-top#BeigeSnake,random
Jess,the-short-sleeve-wrap-jersey-top#NavyWhite,cara-tee-2#Blush,hard
Jess,the-short-sleeve-wrap-jersey-top#NavyWhite,cara-tee-2#WhiteBlk,hard
Jess,the-short-sleeve-wrap-jersey-top#NavyWhite,ruffle-hem-jersey-top#Pink,random
Fiona,belle-cowl-swing-sweater#Green,natural-textured-poncho#Deeprain,hard
Fiona,belle-cowl-swing-sweater#Green,wonderland-blouse#Ink,hard
Fiona,belle-cowl-swing-sweater#Green,the-cut-out-shoulder-blouse#Black,random
Laura,this-mortal-coil-drape#StormClam,cara-tee-2#Blush,hard
Laura,this-mortal-coil-drape#StormClam,cara-tee-2#WhiteBlk,hard
Laura,this-mortal-coil-drape#StormClam,rib-tank-2#Khaki,random
Kate,runaway-top#Sand,natural-textured-poncho#Deeprain,hard
Kate,runaway-top#Sand,animal-button-up-shirt#KhakiPrint,hard
Kate,runaway-top#Sand,the-pocket-tee#GreyStripe,random
Fiona,long-sleeve-softly-swinging-bamboo-tee#Black,natural-textured-poncho#Deeprain,hard
Fiona,long-sleeve-softly-swinging-bamboo-tee#Black,wonderland-blouse#Ink,hard
Fiona,long-sleeve-softly-swinging-bamboo-tee#Black,layer-me-bamboo-rouched-sleeve-tee#White,random
Gemma,wonderlust-tee#BurntOran,voyager-stripe-crew#Stripe,hard
Gemma,wonderlust-tee#BurntOran,makeover-blouse#LimeGreen,hard
Gemma,wonderlust-tee#BurntOran,softly-falling-bamboo-tunic#Copper,random
Emma,the-relaxed-long-sleeve-tee#White,voyager-stripe-crew#Stripe,hard
Emma,the-relaxed-long-sleeve-tee#White,makeover-blouse#LimeGreen,hard
Emma,the-relaxed-long-sleeve-tee#White,maui-stretch-tee#White,random
Fiona,the-shoulder-tie-top#Navy,natural-textured-poncho#Deeprain,hard
Fiona,the-shoulder-tie-top#Navy,wonderland-blouse#Ink,hard
Fiona,the-shoulder-tie-top#Navy,the-relaxed-long-sleeve-tee#White,random
Chelsea,cotton-modal-print-top#PinkNavy,voyager-stripe-crew#Stripe,hard
Chelsea,cotton-modal-print-top#PinkNavy,makeover-blouse#LimeGreen,hard
Chelsea,cotton-modal-print-top#PinkNavy,cara-tee-3#Mustard,random
Mae-Lee,the-cotton-bamboo-tank#DarkNavy,side-buttoned-sweater#Buttoned,hard
Mae-Lee,the-cotton-bamboo-tank#DarkNavy,voyager-stripe-crew#Stripe,hard
Mae-Lee,the-cotton-bamboo-tank#DarkNavy,the-everyday-shirt#Rose,random
Mae-Lee,sugar-snaps-layers-tank#NewBeige,side-buttoned-sweater#Buttoned,hard
Mae-Lee,sugar-snaps-layers-tank#NewBeige,voyager-stripe-crew#Stripe,hard
Mae-Lee,sugar-snaps-layers-tank#NewBeige,tia-boyfriend-shirt#White,random
Charlotte,natural-tie-tunic#BlueSky,voyager-stripe-crew#Stripe,hard
Charlotte,natural-tie-tunic#BlueSky,makeover-blouse#LimeGreen,hard
Charlotte,natural-tie-tunic#BlueSky,sunshine-in-me-tee-1#GreyMarle,random
Emma,westward-top#BotanicalD,voyager-stripe-crew#Stripe,hard
Emma,westward-top#BotanicalD,makeover-blouse#LimeGreen,hard
Emma,westward-top#BotanicalD,germaine-blouse#Pearl,random
Laura,the-cross-front-spot-blouse#Spot,cara-tee-2#Blush,hard
Laura,the-cross-front-spot-blouse#Spot,cara-tee-2#WhiteBlk,hard
Laura,the-cross-front-spot-blouse#Spot,multi-sequin-dot-stripe-top#Navy,random
Chelsea,the-high-low-drape-tee#Grey,voyager-stripe-crew#Stripe,hard
Chelsea,the-high-low-drape-tee#Grey,makeover-blouse#LimeGreen,hard
Chelsea,the-high-low-drape-tee#Grey,high-neck-tie-top#Black,random
Palatina,sand-queen-throw-blouse#Fleur,cara-tee-2#Blush,hard
Palatina,sand-queen-throw-blouse#Fleur,cara-tee-2#WhiteBlk,hard
Palatina,sand-queen-throw-blouse#Fleur,amira-sweater#Cream,random
Shadae,capri-tank-6#HeatheGrey,voyager-stripe-crew#Stripe,hard
Shadae,capri-tank-6#HeatheGrey,makeover-blouse#LimeGreen,hard
Shadae,capri-tank-6#HeatheGrey,the-contrast-detail-top#Ivory,random
Marnee,sugar-snaps-layers-tank#Red,natural-textured-poncho#Deeprain,hard
Marnee,sugar-snaps-layers-tank#Red,voyager-stripe-crew#Stripe,hard
Marnee,sugar-snaps-layers-tank#Red,cara-tee-4#Black,random
Denniel,the-cross-over-blouse#Silver,natural-textured-poncho#Deeprain,hard
Denniel,the-cross-over-blouse#Silver,voyager-stripe-crew#Stripe,hard
Denniel,the-cross-over-blouse#Silver,birds-tee-1#Navy,random
Anna,the-drape-tee-1#NavyStripe,voyager-stripe-crew#Stripe,hard
Anna,the-drape-tee-1#NavyStripe,makeover-blouse#LimeGreen,hard
Anna,the-drape-tee-1#NavyStripe,the-crossover-2-way-blouse#Black,random
Sophia,sugar-snaps-throw-jacket#Duckegg,cara-tee-2#Blush,hard
Sophia,sugar-snaps-throw-jacket#Duckegg,cara-tee-2#WhiteBlk,hard
Sophia,sugar-snaps-throw-jacket#Duckegg,jewel-knit#GreyMarle,random
Gemma,billow-top#Black,voyager-stripe-crew#Stripe,hard
Gemma,billow-top#Black,makeover-blouse#LimeGreen,hard
Gemma,billow-top#Black,falling-flowers-cardi#GreyMarle,random
Mae-Lee,the-cross-over-blouse#Red,side-buttoned-sweater#Buttoned,hard
Mae-Lee,the-cross-over-blouse#Red,voyager-stripe-crew#Stripe,hard
Mae-Lee,the-cross-over-blouse#Red,geneva-v-neck-top#Black,random
Sophie,long-sleeve-softly-swinging-bamboo-tee#Copper,side-buttoned-sweater#Buttoned,hard
Sophie,long-sleeve-softly-swinging-bamboo-tee#Copper,the-tie-front-top#Navy,hard
Sophie,long-sleeve-softly-swinging-bamboo-tee#Copper,the-cross-over-blouse#Black,random
Anna,the-cross-over-blouse#Mint,voyager-stripe-crew#Stripe,hard
Anna,the-cross-over-blouse#Mint,makeover-blouse#LimeGreen,hard
Anna,the-cross-over-blouse#Mint,falling-for-you-cardi#Dusty,random
Jess,the-cotton-bamboo-tank#DuckEgg,cara-tee-2#Blush,hard
Jess,the-cotton-bamboo-tank#DuckEgg,cara-tee-2#WhiteBlk,hard
Jess,the-cotton-bamboo-tank#DuckEgg,roll-with-me-jumper#Chalk,random
Olivia,the-button-up-swing-tunic#Wine,natural-textured-poncho#Deeprain,hard
Olivia,the-button-up-swing-tunic#Wine,voyager-stripe-crew#Stripe,hard
Olivia,the-button-up-swing-tunic#Wine,ivy-cosy-pullover#Blossom,random
Georgia,sugar-snaps-layers-tank#DuckEgg,voyager-stripe-crew#Stripe,hard
Georgia,sugar-snaps-layers-tank#DuckEgg,makeover-blouse#LimeGreen,hard
Georgia,sugar-snaps-layers-tank#DuckEgg,foil-2-in-1-spot-top#Charcoal,random
Laura,belle-v-neck-forgiver-tunic#DenimMarl,cara-tee-2#Blush,hard
Laura,belle-v-neck-forgiver-tunic#DenimMarl,cara-tee-2#WhiteBlk,hard
Laura,belle-v-neck-forgiver-tunic#DenimMarl,ryder-cosy-sweater#Blossom,random
Katie,horizontal-cabel-pullover#EnglishRos,voyager-stripe-crew#Stripe,hard
Katie,horizontal-cabel-pullover#EnglishRos,makeover-blouse#LimeGreen,hard
Katie,horizontal-cabel-pullover#EnglishRos,the-blouson-sleeve-jumper#Navy,random
Laura,nuzuri-longline-cardi#Forest,cara-tee-2#Blush,hard
Laura,nuzuri-longline-cardi#Forest,cara-tee-2#WhiteBlk,hard
Laura,nuzuri-longline-cardi#Forest,the-cross-over-top#NavyStripe,random
Jess,the-stripe-button-through-top#Coral,cara-tee-2#Blush,hard
Jess,the-stripe-button-through-top#Coral,cara-tee-2#WhiteBlk,hard
Jess,the-stripe-button-through-top#Coral,nuzuri-longline-cardi#Forest,random
Summer,long-sleeve-check-top#Check,voyager-stripe-crew#Stripe,hard
Summer,long-sleeve-check-top#Check,natural-textured-poncho#Deeprain,hard
Summer,long-sleeve-check-top#Check,silver-cross-sweater#Silver,random
Emma,the-relaxed-long-sleeve-tee#Pink,voyager-stripe-crew#Stripe,hard
Emma,the-relaxed-long-sleeve-tee#Pink,makeover-blouse#LimeGreen,hard
Emma,the-relaxed-long-sleeve-tee#Pink,the-stripe-jersey-top#Pink,random
Mae-Lee,verona-patchwork-top#Patchwork,side-buttoned-sweater#Buttoned,hard
Mae-Lee,verona-patchwork-top#Patchwork,voyager-stripe-crew#Stripe,hard
Mae-Lee,verona-patchwork-top#Patchwork,zara-top#ZebraPrint,random
Jess,belle-half-sleeve-forgiver-tunic#BlueBonnet,cara-tee-2#Blush,hard
Jess,belle-half-sleeve-forgiver-tunic#BlueBonnet,cara-tee-2#WhiteBlk,hard
Jess,belle-half-sleeve-forgiver-tunic#BlueBonnet,ivy-cosy-pullover#Blossom,random
Helen,freya-fringe-blouse#Navy,voyager-stripe-crew#Stripe,hard
Helen,freya-fringe-blouse#Navy,makeover-blouse#LimeGreen,hard
Helen,freya-fringe-blouse#Navy,the-boat-neck-top-1#NavyWhite,random
Chelsea,2-in-1-layered-knit-top#Navy,voyager-stripe-crew#Stripe,hard
Chelsea,2-in-1-layered-knit-top#Navy,makeover-blouse#LimeGreen,hard
Chelsea,2-in-1-layered-knit-top#Navy,on-the-open-road-maxi-shirt#DarkOchre,random
Gemma,falling-flowers-blouse#DustyPink,voyager-stripe-crew#Stripe,hard
Gemma,falling-flowers-blouse#DustyPink,makeover-blouse#LimeGreen,hard
Gemma,falling-flowers-blouse#DustyPink,tie-back-bell-sleeve-top-5#Summerbud,random
Chelsea,2-in-1-layered-knit-top#PalePink,voyager-stripe-crew#Stripe,hard
Chelsea,2-in-1-layered-knit-top#PalePink,makeover-blouse#LimeGreen,hard
Chelsea,2-in-1-layered-knit-top#PalePink,softly-swinging-bamboo-tee#Starfish,random
Jess,long-sleeve-softly-swinging-bamboo-tee#Navy,cara-tee-2#Blush,hard
Jess,long-sleeve-softly-swinging-bamboo-tee#Navy,cara-tee-2#WhiteBlk,hard
Jess,long-sleeve-softly-swinging-bamboo-tee#Navy,relaxed-animal-print-blouse#Leopard,random
Sophia,the-ruffle-sleeve-top#NavyStripe,cara-tee-2#Blush,hard
Sophia,the-ruffle-sleeve-top#NavyStripe,cara-tee-2#WhiteBlk,hard
Sophia,the-ruffle-sleeve-top#NavyStripe,geneva-v-neck-top#Black,random
Palatina,moonlight-kisses-bamboo-tee#White,cara-tee-2#Blush,hard
Palatina,moonlight-kisses-bamboo-tee#White,cara-tee-2#WhiteBlk,hard
Palatina,moonlight-kisses-bamboo-tee#White,the-drape-tee-1#White,random
Anna,the-roll-neck-sweater#Natural,voyager-stripe-crew#Stripe,hard
Anna,the-roll-neck-sweater#Natural,makeover-blouse#LimeGreen,hard
Anna,the-roll-neck-sweater#Natural,the-stripe-jersey-top#Pink,random
Emma,belle-v-neck-forgiver-tunic#Scarlett,voyager-stripe-crew#Stripe,hard
Emma,belle-v-neck-forgiver-tunic#Scarlett,makeover-blouse#LimeGreen,hard
Emma,belle-v-neck-forgiver-tunic#Scarlett,the-boat-neck-top-1#Ink,random
Mandy,open-plains-kimono-throw-1#Rust,voyager-stripe-crew#Stripe,hard
Mandy,open-plains-kimono-throw-1#Rust,makeover-blouse#LimeGreen,hard
Mandy,open-plains-kimono-throw-1#Rust,the-essential-pullover#SkyBlue,random
Laura,the-wrap-jersey-top#PortSpot,cara-tee-2#Blush,hard
Laura,the-wrap-jersey-top#PortSpot,cara-tee-2#WhiteBlk,hard
Laura,the-wrap-jersey-top#PortSpot,renee-sweater#Sapphire,random
Fiona,the-linen-tie-sleeve-top#GreyMarle,natural-textured-poncho#Deeprain,hard
Fiona,the-linen-tie-sleeve-top#GreyMarle,wonderland-blouse#Ink,hard
Fiona,the-linen-tie-sleeve-top#GreyMarle,mila-knit-cardigan#InkWhite,random
Mae-Lee,the-relaxed-long-sleeve-tee#White,side-buttoned-sweater#Buttoned,hard
Mae-Lee,the-relaxed-long-sleeve-tee#White,voyager-stripe-crew#Stripe,hard
Mae-Lee,the-relaxed-long-sleeve-tee#White,messina-v-neck-tee#White,random
Emma,sugar-snaps-layers-tank#NewBeige,voyager-stripe-crew#Stripe,hard
Emma,sugar-snaps-layers-tank#NewBeige,makeover-blouse#LimeGreen,hard
Emma,sugar-snaps-layers-tank#NewBeige,natural-waterfall-cardigan#Fallendust,random
Natalie,the-everyday-shirt#Pink,natural-textured-poncho#Deeprain,hard
Natalie,the-everyday-shirt#Pink,voyager-stripe-crew#Stripe,hard
Natalie,the-everyday-shirt#Pink,analia-jersey-top#Navy,random
Mae-Lee,the-sleeveless-cross-over-blouse#Sunshine,side-buttoned-sweater#Buttoned,hard
Mae-Lee,the-sleeveless-cross-over-blouse#Sunshine,voyager-stripe-crew#Stripe,hard
Mae-Lee,the-sleeveless-cross-over-blouse#Sunshine,reversible-stripe-vee-scoop-neck-tank#BlackWhite,random
Marnee,runaway-top#Sand,natural-textured-poncho#Deeprain,hard
Marnee,runaway-top#Sand,voyager-stripe-crew#Stripe,hard
Marnee,runaway-top#Sand,the-sleeveless-cross-over-blouse#Chambray,random
Maddy,the-half-sleeve-tee#Black,natural-textured-poncho#Deeprain,hard
Maddy,the-half-sleeve-tee#Black,voyager-stripe-crew#Stripe,hard
Maddy,the-half-sleeve-tee#Black,milan-stretch-top#White,random
Mae-Lee,the-cotton-bamboo-tee#White,side-buttoned-sweater#Buttoned,hard
Mae-Lee,the-cotton-bamboo-tee#White,voyager-stripe-crew#Stripe,hard
Mae-Lee,the-cotton-bamboo-tee#White,moonlight-kisses-bamboo-tee#Saffron,random
Amanda,the-batwing-tee#Sea,natural-textured-poncho#Deeprain,hard
Amanda,the-batwing-tee#Sea,voyager-stripe-crew#Stripe,hard
Amanda,the-batwing-tee#Sea,layered-stripe-top#PinkStripe,random
Amanda,the-spotted-tunic#NavySpot,natural-textured-poncho#Deeprain,hard
Amanda,the-spotted-tunic#NavySpot,voyager-stripe-crew#Stripe,hard
Amanda,the-spotted-tunic#NavySpot,tab-sleeve-longline-shirt#Silver,random
Amanda,the-panel-hem-top#DenimMarle,natural-textured-poncho#Deeprain,hard
Amanda,the-panel-hem-top#DenimMarle,voyager-stripe-crew#Stripe,hard
Amanda,the-panel-hem-top#DenimMarle,hydrangea-kimono#Hydrangea,random
Marnee,softly-swinging-bamboo-tee#White,natural-textured-poncho#Deeprain,hard
Marnee,softly-swinging-bamboo-tee#White,voyager-stripe-crew#Stripe,hard
Marnee,softly-swinging-bamboo-tee#White,relaxed-cape#WhiteBlack,random
Ljubenka,the-cut-out-shoulder-blouse#White,the-uneven-hem-knit-1#Sage,hard
Ljubenka,the-cut-out-shoulder-blouse#White,natural-textured-poncho#Deeprain,hard
Ljubenka,the-cut-out-shoulder-blouse#White,clio-knit-jumper#Black,random
Fiona,overlay-top-2#Black,natural-textured-poncho#Deeprain,hard
Fiona,overlay-top-2#Black,wonderland-blouse#Ink,hard
Fiona,overlay-top-2#Black,2-in-1-layered-top-1#NavyWhite,random
Mercy,belle-v-neck-forgiver-tunic#Navy,voyager-stripe-crew#Stripe,hard
Mercy,belle-v-neck-forgiver-tunic#Navy,makeover-blouse#LimeGreen,hard
Mercy,belle-v-neck-forgiver-tunic#Navy,suri-bell-sleeve-top#GreyMarle,random
Georgia,be-mine-top-1#Sage,voyager-stripe-crew#Stripe,hard
Georgia,be-mine-top-1#Sage,makeover-blouse#LimeGreen,hard
Georgia,be-mine-top-1#Sage,belle-flocked-tunic#White,random
Olivia,sugar-snaps-layers-tank#NewBeige,natural-textured-poncho#Deeprain,hard
Olivia,sugar-snaps-layers-tank#NewBeige,voyager-stripe-crew#Stripe,hard
Olivia,sugar-snaps-layers-tank#NewBeige,natural-classic-cardigan#Pebble,random
Jess,belle-half-sleeve-forgiver-tunic#FlamPink,cara-tee-2#Blush,hard
Jess,belle-half-sleeve-forgiver-tunic#FlamPink,cara-tee-2#WhiteBlk,hard
Jess,belle-half-sleeve-forgiver-tunic#FlamPink,leah-knit-cardigan#Black,random
Madeline,ruffle-top-4#Black,voyager-stripe-crew#Stripe,hard
Madeline,ruffle-top-4#Black,makeover-blouse#LimeGreen,hard
Madeline,ruffle-top-4#Black,laurina-stripe-pullover#NightSky,random
Jess,the-cotton-bamboo-tee#White,cara-tee-2#Blush,hard
Jess,the-cotton-bamboo-tee#White,cara-tee-2#WhiteBlk,hard
Jess,the-cotton-bamboo-tee#White,foil-striped-2-in-1-top#Blue,random
Laura,the-cross-over-blouse#White,cara-tee-2#Blush,hard
Laura,the-cross-over-blouse#White,cara-tee-2#WhiteBlk,hard
Laura,the-cross-over-blouse#White,panelled-stripe-top#NavyWhite,random
Laura,the-tie-front-tank#Navy,cara-tee-2#Blush,hard
Laura,the-tie-front-tank#Navy,cara-tee-2#WhiteBlk,hard
Laura,the-tie-front-tank#Navy,the-cotton-tie-detail-top#Ivory,random
Georgia,long-sleeve-softly-swinging-bamboo-tee#Navy,voyager-stripe-crew#Stripe,hard
Georgia,long-sleeve-softly-swinging-bamboo-tee#Navy,makeover-blouse#LimeGreen,hard
Georgia,long-sleeve-softly-swinging-bamboo-tee#Navy,the-daily-cross-over-top#PinkPrint,random
Ljubenka,sugar-snaps-layers-tank#White,the-uneven-hem-knit-1#Sage,hard
Ljubenka,sugar-snaps-layers-tank#White,natural-textured-poncho#Deeprain,hard
Ljubenka,sugar-snaps-layers-tank#White,natural-waterfall-cardigan#Fallendust,random
Jess,contrast-stripe-sweater#Pockets,cara-tee-2#Blush,hard
Jess,contrast-stripe-sweater#Pockets,cara-tee-2#WhiteBlk,hard
Jess,contrast-stripe-sweater#Pockets,print-tee-3#Bike,random
Tia,the-cut-out-shoulder-blouse#Blue,the-panel-luxe-top#BlkWhite,hard
Tia,the-cut-out-shoulder-blouse#Blue,the-panel-luxe-top#SilvWhite,hard
Tia,the-cut-out-shoulder-blouse#Blue,rama-top#Stonewash,random
Ljubenka,falling-for-you-cardi#Mustard,the-uneven-hem-knit-1#Sage,hard
Ljubenka,falling-for-you-cardi#Mustard,natural-textured-poncho#Deeprain,hard
Ljubenka,falling-for-you-cardi#Mustard,the-reversible-cowl-neck-top-2#Ocean,random
Marnee,baobab-sweater#Bark,natural-textured-poncho#Deeprain,hard
Marnee,baobab-sweater#Bark,voyager-stripe-crew#Stripe,hard
Marnee,baobab-sweater#Bark,tie-back-bell-sleeve-top-5#Summerbud,random
Marnee,for-the-frill-top#Ivory,natural-textured-poncho#Deeprain,hard
Marnee,for-the-frill-top#Ivory,voyager-stripe-crew#Stripe,hard
Marnee,for-the-frill-top#Ivory,melbourne-stretch-cardigan#NavyWhtStr,random
Laura,butterfly-kisses-tee#Stripe,cara-tee-2#Blush,hard
Laura,butterfly-kisses-tee#Stripe,cara-tee-2#WhiteBlk,hard
Laura,butterfly-kisses-tee#Stripe,layered-stripe-top#PinkStripe,random
Amanda,the-stripe-jersey-top#Blue,natural-textured-poncho#Deeprain,hard
Amanda,the-stripe-jersey-top#Blue,voyager-stripe-crew#Stripe,hard
Amanda,the-stripe-jersey-top#Blue,emerald-knit#Emerald,random
Natalia,rising-mist-jumper#Nickel,voyager-stripe-crew#Stripe,hard
Natalia,rising-mist-jumper#Nickel,makeover-blouse#LimeGreen,hard
Natalia,rising-mist-jumper#Nickel,clio-knit-jumper#Clay,random
Ljubenka,the-cross-over-blouse#Silver,the-uneven-hem-knit-1#Sage,hard
Ljubenka,the-cross-over-blouse#Silver,natural-textured-poncho#Deeprain,hard
Ljubenka,the-cross-over-blouse#Silver,double-layered-top-1#WSilver,random
Lauren,the-zip-detail-jacket#Grey,side-buttoned-sweater#Buttoned,hard
Lauren,the-zip-detail-jacket#Grey,voyager-stripe-crew#Stripe,hard
Lauren,the-zip-detail-jacket#Grey,pure-merino-fine-rib-v-neck#Charcoal,random
Marnee,the-everyday-shirt#Black,natural-textured-poncho#Deeprain,hard
Marnee,the-everyday-shirt#Black,voyager-stripe-crew#Stripe,hard
Marnee,the-everyday-shirt#Black,fundamental-rib-long-sleeve-tee#White,random
Riina,the-essential-layering-tee#Ink,voyager-stripe-crew#Stripe,hard
Riina,the-essential-layering-tee#Ink,makeover-blouse#LimeGreen,hard
Riina,the-essential-layering-tee#Ink,jewel-knit#GreyMarle,random
Natalie,the-everyday-shirt#Cream,natural-textured-poncho#Deeprain,hard
Natalie,the-everyday-shirt#Cream,voyager-stripe-crew#Stripe,hard
Natalie,the-everyday-shirt#Cream,falling-for-you-cardi#Dusty,random
Alex,the-batwing-tee#Sea,voyager-stripe-crew#Stripe,hard
Alex,the-batwing-tee#Sea,makeover-blouse#LimeGreen,hard
Alex,the-batwing-tee#Sea,funnel-neck-knit-jumper#BlueMulti,random
Jess,the-cotton-bamboo-tee#DustyPink,cara-tee-2#Blush,hard
Jess,the-cotton-bamboo-tee#DustyPink,cara-tee-2#WhiteBlk,hard
Jess,the-cotton-bamboo-tee#DustyPink,magnolia-fields-keyhole-blouse#Magnolia,random
Riina,the-layered-cross-over-top#Navy,voyager-stripe-crew#Stripe,hard
Riina,the-layered-cross-over-top#Navy,makeover-blouse#LimeGreen,hard
Riina,the-layered-cross-over-top#Navy,multi-pattern-print-top#NavyMulti,random
Marnee,falling-for-you-cardi#Mustard,natural-textured-poncho#Deeprain,hard
Marnee,falling-for-you-cardi#Mustard,voyager-stripe-crew#Stripe,hard
Marnee,falling-for-you-cardi#Mustard,the-boat-neck-top-1#Ink,random
Denniel,the-cotton-bamboo-tee#DustyPink,natural-textured-poncho#Deeprain,hard
Denniel,the-cotton-bamboo-tee#DustyPink,voyager-stripe-crew#Stripe,hard
Denniel,the-cotton-bamboo-tee#DustyPink,hem-frill-stripe-top#SoFrilled,random
Shadae,fundamental-vee-tee#GreyMarle,voyager-stripe-crew#Stripe,hard
Shadae,fundamental-vee-tee#GreyMarle,makeover-blouse#LimeGreen,hard
Shadae,fundamental-vee-tee#GreyMarle,layer-me-bamboo-rouched-sleeve-tee#Fern,random
Summer,fundamental-sydney-crew#GreyMarle,voyager-stripe-crew#Stripe,hard
Summer,fundamental-sydney-crew#GreyMarle,natural-textured-poncho#Deeprain,hard
Summer,fundamental-sydney-crew#GreyMarle,always-mine-v-neck-knit#Terracotta,random
Maddy,the-cotton-bamboo-tank#Chambray,natural-textured-poncho#Deeprain,hard
Maddy,the-cotton-bamboo-tank#Chambray,voyager-stripe-crew#Stripe,hard
Maddy,the-cotton-bamboo-tank#Chambray,long-sleeve-layer-top#White,random
Gemma,bo-cosy-cardigan#Storm,voyager-stripe-crew#Stripe,hard
Gemma,bo-cosy-cardigan#Storm,makeover-blouse#LimeGreen,hard
Gemma,bo-cosy-cardigan#Storm,elina-lace-frill-blouse#Black,random
Monique,the-asymmetrical-tank-top#Indigo,voyager-stripe-crew#Stripe,hard
Monique,the-asymmetrical-tank-top#Indigo,makeover-blouse#LimeGreen,hard
Monique,the-asymmetrical-tank-top#Indigo,daisy-chain-tassel-blouse#DeepBlue,random
Jess,waterfall-cardi-1#Navy,cara-tee-2#Blush,hard
Jess,waterfall-cardi-1#Navy,cara-tee-2#WhiteBlk,hard
Jess,waterfall-cardi-1#Navy,arizona-off-the-shoulder-top#Khaki,random
Marnee,long-sleeve-softly-swinging-bamboo-tee#Copper,natural-textured-poncho#Deeprain,hard
Marnee,long-sleeve-softly-swinging-bamboo-tee#Copper,voyager-stripe-crew#Stripe,hard
Marnee,long-sleeve-softly-swinging-bamboo-tee#Copper,the-dobby-sleeve-tee#InkBlue,random
Marnee,kimono-and-me-cardi#DustyPink,natural-textured-poncho#Deeprain,hard
Marnee,kimono-and-me-cardi#DustyPink,voyager-stripe-crew#Stripe,hard
Marnee,kimono-and-me-cardi#DustyPink,fundamental-sydney-crew#GreyMarle,random
Tia,the-cotton-bamboo-tank#DarkNavy,the-panel-luxe-top#BlkWhite,hard
Tia,the-cotton-bamboo-tank#DarkNavy,the-panel-luxe-top#SilvWhite,hard
Tia,the-cotton-bamboo-tank#DarkNavy,annabelle-sweater#Midnight,random
Natalia,the-ruffle-sleeve-sweat#KhakiMarle,voyager-stripe-crew#Stripe,hard
Natalia,the-ruffle-sleeve-sweat#KhakiMarle,makeover-blouse#LimeGreen,hard
Natalia,the-ruffle-sleeve-sweat#KhakiMarle,paradise-cardi#MultiStrip,random
Stacey,the-uneven-hem-knit-1#Sage,makeover-blouse#LimeGreen,hard
Stacey,the-uneven-hem-knit-1#Sage,cara-tee-2#Blush,hard
Stacey,the-uneven-hem-knit-1#Sage,westward-top#BotanicalD,random
Bree,belle-half-sleeve-forgiver-tunic#White,cara-tee-2#Blush,hard
Bree,belle-half-sleeve-forgiver-tunic#White,cara-tee-2#WhiteBlk,hard
Bree,belle-half-sleeve-forgiver-tunic#White,midtown-ruffle-shirt#BoldRed,random
Chelsea,the-daily-essential-jumper#Grey,voyager-stripe-crew#Stripe,hard
Chelsea,the-daily-essential-jumper#Grey,makeover-blouse#LimeGreen,hard
Chelsea,the-daily-essential-jumper#Grey,sugar-snaps-throw-jacket#Black,random
Ljubenka,the-cut-out-shoulder-blouse#Clay,the-uneven-hem-knit-1#Sage,hard
Ljubenka,the-cut-out-shoulder-blouse#Clay,natural-textured-poncho#Deeprain,hard
Ljubenka,the-cut-out-shoulder-blouse#Clay,fundamental-split-hoodie-1#Khaki,random
Laura,runaway-top#SoftPink,cara-tee-2#Blush,hard
Laura,runaway-top#SoftPink,cara-tee-2#WhiteBlk,hard
Laura,runaway-top#SoftPink,print-tee-3#Cntryhous,random
Mae-Lee,the-cross-over-blouse#Blue,side-buttoned-sweater#Buttoned,hard
Mae-Lee,the-cross-over-blouse#Blue,voyager-stripe-crew#Stripe,hard
Mae-Lee,the-cross-over-blouse#Blue,paige-top#Black,random
Sophia,the-panel-luxe-top#SilvWhite,cara-tee-2#Blush,hard
Sophia,the-panel-luxe-top#SilvWhite,cara-tee-2#WhiteBlk,hard
Sophia,the-panel-luxe-top#SilvWhite,prairie-romance-blouse#Blush,random
Stacey,sequin-spot-cardi#Grey,makeover-blouse#LimeGreen,hard
Stacey,sequin-spot-cardi#Grey,cara-tee-2#Blush,hard
Stacey,sequin-spot-cardi#Grey,high-neck-tie-top#Black,random
Ljubenka,runaway-top#SoftPink,the-uneven-hem-knit-1#Sage,hard
Ljubenka,runaway-top#SoftPink,natural-textured-poncho#Deeprain,hard
Ljubenka,runaway-top#SoftPink,the-v-split-blouse#Salmon,random
Maddy,the-cut-out-shoulder-blouse#Silver,natural-textured-poncho#Deeprain,hard
Maddy,the-cut-out-shoulder-blouse#Silver,voyager-stripe-crew#Stripe,hard
Maddy,the-cut-out-shoulder-blouse#Silver,the-cross-over-poncho#Grey,random
Anna,the-cut-out-shoulder-blouse#Blue,voyager-stripe-crew#Stripe,hard
Anna,the-cut-out-shoulder-blouse#Blue,makeover-blouse#LimeGreen,hard
Anna,the-cut-out-shoulder-blouse#Blue,the-oversized-cotton-blend-shirt#Sand,random
Monique,reversible-scoopv-neck-tank#White,voyager-stripe-crew#Stripe,hard
Monique,reversible-scoopv-neck-tank#White,makeover-blouse#LimeGreen,hard
Monique,reversible-scoopv-neck-tank#White,cross-my-heart-bamboo-slouch-tee#White,random
Chelsea,the-tie-sleeve-blouse#Grey,voyager-stripe-crew#Stripe,hard
Chelsea,the-tie-sleeve-blouse#Grey,makeover-blouse#LimeGreen,hard
Chelsea,the-tie-sleeve-blouse#Grey,summer-whispers-kimono-1#Peacock,random
Miranda,the-contrast-detail-top#Ivory,voyager-stripe-crew#Stripe,hard
Miranda,the-contrast-detail-top#Ivory,makeover-blouse#LimeGreen,hard
Miranda,the-contrast-detail-top#Ivory,under-the-stars-blouse#Petal,random
Georgia,cross-my-heart-sweater#Regal,voyager-stripe-crew#Stripe,hard
Georgia,cross-my-heart-sweater#Regal,makeover-blouse#LimeGreen,hard
Georgia,cross-my-heart-sweater#Regal,kimono-top-36#BlueMarle,random
Emma,belle-v-neck-forgiver-tunic#Navy,voyager-stripe-crew#Stripe,hard
Emma,belle-v-neck-forgiver-tunic#Navy,makeover-blouse#LimeGreen,hard
Emma,belle-v-neck-forgiver-tunic#Navy,the-tie-detail-hoody#Pink,random
Lauren,natural-classic-cardigan#Pebble,side-buttoned-sweater#Buttoned,hard
Lauren,natural-classic-cardigan#Pebble,voyager-stripe-crew#Stripe,hard
Lauren,natural-classic-cardigan#Pebble,the-batwing-tee#Stone,random
Chelsea,the-cotton-cardi#Khaki,voyager-stripe-crew#Stripe,hard
Chelsea,the-cotton-cardi#Khaki,makeover-blouse#LimeGreen,hard
Chelsea,the-cotton-cardi#Khaki,softly-swinging-bamboo-tee#Chambray,random
Jess,laurina-stripe-pullover#NightSky,cara-tee-2#Blush,hard
Jess,laurina-stripe-pullover#NightSky,cara-tee-2#WhiteBlk,hard
Jess,laurina-stripe-pullover#NightSky,wellington-tee#HeatheGrey,random
Tia,the-cut-out-shoulder-blouse#White,the-panel-luxe-top#BlkWhite,hard
Tia,the-cut-out-shoulder-blouse#White,the-panel-luxe-top#SilvWhite,hard
Tia,the-cut-out-shoulder-blouse#White,off-shoulder-top-1#Strawberry,random
Shadae,fundamental-vee-tee#Navy,voyager-stripe-crew#Stripe,hard
Shadae,fundamental-vee-tee#Navy,makeover-blouse#LimeGreen,hard
Shadae,fundamental-vee-tee#Navy,cara-tee-3#ZebraPrint,random
Emma,belle-v-neck-forgiver-tunic#Tobacco,voyager-stripe-crew#Stripe,hard
Emma,belle-v-neck-forgiver-tunic#Tobacco,makeover-blouse#LimeGreen,hard
Emma,belle-v-neck-forgiver-tunic#Tobacco,overlay-top-2#Black,random
Ljubenka,sugar-snaps-layers-tank#DuckEgg,the-uneven-hem-knit-1#Sage,hard
Ljubenka,sugar-snaps-layers-tank#DuckEgg,natural-textured-poncho#Deeprain,hard
Ljubenka,sugar-snaps-layers-tank#DuckEgg,the-layered-cross-over-top#Navy,random
Anna,the-cross-over-blouse#White,voyager-stripe-crew#Stripe,hard
Anna,the-cross-over-blouse#White,makeover-blouse#LimeGreen,hard
Anna,the-cross-over-blouse#White,vivian-blouse#Check,random
Fiona,the-box-top#Blush,natural-textured-poncho#Deeprain,hard
Fiona,the-box-top#Blush,wonderland-blouse#Ink,hard
Fiona,the-box-top#Blush,belle-square-neck-drape-tee#Vanilla,random
Chelsea,henson-jumper#Cream,voyager-stripe-crew#Stripe,hard
Chelsea,henson-jumper#Cream,makeover-blouse#LimeGreen,hard
Chelsea,henson-jumper#Cream,dream-girl-ruffle-jumper#SoftPink,random
Anna,the-cross-over-blouse#RoyalBlue,voyager-stripe-crew#Stripe,hard
Anna,the-cross-over-blouse#RoyalBlue,makeover-blouse#LimeGreen,hard
Anna,the-cross-over-blouse#RoyalBlue,half-sleeve-fluffy-knit#Ivory,random
Emma,the-slouch-pocket-tee#Stripe,voyager-stripe-crew#Stripe,hard
Emma,the-slouch-pocket-tee#Stripe,makeover-blouse#LimeGreen,hard
Emma,the-slouch-pocket-tee#Stripe,the-define-flute-sleeve-blouse#White,random
Laura,softly-swinging-bamboo-tee#Navy,cara-tee-2#Blush,hard
Laura,softly-swinging-bamboo-tee#Navy,cara-tee-2#WhiteBlk,hard
Laura,softly-swinging-bamboo-tee#Navy,tab-sleeve-longline-shirt#Pink,random
Sophia,sugar-snaps-throw-jacket#Black,cara-tee-2#Blush,hard
Sophia,sugar-snaps-throw-jacket#Black,cara-tee-2#WhiteBlk,hard
Sophia,sugar-snaps-throw-jacket#Black,soft-and-true-tunic#Pine,random
Amanda,the-stitch-v-neck-knit#PinkMarle,natural-textured-poncho#Deeprain,hard
Amanda,the-stitch-v-neck-knit#PinkMarle,voyager-stripe-crew#Stripe,hard
Amanda,the-stitch-v-neck-knit#PinkMarle,the-long-sleeve-scoop-neck-tee#Black,random
Ljubenka,the-cross-over-blouse#Black,the-uneven-hem-knit-1#Sage,hard
Ljubenka,the-cross-over-blouse#Black,natural-textured-poncho#Deeprain,hard
Ljubenka,the-cross-over-blouse#Black,mixed-messages-jumper#MixedStrip,random
Clementine,crossing-the-plains-sweater-1#Indigo,voyager-stripe-crew#Stripe,hard
Clementine,crossing-the-plains-sweater-1#Indigo,makeover-blouse#LimeGreen,hard
Clementine,crossing-the-plains-sweater-1#Indigo,the-relaxed-long-sleeve-tee#White,random
Jess,cross-my-heart-bamboo-slouch-tee#White,cara-tee-2#Blush,hard
Jess,cross-my-heart-bamboo-slouch-tee#White,cara-tee-2#WhiteBlk,hard
Jess,cross-my-heart-bamboo-slouch-tee#White,the-contrast-panel-top#SageStripe,random
Anna,the-cut-out-shoulder-blouse#Silver,voyager-stripe-crew#Stripe,hard
Anna,the-cut-out-shoulder-blouse#Silver,makeover-blouse#LimeGreen,hard
Anna,the-cut-out-shoulder-blouse#Silver,placement-print-shirt#WhiteNavy,random
Georgia,sugar-snaps-layers-tank#SeaGreen,voyager-stripe-crew#Stripe,hard
Georgia,sugar-snaps-layers-tank#SeaGreen,makeover-blouse#LimeGreen,hard
Georgia,sugar-snaps-layers-tank#SeaGreen,the-panel-luxe-top#SilvWhite,random
Mae-Lee,belle-v-neck-forgiver-tunic#DenimMarl,side-buttoned-sweater#Buttoned,hard
Mae-Lee,belle-v-neck-forgiver-tunic#DenimMarl,voyager-stripe-crew#Stripe,hard
Mae-Lee,belle-v-neck-forgiver-tunic#DenimMarl,wrap-me-up-bamboo-top#BlueJeans,random
Laura,the-dobby-sleeve-tee#InkBlue,cara-tee-2#Blush,hard
Laura,the-dobby-sleeve-tee#InkBlue,cara-tee-2#WhiteBlk,hard
Laura,the-dobby-sleeve-tee#InkBlue,jasmine-singlet#White,random
Amanda,the-box-top#Khaki,natural-textured-poncho#Deeprain,hard
Amanda,the-box-top#Khaki,voyager-stripe-crew#Stripe,hard
Amanda,the-box-top#Khaki,bamboo-layer-tank#Chalk,random
Gemma,layered-sleeve-top#Moss,voyager-stripe-crew#Stripe,hard
Gemma,layered-sleeve-top#Moss,makeover-blouse#LimeGreen,hard
Gemma,layered-sleeve-top#Moss,the-cotton-cardi#Navy,random
Kate,the-wrap-jersey-top#PortSpot,natural-textured-poncho#Deeprain,hard
Kate,the-wrap-jersey-top#PortSpot,animal-button-up-shirt#KhakiPrint,hard
Kate,the-wrap-jersey-top#PortSpot,sadie-crew#GreyMarle,random
Chelsea,2-in-1-layered-top-1#PinkWhite,voyager-stripe-crew#Stripe,hard
Chelsea,2-in-1-layered-top-1#PinkWhite,makeover-blouse#LimeGreen,hard
Chelsea,2-in-1-layered-top-1#PinkWhite,side-buttoned-sweater#Buttoned,random
Mae-Lee,the-cotton-bamboo-tank#White,side-buttoned-sweater#Buttoned,hard
Mae-Lee,the-cotton-bamboo-tank#White,voyager-stripe-crew#Stripe,hard
Mae-Lee,the-cotton-bamboo-tank#White,belle-handkerchief-printed-cami#RustFlwrs,random
Madeline,the-cascade-blouse#Auburn,voyager-stripe-crew#Stripe,hard
Madeline,the-cascade-blouse#Auburn,makeover-blouse#LimeGreen,hard
Madeline,the-cascade-blouse#Auburn,summer-breeze-top-1#White,random
Jess,belle-v-neck-forgiver-tunic#White,cara-tee-2#Blush,hard
Jess,belle-v-neck-forgiver-tunic#White,cara-tee-2#WhiteBlk,hard
Jess,belle-v-neck-forgiver-tunic#White,the-relaxed-batwing-top#Denim%20Blue,random
Emma,sugar-snaps-layers-tank#DuckEgg,voyager-stripe-crew#Stripe,hard
Emma,sugar-snaps-layers-tank#DuckEgg,makeover-blouse#LimeGreen,hard
Emma,sugar-snaps-layers-tank#DuckEgg,natural-classic-cardigan#Pebble,random
Georgia,weekend-vibes-blouse#Blush,voyager-stripe-crew#Stripe,hard
Georgia,weekend-vibes-blouse#Blush,makeover-blouse#LimeGreen,hard
Georgia,weekend-vibes-blouse#Blush,jade-kimono-kaleidoscope#Blue,random
Mae-Lee,long-sleeve-softly-swinging-bamboo-tee#Oyster,side-buttoned-sweater#Buttoned,hard
Mae-Lee,long-sleeve-softly-swinging-bamboo-tee#Oyster,voyager-stripe-crew#Stripe,hard
Mae-Lee,long-sleeve-softly-swinging-bamboo-tee#Oyster,ella-funnel-neck-top#Khaki,random
Clementine,the-printed-v-split-top#Natural,voyager-stripe-crew#Stripe,hard
Clementine,the-printed-v-split-top#Natural,makeover-blouse#LimeGreen,hard
Clementine,the-printed-v-split-top#Natural,milan-stretch-top#SilverMarl,random
Amanda,the-striped-top#BlueStripe,natural-textured-poncho#Deeprain,hard
Amanda,the-striped-top#BlueStripe,voyager-stripe-crew#Stripe,hard
Amanda,the-striped-top#BlueStripe,rory-spliced-zip-hoodie#Slate,random
Georgia,falling-for-you-cardi#Navy,voyager-stripe-crew#Stripe,hard
Georgia,falling-for-you-cardi#Navy,makeover-blouse#LimeGreen,hard
Georgia,falling-for-you-cardi#Navy,belle-satin-shirt#Black,random
Laura,the-stella-tee#Marine,cara-tee-2#Blush,hard
Laura,the-stella-tee#Marine,cara-tee-2#WhiteBlk,hard
Laura,the-stella-tee#Marine,holly-rib-long-sleeve-tee#Khaki,random
Thais,off-shoulder-top-2#FloraLace,natural-textured-poncho#Deeprain,hard
Thais,off-shoulder-top-2#FloraLace,voyager-stripe-crew#Stripe,hard
Thais,off-shoulder-top-2#FloraLace,falling-for-you-cardi#Rust,random
Summer,fundamental-sydney-crew#Navy,voyager-stripe-crew#Stripe,hard
Summer,fundamental-sydney-crew#Navy,natural-textured-poncho#Deeprain,hard
Summer,fundamental-sydney-crew#Navy,sugar-snaps-layers-tank#SeaGreen,random
Nadine,collared-shirt-1#White,makeover-blouse#LimeGreen,hard
Nadine,collared-shirt-1#White,pure-merino-fine-rib-v-neck#Charcoal,hard
Nadine,collared-shirt-1#White,the-luxe-long-sleeve-tee#GreyMarle,random
Miranda,the-uneven-hem-knit-1#Sage,voyager-stripe-crew#Stripe,hard
Miranda,the-uneven-hem-knit-1#Sage,makeover-blouse#LimeGreen,hard
Miranda,the-uneven-hem-knit-1#Sage,laurina-stripe-pullover#NightSky,random
Amanda,the-swing-tank-top#Rose,natural-textured-poncho#Deeprain,hard
Amanda,the-swing-tank-top#Rose,voyager-stripe-crew#Stripe,hard
Amanda,the-swing-tank-top#Rose,layered-tee-2#Black,random
Shadae,sequin-cross-2-in-1-top#Navy,voyager-stripe-crew#Stripe,hard
Shadae,sequin-cross-2-in-1-top#Navy,makeover-blouse#LimeGreen,hard
Shadae,sequin-cross-2-in-1-top#Navy,circles-knit#Plum,random
Georgia,falling-flowers-cardi#GreyMarle,voyager-stripe-crew#Stripe,hard
Georgia,falling-flowers-cardi#GreyMarle,makeover-blouse#LimeGreen,hard
Georgia,falling-flowers-cardi#GreyMarle,the-define-flute-sleeve-blouse#Black,random
Maddy,the-sleeveless-cross-over-blouse#Sunshine,natural-textured-poncho#Deeprain,hard
Maddy,the-sleeveless-cross-over-blouse#Sunshine,voyager-stripe-crew#Stripe,hard
Maddy,the-sleeveless-cross-over-blouse#Sunshine,fundamental-split-hoodie#Navy,random
Georgia,softly-falling-bamboo-tunic#Copper,voyager-stripe-crew#Stripe,hard
Georgia,softly-falling-bamboo-tunic#Copper,makeover-blouse#LimeGreen,hard
Georgia,softly-falling-bamboo-tunic#Copper,the-define-flute-sleeve-blouse#White,random
Palatina,reversible-stripe-vee-scoop-neck-tank#BlackWhite,cara-tee-2#Blush,hard
Palatina,reversible-stripe-vee-scoop-neck-tank#BlackWhite,cara-tee-2#WhiteBlk,hard
Palatina,reversible-stripe-vee-scoop-neck-tank#BlackWhite,layer-top-1#Navy,random
Jess,reversible-scoopv-neck-tank#Navy,cara-tee-2#Blush,hard
Jess,reversible-scoopv-neck-tank#Navy,cara-tee-2#WhiteBlk,hard
Jess,reversible-scoopv-neck-tank#Navy,relaxed-cape#WhiteBlack,random
Chesska,vivian-blouse#Check,voyager-stripe-crew#Stripe,hard
Chesska,vivian-blouse#Check,makeover-blouse#LimeGreen,hard
Chesska,vivian-blouse#Check,art-deco-print-top#NavyWhite,random
Stefania,the-contrast-knit-1#Navy,voyager-stripe-crew#Stripe,hard
Stefania,the-contrast-knit-1#Navy,makeover-blouse#LimeGreen,hard
Stefania,the-contrast-knit-1#Navy,star-and-spot-sweater#SilverMult,random
Sophie,the-crossover-button-blouse-1#Ornate,side-buttoned-sweater#Buttoned,hard
Sophie,the-crossover-button-blouse-1#Ornate,the-tie-front-top#Navy,hard
Sophie,the-crossover-button-blouse-1#Ornate,partly-cloudy-knit#PawPaw,random
Jess,belle-half-sleeve-forgiver-tunic#MutedClay,cara-tee-2#Blush,hard
Jess,belle-half-sleeve-forgiver-tunic#MutedClay,cara-tee-2#WhiteBlk,hard
Jess,belle-half-sleeve-forgiver-tunic#MutedClay,fundamental-split-hoodie#Pink,random
Fiona,long-sleeve-softly-swinging-bamboo-tee#Oyster,natural-textured-poncho#Deeprain,hard
Fiona,long-sleeve-softly-swinging-bamboo-tee#Oyster,wonderland-blouse#Ink,hard
Fiona,long-sleeve-softly-swinging-bamboo-tee#Oyster,2-in-1-jumper#Navy,random
Jess,layered-tunic-1#PalePink,cara-tee-2#Blush,hard
Jess,layered-tunic-1#PalePink,cara-tee-2#WhiteBlk,hard
Jess,layered-tunic-1#PalePink,prickly-cactus-crew#Pink,random
Stacey,striped-sleeve-sweater#Striped,makeover-blouse#LimeGreen,hard
Stacey,striped-sleeve-sweater#Striped,cara-tee-2#Blush,hard
Stacey,striped-sleeve-sweater#Striped,the-wrap-jersey-top#PortSpot,random
Maddy,print-shirt-1#Blush,natural-textured-poncho#Deeprain,hard
Maddy,print-shirt-1#Blush,voyager-stripe-crew#Stripe,hard
Maddy,print-shirt-1#Blush,the-frill-detail-blouse#Chambray,random
Anna Maria,falling-for-you-cardi#GreyMarle,natural-textured-poncho#Deeprain,hard
Anna Maria,falling-for-you-cardi#GreyMarle,voyager-stripe-crew#Stripe,hard
Anna Maria,falling-for-you-cardi#GreyMarle,the-cotton-blend-stripe-jumper#BlueStripe,random
Clementine,the-cross-front-spot-blouse#Spot,voyager-stripe-crew#Stripe,hard
Clementine,the-cross-front-spot-blouse#Spot,makeover-blouse#LimeGreen,hard
Clementine,the-cross-front-spot-blouse#Spot,belle-half-sleeve-forgiver-tunic#FlamPink,random
Kate,the-cotton-bamboo-tee#DuckEgg,natural-textured-poncho#Deeprain,hard
Kate,the-cotton-bamboo-tee#DuckEgg,animal-button-up-shirt#KhakiPrint,hard
Kate,the-cotton-bamboo-tee#DuckEgg,mila-knit-cardigan#Black,random
Summer,sky-shirt#Clouds,voyager-stripe-crew#Stripe,hard
Summer,sky-shirt#Clouds,natural-textured-poncho#Deeprain,hard
Summer,sky-shirt#Clouds,layer-me-cotton-candy-top#Cream,random
Sophie,long-sleeve-softly-swinging-bamboo-tee#Combat,side-buttoned-sweater#Buttoned,hard
Sophie,long-sleeve-softly-swinging-bamboo-tee#Combat,the-tie-front-top#Navy,hard
Sophie,long-sleeve-softly-swinging-bamboo-tee#Combat,rama-top#Stonewash,random
Gemma,elcos-45-aop-top-jrs#BlackZigZa,voyager-stripe-crew#Stripe,hard
Gemma,elcos-45-aop-top-jrs#BlackZigZa,makeover-blouse#LimeGreen,hard
Gemma,elcos-45-aop-top-jrs#BlackZigZa,block-sweater#Block,random
Jess,hem-frill-stripe-top#SoFrilled,cara-tee-2#Blush,hard
Jess,hem-frill-stripe-top#SoFrilled,cara-tee-2#WhiteBlk,hard
Jess,hem-frill-stripe-top#SoFrilled,cross-over-top-with-pocket#BlackWhite,random
Ljubenka,the-drape-tee-1#Black,the-uneven-hem-knit-1#Sage,hard
Ljubenka,the-drape-tee-1#Black,natural-textured-poncho#Deeprain,hard
Ljubenka,the-drape-tee-1#Black,the-cascade-blouse#Auburn,random
Sophia,tuck-layer-shirt#White,cara-tee-2#Blush,hard
Sophia,tuck-layer-shirt#White,cara-tee-2#WhiteBlk,hard
Sophia,tuck-layer-shirt#White,long-sleeve-ruffle-shirt#Navy,random
Riina,the-boat-neck-top-1#NavyWhite,voyager-stripe-crew#Stripe,hard
Riina,the-boat-neck-top-1#NavyWhite,makeover-blouse#LimeGreen,hard
Riina,the-boat-neck-top-1#NavyWhite,clio-knit-jumper#InkWhite,random
Fiona,the-box-top#Khaki,natural-textured-poncho#Deeprain,hard
Fiona,the-box-top#Khaki,wonderland-blouse#Ink,hard
Fiona,the-box-top#Khaki,square-nk-fray-trim-top#Denim,random
Georgia,on-the-open-road-maxi-shirt#DarkOchre,voyager-stripe-crew#Stripe,hard
Georgia,on-the-open-road-maxi-shirt#DarkOchre,makeover-blouse#LimeGreen,hard
Georgia,on-the-open-road-maxi-shirt#DarkOchre,bora-bora-layered-tank#BoraBora,random
Nadine,runaway-top#SoftMint,makeover-blouse#LimeGreen,hard
Nadine,runaway-top#SoftMint,pure-merino-fine-rib-v-neck#Charcoal,hard
Nadine,runaway-top#SoftMint,striped-sleeve-sweater#Striped,random
Marnee,falling-for-you-cardi#Khaki,natural-textured-poncho#Deeprain,hard
Marnee,falling-for-you-cardi#Khaki,voyager-stripe-crew#Stripe,hard
Marnee,falling-for-you-cardi#Khaki,the-open-sleeve-blouse#Berry,random
Fiona,sugar-snaps-throw-jacket#White,natural-textured-poncho#Deeprain,hard
Fiona,sugar-snaps-throw-jacket#White,wonderland-blouse#Ink,hard
Fiona,sugar-snaps-throw-jacket#White,the-bell-sleeve-top#BlkStripe,random
Ljubenka,falling-for-you-cardi#GreyMarle,the-uneven-hem-knit-1#Sage,hard
Ljubenka,falling-for-you-cardi#GreyMarle,natural-textured-poncho#Deeprain,hard
Ljubenka,falling-for-you-cardi#GreyMarle,bo-cosy-cardigan#Storm,random
Fiona,the-contrast-knit-1#Navy,natural-textured-poncho#Deeprain,hard
Fiona,the-contrast-knit-1#Navy,wonderland-blouse#Ink,hard
Fiona,the-contrast-knit-1#Navy,the-cotton-bamboo-tank#Chambray,random
Mandy,snug-as-a-bug-jumper#Smoke,voyager-stripe-crew#Stripe,hard
Mandy,snug-as-a-bug-jumper#Smoke,makeover-blouse#LimeGreen,hard
Mandy,snug-as-a-bug-jumper#Smoke,rib-tank-2#Navy,random
Chelsea,the-lace-trim-top#Black,voyager-stripe-crew#Stripe,hard
Chelsea,the-lace-trim-top#Black,makeover-blouse#LimeGreen,hard
Chelsea,the-lace-trim-top#Black,sugar-snaps-throw-jacket#Duckegg,random
Laura,sugar-snaps-layers-tank#Black,cara-tee-2#Blush,hard
Laura,sugar-snaps-layers-tank#Black,cara-tee-2#WhiteBlk,hard
Laura,sugar-snaps-layers-tank#Black,poncho-2#NavySilver,random
Madeline,print-tee-3#Cntryhous,voyager-stripe-crew#Stripe,hard
Madeline,print-tee-3#Cntryhous,makeover-blouse#LimeGreen,hard
Madeline,print-tee-3#Cntryhous,layered-sleeve-top#DarkBlue,random
Maddy,the-sleeveless-cross-over-blouse#Mint,natural-textured-poncho#Deeprain,hard
Maddy,the-sleeveless-cross-over-blouse#Mint,voyager-stripe-crew#Stripe,hard
Maddy,the-sleeveless-cross-over-blouse#Mint,sunshine-in-me-tee-1#White,random
Stacey,partly-cloudy-knit#PawPaw,makeover-blouse#LimeGreen,hard
Stacey,partly-cloudy-knit#PawPaw,cara-tee-2#Blush,hard
Stacey,partly-cloudy-knit#PawPaw,capri-tank-6#ClaySpot,random
Kate,sugar-snaps-layers-tank#Black,natural-textured-poncho#Deeprain,hard
Kate,sugar-snaps-layers-tank#Black,animal-button-up-shirt#KhakiPrint,hard
Kate,sugar-snaps-layers-tank#Black,floral-embroidered-jumper#Navy,random
Stefania,the-relaxed-long-sleeve-tee#Khaki,voyager-stripe-crew#Stripe,hard
Stefania,the-relaxed-long-sleeve-tee#Khaki,makeover-blouse#LimeGreen,hard
Stefania,the-relaxed-long-sleeve-tee#Khaki,animal-button-up-shirt#KhakiPrint,random
Georgia,long-sleeve-softly-swinging-bamboo-tee#TeaRose,voyager-stripe-crew#Stripe,hard
Georgia,long-sleeve-softly-swinging-bamboo-tee#TeaRose,makeover-blouse#LimeGreen,hard
Georgia,long-sleeve-softly-swinging-bamboo-tee#TeaRose,dream-girl-ruffle-jumper#SoftPink,random
Georgia,ines-top#NavyStrip,voyager-stripe-crew#Stripe,hard
Georgia,ines-top#NavyStrip,makeover-blouse#LimeGreen,hard
Georgia,ines-top#NavyStrip,rib-tank-2#Navy,random
Marnee,open-plains-kimono-throw-1#Rust,natural-textured-poncho#Deeprain,hard
Marnee,open-plains-kimono-throw-1#Rust,voyager-stripe-crew#Stripe,hard
Marnee,open-plains-kimono-throw-1#Rust,the-oversize-knit#Ink,random
Riina,york-linen-blend-long-cardigan#BurntOrang,voyager-stripe-crew#Stripe,hard
Riina,york-linen-blend-long-cardigan#BurntOrang,makeover-blouse#LimeGreen,hard
Riina,york-linen-blend-long-cardigan#BurntOrang,vivian-blouse#Check,random
Denniel,the-cut-out-shoulder-blouse#Silver,natural-textured-poncho#Deeprain,hard
Denniel,the-cut-out-shoulder-blouse#Silver,voyager-stripe-crew#Stripe,hard
Denniel,the-cut-out-shoulder-blouse#Silver,bora-bora-layered-tank#BoraBora,random
Gemma,moonlight-kisses-bamboo-tee#White,voyager-stripe-crew#Stripe,hard
Gemma,moonlight-kisses-bamboo-tee#White,makeover-blouse#LimeGreen,hard
Gemma,moonlight-kisses-bamboo-tee#White,marjorie-tie-blouse#BluePrint,random
Laura,the-short-sleeve-wrap-jersey-top#Emerald,cara-tee-2#Blush,hard
Laura,the-short-sleeve-wrap-jersey-top#Emerald,cara-tee-2#WhiteBlk,hard
Laura,the-short-sleeve-wrap-jersey-top#Emerald,gloria-applique-crew#Charcoal,random
Nadine,overlay-top-2#Black,makeover-blouse#LimeGreen,hard
Nadine,overlay-top-2#Black,pure-merino-fine-rib-v-neck#Charcoal,hard
Nadine,overlay-top-2#Black,2-in-1-layered-knit-top#Navy,random
Nadine,voyager-stripe-crew#Stripe,makeover-blouse#LimeGreen,hard
Nadine,voyager-stripe-crew#Stripe,pure-merino-fine-rib-v-neck#Charcoal,hard
Nadine,voyager-stripe-crew#Stripe,the-sleeveless-cross-over-blouse#Chambray,random
Kate,belle-half-sleeve-forgiver-tunic#White,natural-textured-poncho#Deeprain,hard
Kate,belle-half-sleeve-forgiver-tunic#White,animal-button-up-shirt#KhakiPrint,hard
Kate,belle-half-sleeve-forgiver-tunic#White,the-essential-layering-tee#Ink,random
Jess,the-striped-top#BlueStripe,cara-tee-2#Blush,hard
Jess,the-striped-top#BlueStripe,cara-tee-2#WhiteBlk,hard
Jess,the-striped-top#BlueStripe,fundamental-split-hoodie#Pink,random
Laura,high-neck-tie-top#Black,cara-tee-2#Blush,hard
Laura,high-neck-tie-top#Black,cara-tee-2#WhiteBlk,hard
Laura,high-neck-tie-top#Black,curve-hem-cable-knit-sweater-1#Sapphire,random
Jess,the-bonded-cotton-tunic-dress#Navy,cara-tee-2#Blush,hard
Jess,the-bonded-cotton-tunic-dress#Navy,cara-tee-2#WhiteBlk,hard
Jess,the-bonded-cotton-tunic-dress#Navy,messina-v-neck-tee#Black,random
Stefania,the-printed-side-ring-detail-blouse#Block,voyager-stripe-crew#Stripe,hard
Stefania,the-printed-side-ring-detail-blouse#Block,makeover-blouse#LimeGreen,hard
Stefania,the-printed-side-ring-detail-blouse#Block,ditzy-floral-ruffle-blouse#DitzyFlora,random
Summer,crosses-jumper#xmyheart,voyager-stripe-crew#Stripe,hard
Summer,crosses-jumper#xmyheart,natural-textured-poncho#Deeprain,hard
Summer,crosses-jumper#xmyheart,belle-v-neck-forgiver-tunic#Navy,random
Marnee,shirt-in-a-box#Silver,natural-textured-poncho#Deeprain,hard
Marnee,shirt-in-a-box#Silver,voyager-stripe-crew#Stripe,hard
Marnee,shirt-in-a-box#Silver,clio-knit-jumper#Clay,random
Jess,falling-for-you-top#Blue,cara-tee-2#Blush,hard
Jess,falling-for-you-top#Blue,cara-tee-2#WhiteBlk,hard
Jess,falling-for-you-top#Blue,the-cross-over-printed-blouse#Leopard,random
Jess,tracie-top#Opal,cara-tee-2#Blush,hard
Jess,tracie-top#Opal,cara-tee-2#WhiteBlk,hard
Jess,tracie-top#Opal,maui-stretch-tee#Navy,random
Ljubenka,the-everyday-shirt#Pink,the-uneven-hem-knit-1#Sage,hard
Ljubenka,the-everyday-shirt#Pink,natural-textured-poncho#Deeprain,hard
Ljubenka,the-everyday-shirt#Pink,bubbles-print-tee#Cambridge,random
Perrie,the-cut-out-shoulder-blouse#Salmon,natural-textured-poncho#Deeprain,hard
Perrie,the-cut-out-shoulder-blouse#Salmon,voyager-stripe-crew#Stripe,hard
Perrie,the-cut-out-shoulder-blouse#Salmon,mila-knit-cardigan#Clay,random
Marnee,sugar-snaps-layers-tank#DuckEgg,natural-textured-poncho#Deeprain,hard
Marnee,sugar-snaps-layers-tank#DuckEgg,voyager-stripe-crew#Stripe,hard
Marnee,sugar-snaps-layers-tank#DuckEgg,sequin-cross-2-in-1-top#Khaki,random
Madeline,natural-waterfall-cardigan#Fallendust,voyager-stripe-crew#Stripe,hard
Madeline,natural-waterfall-cardigan#Fallendust,makeover-blouse#LimeGreen,hard
Madeline,natural-waterfall-cardigan#Fallendust,woolly-spotted-hoodie#Navy,random
Sophia,the-textured-spot-top#Pink,cara-tee-2#Blush,hard
Sophia,the-textured-spot-top#Pink,cara-tee-2#WhiteBlk,hard
Sophia,the-textured-spot-top#Pink,print-shirt-1#Blush,random
Nadine,woolly-spotted-hoodie#Navy,makeover-blouse#LimeGreen,hard
Nadine,woolly-spotted-hoodie#Navy,pure-merino-fine-rib-v-neck#Charcoal,hard
Nadine,woolly-spotted-hoodie#Navy,bird-print-jumper#Navy,random
Ljubenka,the-printed-v-neck-tee#White,the-uneven-hem-knit-1#Sage,hard
Ljubenka,the-printed-v-neck-tee#White,natural-textured-poncho#Deeprain,hard
Ljubenka,the-printed-v-neck-tee#White,malibu-cardigan#Navy,random
Shadae,fundamental-vee-tee#Pink,voyager-stripe-crew#Stripe,hard
Shadae,fundamental-vee-tee#Pink,makeover-blouse#LimeGreen,hard
Shadae,fundamental-vee-tee#Pink,bird-jumper#Navy,random
Chelsea,the-tie-front-top#Navy,voyager-stripe-crew#Stripe,hard
Chelsea,the-tie-front-top#Navy,makeover-blouse#LimeGreen,hard
Chelsea,the-tie-front-top#Navy,butterfly-kisses-tee#Stripe,random
Jess,icing-sugar-top#Ivory,cara-tee-2#Blush,hard
Jess,icing-sugar-top#Ivory,cara-tee-2#WhiteBlk,hard
Jess,icing-sugar-top#Ivory,the-zip-front-blouse#Navy,random
Jess,cyrus-top#LightRose,cara-tee-2#Blush,hard
Jess,cyrus-top#LightRose,cara-tee-2#WhiteBlk,hard
Jess,cyrus-top#LightRose,fundamental-split-hoodie-1#Lilac,random
Marnee,starry-night-cardi#Chalk,natural-textured-poncho#Deeprain,hard
Marnee,starry-night-cardi#Chalk,voyager-stripe-crew#Stripe,hard
Marnee,starry-night-cardi#Chalk,layer-top-1#Navy,random
Jess,layered-tunic-1#White,cara-tee-2#Blush,hard
Jess,layered-tunic-1#White,cara-tee-2#WhiteBlk,hard
Jess,layered-tunic-1#White,bird-print-jumper#Navy,random
Gemma,floral-blouse-2#NavyMulti,voyager-stripe-crew#Stripe,hard
Gemma,floral-blouse-2#NavyMulti,makeover-blouse#LimeGreen,hard
Gemma,floral-blouse-2#NavyMulti,the-cotton-bamboo-tee#BlueJeans,random
Sophie,belle-half-sleeve-forgiver-tunic#BlueBonnet,side-buttoned-sweater#Buttoned,hard
Sophie,belle-half-sleeve-forgiver-tunic#BlueBonnet,the-tie-front-top#Navy,hard
Sophie,belle-half-sleeve-forgiver-tunic#BlueBonnet,messina-knit#Cognac,random
Jess,daisy-chain-tassel-blouse#DeepBlue,cara-tee-2#Blush,hard
Jess,daisy-chain-tassel-blouse#DeepBlue,cara-tee-2#WhiteBlk,hard
Jess,daisy-chain-tassel-blouse#DeepBlue,luxe-shirt#Navy,random
Clementine,sugar-snaps-layers-tank#Red,voyager-stripe-crew#Stripe,hard
Clementine,sugar-snaps-layers-tank#Red,makeover-blouse#LimeGreen,hard
Clementine,sugar-snaps-layers-tank#Red,the-shoulder-tie-top#Navy,random
Amanda,the-zip-front-top#Rose,natural-textured-poncho#Deeprain,hard
Amanda,the-zip-front-top#Rose,voyager-stripe-crew#Stripe,hard
Amanda,the-zip-front-top#Rose,still-the-one-ruffle-blouse#Spot,random
Denniel,the-cross-over-blouse#White,natural-textured-poncho#Deeprain,hard
Denniel,the-cross-over-blouse#White,voyager-stripe-crew#Stripe,hard
Denniel,the-cross-over-blouse#White,the-twist-front-top#Navy,random
Summer,jordan-top#PearlBlue,voyager-stripe-crew#Stripe,hard
Summer,jordan-top#PearlBlue,natural-textured-poncho#Deeprain,hard
Summer,jordan-top#PearlBlue,the-pirate-in-me-shirt#White,random
Maddy,the-relaxed-long-sleeve-tee#Navy,natural-textured-poncho#Deeprain,hard
Maddy,the-relaxed-long-sleeve-tee#Navy,voyager-stripe-crew#Stripe,hard
Maddy,the-relaxed-long-sleeve-tee#Navy,kimberly-spliced-top#Zebraprint,random
Riina,the-midi-waterfall-cardi#BlueMarle,voyager-stripe-crew#Stripe,hard
Riina,the-midi-waterfall-cardi#BlueMarle,makeover-blouse#LimeGreen,hard
Riina,the-midi-waterfall-cardi#BlueMarle,falling-for-you-top#Blue,random
Stacey,multi-stripe-jumper#NavyMulti,makeover-blouse#LimeGreen,hard
Stacey,multi-stripe-jumper#NavyMulti,cara-tee-2#Blush,hard
Stacey,multi-stripe-jumper#NavyMulti,je-taime-knit#Navy,random
Jess,the-spotted-tunic#GreySpot,cara-tee-2#Blush,hard
Jess,the-spotted-tunic#GreySpot,cara-tee-2#WhiteBlk,hard
Jess,the-spotted-tunic#GreySpot,elcos-45-aop-top-jrs#BlackZigZa,random
Mae-Lee,sugar-snaps-layers-tank#DeepCobalt,side-buttoned-sweater#Buttoned,hard
Mae-Lee,sugar-snaps-layers-tank#DeepCobalt,voyager-stripe-crew#Stripe,hard
Mae-Lee,sugar-snaps-layers-tank#DeepCobalt,bella-ls-tee#GreenWhite,random
Riina,the-longline-cardi-1#GreyMarle,voyager-stripe-crew#Stripe,hard
Riina,the-longline-cardi-1#GreyMarle,makeover-blouse#LimeGreen,hard
Riina,the-longline-cardi-1#GreyMarle,the-cotton-bamboo-tank#DarkNavy,random
Laura,summer-haze-top#Teal,cara-tee-2#Blush,hard
Laura,summer-haze-top#Teal,cara-tee-2#WhiteBlk,hard
Laura,summer-haze-top#Teal,heart-spliced-top#Navy,random
Nadine,long-sleeve-layer-top#Navy,makeover-blouse#LimeGreen,hard
Nadine,long-sleeve-layer-top#Navy,pure-merino-fine-rib-v-neck#Charcoal,hard
Nadine,long-sleeve-layer-top#Navy,on-the-open-road-maxi-shirt#DarkOchre,random
Emma,long-sleeve-softly-swinging-bamboo-tee#Copper,voyager-stripe-crew#Stripe,hard
Emma,long-sleeve-softly-swinging-bamboo-tee#Copper,makeover-blouse#LimeGreen,hard
Emma,long-sleeve-softly-swinging-bamboo-tee#Copper,soho-ruffle-jumper#OatmealMar,random
Laura,celestial-woven-top#White,cara-tee-2#Blush,hard
Laura,celestial-woven-top#White,cara-tee-2#WhiteBlk,hard
Laura,celestial-woven-top#White,bamboo-layer-tank#Black,random
Clementine,the-v-split-blouse#Salmon,voyager-stripe-crew#Stripe,hard
Clementine,the-v-split-blouse#Salmon,makeover-blouse#LimeGreen,hard
Clementine,the-v-split-blouse#Salmon,belle-twist-front-tee-1#Black,random
Natalia,selene-cardigan#Ivy,voyager-stripe-crew#Stripe,hard
Natalia,selene-cardigan#Ivy,makeover-blouse#LimeGreen,hard
Natalia,selene-cardigan#Ivy,square-peg-pullover#SilverMix,random
Gemma,meredith-78-oversized-pullover-knit#CameoRose,voyager-stripe-crew#Stripe,hard
Gemma,meredith-78-oversized-pullover-knit#CameoRose,makeover-blouse#LimeGreen,hard
Gemma,meredith-78-oversized-pullover-knit#CameoRose,the-stripe-pocket-tank#Stripe,random
Natalia,the-twist-front-top#Grey,voyager-stripe-crew#Stripe,hard
Natalia,the-twist-front-top#Grey,makeover-blouse#LimeGreen,hard
Natalia,the-twist-front-top#Grey,meadow-cardigan#Cream,random
Marnee,sugar-snaps-layers-tank#SeaGreen,natural-textured-poncho#Deeprain,hard
Marnee,sugar-snaps-layers-tank#SeaGreen,voyager-stripe-crew#Stripe,hard
Marnee,sugar-snaps-layers-tank#SeaGreen,the-long-sleeve-scoop-neck-tee#Grey,random
Miranda,the-pleated-sleeve-top#Sage,voyager-stripe-crew#Stripe,hard
Miranda,the-pleated-sleeve-top#Sage,makeover-blouse#LimeGreen,hard
Miranda,the-pleated-sleeve-top#Sage,softly-swinging-bamboo-tee#BlueJeans,random
Anna,the-cross-over-blouse#Sunshine,voyager-stripe-crew#Stripe,hard
Anna,the-cross-over-blouse#Sunshine,makeover-blouse#LimeGreen,hard
Anna,the-cross-over-blouse#Sunshine,print-tee-3#Bike,random
Natalie,sugar-snaps-layers-tank#SeaGreen,natural-textured-poncho#Deeprain,hard
Natalie,sugar-snaps-layers-tank#SeaGreen,voyager-stripe-crew#Stripe,hard
Natalie,sugar-snaps-layers-tank#SeaGreen,millie-top#BlackSpot,random
Amanda,the-panel-luxe-top#BlkWhite,natural-textured-poncho#Deeprain,hard
Amanda,the-panel-luxe-top#BlkWhite,voyager-stripe-crew#Stripe,hard
Amanda,the-panel-luxe-top#BlkWhite,rosie-bell-sleeve-denim-shirt#Stripe,random
Riina,the-essential-layering-tee#White,voyager-stripe-crew#Stripe,hard
Riina,the-essential-layering-tee#White,makeover-blouse#LimeGreen,hard
Riina,the-essential-layering-tee#White,the-drape-tee-1#Navy,random
Laura,westward-top#BotanicalD,cara-tee-2#Blush,hard
Laura,westward-top#BotanicalD,cara-tee-2#WhiteBlk,hard
Laura,westward-top#BotanicalD,the-pirate-in-me-shirt#White,random
Natalie,the-cut-out-shoulder-blouse#Salmon,natural-textured-poncho#Deeprain,hard
Natalie,the-cut-out-shoulder-blouse#Salmon,voyager-stripe-crew#Stripe,hard
Natalie,the-cut-out-shoulder-blouse#Salmon,print-tee-3#Cntryhous,random
Clementine,the-stella-tee#Marine,voyager-stripe-crew#Stripe,hard
Clementine,the-stella-tee#Marine,makeover-blouse#LimeGreen,hard
Clementine,the-stella-tee#Marine,the-panel-hem-top#DenimMarle,random
Georgia,sugar-snaps-throw-jacket#White,voyager-stripe-crew#Stripe,hard
Georgia,sugar-snaps-throw-jacket#White,makeover-blouse#LimeGreen,hard
Georgia,sugar-snaps-throw-jacket#White,star-and-spot-sweater#SilverMult,random
Sophie,the-everyday-shirt#Cream,side-buttoned-sweater#Buttoned,hard
Sophie,the-everyday-shirt#Cream,the-tie-front-top#Navy,hard
Sophie,the-everyday-shirt#Cream,the-midi-waterfall-cardi#BlueMarle,random
Fiona,falling-for-you-cardi#Teal,natural-textured-poncho#Deeprain,hard
Fiona,falling-for-you-cardi#Teal,wonderland-blouse#Ink,hard
Fiona,falling-for-you-cardi#Teal,cara-tee-3#Mustard,random
Tia,softly-swinging-bamboo-tee#Starfish,the-panel-luxe-top#BlkWhite,hard
Tia,softly-swinging-bamboo-tee#Starfish,the-panel-luxe-top#SilvWhite,hard
Tia,softly-swinging-bamboo-tee#Starfish,nova-lux-long-sleeve-tie-top-1#CloudDance,random
Palatina,falling-for-you-cardi#Port,cara-tee-2#Blush,hard
Palatina,falling-for-you-cardi#Port,cara-tee-2#WhiteBlk,hard
Palatina,falling-for-you-cardi#Port,leah-knit-cardigan#WhiteBlk,random
Maddy,the-wrap-jersey-top#Charcoal,natural-textured-poncho#Deeprain,hard
Maddy,the-wrap-jersey-top#Charcoal,voyager-stripe-crew#Stripe,hard
Maddy,the-wrap-jersey-top#Charcoal,always-mine-v-neck-knit#Terracotta,random
Ljubenka,falling-for-you-cardi#Khaki,the-uneven-hem-knit-1#Sage,hard
Ljubenka,falling-for-you-cardi#Khaki,natural-textured-poncho#Deeprain,hard
Ljubenka,falling-for-you-cardi#Khaki,germaine-blouse#Pearl,random
Charlotte,natural-cosy-sweater#Rosered,voyager-stripe-crew#Stripe,hard
Charlotte,natural-cosy-sweater#Rosered,makeover-blouse#LimeGreen,hard
Charlotte,natural-cosy-sweater#Rosered,the-shoulder-tie-top#Navy,random
Fiona,sugar-snaps-round-neck-layer-tank#White,natural-textured-poncho#Deeprain,hard
Fiona,sugar-snaps-round-neck-layer-tank#White,wonderland-blouse#Ink,hard
Fiona,sugar-snaps-round-neck-layer-tank#White,crosses-jumper#xmyheart,random
Laura,melbourne-stretch-cardigan#NavyWhtStr,cara-tee-2#Blush,hard
Laura,melbourne-stretch-cardigan#NavyWhtStr,cara-tee-2#WhiteBlk,hard
Laura,melbourne-stretch-cardigan#NavyWhtStr,the-print-contrast-34-sleeve-top#Animal,random
Georgia,the-cotton-bamboo-tank#Moonbeam,voyager-stripe-crew#Stripe,hard
Georgia,the-cotton-bamboo-tank#Moonbeam,makeover-blouse#LimeGreen,hard
Georgia,the-cotton-bamboo-tank#Moonbeam,mila-knit-cardigan#Clay,random
Marnee,on-the-horizon-swing-top-1#Khaki,natural-textured-poncho#Deeprain,hard
Marnee,on-the-horizon-swing-top-1#Khaki,voyager-stripe-crew#Stripe,hard
Marnee,on-the-horizon-swing-top-1#Khaki,the-cut-out-shoulder-blouse#Clay,random
Mae-Lee,the-v-split-blouse#Salmon,side-buttoned-sweater#Buttoned,hard
Mae-Lee,the-v-split-blouse#Salmon,voyager-stripe-crew#Stripe,hard
Mae-Lee,the-v-split-blouse#Salmon,arya-frilled-blouse#Oyster,random
Laura,belle-half-sleeve-forgiver-tunic#BlueBonnet,cara-tee-2#Blush,hard
Laura,belle-half-sleeve-forgiver-tunic#BlueBonnet,cara-tee-2#WhiteBlk,hard
Laura,belle-half-sleeve-forgiver-tunic#BlueBonnet,linen-cotton-shirt#White,random
Alex,jade-kimono-sweet-blossoms#Blue,voyager-stripe-crew#Stripe,hard
Alex,jade-kimono-sweet-blossoms#Blue,makeover-blouse#LimeGreen,hard
Alex,jade-kimono-sweet-blossoms#Blue,ava-short-sleeve-linen-tee#Blush,random
Helen,lenka-lurex-stripe-blouse#NavyGoldSt,voyager-stripe-crew#Stripe,hard
Helen,lenka-lurex-stripe-blouse#NavyGoldSt,makeover-blouse#LimeGreen,hard
Helen,lenka-lurex-stripe-blouse#NavyGoldSt,cara-tee-3#ZebraPrint,random
Kate,belle-half-sleeve-forgiver-tunic#BlueBonnet,natural-textured-poncho#Deeprain,hard
Kate,belle-half-sleeve-forgiver-tunic#BlueBonnet,animal-button-up-shirt#KhakiPrint,hard
Kate,belle-half-sleeve-forgiver-tunic#BlueBonnet,layered-tee-2#White,random
Laura,foil-spot-tee-1#Navy,cara-tee-2#Blush,hard
Laura,foil-spot-tee-1#Navy,cara-tee-2#WhiteBlk,hard
Laura,foil-spot-tee-1#Navy,the-relaxed-batwing-top#PeachRose,random
Chelsea,malibu-cardigan#Wine,voyager-stripe-crew#Stripe,hard
Chelsea,malibu-cardigan#Wine,makeover-blouse#LimeGreen,hard
Chelsea,malibu-cardigan#Wine,sky-jumper-1#Clouds,random
Georgia,long-sleeve-softly-swinging-bamboo-tee#BlueJeans,voyager-stripe-crew#Stripe,hard
Georgia,long-sleeve-softly-swinging-bamboo-tee#BlueJeans,makeover-blouse#LimeGreen,hard
Georgia,long-sleeve-softly-swinging-bamboo-tee#BlueJeans,the-tie-detail-hoody#Pink,random
Palatina,2-in-1-layered-knit-top#Navy,cara-tee-2#Blush,hard
Palatina,2-in-1-layered-knit-top#Navy,cara-tee-2#WhiteBlk,hard
Palatina,2-in-1-layered-knit-top#Navy,fundamental-sydney-crew#GreyMarle,random
Clementine,the-sleeveless-cross-over-blouse#Chambray,voyager-stripe-crew#Stripe,hard
Clementine,the-sleeveless-cross-over-blouse#Chambray,makeover-blouse#LimeGreen,hard
Clementine,the-sleeveless-cross-over-blouse#Chambray,tuck-layer-shirt#White,random
Sophia,the-pleated-sleeve-top#Sage,cara-tee-2#Blush,hard
Sophia,the-pleated-sleeve-top#Sage,cara-tee-2#WhiteBlk,hard
Sophia,the-pleated-sleeve-top#Sage,layer-me-bamboo-rouched-sleeve-tee#Copper,random
Monique,the-asymmetrical-tank-top#HotPink,voyager-stripe-crew#Stripe,hard
Monique,the-asymmetrical-tank-top#HotPink,makeover-blouse#LimeGreen,hard
Monique,the-asymmetrical-tank-top#HotPink,natural-textured-poncho#Deeprain,random
Mae-Lee,on-safari-blouse#Jewel,side-buttoned-sweater#Buttoned,hard
Mae-Lee,on-safari-blouse#Jewel,voyager-stripe-crew#Stripe,hard
Mae-Lee,on-safari-blouse#Jewel,frill-sleeve-top-1#LeafPrint,random
Sophia,falling-for-you-cardi#Rust,cara-tee-2#Blush,hard
Sophia,falling-for-you-cardi#Rust,cara-tee-2#WhiteBlk,hard
Sophia,falling-for-you-cardi#Rust,sand-queen-throw-blouse#Fleur,random
Laura,long-sleeve-layer-top#White,cara-tee-2#Blush,hard
Laura,long-sleeve-layer-top#White,cara-tee-2#WhiteBlk,hard
Laura,long-sleeve-layer-top#White,the-crossover-2-way-blouse#Black,random
Riina,the-cotton-cardi#Khaki,voyager-stripe-crew#Stripe,hard
Riina,the-cotton-cardi#Khaki,makeover-blouse#LimeGreen,hard
Riina,the-cotton-cardi#Khaki,marlow-cardigan#Cream,random
Maddy,the-stripe-pocket-tank#Stripe,natural-textured-poncho#Deeprain,hard
Maddy,the-stripe-pocket-tank#Stripe,voyager-stripe-crew#Stripe,hard
Maddy,the-stripe-pocket-tank#Stripe,placement-print-shirt#WhiteNavy,random
Lisa,out-of-my-mind-scallop-knit#GreyMarle,voyager-stripe-crew#Stripe,hard
Lisa,out-of-my-mind-scallop-knit#GreyMarle,makeover-blouse#LimeGreen,hard
Lisa,out-of-my-mind-scallop-knit#GreyMarle,long-sleeve-layer-top#Navy,random
Laura,long-sleeve-tee-2#NavyWhite,cara-tee-2#Blush,hard
Laura,long-sleeve-tee-2#NavyWhite,cara-tee-2#WhiteBlk,hard
Laura,long-sleeve-tee-2#NavyWhite,the-button-up-swing-tunic#Wine,random
Anna,the-sleeveless-cross-over-blouse#Salmon,voyager-stripe-crew#Stripe,hard
Anna,the-sleeveless-cross-over-blouse#Salmon,makeover-blouse#LimeGreen,hard
Anna,the-sleeveless-cross-over-blouse#Salmon,wonderlust-tee#BurntOran,random
Laura,the-half-sleeve-tee#White,cara-tee-2#Blush,hard
Laura,the-half-sleeve-tee#White,cara-tee-2#WhiteBlk,hard
Laura,the-half-sleeve-tee#White,elcos-45-aop-top-jrs#BlackFlowe,random
Summer,weekend-tunic#Navy,voyager-stripe-crew#Stripe,hard
Summer,weekend-tunic#Navy,natural-textured-poncho#Deeprain,hard
Summer,weekend-tunic#Navy,belle-mesh-cardi#Black,random
Jess,falling-for-you-cardi#Mustard,cara-tee-2#Blush,hard
Jess,falling-for-you-cardi#Mustard,cara-tee-2#WhiteBlk,hard
Jess,falling-for-you-cardi#Mustard,monaco-knot-top#Black,random
Mae-Lee,the-on-or-off-the-shoulder-top#Pink,side-buttoned-sweater#Buttoned,hard
Mae-Lee,the-on-or-off-the-shoulder-top#Pink,voyager-stripe-crew#Stripe,hard
Mae-Lee,the-on-or-off-the-shoulder-top#Pink,falling-for-you-tunic#Rust,random
Stefania,the-check-pullover#PinkCheck,voyager-stripe-crew#Stripe,hard
Stefania,the-check-pullover#PinkCheck,makeover-blouse#LimeGreen,hard
Stefania,the-check-pullover#PinkCheck,wonderland-blouse#Ink,random
Jess,falling-for-you-cardi#Navy,cara-tee-2#Blush,hard
Jess,falling-for-you-cardi#Navy,cara-tee-2#WhiteBlk,hard
Jess,falling-for-you-cardi#Navy,dahlia-lace-trim-blouse#Dusk,random
Chelsea,the-tie-front-top#Black,voyager-stripe-crew#Stripe,hard
Chelsea,the-tie-front-top#Black,makeover-blouse#LimeGreen,hard
Chelsea,the-tie-front-top#Black,the-relaxed-batwing-top#PeachRose,random
Stacey,layer-me-bamboo-rouched-sleeve-tee#White,makeover-blouse#LimeGreen,hard
Stacey,layer-me-bamboo-rouched-sleeve-tee#White,cara-tee-2#Blush,hard
Stacey,layer-me-bamboo-rouched-sleeve-tee#White,sugar-snaps-throw-jacket#Duckegg,random
Ljubenka,softly-swinging-bamboo-singlet#Cashew,the-uneven-hem-knit-1#Sage,hard
Ljubenka,softly-swinging-bamboo-singlet#Cashew,natural-textured-poncho#Deeprain,hard
Ljubenka,softly-swinging-bamboo-singlet#Cashew,great-scot-merino-carcoat#Twilight,random
Maddy,the-relaxed-long-sleeve-tee#Khaki,natural-textured-poncho#Deeprain,hard
Maddy,the-relaxed-long-sleeve-tee#Khaki,voyager-stripe-crew#Stripe,hard
Maddy,the-relaxed-long-sleeve-tee#Khaki,daisy-chain-tassel-blouse#DeepBlue,random
Fiona,belle-ls-free-fall-tee#Blush,natural-textured-poncho#Deeprain,hard
Fiona,belle-ls-free-fall-tee#Blush,wonderland-blouse#Ink,hard
Fiona,belle-ls-free-fall-tee#Blush,the-lace-trim-top#Ivory,random
Georgia,summer-haze-top#Teal,voyager-stripe-crew#Stripe,hard
Georgia,summer-haze-top#Teal,makeover-blouse#LimeGreen,hard
Georgia,summer-haze-top#Teal,the-long-sleeve-scoop-neck-tee#Black,random
Summer,tie-back-bell-sleeve-top-5#Summerbud,voyager-stripe-crew#Stripe,hard
Summer,tie-back-bell-sleeve-top-5#Summerbud,natural-textured-poncho#Deeprain,hard
Summer,tie-back-bell-sleeve-top-5#Summerbud,print-shirt-1#Blush,random
Amanda,the-soft-overlay-top#Pink,natural-textured-poncho#Deeprain,hard
Amanda,the-soft-overlay-top#Pink,voyager-stripe-crew#Stripe,hard
Amanda,the-soft-overlay-top#Pink,great-scot-merino-carcoat#Twilight,random
Georgia,the-cotton-bamboo-tank#Chambray,voyager-stripe-crew#Stripe,hard
Georgia,the-cotton-bamboo-tank#Chambray,makeover-blouse#LimeGreen,hard
Georgia,the-cotton-bamboo-tank#Chambray,aigli-top#White,random
Anna Maria,falling-for-you-cardi#Rust,natural-textured-poncho#Deeprain,hard
Anna Maria,falling-for-you-cardi#Rust,voyager-stripe-crew#Stripe,hard
Anna Maria,falling-for-you-cardi#Rust,luxe-shirt#Champagne,random
Ljubenka,the-bonded-cotton-shirt#Pink,the-uneven-hem-knit-1#Sage,hard
Ljubenka,the-bonded-cotton-shirt#Pink,natural-textured-poncho#Deeprain,hard
Ljubenka,the-bonded-cotton-shirt#Pink,the-cotton-cardi#Navy,random
Maddy,the-cross-over-blouse#Sunshine,natural-textured-poncho#Deeprain,hard
Maddy,the-cross-over-blouse#Sunshine,voyager-stripe-crew#Stripe,hard
Maddy,the-cross-over-blouse#Sunshine,the-open-sleeve-blouse#Berry,random
Kate,belle-half-sleeve-forgiver-tunic#FlamPink,natural-textured-poncho#Deeprain,hard
Kate,belle-half-sleeve-forgiver-tunic#FlamPink,animal-button-up-shirt#KhakiPrint,hard
Kate,belle-half-sleeve-forgiver-tunic#FlamPink,block-vest#Blockvest,random
Ljubenka,wrap-me-up-bamboo-top#BlueJeans,the-uneven-hem-knit-1#Sage,hard
Ljubenka,wrap-me-up-bamboo-top#BlueJeans,natural-textured-poncho#Deeprain,hard
Ljubenka,wrap-me-up-bamboo-top#BlueJeans,cotton-cashmere-v-neck-knit#Navy,random
Jess,lurex-stitch-top#White,cara-tee-2#Blush,hard
Jess,lurex-stitch-top#White,cara-tee-2#WhiteBlk,hard
Jess,lurex-stitch-top#White,seeker-knot-front-shirt#Olive,random
Marnee,the-everyday-shirt#Cream,natural-textured-poncho#Deeprain,hard
Marnee,the-everyday-shirt#Cream,voyager-stripe-crew#Stripe,hard
Marnee,the-everyday-shirt#Cream,prickly-cactus-crew#Pink,random
Jess,belle-twist-front-tee-1#Black,cara-tee-2#Blush,hard
Jess,belle-twist-front-tee-1#Black,cara-tee-2#WhiteBlk,hard
Jess,belle-twist-front-tee-1#Black,kimono-top-36#BlueMarle,random
Mandy,nuzuri-longline-cardi#Forest,voyager-stripe-crew#Stripe,hard
Mandy,nuzuri-longline-cardi#Forest,makeover-blouse#LimeGreen,hard
Mandy,nuzuri-longline-cardi#Forest,the-cross-over-poncho#Navy,random
Laura,hannah-tee-1#RedWhite,cara-tee-2#Blush,hard
Laura,hannah-tee-1#RedWhite,cara-tee-2#WhiteBlk,hard
Laura,hannah-tee-1#RedWhite,capri-tank-6#Olive,random
Fiona,fern-print-top#Navy,natural-textured-poncho#Deeprain,hard
Fiona,fern-print-top#Navy,wonderland-blouse#Ink,hard
Fiona,fern-print-top#Navy,belle-half-sleeve-forgiver-tunic#White,random
Marnee,butterfly-kisses-tee#Stripe,natural-textured-poncho#Deeprain,hard
Marnee,butterfly-kisses-tee#Stripe,voyager-stripe-crew#Stripe,hard
Marnee,butterfly-kisses-tee#Stripe,ponte-spot-top#BlackWhite,random
Palatina,moonlight-kisses-bamboo-tee#Saffron,cara-tee-2#Blush,hard
Palatina,moonlight-kisses-bamboo-tee#Saffron,cara-tee-2#WhiteBlk,hard
Palatina,moonlight-kisses-bamboo-tee#Saffron,sparkly-star-tee#Blue,random
Riina,the-relaxed-long-sleeve-tee#White,voyager-stripe-crew#Stripe,hard
Riina,the-relaxed-long-sleeve-tee#White,makeover-blouse#LimeGreen,hard
Riina,the-relaxed-long-sleeve-tee#White,the-open-sleeve-blouse#Berry,random
Natalia,napoleon-top-1#NemoBlue,voyager-stripe-crew#Stripe,hard
Natalia,napoleon-top-1#NemoBlue,makeover-blouse#LimeGreen,hard
Natalia,napoleon-top-1#NemoBlue,cara-tee-4#Black,random
Emma,the-relaxed-long-sleeve-tee#Black,voyager-stripe-crew#Stripe,hard
Emma,the-relaxed-long-sleeve-tee#Black,makeover-blouse#LimeGreen,hard
Emma,the-relaxed-long-sleeve-tee#Black,the-stripe-jersey-top#Pink,random
Riina,the-double-layer-top#White,voyager-stripe-crew#Stripe,hard
Riina,the-double-layer-top#White,makeover-blouse#LimeGreen,hard
Riina,the-double-layer-top#White,animal-button-up-shirt#KhakiPrint,random
Gemma,relaxed-v-neck-knit#Silver,voyager-stripe-crew#Stripe,hard
Gemma,relaxed-v-neck-knit#Silver,makeover-blouse#LimeGreen,hard
Gemma,relaxed-v-neck-knit#Silver,the-flutter-sleeve-top#Denim,random
Riina,agra-shirt#White,voyager-stripe-crew#Stripe,hard
Riina,agra-shirt#White,makeover-blouse#LimeGreen,hard
Riina,agra-shirt#White,meera-oversized-shirt#Mint,random
Summer,layered-tee-2#White,voyager-stripe-crew#Stripe,hard
Summer,layered-tee-2#White,natural-textured-poncho#Deeprain,hard
Summer,layered-tee-2#White,layer-me-bamboo-rouched-sleeve-tee#White,random
Mae-Lee,long-sleeve-softly-swinging-bamboo-tee#White,side-buttoned-sweater#Buttoned,hard
Mae-Lee,long-sleeve-softly-swinging-bamboo-tee#White,voyager-stripe-crew#Stripe,hard
Mae-Lee,long-sleeve-softly-swinging-bamboo-tee#White,wonderland-blouse#Ink,random
Mercy,belle-v-neck-forgiver-tunic#DenimMarl,voyager-stripe-crew#Stripe,hard
Mercy,belle-v-neck-forgiver-tunic#DenimMarl,makeover-blouse#LimeGreen,hard
Mercy,belle-v-neck-forgiver-tunic#DenimMarl,belle-drape-tee#Black,random
Lauren,the-pirate-in-me-shirt#White,side-buttoned-sweater#Buttoned,hard
Lauren,the-pirate-in-me-shirt#White,voyager-stripe-crew#Stripe,hard
Lauren,the-pirate-in-me-shirt#White,oversize-contrast-hood-top#Steel,random
Marnee,falling-for-you-cardi#Rust,natural-textured-poncho#Deeprain,hard
Marnee,falling-for-you-cardi#Rust,voyager-stripe-crew#Stripe,hard
Marnee,falling-for-you-cardi#Rust,longline-gather-back-shirt#Black,random
Ljubenka,summer-whispers-kimono-1#Peacock,the-uneven-hem-knit-1#Sage,hard
Ljubenka,summer-whispers-kimono-1#Peacock,natural-textured-poncho#Deeprain,hard
Ljubenka,summer-whispers-kimono-1#Peacock,chasing-birds-blouse#White,random
Chelsea,millie-top#WhiteBlk,voyager-stripe-crew#Stripe,hard
Chelsea,millie-top#WhiteBlk,makeover-blouse#LimeGreen,hard
Chelsea,millie-top#WhiteBlk,overlay-tunic-3-pce-set#Emerald,random
Jess,long-sleeve-softly-swinging-bamboo-tee#TeaRose,cara-tee-2#Blush,hard
Jess,long-sleeve-softly-swinging-bamboo-tee#TeaRose,cara-tee-2#WhiteBlk,hard
Jess,long-sleeve-softly-swinging-bamboo-tee#TeaRose,layered-top-2#Navy,random
Amanda,the-spotted-tunic#GreySpot,natural-textured-poncho#Deeprain,hard
Amanda,the-spotted-tunic#GreySpot,voyager-stripe-crew#Stripe,hard
Amanda,the-spotted-tunic#GreySpot,elcos-45-aop-top-jrs#BlackFlowe,random
Madeline,print-tee-3#Music,voyager-stripe-crew#Stripe,hard
Madeline,print-tee-3#Music,makeover-blouse#LimeGreen,hard
Madeline,print-tee-3#Music,butterfly-kisses-tee#Stripe,random
Gemma,stripe-sweater-2#Blue,voyager-stripe-crew#Stripe,hard
Gemma,stripe-sweater-2#Blue,makeover-blouse#LimeGreen,hard
Gemma,stripe-sweater-2#Blue,karmen-top#HighRiskRe,random
Georgia,runaway-top#JetBlack,voyager-stripe-crew#Stripe,hard
Georgia,runaway-top#JetBlack,makeover-blouse#LimeGreen,hard
Georgia,runaway-top#JetBlack,natural-tie-tunic#BlueSky,random
Jess,belle-mesh-cardi#Black,cara-tee-2#Blush,hard
Jess,belle-mesh-cardi#Black,cara-tee-2#WhiteBlk,hard
Jess,belle-mesh-cardi#Black,2-in-1-layered-top-1#NavyWhite,random
Fiona,long-sleeve-softly-swinging-bamboo-tee#TeaRose,natural-textured-poncho#Deeprain,hard
Fiona,long-sleeve-softly-swinging-bamboo-tee#TeaRose,wonderland-blouse#Ink,hard
Fiona,long-sleeve-softly-swinging-bamboo-tee#TeaRose,the-cross-over-blouse#Mint,random
Nathalie,the-wrap-jersey-top#PortSpot,voyager-stripe-crew#Stripe,hard
Nathalie,the-wrap-jersey-top#PortSpot,makeover-blouse#LimeGreen,hard
Nathalie,the-wrap-jersey-top#PortSpot,the-stripe-pocket-tank#Stripe,random
Perrie,wildflower-shirt#White,natural-textured-poncho#Deeprain,hard
Perrie,wildflower-shirt#White,voyager-stripe-crew#Stripe,hard
Perrie,wildflower-shirt#White,lenka-lurex-stripe-blouse#NavyGoldSt,random
Fiona,the-dobby-sleeve-tee#White,natural-textured-poncho#Deeprain,hard
Fiona,the-dobby-sleeve-tee#White,wonderland-blouse#Ink,hard
Fiona,the-dobby-sleeve-tee#White,2-in-1-layered-top-1#NavyWhite,random
Sophie,belle-half-sleeve-forgiver-tunic#Apricot,side-buttoned-sweater#Buttoned,hard
Sophie,belle-half-sleeve-forgiver-tunic#Apricot,the-tie-front-top#Navy,hard
Sophie,belle-half-sleeve-forgiver-tunic#Apricot,the-drape-tee-1#White,random
Stefania,the-relaxed-long-sleeve-tee#Pink,voyager-stripe-crew#Stripe,hard
Stefania,the-relaxed-long-sleeve-tee#Pink,makeover-blouse#LimeGreen,hard
Stefania,the-relaxed-long-sleeve-tee#Pink,the-cut-out-shoulder-blouse#White,random
Mercy,belle-v-neck-forgiver-tunic#White,voyager-stripe-crew#Stripe,hard
Mercy,belle-v-neck-forgiver-tunic#White,makeover-blouse#LimeGreen,hard
Mercy,belle-v-neck-forgiver-tunic#White,lola-bell-sleeve-top-ditsy-daisies#Blue,random
Georgia,softly-swinging-bamboo-tee#Copper,voyager-stripe-crew#Stripe,hard
Georgia,softly-swinging-bamboo-tee#Copper,makeover-blouse#LimeGreen,hard
Georgia,softly-swinging-bamboo-tee#Copper,the-striped-top#BlueStripe,random
Laura,sugar-snaps-layers-tank#White,cara-tee-2#Blush,hard
Laura,sugar-snaps-layers-tank#White,cara-tee-2#WhiteBlk,hard
Laura,sugar-snaps-layers-tank#White,natural-detailed-sweater#Tinroof,random
Jess,sunshine-in-me-tee-1#GreyMarle,cara-tee-2#Blush,hard
Jess,sunshine-in-me-tee-1#GreyMarle,cara-tee-2#WhiteBlk,hard
Jess,sunshine-in-me-tee-1#GreyMarle,hydrangea-kimono#Hydrangea,random
Nathalie,on-the-open-road-maxi-shirt#DarkOchre,voyager-stripe-crew#Stripe,hard
Nathalie,on-the-open-road-maxi-shirt#DarkOchre,makeover-blouse#LimeGreen,hard
Nathalie,on-the-open-road-maxi-shirt#DarkOchre,diva-ruffle-jumper#Gold%20Spot,random
Emma,the-drape-tee-1#White,voyager-stripe-crew#Stripe,hard
Emma,the-drape-tee-1#White,makeover-blouse#LimeGreen,hard
Emma,the-drape-tee-1#White,woolly-spotted-hoodie#Navy,random
Marnee,summer-breeze-top-1#White,natural-textured-poncho#Deeprain,hard
Marnee,summer-breeze-top-1#White,voyager-stripe-crew#Stripe,hard
Marnee,summer-breeze-top-1#White,the-twist-front-top#Navy,random
Tia,the-cross-over-blouse#Silver,the-panel-luxe-top#BlkWhite,hard
Tia,the-cross-over-blouse#Silver,the-panel-luxe-top#SilvWhite,hard
Tia,the-cross-over-blouse#Silver,the-contrast-knit-1#Navy,random
Denniel,the-cross-over-blouse#RoyalBlue,natural-textured-poncho#Deeprain,hard
Denniel,the-cross-over-blouse#RoyalBlue,voyager-stripe-crew#Stripe,hard
Denniel,the-cross-over-blouse#RoyalBlue,softly-swinging-bamboo-tee#Navy,random
Georgia,flow-with-me-slouch-top#Brick,voyager-stripe-crew#Stripe,hard
Georgia,flow-with-me-slouch-top#Brick,makeover-blouse#LimeGreen,hard
Georgia,flow-with-me-slouch-top#Brick,fundamental-split-hoodie#Pink,random
Gemma,billow-top#Peach,voyager-stripe-crew#Stripe,hard
Gemma,billow-top#Peach,makeover-blouse#LimeGreen,hard
Gemma,billow-top#Peach,belle-v-neck-forgiver-tunic#DenimMarl,random
Miranda,the-boat-neck-top#Navy,voyager-stripe-crew#Stripe,hard
Miranda,the-boat-neck-top#Navy,makeover-blouse#LimeGreen,hard
Miranda,the-boat-neck-top#Navy,the-cut-out-shoulder-blouse#Salmon,random
Stefania,the-high-low-drape-tee#Sage,voyager-stripe-crew#Stripe,hard
Stefania,the-high-low-drape-tee#Sage,makeover-blouse#LimeGreen,hard
Stefania,the-high-low-drape-tee#Sage,patchwork-tunic#Patchwork,random
Mae-Lee,the-cotton-bamboo-tee#DuckEgg,side-buttoned-sweater#Buttoned,hard
Mae-Lee,the-cotton-bamboo-tee#DuckEgg,voyager-stripe-crew#Stripe,hard
Mae-Lee,the-cotton-bamboo-tee#DuckEgg,selma-top-1#IndoStripe,random
Georgia,wrap-me-up-bamboo-top#BlueJeans,voyager-stripe-crew#Stripe,hard
Georgia,wrap-me-up-bamboo-top#BlueJeans,makeover-blouse#LimeGreen,hard
Georgia,wrap-me-up-bamboo-top#BlueJeans,belle-handkerchief-printed-cami#RustFlwrs,random
Laura,falling-for-you-cardi#Dusty,cara-tee-2#Blush,hard
Laura,falling-for-you-cardi#Dusty,cara-tee-2#WhiteBlk,hard
Laura,falling-for-you-cardi#Dusty,reversible-scoopv-neck-tank#White,random
Amanda,the-colour-block-pullover#Sage,natural-textured-poncho#Deeprain,hard
Amanda,the-colour-block-pullover#Sage,voyager-stripe-crew#Stripe,hard
Amanda,the-colour-block-pullover#Sage,monaco-sweater#BlackCream,random
Natalie,the-batwing-tee#Black,natural-textured-poncho#Deeprain,hard
Natalie,the-batwing-tee#Black,voyager-stripe-crew#Stripe,hard
Natalie,the-batwing-tee#Black,reversible-scoopv-neck-tank#Navy,random
Jess,tracie-top#Black,cara-tee-2#Blush,hard
Jess,tracie-top#Black,cara-tee-2#WhiteBlk,hard
Jess,tracie-top#Black,fundamental-sydney-crew#GreyMarle,random
Jess,belle-handkerchief-printed-cami#RustFlwrs,cara-tee-2#Blush,hard
Jess,belle-handkerchief-printed-cami#RustFlwrs,cara-tee-2#WhiteBlk,hard
Jess,belle-handkerchief-printed-cami#RustFlwrs,fundamental-vee-tee#GreyMarle,random
Stacey,the-cotton-cardi#Navy,makeover-blouse#LimeGreen,hard
Stacey,the-cotton-cardi#Navy,cara-tee-2#Blush,hard
Stacey,the-cotton-cardi#Navy,print-tee-3#Bike,random
Summer,side-buttoned-sweater#Buttoned,voyager-stripe-crew#Stripe,hard
Summer,side-buttoned-sweater#Buttoned,natural-textured-poncho#Deeprain,hard
Summer,side-buttoned-sweater#Buttoned,falling-for-you-cardi#Dusty,random
Riina,the-tie-layering-knit#Grey,voyager-stripe-crew#Stripe,hard
Riina,the-tie-layering-knit#Grey,makeover-blouse#LimeGreen,hard
Riina,the-tie-layering-knit#Grey,the-cross-front-spot-blouse#Spot,random
Summer,fundamental-rib-long-sleeve-tee#White,voyager-stripe-crew#Stripe,hard
Summer,fundamental-rib-long-sleeve-tee#White,natural-textured-poncho#Deeprain,hard
Summer,fundamental-rib-long-sleeve-tee#White,the-contrast-knit-1#Navy,random
Stefania,the-blouson-sleeve-jumper#Navy,voyager-stripe-crew#Stripe,hard
Stefania,the-blouson-sleeve-jumper#Navy,makeover-blouse#LimeGreen,hard
Stefania,the-blouson-sleeve-jumper#Navy,on-safari-blouse#Jewel,random
Miranda,the-relax-blouse#White,voyager-stripe-crew#Stripe,hard
Miranda,the-relax-blouse#White,makeover-blouse#LimeGreen,hard
Miranda,the-relax-blouse#White,elcos-45-aop-top-jrs#BlackZigZa,random
Georgia,on-safari-blouse#Jewel,voyager-stripe-crew#Stripe,hard
Georgia,on-safari-blouse#Jewel,makeover-blouse#LimeGreen,hard
Georgia,on-safari-blouse#Jewel,millie-top#BlackSpot,random
Jess,fern-print-top#Navy,cara-tee-2#Blush,hard
Jess,fern-print-top#Navy,cara-tee-2#WhiteBlk,hard
Jess,fern-print-top#Navy,the-relax-blouse#White,random
Tia,the-cotton-bamboo-tank#Moonbeam,the-panel-luxe-top#BlkWhite,hard
Tia,the-cotton-bamboo-tank#Moonbeam,the-panel-luxe-top#SilvWhite,hard
Tia,the-cotton-bamboo-tank#Moonbeam,under-the-stars-blouse#Petal,random
Mercy,belle-v-neck-forgiver-tunic#ArmyGreen,voyager-stripe-crew#Stripe,hard
Mercy,belle-v-neck-forgiver-tunic#ArmyGreen,makeover-blouse#LimeGreen,hard
Mercy,belle-v-neck-forgiver-tunic#ArmyGreen,paige-top#Black,random
Fiona,viola-kimono-radiant-floral#Grey,natural-textured-poncho#Deeprain,hard
Fiona,viola-kimono-radiant-floral#Grey,wonderland-blouse#Ink,hard
Fiona,viola-kimono-radiant-floral#Grey,paisley-top-1#Paisley,random
Tia,the-everyday-shirt#Pink,the-panel-luxe-top#BlkWhite,hard
Tia,the-everyday-shirt#Pink,the-panel-luxe-top#SilvWhite,hard
Tia,the-everyday-shirt#Pink,boho-embroidered-top#BohoDenim,random
Madeline,kimono-top-36#BlueMarle,voyager-stripe-crew#Stripe,hard
Madeline,kimono-top-36#BlueMarle,makeover-blouse#LimeGreen,hard
Madeline,kimono-top-36#BlueMarle,the-contrast-knit-1#Navy,random
Mae-Lee,belle-v-neck-forgiver-tunic#Black,side-buttoned-sweater#Buttoned,hard
Mae-Lee,belle-v-neck-forgiver-tunic#Black,voyager-stripe-crew#Stripe,hard
Mae-Lee,belle-v-neck-forgiver-tunic#Black,the-oversize-knit#Ink,random
Kate,the-batwing-tee#Black,natural-textured-poncho#Deeprain,hard
Kate,the-batwing-tee#Black,animal-button-up-shirt#KhakiPrint,hard
Kate,the-batwing-tee#Black,fundamental-vee-tee#Black,random
Jess,the-stripe-tank-1#Hazelnut,cara-tee-2#Blush,hard
Jess,the-stripe-tank-1#Hazelnut,cara-tee-2#WhiteBlk,hard
Jess,the-stripe-tank-1#Hazelnut,monaco-knot-top#Olive,random
Gemma,tab-sleeve-longline-shirt#Silver,voyager-stripe-crew#Stripe,hard
Gemma,tab-sleeve-longline-shirt#Silver,makeover-blouse#LimeGreen,hard
Gemma,tab-sleeve-longline-shirt#Silver,the-reverse-sleeve-sweater#Navy,random
Nadine,long-sleeve-layer-top#White,makeover-blouse#LimeGreen,hard
Nadine,long-sleeve-layer-top#White,pure-merino-fine-rib-v-neck#Charcoal,hard
Nadine,long-sleeve-layer-top#White,rama-top#Stonewash,random
Maddy,the-cut-out-shoulder-blouse#White,natural-textured-poncho#Deeprain,hard
Maddy,the-cut-out-shoulder-blouse#White,voyager-stripe-crew#Stripe,hard
Maddy,the-cut-out-shoulder-blouse#White,the-ultimate-tie-cardi#Port,random
Monique,hannah-tee-1#RedWhite,voyager-stripe-crew#Stripe,hard
Monique,hannah-tee-1#RedWhite,makeover-blouse#LimeGreen,hard
Monique,hannah-tee-1#RedWhite,cara-tee-3#ZebraPrint,random
Laura,sugar-snaps-layers-tank#SeaGreen,cara-tee-2#Blush,hard
Laura,sugar-snaps-layers-tank#SeaGreen,cara-tee-2#WhiteBlk,hard
Laura,sugar-snaps-layers-tank#SeaGreen,colourblock-cardi#NavyRed,random
Gemma,rose-shirt#BlueIllusi,voyager-stripe-crew#Stripe,hard
Gemma,rose-shirt#BlueIllusi,makeover-blouse#LimeGreen,hard
Gemma,rose-shirt#BlueIllusi,manhattan-stretch-tee#NavyWhtStr,random
Lauren,the-contrast-knit-1#Navy,side-buttoned-sweater#Buttoned,hard
Lauren,the-contrast-knit-1#Navy,voyager-stripe-crew#Stripe,hard
Lauren,the-contrast-knit-1#Navy,oregon-safari-embroidered-top#White,random
Laura,the-cross-over-blouse#Black,cara-tee-2#Blush,hard
Laura,the-cross-over-blouse#Black,cara-tee-2#WhiteBlk,hard
Laura,the-cross-over-blouse#Black,the-longline-cardi-1#GreyMarle,random
Shadae,fundamental-split-hoodie#Pink,voyager-stripe-crew#Stripe,hard
Shadae,fundamental-split-hoodie#Pink,makeover-blouse#LimeGreen,hard
Shadae,fundamental-split-hoodie#Pink,geneva-v-neck-top#ClaySpot,random
Jess,hem-frill-stripe-top#Frilled,cara-tee-2#Blush,hard
Jess,hem-frill-stripe-top#Frilled,cara-tee-2#WhiteBlk,hard
Jess,hem-frill-stripe-top#Frilled,wellington-tee#ClaySpot,random
Stefania,roll-with-me-jumper#Chalk,voyager-stripe-crew#Stripe,hard
Stefania,roll-with-me-jumper#Chalk,makeover-blouse#LimeGreen,hard
Stefania,roll-with-me-jumper#Chalk,daylight-cardi#Silver,random
Jess,the-sleeveless-cross-over-blouse#Cobalt,cara-tee-2#Blush,hard
Jess,the-sleeveless-cross-over-blouse#Cobalt,cara-tee-2#WhiteBlk,hard
Jess,the-sleeveless-cross-over-blouse#Cobalt,moonlight-kisses-bamboo-tee#White,random
Nadine,runaway-top#JetBlack,makeover-blouse#LimeGreen,hard
Nadine,runaway-top#JetBlack,pure-merino-fine-rib-v-neck#Charcoal,hard
Nadine,runaway-top#JetBlack,moonlight-kisses-bamboo-tee#Black,random
Mae-Lee,the-drape-tee-1#Navy,side-buttoned-sweater#Buttoned,hard
Mae-Lee,the-drape-tee-1#Navy,voyager-stripe-crew#Stripe,hard
Mae-Lee,the-drape-tee-1#Navy,maui-stretch-tee#Navy,random
Denniel,the-cross-over-blouse#Red,natural-textured-poncho#Deeprain,hard
Denniel,the-cross-over-blouse#Red,voyager-stripe-crew#Stripe,hard
Denniel,the-cross-over-blouse#Red,clara-blouse#DarkFloral,random
Jude,striped-cardigan-3#Rainbow,voyager-stripe-crew#Stripe,hard
Jude,striped-cardigan-3#Rainbow,makeover-blouse#LimeGreen,hard
Jude,striped-cardigan-3#Rainbow,the-curve-striped-tank#Marine,random
Georgia,sugar-snaps-round-neck-layer-tank#White,voyager-stripe-crew#Stripe,hard
Georgia,sugar-snaps-round-neck-layer-tank#White,makeover-blouse#LimeGreen,hard
Georgia,sugar-snaps-round-neck-layer-tank#White,analia-top#White,random
Clementine,the-sleeveless-cross-over-blouse#Salmon,voyager-stripe-crew#Stripe,hard
Clementine,the-sleeveless-cross-over-blouse#Salmon,makeover-blouse#LimeGreen,hard
Clementine,the-sleeveless-cross-over-blouse#Salmon,ponte-spot-top#BlackWhite,random
Georgia,sugar-snaps-layers-tank#NewBeige,voyager-stripe-crew#Stripe,hard
Georgia,sugar-snaps-layers-tank#NewBeige,makeover-blouse#LimeGreen,hard
Georgia,sugar-snaps-layers-tank#NewBeige,the-open-sleeve-blouse#Berry,random
Amanda,the-soft-knit-jumper#NavyStripe,natural-textured-poncho#Deeprain,hard
Amanda,the-soft-knit-jumper#NavyStripe,voyager-stripe-crew#Stripe,hard
Amanda,the-soft-knit-jumper#NavyStripe,rose-shirt#BlueIllusi,random
Anna,the-short-sleeve-wrap-jersey-top#NavyWhite,voyager-stripe-crew#Stripe,hard
Anna,the-short-sleeve-wrap-jersey-top#NavyWhite,makeover-blouse#LimeGreen,hard
Anna,the-short-sleeve-wrap-jersey-top#NavyWhite,jordan-top#PearlBlue,random
Emma,the-bamboo-tunic-dress#Khaki,voyager-stripe-crew#Stripe,hard
Emma,the-bamboo-tunic-dress#Khaki,makeover-blouse#LimeGreen,hard
Emma,the-bamboo-tunic-dress#Khaki,pure-merino-fine-rib-v-neck#Charcoal,random
Gemma,moonlight-kisses-bamboo-tee#Saffron,voyager-stripe-crew#Stripe,hard
Gemma,moonlight-kisses-bamboo-tee#Saffron,makeover-blouse#LimeGreen,hard
Gemma,moonlight-kisses-bamboo-tee#Saffron,reversible-stripe-vee-scoop-neck-tank#BlackWhite,random
Sophia,sugar-snaps-throw-jacket#White,cara-tee-2#Blush,hard
Sophia,sugar-snaps-throw-jacket#White,cara-tee-2#WhiteBlk,hard
Sophia,sugar-snaps-throw-jacket#White,hem-frill-stripe-top#Frilled,random
Kate,the-batwing-tee#Sea,natural-textured-poncho#Deeprain,hard
Kate,the-batwing-tee#Sea,animal-button-up-shirt#KhakiPrint,hard
Kate,the-batwing-tee#Sea,analia-jersey-top#Navy,random
Jess,falling-for-you-cardi#Rust,cara-tee-2#Blush,hard
Jess,falling-for-you-cardi#Rust,cara-tee-2#WhiteBlk,hard
Jess,falling-for-you-cardi#Rust,the-long-sleeve-scoop-neck-tee#Navy,random
Amanda,the-tie-detail-hoody#FrenchBlue,natural-textured-poncho#Deeprain,hard
Amanda,the-tie-detail-hoody#FrenchBlue,voyager-stripe-crew#Stripe,hard
Amanda,the-tie-detail-hoody#FrenchBlue,zara-top#ZebraPrint,random
Jess,long-sleeve-ruffle-shirt#White,cara-tee-2#Blush,hard
Jess,long-sleeve-ruffle-shirt#White,cara-tee-2#WhiteBlk,hard
Jess,long-sleeve-ruffle-shirt#White,linen-v-neck-cami-2#BlueWhite,random
Tia,softly-swinging-bamboo-tee#TeaRose,the-panel-luxe-top#BlkWhite,hard
Tia,softly-swinging-bamboo-tee#TeaRose,the-panel-luxe-top#SilvWhite,hard
Tia,softly-swinging-bamboo-tee#TeaRose,cooks-shirt#Stripes,random
Jess,belle-v-neck-forgiver-tunic#Black,cara-tee-2#Blush,hard
Jess,belle-v-neck-forgiver-tunic#Black,cara-tee-2#WhiteBlk,hard
Jess,belle-v-neck-forgiver-tunic#Black,the-pirate-in-me-shirt#White,random
Jess,long-sleeve-softly-swinging-bamboo-tee#Black,cara-tee-2#Blush,hard
Jess,long-sleeve-softly-swinging-bamboo-tee#Black,cara-tee-2#WhiteBlk,hard
Jess,long-sleeve-softly-swinging-bamboo-tee#Black,adventurous-hoody#Pink,random
Fiona,falling-for-you-cardi#GreyMarle,natural-textured-poncho#Deeprain,hard
Fiona,falling-for-you-cardi#GreyMarle,wonderland-blouse#Ink,hard
Fiona,falling-for-you-cardi#GreyMarle,fundamental-rib-long-sleeve-tee#Black,random
Laura,messina-v-neck-tee#White,cara-tee-2#Blush,hard
Laura,messina-v-neck-tee#White,cara-tee-2#WhiteBlk,hard
Laura,messina-v-neck-tee#White,billow-top#Peach,random
Anna,the-sleeveless-cross-over-blouse#Mint,voyager-stripe-crew#Stripe,hard
Anna,the-sleeveless-cross-over-blouse#Mint,makeover-blouse#LimeGreen,hard
Anna,the-sleeveless-cross-over-blouse#Mint,gloria-applique-crew#Charcoal,random
Tia,sugar-snaps-layers-tank#DeepCobalt,the-panel-luxe-top#BlkWhite,hard
Tia,sugar-snaps-layers-tank#DeepCobalt,the-panel-luxe-top#SilvWhite,hard
Tia,sugar-snaps-layers-tank#DeepCobalt,falling-for-you-tunic#Black,random
Riina,the-stripe-jersey-top#Pink,voyager-stripe-crew#Stripe,hard
Riina,the-stripe-jersey-top#Pink,makeover-blouse#LimeGreen,hard
Riina,the-stripe-jersey-top#Pink,falling-for-you-tunic#Rust,random
Stacey,the-soft-knit-jumper#PinkStripe,makeover-blouse#LimeGreen,hard
Stacey,the-soft-knit-jumper#PinkStripe,cara-tee-2#Blush,hard
Stacey,the-soft-knit-jumper#PinkStripe,picnic-top#BlackWhite,random
Tia,layered-tee-2#Black,the-panel-luxe-top#BlkWhite,hard
Tia,layered-tee-2#Black,the-panel-luxe-top#SilvWhite,hard
Tia,layered-tee-2#Black,the-layered-cross-over-top#Black,random
Laura,the-on-or-off-the-shoulder-top#Pink,cara-tee-2#Blush,hard
Laura,the-on-or-off-the-shoulder-top#Pink,cara-tee-2#WhiteBlk,hard
Laura,the-on-or-off-the-shoulder-top#Pink,rosie-bell-sleeve-denim-shirt#Stripe,random
Emma,belle-v-neck-forgiver-tunic#ArmyGreen,voyager-stripe-crew#Stripe,hard
Emma,belle-v-neck-forgiver-tunic#ArmyGreen,makeover-blouse#LimeGreen,hard
Emma,belle-v-neck-forgiver-tunic#ArmyGreen,the-cross-front-spot-blouse#Spot,random
Anna,the-everyday-shirt#Black,voyager-stripe-crew#Stripe,hard
Anna,the-everyday-shirt#Black,makeover-blouse#LimeGreen,hard
Anna,the-everyday-shirt#Black,cara-tee-2#WhiteBlk,random
Laura,cross-my-heart-sweater#Regal,cara-tee-2#Blush,hard
Laura,cross-my-heart-sweater#Regal,cara-tee-2#WhiteBlk,hard
Laura,cross-my-heart-sweater#Regal,grace-oversized-knit#InkWhite,random
Tia,soho-ruffle-jumper#OatmealMar,the-panel-luxe-top#BlkWhite,hard
Tia,soho-ruffle-jumper#OatmealMar,the-panel-luxe-top#SilvWhite,hard
Tia,soho-ruffle-jumper#OatmealMar,never-ending-winter-knit-top#DeluxeGree,random
Alex,the-sleeveless-cross-over-blouse#Salmon,voyager-stripe-crew#Stripe,hard
Alex,the-sleeveless-cross-over-blouse#Salmon,makeover-blouse#LimeGreen,hard
Alex,the-sleeveless-cross-over-blouse#Salmon,milan-stretch-top#SilverMarl,random
Denniel,the-cross-over-blouse#Mint,natural-textured-poncho#Deeprain,hard
Denniel,the-cross-over-blouse#Mint,voyager-stripe-crew#Stripe,hard
Denniel,the-cross-over-blouse#Mint,the-cotton-blend-stripe-jumper#BlueStripe,random
Anna,the-relaxed-long-sleeve-tee#White,voyager-stripe-crew#Stripe,hard
Anna,the-relaxed-long-sleeve-tee#White,makeover-blouse#LimeGreen,hard
Anna,the-relaxed-long-sleeve-tee#White,the-design-fold-tunic-top#PearlBlue,random
Marnee,be-mine-top-1#Sage,natural-textured-poncho#Deeprain,hard
Marnee,be-mine-top-1#Sage,voyager-stripe-crew#Stripe,hard
Marnee,be-mine-top-1#Sage,suri-bell-sleeve-top#GreyMarle,random
Natalie,the-cross-over-blouse#Silver,natural-textured-poncho#Deeprain,hard
Natalie,the-cross-over-blouse#Silver,voyager-stripe-crew#Stripe,hard
Natalie,the-cross-over-blouse#Silver,funnel-neck-knit-jumper#BlueMulti,random
Gemma,falling-for-you-cardi#Dusty,voyager-stripe-crew#Stripe,hard
Gemma,falling-for-you-cardi#Dusty,makeover-blouse#LimeGreen,hard
Gemma,falling-for-you-cardi#Dusty,endeavor-long-sleeve-tee#Stripe,random
Fiona,cover-up-slouch-cardi#Alloy,natural-textured-poncho#Deeprain,hard
Fiona,cover-up-slouch-cardi#Alloy,wonderland-blouse#Ink,hard
Fiona,cover-up-slouch-cardi#Alloy,westward-top#BotanicalD,random
Jess,natural-classic-cardigan#Pebble,cara-tee-2#Blush,hard
Jess,natural-classic-cardigan#Pebble,cara-tee-2#WhiteBlk,hard
Jess,natural-classic-cardigan#Pebble,eco-78-long-cardigan#LightGreyM,random
Marnee,long-sleeve-softly-swinging-bamboo-tee#BlueJeans,natural-textured-poncho#Deeprain,hard
Marnee,long-sleeve-softly-swinging-bamboo-tee#BlueJeans,voyager-stripe-crew#Stripe,hard
Marnee,long-sleeve-softly-swinging-bamboo-tee#BlueJeans,wellington-tee#HeatheGrey,random
Gemma,chasing-birds-blouse#White,voyager-stripe-crew#Stripe,hard
Gemma,chasing-birds-blouse#White,makeover-blouse#LimeGreen,hard
Gemma,chasing-birds-blouse#White,the-textured-spot-top#Pink,random
Sophia,meredith-78-oversized-pullover-knit#CameoRose,cara-tee-2#Blush,hard
Sophia,meredith-78-oversized-pullover-knit#CameoRose,cara-tee-2#WhiteBlk,hard
Sophia,meredith-78-oversized-pullover-knit#CameoRose,animal-knit-1#Animal,random
Fiona,rising-mist-jumper#Nickel,natural-textured-poncho#Deeprain,hard
Fiona,rising-mist-jumper#Nickel,wonderland-blouse#Ink,hard
Fiona,rising-mist-jumper#Nickel,jersey-split-back-hooded-top#NavyStrip,random
Laura,manhattan-stretch-tee#White,cara-tee-2#Blush,hard
Laura,manhattan-stretch-tee#White,cara-tee-2#WhiteBlk,hard
Laura,manhattan-stretch-tee#White,voyager-stripe-crew#Stripe,random
Stacey,the-cotton-blend-stripe-jumper#BlueStripe,makeover-blouse#LimeGreen,hard
Stacey,the-cotton-blend-stripe-jumper#BlueStripe,cara-tee-2#Blush,hard
Stacey,the-cotton-blend-stripe-jumper#BlueStripe,placement-print-shirt#WhiteNavy,random
Mercy,belle-mid-length-knit-cardi#Black,voyager-stripe-crew#Stripe,hard
Mercy,belle-mid-length-knit-cardi#Black,makeover-blouse#LimeGreen,hard
Mercy,belle-mid-length-knit-cardi#Black,the-stitch-detail-top#SkyBlue,random
Summer,splice-knit-1#Multi,voyager-stripe-crew#Stripe,hard
Summer,splice-knit-1#Multi,natural-textured-poncho#Deeprain,hard
Summer,splice-knit-1#Multi,the-sleeveless-cross-over-blouse#Salmon,random
Jess,the-short-sleeve-wrap-jersey-top#Emerald,cara-tee-2#Blush,hard
Jess,the-short-sleeve-wrap-jersey-top#Emerald,cara-tee-2#WhiteBlk,hard
Jess,the-short-sleeve-wrap-jersey-top#Emerald,gloria-applique-crew#Charcoal,random
Natalia,messina-knit#Cognac,voyager-stripe-crew#Stripe,hard
Natalia,messina-knit#Cognac,makeover-blouse#LimeGreen,hard
Natalia,messina-knit#Cognac,belle-drape-tee#Sliver,random
Georgia,sugar-snaps-layers-tank#Mint,voyager-stripe-crew#Stripe,hard
Georgia,sugar-snaps-layers-tank#Mint,makeover-blouse#LimeGreen,hard
Georgia,sugar-snaps-layers-tank#Mint,multi-sequin-dot-stripe-top#Navy,random
Maddy,the-cotton-bamboo-tee#DuckEgg,natural-textured-poncho#Deeprain,hard
Maddy,the-cotton-bamboo-tee#DuckEgg,voyager-stripe-crew#Stripe,hard
Maddy,the-cotton-bamboo-tee#DuckEgg,longline-cardigan-2#Pink,random
Madeline,analia-top#White,voyager-stripe-crew#Stripe,hard
Madeline,analia-top#White,makeover-blouse#LimeGreen,hard
Madeline,analia-top#White,sugar-snaps-layers-tank#DuckEgg,random
Stacey,layer-me-bamboo-rouched-sleeve-tee#Black,makeover-blouse#LimeGreen,hard
Stacey,layer-me-bamboo-rouched-sleeve-tee#Black,cara-tee-2#Blush,hard
Stacey,layer-me-bamboo-rouched-sleeve-tee#Black,stripe-me-happy-blouse#Ash,random
Riina,the-relaxed-long-sleeve-tee#Pink,voyager-stripe-crew#Stripe,hard
Riina,the-relaxed-long-sleeve-tee#Pink,makeover-blouse#LimeGreen,hard
Riina,the-relaxed-long-sleeve-tee#Pink,rib-tank-2#Red,random
Mae-Lee,softly-swinging-bamboo-tee#Storm,side-buttoned-sweater#Buttoned,hard
Mae-Lee,softly-swinging-bamboo-tee#Storm,voyager-stripe-crew#Stripe,hard
Mae-Lee,softly-swinging-bamboo-tee#Storm,luxe-shirt#Navy,random
Laura,shell-top-3#PapBlue,cara-tee-2#Blush,hard
Laura,shell-top-3#PapBlue,cara-tee-2#WhiteBlk,hard
Laura,shell-top-3#PapBlue,first-love-kimono-jacket#Stone,random
Alex,the-short-sleeve-wrap-jersey-top#Blue,voyager-stripe-crew#Stripe,hard
Alex,the-short-sleeve-wrap-jersey-top#Blue,makeover-blouse#LimeGreen,hard
Alex,the-short-sleeve-wrap-jersey-top#Blue,the-shoulder-tie-top#Navy,random
Riina,the-twist-hem-jumper#DenimMarle,voyager-stripe-crew#Stripe,hard
Riina,the-twist-hem-jumper#DenimMarle,makeover-blouse#LimeGreen,hard
Riina,the-twist-hem-jumper#DenimMarle,cuddled-longline-cardigan#Sunflower,random
Alex,the-cross-over-blouse#Red,voyager-stripe-crew#Stripe,hard
Alex,the-cross-over-blouse#Red,makeover-blouse#LimeGreen,hard
Alex,the-cross-over-blouse#Red,cara-tee-4#Black,random
Jess,belle-v-neck-forgiver-tunic#Scarlett,cara-tee-2#Blush,hard
Jess,belle-v-neck-forgiver-tunic#Scarlett,cara-tee-2#WhiteBlk,hard
Jess,belle-v-neck-forgiver-tunic#Scarlett,cara-tee-4#White,random
Mae-Lee,the-cross-over-blouse#Silver,side-buttoned-sweater#Buttoned,hard
Mae-Lee,the-cross-over-blouse#Silver,voyager-stripe-crew#Stripe,hard
Mae-Lee,the-cross-over-blouse#Silver,elcos-45-aop-top-jrs#BlackZigZa,random
Ljubenka,the-half-sleeve-tee#Black,the-uneven-hem-knit-1#Sage,hard
Ljubenka,the-half-sleeve-tee#Black,natural-textured-poncho#Deeprain,hard
Ljubenka,the-half-sleeve-tee#Black,sunshine-in-me-tee-1#White,random
Sophie,falling-for-you-tunic#Black,side-buttoned-sweater#Buttoned,hard
Sophie,falling-for-you-tunic#Black,the-tie-front-top#Navy,hard
Sophie,falling-for-you-tunic#Black,contrast-pocket-tunic#Pinkpocket,random
Madeline,the-luxe-cotton-tunic#White,voyager-stripe-crew#Stripe,hard
Madeline,the-luxe-cotton-tunic#White,makeover-blouse#LimeGreen,hard
Madeline,the-luxe-cotton-tunic#White,mila-knit-cardigan#InkWhite,random
Natalia,the-zip-front-blouse#Navy,voyager-stripe-crew#Stripe,hard
Natalia,the-zip-front-blouse#Navy,makeover-blouse#LimeGreen,hard
Natalia,the-zip-front-blouse#Navy,floral-blouse-2#NavyMulti,random
Madeline,frill-blouse#Rust,voyager-stripe-crew#Stripe,hard
Madeline,frill-blouse#Rust,makeover-blouse#LimeGreen,hard
Madeline,frill-blouse#Rust,you-at-my-shoulder-tunic#Black,random
Lara,striped-cardigan-3#Rainbow,natural-textured-poncho#Deeprain,hard
Lara,striped-cardigan-3#Rainbow,voyager-stripe-crew#Stripe,hard
Lara,striped-cardigan-3#Rainbow,floral-embroidered-jumper#Navy,random
Shadae,rib-tank-2#White,voyager-stripe-crew#Stripe,hard
Shadae,rib-tank-2#White,makeover-blouse#LimeGreen,hard
Shadae,rib-tank-2#White,renee-sweater#Sapphire,random
Maddy,the-cotton-bamboo-tank#DarkNavy,natural-textured-poncho#Deeprain,hard
Maddy,the-cotton-bamboo-tank#DarkNavy,voyager-stripe-crew#Stripe,hard
Maddy,the-cotton-bamboo-tank#DarkNavy,zara-top#ZebraPrint,random
Clementine,the-soft-overlay-top#Pink,voyager-stripe-crew#Stripe,hard
Clementine,the-soft-overlay-top#Pink,makeover-blouse#LimeGreen,hard
Clementine,the-soft-overlay-top#Pink,walk-in-the-park-cardi#Sand,random
Ljubenka,belle-tier-tee#Blue,the-uneven-hem-knit-1#Sage,hard
Ljubenka,belle-tier-tee#Blue,natural-textured-poncho#Deeprain,hard
Ljubenka,belle-tier-tee#Blue,ivy-cosy-pullover#Storm,random
Lisa,the-boat-neck-top#Navy,voyager-stripe-crew#Stripe,hard
Lisa,the-boat-neck-top#Navy,makeover-blouse#LimeGreen,hard
Lisa,the-boat-neck-top#Navy,belle-flocked-tunic#Pale%20Blue,random
Sophia,longline-gather-back-shirt#Black,cara-tee-2#Blush,hard
Sophia,longline-gather-back-shirt#Black,cara-tee-2#WhiteBlk,hard
Sophia,longline-gather-back-shirt#Black,on-the-horizon-swing-top-1#Khaki,random
Clementine,the-stitch-detail-top#Pink,voyager-stripe-crew#Stripe,hard
Clementine,the-stitch-detail-top#Pink,makeover-blouse#LimeGreen,hard
Clementine,the-stitch-detail-top#Pink,reversible-stripe-vee-scoop-neck-tank#BlackWhite,random
Clementine,the-cross-over-blouse#RoyalBlue,voyager-stripe-crew#Stripe,hard
Clementine,the-cross-over-blouse#RoyalBlue,makeover-blouse#LimeGreen,hard
Clementine,the-cross-over-blouse#RoyalBlue,mila-knit-cardigan#Black,random
Sophie,the-relaxed-long-sleeve-tee#Pink,side-buttoned-sweater#Buttoned,hard
Sophie,the-relaxed-long-sleeve-tee#Pink,the-tie-front-top#Navy,hard
Sophie,the-relaxed-long-sleeve-tee#Pink,endeavor-long-sleeve-tee#Stripe,random
Jess,natural-cosy-sweater#Rosered,cara-tee-2#Blush,hard
Jess,natural-cosy-sweater#Rosered,cara-tee-2#WhiteBlk,hard
Jess,natural-cosy-sweater#Rosered,the-relaxed-batwing-top#PeachRose,random
Georgia,falling-for-you-cardi#Black,voyager-stripe-crew#Stripe,hard
Georgia,falling-for-you-cardi#Black,makeover-blouse#LimeGreen,hard
Georgia,falling-for-you-cardi#Black,cuddled-longline-cardigan#Sunflower,random
Laura,tie-back-bell-sleeve-top-5#Summerbud,cara-tee-2#Blush,hard
Laura,tie-back-bell-sleeve-top-5#Summerbud,cara-tee-2#WhiteBlk,hard
Laura,tie-back-bell-sleeve-top-5#Summerbud,the-cascade-blouse#Auburn,random
Mae-Lee,panelled-stripe-top#NavyWhite,side-buttoned-sweater#Buttoned,hard
Mae-Lee,panelled-stripe-top#NavyWhite,voyager-stripe-crew#Stripe,hard
Mae-Lee,panelled-stripe-top#NavyWhite,sunshine-in-me-tee-1#GreyMarle,random
Fiona,the-longline-waterfall-cardi#Black,natural-textured-poncho#Deeprain,hard
Fiona,the-longline-waterfall-cardi#Black,wonderland-blouse#Ink,hard
Fiona,the-longline-waterfall-cardi#Black,freya-fringe-blouse#Navy,random
Jess,the-layered-cross-over-top#Black,cara-tee-2#Blush,hard
Jess,the-layered-cross-over-top#Black,cara-tee-2#WhiteBlk,hard
Jess,the-layered-cross-over-top#Black,jersey-split-back-hooded-top#NavyStrip,random
Perrie,laurina-stripe-pullover#NightSky,natural-textured-poncho#Deeprain,hard
Perrie,laurina-stripe-pullover#NightSky,voyager-stripe-crew#Stripe,hard
Perrie,laurina-stripe-pullover#NightSky,the-cross-over-blouse#Sunshine,random
Sophie,summer-breeze-top-1#White,side-buttoned-sweater#Buttoned,hard
Sophie,summer-breeze-top-1#White,the-tie-front-top#Navy,hard
Sophie,summer-breeze-top-1#White,on-the-open-road-maxi-shirt#DarkOchre,random
Sophie,belle-half-sleeve-forgiver-tunic#MutedClay,side-buttoned-sweater#Buttoned,hard
Sophie,belle-half-sleeve-forgiver-tunic#MutedClay,the-tie-front-top#Navy,hard
Sophie,belle-half-sleeve-forgiver-tunic#MutedClay,sequin-spot-cardi#Grey,random
Sophia,triangle-detail-long-sleeve-tee#Navy,cara-tee-2#Blush,hard
Sophia,triangle-detail-long-sleeve-tee#Navy,cara-tee-2#WhiteBlk,hard
Sophia,triangle-detail-long-sleeve-tee#Navy,pocket-shirt-1#Ivory,random
Marnee,falling-flowers-blouse#DustyPink,natural-textured-poncho#Deeprain,hard
Marnee,falling-flowers-blouse#DustyPink,voyager-stripe-crew#Stripe,hard
Marnee,falling-flowers-blouse#DustyPink,crosses-jumper#xmyheart,random
Fiona,long-sleeve-ruffle-shirt#Navy,natural-textured-poncho#Deeprain,hard
Fiona,long-sleeve-ruffle-shirt#Navy,wonderland-blouse#Ink,hard
Fiona,long-sleeve-ruffle-shirt#Navy,capri-tank-3#Black,random
